isin,er_mean,er_sd,er_p05,er_p50,er_p95,prob_pos
US67066G1040,0.41139358049231967,0.09000852012587451,0.2706559759387044,0.40809431565432597,0.5655858106224217,1.0
NO0013647693,0.3333360912403815,0.5327160754309089,-0.32893127936591127,0.2423957502919003,1.314961762039335,0.7323125
CA87261Y1060,1.096100350174513,0.44787312668980556,0.465177871663015,1.0457680108444465,1.896117450932164,0.99925
US56400P7069,0.430621393873952,0.2859209414042428,0.01824610789292382,0.40368971823547306,0.926345998365659,0.958
US0378331005,0.043436966448308884,0.06976240927943793,-0.06604075650211708,0.041055336872091265,0.16080933713179174,0.741875
GB00BZ1BLL44,1.3186372668872453,1.5627121962848927,-0.2046384456654581,0.9612392158729538,3.930502897669635,0.8971875
US02079K3059,0.3394930261470902,0.0772938362600396,0.21522838144147374,0.33809286267161953,0.46928992841439315,1.0
DE000A40ZTT8,0.26270489821764126,0.5154535835317943,-0.36642342098129344,0.16913485923268912,1.222262812347991,0.6766875
FR001400NLM4,0.30079833238297154,0.213608804687992,-0.009590192408289911,0.2833629336654626,0.6742774568386428,0.9436875
DE000PAH0038,0.26932257279663085,0.17857115490662068,0.0014317270205203105,0.25579041993440677,0.5807517651004763,0.951
US5949181045,0.5174218571511301,0.09543164026181038,0.36591283998602925,0.5149022812241638,0.6780550626063453,0.999875
GB00BNG73286,0.8146405408985251,0.4399419307202048,0.20457241046248215,0.7650088615035421,1.5757608584715475,0.9905
US0231351067,0.4176260094675619,0.07736599720544238,0.2960690878115742,0.4152971850993312,0.5482934460816492,1.0
FR001400PFU4,0.2816259991618849,0.19338129384503017,-0.008403469371840378,0.26888889413479133,0.6206099576853986,0.94325
US0235861004,0.061245344704633185,0.27174009937752325,-0.3188222967094712,0.030250330501222524,0.543147645384065,0.552
GB00BF188X60,0.7440953719364265,0.711902825185187,-0.12326109568042735,0.6267011912342667,1.9977804888414399,0.9063125
US11135F1012,0.450232033163369,0.09997624201116757,0.29622863057002424,0.4455921899265354,0.6187355650428269,0.9999375
US84615Q1031,0.43636168370276596,0.2588277009423818,0.05408238935408081,0.414379476438329,0.8945102228425792,0.9716875
US30303M1027,0.5123761260927616,0.08718289411459668,0.3756514159968705,0.5102808163112987,0.6542903291332546,1.0
IT0005600249,0.5267257448774121,0.6169467472016879,-0.23194877050110066,0.4192444137380402,1.6480842143463545,0.8409375
NL0013995087,0.24062064083126955,0.20642057415741413,-0.062139869936757006,0.22468755867962953,0.598190510743574,0.9001875
IT0005541336,0.3471858066845727,0.13473191605166657,0.14114397677799354,0.33965109721185216,0.5777660481327821,0.9968125
US88160R1014,0.24351782657254575,0.10355700706197661,0.08235791965589169,0.2394767735978166,0.41334641884629075,0.9914375
FR0011341205,0.4367503525182032,0.30905016385989864,0.0033854967667330343,0.4030249179134431,0.9826456079321539,0.95125
CH1134239669,0.5098233816990108,0.16747529432103925,0.2555772759553201,0.49960231033477115,0.7991431676972892,0.9993125
FR0014003T71,0.4308142413815349,0.4014115301135135,-0.10997036474828066,0.3799934782995101,1.1595945360732929,0.8913125
US5324571083,0.03130849976840286,0.08727516769326385,-0.1039129927185187,0.0275053356955516,0.1807971755107945,0.63575
GG00BQ0H1P47,0.16881301582642894,0.4634942088289988,-0.41432960559602355,0.09071260171147325,1.0146540299739628,0.597125
US5951121038,0.2535483379350015,0.10681783145300164,0.08817172240314632,0.24944108205196563,0.4340497617476046,0.9933125
IT0005573818,0.1833463567972035,0.46728060931854615,-0.4086317018302322,0.10920553389725222,1.0330006312509936,0.611625
US30260D1037,0.5892335339428134,0.277411554224387,0.18805252327509425,0.5696393921622851,1.0636811947160705,0.9938125
US8361001071,0.9926192430951428,0.41884339691098993,0.39175174012933844,0.9527817414003711,1.7342089014415945,0.9984375
US9311421039,0.3061060968490453,0.0863934469784121,0.169971773447532,0.30304664056707703,0.4524916715426221,0.9995625
HRADRSRA0007,-0.02745376849343912,0.3983226374936497,-0.5243210225462429,-0.09564063776581455,0.7021887690393447,0.387875
IT0003865570,0.5740237702571999,0.3142918683017081,0.11310011063886992,0.5439461662231527,1.1359706198417148,0.98175
US0079031078,0.25375757106356595,0.09027082228921954,0.11355520518602755,0.2510217982911847,0.4063651668643771,0.9970625
GB0004339189,0.44069084778974627,0.5792870947360085,-0.27490478558412074,0.3424314091322397,1.4864963783623566,0.7955
FR0000053225,0.06476166035136219,0.18708409985491906,-0.20592353836341626,0.04685262779715467,0.4028204980214476,0.615375
FI4000517966,0.12797507608398923,0.29136780949899954,-0.24855139504778048,0.09581426248799772,0.6058614037506046,0.67075
US30233Q1085,0.04340103417919614,0.09236047550402988,-0.10222852644992975,0.04055555177241979,0.20126551179985971,0.683375
GB00B3FLWH99,0.2694270140441712,0.21081093186204505,-0.04265749986269031,0.2534117393038247,0.6311293419621953,0.92325
FR0000120859,0.27077643858903455,0.2337835683943594,-0.07342916594343783,0.2519141612795872,0.6749602720382211,0.8979375
US4781601046,0.10396327680592984,0.09852363937581322,-0.048766637927078686,0.0990513677708992,0.2728577856768737,0.86825
US4581401001,0.3077701386571266,0.1033715881422388,0.14492501244423128,0.3041031414887495,0.48013209006738244,0.9985625
BE0974363955,1.0224294448616267,1.188728347802016,-0.21422969774654566,0.7713422268248729,3.0501655349356347,0.8829375
US86881A1007,0.41714090226950806,0.19323974902465113,0.1296288436468388,0.40338770914923033,0.7544746407740365,0.992375
IT0005283640,0.1877153418458203,0.4953693274950097,-0.4088666508951806,0.10298588680243367,1.0518254726384255,0.61125
US00287Y1091,0.05394936214304547,0.08433509650980525,-0.07891731413433722,0.05019541793374894,0.19726568576904627,0.7496875
FR0000064446,0.3532961182707708,0.5447918119781587,-0.3211355301506711,0.2594984508413418,1.3293268128233933,0.7449375
LU2333563281,0.19387137413577124,0.23151293899303768,-0.1372593284459089,0.17014729371831405,0.604061304649279,0.8126875
US17275R1023,0.11344031412530298,0.10246870210214484,-0.044592487256374415,0.1080563011190343,0.28753192956487805,0.882
BE0974258874,0.12976152044845585,0.22588169349936263,-0.174025041387439,0.10824218833714033,0.49494534992643274,0.732
IT0005329815,0.12478012824463705,0.22702938303763562,-0.20923892462498062,0.10392071635458887,0.5238375704024306,0.704625
US0382221051,0.29266435409716285,0.10367356889605611,0.1309670000795435,0.288939246593091,0.46720687322672977,0.9976875
CH0100837282,0.5305534481330157,0.2712446246403116,0.126265642565661,0.5100952324805271,1.000426907621581,0.9848125
US0420682058,0.23416248251198488,0.1120294907808915,0.0610258154869684,0.22910831737665444,0.42717802864170124,0.9839375
US22160K1051,0.23724163088281747,0.089193887637694,0.0965630590145444,0.2345004503710077,0.3907160218077379,0.9966875
DE0005498901,0.7392202888106881,0.716639260439321,-0.12038627885882358,0.6205968534558264,1.9749331088449227,0.906125
DE0005772206,0.4981636850151972,0.24008089454823867,0.14032031707044912,0.479919814506083,0.9168770612786024,0.9888125
US1491231015,0.16714471920316368,0.10216200206619801,0.007173452039678534,0.16281029462200552,0.3409543208251642,0.9573125
DE0007257503,-0.012280426053778895,0.24144685629345816,-0.33055440388500884,-0.03515902262816198,0.37917526683885905,0.428
AT0000837307,0.12354148744149418,0.2703367035207288,-0.24816438135818952,0.09118417388972232,0.5933806117364161,0.6599375
US1667641005,0.11898888067528583,0.09515697027673678,-0.03278031729954132,0.11524605641470564,0.2794428868772706,0.905875
FI0009010862,0.36687324611969246,0.4120329341475554,-0.18345396680509488,0.3055759673443657,1.1158305450752457,0.836875
US80004C2008,-0.11087944567160585,0.11593520106099856,-0.28612835117918745,-0.11776668651726913,0.08786389449721,0.1525625
US5128073062,0.4147960792214959,0.11962066285512976,0.2307806719909548,0.4091424798957649,0.6157515279363063,0.9994375
DE0006968001,0.6726063411617437,0.6692451465212287,-0.1571350846295959,0.5556605133790874,1.90748277143625,0.889375
CH0363463438,0.35083847023756437,0.315152901929704,-0.09879899210336687,0.3199095476622749,0.9044734524265188,0.8920625
US3696043013,0.10692047192682032,0.10017191152748435,-0.0487672219762657,0.10219288677560258,0.27780229844704263,0.872125
GB00B63QSB39,0.2021882445684155,0.14016809931719978,-0.010534136862675627,0.19396618973328833,0.4463401989727726,0.941
FR0011049824,1.0540329663101464,0.668112932494984,0.19072606159920397,0.9559441265965076,2.245884962155071,0.9820625
US1912161007,0.13496166816324523,0.09621721429183713,-0.01564019378507282,0.1302517967971781,0.2989380165485728,0.9309375
US7427181091,0.192974604255971,0.10203978279532473,0.034820535938882,0.18977552102397222,0.3635997612027815,0.9770625
ES0105836003,0.5355160211824518,0.6192044854621124,-0.2247658314802523,0.42495020002633854,1.6658683853272096,0.8375
US4370761029,0.2392647677242719,0.09395236390610082,0.09361910288664697,0.2353275643872366,0.3978814638687357,0.9966875
GB0008976119,0.6181346377961285,1.1532725718722034,-0.20507314670955645,0.48146202669655747,1.7921299407692197,0.86475
KYG4672N1198,1.0482354377095018,0.49816003331502673,0.35553122943468607,0.9911054281794649,1.919153680026276,0.9970625
US68389X1054,0.8403355846802498,0.16456929918298766,0.5853161881528837,0.8350621095211234,1.116782792212702,1.0
US58933Y1055,0.13477308825003576,0.0938046897294257,-0.011725903973360157,0.13050593288799134,0.29483987622190605,0.935125
SE0000135485,0.7881425271342082,0.625380674581574,-0.010987417518166228,0.6970441407585778,1.8811352389267906,0.9475
US85423L1035,0.21920657892817763,0.1399526141773414,0.004319360040474862,0.21192759016665924,0.45533028939086917,0.95325
US7181721090,0.0884930073755861,0.11824735067244663,-0.09228294283300063,0.08211707181237443,0.29275334002781456,0.7848125
US09175A2069,1.2774434577417995,0.727419595541637,0.32188933696743216,1.1691199393345593,2.5960465759558757,0.99125
CA2499061083,0.5261854798666923,0.6078485736893676,-0.23445141795868893,0.4298743841918037,1.6239414883225405,0.836375
FR0010722819,0.05654113443439906,0.4338711362358585,-0.4768735392389741,-0.017982470213094928,0.8463086970402997,0.47925
US69608A1088,0.3876326338091786,0.13778664116427142,0.1748474454894161,0.38093298999815717,0.6239134868760847,0.9979375
IT0005531261,0.31315943545494623,0.43262994314026737,-0.2511606349292102,0.24947157671338,1.0754971960763502,0.7825
US1468691027,0.4123429947236703,0.14145066637394402,0.19636042639660253,0.4038025838202295,0.656608226411342,0.999125
IT0005521247,0.22956561635450456,0.3640182211784358,-0.256394093074631,0.1793991000815039,0.8687707233118752,0.7335
US64110L1061,0.5131290381215898,0.1069084634236027,0.3428632791353522,0.509240915985508,0.6927287024638555,1.0
US0017441017,-0.04667817245290144,0.16269519489404874,-0.2849140271758921,-0.05917253709530912,0.2345516566986108,0.346
US75513E1010,0.05546935746378388,0.09413021469173047,-0.09058503173260599,0.05208927250655431,0.212777476169689,0.7285
AU0000424897,0.5786866318694792,0.6457155758618851,-0.21096512001674958,0.4639964520121049,1.7591611396650786,0.8515625
US24703L2025,0.015541706024751464,0.09293517141718795,-0.12985720298411446,0.011629176163797939,0.17320286510360886,0.5588125
US4824801009,0.26385623056563484,0.11159630501360424,0.09095885904861913,0.25875693069416117,0.45195599069332176,0.9933125
GB00B1L5QH97,0.4772241888381296,0.32382160735965654,0.007286945501003546,0.4457696047099406,1.0576972763322412,0.9531875
US17253J1060,0.8058284535764068,0.2566794229547156,0.4182450475332824,0.7879460680487251,1.2484038129447979,0.9996875
US6974351057,-0.028025555929553525,0.06154139485998938,-0.12666662373830137,-0.029771553563973575,0.07631817119550208,0.3006875
US21044C1071,0.46248912117083124,0.23826220368594578,0.11303590498242823,0.44126004230419846,0.884373944275998,0.988625
DE000A289V03,0.5245053122717819,0.6059398920671906,-0.23340098177824276,0.42151922108250695,1.6155566451022887,0.8379375
US01609W1027,0.5507519271734713,0.11496515467336824,0.3705217734001332,0.5466818214796221,0.7473776445870921,1.0
US8825081040,0.1799182632889732,0.09422140197222904,0.031077849371487748,0.17582680208445828,0.3395209590432369,0.9779375
GB00BNNTLN49,0.2295973755913172,0.14403884121833999,0.010151273196330086,0.2197353332048328,0.4792336733767243,0.9565625
GB00B0BRN552,1.224045576903078,0.6999824702644568,0.2992275425633832,1.1226889096953816,2.4836708675860075,0.9925625
IE000S9YS762,0.18685054048908792,0.10172218138817571,0.02935205479298048,0.1815000752778211,0.3639277138421418,0.9738125
US0404132054,0.30460356647250847,0.10378639910747413,0.1403030744295508,0.3006358431182312,0.4830055031011208,0.9985
US0311621009,0.0789352832149287,0.08804151193016668,-0.05946259379977966,0.07648113584727684,0.22896622503290037,0.8283125
DE000A2YNT30,0.3160515794180848,0.2051293490075187,0.014347983688420215,0.300550534922407,0.6715454452890675,0.9579375
BMG93A5A1010,0.1516358559812477,0.11002528831861874,-0.02033154752455697,0.14630613579967292,0.3395422900131069,0.9253125
US4592001014,0.27750065494615184,0.11716312832066932,0.09502286966350428,0.2724454100317478,0.4778888590612701,0.9931875
BE0003874915,0.4181611724180114,0.22962308295864967,0.07468023936151988,0.40238398625100835,0.8229384838737619,0.977875
US72703X1063,0.9677496021985152,0.3507169324116663,0.45815438550263254,0.9351754434648308,1.5858031938821524,0.9991875
US92343V1044,0.09459153745512446,0.09872474522485895,-0.0584347783564319,0.08911859165294454,0.2619029501135895,0.8491875
IE00BKVD2N49,0.37100185825428056,0.13595806143805603,0.1602031492568356,0.36512483804771917,0.6021369926134111,0.9971875
US5801351017,0.2799579890866479,0.09824086676132096,0.12787572394725935,0.2757178181532788,0.4467377141435499,0.9978125
GB00BVV2KN49,0.7394026466363148,0.7582727396178244,-0.07184147233161339,0.6305010998797563,1.9101423625136829,0.927
PLCLNPH00015,0.11044511333861415,0.22409871099094544,-0.21450732357517616,0.08947662155966901,0.5083874916267751,0.678875
US0320951017,0.285296527830883,0.12763927220892965,0.09257234820491414,0.27801895238719465,0.5012462591044222,0.9920625
US65339F1012,0.1585633478465752,0.11355318367213944,-0.016414261251170244,0.1536990988719894,0.34981865547344887,0.9310625
DE000A161408,0.5117909433796034,0.27491244635429524,0.11231713530807445,0.48474774557246986,0.997006799276162,0.9845625
RO7066ZEA1R9,-0.1600395588604449,0.26691289047556505,-0.5067632377701603,-0.1977659694933664,0.3155700220186378,0.215625
US22788C1053,0.0035071839091020043,0.06589039344455473,-0.10047340740515073,0.001729745909851351,0.11424123657052745,0.51
IE0001827041,0.38931317746860666,0.12874850767966206,0.18871802547260158,0.3839011493213401,0.6090409464124221,0.9990625
US45257U1088,0.5312173805666568,0.18735192526292557,0.24601340638013225,0.5189698880495364,0.855331627327684,0.999
US7134481081,0.15756535074891911,0.10456475123620812,-0.003299281751082199,0.15310295123430664,0.333570610626415,0.9466875
DE0005313506,0.8820899167487412,0.6066243979344672,0.08459069916265814,0.7983835304643976,1.971777336472736,0.9685
GB00BG12Y042,0.17749589392320514,0.22476995302019093,-0.1547406885682227,0.15953604480904163,0.5675024391825234,0.7940625
US9078181081,0.07765781616663212,0.09152003629236227,-0.06732327528269397,0.0735215101486423,0.23095993914899926,0.81475
DE0005759807,0.4109149260490832,0.34724946175017135,-0.06264076947607815,0.3687534675395254,1.0270414807351738,0.9159375
FR0004065605,0.3606377233022993,0.1883996849918381,0.07364245481922047,0.3493284894928087,0.6868735473918618,0.98075
US0326541051,0.32741100408156093,0.10126016405302503,0.16999343174283948,0.3239055351686209,0.49832135141119416,0.99925
US0028241000,0.2297395512327765,0.1042688049422352,0.0677189761078016,0.22427516905357825,0.40612438856112165,0.990625
SE0029278985,1.3457347855829458,0.6566396329739913,0.45454860787378587,1.2546306152319378,2.5577020286362218,0.9969375
US9581021055,0.49985449139903726,0.15016692222054315,0.2655088259873756,0.49233470305624605,0.7541463352880539,0.999875
GB00BV9FP302,0.1275329879089473,0.15441410912927248,-0.08874906254873394,0.1166519731915143,0.3749586345615324,0.8255
US44812J1043,0.4533513377175327,0.1902548588102087,0.16460583755562536,0.44201175107337515,0.778656143835951,0.9955
US7475251036,0.16909626105958148,0.10491027522381306,0.00689266698584137,0.16506389010179245,0.3451372246414339,0.9569375
GB00BG1THS43,0.7633414752796259,0.4575358426179193,0.1348899925222905,0.7068467419546057,1.578778354083766,0.9825625
FR0013227113,0.3237341055812676,0.17126475759315873,0.06720302953187508,0.3132509012532655,0.6229131851436512,0.9814375
US8725401090,0.2596685904700116,0.12114916267475233,0.07192968897379665,0.25444281563598836,0.4663736527507944,0.988375
FR0013269123,0.23617207396863032,0.18971754425603435,-0.04834024137632621,0.22085223500711945,0.5692155242015905,0.9130625
CA36270K1021,0.4953611387192119,0.1957909564578068,0.1997881815414735,0.4823351744374341,0.8360359838815941,0.998125
US5738741041,0.3749585486440419,0.1080701491320332,0.20662913127784613,0.3703553413573921,0.5614736186604292,0.9996875
GB00B1CKQ739,0.28133638648771214,0.1573506118848376,0.04540955961690291,0.2710525834738876,0.5549929315798778,0.9749375
US67079K1007,0.7523585291947098,0.2925758834799858,0.3193444880401931,0.7287117194743662,1.2605337499169045,0.99875
US0970231058,0.3255146279850516,0.10853837522637738,0.15644761405491572,0.3209456893033236,0.5112571463945865,0.999125
US00108J1097,0.3299344821093033,0.2740521869228227,-0.0614739514667456,0.3011760172968485,0.8153225167664429,0.9134375
US2546871060,0.42530926156095283,0.11281669659278881,0.24899045385004515,0.4206753170908283,0.6180310600456271,1.0
CA03772D1015,1.6077023011106522,0.2947101361444127,1.1583371910354257,1.589571126942358,2.1220358256631204,1.0
US3755581036,0.28436350855257864,0.10560571624605164,0.11818122577911586,0.2806981950171674,0.4615728158944203,0.9965
GRS204003008,0.29381928326273504,0.2236329457390286,-0.03939008373243253,0.2752477430230081,0.6876472284712739,0.9278125
US3429091081,0.573334457286921,0.2246770796986788,0.24234707362385596,0.5555217509349949,0.9576327181700933,0.9978125
IE00B8KQN827,0.24496094460207252,0.1257914977404821,0.07626210525817323,0.23985118088349122,0.42696405284093997,0.9918125
IT0005274094,0.29648957305049534,0.2933506140340067,-0.12461455703832212,0.26484921713296716,0.8156066295672537,0.86725
GB00BZC0LC10,0.5913651701077073,0.43873112095150313,-0.005435124177116359,0.5328824607997824,1.3780876830018247,0.9475625
US84265V1052,-0.022182834452317394,0.10615723981619654,-0.18560870657567366,-0.0285380022011017,0.15933618898116203,0.3865625
US72352L1061,0.31184032485657,0.10206205960110412,0.15306341631689743,0.3084608725629022,0.4843005199787296,0.9980625
US20825C1045,0.19446290668184793,0.10181608495044056,0.03612128857252649,0.18966568273876927,0.36705755582082517,0.978
US09857L1089,0.31310201845309255,0.09495437048918957,0.16576223238462653,0.3102537238502866,0.4712529235390852,0.99925
US1266501006,0.0628141463225695,0.0891085553204651,-0.077773210468093,0.05938082191968824,0.21510944372045848,0.7670625
GB0002318888,0.2471352206224615,0.15615181274401896,0.010719963633567616,0.2379509893763106,0.5172374565302499,0.95775
US26152H3012,0.6602418230603789,0.6674084333855634,-0.14533943093214235,0.5469774765164042,1.857501556820462,0.8906875
US5398301094,0.0212018032212945,0.09749521532648965,-0.12698517103634363,0.015378602237579874,0.19077726810146134,0.568875
US0109111056,0.38239490074870913,0.2626504779723291,-0.003212622543853938,0.3580844723747423,0.8481680884068897,0.948875
US2441991054,0.07688455779314797,0.09672379900907806,-0.07415038573250853,0.07337661255294389,0.24206229347382419,0.795625
JE00BWK75100,0.2078079160190138,0.16183106106377415,-0.04111231623015957,0.19808136303221976,0.4862968282276775,0.917125
US00206R1023,0.2524468553140907,0.11687929707805107,0.06798368226247686,0.24719491822733425,0.4520571400519555,0.9891875
US55287L1017,0.0654987420841392,0.15410047772461802,-0.1661521634647775,0.054379273503194964,0.33178338301011945,0.65725
US7170811035,0.23330026141474966,0.10468962820844542,0.07026605318799874,0.22909381920857608,0.41084556103422754,0.9885
PLTLKPL00017,0.03213577598028761,0.16165148075256836,-0.20672946782127474,0.020157426919199292,0.31157673110173884,0.55825
US65345N1063,1.3417747543453635,1.3099055866421592,0.06259996437831504,1.129775610896495,3.2472142356869904,0.9615
GB0004762810,0.26003493796623656,0.2278637643412783,-0.06367912972194029,0.24156133630748142,0.6338698435837676,0.9024375
ES0105251005,0.37133008399285256,0.21833929801502427,0.04862858086148973,0.3547373573725623,0.7477276627136872,0.9698125
US2358511028,0.2912966401397508,0.11549073533930782,0.11409863255079332,0.2857775546091894,0.48910820859168086,0.995625
US45826H1095,0.2651388919203142,0.16982945141372063,0.008631675787235091,0.25436788121480647,0.5601539484681173,0.956
US0554771032,0.38434865415541025,0.19565320346727483,0.08869588027311724,0.3718052751714993,0.7201347814771268,0.9823125
ES0129743318,0.22696089201801142,0.33217735941350474,-0.22355608101637595,0.18555827106903275,0.8205597743888337,0.761125
US79466L3024,0.4884887797837681,0.1059064530544904,0.32229464634601046,0.48504713839674707,0.6688326877827707,1.0
US1101221083,0.06672055465364518,0.09424928192312153,-0.08089131485441983,0.06318047880598655,0.229296720035325,0.7709375
GB0033147751,0.42922978121232647,0.25597807241542403,0.054979431786906854,0.40420104529495726,0.8800611952019926,0.9728125
NO0003058109,0.2729057360423425,0.5124854639230777,-0.3623308685498166,0.18281608982006237,1.2017652392951594,0.6898125
US8636671013,0.3273424520167911,0.11462659541073207,0.15181858542565663,0.32218897591036166,0.5233203753337051,0.9985
FI4000595756,0.3077030151958211,0.32831058926041984,-0.14855233822469233,0.2714338313214218,0.8875465630379876,0.8496875
US2193501051,0.5228103977748463,0.17765404891015446,0.24833716863459213,0.5139671233442812,0.8210469263978392,0.999625
CA29250N1050,0.003456852390932583,0.08774845361485763,-0.1338536944113695,-0.00013648426566212937,0.1524492491100698,0.4995
US02209S1033,0.023391448634448926,0.1296567123634805,-0.1707858379841896,0.015375587291150352,0.24238078095521196,0.553375
GB0002090453,0.3281242569330509,0.5274201577945279,-0.34204549682577623,0.23991269945429822,1.3014993907973502,0.7253125
GB00BK71XP16,0.8720241699214487,0.7521821758794518,-0.0635659675200824,0.7446928199071932,2.2161496648693664,0.9314375
US92532F1003,0.2320410643164813,0.11065470149015565,0.0628834193801189,0.22572431201709775,0.41839037041508387,0.9866875
IT0001469995,0.5569658511712605,0.4865953078797971,-0.08497881425773435,0.48610914097796276,1.4186843297532692,0.913
US12662P1084,-0.1216333035221902,0.1726511316306978,-0.3726011196647452,-0.1372084960489302,0.18523039927869606,0.206625
SE0015244520,0.9115834224084359,0.6478568949392162,0.0739078066625232,0.8130452937315255,2.0671990423926543,0.966125
CA82509L1076,0.34510570059334067,0.09084431706503109,0.20101200667133942,0.34258355961666864,0.49996290839317903,0.999875
US03831W1080,0.5472116209555192,0.13552689765281636,0.33805290777294744,0.5409423180657076,0.7798925555465278,0.9998125
FI4000508023,0.20185928399695424,0.4058712754644345,-0.3224836235922582,0.13992941637740142,0.9324169315252064,0.6750625
US1912411089,0.19152869392124613,0.13923222677788055,-0.022260348796614777,0.18418376213964904,0.4253926625771443,0.9293125
IT0000076536,0.05560794890518805,0.28386335196236534,-0.3315472349497827,0.02316367776799082,0.5414122587644501,0.5373125
GB00BLZH2C83,0.4566784398100061,0.4633687827176828,-0.14417995595793134,0.390290407563034,1.2930851064563327,0.8720625
US7010941042,0.16209060899469618,0.10313966209397758,0.0030847279048257744,0.1585374147537138,0.33630020197250987,0.9536875
US46120E6023,0.5370630762399726,0.13908997192906006,0.3193626481835148,0.5301284448714899,0.7750006506601707,1.0
BMG611881019,0.4398459832186614,0.21912146519851847,0.11161525932040582,0.4248093487227872,0.8210882303149104,0.988875
NO0013696799,0.4628099731003482,0.524728705939701,-0.2025170307313837,0.3783136202455112,1.4022682697707025,0.844875
US90353T1007,0.5372958457991267,0.10432527768775132,0.374011483825732,0.5337512458678112,0.7136148741806241,0.999875
NO0013325506,0.3494258400147107,0.37943780510274977,-0.17614098189373303,0.3055253875576393,1.0230621032207208,0.8394375
IL0011762130,0.45877088074086586,0.1488642087976414,0.2327390082296935,0.45112807217029754,0.7170111619365062,0.999125
GB00BKPH9R58,1.3111237683321564,0.6793702540940797,0.39128676027893067,1.218391095951906,2.5464033068880507,0.9963125
US34959E1091,-0.18828707050954416,0.061810775495452684,-0.28402726071096096,-0.19158635943359392,-0.0823532966625929,0.0044375
AT0000758305,0.4438949163251987,0.2719823648010393,0.04825572960239378,0.41384729889947414,0.9341019282225871,0.9704375
GB00BP7NQJ77,0.6786987653610114,0.4690467654199219,0.041198020673892846,0.6207402336939853,1.5083222421540385,0.9623125
PLATREM00017,0.17723822172258252,0.48225952378625864,-0.39781001317107056,0.08801321569033904,1.0397804005714386,0.60175
US8552441094,0.11329794261999075,0.086473091608348,-0.02156463217629726,0.11000645006706658,0.2600360001545575,0.917625
US7223041028,0.39863872439087195,0.1171025589050323,0.21625457669041173,0.39202592604288145,0.5972305087640796,0.999625
DE000A2GS609,0.7081659297647093,0.35572791580108,0.1991397380933406,0.67077877504345,1.3473452295096895,0.9914375
IT0005438046,0.2181576498999499,0.2256987112734622,-0.10862535664389385,0.19594458147629296,0.614708230696851,0.8555
GB00BBHXD542,1.0045806608429544,0.4718249761309285,0.3372114920741346,0.9547642543877323,1.83892782289251,0.9956875
US4432011082,0.1408566665644598,0.10528126549224313,-0.024684240920046643,0.1366326082632548,0.32026272565902825,0.9205
PLWRTPL00027,0.4186600233981278,0.32110847749928667,-0.029043086836710627,0.3872036804538663,0.9764375490556779,0.9363125
FR0010331421,0.8260065625806797,0.8029676083443944,-0.13499733599824024,0.6713613380133636,2.2775464889103763,0.9071875
US8425871071,0.012995626290557873,0.09335292088201,-0.1306317688586032,0.009228604134333532,0.17062624142968813,0.5444375
CH0371153492,0.47436643895297986,0.30716792835354567,0.04001659378438555,0.4410309029748405,1.0143998973408188,0.9646875
IT0005203424,0.09099369753697792,0.2916954574328617,-0.3009294459353711,0.053539013360582415,0.605595126785273,0.58525
US3695501086,0.007292723391071721,0.08952002224904079,-0.1319317373705641,0.0031775612385003603,0.1621084625053142,0.5134375
BSP736841136,0.369339831307935,0.26547322121219125,-0.02025765758236292,0.3425165071228272,0.8408572028787028,0.939625
US0530151036,0.0047817624782610585,0.12938650380854974,-0.16709333091464373,-0.001806436500138606,0.1924277969157597,0.4928125
US5719032022,0.07948926654135564,0.09382089826321237,-0.0677733278286425,0.07635072067285668,0.24053212640542465,0.8144375
US1844961078,0.17429629747076028,0.1273646260218278,-0.017651796876748675,0.16618587065363122,0.3951997260579971,0.932875
FR0014004362,0.3721368004876568,0.38417481195258907,-0.14041366927387608,0.31757898276677765,1.0653489560973686,0.866
US5486611073,0.34121564194909815,0.09849822433468379,0.18580395814042774,0.33749048534615156,0.5080812159324913,0.99975
US7843051043,0.1733720370546261,0.17819466707071469,-0.09150595738537695,0.15961722382984447,0.4886235831323133,0.85125
US92537N1081,0.4187863486567026,0.12404185536375487,0.2241656636750967,0.41327781238779937,0.6331459900692058,0.9994375
ES0169501022,0.4773322628326252,0.21978063026657715,0.14956832968671752,0.46123130359204434,0.861062650827936,0.990875
FR0012596468,1.1295041315111052,1.4266094007055814,0.02590866923817304,0.958556118365881,2.728772711386648,0.955375
IE00BTN1Y115,0.23889421684617698,0.10907011781793786,0.07024538645050758,0.2335367152984954,0.42493083099631745,0.988875
CH0003541510,0.12393676824425323,0.288489580651674,-0.28085779194283195,0.09215173833433211,0.6372241578063935,0.6455625
ES0105548004,0.5402032904277765,0.42985367523741963,-0.04390979251234304,0.4824816997725101,1.3080020241309387,0.9326875
US81762P1021,0.40829382903113653,0.11383277980743997,0.24698629535944752,0.4041199678938583,0.5788798302174383,1.0
LU1778762911,0.3792737527237817,0.0992545213907461,0.22432024138009554,0.37493054470986714,0.5475712555088084,0.9996875
US0901681058,0.14058773804817645,0.1922081345805146,-0.14554889879824934,0.12445668286233008,0.4804672951912848,0.7763125
US1264081035,0.09037875178971862,0.09712687373532683,-0.06274000312251453,0.08639792287795903,0.2571076555700643,0.8353125
ES0105848008,0.28014359948044987,0.3124040930495843,-0.14861860916867345,0.24042763090591132,0.831593034244156,0.839625
US94106L1098,0.17939348149341414,0.09751653126519588,0.025847412632217095,0.17628030831369565,0.343332100035045,0.9725
US74762E1029,0.26810033742802486,0.11610014774085323,0.09068452034585046,0.26327060094890176,0.46278135622451716,0.9911875
US8334451098,-0.06245754767687005,0.0630630933142015,-0.16108114995613224,-0.06493259899256748,0.04317551290483492,0.1465625
DE0005649503,0.6811431358257086,0.669854960931693,-0.15134294995782638,0.5686435868022084,1.8813788214586036,0.893875
US2310211063,0.18321355928214245,0.11836592347462417,0.001049307398181568,0.17782688835266142,0.3861597492420571,0.9509375
US83443Q1031,0.5591711404692975,0.258220725294148,0.17233703994222788,0.5411116396723616,1.0032632470085727,0.99175
IE00BK9ZQ967,0.1248729387850681,0.10138085612007776,-0.033769645041304225,0.12056755215580983,0.29489121113127204,0.9019375
FR0000053324,0.29956487505528595,0.2202174521692811,-0.022326059368280915,0.2809455254896682,0.6918932091976577,0.934375
GRS096003009,0.41875469678067256,0.2834917686944379,0.008759992727926097,0.39235318888096915,0.9153887039370008,0.9543125
US26441C2044,0.07377926957959316,0.09765913620533387,-0.0792771652820168,0.07020858660658971,0.23950369899077048,0.7890625
US58155Q1031,0.18265264427642197,0.12818721874571476,-0.01583555288684834,0.17596206049668622,0.4020128435824597,0.9373125
DE000A2YN900,0.3597170646687909,0.19600928955534688,0.07019878706407724,0.3462003029642605,0.6960230222828055,0.9800625
FR0012612646,0.7435419587173767,0.6907196575834305,-0.12465097258213836,0.6258462064680157,2.006505338684689,0.907
US21037T1097,0.37758847700912673,0.13269182518834952,0.17712896155263105,0.369907134543472,0.6056575102387389,0.997625
PLPKPCR00011,0.8195946384746187,0.732887211910841,-0.08845339742083581,0.6968759830527156,2.119648078476161,0.9245
US2561631068,0.17186899545220877,0.1278525359148209,-0.028023203076543424,0.16604116797596058,0.38980199940191995,0.9218125
US61174X1090,0.045904061623244126,0.09226958149929078,-0.09915102136527244,0.043506586516325454,0.2024537911538741,0.6934375
US35969L1089,0.4137613364307241,0.17126930930271786,0.15239083787841262,0.4037823127420958,0.7053368817425452,0.995375
US9694571004,0.23521266437682994,0.11004846350704188,0.0649003508440871,0.23020172672657072,0.4262857731864765,0.9884375
US56585A1025,-0.026975821072821385,0.10118802069468122,-0.18234217335707736,-0.03231296276762638,0.14669610530633617,0.3633125
US3397501012,0.1823443004472584,0.1147398676547904,0.0045522989830392956,0.17628250743442633,0.3760474310287471,0.954
US6516391066,0.4051294829365596,0.1451038541905514,0.17867325512178445,0.3987143061784753,0.6527628560930337,0.9985625
FR0000073041,0.23592314936822883,0.25258772464199053,-0.12603738945317036,0.2106160060175099,0.683523153761632,0.8436875
GB00B2PDGW16,0.4451011643664159,0.18254617468866294,0.1647326616660712,0.4364317472427371,0.7561960799684629,0.995
US9113121068,0.08234222123227798,0.09183860805808639,-0.0623945430038632,0.07888328094198536,0.24034351656384045,0.8275625
CA1363851017,0.07696486710209033,0.09875776784985,-0.07613943432342704,0.07299611586294957,0.24614403352939426,0.7945
US9258151029,0.9110870230285675,0.45915531984187785,0.26593138698354746,0.8605330103627462,1.719778835442746,0.993625
US18915M1071,0.08028302403194741,0.08921610173181146,-0.0592784761994023,0.0760901608265162,0.23145283506919415,0.8275
US58733R1023,0.39332967956579556,0.12685639499060702,0.19466923317741378,0.3871998493061473,0.6132731087445186,0.9989375
US55825T1034,0.1099259470063813,0.20255991735222195,-0.17917247690077712,0.0922653388601233,0.4599077119018201,0.7059375
LU2010095458,0.4995439123239643,0.6666113534858288,-0.29853452891714166,0.3781694701518164,1.6987807686386989,0.79475
CA7397211086,0.11621882248987803,0.13235223009030453,-0.08865316878669355,0.10660242557441423,0.34439461083371886,0.82275
US00724F1012,0.2804993571960703,0.10953786522433961,0.11282428379985819,0.2743736966582954,0.46486207337669017,0.9960625
IT0005543613,0.5755904880962032,0.4436546090725974,-0.025573208605692392,0.516981134664212,1.365127442223821,0.939875
US88579Y1010,0.04103450649205285,0.11200640130680202,-0.13127050778782157,0.03561653079689045,0.22997162318592984,0.637375
US7820111000,0.16930437526722641,0.14960964622198322,-0.05735985264851782,0.1607557182095477,0.4191792999208303,0.8890625
US7185461040,0.015776057292234226,0.10019390001360062,-0.1388911601967054,0.010993257341689214,0.18610449668501444,0.5469375
CA13646K1084,0.11922948703326082,0.10728495369127752,-0.04511598482729221,0.1144997067409694,0.30166582044145873,0.88075
US0367521038,0.18731193745343244,0.10610592610506614,0.021884695734824548,0.18290776356088606,0.36856045377105856,0.9683125
IT0004720733,0.5898432911659655,0.6753317831510938,-0.18121626785495212,0.48064295353125186,1.712159627934359,0.868625
US35671D8570,0.19515601074516503,0.11641086300516937,0.01885042105737764,0.1883857323117336,0.3940573494740045,0.9643125
US1273871087,0.32161758226085146,0.11204183182900657,0.14743239268986932,0.31710302396415896,0.5102976139768204,0.9981875
CA0717051076,0.15423760023561595,0.149496189970681,-0.07132870840423053,0.1433511005432006,0.40900928428162825,0.865875
GB00B3CX3644,0.4630520003281861,0.37406089751568,-0.05427147578809286,0.41673322555201747,1.1277864167053706,0.925875
US91913Y1001,-0.0019911363801674944,0.09868536081932379,-0.15652411173604625,-0.007053544916160762,0.1665889156374722,0.4689375
SK1000025322,0.3473035469625424,0.42847571844712373,-0.15109586481570517,0.29414229592017405,0.9970633565082428,0.8515
US40412C1018,0.24566368735829036,0.12481241338923489,0.05471039589074146,0.23988805584473827,0.4560613046822739,0.98275
US2937921078,0.1019294790676077,0.09853859410338742,-0.05176171908069961,0.09758339688585049,0.2697251558373929,0.861375
GG00BMG42V42,0.26328517465174367,0.18935853167160996,-0.02165699082085663,0.2486791740564852,0.5947256200870831,0.9343125
FR0000038606,0.4186304807567761,0.26978257492854535,0.03306377752212735,0.3946964940533213,0.8888157581693997,0.9635
US2910111044,0.13998574615229795,0.09473663811543592,-0.007484064853578685,0.1361538344777899,0.3003468777708115,0.94075
IT0005374035,0.026748878901852638,0.4190986927045506,-0.4862201058345448,-0.04399006266971548,0.7691414763690707,0.448625
CA1363751027,0.09407252348674754,0.10355754200443491,-0.06639812931737943,0.08872203735840664,0.26874834470208764,0.8309375
IE00B4BNMY34,0.38093171277760446,0.1329896465326648,0.1768856283951452,0.3741458635929572,0.603483600821943,0.998625
US23804L1035,-0.04987643424354195,0.06289598305223833,-0.14777174482186775,-0.05228913553271676,0.056810686452613224,0.198375
US0538071038,0.1495844497361066,0.2471911132021671,-0.20340752146505622,0.12468976218699876,0.5882583801795143,0.725625
IE00BY7QL619,0.08127831516469056,0.10801168740850313,-0.08713273903547412,0.07647121117753553,0.264509127629936,0.782125
CA29446Y5020,0.683383843419505,0.3246028111543083,0.20766674130826748,0.654721783045283,1.2446991720879914,0.9926875
PLZEPAK00012,0.7246681420216113,0.6683521627675567,-0.14183652414933995,0.6192715199051592,1.9366594665414407,0.902375
US83304A1060,0.502908855355967,0.15169585011468664,0.2706602974084733,0.4957079188372385,0.7633015215186988,0.999375
US0090661010,0.12901723170069812,0.07865733081680287,0.004723814390526862,0.1266095493751624,0.26096485517484486,0.95475
IT0005344996,0.3483213349803891,0.5546430190548481,-0.32007901150327595,0.2562253882433775,1.3255136878555316,0.743875
US4523081093,-0.027042772303953598,0.11131557714972257,-0.1924101502163448,-0.033006457740893926,0.15498128951753767,0.3683125
US4612021034,0.6468839314280492,0.16016166762514128,0.3992395544820278,0.6387139617629088,0.9197334164169729,1.0
US26875P1012,0.06463336754988147,0.08686287971227702,-0.07158613461059306,0.06101565509001504,0.21323075701120237,0.780875
US7782961038,0.1675919717861331,0.11901181899095424,-0.01582410209436847,0.16129356265597078,0.37362313102400313,0.9343125
HRATGRRA0003,0.31746830460177855,0.3430621283045413,-0.15772293659647793,0.27685104474109207,0.9244204877156371,0.8421875
GB00B18S7B29,1.1755849928896842,0.8927383551211581,0.09186824167569273,1.0178737710851047,2.7674325534354476,0.9663125
US31428X1063,0.29445323925295713,0.11626179102909394,0.10990085885007335,0.28898181065115647,0.4913460116985089,0.99525
US43300A2033,0.0990266944936246,0.09407732512561397,-0.047295698218395424,0.09600106128015062,0.25945814024384295,0.8649375
US1941621039,0.130458227505844,0.1043734346428085,-0.03074736549402012,0.12523625048780818,0.30580541889845486,0.905875
LR0008862868,0.18145460104300623,0.09939043522144157,0.02467486304720289,0.17798015855839422,0.34806886859919056,0.9718125
FI0009010912,0.7003320250076116,0.4480810288284577,0.08778752454989865,0.6444490149846693,1.511378993887203,0.9740625
US8243481061,0.2505507999116818,0.11409188470883383,0.07398286684994206,0.24568483921916268,0.4434509878032359,0.988625
IT0001042610,0.7788557136841915,0.719978295152509,-0.11681460486552156,0.6553542105624459,2.080508565281157,0.908625
IT0003365613,0.4364804637026415,0.5786761642017829,-0.26421303048626354,0.337711014701924,1.4575174383612761,0.7933125
CA8672241079,0.15317612862071817,0.10674792021029302,-0.01359028059280292,0.14871430992071338,0.3328189324965484,0.9345
US6092071058,0.17746200856758315,0.10474093009416242,0.014287796609222131,0.17316332939714932,0.3554731734722969,0.96175
US1255231003,0.27858846207001803,0.11109091821188986,0.1043935213635312,0.2751504626199275,0.4607254904808801,0.9950625
US2788651006,0.2227577210804647,0.11080516746626932,0.051339506687815756,0.21772066441563095,0.4125741906661514,0.983625
US0255371017,0.09286412882574313,0.09545276216783745,-0.05626784843897073,0.08900289443455624,0.25716989691855,0.8443125
CA87807B1076,0.018085201935546132,0.08885065588939353,-0.11858640974832771,0.01359294766562047,0.1707921168738486,0.5705625
DE000A3C35W0,0.4942166959181662,0.80867189771382,-0.4002551847341815,0.32729475736189484,1.9274458597888806,0.7356875
CA0084741085,0.4214073485195437,0.2022489056151429,0.12291232865490023,0.40452033890627426,0.771424902611288,0.9908125
US49456B1017,0.09093874437345371,0.09978578072119777,-0.06442013075507892,0.08753357210007931,0.2599448116741868,0.8295625
IT0003073266,0.2501375244853701,0.21203330719129368,-0.05683835260226336,0.23360048128600916,0.6125220035490998,0.90425
US9113631090,0.12264848828842986,0.10715134517961206,-0.042693424513446786,0.11640630098078605,0.30632733817191043,0.8869375
CH0022427626,0.29082593566949844,0.25867330275586964,-0.06723861650508293,0.26890213659636053,0.7251073104550397,0.9033125
FR0010820274,1.0370034007413427,0.9657276331746631,-0.08049281722923728,0.8626289877156826,2.7400362315950613,0.928875
US6937181088,0.04414182522948683,0.10871517609878192,-0.12010586271065499,0.03849185172675123,0.23079936241446744,0.6540625
US6200763075,0.25819515499561274,0.15210878873297884,0.026111822887356525,0.2502051429192945,0.5183165211602438,0.9678125
GB00BYYW3C20,0.5018647841248827,0.22547623524664123,0.16060310254512253,0.4875565374980143,0.8959380107842503,0.9930625
GB00B4X3Q493,0.8029873314103334,0.36798683356579936,0.2703120356727072,0.7687330012822321,1.445487565998637,0.9958125
NL0009538784,0.21881881600345285,0.09977302181247813,0.05975912948071405,0.21597099747720083,0.38822939934179074,0.988375
US7607591002,0.22376461434001949,0.10358100148188008,0.06230658393936835,0.21970938574018223,0.4011335024370023,0.9874375
US0091581068,0.23571140788329342,0.11401963160997046,0.05917413897034666,0.23026627486615023,0.43308556439564805,0.9841875
AN8068571086,0.13462286961697412,0.0922621285317446,-0.009217354625611731,0.12884172874052702,0.29586590119891376,0.9385625
PTCTT0AM0001,0.4320259929026655,0.2696496447027347,0.03996914406816652,0.4085682705692836,0.9035073692753174,0.96525
US6668071029,0.22839357606672883,0.11605447329537537,0.04599607121334267,0.22395630960594587,0.42414550983874055,0.98025
NL0000313286,0.2682877880816131,0.4108182056684624,-0.27379478276598196,0.21023239239818786,0.9783841695274739,0.7520625
USU834501038,0.7008275942333614,0.6950149470648287,-0.1470649401186794,0.5787289372333936,1.932711589652303,0.8935625
US25809K1051,0.3449138488691243,0.09719953339977294,0.19436813104469114,0.3405932279277834,0.508793536719959,0.9994375
US3434121022,0.14456007950279634,0.17964177459969585,-0.11936897009980084,0.13087751243601276,0.44919766998709476,0.8029375
US37045V1008,0.14042772159651215,0.10138859108715698,-0.016328464514733895,0.13525132079828805,0.31289857402994464,0.929625
US67103H1077,0.3285605308283045,0.11153502285444998,0.15517935708676847,0.3246108752304554,0.5172574792084874,0.9985625
US29273V1008,0.24855350749976027,0.1096325454416982,0.07903477099137861,0.24295001958866091,0.4360833502021488,0.9913125
GB00B5NR1S72,0.5958581536697602,0.2504579999782486,0.22034001424301047,0.5770547988359831,1.039785409009933,0.996
FR0013214145,0.4448620611283583,0.28331587691940113,0.037954524690969695,0.4156068937309886,0.9473008782205155,0.9645
ES01717430J3,0.2963325410645872,0.2729866791615142,-0.09552522331540192,0.2665221685812872,0.7820662648831392,0.883875
ES0167733015,0.9136525586396829,0.9926029800884236,-0.218273223578959,0.708751010056827,2.6978728701167616,0.8790625
US8936411003,0.20721713541789855,0.11704864754240742,0.02445912948682841,0.20278734781533328,0.40840405568872495,0.9689375
GB00B0744359,0.49874721116485604,0.37001953216094396,-0.019270985806594157,0.4576082426745023,1.1618381366804515,0.942625
FR001400AYG6,0.23498272121720784,0.3475449820085802,-0.18605034382661195,0.20118164951847095,0.7507929184163133,0.7953125
US75886F1075,0.3238523907718644,0.11543192983673317,0.14474615544946676,0.31945486773837634,0.5234611894701139,0.99825
US6098391054,0.46557649581630617,0.17011509093274996,0.20394233506323758,0.45684340616695907,0.7620735307476536,0.99825
US50155Q1004,0.385065661162281,0.26431481423051834,-0.00022683959527455423,0.36389563483365184,0.8485700418508028,0.949875
US04650F1012,0.16973519503821366,0.22082270498639503,-0.15186541421541933,0.1502692646746046,0.554456136547134,0.791
US0394831020,-0.10180642872970404,0.12078415184502124,-0.2859713900454267,-0.10943342844487063,0.10292642979783047,0.1768125
US42824C1099,0.06976499608879848,0.12122080121158214,-0.11469150756743027,0.062215411173167055,0.2756946086732983,0.7195
CA4530384086,-0.08558607551998204,0.09530818787560756,-0.23305024212373807,-0.08991896656628526,0.07912854828984478,0.1676875
SE0007439443,0.32275697989202295,0.28054563270552474,-0.0758118000452979,0.2931416136092875,0.8139298402310958,0.901625
US8716071076,0.5671165143257295,0.1382713910724402,0.35126215715982956,0.5616801550957928,0.8000099749517161,1.0
US03073E1055,0.2700069279257087,0.15485225135930925,0.0335986162096939,0.26032883962512515,0.5390997689748909,0.9718125
US1011371077,0.7443494995794276,0.1584998410527639,0.49630266873004636,0.735133530492024,1.016678483814367,1.0
US20337X1090,0.9744603374253363,0.5144242268119456,0.26229232424835996,0.911350850583507,1.894995812623765,0.9919375
US3848021040,-0.07328835526640952,0.1037593455379299,-0.23129044199463925,-0.07992294330263607,0.10252748979900211,0.2148125
US43849R1059,1.1538265759964448,0.27195447355440844,0.7402574532554126,1.1377066334536163,1.6289709350725248,1.0
US9344231041,0.1496005968357018,0.1354506648481739,-0.05775380410966312,0.14190569207463322,0.38154851504593523,0.87975
PLANSWR00019,0.32340006627566303,0.3944476812166016,-0.20197938690012118,0.26748391017609807,1.0323909008033423,0.8165
US25746U1097,-0.06058564031153027,0.10976290846681608,-0.22643704533197417,-0.06709323663363106,0.1315126810329657,0.2534375
CA06849F1080,0.28663833357505175,0.23379235131092063,0.003054999453193525,0.2721320390648886,0.6036399159026193,0.9519375
IT0005353815,0.6441587802895047,0.6718590186606231,-0.18206040888577454,0.5314104841206447,1.846026556243853,0.8779375
FR0004159473,0.683802020351029,0.4492967023239035,0.07434479572943795,0.6290881242229599,1.4614676838053935,0.9684375
US81141R1005,0.4247603500342653,0.12951791260732362,0.22494226251376606,0.4196056531694605,0.644243813579747,0.99925
IT0005439861,0.6183860885837705,0.4775708081193735,-0.01191427026180906,0.5546600849624346,1.4701994319414662,0.94575
US22052L1044,0.15020915788909645,0.10488084543790711,-0.012463397603212708,0.14482542339150972,0.32753972279338295,0.9344375
US55024U1097,0.8632640452121582,0.1740786339800894,0.5955624931958802,0.8551033068325722,1.1588449223098858,1.0
US55955D1000,0.21362812788677749,0.15305225946958811,-0.020718991840984885,0.2034708836148747,0.4789239842255282,0.93175
US25278X1090,0.23600415821713208,0.09830322555702198,0.08601419982915183,0.23082995835458603,0.4036823237286017,0.9926875
NO0013036814,0.32173233404236645,0.3026034025684454,-0.09882465120320841,0.2882099956275883,0.8473096178381608,0.886
US3453708600,0.013294336272413504,0.09978705094980396,-0.14150837874518762,0.008268415047333806,0.18794360745626823,0.5371875
GB0006523608,0.6221108667441841,0.5793446984572522,-0.14477391276244342,0.5392632722568738,1.6868871148305185,0.89475
FR0011466069,0.39156190226685134,0.28726579963074156,-0.02318603628487857,0.36280147919349603,0.9010055247965024,0.9391875
US87612E1064,-0.014089221460704075,0.07166669898864861,-0.12886920853085357,-0.015852155166127736,0.10553963347101786,0.4075
US6541061031,0.33627263618066,0.11461565980815976,0.15886233161162824,0.33150347909103467,0.5316521742908079,0.9985
US5380341090,0.1506262715880752,0.09872086455137646,-0.0038768338126784845,0.14722977477445925,0.3164367944957761,0.946375
GB00BS9F9D74,0.8088711798382523,0.743562492932368,-0.10741359563039155,0.6789695268620309,2.162461921879722,0.9174375
US1999081045,0.46607488633080424,0.2361825414553362,0.11970757328946623,0.4482917919561084,0.87665791590297,0.986375
US55336V1008,0.08143073878412903,0.11949530060371052,-0.10361349720403132,0.0769966646492763,0.28475142285963023,0.759125
FI0009007660,0.3009860730876452,0.32426782015791084,-0.15401032224756595,0.2653154669880218,0.8724964454301884,0.846875
US6826801036,0.09578150812780904,0.10623563435178321,-0.058751995832069186,0.09066729081711337,0.26211890243538555,0.8509375
NO0013713115,0.675968617162544,0.48701268872960585,0.02066683170868284,0.6103531678242928,1.569305356440876,0.9558125
CA01626P1484,0.14143957181651165,0.10944522763121654,-0.025878114455665447,0.1363132386450916,0.3280112314989769,0.9176875
FI4000391487,0.35588231547580607,0.278131673282591,-0.04354137331634931,0.33117748752314813,0.8311180355322788,0.9256875
US16411R2085,0.21503460484422895,0.10975910850768332,0.04469247765039553,0.21100671985165478,0.3983526496267997,0.9805
BMG0451H2087,0.4836992509551163,0.3002913107283995,0.06623334476906842,0.45502155822197354,0.9802785809324205,0.97575
US68622P1093,0.4134488091930112,0.2038262101176459,0.11088082423700583,0.4001408656738167,0.7700287573535742,0.988125
US1717793095,0.6375957576111125,0.18206967889668182,0.3544876193493585,0.628278632904889,0.9556325082124613,0.9999375
US8168511090,0.13755927388346736,0.10910852216955212,-0.03056929680298571,0.13219969848941923,0.32257390717121315,0.91025
US87612G1013,0.13345038647652682,0.10165625479797062,-0.021189567700145722,0.12834658070684085,0.3067209598509874,0.9199375
IE000IVNQZ81,0.20894158932564186,0.12086742325718695,0.0216684524249273,0.20254624803924717,0.4158160416068389,0.966125
FR0004056851,0.7773149222772439,0.5896895574033356,0.0744734897029757,0.7037470506945278,1.724035161312673,0.9693125
CH0010702154,0.4110554812213211,0.28253851308418876,-0.0005253238972677082,0.3821958775670018,0.9182389129087307,0.9494375
AT0000785555,0.3817972367838949,0.28807329969380846,-0.03373450463453229,0.3528943207034312,0.892526943490387,0.9338125
US76155X1000,0.17201265325605328,0.11065433308166543,0.0007560530311798485,0.16701285628719514,0.35827007087180607,0.9505625
US14448C1045,0.19393155591128164,0.11045732765854616,0.021290366028489077,0.18919855739500188,0.3832144462723706,0.97
US6703461052,0.15709420566763685,0.12012664718923728,-0.028910853874028468,0.1510775276678934,0.3642990818336854,0.91975
IT0005337818,0.6529266852686566,0.4549910905134028,0.036070147420528074,0.595294560353887,1.46007706599711,0.9604375
GB0031509804,0.6146464194167034,0.36652789030494476,0.09024528643330713,0.5787054574330458,1.2451137704252393,0.977125
US9180901012,-0.11340416520024026,0.12514162456281744,-0.30151111929313607,-0.1218850745616765,0.10006729115158425,0.1633125
DE000A2E4LE9,0.5941877043229986,0.6368195638314872,-0.19183433985367865,0.4895717808974789,1.7426203183019586,0.8684375
GB00BVZK7T90,0.1372377108352573,0.12499430882345881,-0.05548629934123807,0.13117475983783933,0.35070033570126036,0.87625
US7731211089,0.6408628015902509,0.21134702266793826,0.3198437300781677,0.6301737372969884,1.0037817570049925,0.9995
CA15135U1093,0.20729957121145048,0.1232338140459739,0.017781971642512395,0.20125654527760997,0.4177556869369193,0.9625625
US29364G1031,0.1239272431732561,0.1029816855070716,-0.036885770046601644,0.11934454228959461,0.2973579384002769,0.8979375
US6745991058,0.11257496292394992,0.09856347783052123,-0.04469407763004866,0.10909589507303988,0.2812412526098834,0.8856875
AU0000237554,0.5305695711617046,0.5031879764657488,-0.1326707206420085,0.46013003435629435,1.428541238021557,0.8915625
US05722G1004,0.2362334500094696,0.11451166302428609,0.05717205382364278,0.23187047370000366,0.43109716437449275,0.985375
US5024311095,0.28478693298330643,0.13043995637056163,0.08338592004320274,0.2778044073354513,0.5071207934534052,0.9884375
US0311001004,0.1343775596138247,0.10894627205496664,-0.03404443904721887,0.1295466894598474,0.3178228653748196,0.9025625
FR0000073272,0.02691141563085846,0.09208537809614457,-0.11662356158496859,0.022932619215054052,0.1847828717717588,0.6078125
NO0010955917,0.21483379532260982,0.4910358621376356,-0.39079626165399384,0.1253140780650528,1.1050033379114497,0.6375625
US92840M1027,0.37570998917693704,0.1574257309460954,0.13554575799928778,0.36705370851387065,0.6492129169674851,0.9939375
FI4000533005,0.05582878020593823,0.4239143719356987,-0.46523361641656275,-0.019425699530364743,0.8304533689562088,0.477625
US23292E1082,0.782249283331821,0.27514724473106156,0.3685467264929234,0.7597418372558273,1.2629607032141617,0.9995625
US49338L1035,0.3321896144213671,0.15922638789080307,0.0880678784861987,0.32372483837734223,0.6034130356386957,0.9870625
US14149Y1082,0.16324426787509574,0.12609008373614147,-0.030840749504350756,0.15585584566341543,0.3807126267003355,0.9158125
GB00B4W8PD74,2.306322104062927,1.3522715671084644,0.6632214332127117,2.0764187209450355,4.6502042295784545,0.9971875
CA5394811015,0.18087602446918885,0.1621422137573,-0.06446399818834418,0.17042172739479447,0.4600151584231219,0.8848125
SE0026853335,0.4932939275496482,0.3747974350858136,-0.03192238580837848,0.4479238010453449,1.164830841201161,0.9375625
NO0003679102,0.1839527421671094,0.29564283517556783,-0.2236107206163845,0.15023240352931727,0.7078508835907091,0.735625
JE00BF50RG45,0.5655206387594125,0.26502032300893036,0.17039887144511826,0.5459201999701224,1.0277536401822716,0.9915625
US9297401088,0.13774583428927378,0.13578116759525238,-0.0681478493614577,0.13018043531753298,0.37153808395243576,0.857875
US19247G1076,0.5711561543354562,0.15180496399376078,0.3350645175111766,0.566442353298933,0.8285044910822859,0.99975
DK0010274844,0.1444234231149107,0.4869503259885141,-0.4326269654304439,0.06263129516470829,1.0010931138307169,0.5673125
GRS518003009,-0.1074934108784777,0.21546474897118356,-0.4132789246910632,-0.13077702165424726,0.26594557384073886,0.2629375
US8807701029,0.5142050010358864,0.17221381602660024,0.2485176134910754,0.5057436838431825,0.8078476681963668,0.998875
SE0016589188,0.5006303048664245,0.21064634570560298,0.1800020498850784,0.48694102835891223,0.8716924375327442,0.996875
US3119001044,0.04402563632345877,0.1223937191460803,-0.14336354862038753,0.03725568543131991,0.2508154315108711,0.6395625
US0937121079,0.9126242646800664,0.20064030977170405,0.6025674588806825,0.9021711398728391,1.2538620626105303,1.0
US2605571031,0.3381994254573238,0.14656534569172805,0.11132055136356742,0.32941812742028215,0.5899492408027821,0.993125
US25179M1036,0.2877417030108589,0.10751905805011473,0.11954849091395886,0.2834274153755354,0.4690659521247811,0.9955
PLSNBIO00013,0.023663144745756197,0.4287737028675634,-0.4909877107881554,-0.048748556627097636,0.7652441610113345,0.445
US7739031091,0.029148774012796756,0.09026734796075624,-0.11247094536397673,0.026230331415316974,0.1829641514863973,0.6235625
CA9628791027,0.4371563174068033,0.2414827824245001,0.08520272976920362,0.41577987455536036,0.8560776268747593,0.98
US6795801009,0.04891582620947177,0.09706386811438962,-0.09931276947323163,0.04479054821312502,0.20833692710001875,0.6994375
ES0134950F36,0.27798090528296815,0.2754238728444241,-0.11361415680289008,0.2496835044810824,0.7615864460470908,0.8684375
NL0009805522,0.3383194402489752,0.18104148462292965,0.0685348122425185,0.3242058375724115,0.6563197989773001,0.9805
SG9999000020,0.433660608702457,0.20146118771743698,0.13151702908617108,0.42008543668688286,0.7813870201141415,0.99075
DE000A2DAM03,0.13906897180401048,0.3507985884037033,-0.32103762248022055,0.08953630647871064,0.7503853477337162,0.626125
CH0009320091,0.15037868323767262,0.3294113542077758,-0.29065035328500377,0.1091055446029161,0.7220079475018636,0.662
US2855121099,0.05606997194451433,0.11454613447132274,-0.12094396366632185,0.05013102103285581,0.2521337072475639,0.6871875
AT0000785407,0.6691739044017774,0.5047587687893412,0.004037162371326798,0.6023306310258677,1.5480176888058625,0.9514375
US04626A1034,0.289610033412084,0.1366193287947106,0.07932395375597397,0.2806440478439133,0.5267823347059034,0.9886875
AT0000A00XX9,0.3627284342458093,0.54428534467306,-0.31502943556885726,0.27094823660909934,1.3461169053840127,0.7529375
US98389B1008,0.15753111821103707,0.11129832906594557,-0.013392126060143878,0.15171075780285487,0.34915633157023634,0.9353125
US58507V1070,0.38423143902667795,0.11915011015741911,0.19826159330998797,0.37968386348318006,0.5857984033495387,0.999375
ES0105223004,0.2305300260452655,0.16393298970953524,-0.018827350097419517,0.2208488802680912,0.5136228321242479,0.93575
US2786421030,0.05024524965168357,0.0874854139820825,-0.08551805101279386,0.04661822900803719,0.19717430489670398,0.72675
US0527691069,0.52576614553923,0.12298146988454395,0.33196832557033007,0.5214038112729521,0.736835058064019,0.999875
GB00B82YXW83,0.18541240700521958,0.15669022057775728,-0.05066234540292883,0.17444762506547118,0.4559821899475064,0.8993125
CA61178L1013,0.37730455091372206,0.1892071572269548,0.09370322097647034,0.36472978042992943,0.7019088842357181,0.98725
US74967X1037,0.037432839045168864,0.11928391278138531,-0.14746757903755078,0.03087819019314227,0.23975552659786345,0.6133125
US45168D1046,0.22436426576948,0.14601720393966772,0.0033487844813263968,0.21435250022628238,0.47674654315027626,0.9528125
IT0005054967,0.4817407857453314,0.28822233350819365,0.06899466002652836,0.4548628841239745,0.9951122618041204,0.974875
US2091151041,-0.05584206370956713,0.09570814958481338,-0.20253876092361917,-0.060707199419432076,0.10933769002579743,0.2498125
CA3518581051,0.349565348335866,0.20896262719055939,0.031849667756634475,0.3336435717258537,0.7132351943497698,0.9665
GB00BNLPYF73,0.2470014780297771,0.25776210003619565,-0.12345915026125405,0.22143633429861653,0.6974638967543232,0.8514375
US30161N1019,0.02042754326304091,0.10031158868548447,-0.13685352802111303,0.015776264512491034,0.18971606884406644,0.5718125
US0533321024,0.4821716071670692,0.12795292391593452,0.282882057601585,0.47652551340723215,0.7014918579156904,0.999625
CH0114405324,0.056875220051808666,0.1791958646458907,-0.20664951655953778,0.042281752755754444,0.3648396742484553,0.604
US4448591028,-0.1677605822565608,0.08088862577321539,-0.2914645633099008,-0.17136361720605664,-0.032803523446199405,0.026375
US15675D1037,0.4193390437250106,0.18949235275918808,0.12946317789244682,0.4071875378121478,0.7492967492346156,0.992375
US31488V1070,0.22973130139708497,0.11824173171332612,0.04622453134220388,0.22465886909317173,0.4286317301897095,0.977625
US8740541094,0.30526933481823004,0.10510462094049226,0.14166009360701642,0.301003458445762,0.480042362418985,0.9978125
US0477263026,0.2721961205319894,0.2581452128120658,-0.10090426623691398,0.252044898062882,0.7204951814676028,0.8748125
US5303073051,0.8758904890554374,0.6287439549507234,0.06626773875831325,0.7713439815198723,2.010355148823271,0.967125
CA94106B1013,0.334862925280549,0.11577323656086694,0.158849267058788,0.32957032979927214,0.5314567856393593,0.9976875
GB0002418548,0.3142411607404134,0.19521236006909443,0.024730835546217512,0.29978904090251124,0.6593584784188546,0.962875
US75734B1008,0.24046971982810114,0.10288356074558164,0.0807741680219826,0.23646666320789594,0.413853894792656,0.9908125
US90400D1081,0.6718228181489225,0.2455457250415277,0.30095156095133935,0.6551256000724854,1.0942887051611867,0.998625
US9884981013,0.18096301221783903,0.10624970989499458,0.015384596685364207,0.1767329758512841,0.36096557321035894,0.963375
US05464C1018,0.24252111869541654,0.13469887544454034,0.03360137572204728,0.23508250026778,0.47592359991579103,0.971875
US94845U1051,0.4823145082406538,0.25403535434162966,0.1096226734897584,0.4622028661781977,0.9164104376569807,0.984375
US76655K1034,0.8432030921855044,0.32720298433594613,0.3634566522577208,0.8130469208288189,1.4271634783072489,0.9988125
US0758871091,0.21068462857201029,0.1547217673458994,-0.0220369976714928,0.20143161838510393,0.4740262493934551,0.9316875
US55277P1049,-0.044205487160827374,0.18988140800356346,-0.3117129621544517,-0.06183685298280345,0.2821753134168358,0.3569375
SE0015191911,0.7145976258737466,0.5839749158969224,-0.04489753272234752,0.6280367772115069,1.7830033022073524,0.937125
US5950171042,0.40465973273848216,0.12958940795778418,0.20179567036524101,0.3994103033965124,0.6236062709180119,0.9993125
IT0005186371,0.39921259486741795,0.2887306211442617,-0.018153748272544932,0.37160046018806847,0.9068388993554973,0.9400625
NL0015285941,1.0232479399158265,0.4420011339218319,0.3917909560315766,0.9772741562433335,1.8195175901180887,0.99825
BG1100003166,0.29914434922970506,0.37610466812239585,-0.21256254624403767,0.24684851836688237,0.9720105192584892,0.8000625
FR0004045847,0.11830109426663411,0.3165781653390847,-0.3067921218294022,0.07738747914157351,0.6742574115572857,0.619625
US23331A1097,0.10363644632177156,0.1387789770903767,-0.10762101860602738,0.09556004332677784,0.3410713423173585,0.7785625
US4228061093,0.042756049554037036,0.1019056528950579,-0.11610436265958164,0.03876181764454087,0.21732686498970807,0.66075
US12468P1049,0.3203921339824341,0.20283827641348937,0.015602805918867544,0.30662262211498353,0.6736160314930388,0.9585625
US6806652052,0.1760591153551874,0.1447895467383953,-0.04447571368528621,0.16740755300284133,0.4210711947368802,0.907125
GB00BRXH2664,0.3878155215404685,0.22787023948111892,0.04795803185426622,0.37328053548330153,0.7852090168089019,0.9700625
CA21037X1006,0.4834936783782475,0.20320061878413018,0.1790586004283869,0.46922943548421625,0.8389923819019193,0.9951875
US86723E1047,0.4794852156044001,0.2618897977901458,0.09673931899607519,0.4575009536403345,0.9440182279106958,0.9819375
US6677461013,-0.052042549416748914,0.24372559830051152,-0.3874436113174826,-0.08114750868384607,0.38304314734133726,0.353
CA8849038812,0.41570797058021375,0.22482040600382122,0.08397384650213614,0.3967245609559379,0.8037612346572204,0.9821875
US21873S1087,0.9196862670181922,0.20648001348589143,0.6049555709983655,0.9098723572590598,1.2668753356671754,0.9999375
US1696561059,0.44683174528312564,0.11596537570099748,0.2675445128862574,0.4413617427015114,0.6404456060894276,0.9996875
US28035Q1022,0.09064655837782225,0.19577434491254161,-0.18997108071174976,0.07282024212270168,0.4341177826126838,0.666625
US47215P1066,0.5223844070311905,0.11778335770534547,0.338706322725556,0.5173820279714967,0.7244664736296647,1.0
US02081G2012,0.8508465170927796,0.2898263963027342,0.42468719806373273,0.8278332035551748,1.3571549836698682,0.99975
BMG762791017,0.19615786544695624,0.16006280156243696,-0.04535890011931914,0.1872260359721885,0.46408298829839745,0.9090625
US7043261079,-0.04511999570187909,0.10826343664017063,-0.2120716835575105,-0.05108193242637744,0.1391280692429923,0.309375
CA0906971035,0.2444346225330568,0.16072752931580497,0.0007250371071757994,0.23483873989242326,0.5222627301850207,0.950375
SE0021020716,0.27825695318501265,0.6100306118554435,-0.22733720967185586,0.21937519850305576,0.9345047234510896,0.7763125
US8718291078,0.05757598347896868,0.11445764836907539,-0.12044414793893769,0.05207600835351474,0.2539230629717061,0.6911875
US69331C1080,0.2241486906759108,0.13023748454973066,0.024310507521417002,0.21621316033579174,0.448530169251933,0.967875
CA64046G1063,0.16366422811062345,0.23111430505796163,-0.17407422309336038,0.14146572216270392,0.5723787669885995,0.7679375
CA13321L1085,0.34584353881302693,0.1354393463397778,0.13041618612149752,0.34088110387416176,0.5756678547080037,0.9964375
US92939U1060,0.0711783700171941,0.10413139792119999,-0.0892942455197895,0.06625471892209188,0.25064369982412316,0.7648125
US49177J1025,0.009486805355099454,0.12348139254712528,-0.18008824491273828,0.002167912325448347,0.22117313550251333,0.508375
US6323071042,0.15436049432656623,0.11427981172160064,-0.018597636977837156,0.14876480732465655,0.34651713745652746,0.927
US49271V1008,0.2164547712883031,0.12675888868565652,0.025687406116598054,0.2091769234391591,0.43072017305803645,0.9694375
US1143401024,0.2894677794732738,0.2594607859302607,-0.08775345329873246,0.26445541015499496,0.7422142840994599,0.89175
US7445731067,0.1235473863355607,0.10625945326823667,-0.04176047131357645,0.12041271639064494,0.30517901409628406,0.8876875
KYG254571055,0.5442754415510667,0.16525874736875365,0.28783910123479084,0.5352820110982309,0.8311833074168314,0.99975
CA66987E2069,0.7500805008188213,0.4473432346381111,0.13497106143832643,0.697015969678518,1.5417299031779865,0.981
US00846U1016,0.1680737588351757,0.10925537881665143,-0.0002992643270306393,0.16290114255110225,0.3569899843682149,0.9496875
US9100471096,0.20918906960473196,0.11324844955007171,0.03632105663276797,0.2035571042130661,0.4029818807479411,0.977625
US9418481035,0.11715053647383883,0.09491252590691705,-0.02982261386817371,0.11429259364559384,0.27331020181600324,0.90725
US4943681035,0.08458032387280102,0.12283290930387053,-0.10274300235735935,0.07660734826656393,0.29877120064887236,0.763375
US98585C1009,0.31027277925384544,0.19234168257300455,0.02440760431838586,0.2957421208128305,0.6455429232983437,0.9635
US07725L1026,0.2871916240877888,0.10681919493325046,0.12034487298921812,0.2819695459705103,0.46875808164107097,0.99675
US92333F1012,0.20075165387472058,0.12462411875900542,0.00750587572116741,0.19406800048333578,0.4091836412403649,0.955
US1046741062,0.21762217094105196,0.33834672177189595,-0.24769233908863292,0.17657260441837658,0.8104543257317274,0.7389375
US0567521085,0.4877426319873643,0.13394227560890604,0.2803511814439959,0.4826728478369948,0.7108594367229453,0.99975
US5010441013,0.24305981482107888,0.11753054001548426,0.06026888805508741,0.23646184558784872,0.44525272378086705,0.9869375
DE000A3DSV01,0.7368662723784198,0.4552354652022789,0.11739798495728467,0.6786328956538832,1.538547145652891,0.9793125
US46266C1053,0.16195063522687653,0.11136143894224856,-0.01074851219692826,0.1560967252179653,0.3512001064753655,0.93675
US5732841060,0.2399213674143464,0.11137678755599457,0.06914595380493976,0.23353877011557825,0.428268486835999,0.9891875
LU2592315662,0.15412206433232947,0.215003861360114,-0.16230880036303078,0.1349877980704225,0.5343429249887758,0.772125
US9291601097,0.22371476976281024,0.11463010301038754,0.04655778649237179,0.21835073995232163,0.41944631522445647,0.9800625
US02043Q1076,0.4523682729625315,0.14452175375849696,0.23124698904252025,0.445601656742265,0.7017674374738065,0.9990625
ES0105229001,0.21219600441796616,0.19946168916364324,-0.08154876674209796,0.19486158689422575,0.5611214292938652,0.8763125
US8816242098,0.25203533596264394,0.17243100362501645,-0.006895333651119102,0.23964000114609252,0.5468299408675634,0.9445
CA87505Y4094,0.31948235707027006,0.1619666967504049,0.07307402162649299,0.3093382027557302,0.6000176222733473,0.9824375
US76954A1034,0.19681740487593669,0.11502692116977206,0.019065156984405758,0.1909243758191837,0.396632033544428,0.965
US8581191009,0.16595568751388884,0.13798950010251768,-0.04464305194455621,0.15752536001657913,0.40564421961174896,0.8990625
CA15101Q2071,0.6688314189460816,0.275469300516555,0.2560391056496506,0.6488870001516038,1.1523340259448487,0.9955625
US5526901096,0.17026583053803188,0.1757669245029666,-0.09117287988522317,0.15770051983362227,0.4785022348640195,0.84975
US87256C1018,0.3175967374871202,0.12784296786000504,0.12129693285217104,0.3115912941397633,0.5377437231430201,0.9961875
US00217D1000,0.3787226094899198,0.24981333603226957,0.037654217636709335,0.3608253810746083,0.776314502115937,0.9665625
GB00BMVP7Y09,0.13407626968653472,0.1590641500270095,-0.1021576141564588,0.12269936389968443,0.4141819943626204,0.813125
US29084Q1004,0.334992217656485,0.22462082441414488,0.010685577473518736,0.3142089382074861,0.7262269878750196,0.95625
IL0010834765,0.1387019111417427,0.6663667823413718,-0.3160808201400704,0.08756509763158486,0.729897925060643,0.62675
BMG2004J1036,0.31176233650855956,0.11417307767470752,0.1342350708107702,0.30703233433002086,0.5020665871334761,0.997375
US4278661081,0.11217196556432184,0.10299942688041035,-0.04697604264767769,0.10729899156060091,0.2893819105792521,0.8738125
US68236H2040,1.7750717846088822,0.5101989515160005,1.0301720483254628,1.728505973782712,2.6515049591733098,0.9996875
US7710491033,0.602997156324328,0.150078145437507,0.3731390971446099,0.5947878859499804,0.8592014878425934,0.9999375
CA25675T1075,0.16458574717901495,0.12545899192524643,-0.023966692707147918,0.1573535495523768,0.3790886299587743,0.9235625
AT00000AMAG3,0.16330730576017652,0.40471914890711086,-0.1962267528615389,0.13195416612759103,0.6141607310962135,0.7388125
US6821891057,0.271758892642705,0.11752527840492599,0.08982905263855273,0.26618511280814056,0.46945325514572567,0.9925625
US4333131039,0.12276494256955064,0.13638017274626676,-0.08407871133791105,0.11337113484850947,0.36185122716279516,0.8314375
US5898891040,0.34086131880952025,0.17593738398595044,0.07637057302568383,0.3305134636958549,0.6464568988014884,0.982125
US26884L1098,0.3517249037087394,0.11685930106930187,0.16859015014352635,0.34751599921362897,0.5483041565643412,0.9991875
US0396971071,1.0978195106699,0.3487712988214828,0.5908278620857224,1.0689066348262966,1.7021273573362368,0.999625
GB00B3FBWW43,0.5605128058009953,0.3667769561978442,0.05021060864603393,0.5230400493029157,1.1933872999316033,0.966875
US4663131039,0.3516720298021451,0.1901269718250744,0.06956639418043258,0.3396086066868139,0.679463451503742,0.9774375
GB00BVZNY531,0.4301253028699331,0.2666767001601093,0.050258138638170614,0.40495994515965755,0.8896690619232615,0.97075
CA67077M1086,0.2410854070871344,0.20896038877710976,-0.06504245380437543,0.2223358337861979,0.6054594877228313,0.8979375
US98978V1035,0.6326957391297743,0.19884835209412807,0.33050708877179275,0.6217855005496409,0.9805361736009358,0.9996875
FR0000039620,0.12303191758203638,0.2427616612164565,-0.22251082565825506,0.09901397110706833,0.5507029278527673,0.685375
US5588681057,0.26889514897119,0.15795188096822665,0.025729416118466172,0.25940819071144106,0.5417511391154138,0.9668125
US2333311072,0.12790629220046879,0.1151325209055227,-0.048445858990503965,0.12241050942402429,0.3266044813124228,0.8828125
US67613T1043,0.5217468537888668,0.4537046698879652,-0.08514867077134627,0.4615926647302793,1.3446695773884716,0.9109375
US98138H1014,0.3041762554572748,0.10091884994273961,0.14557850816399331,0.29924250082107656,0.4781693782276059,0.998625
CA86828P1036,0.1456505104543109,0.14925769640849498,-0.08254059308200476,0.13693384406331613,0.4013533932504951,0.8481875
US5949724083,1.285691736523834,0.648193880130319,0.4234381015902796,1.1943930058925272,2.453577273736364,0.99625
IT0003697080,1.2758801109969893,3.0215785933334574,-0.5980064781920768,0.5616114055905951,5.257169539142276,0.718125
US64110D1046,-0.05984645757311253,0.10057962605526864,-0.21595900648502978,-0.06529881893145523,0.1120628832758699,0.249875
US3371851029,-0.021406441885959974,0.18322511570449077,-0.29218858264370834,-0.03952112192486787,0.30723686624707885,0.4051875
US05348Y1055,0.5345259812017804,0.42852794309644565,-0.05157882633082827,0.4786558960319084,1.3078811050293049,0.9295625
US90353W1036,0.47331646522338594,2.0691855664522976,-0.22426474681067457,0.3620828240964745,1.4114502409698853,0.8298125
US16411Q1013,-0.0894830478805733,0.10488996011441121,-0.24983260538319615,-0.09535929729565337,0.0908215819788156,0.175875
US4830077040,0.2586046692979492,0.31226091864867284,-0.17969766803579793,0.22380284607230794,0.8234277282831766,0.8086875
US30212P3038,0.1890954634320367,0.08765739848342863,0.051728349284878954,0.1860726991554966,0.33621579588575956,0.9859375
US2810201077,-0.007557905107652582,0.11042888285276799,-0.17610214654916706,-0.013524963718384735,0.18333447519588125,0.447125
US8669661048,0.2068824280524554,0.1406416547781099,-0.005912430888618625,0.19749115693797084,0.4513051647629609,0.9448125
US39854F1012,0.4076853099579778,0.2941096269245328,-0.00405962153868317,0.3788070148115753,0.9058698266943513,0.9479375
US20451N1019,0.15346149571755138,0.23757851926765802,-0.18803845785193035,0.1280378529698929,0.5770192793484114,0.744875
US1442851036,0.09874790884882588,0.16769262060904183,-0.1533345677204518,0.08641730394933278,0.39224713691553675,0.722375
CA76131D1033,0.25710478891035415,0.10480110592327523,0.09313044623870508,0.2521199078299595,0.4352080126411121,0.9940625
US45687V1061,0.19947245881642886,0.14536105358942855,-0.024210287430379892,0.19217849641670676,0.450629817869929,0.928625
US1475281036,0.18827696556815796,0.11371511202335173,0.012996692037926498,0.18209089049733573,0.3806752001120682,0.9613125
BE0974310428,0.19080225553390506,0.24003036085726423,-0.15743724911789497,0.16867889012396467,0.6124918991002564,0.7978125
AT000KAPSCH9,0.5148147231113367,0.37366743084260745,-0.01551639380949443,0.4745768664184443,1.1780441272644966,0.9433125
US0236081024,0.15881930739475922,0.11748951564294269,-0.022640750396926774,0.1527068690981932,0.3600091143219972,0.9265
US15135B1017,-0.04688888881332803,0.1012505110740591,-0.20322080553482383,-0.051903702616904704,0.1274723208447314,0.292625
GB00B608Z994,1.464375681225364,1.00164003706673,0.24131682215351805,1.2955006837335616,3.241988261853595,0.9828125
KYG011251066,0.10957033051670396,0.1624698362493901,-0.13151247006288844,0.09548178305897423,0.3947492143038588,0.7565
US5007541064,-0.03232824174862545,0.10590302362863499,-0.1945169895621777,-0.038063824918435116,0.14911674693722834,0.34975
CA3495531079,-0.021371171981336153,0.10188989020293358,-0.18005667846947646,-0.026095043517958764,0.15058232643479633,0.3936875
US0495601058,0.058590032931272476,0.12238698022255409,-0.12831900881297448,0.051817970160043955,0.2693569719694635,0.6828125
KYG4412G1010,0.46515895986655587,0.5698216569477099,-0.21236931141635063,0.3797566011952822,1.3953315176172956,0.8391875
US09062X1037,0.1911934920326515,0.0967594327401107,0.04051380289540612,0.18691363823125834,0.3564326606704803,0.9805
KYG393871085,0.45557836822763953,0.15647925592660086,0.21573055891714998,0.4470841992981709,0.7288681600180196,0.99875
US4523271090,-0.025212679651589985,0.10142346397755732,-0.18051633687170832,-0.03080208660062702,0.14977152527987161,0.3673125
US5184391044,0.09245452220735216,0.0971296751868073,-0.05917945697718543,0.08802881168010789,0.2593438116706447,0.8435
US88262P1021,0.12429265939713412,0.46294801471878855,-0.45412343224951396,0.04734963045682303,0.9535274475270497,0.552
CA2483561072,0.5334116523029752,0.19016332076054507,0.24340330627803658,0.5201284254867308,0.864918804071329,0.9990625
BMG524411052,0.5909732124840956,0.2632025273002981,0.20282787860468388,0.5693475845874995,1.0514571145572205,0.9956875
GB00BDSFG982,0.1270359279600486,0.1100916978243702,-0.04283981098853839,0.12204856284916904,0.3123164208327987,0.893875
NL0010391025,0.8022945639512628,0.47670584838303576,0.14404996836442727,0.745028409556927,1.6526306894653526,0.9810625
US71535D1063,0.05217630048055423,0.24804498495917118,-0.29754362482422725,0.023994185050037843,0.49951257983391584,0.5453125
US9224751084,0.26935601478583837,0.11466995830986625,0.09313353342229529,0.2639894882656899,0.464418506412991,0.9933125
US42328H1095,0.24834457284401906,0.2106675744405274,-0.06251002956183391,0.23156613152481234,0.6126394519129046,0.8990625
US5178341070,0.37462347544627256,0.13588241005803728,0.16635743105512069,0.3664205519758882,0.60604799301876,0.9975625
US6293775085,0.3769361316479221,0.16292607790137983,0.1361927214943673,0.36679935198475244,0.6461112360547391,0.9948125
US70614W1009,0.31066918809471306,0.1986714858793001,0.014582779962085181,0.29450025451321893,0.6620206976276065,0.9576875
US15189T1079,0.04042487938777069,0.10410646963504959,-0.12146731369435046,0.03567334510022244,0.22135846590031621,0.648625
US52466B1035,0.1745981032604075,0.2156586403908845,-0.14501795689105135,0.15737994522429918,0.5509183208472301,0.8028125
US9129321009,0.15542368706939375,0.1880281181370595,-0.1235412709385843,0.14030821017269957,0.4903570063635766,0.808125
US8644821048,0.08869622582052017,0.45217973193703964,-0.46555377372868567,0.007262086177846756,0.9136679105675851,0.5075
CA4969024047,0.48567512229254295,0.24618232962668057,0.11661375276037529,0.4652819673001748,0.9189767133856916,0.9845625
BMG6359F1370,0.18330957987537136,0.19349923344587666,-0.10421484195308083,0.16876210805081335,0.5241175948206876,0.844375
CA01921D2041,0.407275006902752,0.22312749464402917,0.07815557519572829,0.3913085216216817,0.792763680285547,0.9801875
CA7063271034,0.026892710081836448,0.09978732709703078,-0.12384417626044815,0.020907165711436967,0.19695278838469998,0.594875
CA8787422044,0.0736941998748216,0.11768556213881393,-0.10632519668738985,0.06709349647939539,0.2758967856597843,0.74175
US67011P1003,0.2520927052079675,0.2446287061425951,-0.10184959370849224,0.22851751227122943,0.6858329259483282,0.868
US90138F1021,0.08124714568058236,0.08988572250198645,-0.057895414273689,0.07775430458588266,0.23325168240513083,0.829625
US7473161070,0.2679152760726315,0.19380331933658243,-0.02117317744157083,0.25408184186443583,0.5947130726596763,0.935375
US3379321074,0.056053374427551574,0.11676845914719342,-0.12071490294183217,0.04878550713118752,0.25853486773565765,0.68275
US8760301072,0.1945811977485022,0.11911913963064305,0.011368832316406136,0.18878918132513278,0.39824460099619574,0.95875
US2289031005,0.6788956038979272,0.26718063493774313,0.2906221430815319,0.6558397280906817,1.1450577679025347,0.998625
US98419M1009,0.27631346657187694,0.13770436348274423,0.06336063859777173,0.2701022821589827,0.5083032902269264,0.9846875
US74743L1008,0.5588780626687472,0.23506523222751283,0.2073247207301529,0.5432886211829532,0.9672676875321278,0.9955
US22266T1097,0.5852086254096018,0.1865561088764976,0.300106834063206,0.5743647437338686,0.9122108840714266,0.9995625
US21874A1060,0.4826255823510582,0.18210720127991678,0.2056324625977232,0.47151988908577636,0.7961988471197309,0.998
US2315611010,0.19116553602682018,0.20042326799229493,-0.09763860023054913,0.17472377485696772,0.537767411486323,0.8496875
US36472T1097,0.10087362567803469,0.21046643609786894,-0.20569425084445075,0.08274252508965395,0.4689823798698573,0.6780625
US01741R1023,0.22619519274813954,0.17162880700239264,-0.03249478379537529,0.21393980267886797,0.5283099504491438,0.92275
US3138551086,0.23972397034098603,0.18953193974875648,-0.04324540039270991,0.22528545411581113,0.5728226044834633,0.91575
US5926881054,0.13750655636785697,0.13517887461908132,-0.06775820952796387,0.129795221188122,0.37232425553531356,0.8605
JE00BPK4NV88,1.1391185959619405,0.44489435443043224,0.4864055706999115,1.100065286606945,1.9213509441473897,0.999125
US0304201033,0.06961335464434457,0.13381164241004892,-0.1319260961715103,0.059862040667010404,0.3018151495722137,0.694375
US7611521078,0.2695755795904088,0.14937637688318509,0.04160255690175521,0.2606707984745087,0.5292927049177045,0.9734375
US6700024010,0.7253745632329146,0.4106224491173542,0.15918255916885998,0.6817022161245383,1.4487021654756682,0.985375
US29415C1018,1.2173687400476407,0.4586482857875363,0.5649786165845673,1.1723821362927003,2.031768394852278,0.9996875
US2521311074,0.3208082956686338,0.11529308754512088,0.14248329117069106,0.31513712428666185,0.5161721694008193,0.9985
US36266G1076,0.46062802841590983,0.14904312768584407,0.2359679879407403,0.45294754504372503,0.7176046286192207,0.999125
FR0010353888,0.981655943960141,0.7561061114600289,0.03726244070802076,0.8542499382237791,2.3463058411924,0.959625
US69351T1060,0.24018732641598256,0.1343697296849139,0.03464049517326503,0.2329569349525506,0.4713401261788126,0.9721875
US28036F1057,0.15516068649876336,0.1514175987232732,-0.07146340863926944,0.14433507582713623,0.4183850704810204,0.864
US4456581077,0.14528897439562985,0.10707723404360352,-0.02027597556305675,0.14088350673735603,0.3261942660132439,0.9250625
US5763231090,0.48927320131943375,0.17562896486733057,0.22392805976965088,0.47798768602124764,0.7931824788686667,0.9986875
IL0010823792,0.5052732610871722,0.2584903508838213,0.11925107845312002,0.48439772859549063,0.9549268008011672,0.9895625
US62914V1061,0.522622636539284,0.1523550102064633,0.28972158896904415,0.5146599127670235,0.7832577609150243,0.9996875
US2172041061,0.47845912001669133,0.22669079528114333,0.14048961559543632,0.4611499830707537,0.8786668373860025,0.9903125
US0341641035,0.32705045475279226,0.3207219416290908,-0.12329451348578623,0.2917888806760299,0.8926608711969158,0.8735625
US01748X1028,0.17456235785769547,0.14096393867619222,-0.03812065865249404,0.16529508072882299,0.4167353754262522,0.9140625
US4435106079,0.18759283882858763,0.15477686987110859,-0.043246337732183206,0.17480120673630975,0.4633837392098242,0.9096875
US3845561063,0.3150222517289148,0.26267044687704144,-0.05393517753858225,0.28729169859199366,0.7674465949463316,0.914125
CA0977518616,-0.023907109321684654,0.11066308572806478,-0.190940130924458,-0.030936716579247563,0.16454696501642369,0.38025
US2787681061,0.9114916276763602,0.36093344738726246,0.3842703216614769,0.8783825232045853,1.548589230863709,0.9990625
IE00028FXN24,0.13029775890904102,0.1202861057284336,-0.05624739966756045,0.12429094905478022,0.33727281517303326,0.8764375
US9807451037,0.175266154488383,0.15052668240277914,-0.05082941702119635,0.165745034367805,0.43177350862801017,0.8995
US74624M1027,0.23259866061564435,0.11852259259704423,0.047795317630242765,0.2267626452282175,0.43603730920848155,0.9804375
US5049221055,0.16770460864368414,0.11361064360720706,-0.0076496691598197065,0.16254385432128884,0.3640514115846344,0.9414375
US87151X1019,0.5658824514733224,0.20356586541946006,0.2648342275765073,0.5523329599070157,0.9098262989928977,0.9994375
LU2356314745,2.380573437186284,8.505495622979442,-0.717270371090416,0.7485535179418474,9.927121548198516,0.7079375
US6792951054,-0.059447446016162,0.0647224877520221,-0.16213427732574126,-0.06157661732115612,0.04875176728985889,0.1663125
SGXZ55111462,1.056607460349992,0.5521451640283324,0.28866345995210546,0.9884028956853246,2.0574075139992334,0.994375
US60937P1066,0.32457373341353823,0.0998245300286741,0.16779741375094362,0.3207158521459497,0.4939257822648163,0.999625
US3004261034,0.33999740046333926,0.2502504157152536,-0.020837745024821747,0.31622462718456734,0.7783509956968199,0.936875
CA3499421020,0.4033814582032827,0.3415748842583756,-0.07712807827001958,0.3619240706817698,1.0140152009749384,0.9094375
US29479A1088,0.5758550802616849,0.2321482141028258,0.2320918731894541,0.5567450337898661,0.9718255686561923,0.9968125
US40434L1052,-0.087756748744188,0.0986014405964728,-0.2399867307731781,-0.09330682305713642,0.08080851823055125,0.1724375
CA00217Y1043,0.40536872505914223,0.23240230602383047,0.08130240624033117,0.3888691069015467,0.7879517019379306,0.982375
US1713401024,0.1006060836547452,0.10515230842678294,-0.060616410442395484,0.09660834909604799,0.27862258221590064,0.842625
US98980G1022,0.5023786566019776,0.10370046981200945,0.3371015203075848,0.4999776609783364,0.6750361624493375,0.999875
US3021301094,-0.0569763478360543,0.11087191589316504,-0.22496783260807762,-0.06335269700597906,0.1329616595775447,0.2745625
CA3359341052,0.26908890524419465,0.11428700561167511,0.09297181904535926,0.26324016884223217,0.46459718758281565,0.994125
BMG162581083,0.08831276585943386,0.23176493820091976,-0.24017366693908496,0.06763909776728956,0.4957493922304041,0.6266875
US6951561090,-0.0019628735349013693,0.1348112816602438,-0.20383957564835792,-0.013055051889701415,0.23365442990276966,0.4608125
US4131601027,0.2542398572635814,0.238786852055788,-0.10086360250514144,0.23241650092190552,0.6737909706031123,0.8759375
US91307C1027,0.3007883524806301,0.15301206703669318,0.07008352233240443,0.29206253043937835,0.5646620639105338,0.9825
US6517185046,0.44409925147081875,0.3669072679695477,-0.059861955230798826,0.4006524332912813,1.0855598187853677,0.921875
US65473P1057,0.21667288182461816,0.12760662742850903,0.017966426065991824,0.21070604027255,0.43180010089197735,0.9635
CA4707481046,0.24327273976284125,0.1860165526967732,-0.030937183703391047,0.2302734366743459,0.5640088631475546,0.926
US55306N1046,0.3729762709530934,0.18079296767922357,0.10128225229942234,0.36001307047575015,0.6862289857971143,0.99
US22410J1060,-0.2044546434137676,0.12410767717582909,-0.39220733587756135,-0.21299442777910568,0.01210538628333259,0.0566875
KYG3730V1059,0.484018467836308,0.2427484011988361,0.12825193776648747,0.4636053057249573,0.9100435830113189,0.9889375
US9742501029,0.7143757591832509,0.6936032726298514,-0.1358044059739532,0.5998857291707528,1.9520237839709955,0.9016875
US46222L1089,0.7447865829288473,0.29911349432734663,0.30627274718518355,0.7165535317806031,1.2699899524339167,0.9983125
US3032501047,0.25582730718307767,0.13421341419757674,0.0505466427357386,0.2472088409278363,0.4830078011324393,0.9805
US30040W1080,0.0018614299783710005,0.12256774039340963,-0.18496290850054514,-0.004815829892009197,0.20984515118265268,0.4810625
BMG8726X1065,0.18516683271130943,0.2231763238217459,-0.14038055251697182,0.1666106930313914,0.5771941532099442,0.8063125
CA9611485090,0.15378694218850175,0.19232476363500497,-0.13070301876891566,0.13867082581027318,0.48770288088609903,0.7975625
US18453H1068,0.09883660186023031,0.30245719192195214,-0.3098352327330492,0.059871774390317725,0.6453661491799803,0.59175
US1489291021,0.5932792951984344,0.1529741713949358,0.355895160824276,0.5865510956996594,0.850437476053241,0.999875
US89677Q1076,0.5836823154888389,0.13206524225492322,0.3776713861801668,0.5776052701911447,0.808134079568899,1.0
US0517741072,0.49518693951508974,0.27854141724367193,0.08893709506477965,0.473274823618018,0.9845211975116899,0.9794375
US68902V1070,0.2882284427512179,0.16100800687526018,0.04382849026126675,0.27761039598619064,0.5633904235515338,0.97425
US9699041011,-0.01610208770276963,0.09688221481644459,-0.16368291403746615,-0.02047638988834513,0.14914295495801294,0.409875
US92345Y1064,0.19748196065065932,0.12364578591681093,0.00956839874610735,0.19090297511297377,0.4054787423767707,0.9580625
US2566771059,0.08447418925882155,0.09035066848045167,-0.0570144492664965,0.0815418437705221,0.237835046798298,0.838375
US2333774071,0.2192046349107315,0.3724878818989793,-0.2529694821886229,0.16980311000705944,0.8404413158175871,0.73125
US6935061076,0.15950979306882862,0.10516912534471665,-0.0043040659367693575,0.15503456046462785,0.33909515631391024,0.9456875
US68170A1088,0.2757924550692362,0.1729090467560477,0.015182452023542702,0.26235717030630984,0.5803097899442446,0.9594375
US98980L1017,0.2417744083409837,0.10847555035046985,0.07065951557448213,0.23852227965491674,0.4222815718487665,0.9884375
US92242T1016,0.009527699315737582,0.12985591820296324,-0.18974648776064054,0.001151702026678439,0.23913766418844618,0.5046875
CA4488112083,-0.05420170709166756,0.10198764203177627,-0.21049105949851393,-0.060090027720818284,0.12255219849886542,0.2706875
US92343E1029,0.1734449776928679,0.21857597377375224,-0.1454229904518288,0.1544235307098944,0.5594037588042369,0.7944375
US9837931008,0.233710072321063,0.11596422383177513,0.05179899922033757,0.22749612214776174,0.43127997493557796,0.983
US7075691094,0.16302596919385023,0.11696181614724283,-0.020501318945711007,0.15877144134413124,0.3636051300778047,0.928625
IE00BDVJJQ56,0.29758584442281183,0.14416511794121545,0.07382350788802465,0.28942496362974335,0.5446687881125263,0.9849375
US7458671010,0.1251450443829995,0.1346909322364251,-0.08123257303660421,0.1177423559659308,0.3576869194491994,0.832
US5312297550,0.3162785241826326,0.14040037813441122,0.10408815607703929,0.30785959877321367,0.553750617731098,0.99225
HRSPANRA0007,0.4746401290652792,0.6074386822322326,-0.2625544241599105,0.36443918392688857,1.556937023602831,0.816375
NL0000687663,0.13574504388505454,0.15760399399905023,-0.09860997258995587,0.12590600052245357,0.4008639437312934,0.8216875
US3143521058,0.2011175258303034,0.15249237509716537,-0.026475830196853862,0.18925874285796485,0.4660958505745439,0.92525
CH1300646267,0.21970736505353153,0.16578130349278922,-0.029172710709079473,0.20745687076012165,0.5053591951929116,0.9251875
US0536041041,0.30263958777955374,0.18304184725856198,0.028527411922608676,0.28784106237013457,0.6208976965713517,0.9655
US45337C1027,0.04170781571089419,0.09636014914731242,-0.10787631190516156,0.03719338510320818,0.20537849088438004,0.668875
US4576693075,0.5585021538173525,0.1612063071271853,0.3153877820888534,0.5489023022160057,0.8333839853252127,0.999625
CA0585861085,0.30246364022245537,0.45256437452360243,-0.25136141623642466,0.2380699013267943,1.0587709392380906,0.7696875
US2567461080,0.03257972768293237,0.09346493896503914,-0.11134951896036763,0.027252357617526562,0.19053907147889457,0.6306875
US83417M1045,0.22075326285473354,0.14859192416801625,-0.007391903458192435,0.21185223120313784,0.47784334834418635,0.9440625
US1258961002,0.09856686747268296,0.12333620042836292,-0.08846247255795156,0.0916126148759438,0.31324332463181687,0.798125
US6819191064,0.24304383950342812,0.16883382908340414,-0.009381075612426064,0.2321123628588016,0.5375213827751115,0.942875
US88162F1057,0.509192829782226,0.32542126252837306,0.04637947205433328,0.4741630237680218,1.0947378333918691,0.9678125
US92338C1036,0.20217039528418143,0.12247351272566462,0.012157579616640156,0.19576986909079985,0.4113575672993381,0.959875
KYG0260P1028,0.44983258041318447,0.1418146352720189,0.22988326049336852,0.44271520497235345,0.6946805054610952,0.9995625
US09075V1026,0.6027460071302086,0.16895391972953244,0.3437139135040685,0.5945176981218132,0.8960418253693552,0.9999375
NL00150745D9,1.4998824819222631,0.3467525505022726,0.970894715153925,1.4777715145131034,2.095275503481894,1.0
US2371941053,0.25654284933216354,0.10943168141858078,0.08230458810288417,0.25198580785726865,0.44013624605468316,0.99225
US46266A1097,0.45321818230380184,0.42025976578510643,-0.10251456404291719,0.3964828761214483,1.1924678149987924,0.9021875
US4601461035,0.0766581580043468,0.13533118603813463,-0.128216207582173,0.06965506135859895,0.31111891402212055,0.7134375
GG00B1Z5FH87,0.5189307688567778,0.3413800875884914,0.033959319245713375,0.48357412730898275,1.1249362504375222,0.9614375
US03690C1027,-0.10674074259837794,0.29116241605997656,-0.4871351635256757,-0.14828474590880708,0.4031190720449801,0.284125
US7496601060,0.2586379832298195,0.26602355220408536,-0.12572077924460134,0.23489764814604364,0.7315091675664119,0.8538125
US1220171060,0.16263198656859112,0.12461642496702155,-0.028797908238017637,0.15719516143828083,0.37347018702917656,0.91925
US1725731079,0.7513738549908843,0.260471929050238,0.36673988675619934,0.7331241140364819,1.191239989323995,0.9989375
US3156161024,0.02590104576254126,0.14431972210396438,-0.18784003874318259,0.014869414034946241,0.28018960592766706,0.5495625
NL0015001KT6,0.11532293716762144,0.15143263137016172,-0.11016432635118437,0.1039851604336613,0.3809378189291586,0.786875
US8447411088,0.031111470910467183,0.09900240001782047,-0.12249092887837591,0.027630085321841434,0.19850735879584108,0.616125
FR0000050809,0.2529460999933633,0.20036719827844982,-0.04350379813100527,0.2377236230138563,0.6028967021944269,0.9178125
US7811541090,0.32517009589314044,0.10874959917524957,0.15659577434049934,0.32067807378537333,0.5105967702325762,0.9985625
US0494681010,0.48362884697298797,0.19537941199880096,0.18436003896284628,0.4725598344763562,0.8216039827966993,0.9964375
CA14179V5036,0.42461560022692835,0.1738859564795781,0.15575379616614213,0.4157622354763824,0.7251879895675536,0.994875
US12541W2098,0.29484542302908484,0.11395312700013338,0.11585913004691126,0.2907079607812437,0.49021730662072266,0.99675
US82900L1026,0.7666754229757894,0.3001704123276368,0.32681517349063655,0.7416425395708613,1.284421298427762,0.9983125
US3364331070,0.22751131686138093,0.10652163089605181,0.06196506699007474,0.2227707026831423,0.40717294931755477,0.9873125
CA71584R1055,0.5165449735445823,0.24581233633218982,0.14981316699726943,0.4986316357282056,0.9460480027535931,0.992375
US78574H1041,1.2036083653218088,0.6819412174718738,0.2938705843505397,1.098716346793932,2.4362001947131273,0.9921875
CA5503721063,0.29983079564188875,0.1152400181029626,0.11802734200540356,0.29617723171797217,0.4954727238863788,0.9973125
CA43087N2041,0.5327724510188175,0.3253032753170461,0.08260484494032841,0.502767377211485,1.0780702599698953,0.97575
LU1618151879,0.08487938053055091,0.44338739159924107,-0.45307874929060615,0.013277692329913928,0.8779889029983716,0.5156875
US7512121010,0.2527161134940895,0.1317467904933507,0.05066521680961092,0.24593263165008258,0.47566948713998525,0.981
US97785W1062,0.5222380566200786,0.607798676171337,-0.2377276420817176,0.4195310166371872,1.6274560287060207,0.8326875
US21036P1084,0.3568829770514461,0.12674321615333153,0.16155111547280282,0.3502729285920745,0.5738170900265493,0.998
US45720N1037,0.11095741108341309,0.5711263772618592,-0.4953576705863772,0.020762640276441334,1.0094811542036466,0.521875
US35137L1052,0.2798358225937187,0.14192348741669317,0.06273911465931924,0.2724219151202537,0.5222205059726848,0.982625
US35953D4016,0.273835643068774,0.2615381627006639,-0.07824275623895358,0.25053372685145225,0.6929591399044458,0.8971875
US1651677353,0.3783904089709061,0.12353158734197475,0.18787632229299597,0.37254589693270646,0.5878920590034303,0.9995625
US9120081099,0.19647619329423444,0.1302232065337653,-0.0035519349617700075,0.19018825993527494,0.42362900573422524,0.9469375
KYG8068L1086,0.18180454431984241,0.15318247489064038,-0.054119448139084966,0.17224649675224107,0.4447075678050194,0.8984375
US40131M1099,0.16221324376785032,0.10990106653628029,-0.010690360422656212,0.1580620876553606,0.35049326095160066,0.9383125
US77543R1023,0.05502366564657999,0.09718098185271878,-0.09474906071860036,0.050392697393733185,0.2181882343695623,0.719875
CA24477V1058,0.035530226540028756,0.123086306483897,-0.15205454140071006,0.029100239367009874,0.24421243380340268,0.607625
US39874R1014,0.09794880079076534,0.13333353678978502,-0.10283784199724796,0.08864011156950946,0.32988231708934057,0.7741875
US1924461023,0.42012582851029706,0.1396900654210223,0.2047999847303094,0.41298649664571907,0.6614016020022393,0.9988125
GB00BQH8G337,1.5038640414719955,1.0818352094946981,0.1884365001320982,1.3193294691031694,3.445172169343949,0.9779375
US60770K1079,0.09315546554453527,0.12088127334945523,-0.09430467619291545,0.08814591205403338,0.2977223401567942,0.7916875
CA8629522076,0.11881792656061547,0.1550180301968894,-0.11715312336576413,0.10738359695744679,0.38948043509353114,0.786375
US0412421085,0.5072845922695662,0.5125438489526022,-0.14565082103939925,0.43036223850501487,1.4225862527832682,0.8803125
US7595091023,-0.030414573332207876,0.13679781838948724,-0.23805951471234635,-0.0397633491757616,0.21068660010556986,0.3815
CA6882741094,0.38719736919140724,0.23084629509420182,0.048179847405706105,0.3690970581270263,0.7883647655367424,0.970125
CA74935Q1072,0.19707186510881913,0.15522298765283357,-0.038696424440599016,0.18558205796999894,0.46755117831389414,0.915375
US30041R1086,0.13575949504625717,0.21296105819469896,-0.17340368525848296,0.11554075057195243,0.5095171733582448,0.73825
US5260571048,0.08212559878904377,0.13084180155005146,-0.11981606852826227,0.0751599206785871,0.3043979026641197,0.73875
US07556Q8814,-0.03839936253949176,0.24074814195115646,-0.3699337188996218,-0.06669716239839107,0.3822713756092679,0.3783125
US2944291051,0.3178566013456076,0.1199751930443334,0.13132615090825078,0.313230356335623,0.5202832009491174,0.9974375
IE00BFY8C754,0.26914641714035514,0.20021677736435053,-0.031788913314616946,0.2544863945008624,0.6177570666848937,0.9291875
US29362U1043,0.33692164735502883,0.19382969504492167,0.048219999150083605,0.3211227367703743,0.6754872232787671,0.9729375
BRAMOBACNOR9,0.5998583994386437,0.39832018792180895,0.04340810244945847,0.5575847006649252,1.2988755158868333,0.963375
US8336351056,0.29743749399281944,0.14549852281167067,0.07127622871518186,0.2904448381463747,0.546059026157098,0.986
US8330341012,0.01480533180905961,0.14332130819770786,-0.2019672510535593,0.005443993691768648,0.2636003665566599,0.5163125
US90384S3031,0.34071941062545347,0.12218220184828264,0.14934912672136103,0.3353460063723308,0.5498807912142868,0.9974375
US5021601043,0.27503443684418105,0.2676581002747517,-0.10300375704228189,0.24891659558427365,0.7346022787907617,0.8725
US55405Y1001,0.4672588100292131,0.18141482408444304,0.19403729437186784,0.45429415388323274,0.7778912324980396,0.9973125
US0434361046,0.094779073888785,0.15121661535923606,-0.12906415228749638,0.08380358760271012,0.35713141667472975,0.7386875
US8592411016,0.4175438244428109,0.23196352845083268,0.07424659342610251,0.40013358449188224,0.8280950611958117,0.979375
US8354951027,0.11275530021318607,0.1529725435953518,-0.11482979713372493,0.1010781027173452,0.3755395339780709,0.7796875
US30034W1062,0.08175053775335776,0.1273273844766943,-0.1103870961087448,0.07520470735161294,0.2982721945810651,0.745625
US02913V1035,0.4049126177180659,0.23928784636085335,0.058540499064469544,0.38186051327413223,0.8325714377933832,0.973
US86800U3023,0.3076019959129419,0.16434570663045583,0.05534341449505794,0.29758712807402754,0.5921002877780299,0.978
US0921131092,0.3056841545811501,0.2332495537040332,-0.03934560685226822,0.2857937142036219,0.7205598507265182,0.92575
KYG8807B1068,0.22279488812383552,0.2874340424714544,-0.18567037626498153,0.1933595531692457,0.7200694433028066,0.7969375
US79589L1061,0.27951551446146594,0.1252814484808556,0.0839157600743789,0.2734636498270073,0.49334723790615426,0.991125
FR0011648716,0.4998971667276867,0.6820600875594331,-0.2580315676585429,0.39904189021640124,1.5798824942913776,0.8261875
US3703341046,0.09621729190839265,0.11039376131303434,-0.07649102328117485,0.09153278459598366,0.28366012242461125,0.8191875
US78475V1035,0.8317188959064515,0.25726646184125423,0.44340263219001386,0.8171912098972226,1.2755467062021573,0.9998125
US9024941034,0.17533849048072989,0.15097093116178215,-0.04799738995204606,0.16441762284056344,0.433210158863275,0.898
US36164V6020,0.705993828302183,0.699638954022626,-0.1571116670251477,0.5843577190778575,1.9535500046391265,0.8956875
US92556V1061,0.09699861780469599,0.17916933515963016,-0.17054728341011335,0.0833955136921817,0.4121415833805878,0.7060625
CA05534B7604,0.2631487500064572,0.13082104367820618,0.06212728803789317,0.25635314800808545,0.48741162762713425,0.9845
NL0009434992,0.22141369225762367,0.13551187536046833,0.014192945398533064,0.21442841324874098,0.4525254964779721,0.9605
US87162W1009,0.3251005227488133,0.16577626573891044,0.07446446823574691,0.3127890019522179,0.613032507567257,0.9836875
US0044981019,0.24765209278063788,0.29207044042478086,-0.16500681897371738,0.21633693751577338,0.7648537564346984,0.8209375
US0188021085,0.1086212399228966,0.12411539536713956,-0.08189055967408619,0.10202563526664013,0.3223239825377614,0.8221875
US1252691001,0.05159927350142398,0.10817986214653129,-0.11202517799721083,0.04552745781886265,0.23630260864770714,0.680625
US04339D1054,0.2822711088830937,0.16638212962502696,0.030323289242928035,0.2728207525928216,0.5696214530928431,0.9668125
ES0112501012,0.1301355532630276,0.14485299443225386,-0.08618704473419563,0.12176772632978283,0.3813508800417621,0.82925
US87422Q1094,0.3379286779008737,0.15037938546310753,0.10645238563152777,0.3288087210823615,0.5977003342735984,0.99225
US75524B1044,0.15792445302509447,0.19037395229743606,-0.12276513725271514,0.1438559444632742,0.4900125540234152,0.81175
US80706P1030,0.41465085159960063,0.1475623875733051,0.1873451555015166,0.40671045582598675,0.6678202479536957,0.9984375
US4595061015,0.28507688825824584,0.12553552308266475,0.08997469924223049,0.2794145501158708,0.49803503034852237,0.9909375
US2528281080,0.4443440703854924,0.19483345096519367,0.14786217494111845,0.4337663810637403,0.7790652521656622,0.9938125
BMG162521014,0.15293911001304497,0.15083246973518427,-0.07573555534861705,0.14428141200329517,0.4153881138903529,0.860125
US8873991033,0.1629031610782661,0.3471399279548875,-0.3044682863442498,0.11941841797846722,0.7796498716341081,0.664375
US34959J1088,0.03685056488776536,0.11759035213629476,-0.14462027558538387,0.03093745431208464,0.2415414691715577,0.6151875
US03168L1052,0.18800268059771424,0.2740510015778059,-0.19267685345653834,0.15852673318815283,0.6687680759390842,0.767625
US26614N2018,0.48505862321884513,0.15490004366883622,0.24798329864004792,0.4766637758126933,0.752116420159414,0.9988125
CA6979001089,0.42436952556204105,0.38743466615418354,-0.11170648620642842,0.3778881691802467,1.1143090672355618,0.892125
US1474481041,0.31391111346856476,0.18013244267720124,0.041840390920719533,0.3016658064137234,0.6243276463362827,0.9704375
US2533931026,0.20991923433801937,0.1148998634267682,0.030522063896242416,0.20417020572126057,0.4076546406536194,0.975
US0865161014,-0.09236352163511717,0.08416246383789587,-0.22392461920755316,-0.0962298224015031,0.0488017741625991,0.1246875
US9586691035,-0.013237180205350658,0.12043434640487383,-0.19625601595551856,-0.021376267264741202,0.19540763992879462,0.42475
US5261071071,0.12074921565576985,0.13116994885689603,-0.07900702609649651,0.11229664049482495,0.34664364546885224,0.83675
US8740801043,0.5045751302546027,0.15966737918637047,0.2621301215636427,0.4949499666375249,0.7778000493794794,0.99925
US26603R1068,0.2816952893495868,0.13046367524967525,0.08022230697644143,0.2746862908208205,0.5070566181300549,0.98975
US7757111049,0.3638904027806767,0.152602031423802,0.1306908520000162,0.3547712467846583,0.6306576392316134,0.994125
US98980A1051,0.3264941756448223,0.133228911061478,0.12241397393509294,0.31773790657026735,0.5566223655530634,0.996125
US87427V1035,0.24235211777364538,0.28645528264134484,-0.14950997433892485,0.21355236386643772,0.7291848000480146,0.826375
US9037311076,0.24858564018311952,0.15613455761666314,0.015125270690172603,0.2386983773615437,0.5206951443768446,0.9595
CA89156V1067,0.13917264216976713,0.1040838864681108,-0.022280200415360416,0.1343647855751022,0.315605837318322,0.9214375
CA03074G1090,0.5540817202135991,0.6531388055342501,-0.2279975895411891,0.4450360646103092,1.688487681487289,0.846
CA04302L1004,0.6049777610110432,0.2804489196299644,0.19467112504455988,0.5805051981451625,1.10555069498576,0.9935
CA5592224011,0.08677342961586529,0.20291207337907205,-0.20520746555214975,0.06840372327827265,0.43966567463528256,0.656125
SE0011923341,0.3819005523914536,0.5595961668341842,-0.3083309455435162,0.2851744189279287,1.373917475135323,0.7639375
IL0011595993,0.10592232216395975,0.26423646194029593,-0.2697136985145002,0.07809776702763854,0.5831729491300038,0.6348125
CA7751092007,0.32072286980536635,0.13977087584700704,0.10786469796736435,0.3130602009380705,0.5629076919289753,0.9926875
US74874Q1004,0.3642358727835699,0.29552859148006766,-0.05737322227733149,0.3360095752420148,0.8861142350577615,0.91725
US71424F1057,0.2593174668477269,0.11919511351884478,0.07396547593289543,0.2532163882186573,0.46428356631772094,0.9875
CH0276534614,0.25426358791227294,0.2120791919508352,-0.062382994306910584,0.23945411656960025,0.6271060427745123,0.9060625
CA98420N1050,0.33787144449216694,0.13539756438858405,0.13029358665081528,0.33154962173282687,0.5736297790407179,0.99575
US78467J1007,0.18179804723046306,0.16937989348707347,-0.07332618504720734,0.169931029924966,0.4741761713806298,0.8785
FI4000301585,0.2854925453112376,0.3877435383606338,-0.23449467351647652,0.2353112518574419,0.9755024874718556,0.77875
CA65340P1062,0.5095249206897319,0.1752943586225099,0.2432673853577667,0.49970456598299917,0.8154225694308002,0.99875
SE0022419784,0.2535956810261885,0.47011892050612053,-0.2706942144285909,0.19440779975642186,0.9514817234696668,0.7399375
US5184151042,0.39072045677539996,0.17503610491528893,0.12468353882507996,0.3775556727568972,0.6962365624475715,0.9926875
ROSNGNACNOR3,-0.4301090874470863,0.15644611137558112,-0.5994476678588784,-0.44253007226258834,-0.2260229063223113,0.003375
US98956P1021,0.176193159621638,0.11063447147695761,0.004209960369853224,0.17169297985736065,0.367220019379809,0.9538125
US4485791028,0.10357720917982459,0.09695686476765777,-0.04455525434636595,0.09835283280596666,0.2668374125597731,0.874125
GB00BDHXPG30,0.5766383401644505,0.2756230761977751,0.17955511154676332,0.5514299306732252,1.0510367428079856,0.992125
US4859241048,0.7790388334700754,0.34158983071333304,0.27597151479076776,0.749863883238803,1.3802935506876888,0.997125
US64125C1099,0.1562751145003798,0.09647088524611283,0.009372817574406644,0.15198645209897133,0.31997319078517233,0.960125
US1569441009,0.4115629736220708,0.16963343484445373,0.1518910308287098,0.4007770470899757,0.7000713430279076,0.995
US0028962076,0.21149485894563674,0.16496131578566794,-0.04066837518111187,0.19860378792325448,0.4985427945504207,0.9144375
IE00BWT6H894,0.5973359616124237,0.17987672948082406,0.3194439374138654,0.5875015985795267,0.9070959075800211,0.9996875
US71377A1034,0.13429626350858456,0.13888297648846276,-0.07759891240746229,0.12539787043713174,0.3748244364870207,0.8466875
US69047Q1022,0.15617713372436426,0.10473114155923285,-0.0069886573527194,0.15248994759870452,0.3366224361088425,0.94125
CH0012549785,0.10107765038692465,0.11198220868750706,-0.07129786565361909,0.09526596109273436,0.29152737858830013,0.8325
US10806X1028,0.2884094849942667,0.12698543517427402,0.09019133460408466,0.2830731055052422,0.5047377849645671,0.991625
US62944T1051,0.08701929377116935,0.2143119559424547,-0.21652778697970845,0.06498295104000337,0.4590525916485458,0.6430625
US00187Y1001,0.38084776273129833,0.1728128105859336,0.11753917901248448,0.36981776121603227,0.6788521572303426,0.9899375
US7802871084,0.3710934265756928,0.1819249477159459,0.09554083303769334,0.36065870715749987,0.6796622802972396,0.9875625
NL0012044747,0.32144930676718436,0.20429334367395113,0.019660348932305782,0.3061300625320077,0.6793388261661687,0.9608125
KYG3323L1005,0.5848752566620476,0.23032243157141163,0.23392796988888523,0.5685664198892526,0.9842109179246609,0.9980625
FR0010386334,0.364867061836592,0.2481817935922496,-0.003940977953855216,0.3433014841119083,0.8001912930036041,0.9473125
IT0005253205,0.36069135208055164,0.3119500709037681,-0.07848939941309148,0.3296089308572668,0.9030380897970587,0.9073125
US45167R1041,0.1266109621806728,0.1257244584004199,-0.06485629379060161,0.11937462968216295,0.34225929236732305,0.86075
GB00BM8NFJ84,0.338207741449672,0.16155170667241342,0.09638661244757878,0.3276318810619874,0.6167628169424598,0.9890625
US45073V1089,0.3330220005867836,0.15749439683203392,0.0892858388291302,0.3245443804662543,0.6016641626351883,0.9888125
US55658T1051,0.33078430713030593,0.26572322847591257,0.07731023510883966,0.3168097359572134,0.6181799095654971,0.9848125
US7265031051,0.06946487164458427,0.10407595292668248,-0.09175724725226993,0.0641603026436311,0.24782147387290554,0.75325
US11133T1034,0.3352875332304968,0.22487167461654775,0.010488417728612871,0.31645552201019056,0.7290370581693246,0.9549375
US3724601055,0.12158825279262482,0.1737104455619068,-0.13346506867750743,0.10703310232441139,0.42336207208704885,0.7685625
BE0974499312,0.26826492773848576,0.3276744161466348,-0.16274674894123028,0.2295479651745097,0.8214726484838719,0.82
US12514G1085,0.3731253336612059,0.19303303347806192,0.08599431590607626,0.35848162568200115,0.7096758989750583,0.984625
CA2908761018,0.0009588712247919508,0.10853954859354606,-0.1662009591124767,-0.004537979805376914,0.18655476166200446,0.4804375
FI0009007694,0.3765388046321169,0.2628280421199695,0.001027020875906922,0.3508413880397709,0.8326915424132638,0.9505
US00971T1016,0.19301381238482057,0.11660073755719075,0.011150163171789986,0.18636265151161022,0.392076145135178,0.9600625
DK0060615755,0.13751031417217768,0.11540383447558437,-0.04043142144371364,0.1330043986285187,0.3330190438603738,0.895625
US8832031012,0.059797275895993075,0.1055818691515441,-0.10493878839869601,0.05567608405642006,0.23898739436677688,0.713
US8923561067,0.3892894240476919,0.11696379061831023,0.20588939918242175,0.3838456311306816,0.5881657598084565,0.9995625
FR0000131757,0.29959775584185355,0.26174788270810373,-0.07875406738150123,0.27320915864299367,0.7646348630676962,0.8975625
US0316521006,0.3835513965494074,0.20607004885796454,0.07681404615451472,0.36848922447972743,0.7345379913595449,0.9823125
PTCOR0AE0006,0.30749764714417754,0.21626799561759733,-0.012026393214513887,0.29250310430717796,0.6871584121853715,0.9425
US15102K1007,1.2633701647258428,0.2935963395948855,0.8198102471588724,1.2427926790314567,1.774454448261125,1.0
US0584981064,0.20715062984175966,0.13227190342365386,0.0060299320851521674,0.19845571908992707,0.4348641841362265,0.955375
GB00BP6QM557,1.2270333211731208,0.7648560593437614,0.23657328477719036,1.1056700288571955,2.642652232475258,0.9864375
US58506Q1094,-0.07126356181580758,0.1157937960343587,-0.2465585764639754,-0.07828819040016285,0.1324691129511844,0.2401875
FR0000120073,0.24547960278449243,0.11319019521254893,0.06771768879352805,0.24063536402678581,0.43821837928814317,0.98775
LU1704650164,0.2650328922956454,0.16894285511335888,0.010116160907926986,0.25370488196035934,0.5603295039907191,0.956375
US6556631025,0.1308006024191492,0.16645803720332378,-0.11778947615972644,0.11891408637391093,0.42231390121274026,0.7909375
US64361Q1013,0.4154576430208015,0.14198593061057613,0.1931414614603319,0.4102717384027842,0.6543876260205665,0.99825
US26740W1099,0.7023219041483942,0.23789795856996696,0.34582801379773526,0.6833818744282264,1.1117473450987287,0.9996875
CA87971M1032,0.3271142191859248,0.15514020570537912,0.09218037387708221,0.3185587649144026,0.5927008187852303,0.98825
IE00B4Q5ZN47,0.09685220178208241,0.10403186669760703,-0.06606196682979715,0.09302231514401851,0.2713019118554731,0.835875
US4039491000,-0.07471051721404859,0.1272189899100492,-0.23586840073608759,-0.08171161524516453,0.10460214174303567,0.2068125
US5745991068,0.06948868340198623,0.10987884304278461,-0.0984557692667765,0.06293243289492917,0.26190494577076656,0.7424375
LU0038705702,0.07589446406008657,0.17219724044534668,-0.1815286687377641,0.0631376781880491,0.3734456297646251,0.661625
US65249B1098,0.41948163257704946,0.2276453899968398,0.087933324765531,0.40156564243385673,0.8121755409881339,0.9815
US95082P1057,0.24100269110187952,0.16610569060777858,-0.00935585895541551,0.23106275881987287,0.5247545683885191,0.9440625
NL0015000N33,0.38497490717127003,0.20260741752532077,0.08137010035390499,0.36995948684979796,0.7342031836179229,0.98425
US20603L1026,0.1585574949680456,0.17185178824172953,-0.09859823357358442,0.14660262196518578,0.45767813633308857,0.836
US05605H1005,0.3698213220229772,0.16369321697010064,0.11687671890809838,0.36154802656477003,0.6516251076814499,0.991625
NL0000888691,0.5830136954929303,0.31661796213343496,0.13141093663667353,0.5474232012939705,1.1599927817240467,0.9848125
US92686J1060,0.9876928958111635,0.27695005182021953,0.5695305296634825,0.9705445249166903,1.4644216187854258,0.9999375
US46982L1089,0.19805634293235191,0.12884621849639993,-0.00012605740257777312,0.1907254828483185,0.4235704654063514,0.9499375
US0537741052,0.1127243885238423,0.19357614765129838,-0.17395571631894743,0.0973639666156077,0.44698947441575065,0.715625
US6687711084,0.14706517012039183,0.17777784607906078,-0.12123581722819594,0.1347499052705956,0.4505761894659879,0.8105
US65290E1010,0.4216496839291767,0.13327145016999803,0.22473051733238014,0.41569583052290776,0.6412989859584713,0.998625
ES0136463017,0.7311378870504284,0.5007227953275164,0.051640071726824534,0.6638141923301561,1.629244573047745,0.9635625
US23918K1088,-0.11019540198069762,0.15141568598874122,-0.3322390458405214,-0.12181633352300203,0.15123179880094423,0.2058125
US88023U1016,0.3389387700020081,0.21078032055742504,0.025066226711512218,0.3220551260430983,0.7114991678692453,0.9631875
US1921085049,0.45140863877180665,0.2364964978349343,0.09980482720518044,0.43430871688444284,0.8633629471307769,0.9845625
CA92938W2022,0.7594841029448787,0.2324287066578339,0.401514043204725,0.7476685191688495,1.1547203620060162,0.99975
US10950A1060,0.15249025694334717,0.12024100571868714,-0.030067379286779664,0.14650422602708468,0.3590586804805345,0.91175
CH0127480363,0.20080380146291293,0.22884199877234285,-0.1325170521038748,0.1795888347012574,0.6056579018279992,0.8304375
US90184D1000,0.16023457218077383,0.17930049272370938,-0.10034027895031315,0.14549175140229528,0.4785883995377051,0.8300625
GB00BN7CG237,0.36395641763160336,0.193293069783444,0.07521042199309468,0.3506629644353464,0.6952367304014141,0.980375
US03852U1060,0.11873290413512817,0.11925270890346232,-0.06480540469242116,0.11181538887264847,0.3253174649459655,0.854125
US67059N1081,0.1428574149590404,0.12271801793768156,-0.04378476194827857,0.1360938298480942,0.35589595358358483,0.89525
US23345M1071,0.06406966579164917,0.12189613874682972,-0.1222779868177427,0.05652876864268643,0.27668070530639005,0.701375
US25402D1028,0.33618351563153115,0.1513475327241633,0.10321464862650472,0.3270591556086732,0.5969487177242464,0.9921875
CA36168Q1046,0.26703807922588535,0.17614499011565232,-0.002574847513556194,0.25562417008840377,0.5662971064093527,0.9479375
CA96467A2002,0.23354210654692242,0.1336061500759431,0.027743085135075483,0.22706109916925843,0.45926486264252736,0.9685
US8545021011,-0.01176082140094265,0.12225587002260559,-0.19840426070885137,-0.017975954041299966,0.1961185037275997,0.436125
US90364P1057,0.09769399320239285,0.1197509936149236,-0.08551408925795059,0.09222368257374564,0.3019675591164,0.80675
US98850P1093,0.4603126368777074,0.1358824025255451,0.24809467828978374,0.4543924557714488,0.6913602600474126,0.9998125
US89400J1079,0.23822578760939586,0.11764857649312815,0.05599665900839388,0.23296208467388252,0.43893031207345123,0.98225
US82982T1060,0.5964782453147254,0.23337839826993506,0.2458014341436829,0.5806212513983608,0.9974634374368014,0.99775
US70959W1036,-0.09774618498438097,0.1321659722936883,-0.29621067592099587,-0.10776042045119827,0.13157650542578514,0.197625
FR0013333432,0.37236975485125196,0.31842351598129565,-0.07963240814191748,0.33634063918201684,0.9448073764588891,0.908625
ES0109260291,0.3316271267180912,0.31503526500564955,-0.11413576371146342,0.2972272424210122,0.89206181792838,0.8804375
US7587501039,0.25813213901050164,0.17284695189226423,-0.004382239079470487,0.24736759522806223,0.5545774818591095,0.9460625
US6247561029,0.2999387325100064,0.388331829550096,-0.2070630010057921,0.24614999422812095,0.982048082080053,0.7985
US8894781033,0.1882696324853928,0.12974905785416538,-0.008481211809756,0.1799909016469481,0.41602017661096635,0.94175
FR0000121691,0.42921435189841156,0.3293665941705485,-0.0355300289698895,0.3905500586397257,1.0157562488230008,0.934375
NL0015002J37,0.45148765507088673,0.1727968475503422,0.18901199499510069,0.4416802447376702,0.7440934083547998,0.9975
US82846H4056,0.8201559388361084,0.268558085392619,0.4186436579471798,0.7995434060468695,1.2871519741206985,0.9996875
GB00B0MTC970,0.5842857200487056,0.4555485149037065,-0.021525876411824997,0.5239836903833334,1.398809262269788,0.9409375
GB00BYZN9041,0.6133431501133391,0.3468916832929654,0.11918815044710097,0.5760099479012699,1.2296250904720731,0.9830625
DE000A3E5CP0,0.3481224536138535,0.6069370453376169,-0.3326303803841224,0.24701774348853905,1.3492259687878196,0.7330625
US9604131022,0.35942984975248043,0.1527996229202717,0.12485033914595005,0.35208045874442684,0.6203797647108126,0.9929375
US5253271028,0.37807791009989095,0.17556814013912622,0.11733841610759038,0.36566811456842374,0.6820735043960601,0.991375
US9426222009,0.2575022815491306,0.16583665584016932,0.008487332585946005,0.24591471790620867,0.542473704429952,0.9555625
US88034P1093,0.604900265058613,0.17631744672299107,0.3327641749825179,0.5945032102959714,0.9082143039103568,0.999625
US52736R1023,0.1783534987861789,0.12950992787914395,-0.019959793405014598,0.1702061707607636,0.40179949786028635,0.93075
US30161Q1040,0.08858214231390085,0.11846576258566645,-0.09639410847567656,0.083213766354691,0.2923090574790789,0.7820625
US7415111092,0.06010118353591201,0.2528572520307328,-0.2912537063016732,0.03130712264086919,0.5054652260619963,0.55675
CA12532H1047,0.35990073660659666,0.16479838580375586,0.10995049582429293,0.350069832927683,0.6405223325028361,0.991
US9345502036,0.3908297096450965,0.15315062123365256,0.15768796748777233,0.3819742143826925,0.6568241689982854,0.9963125
GB00BD6P7Y24,0.7163963859025712,0.32947287486895777,0.25430715119532404,0.6868477207396199,1.2677072101378926,0.996375
US87583X1090,0.6735120528973862,0.273527140142152,0.2692239420257883,0.6517639597353073,1.154240664693302,0.9969375
US69370C1009,0.45231244846229085,0.15086729198781668,0.21959203947146033,0.44414818878475065,0.7114142903615782,0.999125
KYG4124C1096,0.7096069320451588,0.16134507296817827,0.4594319248980951,0.7036808185762957,0.9845234716045815,0.9999375
US83444M1018,0.14170116962297738,0.13888193465619886,-0.07048060705930431,0.1342719114869788,0.3824726337887972,0.8611875
US4404521001,0.049024834933488685,0.15143706524246808,-0.17166611782501626,0.03769355866716488,0.31119079064539984,0.6113125
IL0010845571,0.4229679701708688,0.2096014134956821,0.11126236141232948,0.4065901574605024,0.7932626164317964,0.987875
NL0010545661,0.12049575092794293,0.12137028700266982,-0.06496882719871494,0.11390650679668396,0.32758346377501896,0.853875
GB0006389398,0.6526383195174035,0.34384599030396434,0.16097065795326296,0.6157913787511567,1.2610807466722922,0.988375
US75943R1023,0.39244251270994124,0.18372255672087714,0.12280801136081303,0.3806342314110795,0.7115738517810517,0.9904375
US5339001068,0.1492813918207016,0.1566549843353533,-0.08459681081761883,0.13738336194532091,0.42184457001762754,0.8465
CA59162N1096,0.1146277966455033,0.14726615364161072,-0.10731903656218558,0.10515042764099881,0.3701091554108689,0.7926875
US7496851038,0.35434068981758626,0.14960271788096072,0.12357557136645404,0.3464549634938411,0.6083029873910777,0.9944375
HRIG00RA0009,0.4258745900893535,0.6101288159430296,-0.2999357938551004,0.31798786168622356,1.4846428255376518,0.7780625
US87305R1095,0.8206989860474199,0.36432712120388816,0.2866442018210212,0.7888759558198822,1.470179763179508,0.99675
CA05577W2004,0.17636926755272914,0.124298885649976,-0.012806051162214374,0.16870297543623752,0.38497235522547274,0.93775
US0126531013,0.5356414466488242,0.17171387769375523,0.27327568641797884,0.526595933322757,0.8297103074252103,0.99975
IL0010824113,0.28511315299285955,0.10370524201542158,0.12118664017142038,0.28207550981413887,0.46206047831296515,0.997375
AU0000185993,1.1588333872631482,0.3473396953328583,0.6443132822106641,1.1321579177520023,1.7712713987340278,0.9999375
US4988941047,0.4053996337304488,0.20539633017829464,0.094885642124775,0.38953310066880076,0.7657618808903303,0.983625
CA8911021050,0.21636232523636664,0.16128551121492343,-0.027950092176916373,0.20679644766550165,0.4913526593683965,0.9259375
GB00BSLNG492,0.5359572910767302,0.48047637918504427,-0.09574551893947579,0.4682555975403172,1.3914778689928604,0.9075
US2244081046,0.12076231520930228,0.14719137586387773,-0.1020127556672699,0.1104059373758624,0.37512277080646306,0.8081875
NO0010000045,0.5921255900848634,0.38439338004048756,0.05793178621952062,0.5483247625542769,1.2745158298901473,0.9685625
US2674751019,0.37515406968933157,0.1690863056842892,0.11944729429135667,0.36481363424993607,0.6649900692286793,0.9921875
US82982L1035,0.49481038801568306,0.19685810875860404,0.1962401029823448,0.4834658507085833,0.834623387713869,0.99625
US3841091040,0.15669069446466558,0.18016854344079494,-0.11511854751785239,0.14445852402395415,0.4735118848963591,0.8195625
US52661A1088,0.1875854714255467,0.1585361117327479,-0.049130449246114934,0.1769012598803412,0.4583619049219955,0.9021875
US03820C1053,0.1319286299059331,0.19012263943928065,-0.15130106623197914,0.1175617259978059,0.4634829964037911,0.761625
IE0005711209,0.035812901142494635,0.10979076436824525,-0.13157933854158343,0.02959050759344991,0.2258113428074177,0.619125
US1272031071,0.22027786455880577,0.17855774000395497,-0.04610768846495383,0.206673404061819,0.5285273483947343,0.9085625
CA0213611001,0.12659671447111576,0.13348861583620722,-0.07737608027150021,0.11819771821690626,0.354751833264637,0.8463125
US87157D1090,0.0887819012586061,0.16589973882989223,-0.15343762399916186,0.07681923770876253,0.36906429450839723,0.710125
US5770811025,0.40214581740496014,0.19145276956423976,0.11250926725947483,0.38867380323163525,0.7305773750561101,0.9904375
US4180561072,0.31007149897807657,0.1548060716772931,0.07990581777196705,0.29911873209225226,0.5780030956995355,0.985625
US91332U1016,0.2674273232541627,0.12020743651048116,0.08280248720413337,0.26098244938277304,0.4709082753661924,0.990125
US44951W1062,0.2660413701252652,0.5205896430211474,-0.35311491281541213,0.1769253038572094,1.1673583040279902,0.679375
US44332N1063,0.5407481639644531,0.16340187749681545,0.2913139598179867,0.5305400872435121,0.820452479753898,0.999625
US9892071054,0.2899316262957606,0.1319861863092471,0.08505884753446681,0.28354396553984385,0.5133230429084567,0.9885
US48238T1097,0.11316593489854006,0.15058042233719277,-0.11118557773909667,0.10156597130268491,0.3749912512686374,0.7864375
US7140461093,0.10932501777770587,0.12524176089527306,-0.0830075419482121,0.10260111604977273,0.3233649771564796,0.826875
GB0003061511,0.45261545369983724,0.5859761008765851,-0.27052766562551306,0.34880506864632854,1.50659118017639,0.8066875
US86627T1088,1.126077365254876,0.42157463210747953,0.5242850530373667,1.0794987653174684,1.8682631609520106,0.999375
US90385V1070,0.5420368044258612,0.3070988603389546,0.09495815042526237,0.5140715402866253,1.0783715885191159,0.9785625
US1156372096,0.0953725050023287,0.11792760327168617,-0.08552404799595724,0.08888447225162502,0.2974379186900895,0.801625
JE00BTDN8H13,0.43546805841443825,0.14671552933994433,0.21053063669557737,0.4276226410303987,0.6881553632845276,0.9991875
US0162551016,0.4101663575328637,0.16094926453567965,0.1698273926430534,0.3994544938548756,0.6905353421587743,0.99725
US05550J1016,0.21219004339491718,0.11732399438887882,0.030718278957457535,0.20580535044983375,0.4152602976248557,0.9733125
CH1134540470,0.40507117175375695,0.14048178816681667,0.18439288141266716,0.39826580332570116,0.6501862860473702,0.9988125
US98422D1054,0.7174998841926272,0.16307696888058223,0.46341528321158354,0.710028220379399,0.9959134237058949,1.0
US0138721065,0.4378641745594649,0.20371743917160054,0.13604239060118456,0.4223923418155704,0.795576655274125,0.99325
US5529531015,0.04817075039534528,0.10367034490184314,-0.11007025210695294,0.042929601753173334,0.22221654461967968,0.681125
US0718131099,0.0916295870720312,0.1596572146366861,-0.14673018941448773,0.0802210786842589,0.3721146145630666,0.713375
US2166485019,0.2724337098976472,0.15000775882960377,0.03898706545668264,0.26550075631517045,0.528221835798913,0.97475
CA5503711080,0.28440979433712144,0.1639011625009694,0.040123886778592674,0.273183286810328,0.561782382132528,0.9728125
US1423391002,0.27510070062282443,0.20434965926673168,-0.027078816599817097,0.25844550598997207,0.6356828554580004,0.9319375
CH0011339204,0.26910494885718816,0.7087963098609483,-0.34821907365897314,0.1889739043707202,1.1400956240020654,0.6969375
FR0010766667,0.27152386490865765,0.37289723088237775,-0.2212075871566321,0.22033108164908105,0.927973327367323,0.779875
US6833441057,0.5173585017466088,0.2086077878506514,0.20252382968078617,0.5021167856433881,0.881932278561894,0.9968125
US0997241064,0.15542603102098662,0.1364405653095172,-0.05108432033310482,0.14712610916776855,0.3941826866374899,0.8865
CA00208D4084,-0.03805396287463493,0.09147709856546889,-0.1798805545439216,-0.04288620157980858,0.11859483234712866,0.3125625
IE00BFRT3W74,0.11369233499548992,0.138724098188445,-0.09621625405800716,0.10581662135711481,0.3550337483567438,0.801625
GB00BYYN4225,0.624779077572151,0.2881121217493389,0.20292896155871842,0.6026078948985301,1.119356065260239,0.99275
FR001400SA10,0.32049838096840744,0.48840039077408726,-0.293246982235874,0.24409294670052384,1.1831846390958152,0.7504375
US5500211090,0.3050039379977144,0.12914569094573494,0.10372480277852021,0.3001993284965899,0.5264809972592471,0.992125
FR0014008VX5,0.2183501233345511,0.29317364860950595,-0.18850231549790777,0.184237173161438,0.7416797805876925,0.7764375
US6153942023,0.10794760759472365,0.2226551040321796,-0.21464220045753588,0.0853321959895062,0.5059526340047473,0.671875
US7234841010,0.036375676905433786,0.11410880944286904,-0.13814559639599644,0.02871177937917727,0.22959022712611019,0.6123125
US6078281002,0.42222140026565536,0.21881413682707465,0.09321995385866157,0.40688173175981224,0.8028148486281033,0.98375
US03743Q1085,0.11465357318573599,0.10153078564695471,-0.04438469000211569,0.11073916129300992,0.28819871189653756,0.8815625
US8826811098,0.0667738953704591,0.09424320952688088,-0.07934583476028471,0.06291615725109502,0.22585751989953973,0.7715625
US2283681060,0.15057557870052632,0.12860419750703306,-0.046084704802511825,0.1429438051367599,0.3708067821410235,0.897
US1251411013,0.4829241671661989,0.2687446231163699,0.08729117311575929,0.4618867764743718,0.959061473746537,0.9795
US8326964058,0.03356133818664621,0.10523598700637932,-0.13088354191757803,0.028893770779764787,0.21494824408489946,0.6185625
CA4932711001,0.09293489236947312,0.11976882657976624,-0.08749121617883429,0.08590978411045919,0.30066121582646643,0.7909375
US70975L1070,0.10655906776144121,0.13027648171562037,-0.08892553077071001,0.09898381868024754,0.327168644889836,0.8049375
US9022521051,0.5565586331239042,0.14638872731843103,0.3297810322878908,0.5481553718952265,0.8081744889402418,1.0
US28414H1032,0.24300082150791577,0.1359354212407648,0.03700245045743512,0.23629799666375845,0.475046165556124,0.9729375
CA0115321089,0.5806783478018911,0.2180441009475406,0.25145143118124325,0.5659560655350933,0.9540890148811569,0.998125
US05464T1043,0.24012400301525144,0.11604654506721308,0.060307650601895774,0.2350935805888396,0.44071824050536035,0.986
FR001400X2S4,0.05715522593444513,0.21693330714293443,-0.25116370556294637,0.03492151845733498,0.44794673541145985,0.5681875
CA87241L1094,0.1836611375062285,0.1612091987763382,-0.061760767974938284,0.17374515042681593,0.4602095093254056,0.888875
US3802371076,0.3347214841814954,0.21051422639819406,0.05947425183389332,0.32078106933985007,0.6377806500862258,0.9775625
US8962391004,0.5772680785248715,0.2124342610228142,0.25219391827500304,0.5639375384068958,0.9556823851499215,0.998625
US0536111091,0.2808069841132496,0.1672026826009613,0.027681219854147527,0.27049841040834754,0.573806481728233,0.96625
US2681501092,0.25245759132516166,0.09451091899229541,0.10466599227186377,0.24882917737720694,0.4162629637879589,0.9965625
US04280A1007,0.2692263317728875,0.1663962871725118,0.01565279012477749,0.2582657965879847,0.5574783177623729,0.9601875
US54951L1098,0.43311142974369643,0.18249907584486816,0.15526256441951322,0.4217621380883707,0.7502015392922298,0.99525
US26701L1008,0.3333629575452121,0.1154333375283618,0.15633732792097632,0.32741287892099247,0.5312843468501167,0.998625
US50202M1027,0.7111347657452933,0.17790449877326098,0.4406194583509632,0.7020047810142669,1.0086436061624398,0.9998125
US24823R1059,0.43703858321781225,0.1707253750531911,0.17758326968482777,0.4260138535468551,0.73419644811623,0.996875
US3687361044,0.3843380168789068,0.15620558075696428,0.1451483491319126,0.37625894012158906,0.6474862930679477,0.99525
US4990491049,0.17853255587752231,0.11775479738749943,-0.0023869145078398058,0.17255502613931736,0.3768558337649086,0.9474375
US8168501018,0.517366916196073,0.18711522518344414,0.23112481115052855,0.5070600370215421,0.83818711767377,0.9978125
US6501111073,0.1738061055928398,0.1672235571664546,-0.07765495370089076,0.16293469665129456,0.4630864319626185,0.8643125
FR0000065484,0.37561936455309475,0.2567320256895868,-0.0032437969680696455,0.35374213487813255,0.822717702112,0.94825
US0079731008,0.5691693285606024,0.20961390023953788,0.24943643810382055,0.5551503583614841,0.9348220963476479,0.9981875
IT0004093263,0.12195626790817439,0.25328722687085004,-0.24126762092140192,0.0954671727736996,0.5749766632450999,0.6753125
US5797802064,0.2994813742466364,0.15481126545145046,0.0655594963461674,0.2891180417978557,0.5704660142778838,0.9819375
US26142V1052,0.5437944888740879,0.14391724495299946,0.32270900986404694,0.5366679320861966,0.7892449074652678,0.9999375
US8175651046,0.25271402706222534,0.20334367496711225,-0.05284600633795745,0.23913739110052834,0.6089742612785186,0.9084375
IT0005037210,0.23796948946185614,0.37518227970362866,-0.26109829502746135,0.19135852799386308,0.8910466968941286,0.739625
US8322482071,0.3515132853118641,0.22786201533472,0.014891986355421724,0.33101920948217345,0.7539771983530412,0.957625
US1890541097,0.09288857409246913,0.12055677782947276,-0.09185188136673815,0.08731079167056494,0.2977340125426202,0.790125
FR001400PVN6,0.5652633562973215,0.36207321090590144,0.05759268390576168,0.522888844643436,1.208677666553244,0.9681875
ES0147561015,0.6506597821170421,0.6682931370610661,-0.18415379025328962,0.5378331238357728,1.8501007357108519,0.88025
GB00BL6K5J42,0.400849221411688,0.19132985004412237,0.11247826441503596,0.3880433752754554,0.7281320979743984,0.9885
CA11285B1085,0.17578107573700336,0.21572956639724142,-0.13735984064714776,0.1591402249576443,0.5486955454570431,0.8055
CH0002361068,0.39837472494155796,0.5699863749723504,-0.3073741660026521,0.3009155851077078,1.4130140550189276,0.768125
US6907421019,0.16275470307686168,0.13284587575296847,-0.04079925680497444,0.15598974061610302,0.3898096969347698,0.9061875
US30069T1016,0.20354443381086862,0.14337081266420615,-0.01524674195777469,0.19448770483892258,0.454573211532972,0.9368125
US8776191061,0.8671580058422632,0.28488003217873875,0.43966137996384164,0.8448625263180444,1.3707195756292279,0.999625
US04965M1062,0.5520149899063244,0.1691907814627255,0.2917726999022808,0.5439732289559466,0.8466211432236865,0.9993125
US78709Y1055,0.18457190959574185,0.11508260380466853,0.005227364964198655,0.17811941884433913,0.379869469110896,0.954125
DE0006595101,0.45953990716555154,0.5802564858959998,-0.27798638811793125,0.3650737787831321,1.5078425626339662,0.80425
US40171V1008,0.41800307180377916,0.18764639507736594,0.1396806158744329,0.40585724118800826,0.7337105139754009,0.9944375
US9427491025,-0.0036068863538371693,0.13656289153076034,-0.2101285886532678,-0.01273275849145684,0.2300891261089375,0.46
US09061G1013,0.38962985880908413,0.1395987778298124,0.17319043901462544,0.3844048188165491,0.6248101768564515,0.9978125
US7055731035,0.690278208737283,0.31599369958941675,0.23771117764817432,0.6614974982862423,1.2472400317662196,0.99575
US4464131063,0.2582127794767368,0.16808742453779324,0.006251671553578981,0.24535018329713298,0.5464609987740594,0.95425
US6267551025,0.06102694516991142,0.14321544675038536,-0.15572094103384146,0.05287431952914563,0.3092413905192553,0.661375
US1495681074,0.25987363981349115,0.3054783681485888,-0.17169377811372113,0.2272053304092701,0.8050485218745522,0.8183125
CA8029121057,0.17769171286517432,0.17212768002462864,-0.0812280210455255,0.1673864174355225,0.4721841361236673,0.8655
US1421521071,0.7991577726342732,0.25418932510718906,0.4156159023323975,0.7802734923009281,1.2380328151575244,0.9998125
US29670G1022,0.08523868806334677,0.19834914974558102,-0.2068797988471939,0.06708772650029696,0.43620900816958275,0.6526875
US29261A1007,0.30848084082109584,0.15566047943225494,0.06624899920454953,0.30050388146614915,0.5799777871226386,0.981875
US33829M1018,0.30189189276262485,0.12596599738149178,0.10869672789379065,0.29447237739312193,0.5170755630668881,0.99375
CA1249003098,0.2571320858993768,0.155978022467433,0.01688717465881597,0.24758626276588114,0.5259295584336497,0.96075
US23282W6057,0.22850542679998648,0.12526615625107757,0.03533675904491677,0.22237751272299727,0.4414595872433773,0.973875
DE0007446007,0.8435264032724468,0.579834335663644,0.07680633273716223,0.7612863332649457,1.9011324521207957,0.9686875
US45784P1012,0.6074320595076842,0.1573111050771332,0.36526292289693196,0.5985831608100234,0.8759110782924813,0.9996875
US8010561020,0.19730385255089852,0.27710883911657624,-0.1907027809353318,0.16520799837750857,0.6906819106623122,0.7688125
US3168411052,-0.026196237379676458,0.1426801625596717,-0.24233235486908042,-0.03629127038867315,0.22162259120544556,0.391125
US09073M1045,-0.007889743474569319,0.11877796651927407,-0.18970641352724418,-0.013970137597610477,0.19367996553091288,0.453
US04956D1072,0.338030041217429,0.252019903919832,-0.029408246995001004,0.3161064681098913,0.7830677616638048,0.9341875
GB0006215205,0.30747588102734913,0.45982722702608375,-0.21367790448856216,0.25467740712575504,0.9978833248472052,0.8018125
US25754A2015,0.31431500055129025,0.11296970424558055,0.13824338482241777,0.3099389621720099,0.5050011422496486,0.9981875
US03674X1063,0.35678528505372137,0.1341503164160299,0.14891355912017878,0.3495902056603396,0.5864099700181106,0.9975625
CA04045U1021,0.31716696542276146,0.1548412859950122,0.0805950401421599,0.30845672303805627,0.5843049421346894,0.9879375
IT0001469383,0.39425790604722044,0.3019124548993733,-0.03652814007188389,0.3610525883003848,0.9302999915048746,0.932375
CA03879J1003,0.5759169942059084,0.4765339723753228,-0.055719640255486064,0.5087938807281832,1.4362771975661164,0.9273125
US0427351004,0.12049975584824497,0.2462808266902878,-0.22765419189409247,0.09431730290620266,0.5551745305899318,0.680125
CA1367178326,-0.012685521797996174,0.14958429572443083,-0.23284892988079778,-0.024599317667570945,0.24867634728223126,0.428125
US2576511099,0.05625289265783987,0.20570975884028816,-0.2454925148924323,0.03644054932210901,0.4275178223028841,0.583125
IE0003YHD8K8,0.200995040013841,0.22825320422082246,-0.129743723047261,0.17980076886498486,0.6066487757289016,0.8269375
US94419L1017,0.2409360457006912,0.10823979095470898,0.07236723619396662,0.23557297155210877,0.427171408622767,0.991125
US78473E1038,0.24267680572682382,0.15178630262250487,0.009640229288431916,0.2326664363950084,0.5064766412729624,0.956
US1598641074,0.1002500937993838,0.12549439097577902,-0.09444529353014088,0.09417924549334167,0.31724581193300655,0.79675
US00790R1041,0.3422282284532135,0.1749461040048653,0.08328491461951229,0.3282861397138467,0.6488761638518917,0.98425
BE0165385973,0.1850941104973129,0.15134138347848705,-0.03853193507965206,0.17464550912416354,0.4399906686054712,0.9105625
US03676B1026,-0.03327711401047949,0.14645216272795383,-0.25088236594497837,-0.045161380221661426,0.22138451655538546,0.368625
FI0009006407,0.8306751487441095,0.7388247890870526,-0.10089179351029144,0.7106332877643534,2.166939552868366,0.921125
US1271903049,0.3180680636581088,0.16123547546279993,0.07137745042740586,0.3087441929883333,0.5939189339587646,0.984375
US4435731009,0.47951960672116,0.12736926917659952,0.27913829650875616,0.4751986156490474,0.6959271464305663,0.9999375
CA7481931094,0.2698664902413782,0.5050080719495533,-0.36465210660374,0.1885626659113841,1.1920533757505845,0.6905625
US5015751044,0.3056359822075017,0.12205971747385001,0.11480739096744108,0.3006418052785387,0.5115459005442,0.9943125
US86765K1097,0.13335938555858295,0.1747615604659743,-0.12148023110107892,0.11950502221503626,0.43488601225342544,0.789
US7835491082,0.14886961361295914,0.15375213980130867,-0.0834666935090711,0.1388059650047187,0.41116033047981837,0.85125
CA46579R1047,0.4289907334094748,0.1623950158742074,0.1760447770865045,0.42166981164197087,0.7057573344958251,0.9975625
US88080T1043,1.0490347785593612,0.2950175201330804,0.6028310072626181,1.0289013064903034,1.5611117666289438,0.9998125
US00130H1059,-0.017643227930653524,0.13082126655257326,-0.21320646154566134,-0.027204104629035723,0.2084330765626961,0.4141875
US3795772082,0.34942020198048407,0.1718177440013448,0.08699508912796389,0.33962100567734865,0.6488482469886512,0.987375
US7509171069,0.6415652294476727,0.2815141632062565,0.23287429063235718,0.61387177784172,1.1408188293663064,0.9953125
HRARNTRA0004,0.18780164234377716,0.49139560656386555,-0.40607011740249455,0.1069343620372597,1.0457411882495442,0.6153125
US74006W2070,0.8259795972298071,0.2902084620415697,0.3893617123561694,0.8027798522722935,1.3376017516898777,0.999625
US5370081045,0.32276937796578536,0.28731795703989654,-0.08669826248443274,0.29316527263338277,0.8356287129016847,0.89525
IE00BLS09M33,0.4332415105708055,0.16870015188182902,0.17436810339502504,0.42447413061968264,0.7242664192335585,0.9964375
US8299331004,0.04158895557389682,0.13456700379239495,-0.16066135670095197,0.03508034627965594,0.2674453720562863,0.6148125
US29358P1012,0.31634694652163725,0.23994775387356368,-0.03670292421671526,0.29412533038641747,0.73723802763249,0.9291875
CA3180714048,0.2674588876740167,0.1672432235644744,0.015480411800527925,0.25519376691373047,0.5569258621008869,0.959875
US1924221039,0.23269100092771786,0.11537333920607429,0.05429353202619587,0.22790408530134898,0.4286831574769531,0.9815
US6708371033,0.03092362165056547,0.12403607482966185,-0.15574913389185072,0.023028382618571056,0.24354319424237522,0.581125
US2183521028,0.12467612657882286,0.31334620631281684,-0.2969116729193327,0.08457714233063812,0.6757162132251959,0.6301875
US3789735079,0.19643049049149489,0.2739125871793901,-0.18297824142267416,0.16827979419880099,0.6714996309786657,0.7741875
BMG210821051,0.48529260168051264,0.3780451860465739,-0.038363085843984485,0.44316408953153424,1.1451713930392933,0.9340625
US4227041062,0.37993855256994424,0.23729703154696763,0.03148950825576227,0.3585140531643779,0.8009033129178668,0.966125
US00835T1079,0.7078509961394236,0.29602664987652316,0.2718001319756393,0.6813450522814276,1.2274671984314414,0.99675
US01973R1014,0.13845798293372644,0.16260176187891645,-0.10405920864902078,0.12594302839878113,0.420114676736195,0.814125
US03770N1019,-0.09038594655671164,0.11300415294489659,-0.26353610904945746,-0.09667902665944342,0.10067370798582304,0.187875
US2372661015,0.24765532197815296,0.1572503114114228,0.015225902220419954,0.23644050265515124,0.5093095695897897,0.96175
CA4436281022,0.4736385856980062,0.14083215357453954,0.25408694724696124,0.468153295527712,0.710975478632706,0.9994375
US8873891043,0.025403522491745704,0.13100683805153976,-0.1699784087540927,0.01628365158431963,0.25095953429656004,0.556125
US5653941030,0.2953442953421273,0.1155638943624973,0.1142524992506435,0.29042593768733,0.4896412152267181,0.9960625
US22663K1079,-0.25441724842660723,0.1001692502620129,-0.40514893671951374,-0.2610212430423611,-0.08149500624022303,0.014
US9831341071,0.4190737223290114,0.1343577096737855,0.21143261973983044,0.41319146241612337,0.6468400075678701,0.9993125
US5011471027,0.2217625513826274,0.1931558517632002,-0.05985022616898824,0.20554141132126635,0.5607812424771778,0.8959375
CA04764T1049,0.4424033741920979,0.15585241205868264,0.20575633345914682,0.4341902637881532,0.7088055773021383,0.998375
US08265T2087,0.43610648929395895,0.16475840445972426,0.1877740200401545,0.42604813178135403,0.7174561243559673,0.99725
BE0974276082,0.43009267347906244,0.31012456846572745,-0.01650343741369595,0.39956234692402326,0.9839392172086909,0.942125
US9467841055,0.6658311051799736,0.16415565650294814,0.4122039553477034,0.6578174979978144,0.9504975552486128,1.0
NL0010733960,0.5245471651274239,0.3666397331081992,0.012953697240740844,0.4836591552668378,1.1738424554530649,0.9551875
US92243G1085,0.7381094238033845,0.3494460123001279,0.22934828870241863,0.7090455625685572,1.357380535544884,0.9933125
US92552V1008,0.5635052444345429,0.2845492127200348,0.14526108408006683,0.5381771076254468,1.0558799216082444,0.9881875
US6882392011,0.1554354958655837,0.11871056243258897,-0.031914742575935205,0.15033277345561558,0.3538687602254013,0.9168125
US9139031002,0.2607209421529955,0.14097355666550576,0.04196879175061423,0.25455152535278125,0.5019972214416992,0.974375
US4622221004,0.4566673999510396,0.15113099035973326,0.2211234408039717,0.44944360524547544,0.7153629334883139,0.9991875
US03589W1027,0.8644565304786949,0.6069990187738684,0.07611412521771409,0.7728003439651848,1.9600027435149012,0.9681875
US00508Y1029,0.15525831192356235,0.18214924266263463,-0.11292801655973612,0.14193382380817585,0.4671031389031985,0.8138125
US8064071025,0.12527494828717486,0.11990051124270984,-0.056218810842994724,0.11837857029324991,0.3282765678034635,0.8664375
US40637H1095,0.07548874775343205,0.1505035806083699,-0.14785064062149142,0.0638813346935074,0.3392547349661769,0.690375
IL0011684185,0.050155095382846356,0.09987242883971562,-0.10581234262806337,0.04389063506088186,0.22140084218376416,0.692875
US9255501051,0.7423824185450114,0.271930439803703,0.3344125414168485,0.7228109454185131,1.2154421483778448,0.998875
US53190C1027,0.056423435145373985,0.12129561920329109,-0.13369487808368954,0.05180988287508659,0.26288693621323395,0.6779375
US00138L1089,0.4405215736572628,0.3556464757982989,-0.051399033652177614,0.3977012093179001,1.070699340738537,0.9245625
US3666511072,0.32235848663036165,0.1644410070512276,0.07758001097193964,0.3129654869772901,0.5964401924746944,0.985875
US9746371007,0.30377181198240943,0.20639631314198736,-0.0001642540605805335,0.2883841125569927,0.671804953977107,0.94975
CA3759161035,0.4325038448309705,0.271428121983877,0.039841300199915324,0.4085739688979516,0.9058857335230232,0.9659375
US53263P1057,0.850840134401788,0.41604438403982835,0.25399476383354275,0.8087577947953702,1.5801520585174944,0.9930625
US1167941087,-0.005431847489128588,0.1261435689457402,-0.19636238197324307,-0.013585886639446381,0.20995283429437692,0.453375
US4234031049,0.540512621134015,0.25696240632585154,0.16642003191483384,0.5194042033432814,0.9838432079988472,0.992625
US34354P1057,0.2706894774043376,0.17131266114611599,0.013159899578007664,0.2579585260646935,0.567284000677229,0.957875
US3773221029,0.2070421108601792,0.14765638397675823,-0.01676619562412532,0.1988784679955085,0.46178768988869834,0.9365625
US00773J2024,0.07999103512497305,0.12339478766778446,-0.10715825458117076,0.07258166933396584,0.2962021239075528,0.7425625
US5627501092,0.3133552873382475,0.17683612019495812,0.04722580904327005,0.30012466341344674,0.6201033976651662,0.974625
US8808901081,0.10330483056064106,0.13459692208403848,-0.09903053918908757,0.09357110372865682,0.33917283330133186,0.783875
US7509401086,-0.002400151476286161,0.1281390611707853,-0.19881848210374264,-0.010043614536315443,0.21549439498547612,0.465375
US69932A2042,0.1524060417330515,0.17941947972735667,-0.12059239637069992,0.14120217439801316,0.4639741233464803,0.8121875
CA30041N1078,0.2523217384802289,0.2443695238297026,-0.10172110360430145,0.22973929655855968,0.6803847204330837,0.87
US5771281012,0.4565852830958053,0.46731110489220656,-0.13014328234757536,0.3998043276917812,1.21197445170749,0.8845
US75281A1097,0.1405111634844194,0.1068240746231917,-0.022121238941587497,0.1352361199609749,0.322985676872746,0.921125
US9288811014,0.39557565643410636,0.1891394374488385,0.11053035742374533,0.38274990925787944,0.7239296629135233,0.9883125
US8910921084,0.11397172893526004,0.25812418159978595,-0.22749668927639377,0.08814273566565775,0.5450101789543811,0.665875
CA89346D1078,0.2589752308173055,0.17462206489049495,-0.0015197469604205005,0.24576375556018173,0.5602952325407012,0.9486875
US2540671011,-0.04785645295998786,0.24691323644994898,-0.38543187400565826,-0.07900846385465474,0.38875728138585164,0.3609375
US50077B2079,0.735667328563285,0.22586860350764124,0.39847186651817745,0.7196761857553069,1.1285288550722905,0.9995
US57667L1070,0.12757438070606308,0.1195814268424243,-0.057287663475411525,0.12214000131522447,0.32998030703170683,0.8681875
US0995021062,0.14548039710997823,0.16369166467369942,-0.09775430609764203,0.13434741235107758,0.42843534090658775,0.827
US82706C1080,0.19016745310988278,0.18973834021575067,-0.09002665849842857,0.17515555141622197,0.5261022401650782,0.8581875
US28618M1062,0.303978925825486,0.1839694745639661,0.026500924898645563,0.2912759472725614,0.6297696144882176,0.9643125
US00766T1007,0.46789334082808093,0.1729018846453224,0.19872485416397012,0.45836316184508075,0.7650212062308209,0.9973125
US83088M1027,0.20577394771027552,0.12808421553314814,0.00825837099902396,0.19908738783200527,0.4262555659009068,0.9565
US5309093087,0.38774233741181996,0.5820854393428988,-0.2992611489778971,0.28723415398776486,1.3933670669000042,0.765125
US0900431000,0.21078121464408262,0.12309676950668866,0.01838231884661203,0.20632830359678395,0.4203851793317544,0.9629375
BMG667211046,0.22793551970676215,0.11317938243590957,0.05376999668528819,0.22194876064549787,0.42293480870234473,0.9826875
IE00B56GVS15,0.02468185498812288,0.11071889051280706,-0.1455632160469682,0.020500747437317512,0.21490920957136445,0.579
US0010841023,0.05650133531261749,0.11674440689151991,-0.12337513937934037,0.04941253512408333,0.2554005188781709,0.6839375
US74366E1029,0.20997951666721787,0.15130105418364884,-0.015372544208705723,0.20000839658413455,0.46905055024302816,0.93525
FR0011665280,0.35676712457963516,0.2847839971561018,-0.031032334358827362,0.3290002372730495,0.8306545196385364,0.9323125
CY0200352116,0.1318662717280482,0.2613262424337549,-0.23760045882893377,0.10325098952877504,0.5966521616697008,0.68325
US0528001094,0.1753744653235686,0.11775174300215702,-0.007981091367233035,0.17029527214031456,0.3753091119527075,0.9426875
US9409231050,0.26256446337826284,0.2078032709718581,-0.05097244058352683,0.2466640171267006,0.6272586173247771,0.9154375
US52490G1022,0.8604548946535576,0.3432096834905905,0.35671442410544246,0.8302389176340017,1.4643018573581523,0.9985
JE00BS44BN30,0.4448728937721866,0.14346083353299108,0.2225386084895443,0.4373101479447208,0.6902148765293386,0.999625
US0905722072,0.037071762057141106,0.18782471125542075,-0.23847043991874312,0.022264746981487938,0.3660644937193068,0.553
CA2861812014,0.3878009191895263,0.19225906939197496,0.09560770184605565,0.377900673205157,0.7187117728796213,0.987
CA26139R1091,0.2839708500409394,0.1549237987043037,0.04716623187055411,0.27666370971185983,0.5471240096186838,0.9764375
US01749D1054,0.36922330633013534,0.17822731443621434,0.09752245095723232,0.35832933913299825,0.675272735576765,0.9873125
NL0015002SN0,0.16769788575812364,0.12986529111739592,-0.03167330128156827,0.16248606233688367,0.3884545256309635,0.9145625
US2963151046,0.29141821807357693,0.2702837970266291,-0.09026866571904021,0.26156596475076965,0.7751608208070179,0.8855625
US78781J1097,0.31980895632726297,0.12144559215607326,0.13194501089399366,0.31417486062623845,0.5272402075595913,0.997
CA4509131088,0.37556480680439946,0.22951614813306107,0.03534481310590731,0.35840670977450384,0.7758553387776388,0.967
US88023B1035,0.6286251036057908,0.2240054273370679,0.29080354760232113,0.6119083485546771,1.0164668789989995,0.999
US21874C1027,0.4141588930919362,0.1615232052632277,0.1687062509919952,0.40411750679522784,0.6901377489402907,0.996875
US0003602069,0.3733913435826078,0.3158729396828615,-0.07126870741277126,0.3394792565526412,0.9362592569443046,0.9085625
US4281031058,-0.09784680462923384,0.15013350608141596,-0.320232998709641,-0.10911813151717684,0.16433262057786213,0.225875
US8318652091,0.15838044963572973,0.15251124528994425,-0.0662959815464104,0.1479778393384426,0.41931125969660954,0.865875
CA1350861060,0.383844506067211,0.25179869215876416,0.017136706659352373,0.36121634619266985,0.8289993554499945,0.9584375
US1431301027,0.022674476167718942,0.13521967462477802,-0.18156300177219467,0.013099931937955524,0.25644385580652396,0.545
US16679L1098,0.5501411278185262,0.15927576943453822,0.30583612122291776,0.5415189734898045,0.8231430712221491,0.999875
US7672921050,0.4771038234042991,0.16269341257905517,0.2289336422105116,0.4679345551655433,0.7554262425708652,0.9990625
US0381692070,1.0645985666422384,0.41158068489154986,0.46906892113369436,1.0235969078239355,1.7922016798416085,0.9989375
US7391281067,0.3878447817892179,0.3185355108618824,-0.05486898327470447,0.35281553171554725,0.9509882393055361,0.921125
US0383361039,0.313106444861773,0.22550755964537744,-0.02121579648538713,0.2963944640465574,0.7052218615148212,0.9384375
GB00BYMT0J19,0.19761505291074827,0.16297641125254564,-0.04946961247171062,0.18547970454640667,0.478651911466664,0.9048125
US4282911084,-0.006058125986870255,0.11329581117026995,-0.17535047010611246,-0.01279872177073665,0.18061776311422484,0.4481875
CA53278L1076,0.1774591039469466,0.19946561014920908,-0.11585256056331786,0.16388445540831442,0.5242564339019409,0.824875
US88162G1031,0.23718548307800313,0.21828010613192717,-0.08470796918466306,0.21794084931065788,0.6242267328814143,0.881125
US02215L2097,0.1996532880942986,0.12542908186857235,0.006034508801547784,0.19256172587364412,0.41418031438329556,0.9556875
US45258J1025,0.1434119309303423,0.14690165483340303,-0.07856223071056852,0.13548198806373962,0.3970591978059679,0.8489375
US88339J1051,0.6272859998268332,0.15867288077421,0.38150041980696714,0.6201782597928048,0.8974232258919439,0.9999375
US3463751087,0.6045873375060314,0.27181051414021423,0.19394326593582933,0.5826951986915043,1.0804370605056104,0.993
CA1247651088,0.25832141111882834,0.15380295389319026,0.024037622401597052,0.2504651122520495,0.5227476732733898,0.9656875
US72703H1014,0.5846474530826136,0.19582929888106176,0.28133625176853977,0.5750644177460376,0.9213307514934086,0.999375
US8807791038,0.08686217043398285,0.13676656853467975,-0.11973036035785874,0.07887120932352984,0.3214273369489378,0.7423125
US42226A1079,0.32390942935078554,0.14343958754404293,0.1044739987838685,0.31624640599272447,0.5703291670093782,0.99275
US03823U1025,0.8614832332276186,0.5367087117138221,0.14206545232986015,0.7928840016745367,1.817150175092226,0.979125
CA83671M1059,-0.05057910917340772,0.09841779890443086,-0.20281392703593945,-0.05586353762771701,0.11888789465336937,0.277
US1096411004,0.06837256650336856,0.09971618817796568,-0.0869756999320286,0.06378423874126173,0.24095084735468483,0.75975
US9026811052,0.24752255121858577,0.2982078314531305,-0.17142045432683167,0.21513100646663208,0.774379714357423,0.811375
CA14042M1023,0.19915079055312532,0.14379356931776827,-0.018497497706571924,0.1890812083813184,0.4425039872332649,0.935375
US8536661056,0.33771286958522284,0.3346029063468807,-0.13209407101097032,0.2990046920923496,0.9417854781106488,0.8668125
US04010E1091,0.3068930219602074,0.2699515486289912,-0.08530690776931177,0.2837799499426653,0.789163568163822,0.8921875
US98980F1049,0.64299322860035,0.31240620343959086,0.194904040731486,0.613032579526646,1.1810211703910518,0.992375
US78454L1008,0.20371806845983653,0.13703756466792139,-0.007874306837179457,0.19590349289866293,0.4372921227254677,0.9429375
US4972661064,0.28643423102909277,0.20984129527381673,-0.02994088644949946,0.271972342211001,0.6492570017458736,0.9333125
US88322Q1085,0.15714846744360786,0.23036211390928468,-0.174394367774376,0.13603505683463743,0.5577137797291366,0.757
US6361801011,0.2782861153498251,0.4085339080388484,-0.2606384781047731,0.21801226067312662,1.007197073704062,0.758875
US29415F1049,0.16034693695932833,0.13496667213174504,-0.04798214857059796,0.15324167892667243,0.389180284137319,0.8993125
CA2849025093,0.17976510734129905,0.24672669307415376,-0.17119022002403023,0.15634741266293956,0.6046429151005157,0.7719375
US7416231022,0.40033253966438503,0.18929980813165298,0.11832440743974817,0.3860392283720695,0.7260279751501894,0.9900625
US45256X1037,0.7891000927459224,0.4734188086585496,0.12743929066470883,0.7351804019562515,1.6514202143020325,0.9795
US4511071064,0.12016525997461952,0.14031581763425163,-0.09669647330438631,0.11172267913865211,0.36191787989175117,0.817875
US98983L1089,0.1625707139897333,0.15018065306963813,-0.06507284644650205,0.1521201649278972,0.42075317299726644,0.8780625
CA32076V1031,0.5365362046432827,0.35520294138887976,0.03603455741785968,0.4978619623618038,1.1552746501964335,0.9625
US0042251084,0.31576816691103365,0.13982222415755763,0.09778452954017963,0.3094150779758589,0.5567762786741941,0.99075
US8290731053,0.1282267885382529,0.20630596684532487,-0.1666920586641468,0.10921708969422925,0.4857869968449674,0.7365
US75704L1044,0.1676101597825582,0.3262573956784612,-0.2776780986966042,0.12466450317027757,0.7559318625333575,0.685625
US69380Q1076,0.12074335896587539,0.19168537125529517,-0.16049992518766565,0.10476393254864652,0.4544330972261163,0.738375
CA2918434077,0.05681035123565996,0.16285123404104263,-0.19123245438267655,0.04464164708066109,0.3341943713105905,0.6233125
US2044481040,0.19271465776808375,0.2357005815373955,-0.14981129594911366,0.17186269280569183,0.6084519391503824,0.807125
US2017231034,0.18922953525407885,0.1456088813883514,-0.035001953273934946,0.18070796216408497,0.4383113746322758,0.9174375
VGG2662B1031,0.7723849249437658,0.5426704614309873,0.05087896740932839,0.6953008962977419,1.7413504407679603,0.9641875
US0080731088,0.6868971340348914,0.1871978016963071,0.4011648313510892,0.6763502295582509,1.0112469922227716,0.999875
US12008R1077,0.41776680894198504,0.14660196789832403,0.19447535067371563,0.4090191513019173,0.6683688794311663,0.9986875
US2774321002,0.3367718940901863,0.14812692947610673,0.11034688371218769,0.326928232044307,0.5951459599375104,0.99375
US6742152076,0.30349947162275565,0.14961302392094813,0.0812773400590281,0.29471882092931223,0.5519967934761968,0.987625
US60871R2094,0.1463805961199074,0.11155359958939427,-0.027263690008345224,0.14252993778798384,0.3382864009634585,0.918125
US53635D2027,0.010146869396422053,0.1792619523971845,-0.24729965774127322,-0.006594784645378668,0.32205680778449375,0.48375
CA3771304068,0.3757761113751601,0.32157482160248896,-0.07735152003048255,0.34005722104666647,0.9432335664544594,0.906125
US62955J1034,0.08362639511664059,0.10482417470263601,-0.07997423778509981,0.07931700461690416,0.2610270627038103,0.7993125
US7599161095,0.49968679600070526,0.1495492911440975,0.27047466642332535,0.49134941444471775,0.755379023561925,0.9995625
US69318G1067,-0.10605277976376938,0.10721063414578401,-0.2696023511853123,-0.11272437288005563,0.07811331121449655,0.148375
US5218652049,0.04305390626480856,0.117385505048491,-0.1370639430259913,0.03779996508378722,0.24285941115381832,0.6390625
US4778391049,0.23894320198390182,0.23393276156058898,-0.10659810772575418,0.22066276741594293,0.650913476980374,0.8605625
US0396531008,0.07905274195199652,0.501272954407312,-0.22666461799712365,0.05306089276634106,0.44125952165101984,0.6205625
US6475812060,0.4265175674160181,0.14178357018555157,0.2089101667667068,0.4185347301652784,0.6693804895526358,0.9989375
US05352A1007,-0.003904872605119195,0.11994120365096075,-0.1839772178031653,-0.012406922229233463,0.20497513194335282,0.4560625
US5367971034,0.1785601322614679,0.1254531314066285,-0.013421756448896923,0.17172216116071654,0.39543861580596923,0.9363125
CA85472N1096,0.619553242271516,0.20967103726740793,0.30291411601585777,0.6049853000542949,0.9856436566798141,0.99925
US29786A1060,0.025733054385263923,0.08884234005961804,-0.11402630461089969,0.021755346620168224,0.17761085155087342,0.60525
US52476L1098,0.7653178384588707,0.18325705634522207,0.4801823436821246,0.7579390960312761,1.072703806070919,0.9999375
US74736K1016,0.1391594913521785,0.13917464686049819,-0.07070736906267243,0.13062580676324714,0.3799764260955134,0.855375
CA1366812024,0.08285049749635134,0.1406923664615211,-0.13160356304215715,0.07312364022392878,0.32526299499230915,0.72525
US5533681012,0.7889334771421234,0.21448403803400462,0.46479813878790305,0.7758484752751813,1.155253092702152,0.9998125
US0900401060,0.7069849578163987,0.14272211057390569,0.4870567545576494,0.7015388423019455,0.9510832104066365,0.9998125
US76243J1051,0.3692652704034917,0.15828571883378725,0.1235363435734814,0.3616778132242922,0.6383487965576965,0.9916875
US8269191024,0.07059052851108756,0.16271711176839868,-0.17000689851892908,0.057858202015965914,0.3562478440988462,0.6558125
US61945C1036,0.37808951338824404,0.14287761682135264,0.15987641943792502,0.371278218089253,0.6229643087069842,0.997625
US31556C1062,0.4516455303153018,0.20248572845758553,0.14640937187269082,0.43724662635090594,0.8010029438220334,0.99475
US29355X1072,0.23183322137008253,0.2671532238707616,-0.1434907839791091,0.20182027064731278,0.7068537904002606,0.8275
BMG391041073,0.23664327609737484,0.1558672430346796,0.0007594811538735236,0.22560618963531703,0.5043783598883914,0.95075
US5165441032,0.350481559657675,0.1584706106867165,0.10820430683756874,0.3420695013552464,0.6226875821225194,0.9915
CA14071L1085,0.2636425833620387,0.1243857848457554,0.07080457576774143,0.25786298501470123,0.4763572926047493,0.9874375
BMG0750C1082,0.17594314740311215,0.13305147238936582,-0.025029182216162682,0.16812823151884607,0.40600647616663343,0.92375
US02156V1098,0.8635378514047166,0.27787498985647346,0.45352663930755466,0.8413599815809317,1.349308818542458,0.9996875
US18467V1098,0.2573249300298041,0.266317190662833,-0.12142628835100265,0.23009217537417231,0.7279550503519686,0.8548125
US05329W1027,0.20614865973577803,0.14583754359230908,-0.016516445875472695,0.19749611615891416,0.4568309346248463,0.9348125
US15118V2079,0.8134304159516341,0.2177393763885846,0.48395948773949166,0.8006284907887643,1.1873022434226774,0.999875
US6081901042,0.12256602541334741,0.1278625608736371,-0.07585857889463038,0.11631590900756453,0.33955729976560045,0.8459375
US04247X1028,0.29192981636937543,0.173975129287633,0.025566646979368154,0.28121648657674686,0.5976075681005069,0.96575
US60741F1049,0.3910879722149116,0.1675429541304285,0.1343336063336473,0.3802128154913317,0.6795447132959093,0.99475
US4571521065,0.22263825992194278,0.14743655431426034,0.0010663146287961849,0.2135828893995015,0.4770766189829495,0.950875
US72147K1088,0.2765289507931659,0.20083391946303142,-0.01772555043440787,0.2621276764279682,0.6193427821432376,0.9376875
US5132721045,0.09684404518158334,0.14537828363171776,-0.12431824357024694,0.08788432409114269,0.34723737234516217,0.7578125
US70432V1026,0.13802398806242366,0.1261916942413402,-0.05579606893167153,0.1317747892545394,0.35437181655445504,0.878125
US16359R1032,0.08863250441779996,0.225448845103193,-0.23947710664698368,0.06661703550493477,0.4866961175652252,0.6336875
US5534981064,0.1865634782681433,0.1834264237045886,-0.08349365355212848,0.1714714335410779,0.5083964343223873,0.86325
US1727551004,0.4722530137931412,0.33710527661882944,0.00456157990747319,0.43267970564840785,1.0632421756978212,0.9515625
US1280302027,0.03502536782791798,0.2178387876120559,-0.27632923821363337,0.011373223289589802,0.4276171374149119,0.5241875
US73278L1052,0.4248893676678131,0.19569357446883015,0.1278590412049628,0.4140398584483699,0.7583948552528724,0.98975
US2270461096,0.04658440443168004,0.13732859971661865,-0.16337301033755428,0.03831287635084471,0.2812334608317695,0.6223125
US93627C1018,0.3025861902976072,0.23274712719147508,-0.035936682963136804,0.2817229087836408,0.7004756535580524,0.9281875
US45867G1013,0.7044014195988889,0.43615523346453666,0.1063635617936793,0.6485185210331681,1.4882238246982429,0.9780625
US87724P1066,0.009903295183410574,0.26324556579342206,-0.3551981873323264,-0.021308210806256455,0.47677527426844557,0.4641875
US80689H1023,0.07599768014604132,0.12238186678203995,-0.11269118377296165,0.06911426031824917,0.28818405979363215,0.736625
KYG961151035,0.43388013842405504,0.2418289013715323,0.07621742376387401,0.41416246783626043,0.8543126335156088,0.978375
CA8740851032,0.4462737731772933,0.3034130254717339,0.011303326260374702,0.4177680020597383,0.9763167265048904,0.953625
US85208M1027,0.4039525682588685,0.18237880821443567,0.12942170653205073,0.3926277842925403,0.711925783591599,0.992375
US5535301064,0.009668538102726273,0.17760455559521487,-0.24982556863066396,-0.004809243520844231,0.3078699213143085,0.487625
FR0004527638,0.4449195114116043,0.337831836106375,-0.030672970199909756,0.4116541140499117,1.0428994024921399,0.93525
US6047491013,0.34079540447174994,0.15494373908481235,0.10538801961368348,0.331078889983934,0.6133533571298337,0.991375
US29275Y1029,0.3938689936785657,0.26918023493215437,0.0033139141655830827,0.36910585515215555,0.868153594757247,0.9518125
GB00BMXNWH07,0.14894907232712967,0.15896555479673258,-0.08797204923066823,0.1373773253525168,0.4212478666251211,0.8418125
US48553T1060,0.48700297439113505,0.14832431300181642,0.2594566114427309,0.47917144409834156,0.7365191066211173,0.99975
KYG651631007,0.432547905922396,0.30519372942817646,0.0027937001894624237,0.39990568665162485,0.9718164141911718,0.9510625
US92763W1036,0.3334650710052344,0.13691882737785424,0.12371883230146477,0.32563222832387145,0.5704580189772522,0.99475
US3647601083,0.4242859022727778,0.1585297598609441,0.18329026378276664,0.4160327862491545,0.6982415983235035,0.9975
IL0002810146,0.10486480802670274,0.23960041841383342,-0.2374853661431093,0.07841176322348545,0.5312379311886759,0.65275
US26210C1045,-0.054731387501476034,0.16820625362026762,-0.2978936823334364,-0.0684865464015712,0.2330193714491835,0.3261875
IL0010952641,0.4679238903950288,0.1802380858901483,0.19418113446417234,0.45588258627012196,0.776872449723881,0.9969375
US19240Q2012,0.4412074894118224,0.20336857327321348,0.14230632594842824,0.42699954650536576,0.7828837713296563,0.9928125
US5150981018,0.044712955021825,0.11739471896704295,-0.13469281192569466,0.03672159156851604,0.24900260948483002,0.64025
US8448951025,0.240745101616896,0.17560150732462276,-0.023608754763087728,0.22820909121241334,0.5422387320356631,0.9320625
US81764X1037,0.5581672468213744,0.18210819678548973,0.28009913179915485,0.5486673043555447,0.8703152944969136,0.9995625
US70438V1061,0.34673635012169807,0.14406655627561207,0.12313328450832242,0.33965102453250007,0.5937346491116126,0.994125
US9182041080,0.15889510378197108,0.12935667439844084,-0.036494371251793715,0.15207206868306825,0.3787673435453156,0.907875
US3020811044,0.5636216504007201,0.25203376691049534,0.1885640693887897,0.5439770281346328,0.9902714681598042,0.9945625
GB00BFMBMT84,0.16572356490003226,0.14262798437859212,-0.05130253204317993,0.1560628732627704,0.4136555766664654,0.897
US9264001028,0.10023062351718097,0.15007204705266192,-0.1274163305170007,0.09077272585712062,0.3560659944433834,0.755625
US53947R1059,0.3013878158760885,0.24967977152455265,-0.054169880211054316,0.275149683151808,0.7479354359456293,0.9130625
US7291321005,0.2841770477271255,0.27547153181856976,-0.11032281584016541,0.25817897546123564,0.768206230478367,0.8703125
US1858991011,-0.07062652266187158,0.12426900262359894,-0.26120160883796995,-0.07687730219727437,0.14225008635311992,0.2539375
CA0467894006,0.06703267453646435,0.16940371748947153,-0.182417320553664,0.05296948809297501,0.35311474587031627,0.642
US26969P1084,0.053628797011783115,0.14042279789109696,-0.16059457015595666,0.044655302622770655,0.29841665025014746,0.636375
US53228F1012,0.03624210148291141,0.1494660875640563,-0.18972103921969474,0.024846206571188537,0.2973605992303916,0.576625
US50127T1097,0.9051943776798758,0.5211042578059237,0.19742092347235213,0.8438883918652176,1.8276051411104373,0.9860625
US5018892084,0.5487240617855943,0.24296751555912022,0.18624458686951864,0.5326489443037724,0.9769745755451485,0.9948125
US60744M1062,1.2363818375935234,0.43735319375027676,0.5977067857816822,1.1987834076355135,2.0074915232565793,0.9994375
US3614481030,0.34133278739234674,0.2657595374271717,-0.03832815149156979,0.31705439287913784,0.7934481224083616,0.9295
US4330001060,0.5008120605197303,0.1993113524412648,0.2016098952713474,0.4870271091183608,0.8438239178140756,0.997125
US57776J1007,0.6515667901073695,0.25274773697480324,0.2724689190981364,0.6333710733016863,1.0938555005017656,0.9985
US57686G1058,0.26327178594052303,0.301585700688797,-0.16388838199633185,0.22916408448926093,0.8069603736932038,0.8280625
US69366J2006,0.26331772073480486,0.1547026178428633,0.02625634409192651,0.2533648184208618,0.5350370035929574,0.96625
US0239391016,0.3116325195751967,0.18197797505755248,0.035852752936971245,0.2983191684556534,0.6350153894292612,0.9698125
US03957W1062,0.3062117744675469,0.18343977013854723,0.03354606093760795,0.2923853325766278,0.6283967110627224,0.970125
US74982T1034,0.04662304817231383,0.11774003918922803,-0.13248819051455601,0.039125156911290364,0.2505088045678633,0.645125
US88025U1097,-0.12879633409781763,0.10542037920824347,-0.28968480850035094,-0.1344552158814033,0.049332232334246426,0.104375
US5502411037,0.2028723148361025,0.1669432995298401,-0.050966918799682064,0.19162411100534654,0.4924357698204925,0.907625
US1344291091,0.11743731143319384,0.14557717872016168,-0.10361723543937638,0.10863556329123183,0.37107467452580084,0.799625
US1033041013,0.10925633561913733,0.11557891316450966,-0.06971413278257203,0.1034188592107457,0.30393883931348703,0.8410625
US69349H1077,0.08230989740752745,0.16947563507227867,-0.17026950570571467,0.06904192291705416,0.37919608698339524,0.6793125
US74275K1088,0.5713678465922737,0.16898181876474513,0.3104162947510888,0.5624107637990148,0.8620702227551519,1.0
US2935941078,1.347173225090462,0.7615999566216172,0.3452983542435497,1.238782930827363,2.7151670184401517,0.9929375
US4571871023,0.25348689011720466,0.22505454695462365,-0.07429932553719341,0.23207883033754306,0.6386232308026198,0.890125
IE00BLNN3691,0.2698175743334491,0.16146527587773804,0.02601233708512023,0.26074083816702265,0.5479384947652609,0.9655
US36165L1089,0.938715376313368,0.2252535724232992,0.593820661034796,0.9274790354043873,1.32864287637043,0.9999375
US70202L1026,0.2644172123723491,0.1625696908998606,0.013999362044649535,0.2541576199557363,0.5422350367856279,0.9593125
US75700L1089,0.20939583673237086,0.11909221664171694,0.02308373799768771,0.20529092688811512,0.41170504355350995,0.967375
US7476191041,0.5516476493589981,0.3336135249192534,0.07529023422222074,0.5195180546438624,1.1423330073959155,0.972875
US34964C1062,0.09192121926282683,0.13224862183543398,-0.11005641210603703,0.08420266478462243,0.31456409433121035,0.7650625
US1714841087,0.5647083717150895,0.19837154630818707,0.26109400294724644,0.5546589368504236,0.9096319628535777,0.9995
US7365088472,0.05510347127858536,0.13731417958092698,-0.15065096994293656,0.044369623731345426,0.29666764227906417,0.6460625
US81730H1095,0.18283927678127082,0.09730698627376391,0.032384540518573084,0.17869822570738053,0.3465058654432153,0.9760625
CA89072T1021,0.7521375621544811,0.4042155897052243,0.1686061995350757,0.7131931341807005,1.4844678529756064,0.9865625
US55616P1049,0.005534646663827562,0.14103759508818425,-0.20512990201583015,-0.003772203781834973,0.248246667560343,0.48775
US0050981085,0.024469123068031454,0.19462755737763895,-0.26321766911401356,0.007484345089391456,0.36473311767510425,0.51725
US12769G1004,0.20851469529819502,0.12423007361350286,0.016384429052982243,0.2027775482328863,0.42047660977600265,0.9618125
US45780R1014,0.16549836762018677,0.14426430297580306,-0.053786509100157545,0.1571218012390057,0.4178198096035344,0.89075
US6460251068,0.15716927773175407,0.1760952011405916,-0.10811777970138979,0.14618897749556511,0.4653888418884548,0.8235
US5962781010,0.35117796321160333,0.24669210667801225,-0.004075984629837383,0.3315322985921466,0.767643300888607,0.9475625
US07782B1044,0.5602067746235133,0.24495789687841293,0.19285463156575194,0.5415690347491993,0.9851810325204302,0.9941875
US5596631094,0.295463971998875,0.1375499801412621,0.08377756953182547,0.28903112325753955,0.5333128900300762,0.9891875
US9170471026,0.24761705515087146,0.14962388648485594,0.01683452632652153,0.23934162664307224,0.5046951337624299,0.96025
US53220K5048,0.35025062029069115,0.18962389823903822,0.06606493756164993,0.33587992460490756,0.680043285748393,0.9781875
US55405W1045,0.25773664155723486,0.24369438051687714,-0.09106237684245005,0.2343864265696707,0.6931235819140618,0.876375
US5764852050,0.4988873080628752,0.15146718414019888,0.26069073371528184,0.4930161510906187,0.755896359959349,0.9995625
US5893781089,0.14472012664252937,0.1747775193292451,-0.11112658504603447,0.1296306607869781,0.4498931948632362,0.8116875
US4569411030,0.7654547991734824,0.30688767261815825,0.31822735717850775,0.7437923091382028,1.2901229960673466,0.9984375
US72651A2078,0.050723225263180544,0.11663375467839873,-0.12683179262313496,0.043221604569355414,0.24952756616429872,0.6646875
US6866881021,0.302487396071814,0.16260052704696454,0.055190687543603095,0.2929270172567458,0.5838468303129674,0.9773125
NL0013056914,0.24746116057324388,0.11695757327260686,0.0651894993483352,0.24163691885436028,0.4484969383874818,0.9869375
IL0011741688,0.3042884610193612,0.17004725451634942,0.0450691603231258,0.2940510176159953,0.5989424940797871,0.97475
US36262G1013,0.40185727524106507,0.14887094685742086,0.17332644964874203,0.39345069124739857,0.6615152733481126,0.998625
CA89679M1041,0.3713981999461016,0.2973658859221551,0.04659064366855521,0.3518171112190821,0.7546922995269831,0.9703125
CH0048265513,0.1705614825807665,0.17052867527454965,-0.08657099922876628,0.15928459021424418,0.4670822091846384,0.859
US2041661024,0.11856029099845572,0.12552566575662225,-0.07195942608064718,0.1112018688627073,0.33450462907412265,0.8408125
US50012A1088,0.46949906454392976,0.1637683746831876,0.2159739285238245,0.46082338984963545,0.7534026889179803,0.999125
US6391931010,0.19107897082365452,0.13206269155194106,-0.01520640539603245,0.18451201036434559,0.41614253240218757,0.9386875
US3665051054,0.05062421710698887,0.1768005670034442,-0.20962453074559412,0.03648372352872645,0.35621315498790246,0.59475
US3873281071,0.2172921655199737,0.2147797653219688,-0.09969604388894532,0.19848031016085713,0.5963179041390833,0.86375
US7818462092,0.2556176557995091,0.25849975506426687,-0.11072061614232766,0.22860278258695288,0.7058087630782254,0.8589375
US98386P1021,0.7161360212074953,0.41534906796168963,0.13101944237516955,0.6698545387968048,1.446851648663962,0.9816875
US9282981086,0.1449088867309654,0.377386551685712,-0.34436443830370733,0.0913094852917877,0.8064264438751606,0.623625
US00191U1025,0.31361202359968526,0.29238578862534936,-0.10456368305006832,0.2849997618340452,0.8364677974719958,0.8815
US65336K1034,0.4492029796600307,0.22740840731936654,0.1186700197799784,0.43091550049241256,0.8390616604245967,0.987375
US6267171022,0.1373061985125317,0.1404558312171339,-0.07918580206122566,0.1288655839090358,0.379475794164524,0.8525
GB0022569080,0.6257901014778932,0.3945297026213255,0.07726766339018218,0.5772003889734829,1.340857632321711,0.97125
BMG9460G1015,0.001691459967624522,0.15819470890265314,-0.2354870347534528,-0.009644148529280219,0.2797049561576171,0.47175
CA68390D1069,0.4421903466016038,0.2694305474283099,0.0457458042935168,0.4140335016971811,0.9204683551513448,0.9701875
US98311A1051,0.4434555814996497,0.15111629784151567,0.20864067287998447,0.43677649758257087,0.6993775149641609,0.9991875
CA6837151068,0.21227170884438823,0.1694338643423185,-0.04307191068981662,0.200354816749528,0.5047636561463601,0.9115
US65345M1080,0.06428288861677973,0.28618208114381677,-0.3266806337747335,0.02881823020088225,0.575386867278174,0.547375
US42704L1044,0.11404387857043945,0.14201181523953071,-0.09873119266564037,0.10552917550865487,0.36112386193113455,0.79125
CA0012643080,0.25598721267653185,0.2115173551572868,-0.06298003546712085,0.24076299785373356,0.6325592663455774,0.905875
US07373V1052,0.8179258900485155,0.32437597079666847,0.34092601667153394,0.7913573026111553,1.3883185624008068,0.9984375
US8793691069,0.19521597223722426,0.1504783977529583,-0.03485304551179203,0.18780848027738845,0.4540862792137722,0.919125
US03783C1009,0.5670016845812869,0.2302803544662518,0.22634448190849116,0.5514835376075506,0.9633539129592431,0.9966875
CA7847301032,0.5439544475716528,0.2423753168453991,0.1843906758098413,0.5266383523785958,0.9651814264811327,0.9938125
PAP310761054,0.2879559531038575,0.14469860862986975,0.06411968700386993,0.27974916822570944,0.5395879637472204,0.9820625
US6876041087,0.45532361888861467,0.20876184502523576,0.13966383083655817,0.4402067957332688,0.8173199624520914,0.99125
US71385M1071,0.3236245820076505,0.28448075123546074,-0.08332356294959199,0.29310308169766486,0.8263167997326125,0.8975625
PLTORPL00016,0.3072580112015505,0.6175717308270116,-0.35752858554498407,0.21937461502432748,1.239205124600824,0.7105625
US9182841000,0.2935043697412641,0.18234492645915426,0.020328476453257627,0.28177611588320317,0.6095353866298101,0.9635
US55087P1049,0.27727553111911385,0.10726638817774918,0.11066178604129386,0.27322892665796106,0.4573802095023417,0.996125
IT0005452658,0.2697827752496472,0.18534193787386735,-0.006006818184034083,0.2555754326830937,0.592587041655555,0.9461875
US1630721017,-0.06579958937954519,0.10426406421576896,-0.22591850973051547,-0.07107567837080052,0.11656490939859773,0.23275
CA67000B1040,0.4621008656596426,0.42323759802527083,-0.097344320157642,0.4026294054272487,1.213886545350023,0.901625
US89422G1076,0.2073484370800858,0.13904594193769174,-0.0037434603762233434,0.19892179015769534,0.44586375304303666,0.9465625
CA16141A1030,0.22119085725216758,0.14817390661661162,-0.004051035307944828,0.21144362307342401,0.479782035930965,0.946625
US64118P1093,0.6846639205111945,0.6802047981579866,-0.14973446621443737,0.5684516765598353,1.894438027779961,0.893875
US76171L1061,0.03731613636749597,0.16149485585561912,-0.20196560925246557,0.027366910981242283,0.31836528746861065,0.5709375
US81725T1007,0.06013403294763375,0.19037039500228947,-0.21859280529107747,0.0429287596840712,0.39627482906990025,0.5964375
US9047081040,-0.0056681485830777645,0.23065380804791238,-0.33366023617355134,-0.03090391997390621,0.4026141580809985,0.4415625
US5012421013,0.20466580446496463,0.2741737800388263,-0.19342177000472446,0.17729545994271834,0.6955718162240296,0.775875
CA6752224007,0.5263134968857496,0.23494108299889524,0.18096378454960446,0.5092248395347599,0.9255111888133509,0.9943125
CA64782A1075,0.36312913034857025,0.3855959260630089,-0.1628103260313711,0.30986711223371954,1.0593195342158537,0.8555
US37637K1088,0.15888583490187444,0.11431920319728303,-0.014754501156199685,0.1520911621307539,0.3552353185412707,0.9335625
CA11276H1064,-0.05852301297370181,0.3850985580113598,-0.534289096632943,-0.12389137517485764,0.6520052219556391,0.35525
US76118Y1047,0.4784840569559227,0.3707374101859993,-0.04124922570901206,0.4343924620494287,1.1330995560158288,0.931125
US5463471053,0.36880454357401843,0.16483159150279553,0.11745692556526661,0.36006801077788675,0.6473478518065718,0.9906875
US0936711052,0.04207640428095664,0.40099444487267577,-0.4254279002246559,-0.021255609877173662,0.7034542361338036,0.4690625
US1170431092,0.19145372871547864,0.12509613274428222,-0.0013062297036101644,0.1844482696385114,0.4033378087484463,0.9488125
US0869211039,0.27990689376826766,0.20733052776424243,-0.024072668336303896,0.26345130603527467,0.6454898964317153,0.9333125
BMG3922B1072,0.34075978614600205,0.1963540649032466,0.05126078953629433,0.3264055997458978,0.6787830899388401,0.972625
US9222801022,0.029618479621491,0.10217919756569435,-0.12637568576525376,0.024324250399636673,0.20587270273821193,0.6030625
CA25466C1077,0.4891628751755018,0.2562326464919917,0.113687366823486,0.46833951214097386,0.9388384165509917,0.986375
US6752321025,-0.20863488364817215,0.16406845572698187,-0.44434207552084787,-0.22321188714156037,0.07636606357109119,0.096625
US29605J1060,0.611821210546459,0.2194566416351847,0.2794797485565375,0.5965467832146302,0.9920667410871705,0.9986875
US0576652004,0.29449794300277155,0.29041902523961555,-0.11705999795975319,0.26141717015628657,0.8078922009529765,0.8720625
CA9528451052,0.36569340963360175,0.3996657241249579,-0.1790984482819474,0.31604636363729477,1.0731280842375757,0.844
US5186132032,0.16656985511429917,0.1813893186200908,-0.10406310541301815,0.15261304841725318,0.4885855142513008,0.8335
CA11777Q2099,0.48584101023464915,0.2540686013706579,0.11447803981574388,0.46468849363537834,0.9267842869578637,0.9858125
US00090Q1031,0.2020804505898555,0.2267596506053854,-0.1282871472257205,0.18209146032951287,0.5962502496347337,0.8315
US01862Q1076,0.3043659183733259,0.20123247415126447,0.013026961150969183,0.28966763453944583,0.645817319100214,0.95625
US68235P1084,0.18937434516455448,0.17371248894202582,-0.07239250182415614,0.17638602515869958,0.4924135331782335,0.8803125
US91879Q1094,0.06588770668799258,0.13685054801708899,-0.13856344014114313,0.056843628127741935,0.3014093308301661,0.6784375
US1699051066,0.06321184863187694,0.11734619057486452,-0.11466334103433745,0.05704473426302886,0.2618926807893043,0.707875
US03209R1032,0.2695441667899552,0.23783740229779354,-0.08105158699164566,0.248251592036215,0.6818716836839284,0.89625
US0116591092,0.3249498417128842,0.15804053499719412,0.08512120920834396,0.31654962125978015,0.5926856841833698,0.9858125
US1508701034,0.5298445768201063,0.18499091108685178,0.2532499512950799,0.5168888551324397,0.8519008874755645,0.9988125
US0003611052,0.1954086321314315,0.22039603653743436,-0.1235267480586731,0.17288329247222123,0.5916149982327094,0.828625
US8086251076,0.0030035234141424644,0.13367738491430758,-0.19504293084037103,-0.007196990729245104,0.23237942215185783,0.4759375
GB0008475088,0.5339690220207015,0.5051513537558331,-0.12856764511678168,0.456601395430756,1.4452665528970687,0.8926875
US49845K1016,0.7270164811212182,0.18449701075166186,0.4416473277425436,0.7175273038873203,1.046702091646107,0.9999375
US1096961040,0.3718529117537735,0.4063420780162758,-0.18001605876081367,0.317535710634745,1.0968928004726681,0.8451875
US35905A1097,0.13999115578403434,0.23893283731366932,-0.20242494887323031,0.11451896066232628,0.565049361107337,0.721125
VGG0896C1032,0.20803454554677756,0.156286917391288,-0.026423684929779707,0.19831486962774889,0.4748439351624722,0.92575
US3846371041,-0.10502505275453007,0.35891691424058036,-0.5451272131404306,-0.1691047947128276,0.5523621259625813,0.301125
US92047W1018,0.17745146779898036,0.12666080899296103,-0.016581605860163332,0.17034527833438973,0.3969448238118996,0.9343125
BMG9456A1009,0.36168011962829366,0.19936845514068868,0.06447840563678374,0.34901722702369586,0.7111759136545697,0.97825
US37890B1008,-0.003218785750943871,0.23135825107997882,-0.33492454681449185,-0.027891126237847445,0.4047872729437785,0.4450625
US2189371006,0.5032274850130124,0.3131939368583939,0.05192466654298317,0.4757260725338417,1.0622848663032927,0.9676875
CA3012831077,0.2544611739550041,0.1553460665020906,0.02224410408350021,0.2456423431815754,0.5122271756133918,0.9643125
US50216C1080,0.44133079201156783,0.3241344141813206,-0.018197540708965305,0.40579234094959427,1.0288128962023593,0.941125
US5766901012,0.20543374485168145,0.5873266122992777,-0.24041058120729367,0.16238193859901268,0.765565509870425,0.7351875
US9252831030,0.17602539171486883,0.21280398333382317,-0.13111718854856738,0.15812973802338676,0.5493860275047292,0.805875
CA09228F1036,-0.02995582425266503,0.357784334264438,-0.42718694293556453,-0.07724859182416591,0.5105498167724288,0.3826875
US90278Q1085,0.34615946022236954,0.27376807612143805,-0.024541340554107942,0.3171603570078029,0.8052675628425235,0.93425
US56146T1034,0.32245243870523477,0.21199058272766164,0.004275968261993296,0.3053848380569588,0.6943515891159812,0.9521875
US45579U1097,0.35330798047489914,0.23251664660253474,0.011427243629748963,0.33631922348630916,0.7536609697030765,0.956
US84857L1017,0.22749404462389114,0.162288787714172,-0.014187651441097043,0.2164352581885198,0.5081820950106499,0.938625
US59001A1025,0.24815795578166688,0.19057568324822494,-0.032305522599778654,0.23272129191517243,0.5765844387317104,0.92525
US98423F1093,0.026999202699162894,0.16294740473696698,-0.21338510351801018,0.01408177408412397,0.3103835720774005,0.5373125
US8270481091,0.26168197192257414,0.14578569219980836,0.041523994486828864,0.2548355353649026,0.5083875616042707,0.9734375
US29445S1006,0.3641895156186162,0.2502888574520635,-0.0074233917928702015,0.34272898258252454,0.8099176451988699,0.9466875
US13057Q3056,0.4875603658972092,0.19875777266484565,0.18458194196823297,0.47429048891099057,0.8359554946000572,0.9966875
US83601L1026,0.208624899769982,0.17583986242399413,-0.05677681210170755,0.19764056698946902,0.513453068637402,0.8986875
US55826T1025,0.39521894236354843,0.1781147910177017,0.12524346038542164,0.38370872852308585,0.703327985399041,0.99275
US5582561032,0.11085317417504748,0.16832178542448709,-0.14421984408282038,0.09997308702378498,0.3998997579945469,0.7534375
US3719011096,0.3793511539571954,0.21329149167785055,0.06311437647809959,0.36490117852602644,0.7420021101280774,0.976
US7504911022,0.5346513561148255,0.24736954880650933,0.1705826849512983,0.5131995588580265,0.9688689468089438,0.9915
US29355A1079,0.4470591776232886,0.14890054099549138,0.22094819852240835,0.439393388887786,0.6963119348435283,0.9991875
US0338531025,0.32254414024015393,0.24229792806273787,-0.03303032997436015,0.3014006602740945,0.7467754073390586,0.929625
CA55293N1096,0.4401534260700343,0.20541536677791083,0.12795166420512652,0.4277339801396378,0.7979115588721616,0.990625
US98956A1051,0.4532736257835776,0.18746871031551854,0.16828660682833058,0.4417032499756619,0.7770800828387391,0.9954375
US29414B1044,0.5991226018889593,0.24590153006455262,0.27765738189488565,0.5829824035258326,0.9648008188951751,0.9989375
US74164F1030,0.6398522221844258,0.2275762085507195,0.29602353909158285,0.6244201283331012,1.023557513077455,0.9983125
CA0158571053,0.1399213354649593,0.2675625644582501,-0.23504459549786663,0.10882007593448254,0.6171792656156738,0.684625
US60365F1093,0.23481357738181938,0.17458692950965793,-0.023370190455467742,0.22283694736255238,0.5344140023609117,0.9305625
US3029411093,0.20388255421813473,0.35534148601432647,-0.27105030563067134,0.1575510990432356,0.820682271705589,0.715
US9168961038,0.8641096232100454,0.3616187107412965,0.3453774081210516,0.829274797568937,1.504410129597408,0.9976875
US12653C1080,0.077643359167314,0.14001529510556945,-0.13318718173944374,0.06851628163958237,0.3194370751996149,0.7115625
US74758T3032,-0.08822134320991441,0.0992053717849001,-0.24243250879309844,-0.09333232090008532,0.08330456324827454,0.1686875
GB00BRXB0C07,0.12807777759728356,0.1684574389410214,-0.12272733838973358,0.11477936151419849,0.4247639774579522,0.784375
US9713781048,0.27886918409882855,0.17609700530546737,0.011894193888304136,0.26566529981615383,0.5834043373939021,0.9576875
US25659T1079,0.6932477921680431,0.4823647176836971,0.0370398183307222,0.6361416898237391,1.5389968990665557,0.962125
US1264021064,0.15110582512367035,0.1830581562164904,-0.116754475811371,0.13680594090586462,0.4682898406998256,0.8086875
MU0295S00016,0.6848640339505448,0.2348739702888122,0.33370241206580054,0.6679981982056027,1.0933809038220939,0.9993125
US3535141028,0.13225530371842467,0.22953002527399555,-0.20181847919186258,0.11304255362481312,0.543670744689346,0.7119375
US64119N6085,0.20998565677611164,0.140619547863724,-0.003390324269999291,0.20131141336771968,0.452578278073759,0.94725
US5657881067,0.6962368226154506,0.3183325478164863,0.23665077606892157,0.6700643704363346,1.248944761906573,0.996
FI4000330972,0.43254023968194505,0.46311029418743044,-0.17565229188014758,0.36024000531123423,1.2715230500284267,0.8538125
US1564311082,0.8306655038473174,5.269079416591085,0.13406189625628254,0.7257324656365614,1.585568346984003,0.98125
MHY410531021,0.21823495574209767,0.23698608741987115,-0.11192060154154676,0.19254800559492558,0.6227184557769714,0.84625
US48242W1062,0.33390029507925856,0.23592326174526415,-0.013250675971187434,0.3133912563900302,0.7438104707706891,0.9435625
US1270551013,0.07309303873675692,0.1863820157755619,-0.19892789628181826,0.056970195415032926,0.399736740997436,0.6385625
CA0089118776,0.09125634530709764,0.123259400794547,-0.09725088952072332,0.08504171245890252,0.3036035847772683,0.779125
VGG069731120,0.7234983652145633,0.2694966803299306,0.3219755057402262,0.7024943924619658,1.1927844838306907,0.9985
CH0334081137,0.7009565421224022,0.3160627890776854,0.24119508559267,0.6737957871463871,1.2695584357118026,0.9950625
US9229671048,0.3719661148279001,0.2430334877598269,0.020610684900989305,0.34805871015973344,0.7980728597145923,0.9584375
US9011091082,0.43931218059130617,0.31316255765335305,0.0028830150865617964,0.4089777799129497,0.9814995297291254,0.951125
US26818M1080,0.41308275796415317,0.19294048660163882,0.12016154996691744,0.4007581362915237,0.7455438414727106,0.9915625
US26856L1035,0.22769986342485268,0.141510911961855,0.012118213913018261,0.22068149219741368,0.467504792184878,0.95925
US0024741045,0.19613037217426466,0.1675299918186069,-0.05650414994172698,0.18410600723142417,0.490712731295211,0.8956875
US6680743050,0.09355471622748741,0.18357880023551224,-0.17843802298385447,0.07726739487983185,0.4179236657194108,0.6853125
CA5609091031,0.5001239671513765,0.27591291519694383,0.09131196302724083,0.4761194160186673,0.9792297971111517,0.980625
US60471A1016,0.5066970527822244,0.19948658965870342,0.2054303295300889,0.4940415227573471,0.8540179125488236,0.9969375
US83418M1036,0.5557776424148699,0.21266069981640723,0.26136658483395586,0.544214004363915,0.8801766316130056,0.999
US50050N1037,0.14263606080698957,0.16816120271004464,-0.11329973159614558,0.1306013363690331,0.4349569015486295,0.811
NO0010713571,0.22367359090638553,0.34761355640531927,-0.25327196574404104,0.18000866041818725,0.8490604719224015,0.741625
US0994061002,0.5031347814838791,0.17647588658343621,0.23349255965385585,0.4921004945741922,0.8097589256270311,0.9986875
US8941641024,0.22285617684248754,0.16289103490428142,-0.02293592456476268,0.2122912795372901,0.5028928905992415,0.9316875
US92337F1075,0.06673315466861661,0.14140499724322705,-0.14799797921536662,0.05934085926146494,0.30999060908357545,0.679625
US89531P1057,0.30888268376693223,0.13518491108800962,0.10155786653833558,0.3014346080899314,0.542269348499025,0.99175
US8308301055,0.2201393736218771,0.20529889685815342,-0.08327441553449495,0.20537157499773645,0.5854908827201741,0.876625
US3984331021,0.40458158952932355,0.2180508743160221,0.08166898734910893,0.387711132775332,0.7818108176795704,0.981875
US0545402085,0.37921344748649344,0.33325579932251065,-0.09236888844369646,0.3402329071680471,0.9721421174599882,0.902
US7374461041,0.36715457905293025,0.24567190471577627,0.010214612437378503,0.3457421425393453,0.7921212638894796,0.954375
US20459V1052,0.5616525113864298,0.5969763671531784,-0.18616361405326143,0.4669073499005145,1.6329654292036584,0.8679375
US36162J1060,0.16675907981388888,0.25491626088959146,-0.19486903606241923,0.14162250315173328,0.6173703991343967,0.7388125
US0708301041,0.30724831982590706,0.18255035269760223,0.03370050077539747,0.2950564843770854,0.6213768944073872,0.968
US2582781009,0.2455838350455744,0.18074990010560632,-0.023974054284769068,0.2317870194767333,0.5642278913868587,0.9325
US7310681025,-0.011449042603561598,0.10850179337168628,-0.18037398699322146,-0.016356308816290122,0.17529527374287532,0.4329375
LU1756447840,0.2637937752566039,0.2012178512650518,-0.03883135427492234,0.2487067246829126,0.6163948575294944,0.9226875
CA6665111002,0.28333075193255247,0.15660179408709374,0.04722283927799762,0.27444635951033347,0.5539491656670756,0.9760625
CA62930A1021,0.37705657584720015,0.20426853584213658,0.07331766985423264,0.3626378897358603,0.7300706747172042,0.9813125
US76680R2067,-0.10395919766173234,0.10393580972112325,-0.263571048248944,-0.11040704884570962,0.07407781236459528,0.1455625
US8101861065,0.2192397513120946,0.21335924982968058,-0.08483433635735965,0.20143608403327173,0.5804005139524602,0.87675
US6811161099,0.7652445497638269,0.23373790427668814,0.41398176611162074,0.7505112516521717,1.1678068624450346,0.9995625
US3976241071,0.007697412847691943,0.19152238406327549,-0.2656488907545546,-0.009907600818983753,0.3386165266131075,0.476875
US8851601018,0.18619234768919318,0.16316128120791965,-0.05756650418136537,0.17416865445139462,0.46805409606141035,0.8905
US1091941005,0.34605725644573404,0.20382203660246173,0.051727306956531854,0.3328292241043306,0.685077833554032,0.9720625
US6989551014,1.8658417537155005,0.6015345148233876,0.9967879940499977,1.8071013321811302,2.925014682300685,0.9998125
FR0013467479,0.3674639056129837,0.2527456931711058,-0.007055058612118787,0.3470202643859236,0.8065446779286551,0.9468125
US00737L1035,0.40283981556923953,0.30550335616813507,-0.02716105287682076,0.3702983189038931,0.9442500107967237,0.9370625
US44930G1076,0.17142029586881044,0.1709366983023692,-0.08631823687594063,0.15889755799041158,0.4698995224486203,0.855875
US86765Q1067,0.29934317675301475,0.2673998443704617,-0.08273137447305273,0.2715642762443251,0.7841111094014057,0.8935
US10316T1043,0.15257398420654716,0.18999555710157617,-0.12680323060367316,0.1387926913685274,0.4823210151086138,0.799125
US01625V1044,0.38846191557182375,0.1744237719898512,0.12315642302309954,0.37888186892052017,0.6861707312350964,0.991875
NL0015000PB5,0.039446212432684445,0.1257975653032773,-0.15351007063890043,0.03199985418649138,0.2578829928016817,0.609
US2545431015,0.7143893925159157,0.5208239582769395,0.015923124734525153,0.6470648060406549,1.6455522878459314,0.955125
US0774541066,0.6368094318875003,0.30621784209097086,0.20719794310088194,0.6073840811497188,1.155548979647714,0.99525
US5006432000,0.22929705697842495,0.2513382120709295,-0.12946682036676008,0.20369758142819958,0.6749873726559139,0.840125
US2057683029,0.2998984794167617,0.17324487813925754,0.03848461800596789,0.28646214439127365,0.6039253000889755,0.9720625
US4583341098,0.16234335442856054,0.2054281941297687,-0.14152152673748644,0.14456471212440658,0.5180088917605971,0.7923125
US70339W1045,0.2037343504801451,0.19118147459058485,-0.07773600641265697,0.18859275920113766,0.5326154061036954,0.8765
US6247581084,0.24466228259425704,0.21975805652372277,-0.08023426610566387,0.22684732180284517,0.6344996439876319,0.8884375
US88642R1095,0.09381177966207148,0.19876712512509517,-0.19782052419470267,0.07460507573787462,0.44263867322424094,0.6708125
CA4991131083,0.41195583539934505,0.19399612072884284,0.12207672223097209,0.3968434028563248,0.7509796573934715,0.98925
US3989051095,0.34077623669377144,0.16916706084711403,0.08162556959178953,0.332826984944504,0.6297666149470313,0.984375
US44980X1090,0.4925012603023831,0.2668535249088997,0.10300536463426327,0.4688611263887468,0.9654426870214399,0.9835
US98585X1046,0.1412878667593511,0.12856280571778847,-0.0581597927060488,0.1348171579384022,0.3638823055098936,0.87675
US65487K1007,0.6910716245873783,0.2710640967086946,0.2865507609841068,0.6701953411492955,1.1590043648742283,0.997375
CA55027C1068,0.9256272254775525,0.5027146495569976,0.23832214751693773,0.8644251871883182,1.8151182102075507,0.990625
US8794338298,0.5069905364567276,0.43382177394174076,-0.07941061459280674,0.45005677563742585,1.2622783182882462,0.91625
NL0011660485,0.5509774732445794,0.35668732970473227,0.04083304340440249,0.5130520697896861,1.182975231931409,0.9643125
KYG5784H1065,0.06969288095845551,0.32872874526904416,-0.3721786060740102,0.025070551000534916,0.6645377208804508,0.5349375
CA53626N1024,0.13281026646630653,0.1813634882384657,-0.12059100802051503,0.11813600907427707,0.4275686383349248,0.797125
US6896481032,-0.01989233265802745,0.2846756054038274,-0.4045646821552636,-0.06058106139242085,0.5120929208008923,0.40575
US1630861011,0.06740704843127597,0.151315993054079,-0.15889852243088046,0.05679366901680719,0.33095928708534417,0.665375
US30226D1063,0.06387815319202289,0.17414017497573625,-0.1945447578413316,0.05041990677427625,0.3650099665716442,0.6274375
US55305B1017,0.19532051511025658,0.2777051264512333,-0.19747622106786517,0.16449060905515017,0.6839852631140129,0.7671875
US90290N1090,0.09794772445881342,0.20071137709846934,-0.19524722494384245,0.08113256338968626,0.4475645197011683,0.6770625
CA7170461064,0.10830259895402536,0.14162867448683192,-0.10547274826068273,0.10016975351056961,0.3555771952211891,0.7875625
CA3748252069,0.04966401091607025,0.11931166526385266,-0.13271126237441744,0.04244822662615328,0.2558865186509271,0.65425
US4532041096,0.35830257061350584,0.20439074402848048,0.056708852288212104,0.3428884447087531,0.712181399979936,0.9739375
US69888T2078,0.23538982745684273,0.19995711828214194,-0.06346235885653598,0.21984156414450134,0.5808061750307214,0.899375
US24665A1034,0.030902497614410242,0.1352927612026736,-0.1724638239472595,0.02112880780376761,0.26491838339219853,0.5730625
US7034811015,0.3240248311048163,0.16968941670519339,0.06775856354454844,0.3138116286212642,0.6154605011064641,0.98025
CA0203987072,0.8676813978956631,0.4403130619911595,0.26825407673958696,0.8201044582686127,1.617916577862639,0.99425
CA39944C1005,0.9793997316304973,0.2686597797552318,0.5761882027986025,0.9648968796086271,1.4332722585014572,1.0
US43283X1054,0.1271135111574241,0.16201944213010847,-0.11520565009460162,0.11606956509238975,0.41142255328571953,0.790125
US92846Q1076,0.20994686843745433,0.16879956280470187,-0.046662326970416244,0.19743674555891166,0.5029696815590522,0.9071875
US17243V1026,0.1689795193013865,0.14664901050815918,-0.05151463956121732,0.1579588560130777,0.42251436560276556,0.89725
US53229X1019,1.5701005828776216,0.3229798464746673,1.0802230158564554,1.5501422782150458,2.136844987519038,1.0
US18452B2097,0.6865954738111927,0.2160108808393992,0.35955994941661923,0.6735548272454422,1.0610306669374903,0.999375
FR001400OKR3,-0.1848485538732992,0.22532480762714346,-0.495513831714608,-0.2122328000079129,0.21562926243418898,0.169875
US91347P1057,0.6960488674874558,0.2783165699986749,0.2832227780957547,0.67426764164869,1.1836329316035346,0.997375
US29337E1029,0.27048418772767585,0.18817856467950214,-0.008942253364555449,0.2566912658605263,0.5962641562688211,0.943125
US48282T1043,0.2334646649373551,0.3857326447450826,-0.28181338193764766,0.18200503753082967,0.9155773292911314,0.7300625
US1124631045,0.3355621716095364,0.2474669191275241,-0.018877010610783732,0.3132633325603023,0.771468217247435,0.9399375
US75776W1036,0.7610931446811423,0.3844305127000965,0.2183520003597185,0.7179922693065484,1.4510268455848447,0.992875
US0773472016,0.5392093501973716,0.6336188264284829,-0.2195118733962495,0.42183932314748157,1.6743269052516057,0.841125
CA04682R1073,0.2466624954635161,0.15919544595304677,0.003849642276228311,0.23532265978173944,0.5210518243339253,0.9533125
NL0009269109,0.3354216734458562,0.37573253097679754,-0.17608946661663427,0.28425703309269723,1.0177265977829335,0.834875
US4657411066,0.5067658818922727,0.2050721398342812,0.1995382588325678,0.4923624168076291,0.862315142994123,0.996375
US44952J1043,0.45147830544293743,0.17564167330424668,0.1841460054929494,0.43998298933776536,0.7563052081157389,0.9965625
US6936561009,0.22636325917364677,0.1661909023937551,-0.020648069636477855,0.21435256292799604,0.5100779262821022,0.9329375
US26622P1075,0.5121146600027878,0.17671751971565772,0.24132868720588213,0.5018200950882967,0.815778126279964,0.9985
US38526M1062,0.6354979927198164,0.4106116101039543,0.05074584950623135,0.5925330931043468,1.3766443434506865,0.9655
MHY7542C1306,0.17224774718315403,0.16395115567545224,-0.07703853451027773,0.1624121309933264,0.45557423894898286,0.871
US8678661054,1.487110714567414,0.5256138293795738,0.7391237586189983,1.4320591429347003,2.436348722398101,0.999375
US86333M1080,0.5367237736488687,0.48538587594732563,-0.1061240997531403,0.46327693978175516,1.4173626181792083,0.9025
BMG812761002,0.14610269270953788,0.16973157340833947,-0.10865355687535182,0.1342959909622261,0.4421252392793244,0.8183125
CA8910546032,0.5311315401105371,0.21154093050456121,0.21348622647483667,0.5149641038832411,0.9016251850486134,0.99725
US88025T1025,0.016849611389051306,0.10743538762514226,-0.14725001062525364,0.010453978443807063,0.2013587520909803,0.543625
US91733P1075,1.1039320700405175,0.4028332026077841,0.5204789869120494,1.0648790945566127,1.8125212451978436,0.999625
US46591M1099,0.24090170387325874,0.13871983014544395,0.028922980177582987,0.23307455826073062,0.4764599177327566,0.9695
US9741551033,0.770967374924684,0.17329930011597056,0.504384251688089,0.7607689665562313,1.0683252242977748,1.0
US8542311076,0.24256100163611663,0.23444501716564012,-0.10267295547906798,0.22018924727037398,0.6574232523321871,0.8688125
US0565251081,0.32903897837415436,0.19456576358597016,0.04266708364762294,0.3149311674427384,0.6704213339964831,0.969875
US66981J1025,0.7194482117892386,0.2096983960831697,0.4021909542056371,0.7056780535425243,1.0805191558370635,0.999375
US92790C1045,0.6740505107990986,0.23104137499510077,0.3217955445864459,0.6589283933792546,1.0736287819784556,0.9989375
CA8139211038,0.007690461668431208,0.13243900476485437,-0.19651346060608904,0.0006371341474181846,0.23731765367110216,0.5021875
US1314281049,0.07160982456699247,0.23585517266949022,-0.2694613433699803,0.047105948931888866,0.4913482391504139,0.591375
US03945R1023,0.8447471207394426,0.4891105142926557,0.2556958614002669,0.797865699124368,1.584858355693193,0.9931875
US4500561067,0.6000461877951268,0.20285410556112304,0.29168242152189994,0.5852500831535296,0.9569060555937176,0.9996875
US00650F1093,0.10614072061005848,0.178318882787332,-0.15298098406926208,0.09010500147358572,0.41813350832388774,0.7259375
US4050241003,0.18036287777273402,0.16180394155060723,-0.06657472885353395,0.1706603779847488,0.4584591355033972,0.88425
US45765U1034,0.05630573394022788,0.25401861193547653,-0.2902060541802176,0.025518625378671,0.49633350385344793,0.5445625
CA89055A2039,0.25483701390514524,0.14186621907590286,0.03967160335010409,0.2453725706350706,0.49582573166237764,0.9736875
US03969F1093,0.2984508744374525,0.1900723050554918,0.01712554014992532,0.2855980108410088,0.6211937382353127,0.9595625
NL00150012L7,0.6738369117791814,0.19883953887771968,0.36519896736748175,0.6622571166793244,1.0132927425391074,0.9999375
US6710441055,0.45852133646980203,0.22829825365793122,0.11679231611154108,0.44147534478742995,0.8601049526967849,0.9880625
US0223071020,0.3367858516357571,0.21353723291917334,0.021570294489034334,0.3183663392065807,0.713353272711155,0.9604375
US7392761034,0.524924536210593,0.3388504827875504,0.04882583849196789,0.4895931274266768,1.1125371111610391,0.967375
US91822M5022,0.5083120544761762,0.27189464956023723,0.1184657198544262,0.4842215061870993,0.9716688203214101,0.986375
CA68634K1066,0.6710834805865367,0.35527381974849886,0.1587767889794236,0.6328518212608895,1.3069589170995795,0.987
US45166A1025,0.48367878341743553,0.1937999885191374,0.19082702505890484,0.47268047290108106,0.8155393230191952,0.996625
US05379B1070,0.021497207920447983,0.17561165832402126,-0.23722417661358222,0.008641601145214872,0.32865954943269055,0.5226875
CA83056P7157,0.4946849767403882,0.20935081877826658,0.18380448379304676,0.47925915799406943,0.8644125765500579,0.995625
US03969K1088,0.27964578863559625,0.17500399107278997,0.015805701748638764,0.2682599933159095,0.5841029023984151,0.9601875
US0298991011,-0.05564777641595032,0.27137954116748886,-0.41652299887320465,-0.08960363111708991,0.42467572703708384,0.3525625
US68622V1061,-0.022807646920640138,0.22594347768496556,-0.34409934646924256,-0.04608944568949826,0.39021869169134543,0.4094375
IL0011794802,0.4630745685432223,0.26459546920857213,0.06910190630061502,0.4411202981047928,0.9231038258674121,0.9748125
US4234521015,0.136525002689117,0.12592970146346272,-0.05948268187896655,0.1294001679288938,0.35368931587566604,0.8739375
US86366E1064,0.687092652401466,0.24274035621205467,0.32520519742502185,0.6699236255282115,1.0993820023758978,0.9990625
US48666K1097,0.04660226887086516,0.13069813563687216,-0.1545134318297587,0.038613385095477196,0.27369720971228767,0.629625
US05368V1061,0.2558420350063609,0.20068986241174838,-0.04523907586664092,0.2412902112282116,0.6072732381237581,0.91675
US03937C1053,0.13049696126100008,0.1309798206215845,-0.07323263791933711,0.12478259853326795,0.35113196310787453,0.853
US12510Q1004,0.46590346355537704,0.234938135505819,0.11542364556231567,0.4479150902095967,0.8902668383126243,0.985875
BMG5331N1011,0.2750148457463851,0.18733351381444854,-0.005305858949394078,0.2622499625477352,0.6001950569781906,0.9465625
US68404L2016,0.5401414201089606,0.20991982554829008,0.2190984687283211,0.5256961619916,0.8991968275617443,0.9975
US31846B1089,-0.05564473199646492,0.15553704101997984,-0.28257953524859547,-0.06889011756447122,0.22020486584868554,0.315
CA74061A1084,0.2919198608000824,0.16187822257625917,0.050477511893993875,0.27921187737388986,0.5733092825481104,0.977375
US00751Y1064,0.03622618048274517,0.10300120876753395,-0.12244497643826292,0.030151509202217507,0.21270248530178482,0.6293125
US1985161066,0.1620459327799119,0.22551356039157658,-0.15983691030582584,0.1422402178317274,0.5586045743440698,0.7735625
US01877R1086,0.3780297089745621,0.335908681101448,-0.08560459363695809,0.3396334492215297,0.9715343048816429,0.8988125
IT0003404214,0.29966082110239484,0.3610915292128509,-0.1939212617085444,0.2535751272233341,0.9447861896988565,0.8123125
US74736L1098,0.4205822745168933,0.1826095843745114,0.1440929362634436,0.4090950534121268,0.7347052576939397,0.993125
US86384P1093,0.13124303272706367,0.1856909235188011,-0.14526507485230994,0.1169123548359004,0.4584051257475919,0.7675
US1311931042,0.11004684990967985,0.14821130950926031,-0.11259935001027475,0.09921466689093264,0.36619684558585724,0.7803125
US3886891015,0.20246147799991546,0.1662691724473521,-0.044755374279431166,0.18998336846927197,0.4941261479868166,0.90625
US15643U1043,0.5184980232278809,0.20343285286222854,0.20529960966944918,0.5060336662917089,0.8641958787063027,0.996625
CA1520061021,0.3735242236934898,0.19485564943018685,0.08271536061958341,0.36070833731378193,0.7129324354561449,0.9825
US9119221029,0.4830045195964422,0.6172198751582512,-0.2661086283207303,0.3751432330559259,1.5677135523240735,0.8171875
US03237H1014,0.3988219877759744,0.24664584152638963,0.037710666954956194,0.378711440677465,0.8384883849056416,0.967125
US00404A1097,0.2003766640361236,0.1495576933142046,-0.025053142190255975,0.18951085586565433,0.4607805022689039,0.9275625
IE000JMT8VI3,0.2509328312392905,0.170404621682909,-0.008007152802915555,0.24069841810210257,0.5438065185887616,0.9444375
US31188V1008,0.32274364313097464,0.19102842852941415,0.029270414443851762,0.3100994681458182,0.6570879858981536,0.9656875
US9224171002,0.3158639596044995,0.3293961625384048,-0.13407205169492073,0.2764479107176715,0.8992295552606293,0.859875
US1404752032,0.046287125773006255,0.22379829491136122,-0.27446683837023755,0.025120678119856438,0.442770003659527,0.55225
MHY8162K2046,0.2022704091817963,0.23882225683398364,-0.1370584249965505,0.17714748121305343,0.6176179944646208,0.818625
US75383L1026,0.492010226589739,0.21724144225792755,0.16815076561323708,0.4755544640096595,0.8692338093505284,0.9953125
US1653031088,0.13054825104606585,0.21490096048707194,-0.1780521682812178,0.10754280601528951,0.5100865164028345,0.7325
US57164Y1073,0.050470148512883554,0.15282442869496027,-0.1803998068055179,0.03921444176774455,0.31411632902428727,0.6121875
US31816X1063,0.8122112211731012,0.3795973387573024,0.275186326925185,0.7764914463569829,1.4730448249673835,0.996
US74276R1023,0.36841978249493623,0.1342618754669331,0.1625186401054046,0.36039167650694026,0.5998112982719859,0.9975
US29430C1027,-0.14432595775872925,0.1462783433461107,-0.36104538240599043,-0.15637503785343118,0.11072300622486103,0.1475625
US49926D1090,0.23705080290955358,0.2547315263569175,-0.12794584292919964,0.21327325950425413,0.6908904308400375,0.8388125
CA6993202069,0.17776749629545618,0.1499132616791114,-0.05030078846062097,0.16908766203050285,0.4367340056380184,0.8971875
OM0000010120,0.03634836311186612,0.23326873668011655,-0.2980566615515974,0.011801382580314213,0.45459492973776416,0.5248125
US5779331041,0.5536280959297649,0.5787085504666094,-0.1878523400900679,0.46396562451443046,1.6180971636373667,0.8633125
US9292361071,0.2871454536124313,0.32398742527581176,-0.15212514521908235,0.2501776347747001,0.8515965134074138,0.8368125
US44891N2080,0.4097795532679747,0.2000579636447929,0.11500362454702327,0.3945583757148193,0.7540768390895626,0.9901875
US74017N1054,0.32464194745582986,0.4739088438782247,-0.2745320857088052,0.25314624690416776,1.1612906868487167,0.76075
BE6360403164,0.12567978066928787,0.18742440446123934,-0.1500098303948963,0.1089862674631436,0.45981954770054584,0.753125
US83545G1022,-0.054595840389479476,0.12145437603175578,-0.23689121702416246,-0.06319845640933999,0.15465047752671685,0.295625
US6979471090,0.9526161657794097,0.22905423310223197,0.6124089787329631,0.936735446087129,1.3302031985645064,1.0
US4212981009,0.21048054229931895,0.1919916693383225,-0.06858304985881114,0.19528839775274853,0.5466137482499105,0.8870625
US3927091013,0.048765614346744146,0.45409492878958396,-0.46805318030573334,-0.029573802523809752,0.8174129612753567,0.4651875
US5562691080,0.18053421329911193,0.17590346370837825,-0.07846805633027125,0.16809176759300015,0.4869951214261289,0.8643125
US09225M1018,0.001991969687508557,0.4084848240462249,-0.49845270302354616,-0.06184598158562053,0.7243832986677018,0.426
US21871N1019,0.13997804066724512,0.22008341359177683,-0.17832096998574345,0.12143381073457019,0.5292572315237848,0.7379375
US7329081084,1.1290135811709403,0.38361198894732734,0.576996765501801,1.0961918547425544,1.7711792039229122,0.9998125
US2536512021,0.30339814779911267,0.3017895956965752,-0.1178268551494958,0.2705671506556305,0.8244613850790766,0.86875
FI4000349212,0.04062991452948369,0.424949499155492,-0.48686897954785635,-0.032846570595152585,0.8028920579728807,0.4646875
US1307881029,0.2862727787746211,0.30558529607111046,-0.14576337729207597,0.2540168436482677,0.8295813904109081,0.8455
CA07317Q1054,0.21137584021294223,0.15712997196997217,-0.025715644188649595,0.19964436130671215,0.4826774858862721,0.929375
US03815J1079,1.6684407431959252,0.43719139666816736,1.027577023976182,1.632953791108758,2.428538014296676,1.0
US2244411052,0.3189565590643231,0.26181899716679446,-0.059812815673539715,0.2960510695015964,0.7744978196758001,0.911125
US61225M1027,0.35589440190179483,0.250691315490551,-0.008537566760474982,0.3332038070318567,0.7927233414671565,0.9456875
IL0065100930,0.1101849106758414,0.29080628010514703,-0.27713258458227114,0.07081204982451697,0.6306138711397745,0.623625
IE000GID8VI0,0.43358407000733185,0.2714537975220872,0.0437872924925689,0.4082526691929165,0.9096056891507368,0.967125
CA04040Y1097,0.5754502209817767,0.33812053119781305,0.09128392541214381,0.5398597585661419,1.1867697373291266,0.9776875
US74767V1098,0.335519633270604,0.2725920042327544,-0.060367047894797674,0.30812679329822923,0.826305508740186,0.917125
KYG4740B1059,0.39697136228350716,0.2650138641262071,0.017344104124352906,0.3725442811102154,0.8578240347043384,0.9576875
US9116841084,0.5531244727762749,0.43043900083901465,-0.00993437372259178,0.5013648336516427,1.280172759234149,0.9460625
US9111631035,0.07886693756821823,0.15905110987031165,-0.15951168817278416,0.06713724675226557,0.3571981008902666,0.68625
US0464331083,0.31280746655630653,0.28953189137719626,-0.09936319730017795,0.2825899383323407,0.8203398491100762,0.88175
US14154A1025,0.8180270124844862,0.7320352636858944,-0.0828822103698022,0.6901265631064817,2.1363931259703923,0.9224375
NL0011821392,0.37913893009553157,0.18860144873478785,0.09459374416911089,0.3665431346430287,0.7081732084279782,0.9864375
US4042511000,0.43801860789901037,0.30080543695239953,0.01449598024521111,0.4055508751633236,0.9665869847603811,0.954875
KYG037AX1015,0.36926335456346976,0.1842831410826631,0.09038067759859242,0.3578106438176937,0.6893518629241243,0.98625
US30214U1025,0.41602916754611247,0.3506742520378252,-0.06277623490764049,0.3711780369481662,1.0375124728214562,0.91575
US24664T1034,-0.014539384176232037,0.17874610323419074,-0.26958174457125256,-0.030467705771679714,0.29612748566909036,0.4219375
US4576511079,0.2812809311990047,0.25161534623091736,-0.07015603187338604,0.25727458626995736,0.7154619618251397,0.89675
US0441861046,0.2091971241405148,0.16201425195469873,-0.034278281039298246,0.1951441301471946,0.49775222076862563,0.920125
US00246W1036,1.0156569760859788,0.5441074164751079,0.2650479437281132,0.946335426930061,2.0052132591446363,0.992125
US93403J1060,0.22934193982562384,0.14860633585908098,0.000471677301744957,0.2200783351654816,0.48726534012439576,0.9505625
GB00BZ973D04,0.8932267447385006,0.7703448203267453,-0.04602693433169774,0.7619221736000049,2.2779424299410036,0.937875
US4433201062,0.013228009927510748,0.12210278588823115,-0.1746634388215505,0.007241860340067047,0.22109128818372611,0.5249375
US1417881091,0.323181166594455,0.15581611990692512,0.08388733726082957,0.31332337785950903,0.593284180916958,0.9864375
US30054B1070,2.8314464772082473,1.5357381961110277,0.9152748191247904,2.5781928946103454,5.614843194569197,0.9985625
FR0000054470,0.23084762245742393,0.1827493238162725,-0.042272624860018086,0.2187295308717622,0.553131290360443,0.9144375
HRADPLRA0006,0.5375328900231512,0.45384242703788336,-0.06730786326939611,0.4763949541332882,1.338131055210354,0.924
US3596941068,0.4477837730891332,0.22506636134238478,0.11411072394449619,0.4314635878490991,0.8362775937444015,0.9870625
US50189K1034,0.2677553109584371,0.17952090086879013,-0.004055459365663815,0.2554492085265173,0.5792303033841284,0.9473125
US72919P2020,0.5178998270091931,0.2596900711391006,0.12913294783615678,0.49863228118046654,0.967724463360583,0.986875
CA2926717083,0.9493223436110415,0.5681037751011481,0.27368916051857983,0.8919564160560446,1.7906860877556166,0.99325
US2358252052,0.34985134387393807,0.22563656094669515,0.015564091675318055,0.33001755486851275,0.7458703522140275,0.958875
US3847471014,0.2276657535052546,0.23000477999523103,-0.06069151762422614,0.20998997805425956,0.5621765007011116,0.90325
US2960131058,1.779856699261459,0.49683716538123746,1.070853690910494,1.7355333767868493,2.6445000402147705,1.0
CA85853F1053,0.3052436036215264,0.18309909517014356,0.0310196313144775,0.2908360147081842,0.6263342297743254,0.9668125
US8965221091,-0.04249041737419883,0.26840086146913167,-0.40289658106016724,-0.07899687008754072,0.42846141274782473,0.379
US5805891091,0.27193023854378745,0.22603195665011427,-0.06251532719744116,0.25555351379910274,0.6648096193735065,0.9075
US5138471033,0.47616064932024055,0.31821983777881985,0.016011847848376698,0.44405213689981105,1.0410486337928329,0.9564375
US08160H1014,0.22590716815812048,0.32843858196821224,-0.2141821981494265,0.18552577020621042,0.7900413060932726,0.765625
US4202611095,0.31658533107471387,0.2828515826530461,-0.0826815752799603,0.2904035005752663,0.8124965776933337,0.896375
US6350171061,0.06005925338572237,0.4194720022529666,-0.46615615673727373,-0.009955578092976642,0.8137041500025158,0.4900625
US27005A1051,0.2589443173877005,0.2089317144849471,-0.050640157562694674,0.24165846726849444,0.6236986023149922,0.913625
US00676P1075,0.5707578053805127,0.35241956409378716,0.06499964619849326,0.5343819420808986,1.2038305770091795,0.96875
CA49448Q1090,0.4172298202580265,0.18976118119004257,0.12983396049062199,0.404183489239776,0.7454552962993615,0.9928125
US02553E1064,0.19358265382299533,0.18138675172562155,-0.07611728672546265,0.17990944784878007,0.5039464584673801,0.8809375
US4026355028,0.408566285423223,0.17645085123241752,0.13799133955411988,0.3982327538635504,0.7145038453354456,0.9939375
MHY2065G1219,0.1290084186505965,0.19712138204905727,-0.15644044009942712,0.1115359055216825,0.47012477769173616,0.749
US9043111072,-0.007613521417737689,0.1134651361520394,-0.1807179846253488,-0.013610230919125771,0.18835448656289894,0.4464375
IT0005211237,0.06247208050918972,0.1108466106116829,-0.10771592689068551,0.05633472584867248,0.2532856261563302,0.7194375
US49639K1016,0.9923998751182339,0.2781537951895896,0.5753030422698396,0.9746393823988858,1.4652773844603324,0.9999375
US98139A1051,0.5635699328309501,0.2259138027585669,0.22999969779716922,0.5450877010041154,0.9543914866241849,0.9963125
US71880K1016,0.26715484638857434,0.2476424151963964,-0.0843025384668507,0.24133089436216798,0.6982061731195015,0.890625
KYG114481008,0.9032471653553195,0.30674792535524853,0.4503924861614382,0.8801069017576107,1.437765510246821,0.999625
US00402L1070,0.38628296502588993,0.1422163600494186,0.1699795648203348,0.379350145647699,0.6284559425066679,0.997375
US64115T1043,0.21636358476947767,0.30844138887301603,-0.21194605307822342,0.17989267039902238,0.7654290394268417,0.7666875
LU2369833749,0.010187726870910857,0.17219432243185098,-0.24200777054366898,-0.005328459012812252,0.3127279899580727,0.4861875
US3580541049,0.3096473860491898,0.19627354060866375,0.019958718066951486,0.29457095231341723,0.6529990837149509,0.96075
US1559231055,0.2578690515473839,0.24674506529872156,-0.10196615207417331,0.2351725399826749,0.6900157333592348,0.8719375
US53115L1044,0.6535995331720109,0.21913561003492354,0.3254365310308903,0.6396864921241682,1.0367964413099227,0.9993125
US2546041011,0.5791400306393943,0.22071276127695738,0.24539560096054697,0.5643067444940552,0.9634202906975488,0.997625
US3580391056,0.5881251405365363,0.18909845877926956,0.3002688780147536,0.5759692389271768,0.9156421626343071,0.99925
US7045511000,0.4751824364957166,0.2666014328854161,0.08596238823377451,0.44949138711359216,0.9466978709650854,0.981125
US00847J1051,0.1944347981201219,0.22824681825886087,-0.1368233374608704,0.17426862364749404,0.5855440956753678,0.8194375
CA7819036046,-0.017287684538533295,0.15392618950667436,-0.24918248291256556,-0.027924150911398993,0.2539970626423479,0.4188125
GB0031274896,0.22588878795047015,0.11880215825150414,0.039236353192608854,0.22010231974076716,0.42975416289237683,0.9775
GB00BVGBY890,0.34982967036231905,0.20258379427277728,0.05161366859562277,0.3341218991059688,0.7031710217763371,0.9731875
CA2960061091,0.28628592217980225,0.13794008834301263,0.07173092880744027,0.2807177000097369,0.5236909537449058,0.984625
CA05466C1095,0.2837488660248447,0.1793395063846269,0.020657746838999888,0.27061948891018506,0.5920064542120737,0.9615
US05603J1088,0.498831651943004,0.1948373683448795,0.20567752535754655,0.48646786543336207,0.83833063647728,0.9974375
US7033431039,0.4318712159687616,0.20887902815149564,0.12567822736616968,0.41490149656187253,0.7964119265207272,0.989875
CA8119271028,0.6178961485038755,0.6525826709010757,-0.18638688486049249,0.5083679371351416,1.7955850546103527,0.8686875
US0009571003,0.08216041003667143,0.1779186001951017,-0.1848013972549971,0.06921686681223266,0.39817347566383715,0.66975
CA29269R1055,0.43816362213793053,0.21793012698918585,0.10954774485029951,0.4242253629157635,0.8125747330766188,0.9878125
CA09076P1045,0.13572126331655948,0.17088900196204931,-0.11776916632101454,0.12150346910234482,0.43977440509295973,0.7976875
US7069151055,0.2073709648646037,0.2201423355409572,-0.11910073310887463,0.18850368147238084,0.5918520730095249,0.84075
US9818111026,0.26267216928020615,0.24916275331322713,-0.09776393097693138,0.23951942175127064,0.7033445052580362,0.8731875
US09739D1000,0.30585734981455354,0.23104124994839248,-0.03302247728683963,0.2857079579868981,0.7124690717481883,0.931
VGG312491084,0.2312344827265271,0.17379407392426957,-0.026711635547501156,0.2189242332072189,0.5332800441622998,0.9274375
US63942X1063,0.5849246749967124,0.30055168741304344,0.15296963728792803,0.5586414085714292,1.1066171779693192,0.9876875
US50015M1099,0.9657626417034576,0.37459466406534836,0.41484817777849453,0.9332550472013429,1.6245442058079056,0.9988125
CA09950M3003,-0.009102705086779425,0.1724484660373631,-0.2616270874021994,-0.023580203354388606,0.29368540062122395,0.4413125
US8962881079,-0.05837750701173377,0.18609251767930635,-0.33422833476297037,-0.07418960717691145,0.2697705362105691,0.3300625
CA1033101082,0.6100700026596587,0.2064248078166367,0.29804625814343694,0.5981659558767872,0.9577279050533423,0.99925
BMG7997W1029,0.3407414657501806,0.21936666736782,0.016989937591697316,0.32324210771102346,0.7332831294292887,0.957125
US46125A1007,1.2829394541990886,0.7555844254202262,0.3897313407474614,1.198204726584958,2.428172549988651,0.99475
US81617J3014,0.1993214219046656,0.2020487231393453,-0.09432477821538955,0.1832090469942152,0.5502490359618183,0.858125
VGG6375R1073,0.3550504354330768,0.21024253195009646,0.039763454576734046,0.33835134155112434,0.7211364040218281,0.9686875
FR0012333284,0.5983227198206096,0.33688856035476433,0.11420860372345852,0.5651061616239986,1.1955043069053224,0.981
KYG4701H1092,0.15318091948428053,0.23283092950052062,-0.18523487414402826,0.1306613660869645,0.5632148511350078,0.747625
US15117B2025,0.7456269321737645,0.2554400483585114,0.37159273619761013,0.7248789548086859,1.193034030435587,0.9995
US92839U2069,0.33950330572560994,0.1690957048431794,0.08143022488703353,0.32851698042101585,0.632338490739662,0.986625
US88076W1036,0.07657830719724808,0.17901394400765885,-0.1863547925025898,0.0608201569244406,0.3898961872469365,0.6545625
US4128221086,0.13371572262869472,0.15678974822530628,-0.09928199798066364,0.12331540568802647,0.40176487788167803,0.8164375
IT0005469272,0.2142721140462142,0.2821688595745719,-0.18053186471808605,0.18245300707742895,0.7129704278476047,0.7833125
GB00B8C3BL03,0.34382140424664487,0.13742912110104338,0.13231189757154033,0.33628444353582654,0.5730160693081594,0.996125
IT0005525347,0.44709016937656754,0.40536019343582064,-0.10271902538858403,0.39437430477751323,1.1677824033029054,0.8974375
US1638511089,0.4553307118995234,0.2229062878246482,0.12261672209072162,0.43525348509029693,0.8524367172655125,0.9895625
US9682232064,0.3016201273139404,0.5245977981448047,-0.3492241799241406,0.2137406523098571,1.2500556430209147,0.707125
CA95083R1001,0.29982868450636924,0.19043258882518987,0.01487847643931708,0.2871535635646646,0.6318035882205477,0.9583125
GB00BMCLYF79,1.1173250126675007,0.8603536866699407,0.07554834624904544,0.9712506153777917,2.664329415943812,0.96425
US4891701009,0.023546780374396413,0.158019136508732,-0.21314640781639088,0.011863803431419462,0.2983273733755849,0.5350625
US8684591089,0.4541573395400064,0.2506334609713908,0.08239634950068109,0.43550793547052996,0.8873544590757169,0.978875
NL0010696654,-0.001137684785229939,0.17426587742090902,-0.2439239644526786,-0.013319106456018621,0.2756663112729679,0.46275
US4869171078,0.5324716973358975,0.2666800937787926,0.13830334736888175,0.510472263284503,0.9981273510579448,0.987875
US0476491081,0.11206298194788482,0.26614331210342124,-0.26176249681018476,0.08575457335133002,0.5775514534878992,0.643625
CA15713J1049,0.310074994139153,0.1929840415804142,0.02353351219523116,0.2939732208800647,0.6480512135285494,0.96125
CA30224T8639,0.220527381700911,0.17019188252298229,-0.03335537233607406,0.2073997056155555,0.5174582671455641,0.9223125
US87650L1035,0.5535768403814726,0.2169024590040883,0.22365949078332256,0.5384856607346012,0.9314304112352294,0.996875
MHY1968P1218,0.20851481915712614,12.1321576585825,-0.3675895491585306,0.0379987740435574,0.7037036684593044,0.554625
CA46016U1084,0.24509976249943585,0.18366399429387398,-0.033280196003532034,0.23174084921940238,0.5613277556959447,0.9285
US89377M1099,0.7542096462398583,0.28449819362094264,0.3291657299579473,0.731361633767698,1.2532797395729636,0.9989375
US10576N1028,0.6324430253257676,0.18069922924211868,0.3528915986885943,0.6233323111591633,0.9398877768569445,0.999625
US2641471097,0.1793274788334711,0.2317555053819994,-0.155916463174695,0.1587474184747627,0.5853827893264836,0.7925625
US24906P1093,0.13110269318203396,0.13067369766834022,-0.06633066200824672,0.12247957550034505,0.3558821000481502,0.857375
CA89472Y1079,0.4915778618653119,0.23819303484108392,0.13830862210157963,0.47273069602701234,0.9096182162685766,0.9909375
US40145W1018,0.2978910442708215,0.21640801006381674,-0.022991844134628032,0.28071834569609067,0.6805561841743337,0.934125
US0116421050,0.2757374896945063,0.28160028483032756,-0.12422889670926635,0.24372435074580312,0.7829886900615318,0.8565625
US45688C1071,0.3678364709396743,0.32203473405894595,-0.08453195227760113,0.3299894551708788,0.9419580968149378,0.90275
US92337R1014,0.9213541861211845,0.3025127903299825,0.4761971103683423,0.8991746500327061,1.4380270925172876,0.9995625
US9507551086,0.059640304869600556,0.12432150370546272,-0.12549511798971227,0.05151877009430719,0.26808197647894855,0.6791875
US87484T1088,0.27694479138435923,0.18421724608897178,0.0013957567617150272,0.2639066473008753,0.5954954215301085,0.950875
US89532M1018,0.49971571221602357,0.21790135160310037,0.17596616923938913,0.48492166334448633,0.8848456641544785,0.994375
US74969N1037,0.4826757252430201,0.2840882717291727,0.0679784262730953,0.4557552413821742,0.979620933808156,0.975375
GB00BDFBVT43,0.4366413960231522,0.2463402425609537,0.07606786865507974,0.4152040773980868,0.8713073962930773,0.9768125
US67080M1036,0.4105864975675857,0.1624784905973604,0.1625292958953122,0.40017419843895063,0.6908572707221434,0.9968125
CA00762V1094,0.2406465114346364,0.1725077127313871,-0.015242465654137406,0.22735096624199616,0.5430356712002782,0.938625
US6402683063,0.7910169393175374,0.33807708030866807,0.3025688375947826,0.7585302975661882,1.3879039070771437,0.996875
US2537981027,0.2594324575320068,0.2307312263463538,-0.07767775995617339,0.2375123656838508,0.6761917667115809,0.8915625
US00760J1088,1.215934578880209,0.5433432316623484,0.4580828890703407,1.1514871381004375,2.2072587434955864,0.9984375
US34379V1035,0.304793063033302,0.1589524332806468,0.06252053292502277,0.2937753801156028,0.5853852311707379,0.9814375
US5494982029,0.3820979788595422,0.27494094299477256,-0.00668078407842849,0.3552151252626192,0.8675733428829876,0.9465625
US0021211018,0.17382676491040616,0.23448183252568658,-0.16118544618358546,0.15228265906757732,0.5870034662267881,0.777375
US1535271068,0.23282478968410988,0.43323883545033,-0.28423899350966686,0.17627524823491314,0.9303613223350029,0.714375
US05278C1071,0.12884738882321825,0.14407469050431446,-0.0863479139811927,0.1186106902069885,0.3775729571512631,0.8303125
US74340E1038,-0.0036562919151245776,0.13174238896350574,-0.19999004085321093,-0.012333782094562162,0.2260840797998291,0.457625
CA0209361009,0.15541342925582466,0.18850905747997151,-0.12033551871747587,0.1400166736488345,0.48386160596117,0.811125
US7244791007,-0.11208657220318166,0.16988395643956467,-0.3561022798834959,-0.12752885120574456,0.18832167485430037,0.218875
US0953061068,0.28428416427181785,0.18685712871147656,0.004811919143737459,0.2692769729743276,0.6088057976481429,0.953
US1925761066,0.4837404069925859,0.23521550959802953,0.14121295459873348,0.4652742566742528,0.8935658711817948,0.9900625
NL00150005Y4,0.23653046343858097,0.16635709500343152,-0.01445116838372875,0.2255694743327463,0.5218345811877435,0.9385
US56418H1005,-0.10194705995364017,0.12984969972705748,-0.296919418110103,-0.1099283711785781,0.12349265316974671,0.1873125
US23204X1037,0.205393266449051,0.20746049874804257,-0.10065507631344632,0.18607894107731268,0.568583422795308,0.8614375
CA5649051078,0.3935540855613767,0.19367125174352123,0.10157391666072083,0.38144935838309313,0.727347876332773,0.9870625
US8190471016,0.6407474221091785,0.165911575702706,0.38354230245823284,0.6316740424728841,0.9256529316735085,1.0
CA23126M3003,0.44696000664604774,0.3081082943626972,0.0009111395270759155,0.41549744857708737,0.9870761470035453,0.9504375
US68989M2026,0.5761941906662968,0.31551571878279033,0.12465753053154502,0.5451738691615101,1.1382166285816706,0.9845625
US5002551043,0.08908995378660568,0.1628192341139624,-0.1541205980233161,0.07613265609605974,0.3788930130633732,0.7065625
US9633201069,0.39205093201042834,0.2944186651856771,-0.017118345793787387,0.364419643664618,0.8986080748298415,0.941375
US86771W1053,0.6176095612227214,0.20468905534627166,0.3065621029598511,0.6044003117441761,0.9697370922629026,0.9993125
IE00BKYC3F77,0.21862833972164178,0.34477884301996364,-0.24731422308590542,0.1731304215349843,0.8550646492641498,0.732
US6031701013,0.6188689058109925,0.298189356102306,0.19441924014060272,0.5907895703252857,1.1314820321704275,0.9939375
US74112D1019,0.5616008653920812,0.31436227883019047,0.10694022096146297,0.5325363307041411,1.098276978121635,0.9835625
CA0565331026,0.06532057239245503,0.14931502503360333,-0.15924362191279678,0.05483305131811185,0.32469622296922607,0.66325
US4198701009,0.03087242127710525,0.23864450885859,-0.3059211117552823,0.007407242990751732,0.45348811729044236,0.5145
US55445L1008,0.39116204932764836,0.23235258267113487,0.04558324206294697,0.3724598239320153,0.7956998394181434,0.9696875
CA4085491039,0.4296464948667429,0.21411342187252247,0.10879731274354652,0.414053916150266,0.804342594044117,0.987875
US4280501085,0.869745498939727,0.20790969422958522,0.5519745491508786,0.8600197704346471,1.2304614418614774,0.999875
CA45245E1097,0.19776677911583176,0.15080912100282473,-0.0348234138873911,0.18885771234123153,0.45595599715591995,0.91925
US78137L1052,1.0758858045606416,0.8438095777875799,0.040703467222894404,0.9293288543981258,2.6142815467649387,0.9589375
US09058V1035,0.6280568303177935,0.3333467458121759,0.13832051815405996,0.5960481882651499,1.2113254385361731,0.9873125
US2220702037,0.20428357823001722,0.2068207264004437,-0.09993562449671062,0.18598639707192965,0.5736326468106705,0.856875
US7751331015,0.4578394142511889,0.3868639280332231,-0.07557234688832994,0.4071955663347656,1.1518543611432492,0.9153125
US2942681071,0.38589594556315754,0.5665620838706674,-0.30749357426331336,0.2895663432619807,1.405012556678615,0.7609375
US92346J1088,0.3827659814081419,0.23276677937895268,0.04239715647124265,0.3649107617921502,0.7717070023989022,0.9681875
US53815P1084,0.08571554006165134,0.1916350355417704,-0.1964589813290922,0.06938954201178002,0.4142865243250329,0.66575
US18914F1030,0.04832122164839188,0.274841806595337,-0.3301901757319745,0.015500886067642742,0.5387991987992476,0.525625
US4622601007,0.6082171771094306,0.3470186051212323,0.10743755586405784,0.5748767036163388,1.219777924946549,0.979125
US78463M1071,0.3001515182074375,0.1843668971057164,0.02286138121870971,0.28727704925474395,0.6178600243818059,0.9636875
CA7142661031,0.743696344039512,0.44732880739165815,0.13291214532153037,0.6898291812763856,1.5441679226215832,0.9805
US4470111075,0.08343997358351203,0.14687453396851652,-0.12768632093665516,0.07408184327417597,0.3217937698369216,0.728375
CA29258Y1034,0.6257185773463022,0.39544111866714676,0.07826032181949444,0.5810863638605885,1.3189425663615517,0.9723125
US6031581068,0.30559233888374565,0.27095323429367124,-0.0837992178228494,0.27899552993729504,0.7867184301380519,0.8953125
MHY622674098,0.15277224968954067,0.2975355960061613,-0.19157274445710046,0.12899810548653917,0.5652532649681185,0.7390625
US7789203061,1.1069800330716135,0.44263502164595625,0.4691475882852321,1.0620491426574277,1.8940469902468615,0.9989375
US6655313079,0.4333031378634824,0.2151219579897978,0.11559497438482412,0.4158146821078851,0.8137947416907665,0.98825
US4829311020,0.5731160124538165,0.42034799703666725,-0.01013329326872026,0.5200937268503746,1.3315008381631894,0.9460625
CA4220961078,0.19447962012957057,0.1675655574946024,-0.055899200542830575,0.18329941743650122,0.4851370025761076,0.893875
US81642T2096,0.22485239218809436,0.41753667169476105,-0.3240368792152315,0.1640798630219919,0.9965361035988016,0.685375
US13100M5094,0.6570067017920537,0.34578934066463257,0.16583271783994977,0.62515696817947,1.2507340599453567,0.9891875
US40054J1097,0.30861670774782407,0.20148245400866208,0.007955692552718937,0.29288603565230187,0.6613967943523607,0.9544375
US1248051021,0.19270616520544587,0.217490770617889,-0.12483922998009728,0.1730339806797947,0.5734052794581262,0.831625
US4234941031,0.48231675717972405,0.27425394636131983,0.08188577219142826,0.4585341164912712,0.9651093537934435,0.978625
US43289P1066,0.7573827533310666,0.8503755829276933,-0.16560689808292078,0.6130811050129291,2.151536570712632,0.8935625
US9870841007,0.5584757267186549,0.2516514804867631,0.18560243369685028,0.5384229195704542,0.9921919692071405,0.9945
GB00BNQMPN80,0.29072867974650013,0.27752754869853286,-0.10607565002160167,0.26264445492102007,0.779718755477906,0.8785
US67080N1019,0.342697063511543,0.6591060093209549,-0.041993859741205626,0.307335986045672,0.7970363053956123,0.9256875
US6932821050,0.42453789783194357,0.32444306811586676,-0.033326602852152096,0.3903190308471417,0.9893244809352093,0.93475
OM0000009759,0.31008392866789697,0.27337644661829585,-0.07732394595585486,0.280287621975847,0.8044526922962498,0.8961875
US26210V1026,0.3343255759961355,0.1917187945270314,0.04566851121906472,0.32233784460409287,0.6618606704506451,0.9725
US5255582018,0.4403004351619844,0.2255246442601861,0.10861194372576315,0.4212276614902149,0.8345838590172104,0.9873125
US66765N1054,0.13231924878405957,0.21238073331252255,-0.17060753485413735,0.11181109167388499,0.5002662317697144,0.7318125
CA62910L1022,0.23918951803405894,0.1850239978007049,-0.03806087517619359,0.22653698303295383,0.5633581083579497,0.9199375
US00847X1046,0.2331242576024506,0.21120009156832273,-0.07943146832194621,0.21512210435952828,0.5977109134052451,0.8860625
US98887Q1040,0.9859166699318257,0.33720236559878497,0.4886459213790911,0.9562880926580449,1.5740398520018837,0.9994375
US6090271072,0.11000537835121181,0.18725658030891315,-0.16525919828438612,0.09411537345909654,0.43702685467704594,0.724125
US0123481089,-0.08788613162147067,0.2160974211677782,-0.3976794622148122,-0.11291684766537678,0.3032771814518802,0.2923125
US81282V1008,0.04314766441795126,0.14705708880359933,-0.17393810401818977,0.03165092285931186,0.2986652589522175,0.600125
US58502B1061,0.046668834599284524,0.18442071834139767,-0.22531572884045029,0.03291536638629789,0.36868060457000906,0.58175
US0067391062,0.288897484937049,0.15557967904787495,0.054162367339033374,0.27949821539017494,0.5556066045721335,0.9780625
US6512291062,0.13982507767246558,0.20669097862680802,-0.161906800434353,0.12046042521980212,0.504134249030767,0.75575
US3830821043,0.10474043769405166,0.2644150852597048,-0.2617275062764792,0.07609589087628293,0.5722098210999402,0.6379375
VGG1110E1079,0.4866655694560568,0.2626273543269627,0.09805634787229074,0.46639842281647304,0.9415798517603708,0.9825
IL0011301780,0.6289435510895685,0.20959733277169879,0.31063849874282323,0.6157541941895025,0.9931410049087789,0.9998125
US1184401065,0.1800946299558917,0.48511382191552627,-0.4071325484268948,0.09433759206200393,1.037468511276335,0.6033125
CA33833X1015,0.5497467842376489,0.26280409574858526,0.16415340092953964,0.528192584443132,0.995750346741105,0.992375
US15743P1049,0.5945774663139807,0.2273094023093741,0.252799298064854,0.5796329335505255,0.9866966287768112,0.99775
CA82835P1036,0.5794500209524686,0.29865031092679856,0.15069075225639844,0.5523002248639408,1.1050888208237428,0.9875
US5854641009,0.5412485624893738,0.22116883263387382,0.21020457325987296,0.5264598707120923,0.9175248615961189,0.99675
MYL5326OO003,0.15213717983477187,0.14151553298522124,-0.0596724128758291,0.1419093308738468,0.3986925829978588,0.8788125
US05463X1063,0.4600604431685376,0.194012679422827,0.1644105609989589,0.44863955496044444,0.799215101754336,0.9943125
GB0030026057,0.6153647922596838,0.3319270287858887,0.136314845853582,0.5836535675473282,1.2054316503330025,0.98375
US59739R1041,1.2329422802403829,0.5542817227564978,0.46039543920772447,1.1630313095515001,2.227205294326479,0.99825
US45827U1097,0.3020000326328614,0.23948517995396545,-0.044842866360587715,0.27995507187678476,0.7259876371785008,0.92175
PLSELVT00013,0.7265633624599316,0.5766638744708684,-0.0058760977406403835,0.6409088591230939,1.7159492787353443,0.9485625
US05356F1057,0.1077567368872761,0.1549459394417258,-0.1264687686215395,0.09705525585918218,0.3788862801582619,0.76325
JE00BYSS4X48,0.4075699535385413,0.33352069593630823,-0.05835287443090217,0.37181265461802016,0.990765480408249,0.92075
US67576A1007,1.062842586201624,0.3808499968777617,0.511563562564617,1.0292228727902222,1.7278732702360051,0.9994375
IL0011407140,0.1548998418833349,0.1781317464151962,-0.10043535710759709,0.141532082063752,0.4519633657719734,0.8333125
US7311054099,0.5268536553347608,0.5111061756312643,-0.14779407959370425,0.4542206046254412,1.4074887270834688,0.8845
US9139151040,0.33516109352834916,0.22926609640592066,-0.004723770756825314,0.31702854280239273,0.7356887525176765,0.9473125
US42238D1072,0.48699669537208923,0.2294955509692332,0.14957475874227508,0.46865595516529834,0.8876398994984663,0.9923125
US3825501014,0.2414568294278113,0.1994610955169619,-0.05544644449621801,0.2265940530244428,0.5839615979601955,0.9035625
US8294011080,0.13094173580406024,0.17630884054020957,-0.1272401198259979,0.1157363382978149,0.4383991483337777,0.78275
US6404911066,0.2841638405048498,0.49214983124173856,-0.15724989493533947,0.24431197862157455,0.8317274400505708,0.834125
US29977X1054,0.1356665677246207,0.19977529164318542,-0.15506706047639565,0.11926938347869756,0.47750219653329395,0.76075
US98741T1043,0.08275466562850614,0.1939408259780079,-0.19759543522309544,0.06624757253627422,0.4203609285707859,0.653125
US0113111076,0.34622674038000667,0.24843840219248936,-0.014671967902815627,0.32493464167450903,0.7838782436035722,0.9415625
US87877F1030,0.4378421354968536,0.3420227107573759,-0.04132673102990259,0.40247775761685356,1.0384008814851318,0.931125
US4771431016,-0.007556605060408398,0.11821356905153368,-0.18889587715970999,-0.013749446984499428,0.19593805655104765,0.449625
US45676K1034,0.5876051506509651,0.30687506175152285,0.14307357514407143,0.5601241625417355,1.1316330332866096,0.9865625
SGXZ19450089,0.22384788280912266,0.2259939273215081,-0.10634148644296723,0.2046978746658884,0.6221600815511165,0.8545
US74587B1017,0.29494966881171847,0.300642091887202,-0.12660236665256497,0.26209984427879585,0.8334314612636398,0.86175
US45768S1050,0.3906254913934819,0.5444630648657003,-0.06805194868925989,0.3475496758902065,0.9601218580205118,0.9091875
US90138A1034,1.0059581245800855,0.3035349791203903,0.5527998291504613,0.9844546038431632,1.533179768574163,0.9999375
US65342K1051,0.6086807433636352,0.32266799986790456,0.15670533396323058,0.5735498692740003,1.1663796164776377,0.99
US69318J1007,0.004542544428211702,0.39525675555825923,-0.4957213601916956,-0.058474912325478065,0.715633923001575,0.4288125
US4131971040,0.4580710046020315,0.25914845869525716,0.07711140279859405,0.4352101497979124,0.9131343748721353,0.9789375
US4859251013,1.9910029951845127,0.7451199059374872,0.9674331714233986,1.9048993043023958,3.305474669115388,0.9999375
US84790A1051,0.1387691719746804,0.17652255491557123,-0.12504463683819897,0.12562945763472666,0.4494498072931286,0.7981875
US44862P2083,1.999226682421156,1.213916399289171,0.48363781389840915,1.8005643484697198,4.144221960879177,0.9925
US1565043007,0.1386962745042448,0.3787089255141374,-0.3641429517471884,0.08117457412498867,0.8371482206680776,0.605625
CA3565001086,0.15487405414004693,0.15032541449672776,-0.0767140785508048,0.1479137567571952,0.41498519116561006,0.8646875
US09681N1063,0.14506752971141185,0.15103843798805247,-0.08355543136806555,0.13675531671850155,0.4064643967694657,0.8431875
US9814751064,-0.18321665773453763,0.21515328285230684,-0.47786709031614966,-0.2109555969341803,0.20207889232740944,0.166125
CA05156V1022,0.3484247153506384,0.2178545863963257,0.027477070113872366,0.33247845768444756,0.7327903944603855,0.963
US92538J1060,0.5382504385567124,0.216791223184127,0.20909698262339468,0.5255922528187879,0.9183419422680601,0.9968125
US14167L1035,0.03984828164419279,0.23278647545294423,-0.2929761646628525,0.015718458835895822,0.4547742662310523,0.5331875
US98937L1052,0.20624003803749982,0.228787956551187,-0.12758212427346644,0.18387571093191052,0.6098095533295981,0.8320625
US0008991046,1.0017308130674034,0.4717709554406275,0.3372948242896457,0.9457672361161407,1.8508086117649507,0.996375
GB00BVG7F061,0.415363934212443,0.26289237748982275,0.031235846265529676,0.39116777172915496,0.8731889933255236,0.96275
US71363P1066,0.5220013531587333,0.6016060670889564,-0.23815302141041902,0.4272663007488229,1.599557286173322,0.838
CA97535P1045,0.06806716354785185,0.24019165117444935,-0.27158874500768354,0.04081753749652331,0.49626091282670015,0.5810625
CA96145A2002,0.2620860039025575,0.49864522474593,-0.36710610037242575,0.1742218392849246,1.1630671949364904,0.6814375
US45778Q1076,0.022084574368496503,0.23481965387576204,-0.3054287758300499,-0.002518080240673429,0.43821872160071057,0.4949375
US87164F1057,0.7201051123980396,0.2745577844475607,0.3227848466727245,0.6953512055910521,1.1992129555083642,0.9986875
US3719271047,0.43315014641967947,0.3470169393279268,-0.047399908040887305,0.3941537911714976,1.0610811047318736,0.92625
US03676C1009,0.05710236691011751,0.3139453076412076,-0.36206064781172764,0.014650389754003483,0.6131657172365081,0.521875
US86150R1077,0.5914411775839401,0.23719425590148344,0.23586486875955978,0.5751918056624619,1.0016452963001468,0.997125
MHY2106R1100,0.09554735129698998,0.20348336358492478,-0.19911253022376815,0.07804429913117125,0.45393946157132775,0.668125
US4586653044,0.26774018716497106,0.283763170258376,-0.14100079136270663,0.23947526056094043,0.7693734776620778,0.8420625
US05988J1034,-0.11649382101415216,0.231283834804209,-0.43734982255078386,-0.14415802967619576,0.3016188549512761,0.2526875
US48123V1026,0.19753252158355147,0.2534789304301205,-0.16323059243694465,0.17369513639612436,0.642504548121054,0.7968125
US9485961018,0.3507450590690875,0.15209233232045014,0.11889863088390794,0.34207237007815655,0.6109605729455617,0.99475
US34965K1079,-0.06625751601095618,0.12238543824578803,-0.2536554402978761,-0.07367375728987839,0.14521977361416005,0.2646875
US68213N1090,0.35341727575108123,0.22339058497731407,0.023456531486739523,0.33385390979173835,0.745726496106055,0.9618125
US7437131094,0.18163818156767655,0.2784838188876801,-0.20781561159177192,0.15109960277535567,0.6864885988910314,0.7401875
US85256A1097,0.2574721978781103,0.21077769736962215,-0.05382496015424554,0.2392613365228497,0.6231814471686286,0.910125
JP3173500004,0.09263011270760019,0.15070173721163954,-0.13679027598527765,0.08277452833142981,0.3555417065592407,0.7354375
US9026731029,0.36802193956379425,0.45138387257919416,-0.21340217030780992,0.3026070353548852,1.1683081129966777,0.816875
CA88105G1037,0.4216606850550258,0.2531558782047585,0.05512726356279254,0.3973004289822023,0.8659578396201897,0.9715
US4202011056,0.3664131426755901,0.2504399719285901,0.02692185777868047,0.3446883616264916,0.7781260409081128,0.9639375
MHY1771G1026,0.4145336761849937,0.39581117110882175,-0.11660900961527221,0.36505002627984307,1.1070341106789094,0.8853125
US5809071039,0.3883088605093145,0.18587520352312475,0.1090298716851342,0.3754822640330121,0.71142140548705,0.9875
CA82621K1021,0.2627541866983701,0.1508065257737299,0.03319179979202863,0.2527551671358791,0.5251965576915771,0.9725
FR0000121485,0.0737421768871146,0.0982260079445704,-0.07745189092900591,0.06876644805988738,0.242365338973833,0.78525
US01644J1088,0.5261215618654813,0.2559444745743798,0.15024106685622207,0.5039357330979586,0.9662043024840622,0.9903125
US9821041012,0.30986459657718773,0.55204479823241,-0.3523866609156896,0.21403742056111244,1.2620437307190011,0.708875
US3383071012,0.25165078635426824,0.13784619105987705,0.039995970602896704,0.2443857893918958,0.49030946394066427,0.9760625
CA84678A5089,0.4001792809202507,0.17569131789087336,0.135274735421795,0.38770670221792647,0.703187168517015,0.993125
US81663L2007,0.7809352919034256,0.2716813679920549,0.3768961117702561,0.7596105547043314,1.2553319499401,0.999375
US57638P1049,0.20051896574034464,0.34036381958640366,-0.25700534863497887,0.1533595171657353,0.8109177262007032,0.7135625
US4576422053,0.6211049373695865,0.37699676272863025,0.09342772341331791,0.5813774790527964,1.2757407328557762,0.97625
US90240B1061,0.5010780608284298,0.19428262781653938,0.20760186520786666,0.4872378793286236,0.8411449127192273,0.9985
US03763A2078,0.47541904440840244,0.22073435667096103,0.14691368480744013,0.45875502700249393,0.8658164823820783,0.9923125
US63947X1019,0.5110811484384292,0.2049436802282558,0.20365595960438876,0.49731264869309266,0.8675140468808512,0.9969375
US76156B1070,0.21886172826934813,0.14799874891093254,-0.004627269432385886,0.20768576718718176,0.4735860454396877,0.94525
US45258D1054,0.5317235901772088,0.27737046291371087,0.12911347933763248,0.5067464295353491,1.0186328430848068,0.988125
CA36256R1055,0.28281308336030925,0.2950273972853502,-0.1318708216690217,0.25041484471165976,0.8040430989580898,0.853125
US83001C1080,0.5322219260620745,0.20091799958867493,0.23020109584689064,0.5190347324515472,0.8714087811165693,0.9984375
US04963C2098,0.3220942512412737,0.20856873727680902,0.01061338178777803,0.3061082571860496,0.683958551230537,0.9554375
KYG2646Y1044,1.2236291581822307,0.3550129009365271,0.6958329284440998,1.1966231497129551,1.835523096797137,0.9998125
US56600D1072,-0.0221035787395042,0.18303863222766628,-0.2896042825519449,-0.039736644143976256,0.3073690032166502,0.4048125
US1241551027,0.3044136755660517,0.33810139956022994,-0.16553297530599295,0.26485525193372994,0.9097695651626879,0.8366875
GG00BMF1JR16,0.32596228685737333,0.1645881441562528,0.06845306704717642,0.3173765643244174,0.6058524839497577,0.9838125
US0207641061,0.20938240808796865,0.3001119590266609,-0.21212993497325677,0.17351636046995367,0.7401190164389028,0.7600625
US64049M2098,0.15443275243377239,0.1829351854347468,-0.11852261270243042,0.14099624503104152,0.470617285802766,0.8120625
CA19239C1068,0.21654699179671968,0.15067334335286253,-0.010509434838518185,0.2072140084114517,0.4762082932652944,0.94225
KYG3314M1096,0.1567778656485101,0.21737418399067815,-0.16196256517711338,0.13668466543753466,0.5434983736754603,0.768875
FR001400T0D6,0.3659583254655883,0.23787216195467292,0.01959617570849642,0.34392345787819784,0.7857859133561215,0.960625
US7194051022,0.6559400915115899,0.38580211810281867,0.11483077979252816,0.6128795730496549,1.3441811257174423,0.9813125
US2927651040,0.3653460203575444,0.40854783456462157,-0.18090173476035812,0.3087444113460268,1.101369435504371,0.8403125
VGG1890L1076,0.444056932366916,0.20089079912970106,0.14038136518856734,0.4307167203067901,0.7981310093264281,0.99075
US5352191093,0.20298176089712358,0.2349913513377822,-0.14208870773099957,0.18003835869919618,0.6205506392356108,0.8191875
US9509151083,1.249951226154528,0.3738230397986635,0.6995298273066932,1.2205583279912735,1.9003336133473725,1.0
US83570H1086,0.366341156066944,0.3018142894786659,-0.05996129305863436,0.3323526400771118,0.8966281114801224,0.917875
CA8426851090,0.38859017304582516,0.4148992244385444,-0.17533597052154676,0.33236538831631623,1.1489697648167705,0.84975
VGG0457F1071,0.4318296501407358,0.21213508155340283,0.11553239026798798,0.41465812677673497,0.7983562948186708,0.98875
CA00379L3048,0.5019483548347602,0.28877951149177855,0.08004752779320624,0.4769266552954571,1.0120557183724728,0.9759375
CA6632782083,0.3425199996341847,0.26451604659463646,-0.039829255725391255,0.3155227065936475,0.8077979553664862,0.92525
US35952H7008,0.08948540971975788,0.24004661093753935,-0.25246513354753747,0.0628951404271623,0.519310910130784,0.6224375
US0231931058,0.1676385480680831,0.2409780429870282,-0.1748199796192795,0.14364893770766893,0.5860226253424965,0.760875
US03782L1017,0.1904129597251683,0.25869605702909315,-0.17894597368323467,0.1645457399515915,0.6551610944151232,0.7744375
US3709201004,0.4604897864343013,0.29947534813897364,0.031087969759425904,0.43338765562699477,0.9901128723491524,0.96225
US4474621020,0.6179431311803599,0.3862027145600926,0.07745008205141458,0.5715835061143079,1.3128828822136889,0.9725
LU1701428291,0.12255852034780577,0.16416111168839054,-0.12530362178324114,0.1100861081993644,0.4047108628195253,0.7831875
US74766W1080,1.0636445427813774,0.6420156550867033,0.22144335294982528,0.9714830174411155,2.1851968272311755,0.985375
CA00288U1066,0.6883468043254499,0.31543882158318265,0.22738168574382087,0.6595574557633752,1.2408004708568832,0.9949375
BMG359472021,-0.16286912243105361,0.15493393112588713,-0.3879534455503748,-0.17788425076128522,0.11113838688276965,0.133375
US56565P1030,0.319230278638553,0.1672429899807101,0.06284280159439115,0.30978800393439,0.6061139623591254,0.979875
US37946R1095,0.01411571487034803,0.40666518790421763,-0.49258261350885874,-0.056030243325444526,0.7557622420462631,0.4381875
US75629V1044,0.7079847639427168,0.5010049788362031,0.045436414350037896,0.6407669993056255,1.597682487658533,0.9620625
CA0717341071,0.353094708173436,0.28983287972910915,-0.06317663058185828,0.3238704932688674,0.8670684107177932,0.917
VGG6564A1057,0.31033638801900604,0.2508607709667173,-0.05750103166727671,0.29092978621371324,0.7543190707515361,0.9144375
CA9237251058,0.26544180961690483,0.18224528228864362,-0.0051807965142077845,0.25166615441445805,0.5840353500374672,0.946875
CA83342V1040,0.5755199686914555,0.2682782879491782,0.18546671314128235,0.5532116097098954,1.0374310793791905,0.9928125
US1265011056,0.22876232662048404,0.5075208176960567,-0.3805055134340789,0.13762423254762862,1.1225718551566657,0.6473125
US86272C1036,0.31689622410006235,0.3220579137425559,-0.13330554422126478,0.2822528535969673,0.8931251337679968,0.8625625
US09239B1098,0.3760674286713625,0.2237942085207133,0.050627638720569634,0.3569725900684674,0.7650502264136209,0.970875
US68373M1071,0.4387470785026582,0.2479188794343652,0.079888368108992,0.41560384862129507,0.8828145076206289,0.979125
US8036071004,0.46833585623027296,0.17350386434078313,0.2036691996597515,0.4578351763784926,0.7635240628181615,0.9970625
US00510N1028,0.46431601613311774,0.2747605551946587,0.06521043020352589,0.4411086970454833,0.9443517231662595,0.9729375
US00182C1036,0.48698355081437233,0.23142834302556645,0.14457437051850064,0.4683927904398286,0.8866139363994564,0.993
US3434981011,0.3590728044016204,0.31544376072576186,-0.080992541593249,0.3198950803257037,0.9180973048200798,0.9063125
US23355L1061,0.17873962208070612,0.21153308519033134,-0.12982199421421634,0.16073734515558705,0.554825632506705,0.8163125
CA8485101031,0.23563086036467207,0.1851958687263653,-0.041262968887398915,0.22306351776201605,0.5549877005317458,0.9174375
US25862V1052,0.348270051626693,0.15678971390862645,0.10791943460768497,0.3403314696406161,0.6188763409635436,0.99225
US3936571013,-0.09542763213906251,0.21944248852790382,-0.4038106894104649,-0.11929770219380317,0.29273542800536545,0.281375
US8969452015,0.11674714408668307,0.14347595102652483,-0.10018239186364183,0.10801985214346847,0.3604769448358648,0.8029375
CH0461929603,0.6885655226384018,0.6843949697968331,-0.15789450915932132,0.5645143964962436,1.9129058133513888,0.889125
US5053361078,0.12945272684069287,0.3108706536359577,-0.2950789152816627,0.08989447711140158,0.6931716743351518,0.6379375
US87615L1070,0.4114360781345243,0.292836713779945,-0.008666560046282818,0.3837987507935193,0.9224561912692785,0.946125
US03980N1072,0.36023304269801154,0.1782826714504909,0.09421345664752061,0.34777160018814446,0.6618373575767337,0.9865625
CA89788C1041,0.6473856737707492,0.32710343127298425,0.17892617018588625,0.6187836847254801,1.2205747614651135,0.990125
US4489475073,0.3934704874558984,0.5583301194695413,-0.30755406989931994,0.2968364301962382,1.4094889415505176,0.7685625
US7837541041,0.019160196886751593,0.41494753818791774,-0.49317434711562386,-0.05022187112908784,0.7663659989050602,0.441375
US5207761058,-0.013594508221901424,0.26975541787586266,-0.3808041538800173,-0.04874417348167262,0.46934363252128086,0.4210625
PLCTINT00018,0.4369311468737084,0.5759310637917366,-0.27800789789552177,0.3435495660516741,1.4709385504643946,0.7981875
US63845R1077,0.511780335664751,0.2261461869223819,0.172779603469801,0.499395822557978,0.8978505408687346,0.9933125
IT0005496101,0.41455491125515526,0.2798386163906043,0.011728793482054153,0.386478639484697,0.9003501564348639,0.954875
US87918A1051,-0.05674349450989394,0.09975793527212382,-0.21097061018173507,-0.06172448977443274,0.1157269998359682,0.25975
US7404441047,0.4019163822321333,0.5552722481136604,-0.3019047960768912,0.30949873147724233,1.4062869998559038,0.7748125
US45781M1018,0.5536666314847808,0.4548772113268234,-0.06721928832316015,0.49554895860675086,1.3841201184192227,0.9245625
US98985Y1082,0.5969266323740587,0.23300370588555977,0.241118528942523,0.5862865587892865,0.9956428129090615,0.9971875
US00857U2069,-0.45256476947754853,0.07766694068902534,-0.5691528401454999,-0.45868990403684007,-0.3181377945708245,0.000125
US49435R1023,0.31256402747969936,0.2599000236558975,-0.06607266717645774,0.28774053131844346,0.7733370085631852,0.9098125
CA69946Q1046,0.27497463022568136,0.23650062691814208,-0.0722650771261132,0.25553387413487944,0.688503169260054,0.8973125
US0327241065,0.5193662169652469,0.23958482938807898,0.16823250428096614,0.5006352372287454,0.930146316833181,0.9926875
IE00BD845X29,0.42857725407421254,0.25044179089169805,0.0605831308950236,0.4054969137884433,0.8648287775384528,0.9740625
BMG7738W1064,0.15848639360905023,0.25260934686962844,-0.2023976573738633,0.13044261290433443,0.6137958512035298,0.731
CA8051121090,0.21644530835749276,0.16944700953906344,-0.04199738103965941,0.2044143852123163,0.512169619098546,0.9161875
US04342Y1047,0.30217684417631097,0.1856731942925347,0.022161033723376092,0.28863591070531314,0.6232270901244357,0.9621875
PLWELTN00012,0.52906182926924,0.6182376204505657,-0.2281716127153432,0.4188147072919672,1.6543427708448917,0.833625
US82489W1071,0.3183581893247781,0.14125972330881814,0.1021353210337363,0.30956225666647214,0.5636066230539338,0.9935
US5006881065,0.3915611543530864,0.2291543996975796,0.052648259730100025,0.3744352465660741,0.7943639740334884,0.972125
FR0014009YQ1,0.5904832275897594,0.6656914890646896,-0.21535934487655342,0.47369728900818897,1.7440497142949662,0.8533125
US4316361090,0.4965823780348988,0.23342905995910532,0.14416372391436447,0.4792427690676067,0.9006927569540217,0.992
US4219061086,0.20733658162695096,0.25019872981468744,-0.13364502771133818,0.18108610105491224,0.6196133594852556,0.827125
BMG9001E1021,0.5161427654585272,0.4452516131125513,-0.07997990864071344,0.4581749581536159,1.2996405648427394,0.91475
US92892B1035,0.6839264657056111,0.2731067684180602,0.2763741234742484,0.6643939186450696,1.1564174400791478,0.9979375
MHY271836006,0.2377945765739632,0.2977160668477858,-0.1701182457102626,0.20768622444174648,0.7381885447570637,0.8071875
KY61559X1045,0.8991611116374738,0.33173298925136385,0.42202163453550834,0.8685936016119395,1.4845945713806383,0.9993125
US45784A1043,-0.08484657553277833,0.42014363061916676,-0.547277282454383,-0.14926185995745467,0.5779485778116267,0.3195625
DE000A2LQ884,0.1356510794393874,0.14259442403170908,-0.08606346647816868,0.1272685202057978,0.3810394942754822,0.84475
US4579852082,-0.1868994875003357,0.1390714328798191,-0.38905114270903446,-0.1992654785238735,0.05914591359750556,0.08925
US22266M1045,0.4054913961852541,0.21624965997034087,0.08515214158783459,0.3877197124797168,0.7820851370726376,0.9838125
ES0121975009,0.21719896583670278,0.17728602303482102,-0.04867751656610478,0.20505891357182882,0.52335258107342,0.908875
US5246601075,-0.0031335355239223597,0.28938429130035387,-0.395311194035424,-0.04178380589881049,0.5172215085478655,0.4349375
US8713321029,0.3569189092519322,0.317475691176314,-0.08597262913667701,0.318326071422143,0.9358316813805578,0.9014375
US20451W1018,0.6206739714528863,0.3440255919722584,0.1261845175212271,0.5858783178857646,1.227735500585335,0.9833125
US07831C1036,0.6046194809830284,0.2218165950829024,0.26317461640189055,0.5936878028113884,0.985093855861659,0.9983125
US45826J1051,1.0787630559703967,0.5628903857109745,0.29823761068293353,1.0119495858132206,2.0992355875940727,0.9928125
US1940145022,0.4732039096273068,0.2236931135650796,0.1382098260550743,0.4569974714962734,0.8593986990947483,0.9915625
US7433121008,0.4444036350709797,0.36484779106441984,-0.03469080682961279,0.4104012161805741,1.0483937919630837,0.9339375
US9780971035,0.23274185926699567,0.18425072174847582,-0.04776316598329544,0.2192035632181881,0.5554335553970472,0.913875
CA39342L1085,0.8820377296205082,0.42137455907058685,0.28621684429070354,0.83609166823767,1.6223397228465182,0.99375
US5787841007,0.6956927568241398,0.3458271266715234,0.2023272051281539,0.6627430935464311,1.2992677020081722,0.99275
LU0584671464,0.15816141180563464,0.20208259791466657,-0.13638696726465896,0.1412360527316324,0.5158184676619224,0.7949375
US98422E1038,0.22373833753275296,0.23872267728312335,-0.12266463451418406,0.2005915770102384,0.6459329709944073,0.841
FR0010221234,0.34064615693404837,0.25126662929634386,-0.01945273115882634,0.3218390033718916,0.7548285905052611,0.938875
US83089J1088,0.30008159862815825,0.2508736831416556,-0.06375750764320798,0.2736083324148093,0.7499523631711631,0.9079375
US6420451089,0.5532441513433277,0.2334403130123847,0.20554691997043353,0.5367626000261235,0.9535870241853188,0.996375
US09227Q1004,0.5654047974920875,0.3670635807122976,0.05154519650857407,0.5230120733795651,1.2152906273307185,0.9666875
US0301112076,0.9634975233654531,0.46422590266134783,0.30683677321065933,0.9147955250330767,1.7885951979452306,0.99475
US8803451033,0.22645405474218883,0.2603482885758003,-0.13997646237202502,0.1999302247384689,0.6768287844076886,0.82575
CA4882951060,0.24411879917488194,0.15442005717182347,0.011033688994201166,0.23436281163721212,0.513098385118371,0.956875
US35834F1049,0.5925758264775384,0.3593521698285976,0.08613720340917667,0.555275630482325,1.2375329118977503,0.976125
US74347M1080,0.45000463436800886,0.22183241233537312,0.12168723743671482,0.4325450830859701,0.8383473373587758,0.989625
US09940T1007,0.5822815298013776,0.5381234951473496,-0.10140471743729304,0.49476743647632376,1.5575201204696987,0.9050625
US4158581094,0.8286165126738825,0.32052716692019134,0.3605444957166065,0.8010286513102932,1.396020435288299,0.998375
US81734D1046,0.32550858162704593,0.20034387804346257,0.026228564059233635,0.3112976200235019,0.6787748780322282,0.963125
US6005441000,0.37305192902637874,0.5543549239057513,-0.31927223204784944,0.27619250540283613,1.3868862995392754,0.7536875
US0193301092,0.29587981552548287,0.2471169421978502,-0.062306758577946736,0.27591493394648503,0.7271459017095505,0.9085625
US36237H1014,0.22029495036429717,0.28589339620641874,-0.18528378405251364,0.19154350349076663,0.7295268439488346,0.789875
US46578C1080,1.1169361782911231,0.4724888446462986,0.4362537389958376,1.0672867227656635,1.9588458843281418,0.998625
US92764N1028,0.8844341755970326,0.359551895353554,0.35911160465379943,0.853631699125016,1.5175581429272769,0.9985
US04302A1043,0.5354150238262025,0.2777166759001887,0.12233076435273374,0.5142846871767356,1.0217913914643093,0.986375
US09062W2044,0.0913951406316132,0.15293299262618995,-0.14019921978545088,0.08447008401643752,0.3524354699413445,0.7276875
US29272W1099,0.11503450909503346,0.202558729392026,-0.1777070014156394,0.09493509923277851,0.46909254150384133,0.712375
US4660321096,0.5676819223385335,0.5634942780405964,-0.14089807305971058,0.4846163731792109,1.5582924501763935,0.8901875
US70805E1091,0.15005682593316264,0.20022183618959855,-0.13484436691355978,0.13387312704973703,0.4943333286230712,0.7890625
US1462291097,0.05811410284468805,0.20509741351260702,-0.23185186702490107,0.039806355500041454,0.4047943871422465,0.5924375
US04272N1028,0.5667966805361464,0.20322568264274884,0.2572550540519059,0.5532915186554345,0.9222768569158998,0.998875
US90041L1052,0.36905537941653427,0.24520073627573305,0.008470979184042594,0.34582864585025247,0.7988738919700025,0.95375
US8962152091,0.2792365451435652,0.34931230770065014,-0.2168011368869465,0.23689051998265087,0.9142687918339497,0.801125
US42330P1075,0.21328123176409405,0.2890689270715564,-0.1905340717835209,0.1802813258583556,0.7302248374635437,0.7789375
US9706461053,0.14039825436183384,0.461333867632397,-0.42707994910219194,0.05945300498826911,0.97849297245643,0.568
US98401F1057,0.37915056620997556,0.22254314372430664,0.047033616453600935,0.36238585636940346,0.766411436597593,0.9708125
US7332451043,0.33336001058204323,0.2559034850206959,-0.03592989477000408,0.3118374717940928,0.777739195227041,0.93025
US44925C1036,0.28308073246341003,0.3025783262227977,-0.14019932317234607,0.2495453362008597,0.8203181303623004,0.851625
US92556W1045,0.2481860841266637,0.2713167228806275,-0.13722555778471132,0.2192766047541848,0.7371603157724923,0.8381875
US05614L2097,1.4628498253333493,0.6266813920406183,0.5865149592054845,1.3917847174925064,2.584841447256526,0.998875
CA14150G4007,0.30964663477539695,0.2215085626164237,-0.020471841812961012,0.29355896844691365,0.695939751785743,0.9370625
US4577301090,0.47454491872971155,0.17873770120312021,0.20505098142809963,0.4616314606190528,0.7834468793213691,0.9986875
US00653Q1022,0.6672840801449006,0.27012076830974135,0.2679893634179176,0.6454925466484044,1.1411189232561258,0.9981875
US04206A1016,0.5911212086197191,0.3074192201761237,0.14150499848108505,0.5642366849162241,1.1305478298224492,0.988125
US50187T1060,0.3390160388993572,0.5403827132576839,-0.3402824937785976,0.24665765688932972,1.3279853766437097,0.733875
US8051111016,0.5823525549425781,0.29246788805358187,0.158493112001396,0.5575110287449376,1.0957896018846942,0.989375
US27923Q1094,0.37008036682124773,0.22807152857111085,0.028560650683168924,0.35390533050442796,0.7637731333001696,0.96475
CA73044W3021,1.1313583244890455,0.8716019801019609,0.06543793141371149,0.9810951425556474,2.6998373334100276,0.964375
US3024913036,0.6163827903868496,0.21985902553895026,0.2900567994980159,0.6008502431257129,0.9972994381593396,0.99875
US09180C1062,-0.13559334195320036,0.1375367753471775,-0.34127877606580387,-0.1451700490799162,0.10367653547602584,0.1466875
MHY004081078,0.13045729242640539,0.18961830127424056,-0.1549203991026026,0.11668155184296664,0.46157783999997737,0.7574375
US79546E1047,0.12860665673281682,0.23308212858782298,-0.20183011121889322,0.10448081205434862,0.5339811443188558,0.7094375
IE00BGH1M568,0.5591835224342322,0.3704953522610617,0.04152964543273032,0.5183768845685237,1.2086356533361624,0.9633125
US67098H1041,0.49687071260665916,0.2311725085718833,0.14906380648363887,0.4816078108377547,0.9016129976241242,0.991
US92835K1034,0.18628877053513637,0.2991426898410744,-0.23249376190496504,0.1494980222372652,0.7248718869721359,0.73175
US71742Q1067,0.4120115516990421,0.2933594655956353,-0.005667088373414119,0.3834454333863882,0.9344189169299334,0.9473125
US9858171054,0.21395998163562255,0.19864673744804134,-0.07905787391905987,0.19723008960688426,0.5591411293175682,0.879875
US11040G1031,0.32111651894327825,0.32989025864640203,-0.1491590572472332,0.2852450382229035,0.9167926182742187,0.8575
US75644T1007,1.1713974184413745,0.44515693082978824,0.5323401443155645,1.1289582230003632,1.9469396083104245,0.999375
LU0974299876,0.6239714940094194,0.2226293231228169,0.2974613377178745,0.6067126213369644,1.0040061833456493,0.9994375
US20602D1019,0.7314735180569548,0.4488447282188206,0.11812235401934511,0.6744990734424531,1.5440355712003684,0.977125
US9134561094,0.2174925232297378,0.4964073674904079,-0.3885955705253958,0.13269677616161746,1.097125985762378,0.6386875
US92552R4065,0.22786673829914827,0.26787025311330365,-0.1484239648276477,0.20363338105484927,0.6853391790308491,0.8245625
CA5589122004,0.20834800405419088,0.296597265972667,-0.20800507536149637,0.17228813000082974,0.7366109578277585,0.76225
US80517M1099,0.44201585356172207,0.23433409579764597,0.08880668092647294,0.42588786283572205,0.8459552330664368,0.98275
US00091E1091,0.2018242421127951,0.19797720919837483,-0.09636556731766262,0.18856386590550983,0.5499552644914938,0.8615625
US72815L1070,0.26590055785238087,0.2648283076112817,-0.11267189716990815,0.2386658536498691,0.7399852521951987,0.8619375
CA83419D2014,0.6261320240322784,0.36990916182359446,0.12096387465832911,0.5897518236842588,1.2443296165026345,0.9821875
CA76329W1032,0.10014517175729719,0.32622356611665776,-0.322596438860858,0.06019599990889488,0.6430920943299714,0.5916875
BMG657731060,0.07484948343249885,0.38547693870429706,-0.4143564258270024,0.016286720115657058,0.7645372865392402,0.522375
US00091G1040,0.2332557485930425,0.19837942592118946,-0.057535840175160974,0.2184591056539356,0.5701079984210411,0.9006875
US74623V1035,0.8934192552158456,0.48375886207684715,0.21254037332318568,0.8373111075010055,1.7561297904742381,0.9899375
KYG367381053,0.8513627909619106,0.7253115575965763,-0.0807988115120958,0.732642059641485,2.1546659879081784,0.9265
CA42366G1046,0.9019484040980895,0.39194395563856155,0.3342556786939683,0.8660997762486318,1.5835914071824653,0.9970625
US34962G2084,0.10557873760897563,0.22025571939959782,-0.21507556192010818,0.08482225004775824,0.5008883277813405,0.670875
US35909R1086,-0.11213998940973337,0.15320731707812174,-0.32742900271464537,-0.12452476631973874,0.13887032229236712,0.1899375
US03214Q1085,0.9611325884828633,0.34397596175322936,0.46396515353165985,0.9296807366976061,1.571617500152222,0.9993125
US5730751089,0.1265550504703519,0.32035904460804365,-0.3020727757325348,0.087056052196508,0.693233480826704,0.627625
US2210151005,0.8000599459128546,0.4145865143798541,0.2084603868092648,0.7561654290863489,1.5480262815563999,0.99125
US54150E1047,0.4426944545047804,0.25506566154696464,0.06891637957877403,0.4189776962455553,0.895538446009751,0.9758125
PLMNNCP00011,0.2387219623859758,0.5014262446497199,-0.37354701791562067,0.14898919043153425,1.1462829772842864,0.6595625
IE0003LFZ4U7,0.28544164609322675,0.29389614516404045,-0.12803571936464608,0.25035284928585116,0.8205421423936718,0.8568125
US37892E1029,0.09770701257754534,0.4494233082422076,-0.44181070843374864,0.019451647807553527,0.8954463432109766,0.52175
US3746891072,0.5468011472550134,0.3866308974965712,0.0024302440218796203,0.5027438069244407,1.2314859185337257,0.9508125
IL0011839383,0.24035418068998735,0.27266305526589446,-0.1541737388849928,0.21428071909970856,0.725573966849289,0.82075
MHY621321089,0.20606611098821523,0.2045116732307436,-0.09073345647406393,0.187782572792619,0.5569583171123612,0.86475
US85208T1079,0.2676801796166246,0.24228089126993912,-0.08824444036415939,0.2479253709367808,0.6878532936780107,0.8880625
US8170705011,0.36308295083449466,0.6706812033467997,-0.3229794150398948,0.2677564201296815,1.3316783156202237,0.751875
US95058W1009,0.2815319221525759,0.13883087221403542,0.06770218095790405,0.2732592445341285,0.5206084385948752,0.986125
CA53229C1077,0.274433863446166,0.25139450468025926,-0.08869385516058852,0.25191948154223354,0.7136733275946469,0.88525
FR0013006558,-0.19780345926980084,0.35000282060456156,-0.5987569955737191,-0.2549603826629155,0.3897275656703766,0.2015
US12763L1052,0.4755668104297771,0.3211037845610898,0.01494692749140658,0.4416649612891842,1.045850151614733,0.9558125
US01021M1045,0.3962227868893421,0.2474188686861406,0.037315106847729415,0.3763248718401568,0.8188040664306879,0.9653125
US10948C1071,0.31437080827610064,0.19598826352775175,0.021680404087665313,0.300144311848622,0.6499267473153726,0.9618125
US8585861003,0.3974747725740195,0.5581941321651833,-0.2960566316360234,0.30262542674727133,1.4104320214449566,0.77075
US0462241011,0.331996259885681,0.2852833723963325,-0.07169460569182495,0.3013806510425384,0.8351689908275701,0.903875
US88339P1012,0.5338573103404366,0.25376742884857995,0.15974928033319805,0.512183083823082,0.9787020863301078,0.9924375
US14070B3096,0.8636762132917044,0.3128716069120476,0.40748830406667547,0.8377197902001252,1.4153061886589264,0.999
CA03062D8035,0.6760009935640328,0.33143970596556904,0.19834465558341347,0.6440231358308285,1.2554326624903696,0.992375
US81221K1088,0.45381859385638657,0.3354565430690569,-0.0185947052156145,0.41502328029459046,1.0670983025206422,0.9416875
KYG386441037,0.5699899561296982,0.4053197070749825,0.011443413256517381,0.5211117063704988,1.288842918487997,0.9543125
LU2458332611,0.8881435977030624,0.5965895924175154,0.10793343462708403,0.8041688263319199,1.9672963078814303,0.973375
CA50077N1024,0.6862601966874855,0.3898579560689197,0.13538559794505145,0.6441284276896659,1.3763120096296098,0.981375
US08975B1098,0.5710881189012084,0.4254110848468374,-0.026842705028982367,0.5252053286109706,1.334265433334346,0.940125
CA00791P1071,0.18430726735207809,0.16697410173618557,-0.06553750963174243,0.17313427494712924,0.4615421288694899,0.884625
IL0011858912,0.8793851439284376,0.3012698124274064,0.4371669221064169,0.8551352961153336,1.4077880484239702,0.9995625
CA88034V3048,0.578158117088195,0.24976550821465476,0.20537995743860635,0.5600254249104532,1.0091809118338086,0.9955625
JE00BJJN4441,0.3863701653769933,0.3835704085121595,-0.1265234593286682,0.33529710018938674,1.0744656848078797,0.8736875
US2074101013,0.06343624963393563,0.17256182536534953,-0.1933727120050585,0.050007261500478004,0.36344460308793175,0.63075
US3932221043,0.23911629595870101,0.21572997233403543,-0.07827798800155986,0.2206555968923657,0.6185544840346794,0.8859375
BMG9108L1735,0.4045598911212113,0.44097905842496415,-0.17260194977951965,0.3441161733135629,1.1717070091019117,0.8519375
US65341B1061,-0.0765282643732534,0.12512130996581106,-0.26536687368772055,-0.08571267841731584,0.1432514497725005,0.2379375
US6284641098,0.2630716385639171,0.4992901998226527,-0.3583293567268321,0.1780185670068251,1.1463079545812855,0.6818125
CA19425C1005,0.6780502185821756,0.33833330629265396,0.18704419492448898,0.643952088077804,1.2753588220747898,0.9910625
US53635B1070,0.27187634436625396,0.3553092148295269,-0.20728591301432822,0.2250750756163124,0.906222726913477,0.7899375
GB00B085SD50,0.645965807904958,0.7285394397229792,-0.17101101724039044,0.5261807676879062,1.8401757478521732,0.8818125
IL0011754137,0.11404547553082106,0.21492629935385724,-0.19103736294185802,0.09241122524280647,0.4891233287824909,0.6986875
US37253A1034,0.12442024682831476,0.19452337282308824,-0.1601031604252253,0.10730062148582392,0.47249131071391764,0.7409375
BMG1466R1732,0.3951811759288275,0.28610095177753314,-0.020068222948959533,0.3677002075438161,0.8983972662275996,0.9405625
FR0011184241,0.8085643357259604,0.647474241251857,-0.015342695572333077,0.7082003387814264,1.936762967867853,0.9471875
US0240611030,0.3261047329965395,0.22350220686770514,-0.001025910352882516,0.30633244454435193,0.7187080437471228,0.9494375
IT0005532525,0.24735828364662263,0.7499540035665073,-0.3827449088722589,0.15076363071301677,1.1581776827738244,0.6625625
US5335351004,0.43126051805593685,0.2583812571312282,0.052669798007054444,0.40796462356229457,0.8872466887349254,0.9705
FR0012616852,1.4527183515265538,0.8595462105748669,0.35305115612920396,1.3167360474385783,3.02805340446985,0.9916875
US6304021057,0.5694235119635563,0.255082865625073,0.1931335520777354,0.5443662176118417,1.021892135809486,0.9944375
US22284P1057,0.1203007845464586,0.29387392103734095,-0.28264980347570573,0.08338092224613075,0.6494763735543939,0.631625
US8753722037,0.7079977564928505,0.23653896641600616,0.35531832838178395,0.689193602819508,1.1169607225630958,0.9996875
IT0005246142,0.35742864621364717,0.38081793995371493,-0.15957159262181295,0.3096569581449554,1.039679019979125,0.85225
US15687V1098,0.21666240268726797,0.1743595327584259,-0.04474198452133342,0.20379394127401404,0.5212873667732034,0.9144375
IT0005466195,0.15291914717454144,0.31848725063191036,-0.2852659865774556,0.11381589163065953,0.7276460254064616,0.6655625
CA16387P1036,0.31467114328967044,0.21009447090357708,0.00025956989841158517,0.2982033702136737,0.6889032216948858,0.950125
US76009N1000,0.5437859934852721,0.28915779406503284,0.1277057569889514,0.5165867522265328,1.0399365255842878,0.985875
US0080642061,0.8202143288390936,0.39277108689660567,0.283453864232418,0.7782157991491937,1.485704494269166,0.995625
US2480191012,0.2550590890045118,0.3001298679872863,-0.1612841341131837,0.220295542733899,0.7863318302181074,0.819125
US98379L1008,0.4994819494181014,0.37651211752091307,-0.01694964229966623,0.4549560177064098,1.1622257291502678,0.9420625
KYG596651029,0.6533947790480489,0.407903151904754,0.08323696805629056,0.6059677066779762,1.3815022489846132,0.973875
US46267X1081,0.3333472359294525,0.16214048647923326,0.08557298333968934,0.3236125560258502,0.612733115673046,0.988
ES0105066007,0.4510748191313591,0.13731407918516447,0.2380402666238676,0.44513175944667804,0.685949262206334,0.999375
US29772L1089,0.14108820608009198,0.27161197310451485,-0.23625838886767786,0.11157419495378221,0.6120148040225738,0.6905
GB00BG5KQW09,0.779119761849858,0.43248946416211353,0.17264020218125686,0.7313019952060531,1.5339014019378798,0.98775
MHY2685T1313,0.17980583043560225,0.2382845141900147,-0.16225142951855048,0.15810649373097296,0.5964533621370993,0.7866875
CA44955L1067,0.7016706533914073,0.44984297256711514,0.08508104650667607,0.6463298667212868,1.5117497964469033,0.9735625
US00181T1079,0.4889346066263183,0.34150150864651113,0.005831492064933221,0.4522288860466197,1.1004756478969475,0.952625
US90337L1089,0.33660494683048214,0.22161511926498276,0.008127021143410483,0.3184309874818696,0.7238192385142357,0.95525
US8200144058,0.8818954198398767,0.6611782815612602,0.07124496504358842,0.7907492406328137,1.9765892070190534,0.966625
CA5266821092,0.37777226233933336,0.26087131637492866,-0.0029810630934686395,0.3541886721413338,0.8342112401819066,0.9485625
US8523123052,0.3890090273821994,0.23169862768612443,0.05160241525830173,0.3676950951929072,0.7998764614598932,0.971
US5355551061,0.18775109337763515,0.36973476179062437,-0.2943209984425234,0.13457898335373647,0.8465349502067873,0.6800625
CA1375761048,0.18981354750855658,0.18444024884727603,-0.09174690008634802,0.17671078501712026,0.5095926810922068,0.863875
FR0004163111,0.14256231845178877,0.2543433045584633,-0.21562456916908773,0.11690957694214396,0.5870645062138126,0.7103125
US04035M1027,0.08732740148922101,0.14384347198743383,-0.12762835845133041,0.07741517355482436,0.33384460490681717,0.734625
US80810D1037,0.46669382105856894,0.2809858562841476,0.054203974373876994,0.4404126501597942,0.963771448664096,0.96975
SG9999014716,1.2852086722359488,0.5778576267439415,0.48286431432558097,1.214333456941572,2.3082651166887582,0.9983125
US55406W1036,0.25869848729362954,0.25542789761958534,-0.10996731508320295,0.23501750247214617,0.7151028705556672,0.8651875
CA22717L1013,0.21782651656513385,0.2854299322586617,-0.18366874372900835,0.1882109753820694,0.7273349918387267,0.787875
US96924N1000,0.7133596851184163,0.5178592681792547,0.015404234969558792,0.6409161340056921,1.6496972405191412,0.954625
US91688F1049,0.46949570523991374,0.2822450564796117,0.06668959698269067,0.4457476885753414,0.9623552880214327,0.9725
CA74022D4075,0.28423217162661524,0.1934685411076351,-0.007263916474752004,0.27048128778250047,0.6170854716838436,0.9451875
US2197981051,0.3359664062180318,0.4311277492775852,-0.2364592137850177,0.27419712132407337,1.0953850759435289,0.798
US02361E1082,0.6097221216489065,0.2904803689254162,0.1884333087203628,0.5817418397408926,1.1218390401989993,0.99275
FR0012532810,0.3814762989678491,0.45835599830777807,-0.21616344310224583,0.315168987270103,1.1986772592371748,0.8216875
US19459J1043,0.3376158506080532,0.2803442338587966,-0.04381284362058948,0.30874131297950824,0.810987895889475,0.925125
US8060371072,0.0764607707001236,0.3048297844008705,-0.32789611619575193,0.03664550251865406,0.6209487113770932,0.5605625
US4223471040,0.03932249207679572,0.19773967545565882,-0.24744070067990614,0.02205137766861316,0.38809856901663575,0.5520625
CA6820431048,0.8038569397663556,0.29876617333994704,0.35492647259439253,0.7809274032656225,1.3151804214979295,0.9989375
US12618T1051,0.2415697086576895,0.35443174734328753,-0.24652216444375952,0.19820326414041808,0.8915211241056512,0.7509375
US60510V1089,0.47875459787835334,0.31248892964759784,0.027475503143288213,0.4502393939351289,1.029737323845233,0.96025
US03213A1043,0.5288893539533088,0.23394881955142827,0.1785045726638435,0.5109847272330741,0.9438926837131943,0.9945625
CA8265991023,0.9500494335684946,0.5775027914628744,0.16817285656461142,0.876327666362635,1.9904775565225832,0.9826875
CA68616T1093,0.4147755665140918,0.42215636652496974,-0.15344200622918713,0.3574835540472303,1.1821482105610588,0.8641875
US2300311063,0.48262713119251305,0.22023622253168365,0.14839018844388868,0.4685168021576853,0.8719096291291457,0.9919375
US2267181046,0.4182022351654335,0.20279102198148205,0.10969103407958032,0.40703379280852003,0.7663351583125879,0.9881875
CA7672171021,0.6168807118664349,0.3563449387985353,0.10924585667035903,0.5775794559921024,1.2446317082570542,0.979625
US58039P3055,0.6098493312489746,0.32900676542125856,0.1368597260210658,0.5780822241044805,1.1919067046213918,0.985625
CA53681J1030,0.522502405064987,0.3251256028455051,0.057602760965910764,0.4871941352992997,1.0918119266364072,0.9689375
CA28620K1066,0.47234397264237205,0.3120301121212081,0.022851441602826372,0.44039966734483665,1.0223815196936221,0.9586875
IL0010818685,0.404049457788032,0.4331168300591897,-0.1755029400666325,0.348562737966697,1.1863215649135146,0.8495625
CA3073571034,0.5294872315152168,0.265408616392678,0.13723287369195486,0.5081233485811691,0.9867235517307547,0.98825
US25960R1059,0.214910410077758,0.2575426305230747,-0.14792054303220206,0.1890265383335334,0.6624869276911414,0.8135625
US5502491062,0.35518116074928596,0.2846545187917164,-0.05045774570914051,0.326103570546314,0.8646879781095177,0.9205
US62886E1082,0.54603844080104,0.3044940503375203,0.09970408697922217,0.5201532841924703,1.0866317141311739,0.9798125
CA7739151032,0.3095335690790706,0.16649070803458588,0.056246487327577165,0.2994386433234944,0.5988086832894245,0.977125
FR0000060071,0.2280223319818583,0.48146260814329583,-0.3810704739579216,0.14429132510602224,1.1157843863235248,0.6544375
US82655M2061,0.43671313370075027,0.5814863002347203,-0.2677932791917526,0.33682989518563206,1.4933409279409569,0.792375
CA5179071017,0.28401878108021145,0.26167529783088717,-0.09171623399985517,0.26006585291224743,0.7438292772096619,0.883125
US7189681007,0.2566317761582245,0.2045290859640852,-0.04894665669028831,0.24127769369788082,0.615178613244645,0.9135625
US30233G2093,1.1751427947250217,0.47598584229472773,0.516253307236347,1.1202683050867859,2.0156084741599667,0.9990625
US68062P1066,0.8574317651543018,0.45844314716425455,0.22878468622503467,0.803923227306358,1.6630257151331969,0.99125
US25400W1027,-0.0717978445545478,0.24045752840891763,-0.40427564930572235,-0.09982187055424613,0.3515854006892491,0.3241875
US23292B1044,0.20516079110666402,0.31891850079454553,-0.2331689296859616,0.16747615962105789,0.7700805158297922,0.7390625
US38246G1085,0.209507644979892,0.14658904892604846,-0.01740603580823708,0.2009089505221237,0.4638286969973441,0.9358125
US7501021056,-0.22700359217804764,0.206981265710186,-0.5098386248523091,-0.2523727144186455,0.13168187905485668,0.117125
CH1403212751,0.8230467365634768,0.7198564468942898,-0.07218477213367784,0.7023348360985043,2.119261967750513,0.9295
CA5889141019,0.48562783579395746,0.41201685738612515,-0.07766813566758203,0.43399924841582016,1.2437782179360835,0.9131875
US74276L1052,0.928121874585248,0.3056968691615205,0.4713156876273134,0.9057722956919073,1.4728462622418168,0.9996875
GB00BJT16S69,0.264318478390082,0.22427076585855302,-0.06331527053698532,0.24524152174195057,0.6650215213602182,0.9011875
US04124A1007,0.418990294717389,0.265183655756988,0.03369442641393925,0.3937994843726018,0.8860913292958413,0.9644375
US0684631080,0.17242805372657163,0.228859487015775,-0.15679901390765105,0.1505145184682033,0.5756938310084411,0.7829375
US8292421067,0.3089816110531751,0.27031861764426146,-0.07807290498981558,0.2845561436990751,0.7773743302618449,0.89875
US65250K1051,0.36502487853814264,0.46963225401499237,-0.23256638839824742,0.2909798782915863,1.1930703069833475,0.8059375
CA0539061030,0.660952724609257,0.9495938238695146,-0.34190383488283127,0.46983707051357715,2.2726176937143614,0.7965
US7995661045,0.8272782454038787,0.4503950799644949,0.20551142790548693,0.7749625866929122,1.6388352617066695,0.988875
US8004221078,0.16228658907530025,0.34745662706968994,-0.3037465615160904,0.11161512008533554,0.7842647182060649,0.6629375
US30049H1023,0.8755192379751409,0.3773826605560625,0.3304859099121969,0.8388132086122653,1.5399818858159917,0.997125
US25520W1071,0.4695041213633384,0.26046251378887214,0.08815067013435475,0.4473040916361334,0.9258205526103042,0.98075
US22658D1000,-0.12708951519434877,0.21639901219250623,-0.4269010407090757,-0.15100395403285566,0.251496548246851,0.230375
BMG6331P1041,0.5903035259750263,0.39007413551416786,0.04733308991021611,0.5479599061773521,1.286384009407117,0.9651875
US4937321010,-0.002787168452312939,0.264854976266322,-0.3626248356129585,-0.03520947383947824,0.45509606954395565,0.43775
CA38045Y1025,0.49607135420936715,0.3516298681076758,0.000468728118426002,0.4546161918160193,1.1156651198597984,0.95
US68375N1037,0.997646499557271,2.342290989928231,-0.3170543177284156,0.7016550115815147,3.151816588982005,0.844125
US3741631036,1.021300677351826,0.7182077053276059,0.11820114523280512,0.904708491660169,2.3091971576027124,0.9748125
US71722W1071,0.6379067722352479,0.2911426893501678,0.208754170497955,0.6134214941225757,1.1591963200044775,0.994125
FR0000121014,0.27027884668464175,0.10669980333628758,0.10333724158968517,0.26643327597404765,0.4498402310459592,0.9953125
US22041X1028,0.0663176951552791,0.16593249358596818,-0.1864532845222822,0.056496485381429706,0.34927452577465007,0.655625
US02157Q1094,0.4573961870524855,0.20955827830334695,0.14196886318160534,0.4442219694544876,0.8268535097169322,0.991375
US5966801087,0.26182251077576085,0.37530278628343716,-0.24366032639224391,0.21008273372103753,0.9486278476848542,0.7621875
US9290332074,0.5950116525827492,0.34853578315153694,0.11553906270978662,0.5623206115894276,1.1834160294068845,0.9810625
US6951271005,0.2469632016207638,0.24363285300117496,-0.10663536920236745,0.22273096847199622,0.683924369329782,0.861625
US50180M1080,0.4253303569675388,0.26817609767988654,0.037571683717415524,0.39950316912758843,0.8886269030411563,0.9651875
US5288723027,0.434018105469635,0.4718015492854485,-0.18216925817055366,0.36695986722770607,1.276965295066348,0.8530625
CH0027352993,0.24494920284212002,0.34239360275025005,-0.21783046913855786,0.2030748408336911,0.8568429106159977,0.77
US1572101053,0.31385069535715737,0.20893213453882717,0.0034047821247691857,0.2997333741879429,0.6749031488125943,0.9520625
US09077V1008,0.950377705599566,0.4616906747401888,0.3170307272698242,0.8939044493249544,1.759314202020218,0.995375
US90114C1071,0.9584763950617099,0.449422270546355,0.3277985546741039,0.9092796615497212,1.7231067651316132,0.9964375
US38013D1063,0.34103644536324795,0.27575781037294655,-0.05175884686545502,0.31153315683667493,0.8191426007543601,0.9191875
US9132591077,-0.02959728818406229,0.22025769378979448,-0.345426502787278,-0.054330405807997244,0.36016142555162994,0.3940625
US6988131024,0.3274276056799932,0.19314952105248415,0.03863200078378186,0.3148545381427951,0.6607870763774414,0.970375
CA8959451037,0.2344154355390664,0.19236223654284382,-0.056263014172216214,0.22198764923070835,0.5722153267266007,0.903875
US09075A1088,0.25270227295066783,0.2283439793566974,-0.07497025356144017,0.23259106544618552,0.6507020213908803,0.88725
US3994732069,0.04457718617298052,0.33711526617221527,-0.39843119751586775,-0.0038476106212058533,0.648107887744299,0.4950625
US00436Q1067,0.33418091037687037,0.22640658224772484,-0.0013602650720231306,0.3165049637343985,0.731298253535806,0.949375
CA92528V2003,0.4118938609125293,0.26286219342823525,0.024582920823361564,0.3903620460290438,0.8666429600356875,0.9610625
US43114Q1058,0.8071694832376767,0.7308724556485194,-0.10181978780263455,0.6842485234787391,2.114404997166275,0.91925
US50060P1066,0.16230173904584622,0.27636159694469287,-0.2189027485847404,0.12689207085489224,0.6561245190624349,0.7194375
CA1469001053,0.09997715545207479,0.1894952403684876,-0.17964342085821278,0.0835993502116164,0.43758710086542,0.6956875
US2342641097,0.5218645103513446,0.3829054203234489,-0.0019012420538127078,0.47525046057927006,1.1920279378006629,0.949125
US10258P1021,0.44027741502285245,0.2889146133405368,0.023743226481910313,0.4116540194795173,0.9576884862826618,0.9598125
US47103J1051,0.9272783590985336,0.3993227295107641,0.3642768836348208,0.882930971188584,1.6352641362392817,0.9979375
CA9191444020,0.39976576465780606,0.24488559716340239,0.0409115577070724,0.380160883736804,0.8220101761716454,0.9681875
US91532F1021,0.6567424712744554,0.34667370527566244,0.1662093112337521,0.6207560048066548,1.2665929013272972,0.9885625
US3433894090,0.15256965454633137,0.22653807997362826,-0.16837302191002734,0.1298696815689111,0.5456593251902014,0.7566875
US40445M1009,0.3129066451677645,0.20857037290066172,0.006553739696615188,0.2980360289480873,0.6757957477215691,0.9530625
CA09202D2077,0.2511353913011658,0.20071643229229566,-0.04176273379266355,0.2332549396957286,0.6082769118354411,0.9168125
CA1366351098,0.3264393553963835,0.20906384035530454,0.007849511569874908,0.31197590612346227,0.6963733383101945,0.9536875
GB0009895292,0.29008991920129334,0.12158672087425192,0.0991727996587328,0.28568093645826886,0.4973882413754788,0.99425
DE0006070006,0.18735010381083317,0.18643625689599114,-0.09145055335636343,0.1748522732044263,0.5078672033782979,0.8596875
IT0005495657,0.14444269068329124,0.11886290213231678,-0.03925233471568661,0.13855287141573872,0.34535575896944753,0.903
ES0167050915,0.19918160186155975,0.1408852739611391,-0.012405838063317114,0.1905199959326193,0.4396624444247639,0.9384375
GB00B19NLV48,0.3584494339449657,0.1452775583817044,0.13493972683773459,0.35088190846367795,0.6059733538779378,0.995375
FR0010451203,0.11146610121876864,0.13313505732497893,-0.09123866716914669,0.10355526442559065,0.34261946403633464,0.8101875
US67079U3068,0.6352654032948317,0.3693086645697132,0.1160325796818404,0.593251778655731,1.2893248989077921,0.9810625
SE0007666110,0.34039746791636444,0.3648139049934046,-0.1633220452913292,0.2947933483741928,1.0015372125668274,0.850375
FR001400AJ45,0.07355991426273048,0.11978107593953687,-0.10938797034945942,0.06643529525024205,0.2800065671922759,0.7329375
PTGAL0AM0009,0.13234294264618732,0.1146627655617497,-0.044932017320662127,0.12686574915298426,0.3283354488746047,0.8883125
GB00BN7SWP63,0.10704024593130995,0.11279820249261137,-0.06736740292582823,0.1014810066722994,0.29985960707084675,0.8438125
VGG3036T1012,0.6349260133766134,0.6938631622335895,-0.18754183705293567,0.5154946545691798,1.8323648342711716,0.8706875
FR0000121667,0.462739158451818,0.154536999163888,0.22896154327028242,0.4550983233152498,0.7220077223088185,0.9988125
SE0020356970,0.2734033000435556,0.2733590683584288,-0.12434747135372552,0.24734376482738535,0.7642056635803242,0.8585
DE0007100000,0.3328934192095863,0.13581678640067613,0.12060824524051549,0.3268619450238048,0.5609748745917991,0.994375
CH0418792922,0.2955963371016066,0.1227806982998125,0.10771353010673164,0.28791425532403736,0.5067095599197341,0.994875
IT0005221517,0.3024638168900571,0.3424496519700059,-0.1666195521475657,0.26319052621027617,0.8950084536118162,0.83375
NL0000009538,0.1784102697218256,0.11800297537777386,-0.005299372081866868,0.17234288034087494,0.3830428821030303,0.946
CH0025751329,0.11701083103398167,0.1537590467759777,-0.11396292851315246,0.10680703282993188,0.3844368909406016,0.7850625
GB00B1FH8J72,0.04497190997059,0.1186671755807529,-0.13999700833753037,0.0389354266055202,0.24789765518542187,0.6435
BE0974256852,0.017644951275436437,0.13214194929033668,-0.18607947793286123,0.009726703117011817,0.2451549209290281,0.534125
FR0000133308,0.24083643161829693,0.1299518469168814,0.03927268807115956,0.23284784342266104,0.4662492050349146,0.9760625
NL0000334118,0.2587809345763771,0.13378664373727545,0.05266925419639087,0.2514696705721018,0.48721993794979224,0.9823125
GB0004161021,-0.0859272178367538,0.12818987305060836,-0.2798047355717165,-0.09444554385879506,0.13374605319704777,0.2245625
FR0000130213,0.3679452261222464,0.3979205304113314,-0.17343855687448861,0.31552617437370456,1.087564488307121,0.8444375
NL0015001FS8,0.17365308875792515,0.10967574353921063,0.0035934164643137293,0.16872723647458093,0.3578185828090375,0.95275
PTEDP0AM0009,0.09263808699001924,0.10203972674215402,-0.06454062812759588,0.08712205372767388,0.26576639914089334,0.8295
NL0000009165,0.17954303652881967,0.11072362220676946,0.009576938240612677,0.17379958068461676,0.3681873815177898,0.959125
PLENTER00017,0.4840957367692702,0.6683466413582657,-0.260496059616414,0.37443201323907643,1.5866108935642766,0.8113125
IT0003828271,0.248229818668861,0.18424537009121955,-0.02404781396575194,0.23144616716120409,0.5659213746021984,0.9309375
FR0013280286,0.2577190798673879,0.14985380051364028,0.033603447283644505,0.24855371912949858,0.5156708891645264,0.97125
US00835Q2021,0.7507866249733506,0.4614317099858585,0.11686744031497187,0.6979396076955307,1.5743339039944617,0.978875
US05338F3064,0.6318549926317011,0.26805725602658054,0.24525022624142312,0.6094444444032299,1.1047778513092366,0.99625
IT0005090300,0.32274599671354187,0.13103453330052303,0.1210514903922304,0.31644037818226634,0.5468395655058083,0.994375
CH0038388911,0.3327165589514648,0.27273128588320417,-0.06268132477392258,0.3071785450788769,0.8124318599614367,0.9119375
NL0011872650,0.23302120836108647,0.17848879335462506,-0.03216984951960654,0.2204660339467286,0.5439450854045275,0.924125
IE0004906560,0.17353502976282198,0.1462917076644011,-0.051203358836815746,0.1638100687256061,0.42380808222692234,0.8971875
DE000A1PHBB5,0.634438955600004,0.5177019348724445,-0.04825511068297662,0.5610355176327245,1.5636977044256657,0.9338125
GB0003718474,0.16498490349567912,0.2916536930736751,-0.24282645763740845,0.13107271302430962,0.6830968264136367,0.706875
GB0007958233,0.08002367059534407,0.22413376277450517,-0.24521956826802324,0.06083757597512156,0.4633015656488654,0.6250625
FR0011726835,0.1498224136318474,0.14903360650576486,-0.0766441924377851,0.14072167980859335,0.40871518869327683,0.8570625
EE3100149394,1.4845091061236053,1.0439760532048021,0.21601487006368073,1.2997297517242283,3.326669760695643,0.98125
GB00BJFFLV09,0.3356373092199269,0.15992993044924475,0.09146317996552802,0.324129014999599,0.6159463101867642,0.99
IT0005466963,0.37715973908781963,0.4025553208385871,-0.16423636014817009,0.32491284360953965,1.1000740084277016,0.851125
GB00B61TVQ02,0.28184199700803986,0.1958302138405523,-0.00866332247048269,0.26943433738483,0.6231676533100166,0.94425
ES0105521001,0.5412200114888208,0.47744296880440545,-0.07963765433679355,0.4793591916799629,1.3901851656102726,0.9133125
FR0013447729,0.30075381738894913,0.17986469963523666,0.029078075494523473,0.2877206931388037,0.6141470684711651,0.96575
PLMAKRM00019,0.1298705211705423,0.453053809288271,-0.4325913578952049,0.0534299989524802,0.9344629646500261,0.559375
GB00B4YZN328,0.5501925596253452,0.2704364838646008,0.1499896943101106,0.5300879462015474,1.0283849265981215,0.9896875
FR0000052292,0.3227674903576627,0.12159222094793487,0.13645245221241667,0.3184380547032116,0.5298581738201725,0.99675
GRS281003004,0.4371436112907171,0.5217721632556362,-0.21167150434700627,0.35790308710640706,1.3255778063712718,0.841125
ES0171996087,0.39721990146924596,0.21308369593328919,0.08206495652898221,0.379631176153041,0.7779921092232094,0.9824375
IT0005527616,0.4898550348646933,0.30500026430012656,0.04936450827297839,0.4596051120442184,1.028568688324711,0.9696875
CH0435377954,0.16757446578607324,0.13675860847002727,-0.0407780926913894,0.15839913986902757,0.4013565703645251,0.9028125
SE0023615638,0.23437427885805,0.17533505182175463,-0.030887118677993267,0.22114047493264205,0.5414303143735077,0.925125
GB0033986497,0.16156870623191674,0.2027181171438967,-0.13317884007240915,0.14613099844944893,0.5180854410664838,0.797
FR001400Q9V2,0.2638773673379353,0.16291477301224744,0.018975607872518653,0.2523405244918871,0.5488525400699611,0.96175
IE0003864109,0.2515391050928875,0.19992402556696104,-0.04555062561789801,0.23563828359160532,0.5969292678309306,0.9173125
GB00BPJHZ015,0.8913413796759867,0.7743541425709183,-0.06163552190843232,0.7571361132053844,2.257624532881955,0.9315
FR0000120321,0.1268865308003716,0.09621503118327719,-0.022041023735882955,0.1231590201962094,0.2903726086930037,0.919
IT0005500688,0.43223574278081706,0.586739004509796,-0.2766343710048326,0.32646580549800464,1.4849361310622324,0.793625
NO0013052209,0.4471524657306131,0.8536522637314723,0.01695534501392262,0.40653721059377246,0.9772800402945065,0.956
GB0003362992,0.5045056619388,0.6033832629999236,-0.20932294460104395,0.4067258289798634,1.5079544813822787,0.850875
PLATM0000021,0.22048956260600047,0.5072084084975672,-0.39591606668964513,0.13026075539574977,1.1367408191788106,0.633625
GB0002183191,0.34464593088273054,0.27157974175908883,-0.043859248920889125,0.31948729628757516,0.8168942631678381,0.92625
HRKODTRA0007,0.07453244045409642,0.3393778891905555,-0.37215349679334614,0.02805133715570529,0.6844433662897318,0.541
ES0184262212,0.3136418609494133,0.16945510009173162,0.056192406852304366,0.3029387190129764,0.6025482746310145,0.9771875
HU0000093257,0.08303754262625955,0.43105277979496637,-0.45544819952373533,0.010581663052592767,0.8564127456156857,0.5118125
DE000BASF111,0.219152809962275,0.11596482235992041,0.038294621435989065,0.21469808202301,0.4181318025595877,0.9756875
BE0003470755,0.09196558358216998,0.12296410834579362,-0.09359244949823693,0.08356726813674367,0.3078018554890984,0.782
IT0003132476,0.10490619515602691,0.099273771428078,-0.04888456579587768,0.10043149732020243,0.27383336922954016,0.8675
FR0000031775,0.39457899891810927,0.28366932604670947,-0.01818684730720634,0.3652340053222993,0.90326710528422,0.9408125
CH0303692047,0.5891171486220201,0.47238719271794044,-0.04372087659088094,0.5182221196744323,1.4342948849891515,0.9338125
GB00BD6K4575,0.29283047666012574,0.13029278815043552,0.0909714521543154,0.2861263548774932,0.5172783632212254,0.9924375
GRS419003009,0.05070622861457704,0.20107935972734048,-0.23816108018840176,0.03237820431373657,0.4087811313466093,0.5705625
DE000PAG9113,0.10806968018357083,0.10567148765004442,-0.05632648635933519,0.1039109655792819,0.2882775373013826,0.858875
FI4000506811,0.2660925917076928,0.5139759521046137,-0.366092928529344,0.1764596077857781,1.203764544538238,0.6741875
ES0105046017,0.04756232404777623,0.09315996953009004,-0.09703873455714808,0.04355286934073292,0.20674179724852917,0.6933125
NO0010768096,0.08632792195803222,0.44379788007614124,-0.4545667332069557,0.00981614140207809,0.87630771915598,0.509625
FR0000120966,0.15748174045945262,0.20070605889360055,-0.13926947009179924,0.139825903113485,0.5167800080982852,0.7933125
NO0010884794,0.827489698165826,0.7670562236363865,-0.07561427608803661,0.7061986202768622,2.12169320921051,0.9275
FR001400TL40,0.42188111654690597,0.2860196762949418,0.0059277742753662275,0.3958796285535627,0.9234689120805166,0.9526875
NL0000235190,0.08244606612023957,0.09444696246476936,-0.06100092030547343,0.0778697519717764,0.23984896218157223,0.8261875
GB00BMH19X50,0.4585845070451373,0.583079583478972,-0.27967447305361987,0.36558015671548116,1.5039018864631108,0.8071875
JE00B4T3BW64,0.21531089537766746,0.11923463385341898,0.02968700593724892,0.20921571372849884,0.4167004597707412,0.9703125
PLMKRNP00015,0.2670404436303766,0.5191219017319088,-0.36342191733670215,0.17385957930516258,1.1908659432039879,0.677
FR0000120644,0.10171266940996332,0.10058590013983232,-0.05388161964904226,0.0976840528908959,0.2730015439465752,0.8564375
CH1169360919,0.13882940207454833,0.1632303978604998,-0.10908770048536788,0.12881856680371906,0.42542248042463965,0.81325
ES0130670112,-0.11848506386062309,0.07757773404394266,-0.2381903289984906,-0.12283417888616135,0.014891118030371379,0.0666875
GB00BSZBP530,0.2141455087582184,0.11797262773612986,0.034268014454759306,0.20877766004060055,0.41565161956342217,0.9735
GB00BK6JPP03,0.29490793455571995,0.5252045217701474,-0.3575250363355755,0.20427534402045527,1.2511139901160788,0.69975
FR0010307819,0.20252882436247385,0.1241156238594369,0.009989631792797672,0.19632703021967512,0.4162425496940156,0.9586875
IT0003242622,-0.04115481723844748,0.08936310378863209,-0.180875094087202,-0.04527730751895176,0.11153932451577744,0.2984375
ES0178430E18,0.09568224859505856,0.10348137014669583,-0.06590147080092959,0.09135538692859145,0.27121184146269495,0.83525
SE0015961909,0.2132792256682218,0.14307865584324647,-0.008241932653380267,0.20479779530991954,0.4617634429567363,0.9425625
IT0005712671,0.12940704378233678,0.16780439284185883,-0.11865948960167279,0.11675301250296438,0.4206991682801022,0.788625
GB00BPCT7534,0.6048940821708828,0.36157269797230007,0.09739799576395593,0.5702519832603956,1.2268625270033302,0.9761875
IT0001250932,0.14085137894937738,0.2036717893932702,-0.16476682081290975,0.12589024337956245,0.49679401817061747,0.759375
FR0012435121,0.31225391092009397,0.13530298360168272,0.10161427456881106,0.30592584161391023,0.5471317286416324,0.99275
BE0003822393,0.14531136623608157,0.12333884508983091,-0.043123782423464194,0.13885940747196562,0.3632041005643684,0.894875
FR0000044448,0.24342689210587234,0.13647679695939122,0.03335241516186293,0.23538700386285427,0.4760264155975124,0.973
FR0006174348,0.22811748483076416,0.12582763352157314,0.03466421336162683,0.2213668545922833,0.443375992186399,0.972625
DE000A0D6554,0.286490798596522,0.16234356281227333,0.04268816716474581,0.27389182055261296,0.567576654424218,0.9739375
ES0173093024,0.07367946977831692,0.09829693510793336,-0.07707370961603285,0.06888645514826208,0.23850003605307066,0.7831875
PLMDCLG00015,0.5088216768120035,0.4768500894063744,-0.1267881761041048,0.4405887221489815,1.3667998086209059,0.8925
IT0005278236,0.1820072539797962,0.1240578801414964,-0.00991581376001904,0.17633740841724627,0.3929129639637945,0.9408125
NL0015435975,0.21329458701291057,0.12365574991092239,0.02283956236186344,0.20718875336447562,0.4279126789333368,0.9664375
FR0013451333,0.24401029223714016,0.17283760021215788,-0.01744107410375302,0.23331606780297565,0.5433193808182049,0.9375
GB0008025412,0.2524655284193406,0.27075185935118434,-0.13377978783440256,0.22696196581829242,0.7366385081296165,0.83925
PTSON0AM0001,0.19241548323823882,0.22647703657622256,-0.13650798230441608,0.1713752624126862,0.588819532090544,0.816125
GRS065003014,0.17144252830453754,0.48367750304244717,-0.41458447235217416,0.08534105495785496,1.026319874300121,0.5938125
IT0003153415,0.059754837464087544,0.09851034895085695,-0.09675586052735742,0.05618452460533033,0.22550013817293618,0.7395625
PTJMT0AE0001,0.3854989683580428,0.1395942893185934,0.1669496631725207,0.3789997846811345,0.6214823545213838,0.9975
FR0010340141,0.072104826815736,0.10780096343313861,-0.09537320515549721,0.06737726162696994,0.256737545089364,0.7536875
GB0009465807,0.2396820026027473,0.12144481744408502,0.05216649091121044,0.23382751505429233,0.4463251798569201,0.983375
CS0008418869,0.16881377911795262,0.3284946194840296,-0.2794998071809504,0.12292116896682974,0.7696374716323582,0.6773125
GRS260333000,0.10500435749096541,0.1339404188448703,-0.09320784306032755,0.09801494704953992,0.330035113706938,0.795375
NL0010801007,0.4680609280889647,0.17711763179043946,0.1982891505068451,0.4558341246986347,0.7805592618907813,0.99825
IT0005599938,0.4055403290940468,0.20761414797814007,0.09072247081354926,0.391818062782893,0.7599276850985902,0.98375
ES0182870214,0.3249281200520628,0.18631955796524138,0.04311035498436793,0.313463770566314,0.6473503078228043,0.9738125
NL0015000X07,0.25043940720890295,0.23490825573910207,-0.0942881996557944,0.2287471809541603,0.6675396811700096,0.8759375
GB0003096442,0.15001100752584456,0.12327597287205873,-0.03774647710175284,0.14417294852303075,0.3568587308483561,0.9046875
US44853H1086,0.38974877332852986,0.2903887212097171,-0.025178561492940836,0.35887359197580426,0.9051907771771701,0.937625
BE0974293251,0.12648939376859702,0.0958795868329494,-0.022792421234552922,0.12262921018678627,0.2891701606216404,0.9164375
GB00B63H8491,0.06861695432546232,0.10358203127943046,-0.08937621049944496,0.06214952472764411,0.2440153168419659,0.7534375
BE0003858751,0.20173607411723965,0.5152825586048276,-0.3982537661790645,0.11615850271755615,1.0639043204749214,0.627125
BE0003739530,0.21338213895510846,0.12391997043632681,0.02447322204603808,0.20727006078517582,0.42197006555472716,0.969
CH1216478797,0.1970309853773028,0.11957071670759671,0.01052633054801485,0.19109872729840005,0.398583275824606,0.9591875
LU1598757687,0.1523207221242323,0.13176939298946436,-0.04903260712467527,0.1450962599375622,0.3787042371734878,0.8905625
NL0015002MS2,0.03370558620020742,0.11310059174284902,-0.13890628789012902,0.026187788789100983,0.22938139864998944,0.599875
CH0212255803,0.1087483131480342,0.2362461204378832,-0.2334707067936685,0.08455299049612491,0.5315508275882543,0.665875
FR0000124141,0.16383879169609458,0.11285466392294115,-0.011644409919745592,0.15863336708457018,0.353998977540903,0.937375
FR0000121972,0.2539114603506612,0.10887095784485026,0.08292119837925664,0.25023741338702365,0.43796597480901167,0.99125
CH0210483332,0.018638230655883967,0.08610745748694931,-0.11412407015319562,0.015403563368505442,0.16588915344901012,0.578125
GB0002875804,0.14799826637857325,0.14284157640960696,-0.0697430039775849,0.13959793931996273,0.39766159529756334,0.8635625
DE0005407407,0.7821817644982936,0.743168991666202,-0.12130633006261136,0.6497159599403322,2.1500425363402056,0.908875
GB00BMX86B70,0.2231867421260355,0.1309456498836942,0.021007943255359558,0.21541220133986377,0.45028831602088,0.9653125
FR0000120578,0.2909503255339485,0.1149187936612911,0.11143550913139137,0.2869805132189737,0.4849508221193722,0.9955
FR0000125007,0.3695637966827087,0.15024912668130735,0.13600883766310518,0.3625207931448914,0.6255991801582061,0.995125
HU0000153937,-0.04925905447345054,0.1387126828163349,-0.2556215916178793,-0.05887038633336854,0.19205803518020828,0.32975
DE000A1EWWW0,0.24613852680264844,0.09934283917083364,0.0937802897740139,0.24168676636036512,0.4141448133302969,0.994625
DE0006047004,0.3273362630769023,0.14122413749568893,0.11076344551310464,0.3199337788398427,0.5699833516758559,0.99275
AT0000746409,-0.04628888899315711,0.11332028343901965,-0.21944405383964283,-0.052310030627124346,0.1488868037536153,0.31175
IT0005482333,0.24483194747155015,0.1981263332065344,-0.04785988739414319,0.22819016983783463,0.5940880783172662,0.913875
DE0006335003,0.41819085493051045,0.2206238643641524,0.08446007786136467,0.4014446379717178,0.8083907517298523,0.9804375
GB00BP6MXD84,0.12799083817898022,0.12434161717008144,-0.06510879462076274,0.12149879799476507,0.34179053230831485,0.8614375
FR0010208488,0.16248487376125786,0.11022426943642374,-0.009952515131435547,0.15734268824822004,0.3511457180092342,0.939125
IT0003128367,0.03661407060123308,0.09347435530833331,-0.10966013170425569,0.03200435252240957,0.19692123552068827,0.650625
GB0002634946,0.14628446357132638,0.11479225089078891,-0.029398928736079154,0.14005174260818226,0.3403855119563394,0.913375
GB00BYX5K988,0.48921343242062454,0.2309068979980464,0.14910231448074163,0.4692591069271557,0.8950103796624023,0.9915625
NL0011585146,0.23866155529684818,0.12149003002426363,0.04931729959397591,0.23283036979611046,0.44660764930855146,0.9795625
IT0004176001,0.1875717754016769,0.12277481892630117,-0.0025551870020977478,0.18087844044431492,0.3956198046105803,0.9481875
ES0105777017,0.33227596613466515,0.14232585632975167,0.10713178246731185,0.32667051501511024,0.5758426474254067,0.994
CH0012214059,0.1057762180443602,0.10265517005261438,-0.053092921623193276,0.1021892478909594,0.2808116412538209,0.8615625
DE0005190003,0.36212145050153255,0.13654780365351768,0.15264049049984071,0.35505533749238083,0.5981806869396887,0.99725
NL0015000IY2,0.3617401947522283,0.15795237766020262,0.1191350073350478,0.35345864449420783,0.6309125371908615,0.99225
DE000KBX1006,0.13898574737413172,0.12426050152092703,-0.051268691434445485,0.1324198311927399,0.3538647363580422,0.88225
FR0000125338,0.4777948051899094,0.1861920711601905,0.19410449906202917,0.46578460075612255,0.8058811421549487,0.9969375
GB00B082RF11,0.2566330972192037,0.12330253118364534,0.06610835964761605,0.2510323743928989,0.4678334286552782,0.9855625
PLPLSEP00013,-0.07737769565186836,0.26779849346914536,-0.4365562761678541,-0.11323566372173674,0.40060940749055424,0.31825
DE000SYM9999,0.17677093429608942,0.12111429419143652,-0.008344710636959032,0.16892486751132485,0.38445200053258155,0.941875
GB00BVMN1558,0.5612824824277359,0.23193875156773075,0.22077757685671537,0.5412221106400461,0.9629860506807064,0.9970625
IT0001233417,0.11282541022143988,0.1726245614289865,-0.1438923256408504,0.09863970671837863,0.41573561999722086,0.7465
LU2910446546,-0.021583906577160694,0.10309404884763912,-0.1798319568715989,-0.026704892757858936,0.1560611569194241,0.3871875
FR0000131906,0.404478749991521,0.16606355097860154,0.14904624797636695,0.39454612413400725,0.6906318517448253,0.9956875
ES0105563003,0.028419321956581336,0.09818238360922593,-0.12270791656120963,0.0238965871324968,0.19611954684069147,0.6091875
IT0003115950,0.1908561995269176,0.15698118673304315,-0.04389706583712443,0.1787215568072245,0.4681625418278528,0.9055
GRS213213002,0.32462289935670574,0.40143091886425974,-0.20159228474032273,0.26625281333533857,1.0304122821991755,0.8105
NL0000008977,0.3536581129835212,0.566745134060553,-0.3244392269469642,0.2579001906418648,1.3367892035542497,0.746375
FR0000120503,0.2334480027816093,0.16606082358878005,-0.0177284539968911,0.22254758035548972,0.5235013762830647,0.9374375
HU0000123096,0.1478389579669438,0.1996072788647361,-0.1466331623694508,0.13195203938710343,0.5044352146320482,0.7748125
FR0010259150,0.1389801503271602,0.13292500941051913,-0.06407131625905839,0.131087647961868,0.37122190349910067,0.8674375
GB00BMJ6DW54,0.16867115854438827,0.12941970408399697,-0.02826414766746145,0.16025708379404568,0.38733731142345906,0.9189375
DE000A13SX22,-0.09347183003659688,0.2719348199060045,-0.45105250278114073,-0.13071292597581763,0.3891289927701145,0.3
AT0000730007,0.1671021082903044,0.20123729717690086,-0.12635929716925226,0.15126344501323258,0.515470105152106,0.809
FR0010220475,0.31546619285760014,0.17661075180704708,0.04450009746348521,0.30437778409954075,0.6221248675294834,0.9744375
BE0974464977,0.08666429294261221,0.11046761612778523,-0.08148553636411805,0.0803480846487497,0.2738821479529751,0.7963125
CH0023405456,0.1169850316742429,0.11602067922329463,-0.062327996860554846,0.11135404774983315,0.3125859459510197,0.8565625
DE000A3E5E55,0.42494812881193705,0.5784182513325017,-0.2853771000989213,0.31993026273320135,1.4829753189208275,0.7838125
DE0006452907,0.48141675172179943,0.17884858698984887,0.21299851415987933,0.47031020030005477,0.7896016048485651,0.998625
ES0122060314,0.21315351402927363,0.211024946980211,-0.09553044902156942,0.1956826922368955,0.5847044562723582,0.863125
DE000A0D9PT0,0.09904495654756985,0.1089366842425847,-0.06938807948023654,0.09407687073965382,0.2838915214983794,0.8284375
DE000SPG1003,0.5283232318324942,0.24922001413982436,0.1557271249152969,0.5096506794277398,0.9677250912323924,0.9913125
NL00150001Q9,0.37534804183178777,0.15421095547942823,0.13617650112228305,0.36590815253165987,0.6420169583087111,0.996
ES0125220311,-0.11847685158581488,0.11125195532037069,-0.287652146260675,-0.12528804759287016,0.06899936225593525,0.1335
FR0013258662,0.11063043867069211,0.15455854091645588,-0.12344942074787854,0.10015570593549317,0.37924245890546754,0.7710625
LU0075646355,0.0645930688045916,0.11926005379432034,-0.12088019038485348,0.05730840632202622,0.26939466666942913,0.7114375
FR0012757854,0.26828692647197233,0.15846521159337898,0.030636105661069946,0.2566361701297941,0.5408716059405363,0.9669375
BE0974502347,0.33103630382919447,0.5285225399605378,-0.326093478785005,0.2379148588911522,1.295470758763391,0.7315625
CH1176493729,0.13505408715085535,0.16466993256638998,-0.1118457293340711,0.1227123354380018,0.422873311726088,0.806875
NO0010894512,0.5480035680740873,0.6427513625309614,-0.23572885346907957,0.43550748824679164,1.696568471598923,0.8463125
NL0014559478,0.24403510199267942,0.13680588731109075,0.0363365797573995,0.2361324435897813,0.4762152299752228,0.9730625
FR0013506730,0.2551478760402846,0.16697928118894045,0.0038552911203766763,0.24541913800420803,0.5432816880724719,0.9525
IT0005528069,0.2735153696007566,0.31573894855351103,-0.16794043183874768,0.23529806426905847,0.8470521688471043,0.823875
IT0004931058,0.206813377957225,0.17602316596025758,-0.052119882021713734,0.19335852505929624,0.5105979106388465,0.8989375
DE000A0WMPJ6,0.31292575908783504,0.1693492523310729,0.056502191003330426,0.3018351394941562,0.6044091003404722,0.97775
BE0974338700,0.26968394350017033,0.20723838236446293,-0.022009600482094032,0.2543491480994985,0.6130275141689846,0.9349375
IT0005282865,0.4736205043301573,0.20209492717497035,0.1691733597869859,0.45804333438692557,0.8292007065771453,0.996125
GB00BMWC6P49,0.26397980405169086,0.1588376450385765,0.022056070906268974,0.2535602508137845,0.5384278001313861,0.964875
GB00BZ0X8W18,0.6900618445845212,0.6726883176514045,-0.14816080419352629,0.5768752103315387,1.889748905022579,0.894875
GB00B1VNSX38,0.15517475031374978,0.17016774324140557,-0.10200106476037496,0.14342569476055422,0.4512743669745006,0.8344375
FR0000077919,0.1395670944491202,0.14097571624397784,-0.0745394760248649,0.13103146765453946,0.3817979493920493,0.8519375
IT0004496029,0.3410362766181401,0.5139026771679833,-0.23515902366186536,0.2753520657630971,1.1192987955423377,0.79425
DE000WCH8881,0.10995576722991382,0.14026090583492748,-0.10060811418450165,0.10095746925564181,0.3523928730888984,0.7899375
DE0006061104,0.45184515965834215,0.42820608814739003,-0.11671595170025725,0.39610942467318816,1.2321116788657158,0.887375
CH1431598916,0.09586884469169558,0.17331611071796665,-0.1507620109042839,0.08297617900939466,0.38539520589336146,0.714
PLSCPFL00018,0.8355775428116888,0.7499628450141061,-0.08024778662186473,0.7047891735513155,2.1813043199493642,0.9254375
NL0006237562,0.17211773315207907,0.174883631741406,-0.08803542013246747,0.1602371405860621,0.4745759156632322,0.8543125
CH0002432174,0.05924704953919551,0.17805365339170326,-0.20200217674254894,0.046390118659228735,0.35585626092531786,0.6193125
FR0000051807,0.31702005210159484,0.1963484049625329,0.020829516923348432,0.30149020680527705,0.6607525227812014,0.9606875
FR001400J770,-0.04543494701149092,0.09931682868852477,-0.1965214923544023,-0.05053412105339909,0.12696029273250542,0.2915625
IT0005162406,0.3202098803355789,0.19283333765389185,0.027328130632043677,0.30792305275799725,0.6528072829705409,0.9643125
HRKOEIRA0009,0.21061421999198876,0.31393807059927203,-0.21851726396423699,0.17225062047258247,0.7690119686076462,0.7504375
IT0004764699,0.3155912130404344,0.13960121686417476,0.10039478560116073,0.3092867497413574,0.5550125005577713,0.990875
NL0009432491,0.10770842303852664,0.21926689879795783,-0.21068772473675634,0.08699757951767598,0.5003141058236182,0.6771875
DE000KGX8881,0.44134511013977595,0.17508690524342185,0.17419631421954995,0.4295643458635543,0.7443765752555759,0.996625
FR0010313833,0.21260077283066908,0.1374302436854335,0.0016614270631036983,0.20548906756812102,0.44599015264562136,0.9515625
NGSEPLAT0008,0.3350999288217132,0.31104031473991545,-0.0974591910351386,0.3007395380541064,0.8828851570652592,0.8869375
NL0015000LU4,0.2740950065381953,0.2686947089890762,-0.10736986353771712,0.2449002171286644,0.7500762091591012,0.8740625
LU0088087324,0.13293926011659307,0.17382900860442935,-0.12396375099006002,0.11972285243783476,0.42968771678745216,0.789
LU0569974404,0.020397087136595726,0.1328851142988585,-0.1856730997552428,0.012797494294123302,0.2468041575607927,0.5431875
ES0137650018,0.41173070966632985,0.1656511109380388,0.16266507313793865,0.3994254799205019,0.6958574403621336,0.9970625
IT0003027817,0.23852122562848405,0.22232198218467025,-0.0857704822234515,0.21902709320675795,0.632268312937142,0.87625
NL0000337319,0.2642040066899201,0.2894431761692552,-0.12669462455469635,0.2358631728729228,0.7494359020502226,0.8473125
ES0126775008,0.25645802870571466,0.21365448482673868,-0.05994138840742375,0.23830112838036782,0.630940012496289,0.9025
AT0000644505,0.09922942338248861,0.22775049762624167,-0.225391437080182,0.07705530052096254,0.4955410675360204,0.655375
IT0004056880,0.28535904810639157,0.14858333783903904,0.05794329943263511,0.2784620772576675,0.5399288642121911,0.98
ROSNPPACNOR9,-0.26618196698032365,0.13963127866917985,-0.46882565161844475,-0.27975815982177077,-0.016822532190725773,0.0421875
DE0006062144,0.14182689670495965,0.46595319628676984,-0.43210607608427193,0.06480263917194318,0.9815116185492864,0.5749375
FR0000121147,0.43439655920317044,0.27492337978080894,0.0469775037058918,0.4058517282424564,0.9070852362993187,0.967875
FI0009002422,0.02339944586251825,0.13934202172520888,-0.18329739950027837,0.013473359275219279,0.25799424716118396,0.5445
GB00BJVQC708,0.3406254948840151,0.21436622377529752,0.021559717776864017,0.3225754664860589,0.7182608730296712,0.961
ES0178165017,0.28576382470719086,0.20926975081085178,-0.024690370020885116,0.26917948795715674,0.6496826293771432,0.931875
ES0176252718,0.18774514927007632,0.1588155306937989,-0.051247189627568544,0.17784971989588483,0.4593555311044644,0.899125
ES0105884011,0.3739183426096362,0.17738606223395562,0.10342237982382194,0.36522023574685114,0.674997532118134,0.9888125
ES0177542018,0.16324491327495363,0.1264882891077068,-0.031481800029144684,0.15620540021010343,0.3835848612544398,0.916125
ES0109067019,0.30116412698889544,0.12851439690632638,0.10307204970673371,0.2946798863786174,0.5205778220504919,0.9926875
GB0031638363,0.05148339980763198,0.11454440974786434,-0.12504746698376268,0.046206412543557646,0.24711614863652492,0.6664375
IT0005246191,0.24243295061859652,0.2557667603536878,-0.12188480070113808,0.21670958715129135,0.6888972617097183,0.8495625
DE000HAG0005,0.17389084633373533,0.1313548955391072,-0.02540845761177348,0.16584553320391926,0.3988159766365284,0.9225625
BE0974320526,0.11359745035973708,0.13854268290683497,-0.09982405844739084,0.10508175431549997,0.35385869213572435,0.80325
GB00BKDTK925,0.5283915676530383,0.24163477006401698,0.16932306946775288,0.5113448070204741,0.946377449773144,0.992875
DE000WAF3001,0.027997793235940958,0.15329472382263465,-0.20045593961592056,0.016673277260198308,0.29048183344871475,0.545625
PTREL0AM0008,0.06774597771143231,0.1638439484594568,-0.18226287915244588,0.05535508498411669,0.3535913791889339,0.6524375
IT0005709909,1.0026101411649502,0.8784399653521141,-0.012436715288870187,0.863350261712475,2.4545950117176876,0.9469375
DE000SHL1006,0.3814731980220199,0.13761158604171445,0.1678398493443863,0.3748802060830644,0.6130308739611389,0.9981875
IT0003856405,0.20475681810970156,0.11861739298100105,0.019302450045893173,0.19957204429376035,0.4106145285133746,0.9673125
AT0000APOST4,0.0388197954842816,0.2336011386466186,-0.29264385293212314,0.012868938571542202,0.4547272251176286,0.524875
DE0006969603,0.06594267096663402,0.11453191730584125,-0.11244787583729994,0.060647080426155645,0.26288081981347267,0.723875
AT0000743059,-0.05892578300046131,0.09386056077163761,-0.20308939814529361,-0.06385754876220243,0.1015495198999448,0.2385625
GB0006776081,0.014105234914734406,0.13001327736386062,-0.18326828832838382,0.005629624739022658,0.2390859043161064,0.520625
GB00BGLP8L22,0.12456334699116138,0.11495331941003341,-0.04893763256561408,0.11783672659861517,0.32314787188414684,0.877375
IT0001347308,0.3284221388969559,0.14044249634598668,0.11473895459586753,0.32129297804466006,0.5638429350018236,0.993125
GB00BNGDN821,0.3687753005484387,0.17235752943403884,0.1127622249098894,0.3584730613974267,0.6612821766866354,0.990875
GB00BGDT3G23,0.24925271864914647,0.14659276453670234,0.023841955642461454,0.2427652817225382,0.501092182520405,0.9656875
IT0003492391,0.20649028870936173,0.13856000851241174,-0.0044427985470976246,0.19821992871982747,0.44286856026933796,0.94575
CH0006372897,0.6233707032626981,0.3148875484439678,0.16584681823158276,0.5929357349115448,1.1804946674398609,0.9879375
ES0105148003,0.8495196521192235,0.5273258311999314,0.13698122589872974,0.7793282995671763,1.7879745555268285,0.9801875
NL00150003E1,0.3845474704804422,0.26287364542063507,-0.002214237909955862,0.36437369369496875,0.835932850832998,0.9489375
DE000A3E5D64,0.3210003945556957,0.1852574522062295,0.04420606051810996,0.30545844712219994,0.6411563094422685,0.972875
CH0360826991,0.2720361949825628,0.1738159599585715,0.013734058294268416,0.2606398040684687,0.5692342332555742,0.9581875
NL0010558797,0.23130139542751568,0.21738761803961845,-0.08642441822867912,0.212154688202786,0.6130287661114469,0.87625
CH0012142631,0.2002510180785247,0.13566818648328807,-0.008576285244045207,0.1928137555519865,0.4328816727501675,0.9436875
BE0003810273,0.22647298456650589,0.17443544503237357,-0.03569255009609306,0.21452741152964236,0.5293679411181584,0.9210625
ES0175438003,0.11193780056187176,0.17219388583549064,-0.1380476360834265,0.09651097417370752,0.413099997214421,0.7471875
NL0010583399,0.38694640284804876,0.23291699539140032,0.04366204256398801,0.36763801558443393,0.7942229329153262,0.9695
HRRIVPRA0000,-0.03986958301083832,0.23361832823721665,-0.3663052669036862,-0.06418768706459546,0.37487692813100704,0.3778125
SE0013647385,0.8422167229387437,0.6205137135737849,0.02847473418508116,0.7514116700215413,1.9591525414923916,0.9579375
PLASSEE00014,0.035272841145780914,0.3033050647784839,-0.38123671526579167,-0.004467150953988429,0.5808476179844192,0.4916875
IT0004171440,0.24955032593103418,0.2463446131402552,-0.10579818272158621,0.2254630735152789,0.6852892527510915,0.8625625
CH0025343259,0.05886829090050329,0.2465629605925748,-0.29296637068458486,0.03254257543251195,0.4936384405820394,0.561125
DE000A2DA588,0.5436375330219307,0.5469842009452521,-0.1608304343061161,0.45560103239822036,1.5616984491562382,0.879625
IT0004329733,0.6337499299097321,0.6611518043015432,-0.17877498619135895,0.5137896779678751,1.8426556326204195,0.8749375
GB00B39GTJ17,0.5038397420387218,0.4326291640285445,-0.07942483604403129,0.44919642969087015,1.2736732392570453,0.915375
VGG0103J1075,0.5776114955277567,0.6237026336077327,-0.19879701857782825,0.4701385696345841,1.7033103978507318,0.85875
DE0005407100,0.742692433045266,0.45364864712461406,0.12498606213651763,0.6844516977955039,1.5625578829759583,0.980375
ROTRPLACNOR7,0.04295836653413877,0.331649362317053,-0.401871774467684,-0.0027778998994632906,0.6349435935601785,0.49675
IT0005176406,0.10389525387146058,0.1813804934508829,-0.16712792360659817,0.09103648592001949,0.41576821372704825,0.71725
FI4000592472,0.34887984660220767,0.37354188808414385,-0.15527148725919107,0.3013978269065254,1.0130099101248693,0.8495
FI0009008072,0.18812042059529802,0.3303037576552416,-0.2658171966550525,0.14640044950304593,0.7890911880201359,0.7081875
GB00BLWDVP51,0.5786116360789433,0.4745422483072097,-0.06209942267671973,0.5128313719393023,1.4308131387003729,0.9260625
DE000BAY0017,0.16471916070060544,0.11814502789033912,-0.018429250705708344,0.15781658582674218,0.3719225724498431,0.9299375
DE0005470405,0.31127600121535354,0.17432611881756735,0.05018787216597532,0.30004108493063575,0.6082037020889989,0.9744375
DE0005785802,0.10908087213136705,0.12605964922651042,-0.08364865604396764,0.10091690186756189,0.32436707915202456,0.818
GB0009223206,0.18318237158956738,0.11843945053698025,-0.0011475826458971787,0.17656178246360954,0.3884065102983765,0.9491875
GB0008782301,0.2153329174452502,0.12737608598281416,0.020402044965538334,0.20752874109343725,0.43381010818915006,0.964375
IT0001157020,0.07488671619517993,0.16789472614156442,-0.17286817340761018,0.060402268089187576,0.36434899435942114,0.6655625
BE0974400328,0.41650614505393513,0.1728147642141579,0.15155196911203167,0.4058860952452652,0.7150479873621325,0.99525
DE000A0Z1JH9,0.09301723242674755,0.30102540100401404,-0.3220184427893046,0.05547025963097599,0.633023161593176,0.5908125
FR0000130395,0.04203111594923946,0.1072062920656762,-0.12341179015951283,0.036722929308294516,0.22545060045174353,0.6474375
FR0004187367,0.49767793636754826,0.6006017899667417,-0.2517036082815769,0.39107236862174877,1.59147878969424,0.8224375
NL0012650360,0.2123302538673397,0.23237583373391243,-0.12574942569575193,0.19176836180403584,0.6129588284896419,0.83675
IT0000070786,0.35141393244244273,0.38305017562629395,-0.16554123991053304,0.30312649184557094,1.0271323035976454,0.8475
PTSEM0AM0004,0.43926624756845806,0.8381241005454266,-0.0889183490915217,0.37742540455357587,1.1159859777239194,0.90375
DK0064867972,0.12197475314346799,0.22210237046117684,-0.18522075090895374,0.10271780691277203,0.486879611513256,0.716625
GB00BL6C2002,0.29871640952165157,0.18297876340469865,0.02757800700141868,0.28331666291680707,0.6123528504497249,0.966875
DE0005176903,0.9074547683417938,0.6185277627407052,0.08251917693167546,0.8168653706856767,2.019411240625308,0.9675
NL0010776944,0.2153979357963308,0.307370514878818,-0.21377040477525183,0.18072436926848706,0.7597353835276498,0.7600625
IT0003097257,0.5105333369331368,0.5058582161764986,-0.15530356674543136,0.43257409998838825,1.434140772383811,0.879625
GB0002018363,0.35341299477648586,0.2741186118755514,0.012777840308672047,0.33197425553397897,0.7557191856660816,0.956375
IT0004712375,-0.1092963180992339,0.10226148715772539,-0.26557263426633054,-0.11463720533954636,0.06518282636562797,0.1315
BE0003545531,0.18558301828505147,0.34654699865950417,-0.2736202845907529,0.13689292720157656,0.8044442483609514,0.6893125
BMG319201049,0.477821012860626,0.42686504082904714,-0.08968791431620844,0.4230619511595091,1.2382690285138807,0.907375
NL0009739416,0.10711993935095368,0.22550073871661774,-0.22040195146528754,0.08472445847474873,0.5011845864035512,0.672625
DE000STAB1L8,0.6918246836857785,0.3808065472439645,0.16810918293540736,0.6516862115357885,1.3460870349592573,0.9866875
DE0005093108,0.9459749664187908,0.7656698290664465,-0.019214965893380353,0.8126136350317087,2.3417159312352696,0.9448125
IT0005388449,0.5054751631158564,0.6012072194346421,-0.23889424869390477,0.4051984905903866,1.5893927934898648,0.8298125
GB0007980591,0.09105142579826916,0.10793107940300567,-0.07458832807785858,0.0856455201269623,0.27689731700416464,0.807375
GB00BDCPN049,0.07275935916906892,0.12327851763095755,-0.11540515979639349,0.06574809252416308,0.28475335381067884,0.7254375
DE0005439004,0.2024652924119149,0.14489786401533628,-0.018622001721235775,0.194199960997278,0.44986817179873895,0.934625
DE0008232125,0.02964301735016037,0.12093753629979448,-0.1539034026555608,0.022630192328054903,0.2405573018250204,0.581625
DE000EVNK013,0.12431406625788759,0.13453076124158603,-0.08167474827031887,0.11751612584972668,0.35798492624175543,0.83575
GB00BD3VFW73,0.4158870991355959,0.14474622229062037,0.19347213022779308,0.40874328881506805,0.6649225804825553,0.9986875
IT0004585243,0.0037652887873233344,0.40472491798670124,-0.49978517276382795,-0.0649634633831733,0.7372176298774707,0.421
GB00BVFNZH21,-0.12640505239603655,0.11714336167299647,-0.30389858621042865,-0.134082133875851,0.07696942060763541,0.1265625
BE0974303357,0.23956738173469597,0.31142776056688387,-0.18020912961244284,0.2006835574990461,0.7930631005654764,0.7955
GB0004866223,0.04610681721907186,0.15696645116169602,-0.19456936310146408,0.03587297872840925,0.3196745937455348,0.6005
DE000A1PHFF7,0.1583634954406276,0.1527349414930095,-0.07206927963390873,0.14915488190193885,0.4207030173597118,0.864375
CH0025536027,0.3530680689583017,0.24923999959448706,-0.009681680357271325,0.33334010118180735,0.777991043953825,0.9456875
DE0006916604,-0.10141249183362061,0.35798100155438883,-0.5508093775202613,-0.16244929266785701,0.5428004194723512,0.3084375
GB00BK9RKT01,0.23554661776426133,0.13910608999185778,0.021274324344750833,0.22819570138286338,0.47320694609938857,0.9649375
IT0005455875,0.3313038160028783,0.18826276045819398,0.050971295488925095,0.31727096453992315,0.6619304390933546,0.97475
DE000ZAL1111,0.3102794171396026,0.13534237976429278,0.10120149297767383,0.3019841351681749,0.5466944173044942,0.992125
AT0000969985,0.3551499734003235,0.5485255654502692,-0.3305488826973528,0.2586043126259601,1.3617293177187455,0.7448125
GB0001500809,0.3860629041265384,0.33945145233862745,-0.091715157077626,0.347195525672333,0.9909882155733223,0.8990625
IT0005331019,0.22859072052850754,0.190358088828889,-0.05504107289231519,0.21591881500049998,0.5589959265766151,0.903375
DE0005677108,0.27252141230440974,0.2489127650821231,-0.09352748707968746,0.2505117345812309,0.7114782422914743,0.88525
MHY641771016,0.015154106854410947,0.25398876388261965,-0.29297730821818957,-0.00687071952303184,0.3787070616406098,0.48575
AT0000A3EPA4,-0.03727798909911428,0.16964943140415303,-0.2849851916371548,-0.05170060923906522,0.257027093289502,0.37
GB00BJ62K685,0.1923050009766285,0.16248337369815985,-0.049155264994757246,0.1805952554260745,0.4763683501278562,0.8969375
GB00BYN59130,0.20894730879353915,0.22750971997498226,-0.11947714805882412,0.18717991394081496,0.609789075869282,0.841625
IT0005440893,0.38675375363770614,0.2840510341401238,-0.013817572729727437,0.36016532471768203,0.8664386889475644,0.94275
IT0004604762,0.14109714122238506,0.20013847299942875,-0.15272465697864246,0.12254595457883026,0.4917974766848459,0.7636875
IT0003428445,0.4162216472973653,0.29439268079082664,-0.004800829579722923,0.38739551834868347,0.933205703281908,0.9475625
SE0001057910,-0.16579022586750458,0.3347424948670313,-0.5837122789926685,-0.21960494035834233,0.45191337177872204,0.240625
GB0000600931,0.25021004042239486,0.3145480733199469,-0.17929764176706792,0.21629663836705465,0.7835198175821906,0.8125625
DE000A2N4H07,0.41957668258022734,0.37774655221880166,-0.10604215726251476,0.3766456139751947,1.093131089427681,0.8943125
DE0005232805,0.6419306969573703,0.4751127800680192,-0.005560583530164657,0.5790997578221004,1.4920174203338976,0.9485625
SE0000825820,0.45779088735684936,0.6041402519359669,-0.26550500199606014,0.3523733755286374,1.519795089256063,0.805
SG9999003735,0.28682377371508666,0.2283128462372744,-0.047899227000766556,0.2657402347577784,0.695274333442066,0.916
DE000A2YN504,0.3317636982819789,0.3070745201148425,-0.10535701792021125,0.3033100874487301,0.8748561389281075,0.885375
DE0007507501,0.5547306898781855,0.3605268481348807,0.041345952115058114,0.5157640894966626,1.1960286950162085,0.9644375
DE000A1X3YY0,0.7349766923538491,0.4166223009296071,0.15397107448780684,0.6861072808419479,1.4829081274087343,0.9839375
IT0004053440,0.008382398106702046,0.22776221602062743,-0.3105222538237668,-0.01852449262910244,0.4175061512213879,0.463375
DE000A0XYGA7,0.5151577239541898,0.4755714472802929,-0.10482739791009432,0.4457876748395043,1.3680288750816703,0.906125
JE00B55Q3P39,0.5677807135376349,0.46305823089414794,-0.02021495831789813,0.512225658959187,1.3392907223171948,0.9425
DE000ENER6Y0,0.3479594940405657,0.12930862211558,0.15161589204198136,0.3418303222177538,0.5655242931673586,0.9968125
FI0009007264,0.40182405373160746,0.31637077576269224,-0.04287914222744962,0.36832868033861776,0.9619876958696648,0.9281875
NL0011794037,0.15852526503237127,0.11918891628186826,-0.02254124314027983,0.15072957403693468,0.36066392460488206,0.9218125
CH1243598427,0.1193248679802218,0.12191455604129478,-0.06939776955418002,0.11439938201061536,0.3228053763437386,0.8501875
LU2598331598,0.10289353356257398,0.1277681872387836,-0.09062990111623724,0.09503465173740666,0.3209256265242718,0.7989375
IT0005275778,0.22100435446364058,0.3045479696850463,-0.20347759770566567,0.18604066171510084,0.7520829918401367,0.7765625
NL0015073TS8,0.45934515542118937,0.22379699832487443,0.1343084490427825,0.44061387659747087,0.8384314531399497,0.9901875
DE0005110001,0.053217471884652916,0.46538090665434156,-0.4688717375969827,-0.025915534845561958,0.8240516581224921,0.472125
FI4000064332,0.3786830525927784,0.35252232074986795,-0.10937837440266199,0.3354930323053912,1.0063512708942148,0.888625
FI4000570890,0.27461702418551126,0.5464109428362512,-0.3672364159188129,0.18381536992370634,1.1999637453888332,0.6801875
DK0062498333,0.10448137796580977,0.1024161131216486,-0.05313139428088885,0.09827794105151881,0.2802564138167362,0.8625
GB00BQS10J50,0.5512899826351018,0.31442935357206736,0.09660515405314667,0.5215564688627059,1.1070617883524305,0.980125
DE0006231004,0.2412271096477293,0.12231489770602236,0.050261198626782,0.2360857094911688,0.4507840934772002,0.9808125
RSNISHE79420,0.21868907098219095,0.4942116479260783,-0.399494217213968,0.13430289180911725,1.1052211753064252,0.6384375
DE0005552004,-0.003834299067351746,0.09945392423415476,-0.15770571362347344,-0.008748057785663914,0.1662252516989126,0.46125
AT0000922554,0.22336347394304074,0.29400302062083894,-0.19704620574902212,0.19241695398525027,0.7389966340890369,0.787625
FR0010425595,0.9861012529688024,0.8230304150643517,0.002736214332362578,0.839508521871387,2.4753199303400244,0.9504375
DE0005785604,0.3079411543678997,0.14357946923766612,0.08802899323335248,0.3006423186063484,0.5530942433933175,0.988125
NL0000395903,0.5151648296373127,0.20492130082841165,0.20621625007588223,0.500990540378976,0.8668681561392152,0.997625
FI4000511597,0.2208551302306687,0.49482686580442786,-0.38652832487354377,0.13907299654667454,1.115773923408127,0.642375
GRS434003000,0.1335675617770838,0.15852975838496353,-0.10259666483423019,0.12171972378447526,0.40712230171904307,0.81075
AT0000937503,0.08418487385219421,0.14833121683116918,-0.1409310366818195,0.07527012335188715,0.34037087440780883,0.7165625
IT0005610958,0.46779665079361127,0.29331091542797044,0.04148186051204803,0.44141356512376095,0.9829881635636762,0.967125
DE0007856023,0.1660040626213397,0.34304423766053876,-0.28860894907819806,0.11846520997263103,0.7705067166852324,0.67225
CH0198251305,-0.003198375633788027,0.11304846974992307,-0.17340571643579017,-0.010363688765729712,0.1871634213280903,0.4598125
DE0005200000,0.2043301971310775,0.12698724393285027,0.010672673475124347,0.19821449311811964,0.41309174808619836,0.9575
DE000SHA0100,0.21205956787263217,0.17592708767315976,-0.05561920446973592,0.1992322604873527,0.5175023541064304,0.9051875
HU0000073507,0.025714883207134966,0.19447266541790464,-0.2559408115036159,0.009680567411142437,0.3623577868718341,0.521
GRS298343005,-0.06490095867961247,0.13765940733098586,-0.2698714350982353,-0.07533580776459432,0.17212149490601716,0.2861875
IT0001078911,0.332302084160513,0.20722681096247855,0.025251743459049368,0.3177905736720701,0.6906781475933879,0.9623125
DE000ZEAL241,0.6238953495729068,0.3198158008211115,0.1654023143054352,0.5927932549260909,1.1844928836736761,0.989625
BE0974358906,1.745413107957059,2.052433448297542,-0.2051256923617105,1.2251037799232816,5.3205438441593,0.903
DE0005102008,0.22429839426858345,0.28996335191350336,-0.1852392864745991,0.19162131223480888,0.7405049653342116,0.7865
GB00BMHRMV23,0.3388375099831642,0.24643745518675927,-0.02146588589036092,0.31740462845793194,0.7749251684224603,0.937625
GB0009896605,0.24940262457082082,0.23578858490339413,-0.09521887239859084,0.22893512467887217,0.6689571756828115,0.87175
IL0010958762,0.4578514201111634,0.42780914472763515,-0.10853074410419665,0.39985852461979277,1.2235470232204906,0.892625
GB00BFZZM640,0.23893190401529865,0.22486052736139575,-0.09187632208816289,0.21897910026794748,0.6277977024215488,0.8791875
SE0016786040,0.5452365976846232,0.3900485183621746,-9.758124561995027e-05,0.4988023044984216,1.2390647894667852,0.9498125
SE0009973563,1.2073398413751848,0.9155974431484153,0.10756174693153675,1.0488524525173708,2.812457891353068,0.96875
GB00BNTVWJ75,0.055852724070636725,0.3227088080379006,-0.3691814420643073,0.010232356299874774,0.6255326754860476,0.5150625
GB00B019KW72,0.014251207062489718,0.11104772007465877,-0.15530464949126332,0.009080283657909225,0.19840300010554135,0.5360625
GB0006640972,0.4053549330981556,0.2800707526406843,-0.0016973117733020294,0.3794200209665983,0.9050589102020071,0.949125
DE000KC01000,0.045140428990580336,0.18494643368954913,-0.22327555153013556,0.028341271674767604,0.3773817201921467,0.5698125
IT0004125677,0.03174633461103328,0.4188700851471867,-0.49046995676058625,-0.03261709086264636,0.7569405737359515,0.4625625
PLSNKTK00019,0.09502218436154745,0.2024576143025171,-0.19987199907796074,0.07691298510941573,0.4512440234920725,0.6714375
GB00BSLKLP68,0.6319477851738641,0.46001288971089527,0.011344745789697052,0.56875496701184,1.4462335413422107,0.953875
GB00BYXJC278,0.42013882942831915,0.20474391357118854,0.11243284179251616,0.40442681843904826,0.7746471024587187,0.9894375
FI0009008650,0.2606492453939646,0.3124737344001324,-0.17922296966067533,0.22456962296439303,0.8195150528347568,0.811125
FI0009006308,-0.06349739123400487,0.3725859485537318,-0.5259507551198488,-0.1309402587453244,0.6141931791311334,0.348125
GB00BDR05C01,0.09639253291653996,0.11947014394043538,-0.0873245743576929,0.09063643686285715,0.302014821637448,0.8005625
DE0006599905,0.11044097265826182,0.12602044685264013,-0.08177511359535837,0.10320131790502506,0.32873650811967825,0.822375
DE0007236101,0.10456530233749801,0.09756641972618635,-0.0473679490224107,0.09986686539424525,0.2726350415881444,0.8730625
DK0010272202,0.2241917985478321,0.14528444980095262,0.0037180446665445836,0.21608906340405615,0.4713837752011573,0.9535625
DE0006766504,0.13973484926895657,0.1857081514229432,-0.13420253040054353,0.12597632932931013,0.4579903703398614,0.7826875
CH0360674466,0.044694775969519,0.18975000595680888,-0.22972023013467976,0.027962801738422007,0.3772421321851333,0.570625
DE000RENK730,0.553678230716856,0.17627146050565165,0.28257922462708385,0.5427112972374444,0.8554784065958558,0.99975
GB00BVYVFW23,0.2316104545171442,0.13711491950774635,0.018357603832000673,0.2235929932030043,0.4684514230705813,0.961875
IT0005215329,0.5828710530414567,0.3040553094904542,0.13915540375389485,0.5594511620292959,1.1172390820782234,0.9874375
DE0005557508,0.4427218921585777,0.1460285349839396,0.21664064339816477,0.43425867221570574,0.6922884243050899,0.9991875
IT0003411417,0.2398157346985138,0.29904487981355793,-0.17686355894296982,0.20366176418421023,0.7794290205550746,0.80375
DE0007030009,0.5798920693379899,0.18147550950968291,0.30239809081457963,0.5705258163363895,0.889044383115692,0.99975
FI4000197934,0.05765452403627698,0.20916916654902465,-0.24854664053605413,0.038059240337047176,0.4242688117140569,0.5823125
CH0008742519,-0.024962805273690367,0.10112037141535998,-0.1793748549050597,-0.030009392892512102,0.1485577727853437,0.3733125
BE0974268972,0.3830849617807888,0.36786743828922375,-0.11164938778143005,0.3358360451512988,1.030894707466404,0.886625
GB00BMBVGQ36,0.18790790429092033,0.17873340150049322,-0.07950222332379023,0.1753893302610483,0.5000598881320029,0.8675625
IE0000669501,0.011839936364981327,0.14514697591923373,-0.20680985724247236,0.0002545210672804519,0.26843944895755745,0.5009375
DE0005936124,0.6723014409302359,0.6890256021743566,-0.1582570863285701,0.5632719180133471,1.8928901679785473,0.889625
DE000A12DM80,0.478800614518577,0.16426708366732637,0.22872499402267815,0.4698403846595419,0.7598154656774466,0.998375
DE0006292006,0.5776678650451418,0.633534255529155,-0.2055195333348645,0.46568170509325646,1.7492833137569321,0.8585625
PLPKN0000018,-0.03025012545807064,0.14224942947703775,-0.24151747098353127,-0.04061078181664339,0.21128990755080249,0.3801875
GB0002374006,0.23381690751985962,0.11998393782647333,0.048075256594729325,0.22803046294967994,0.43790368353342657,0.97975
DE0007010803,0.2958282143394689,0.151350475784265,0.06261982730465057,0.28849458982805387,0.5553307503873955,0.981625
GB00BTQGS779,0.15253853491611857,0.1798698418620943,-0.1073793362084498,0.13771769259829766,0.4558616011187403,0.8189375
NL0000360618,0.28165769925003736,0.21026108278164057,-0.024117604954652056,0.26355068616791155,0.6560738009957362,0.9325
DE000A3E00M1,0.2030375783229573,0.148885116933365,-0.02178174344479754,0.19469600704522302,0.46093153964128014,0.9298125
GB0006825383,0.26263693887317385,0.12758839643631315,0.06506223826090994,0.2567103972020514,0.4827136827012334,0.9846875
CH0012138605,0.03325782507380102,0.11973983548410976,-0.14824046982160308,0.02565061624778481,0.23936496259489895,0.596625
DE0005089031,0.3709097011350893,0.1849951492147848,0.09170350512617376,0.35596301985616907,0.6898263426702064,0.987125
GB00B0LCW083,0.3368591262433593,0.17749993374312487,0.06579712481508702,0.32556972088879044,0.6436840708014673,0.9805
DE000AUM0V10,0.28849791904167715,0.18279936732187974,0.014156185525984855,0.2742434550083602,0.6039837603368344,0.9585
NO0003055501,0.2781589464295656,0.1484443617212562,0.049372141665479485,0.27116915157622906,0.5292606995821331,0.97825
GB0007973794,0.2563942168228893,0.1819715841266755,-0.012109369815098942,0.24339364684487452,0.5710240382812242,0.939875
DE0005313704,0.24461035905295053,0.14391285918915855,0.02617047110757801,0.23689451079468077,0.49664032159964666,0.9674375
FI0009000665,0.026992734289654634,0.18924003434124365,-0.2504194680133833,0.01267840056867046,0.35837785272609973,0.5266875
SE0014855029,0.29760331256190836,0.5346974759808113,-0.352849624329763,0.20166781856831562,1.2567277947974322,0.698125
DE000SAFH001,0.16847321609033375,0.2346084472042017,-0.1667923534314628,0.1460381374151576,0.5889848320853035,0.7723125
DE0007042301,0.14047240276941192,0.46394330583524646,-0.42222514338674033,0.05710707486365362,0.9811073566434381,0.565
GB0006027295,0.24072998577304638,0.18655513256997308,-0.03793142888489003,0.2294686374674857,0.5657632971853753,0.92075
PLABS0000018,-0.0682393315048839,0.3782043040151159,-0.52819573534888,-0.13653431191150361,0.6044667611712798,0.3415625
DE0005545503,0.2608776431248537,0.19015175231652248,-0.022378856254346786,0.2471776355126429,0.586448103647214,0.9355
JE00B8KF9B49,0.11219940739415435,0.12982702821960404,-0.08844488785822059,0.1053885803433677,0.33808889732196895,0.8176875
FR0000051070,0.27489982822013664,0.29821916481669847,-0.14757873607748978,0.2413186978955003,0.7990450967896386,0.843
JE00BN574F90,0.033651902338233224,0.1088881332141074,-0.1315468292987264,0.027668264010208124,0.22164031229971842,0.61375
CH0000816824,-0.05394320763192815,0.18974380254202883,-0.32487771579684194,-0.07236755790566798,0.2774881678918055,0.3431875
DE0005565204,0.4784342822908309,0.2435091653869941,0.11513415703712133,0.4614341732770829,0.8949122400282421,0.9868125
SE0008294953,0.3793223460477251,0.2624438157620634,-0.0013233882288177087,0.35526348303582156,0.8414710843044046,0.9493125
DE000PSM7770,0.3866009791026415,0.25368051361512295,0.012111019679919914,0.3656554466480364,0.8372331823400209,0.9554375
DE0007229007,0.4764522217909565,0.3619977459819132,-0.031142700971372186,0.43600123863228213,1.107861701489106,0.938625
IT0005411209,0.3693160149659654,0.30117227737557567,-0.05656446215038265,0.3385550918787871,0.9012966258261765,0.9201875
NL0011832811,0.3601197167489287,0.3808921052710447,-0.159905466723959,0.30989100356191174,1.0579991121007315,0.8531875
DE0007235301,0.10747768878428013,0.24132781336151893,-0.2317801501333396,0.08080122442173249,0.5282093667767175,0.6596875
GB0030232317,0.05501321304693313,0.15917861020306695,-0.18085481815924964,0.042094259406539415,0.33129915848378705,0.618875
GB00BP92CJ43,-0.0694853048132374,0.12041999463431667,-0.25301319497632935,-0.07699057656605918,0.13935539097623362,0.2485
DE0006305006,0.2803552660607855,0.23102600876118629,-0.055325558113416065,0.2605206918316349,0.686777715215771,0.911625
DE000A1K0235,0.29603223472570783,0.19941956668405492,-0.001796104051242857,0.27924796860092005,0.6435805706578682,0.9490625
CY1000031710,-0.027208947440090055,0.2564215396737819,-0.3787097098198843,-0.05817693994920979,0.42855940910989987,0.3953125
DE000A0N4N52,0.49167570589630055,0.5684866294770985,-0.2254982899803803,0.4011984388759177,1.5091999612395504,0.836875
AT0000A0E9W5,0.4503203716058736,0.23443813878537115,0.1033035348597953,0.431095770032339,0.8636371637409005,0.985375
DE0007461006,0.3420110958742837,0.2089060880393271,0.029726127235593064,0.3258205491124216,0.7070062725992452,0.966125
FI4000306873,0.2615299459564775,0.2554761494689472,-0.10406919001554293,0.23532438960970126,0.715438296377205,0.868625
FI4000198031,0.3849525087343568,0.4417460957782636,-0.19563753148658386,0.3212507346957467,1.200456180667837,0.833125
IT0001454435,0.16571498265799794,0.2853269862008622,-0.23203500760299844,0.131796170850792,0.6921907848789965,0.71425
GB00BWGBNB23,1.1871899044043768,0.925569882375707,0.08988329389213985,1.0352832434565553,2.757251198239134,0.965625
GB00B19Z1432,0.12163651846101825,0.23076618631732485,-0.20653870270692742,0.09514138035966424,0.5355217858937463,0.695375
GB00B17WCR61,0.39457375330937094,0.4147869602035017,-0.16114553927539618,0.33872312336542987,1.1312970093097994,0.8553125
CZ0005135970,0.23544531523382561,0.5052870447101824,-0.38925543145459224,0.14810776943505757,1.166507587648347,0.65075
FI0009007983,0.5124373204470771,0.4527134724940848,-0.08999825689190796,0.449061627080691,1.3298460803987602,0.908125
IT0003203947,0.4289086641819423,0.5721260499202426,-0.2905271888001351,0.3326086424139352,1.4899863500531418,0.7856875
FI4000115464,0.4562380324891816,0.3339100894210438,-0.009217788512788722,0.41836468598098764,1.047923140702689,0.9461875
GG00BD95V148,1.5791251307824294,1.5855273683760291,-0.05525127970040659,1.223630353272074,4.37192104401147,0.9391875
FI4000523675,-0.049209485673639385,0.2723537150173749,-0.41552040461855244,-0.08050284276014838,0.42180570183576244,0.3684375
DE0006602006,0.14498753132277578,0.11661846810354425,-0.034744428964701826,0.13890672823711053,0.3466814854417496,0.9074375
DE0005800601,0.4534770797315321,0.2586972316180557,0.07603991034518529,0.4315777228756736,0.9134077993766204,0.9763125
SE0015657788,0.178122561364354,0.27642795482996496,-0.2090513222676015,0.14521906551110322,0.6695698648661408,0.7466875
GB0005630420,0.318651053164126,0.22722741174147748,-0.01723958010830618,0.2996974693695311,0.7196578682512311,0.939625
SE0007577895,0.9747835771460043,15.92154328955656,0.052687164635897184,0.7072883355014594,1.7929074791916282,0.963375
NO0003067902,0.5505062869543738,0.39437389543384893,-0.00119783798172585,0.5014259098177153,1.2651013381860559,0.949125
FI4000592464,0.8386962049884318,0.524403744153653,0.11529965471382307,0.7739752816142805,1.7970849402396205,0.976375
DE000DTR0CK8,0.15055199995963842,0.12144635874423339,-0.03757029455480013,0.14564303013072566,0.35790841289014486,0.904625
CH1430134226,0.24308922412964615,0.14632011895919975,0.015127081323994722,0.2349851039274246,0.4973213915452489,0.961625
DK0060094928,0.32124860580622727,0.12320852161565057,0.13062260055845545,0.3153537541329889,0.5303660170848327,0.9965625
BMG864081044,0.8045203687139784,0.41683137154423955,0.2067570037075597,0.7601592205155571,1.5523051447180474,0.9899375
CH1425684714,0.5203952234650912,0.2779183844376714,0.11312923989007283,0.4964596826796035,1.0101542141701376,0.9826875
IE0002424939,0.0669458891422277,0.15530181832650297,-0.16323748507323615,0.056394778872471324,0.34119652292620845,0.656875
NO0010215684,0.40527907555829024,0.35653181986852234,-0.08286257606076071,0.361921274070264,1.0242958257324797,0.907125
IT0004967292,0.45169382739086666,0.2914665605651282,0.033273567349409935,0.4204193790409544,0.9720903671861659,0.9638125
SE0018040883,0.7208979117961489,14.184902578668149,-0.2002997604995168,0.49420851006409316,1.772730480356974,0.8680625
DE0007193500,0.7132660473867529,0.44754181596522313,0.09037576754567746,0.6616612972207216,1.5139525171843142,0.9735
IT0001237053,0.6218404003477473,0.6748888719206376,-0.19951769515232406,0.507641030650768,1.8042495541733903,0.8703125
DE0006464506,0.6972271748494895,0.4190076425412692,0.11959406537486672,0.6495531346378701,1.4387847828830835,0.98325
SE0005308541,0.09362777214073253,0.4405431834014098,-0.4493119377453438,0.01609865861809811,0.8871766320359172,0.5175625
IE0004927939,0.22718045355661065,0.13806879602674355,0.015395634768343002,0.21799576952779193,0.46170165559591575,0.962
DE000A0XYHT5,0.9658684041034122,0.8038062648242913,-0.019952715569069582,0.8282607218675503,2.393241447495793,0.9441875
BE0003604155,0.0837282617613702,0.15213409506803552,-0.1458229071514278,0.07286968539357944,0.3482012122206675,0.709375
GB0004657408,0.03436657561553484,0.15238899980049309,-0.19260156786348528,0.024615899976037716,0.2968756329148617,0.5699375
GB00B1FP6H53,0.33647386008674446,0.18573226377083618,0.05563839236525271,0.3230078126877015,0.6587807140704415,0.976
BE0003818359,0.15940313572006118,0.21190596513928675,-0.1498699528104969,0.1423752354414449,0.5283069548022888,0.7841875
CH0432492467,0.4234711471304968,0.15693372433060224,0.18743025553471002,0.4135636677365175,0.6952542491982069,0.9973125
DE000VNC0014,0.29309655783323896,0.2508721932276826,-0.06560117261256208,0.26847382416302107,0.7380146305354243,0.9081875
GB0004544929,0.20978889250130836,0.1505910360643129,-0.018682142777576183,0.20134442708664022,0.469403918216007,0.9335625
CH0110240600,0.3477115500338805,0.4543608985083285,-0.24432549161731196,0.27637241496914255,1.1687514155671581,0.792375
NO0010571680,-0.07523175304178031,0.16405388336296978,-0.31456305021401726,-0.09077807219814055,0.21053838898863975,0.2796875
GB00B63D3314,1.6395026654524667,1.3646963859827042,0.13529222090044885,1.372829800810069,3.9834359757376405,0.97025
CH0019396990,0.13399568201143633,0.13465074797762827,-0.073380879018823,0.12688389025363367,0.3699975266852422,0.8540625
ATFREQUENT09,0.2769677155313597,0.27395623225625143,-0.11294319091864106,0.24935791963116774,0.7606836343727469,0.8660625
DE000UNSE026,-0.13136548721790434,0.1991256723361742,-0.41202371201200827,-0.15144892531734427,0.22303922904272555,0.2121875
GB00BZ0D6727,0.4538914683040184,0.20129756945743257,0.14935618817585247,0.44095676480559026,0.8041748555926347,0.99375
EE3100021635,0.02369399980330001,0.29444401359438643,-0.373680155516756,-0.012411754882429295,0.5455285732586923,0.4809375
DE000A41YDG0,0.6537540523874698,0.3481743409374018,0.1525690714324608,0.6202586506879035,1.2701549728769577,0.9874375
BE0003898187,0.23454512879878214,0.380087544764721,-0.26723086731504403,0.1816247447154375,0.9111740249010294,0.7304375
GB00BWFGQN14,0.15235770382568625,0.12066039652691542,-0.03158460088610478,0.14559448636058733,0.3606502406612028,0.9138125
SI0031103805,0.10467463448641597,0.34781915303422284,-0.35648246091774083,0.057902499258857903,0.7090008545986883,0.5788125
DK0060542181,0.05216435855441233,0.12576069760128775,-0.14402082300368696,0.04593728578481582,0.27201773904641674,0.6515625
IT0005412504,0.3347230759602464,0.38993948013381086,-0.1904293873516856,0.2850871786994401,1.0318464799075706,0.828625
DE0006202005,0.2514910937277669,0.17983968844575723,-0.01599158553260571,0.23864561985855182,0.5653045496126202,0.939125
CH0012100191,0.09208125761277895,0.16827114947587676,-0.15571919060085507,0.0774140978144615,0.38209464939258625,0.7058125
RO4Q0Z5RO1B6,-0.33724799454576715,0.09292078665465546,-0.4767420139459555,-0.3441931852880671,-0.1760704827895017,0.0028125
DE000A1MMCC8,0.7460243896029163,0.42042479976700203,0.1599883961345858,0.6952153526907475,1.50038435938983,0.9861875
DK0061141215,0.33047605282605275,0.2642655217723566,-0.05245321992956016,0.30400685248699844,0.800973166465775,0.919375
GB00B012BV22,0.4659383195468046,0.3097476993101282,0.027540123882776605,0.4331690926143845,1.0197086566650444,0.9606875
CH0011178255,0.1703160272962809,0.3903715531113579,-0.34158785067516945,0.11585079773427508,0.8646159607801988,0.6449375
GB00BHJYC057,0.020320925642018258,0.12539453708081177,-0.17010749654158186,0.012231177425257773,0.23715477123559855,0.542875
FI4000512496,0.572234793377425,0.3509491064298201,0.07080626571604419,0.5333842838526044,1.2109705072919552,0.97225
DK0060738599,0.02952728142491018,0.09712562229084924,-0.11888859604891894,0.023512885648912213,0.19378746226040938,0.6071875
SE0015987946,-0.5698438948366472,0.12454010941090429,-0.7389078887146349,-0.5856125494696698,-0.35141450863078116,0.0020625
LU0061462528,0.1428516994504766,0.19542186168985304,-0.14550324332436915,0.1250713923179569,0.484834351468484,0.776625
DE0006219934,0.4406620204019808,0.21042714620269537,0.12366077899504953,0.42714753939088135,0.8042135738003207,0.99
GB00BP0RGD03,0.10273671858577701,0.11194636620463794,-0.07055288764761397,0.09762311664294263,0.294526567341877,0.836625
BMG4660A1036,0.048840930578476986,0.24082954067300105,-0.2929519729654756,0.022703768200435195,0.46865365314875357,0.5445625
SE0016797732,0.4593528340618925,0.46786792696974555,-0.08992800693423225,0.40223153795181277,1.1882652724505562,0.9051875
GB0005359004,0.6029640345287325,0.2898654625510956,0.18145892592789353,0.575776815680739,1.1126669686433177,0.9925625
DE000A0MSN11,0.9767838687091546,0.8479027588509552,0.19294133548952783,0.8906065835422347,2.028942437836639,0.9848125
SE0015962485,0.3583959745046398,0.24951205157585218,-0.003275683815165079,0.33392817649106876,0.7960446464945937,0.948
GB00B1JQDM80,0.40541244948236016,0.3084304548231181,-0.033528490412518104,0.37412688920742754,0.9555784877827983,0.932625
GB0033057794,0.13199280633245822,0.48138805239476407,-0.4390267902021361,0.05441391418526891,0.9554917891969087,0.5574375
DE000A1K0201,0.6554184710587615,0.36432557932030346,0.1297559608330859,0.6175276019355043,1.30644692554274,0.9823125
PLARTPR00012,0.11543019278504542,0.3863322921005877,-0.3838919159529729,0.058050068704828255,0.8002988877522007,0.5708125
DE000A2GS5D8,0.3356937859034455,0.29520895680511205,-0.08694368601488846,0.3100862804975475,0.8553195975906783,0.8961875
DE000A3ENQ51,0.2108041452955166,0.1575431767463799,-0.025308023717189262,0.20109046649529044,0.4799876536284631,0.9295625
NL0000852523,0.35418607190046375,0.21142861412409344,0.0432628518534763,0.33847210608721323,0.7206694324520926,0.9696875
DE000NCA0001,0.39466804458486865,0.2257933048582343,0.05876926677431457,0.37790545758049876,0.7855067611241034,0.975625
GB00BKRC5K31,0.4342912833802875,0.2135578070586253,0.11807704972030726,0.42097528428745323,0.7977862392963276,0.9870625
GB00BLR71299,0.8662283407184507,0.49741547035744443,0.18799430324860636,0.8053473643301736,1.7442867159580058,0.9873125
DE0005419105,0.21764940944782568,0.2044143899589849,-0.09138581433720822,0.20337921591584096,0.5758345696672209,0.8735
DE000ENAG999,0.06702449624963117,0.11102337937532133,-0.10175777173058854,0.060963244574365014,0.255321091778357,0.728875
GB0007908733,0.19721485802007313,0.1335700456750852,-0.0072424319144811485,0.18977472364936948,0.42186294693272136,0.9429375
DE0007500001,0.0743593268529061,0.17293286960944437,-0.18130648973483446,0.058529108828580624,0.3816145089646549,0.65175
DE000TKMS001,0.26483951339984324,0.22947542849961214,-0.06231286488465143,0.24159336384969105,0.6646654163484538,0.90125
GB0000961622,0.15096331001942037,0.15234841415831304,-0.07961957107273031,0.14121955243003062,0.41485043546790484,0.8543125
GB00BCCW4X83,1.1192594858926583,24.118679315995507,-0.06089093331637872,0.7502749403328347,2.336330635200651,0.9321875
DE000BEAU1Y4,0.5509475615875353,0.2543305982607586,0.17111013861622915,0.5322843530839716,0.9891938110556463,0.993625
CH0315966322,0.4146310462758899,0.4809055034760941,-0.2018024715301805,0.3474673964347368,1.2431883192203577,0.84375
SE0022242434,0.3470202296483557,0.3074358368265317,-0.08937311025054868,0.3160422388379659,0.892878819078856,0.8933125
FI0009005078,0.01130253319964611,0.28185518982322405,-0.37740303776078776,-0.023791763493851266,0.5056416192504124,0.4628125
DE000A1H8BV3,0.1363331286512602,0.22693012490539102,-0.1891638409818475,0.11363328391327715,0.5363646989091072,0.72325
DK0015202451,0.3739501489292168,0.4029405399400284,-0.1671118620918084,0.31985981124513607,1.0882449619794008,0.855
FI4000251897,0.35418711071480224,0.41201841898436686,-0.16601069385666187,0.29769367571339234,1.0470954519056603,0.846125
FI4000577192,0.03238011260168816,0.333885304165336,-0.3988684803006529,-0.0190459700879433,0.6255189828999763,0.4729375
DK0061539921,0.1726790472580184,0.11806032847979735,-0.009589094673347006,0.16643089340075573,0.37661183332164755,0.9404375
DE000A1DAHH0,0.08690605286136374,0.12223014384053914,-0.10216053168585237,0.08034697613993008,0.2964587389716347,0.768875
DE0005158703,0.35752426190735664,0.2015408627960599,0.053904572885314354,0.34372284880563114,0.7061259757846527,0.9741875
DE000TUAG505,0.31491822698201055,0.1780589208294858,0.04525320174433154,0.30176478002832574,0.6208997726195439,0.9725625
DE000KSAG888,0.18848759497008621,0.18262330168709784,-0.08488771847248976,0.1760190533093119,0.502491071825273,0.863625
DE000A0Z2ZZ5,0.23600189216592787,0.17520315766881114,-0.03040119303335786,0.2250576351802222,0.5392624084293451,0.9268125
CH0256379097,1.166717083936376,2.5231614080738183,-0.5350339836373081,0.6127609116983708,4.530582849975541,0.7445
GB0004270301,0.09879041554597438,0.17657978347107234,-0.1636217665034103,0.08579951378867046,0.40917038669209843,0.711
NO0012477704,0.27724335802548244,0.5123842984014789,-0.3577297225275204,0.18608459339403507,1.213721122923852,0.685875
NL0015000GX8,0.9549827064484956,0.881140774284681,-0.016314668931080436,0.818455644724977,2.3475413360286983,0.94575
CY0107600716,0.197455246351815,0.4954035466429333,-0.39823271118722503,0.10634182333945491,1.1151187483517464,0.618875
DE0005909006,0.464597359737866,0.2775682947483523,0.05217126123166902,0.44081445472747766,0.9491487585601478,0.9715625
NO0010571698,0.2645256646846485,0.41458213659302434,-0.28706041952362976,0.2047181507452155,1.0183760726206321,0.7351875
AT0000818802,0.275628487186323,0.18349852005398637,-0.000257570026112945,0.262049592585087,0.5963848120367258,0.949875
AT0000831706,0.3383497499983186,0.21777794293504876,0.017660721396158614,0.321038094575684,0.7176435980046879,0.959125
GB00BNXJB679,0.5691296779118985,0.22991100221083283,0.22096202972487722,0.5541437200520003,0.9636123164216607,0.9966875
DE0006200108,0.38147330956613634,0.2442472829339152,0.022847387335088464,0.36117212015279954,0.8108694805825203,0.960875
BE0974371032,0.598364396993379,0.46168700242730604,-0.02486033248642959,0.5399236759441776,1.4157393102507394,0.942
DK0060497295,0.6525262505469759,0.5775038056273083,-0.09377097100225529,0.571188137715523,1.6914136395481818,0.91675
FI4000480215,0.09042194224681942,0.2746893000326533,-0.29211589945231464,0.060065011996522644,0.578907105471213,0.6004375
FI0009004741,0.25920028742636386,0.36354528083108445,-0.23449788400392127,0.21206110031292305,0.8930586535853952,0.7725
GB00BRK01058,0.25474029299160794,0.29741973602916205,-0.15786982913630418,0.2203926864048162,0.7716595404346096,0.824
GI000A0F6407,0.4839211826495589,0.3939599446160337,-0.06828251748298324,0.43622510439356954,1.2033718906075497,0.920375
DE000A2NB601,0.2273529645755455,0.1969780844998056,-0.06949309713310783,0.2138169735634163,0.5696940705310617,0.8943125
LT0000115768,0.2757432531650347,0.3040904264653561,-0.15102794429067729,0.24182166998878687,0.8240411232136662,0.8348125
CH0111677362,-0.024559515905751585,0.5543286592448101,-0.366508608978793,-0.05819966831309928,0.40517290463186995,0.3891875
FI0009013114,0.18917757659579862,0.2723545346658866,-0.19556679169269708,0.15983518811430253,0.6688145476938356,0.7571875
FI0009002943,0.3084048287929324,0.45050388482681947,-0.11846846871348295,0.26714226310720735,0.8488927966032518,0.866375
SE0016829469,0.29154448183103804,0.37158407266949317,-0.19848867236851697,0.2429623483905683,0.9405073569411342,0.8003125
DE000A1EWVY8,0.7417244056259703,0.3910428477622433,0.18314777091391643,0.7006804144775272,1.4249474342623112,0.9866875
DE0005492938,0.4658505956237798,0.4291266003326826,-0.10038134934578478,0.4028577473460889,1.2393245431062483,0.9009375
DE000A3CQ7F4,0.5662356250647126,0.4823671449611983,-0.0683841952085718,0.4993895345369036,1.4162279455605475,0.9215625
FI0009800205,-0.04704263782776654,0.3998469362335122,-0.5257932110245721,-0.11265494209687996,0.6472022666071947,0.3615625
DE0007037129,0.20188317952606116,0.12221330425138086,0.01727931372199957,0.19467973524212615,0.4114080079235227,0.9648125
GB00B0305S97,0.7233715508546371,0.35492554933246734,0.21416531081871035,0.6859963855524871,1.3538422536712835,0.99325
DE0006042708,0.25238693129247,0.5608152806838349,-0.3718714030797804,0.1661143782480836,1.1443717706867973,0.66975
CH1110425654,0.27436963982307677,0.31667962668902144,-0.1691831162990252,0.23868853979362648,0.8390813857556118,0.82675
DE000A0DJ6J9,0.2825156768311183,0.28089406252397525,-0.12051892872372491,0.2533078224579033,0.7871452087660392,0.8658125
DE000A1681X5,-0.03201549461054465,0.246075410854505,-0.3587795709576059,-0.05754477206237205,0.3771191383355628,0.3865
FI4000206750,0.07607739893406541,0.5760858742622234,-0.4652374252266776,-0.0007989889660380385,0.862114303892781,0.4989375
DK0010244508,-0.1486958229482733,0.08886428216650528,-0.2845947384862081,-0.153360908011123,0.00297751159504137,0.0528125
DE000HLAG475,-0.15541814423837447,0.11663496124726752,-0.3326038788661184,-0.16374321712042286,0.0463452607164746,0.091125
GB00B39J2M42,0.030070962813249707,0.1171452870882739,-0.15011084776743389,0.023509055077909926,0.2322529982695878,0.5864375
DK0060083210,0.07898432830992863,0.4440845895398521,-0.4596174931049407,0.001162483792158592,0.8789943893200047,0.5018125
DK0060252690,0.0056879462357872935,0.11649128723199943,-0.1689577683892238,-0.0032657249393800774,0.20801875020476665,0.488125
DE0007231326,0.4671733719133102,0.25733122115916096,0.0847748475379881,0.4474140500885848,0.9199009813019594,0.978625
BE0974413453,0.3412658107053944,0.2188164512849515,0.023706446897211166,0.3240277651272859,0.7208651439852614,0.9621875
DK0060257814,0.49801027756843164,0.2166689127253363,0.17117068805244584,0.4809274723673712,0.8706545717083408,0.994
DE000WACK012,0.11927663040608373,0.3104020144641335,-0.305361857735052,0.08143673918591575,0.6771522860851387,0.6245625
DE000A255F11,0.3188887736561087,0.3270982231496292,-0.13239102182631404,0.27817627675370593,0.9059813605927755,0.8609375
SE0023615885,0.3460507275852777,0.1900092811629101,0.05879169730683534,0.33406377092916184,0.6748915861979579,0.9775625
DE000JST4000,0.4628082544741263,0.30909235251887857,0.022920394427671787,0.43004081980223374,1.0065736879152956,0.9589375
CH0325814116,0.42651738484645985,0.3841790165458396,-0.08039346034200581,0.3824045050238357,1.076809642191478,0.91025
DE0005659700,0.6543389057922276,0.407250890572823,0.09470769855607279,0.6049830415724042,1.3771002380644144,0.9760625
CH0013396012,0.39243103105238436,0.4036355688742559,-0.14939598086595518,0.3375037109755853,1.1160308946568382,0.866375
GB00B64NSP76,0.20430917155745215,0.21591313502939702,-0.10520183783911684,0.1825060682213315,0.5863329758262181,0.846625
CH0386200239,0.25004571196351966,0.28193358234684407,-0.15110827041176844,0.2211490548496599,0.7557669643014219,0.8240625
DE0005664809,0.702593859043403,0.41072346590536535,0.14188926878714617,0.6549270915930193,1.423477930952137,0.98225
GB00BMVQDZ64,0.2734431863473692,0.22218125175286246,-0.05233151238094679,0.25709193517715134,0.6593175206000614,0.912625
DK0010287663,0.0014073363296315052,0.14448102490918896,-0.21446991816629668,-0.008307158277606343,0.2522716259901789,0.474
ROSNNEACNOR8,-0.2286098693472709,0.2524187508410342,-0.5566030401144556,-0.265986872874171,0.23438341137313218,0.1486875
ROTGNTACNOR8,-0.24254243023905342,0.3038554474156458,-0.6227756653223662,-0.29314844695732956,0.30527391857049613,0.1631875
DK0060655629,0.20372487753491003,0.3851541931609709,-0.3132563102418879,0.14927893046186874,0.911913699771581,0.6841875
SE0009888738,0.11579698895420369,0.20955077304129568,-0.18908978515406333,0.09883093637958655,0.4746489858567247,0.70475
GB00B0130H42,0.5492127093074956,0.34797758785062244,0.06696045400817355,0.5151335848570422,1.137585831995303,0.9713125
NO0010863285,0.1882760618752565,0.20389468968248667,-0.1132018981354954,0.17203560128521483,0.5461697544314525,0.835
CH0276837694,0.041077051686891936,0.2431275989195489,-0.303200999741871,0.015494827743965506,0.4738000924080327,0.5285625
DE0007551509,0.6710501227354273,0.48651422554849466,0.009852221157270944,0.6113642773740317,1.539074775301936,0.9525
GB00B1YPC344,0.2287064430751189,0.21555524469546533,-0.0891035303862371,0.2089983946212471,0.6060673652135845,0.8740625
GB00BTQLZH16,0.6536766663596458,0.8194942542945737,-0.16767910500090397,0.5384426437733907,1.8169922209013962,0.8824375
NO0003097503,0.05235832784355961,0.291284208192244,-0.34530129367356455,0.011854968429976478,0.5808895776717417,0.5184375
FI4000592159,0.12212588702938085,0.26227209651183975,-0.24291737664982535,0.09169618061559892,0.5862025493724088,0.6596875
SE0000805426,0.23605330697305885,0.505603919238079,-0.37681873035897256,0.14779909263085328,1.133900180761135,0.6536875
GRS541003000,0.43488602441990803,0.42111653236395996,-0.12978089876439614,0.37743966610131297,1.188263479167728,0.88325
BMG022411000,0.6673799824568344,0.4419937023404206,0.0658319569992165,0.6174121691898707,1.4390029267722857,0.968875
SE0021921327,0.25592479566164095,0.35325281965359895,-0.2272448791025755,0.20961416631826643,0.8861916642571374,0.7725625
DE000A420ZL4,0.3357273564907085,0.5566605900171291,-0.3279596355843949,0.2378423721817201,1.3106472272713474,0.7339375
NO0010014632,0.4513567233105085,0.47693570833373183,-0.16242009787891395,0.3811012960117476,1.3005512996350372,0.865625
NO0010405780,0.4122495975323837,0.509706749281214,-0.1792682684073303,0.34590044072710624,1.194069718367566,0.8506875
FI0009007728,0.3025669172620426,0.5366973784819113,-0.34460287216792906,0.21039705033350992,1.263749320144097,0.7100625
BG1100007126,1.7630547405377743,1.1390814101843443,0.36988327508251095,1.5600597377374033,3.808855060804033,0.9890625
DK0060634707,0.12578893743396577,0.12638659951739256,-0.06867870870527783,0.1196583572287202,0.3412796230353285,0.8596875
NO0011002651,0.2746654056192818,0.509131429269313,-0.35359290827629697,0.1887221922913686,1.1850664661359884,0.6980625
FR0000053381,0.14803756104204893,0.21049306589597128,-0.16472803891790525,0.13196614187770284,0.5109409192000269,0.7666875
NO0011013765,0.4933850241268119,0.3793114181986382,-0.03763183828320494,0.4495699635396143,1.1738354530329131,0.9339375
CH1110760852,0.08385901713452659,0.19565622455388187,-0.2015672719195418,0.0673339658067313,0.42519057847438535,0.6505
IM00B5VQMV65,0.5422463576741784,0.1676392509132626,0.28618905579835013,0.5349163087421206,0.8264172371761624,0.9991875
DE000BCK2223,0.3993029209855259,0.22171343914100472,0.07717228337605356,0.383113191654773,0.7811313903037913,0.9818125
BMG0670A1099,0.2771454585928282,0.17743018641032665,0.013885357866168463,0.2654822222872631,0.5837573366170277,0.957625
DE0007276503,0.5166012840960152,0.3955184568787252,-0.034012766377525906,0.46834605437353827,1.217626134295113,0.9355
DK0060952919,0.2726466759564782,0.19215093303796302,-0.013472869927259773,0.25733125871368634,0.6104689894413259,0.9411875
NO0003921009,0.27789079761897106,0.2710504951051346,-0.11626694588825864,0.2512613993913262,0.761813925881001,0.866375
DE000A0ETBQ4,0.3040370512728368,0.31720294530526416,-0.13945160796155964,0.26523541307636345,0.8719107028757231,0.856875
PLSNZKA00033,-0.048759874701215095,0.2761201666630741,-0.42013035990783915,-0.08231192259768791,0.4318702141323267,0.3671875
NO0010856511,0.5296493521983352,0.30853717838239875,0.0826693375512278,0.4994232956999487,1.0663935647775318,0.975375
DE000A0JBPG2,0.3374820428103433,0.3145731739147682,-0.11082518789857208,0.30375185528680204,0.8870211138589507,0.8875625
DE0005403901,0.47676029834182,0.25863513182371634,0.09610219633702075,0.4573868457131137,0.9220916850184294,0.9813125
NO0010840507,0.2573708935050389,0.32620783847524865,-0.19393796543458572,0.2200441537492192,0.8367865903454356,0.8006875
NL0013654809,0.21664483469885834,0.20449910176054548,-0.08613200949712808,0.2022010963633507,0.5666375358702397,0.8735625
ES0142090317,0.35671449746118855,0.32979362920400856,-0.10829164936967775,0.3207725754775472,0.9442546105547761,0.884625
FR0004155000,0.361627765538408,0.555104409878502,-0.32213737134356324,0.2711773226874551,1.347678282501469,0.7479375
GB0000667013,0.250101867038924,0.25274990606997316,-0.0486435357250588,0.23365144789503672,0.6042413914573562,0.912
PLFERRO00016,-0.00918223428790426,0.2741681955849475,-0.3797704678630867,-0.04469941985736893,0.48621094054239933,0.429125
NL0012294474,-0.04516540438436153,0.19405302023782747,-0.32168693861018316,-0.06277045924480698,0.2911574238464042,0.3576875
GB00BJQTGV64,0.8522404708791351,0.359120355046308,0.33400188995205976,0.8185580693337122,1.4770144545660278,0.9975625
NO0005806802,0.05445539016465313,0.32795951431590536,-0.38037265507668605,0.0069325176520786255,0.644018386959959,0.5100625
PLBCLTX00019,0.3221547366753217,0.5141125937847065,-0.323996316200723,0.23421541798592432,1.2489798513478114,0.72925
DK0010253921,0.418145747128591,9.235241992692059,-0.12270073931322285,0.283248344427078,0.8706762022690172,0.869125
GB00BMBWCV32,0.602424826929203,0.6692022128697979,-0.20851673170893134,0.49075553095110025,1.7890837122488052,0.858625
DE000A3H2200,-0.06490518331277993,0.19112458913299174,-0.3405072156445662,-0.08277548051559341,0.27530197854249727,0.3193125
DE0007568578,0.400418390105677,0.27253109428513317,0.003699758563087718,0.3772129606425261,0.8800122692481386,0.9515625
FI0009900401,0.11735272400159258,0.3447552296518031,-0.33751016884311535,0.07021278049297996,0.7283523882298371,0.601
GB00B2NDK765,0.4029576276696038,0.25807072903396006,0.0252274648484341,0.38066115681678414,0.8535959042492132,0.9615625
IT0005453748,0.6498653122213266,0.4949954664530727,-0.01025735459924993,0.5842554512449049,1.532664646426971,0.9466875
KYG812291253,0.3662591607845177,0.28093636084725504,-0.03405317386399265,0.339716130293147,0.8512145767797834,0.931125
FR0011716265,1.0242855520977272,0.5947611838786196,0.2198559005585932,0.9469545344483767,2.0957809917420906,0.9859375
DE000A0Z23Q5,0.7740867634626009,0.4100118662066505,0.20474941349733583,0.7332672224849185,1.4830161692905648,0.9908125
GRS404003006,0.407222373132207,0.5739523174649444,-0.29856328477780103,0.3083887266272074,1.4293639754916005,0.775
FI4000292438,0.1152097970062301,0.31680744510766723,-0.25968186111917985,0.08200177537677987,0.5966784237784595,0.6373125
DE000STRA555,0.48165522482211454,0.3333068766759952,0.012128835917064668,0.44780616778068794,1.0861245462903713,0.95525
DK0060124691,0.2671461532110799,0.5124606325706822,-0.37483862491702136,0.1797926976869766,1.2147334054734797,0.6811875
DE000A2E4T77,0.17304929949521852,0.39517791638578276,-0.3468150113061649,0.11571723731173036,0.8827301763750577,0.6453125
GB00BG5NDX91,0.7548548678426561,0.5210696793770792,0.051207463323809335,0.6889111234949725,1.6955062410573176,0.9625625
DE000A2GS633,0.4514802329650854,0.3507166012424306,-0.04121703831214509,0.4113941444565462,1.0720887308898144,0.932
NO0013683821,0.648858569570233,0.5431174496764787,-0.03805125930035491,0.5741543591986444,1.5743483565608707,0.9365625
FI4000512678,0.547970278978686,0.44897003149355214,-0.06171791079538673,0.4836254973914276,1.3667616836432603,0.9260625
DE0005203947,0.7206790700400879,0.4947108894338002,0.05260788035564597,0.6537490825839207,1.6114855705890627,0.9643125
FI4000602172,0.14534054786661835,0.47671909644990623,-0.42009968499575173,0.06598079343687034,0.9642161956688805,0.57075
CH0011432447,0.48794152433690713,0.38717484905231025,-0.049226326120794715,0.4404415579835397,1.187622296223575,0.929625
DK0060448595,0.1557805566180303,0.11318084191894888,-0.016543193256913717,0.1497474387372591,0.3481960458041822,0.93075
GB00BD2B4L05,1.474637700096293,0.9834829209144476,0.2609356262103109,1.304342955548253,3.2398458279435234,0.985375
NO0003054108,0.2931066753051506,0.17079149485830972,0.03288473516258611,0.28263188722308313,0.5824904141685647,0.969875
DE0007493991,0.4509195503613563,0.23538130069037913,0.10536743661786452,0.43141854381676564,0.8607688231216443,0.984
BE0003820371,0.6435509026390119,0.32227080449485673,0.17568928987995222,0.613411586717967,1.198110485428114,0.991125
GB00BNVVHD43,0.5496343897627763,0.26015995702829847,0.1648551031437587,0.529083007498645,1.0034508261352557,0.989875
NL0012817175,0.009175688367166342,0.16081356183515316,-0.22963051280403546,-0.003522004504537147,0.2872066194363333,0.491625
NO0012851874,0.3142470292600298,0.22156581568524011,-0.011882952926236338,0.2961074964424285,0.7119468700557681,0.94325
CH0030170408,0.07008478107757904,0.11468166321190687,-0.10356473715334713,0.06308644597011429,0.2675058165224633,0.731125
DK0010181759,0.14117810347891557,0.10696843570210914,-0.025874510261149675,0.1376470633255436,0.32286635232035793,0.918
CH1175448666,0.233059663590224,0.12761455337453945,0.03730254543732299,0.22579527155430656,0.45437669987830637,0.9749375
PLKGHM000017,0.06251054074519603,0.1524219282568295,-0.16707077568771497,0.052042736479548615,0.3299889422968538,0.6513125
CH1111227810,0.16469467166368718,0.2628762530445816,-0.1995084461873638,0.1351210921506738,0.6351095501106768,0.734125
HU0000164504,0.5538687722814635,0.6662669344974134,-0.2304054645724765,0.4404090666494127,1.6701328043718164,0.848
CH0030380734,0.45156827145467776,0.3414281472320836,-0.02183078901780359,0.4102830879358374,1.0669270187252244,0.939625
SE0010100958,0.21323461208330083,0.372012443975346,-0.2503575182817982,0.16609950487673775,0.8113602546013804,0.7359375
BMG671801022,0.3661800820434432,0.28048925375472883,-0.036322453638599504,0.3385623536677389,0.8651606583395192,0.928625
SI0031102153,-0.09203535310299839,0.2855543689038146,-0.4565652959634428,-0.12856369312401578,0.38882638427097943,0.2993125
CH1261338102,0.06264930466397614,0.29450184835352755,-0.3392040726266088,0.02522293033523791,0.5966651105424062,0.5393125
GB00BNKT5L33,0.10802236192711237,0.3094717647082277,-0.3067698504950644,0.06859272089331023,0.6574811499553637,0.606375
NO0010734338,0.2717758543382449,0.3910479317121622,-0.24961984789438674,0.21651926762271922,0.9602659101054251,0.7639375
GB00B647W791,0.8401922891228744,0.6950921961106306,-0.047789994520078066,0.7295622181900617,2.1132845134978466,0.9365625
GB0005518872,0.48801299437365686,0.48650894282736695,-0.13231268952521164,0.41618350245260316,1.3368187111958354,0.8865
NO0010917719,0.6747088059128116,0.7152716045013529,-0.21570766171781888,0.5493639036962124,2.0050180954674346,0.8644375
GB00B18P5K83,0.39584615103830995,0.33647516618901846,-0.0743540420451857,0.35659865213291564,0.9905405537647466,0.9090625
CH0012829898,0.21917103362577148,0.2080456602533256,-0.09095685792453881,0.20309443080934023,0.5835659758638575,0.8725
SE0017084361,0.21496062927865925,0.31700969866678536,-0.21754620158411375,0.17649125958145417,0.7822139546787531,0.7539375
SE0009414576,0.24980492504540175,0.3632573758201746,-0.24043802602668315,0.20078936865928487,0.8991027557928984,0.75475
GB00BGBN7C04,0.23751174514541237,0.15505119680429386,0.0007881149053288551,0.228112701291043,0.5034076268658574,0.950375
SI0031101346,-0.2071109943280518,0.3211846420932156,-0.6033785982980447,-0.2654259085283357,0.3862184551221768,0.1985625
NO0011002586,0.32233334350423193,0.27066573446282416,-0.06835937870550828,0.29438773294942366,0.8107170593000171,0.907125
PLOPNPL00013,0.3003303176883713,0.5345829991513447,-0.346487551721311,0.21041938579108393,1.247881177977202,0.705625
NO0010892094,0.6370874304461419,0.29201774510364586,0.21412154921645268,0.610056925173508,1.1461640950540286,0.994875
FI4000283130,0.7800151660505037,0.5150791863389047,0.08480627412981491,0.7137295587528306,1.6951894847953508,0.9718125
FI4000480504,0.21928880508859994,0.39164239115623306,-0.29304277395969264,0.1614592059672894,0.904423776163305,0.705625
GB00BMBK7016,0.8459670900027094,0.627139301935071,0.042870816445158326,0.7545689460341082,1.9520418921003568,0.961125
SE0013512464,0.3602801713486048,0.5852713396109973,-0.32214886977317286,0.2605558600998028,1.3540725506563247,0.7415625
CH0130293662,0.18620430373533128,0.2211922193533155,-0.13252759356911967,0.1668368452021859,0.5677496726985554,0.8154375
PLPCCRK00076,0.3956691052688979,0.40876089905671575,-0.15273417138815482,0.3429798817495493,1.1316942511116912,0.86625
DK0063855168,0.23973052426444075,0.13433966116773094,0.033991708981705185,0.232452343146054,0.47020478247662273,0.9704375
AT00000VIE62,0.11519788266975453,0.22058231943901377,-0.20912659188015062,0.09565705630445678,0.49835346420519394,0.68975
AT0000A3FW25,0.4670722916843685,0.442393199498241,-0.11263387267217723,0.4046245814099746,1.2520262251483267,0.8940625
NO0010073489,0.27904771559916997,0.19492098546250572,-0.011955941282466387,0.2628149455014279,0.6219751527186195,0.94225
DE000PFSE212,0.49440513705078454,0.38058352849771016,-0.03095803767491858,0.4462970728142184,1.1648001891926043,0.9385
CH0023868554,0.19937090652526326,0.2491112371863399,-0.1574637125436537,0.17469558655107176,0.642587665132815,0.8026875
GB00BP6S8Z30,0.6004097128613627,0.24891309196683123,0.24280627552062825,0.5812370156001178,1.0186067952298414,0.9966875
NO0010815673,-0.08664032129728773,0.22719716501327142,-0.4027778441043561,-0.11254981537045101,0.311532937773262,0.2945625
CH0406705126,0.3194755938590452,0.28535923484806236,-0.08758633832688002,0.29044397433625,0.8348584060357791,0.8938125
DK0061804770,0.15696096480598815,0.15619867985037317,-0.07841390006398542,0.146589260939406,0.4289354601000335,0.8589375
GB00BPJHV584,0.18689034157363243,0.34922963266750057,-0.13487066057422606,0.1642405895393747,0.5651767108899626,0.8133125
NO0010078850,0.3095864355497124,0.39627154008712123,-0.2150978325231611,0.2540461854604591,1.0234948898721494,0.7965
SE0011090018,0.14379116698790376,0.1667000348067053,-0.10671112640792059,0.13266892038385258,0.4384467611306114,0.818
SE0022725743,0.77701985672526,0.7185751819434314,-0.11337751286572025,0.6499956321786655,2.084981192961758,0.9134375
DK0010234467,0.1697580781676658,0.14930990043205566,-0.05573091498115069,0.1609804075312482,0.42519254790383865,0.888375
CH1386220409,0.2175207677244478,0.16251279539725272,-0.027447532553205048,0.20646018277296832,0.5008415724919851,0.92875
AT00000FACC2,0.1501369604360558,0.24554118029557334,-0.19748351573800113,0.12330084969602668,0.5833560991366847,0.7258125
CZ1008000310,0.06225579113036609,0.27223121797491395,-0.30896295065207313,0.02810154957704524,0.5379924839996991,0.549875
NO0010894231,0.4933699068898703,0.3393813343281387,0.015854468282504152,0.454639371981992,1.081166585375505,0.954875
CH0042615283,0.09890361106504916,0.18508568653751528,-0.17875611469432906,0.0852248826447575,0.42410688517246653,0.700125
NO0010360266,0.3570001289900771,0.336977860285392,-0.1051092685829578,0.31749855726119214,0.9540732389558005,0.8849375
SE0014428512,0.875699306597405,0.5320719920715081,0.16091531157569375,0.8087996690181817,1.8207557068838667,0.9825625
PLCFRPT00013,-0.06415851086733555,0.14764262719662424,-0.2863746742489106,-0.07439378091637222,0.1922967951792576,0.2938125
LU2290523658,0.9740882869931476,0.49524885203301255,0.28397801578269,0.9164500759035067,1.8646341299197375,0.9948125
NO0003096208,0.2834079629633195,0.197161941868366,-0.01599132164475566,0.2700151361659393,0.6286615742817895,0.9398125
GB0003452173,0.39121057462177933,0.31162712810317744,-0.05494490556161498,0.35981125382926893,0.9429795403462,0.92075
PLCNTSL00014,-0.0006535827753371528,0.4187256306355928,-0.4970968691383528,-0.07259563880966671,0.7337518807996507,0.4125
SE0009663826,0.345008256423225,0.382196797857482,-0.1705862480359616,0.2956096928294349,1.0279746180949119,0.8371875
BMG730931091,0.4511102797640731,0.32506241215597553,-0.011499432699019131,0.41708876513574755,1.03660555567891,0.94575
DE0007314007,0.6640973247088051,0.4899280472957356,0.02188666879333252,0.6033438945880917,1.5079013791665516,0.9574375
SE0022088217,0.5201278730722575,0.6274896255999391,-0.24216119913835454,0.41844559455655067,1.609290462123749,0.82625
NO0010890965,0.15125132591691068,0.29083448812655255,-0.2536341894856431,0.11787365930278877,0.6658769160574465,0.6885
BMG6682J1036,0.5401646957113235,0.42718346578054944,-0.04117047514273166,0.4851197010470852,1.295330979216649,0.9338125
NO0010713936,0.27484293453953684,0.3278852459875427,-0.17991083219588044,0.23673003375553162,0.8526502476751885,0.8145625
NO0013711739,0.9672706834531253,0.6504901671251286,0.14102544718112697,0.8693795328091195,2.0965636186514396,0.979
NO0010911902,0.11656836261531305,0.3418922945858735,-0.33647041363785796,0.07070840324956534,0.718912360878801,0.6028125
NO0003399909,0.14831227417642998,0.23361008042656764,-0.1887521075098342,0.12426948460421944,0.5621670548475155,0.738875
NO0010597883,0.014860813945284795,0.40365314198243585,-0.4886491827539813,-0.05596440039560062,0.7399243310776493,0.4333125
NO0010876642,0.12643286604460208,0.3319708230035752,-0.32694618234252165,0.08338722017976621,0.7189244341848741,0.6191875
NO0010895782,0.6588291429726155,0.3585929495032847,0.14843865198525938,0.62172929461933,1.3008576330364652,0.9855
NO0010159684,0.45661690306946606,0.4141363097087153,-0.1057687494868959,0.4015901400211457,1.2000520855464485,0.8993125
PLAPATR00018,0.32439395430993867,0.5399287993937083,-0.3429856648729288,0.23468643710306725,1.2849239614539794,0.72975
SE0000950982,0.06857568292867262,0.29117179235829377,-0.322967389545205,0.03046080689885511,0.5883564569527762,0.551375
DK0060336014,0.2602010231228506,0.13504715954564986,0.052319921964229105,0.2518517953538527,0.49495213073216293,0.981375
PLDINPL00011,0.21670019745326471,0.14677652830704102,-0.007511410957751051,0.20721667890298362,0.47461026824920616,0.9430625
DE0005470306,0.558179469362783,0.2147073551333089,0.23439335828769398,0.5431024083803394,0.9281448031519991,0.9986875
DK0010272632,0.362174438903215,0.17292970779214714,0.0958769502618817,0.35354861720639363,0.656189733380967,0.987625
AT0000938204,0.1499580065220218,0.2674700977990915,-0.2273299957118719,0.11852158411724031,0.6331585617131661,0.6991875
NO0010861990,0.33999277359714497,0.5335377441289566,-0.3339070982934702,0.24796459318680347,1.3270063003731989,0.7356875
SE0012323715,0.6333120602224374,0.6847760522688818,0.033333645625126335,0.5746219481541059,1.412950864122294,0.9604375
GB00BL6NGV24,0.20886841214398744,0.24478608529166865,-0.14381586950180036,0.18506898584338,0.6428631601996023,0.8151875
DK0062266474,0.34762435816912945,0.4230938414283806,-0.2173177004262132,0.29006632005062566,1.1072157503769522,0.8125625
DE000A0XYG76,0.570208861429757,0.49217958300687514,-0.08743324263181186,0.5034391099068958,1.4346665985860496,0.91825
SE0010520106,0.37380352917397347,0.567115860512431,-0.3168032958406085,0.27906220349949273,1.3663765011399593,0.7525625
NL0015002IE0,2.5190754502379114,9.037423802644081,-0.6680435628448601,0.925432213934041,9.763631396929364,0.744125
NO0003733800,0.06308113759714726,0.18491764887235135,-0.20830603653402635,0.04721204584379606,0.39144978208897013,0.6204375
DK0061802139,0.2495687829027546,0.2493954794636645,-0.11037894004308335,0.22665723115132352,0.6880758407934549,0.862625
PLBNFTS00018,0.01674944300838879,0.16690616004582517,-0.23245838697308188,0.003807522354588046,0.30776589873384363,0.511125
NO0011082075,-0.030589091726843893,0.20936341632746408,-0.33313474928426023,-0.0508624950673878,0.34509642027986137,0.3951875
DK0061027356,0.2390603921623404,0.5105836246472708,-0.3713335274406603,0.15033192226560957,1.1478183928879906,0.6575
SE0000201253,0.25597615497202086,0.5135119162515688,-0.36883713798181567,0.166816114847734,1.1737934776681744,0.66925
DK0060952240,0.3251583504843178,0.3002349958181888,-0.09818162388004632,0.2916952296432586,0.8521683730993835,0.8840625
FI0009014708,0.382953915573916,0.5543325938227291,-0.30362122050411533,0.2910565311617783,1.3777174898967686,0.7678125
AT0000946652,0.3421486354681519,0.2744022407665968,-0.04671373727490706,0.3136107740137011,0.8262091446851327,0.9215625
GB00BH3X7Y70,1.2166531460208676,0.8811697000090688,0.11433267815890356,1.0725303690058143,2.800217430070936,0.970875
NO0010743545,0.26291368464638104,0.2462418265798031,-0.0880763015225241,0.23738143547222385,0.6914260376300269,0.880375
BE0974380124,0.5772923571069524,1.41540496505142,-0.21341824018574182,0.45887633404082984,1.6957049531055548,0.8594375
CH0530235594,0.5362755987578867,0.5620914502942895,-0.16356678701456734,0.4474631334141682,1.5206422641331867,0.8758125
GB00BYYJL418,0.39642759743325545,0.29089046050642675,-0.013730436467207414,0.3664675005181392,0.909383152219828,0.942875
DK0060030286,0.24782155786638796,0.5029764904563988,-0.37364756739188715,0.1640528773205458,1.1468250560601547,0.6664375
CH0024666528,0.03434163442644035,0.2603665937577145,-0.32229735921348174,0.0028024022152862292,0.4937571522575165,0.504375
NO0012555459,0.24206285977100195,0.24134844388483903,-0.10915421917034607,0.22246071261799294,0.6637957883423566,0.8620625
IT0003895668,0.17233901795468962,0.3456295993600678,-0.28787757053112156,0.1268885846358186,0.7804985189346755,0.67675
NO0010564701,0.42631556787315666,0.28046181500636136,0.01743754603075733,0.40035761768001116,0.9121754742727347,0.957125
DE000A2G8ZX8,0.5906249601103195,0.6600925786481747,-0.2009896094669374,0.47850996582126426,1.7455342031776124,0.8593125
BE0003789063,0.40703858325939546,0.4268545830995772,-0.1696707116630303,0.3507923100273289,1.1783488329524576,0.858125
IT0005607715,0.0463377260232749,0.42161861462327893,-0.4768430656768547,-0.024882146914353486,0.8171112338781077,0.47225
SE0015195771,0.4047759402018337,0.35257674170810577,-0.096744310293767,0.3658992136822438,1.0392019683394824,0.8996875
SE0008241491,0.3856192577732784,0.5021696648970321,-0.24785860327253748,0.30386189990171975,1.2697176789772096,0.801125
GB0030181522,0.5790217038270166,0.4785842048674733,-0.06270430836380039,0.5159972958817365,1.4406846439068264,0.9250625
GB00BJJPX768,0.25604551524899305,0.4989094401379395,-0.3662431005531033,0.16955557043349231,1.1461971927879226,0.6791875
NO0010715394,0.5226251195990267,0.6131982284826053,-0.2467923608500692,0.4212921396896583,1.6480102416647975,0.8325625
DK0060915478,0.41862500494839616,0.4439694994988209,-0.15656363517905433,0.36425707189002543,1.1728567583893768,0.8618125
GB0006094303,0.05342231548119686,0.43333308429266926,-0.47496413313522484,-0.02265353034803009,0.8182722779808769,0.4735
GB00BV0VHK88,0.48529677467332116,0.2927594488476389,0.06378139438949683,0.45681231044684123,1.0066291028370538,0.97375
PLVSTLA00011,0.1438225533434162,0.3234202333691173,-0.2915753596900245,0.09792771516301962,0.7338567673547434,0.6470625
FI4000586409,0.15738406442386094,0.2972781425866517,-0.2298009376501639,0.1242820829170023,0.6540245468631025,0.7090625
BMG6716L1081,0.40612197308109066,0.28551004873078406,-0.00017344556108874913,0.3747944218536063,0.92397505114974,0.9499375
SE0020181014,1.2069604896045292,1.1765037650717938,-0.13701342761204,0.9692212226030212,3.3149979024395475,0.9185
SE0015556873,0.24235212954756663,0.3033431784214071,-0.168118690870992,0.202701787448665,0.7757109917712874,0.803625
DK0011048619,0.6626459516139285,0.6885274282693702,-0.16990303912412597,0.5406471870277391,1.8810716678627906,0.8815625
NO0003049405,0.27888053868237617,0.4334473559019222,-0.28096521471118785,0.21317052538677025,1.0556650395256848,0.7459375
BE0974386188,0.5176374652000502,4.457661742377242,-0.14311662268595168,0.40048538234673026,1.268961876615777,0.87825
SE0015988019,0.21533750373520774,0.15616396377884223,-0.021573715141486993,0.20614012654816505,0.48288405095639647,0.9323125
PLBUDMX00013,-0.0016719143141542623,0.17831265181647557,-0.25839328114269605,-0.016512017255390928,0.3040739678459907,0.4568125
NO0010715139,0.4580106205409909,0.2254955308628888,0.12603912849718224,0.4388052264607258,0.8473580635546758,0.988125
NO0003572802,0.28082952177956494,0.3595890384508224,-0.18355801739089725,0.23993700956732658,0.8650564618687623,0.8154375
DE000A0KPPR7,0.35846140554316697,0.3894593789332743,-0.1639394792579873,0.30836903858094034,1.0433498095869915,0.847625
VGG2423W1077,0.723607827014307,0.480745495280508,0.07029755136478805,0.6612446478265499,1.5761117737102353,0.969625
SE0015658364,0.4917625637269457,0.4897405421966448,-0.14771944857912855,0.427803689463352,1.344847769072605,0.88225
NL0000238145,0.7003963079578115,0.6892206524834,-0.1486403199171589,0.5771063254349701,1.9707573164353356,0.892
CH1429326825,0.4083698510956908,0.1896344536165773,0.11976241080872206,0.39655536294062976,0.7322706675004036,0.990375
GB00BM4NR742,0.6028353474034648,0.3924861240120821,0.052465732813194804,0.5601456106683962,1.302164875914271,0.966625
DK0015998017,0.47679679309496,0.30444089068657,0.03769975918036963,0.4474319934016442,1.0230286015790502,0.964375
SE0016829709,0.3645750304538747,0.33857108709276484,-0.1075142927401714,0.32877303099278393,0.9638893755435819,0.88825
RO249YW1FZP5,0.6188656394562995,0.7107437017807351,-0.19904877677656674,0.49491657180741144,1.8310749708602456,0.868125
SE0003815604,0.6245708450961382,0.718154735361471,-0.20677268043929706,0.4987749358681096,1.8535503897128844,0.86225
SE0027767849,0.2883735846405582,0.528237189052149,-0.35366596244189713,0.2031820226933106,1.225030744475425,0.6995625
FI0009003503,0.027449132749509834,0.41753340742531164,-0.4887372399731491,-0.0412829538548884,0.7670364849683586,0.4503125
SE0011167725,0.2774347178978461,0.5515831426183396,-0.378786614575636,0.1796283537143462,1.2443009513749437,0.6793125
PLTSQGM00016,0.12488398107610711,0.24544072140455123,-0.2176557478529135,0.10003596373460101,0.5466075975800511,0.6859375
FI4000348909,0.011602674625457858,0.43254676383385426,-0.4964383963485197,-0.05991446935463163,0.7522478860139094,0.432
NO0010310956,0.12275065234450093,0.146329592417549,-0.09837598508533012,0.11296838563254419,0.3709158122524077,0.81425
NO0010833262,0.31181771417756987,0.260811384087013,-0.06656194028214821,0.2863575575340145,0.7725956070937892,0.9076875
GB0001826634,0.11733904384604342,0.11801815666684612,-0.06558048078315905,0.11121639673028075,0.320499190877057,0.8565
CH0039821084,0.3019474797778861,0.5247494443772062,-0.35330871532055363,0.21240313952370493,1.2610960299937335,0.710875
SE0016275069,0.1312286324001052,0.31825183320770456,-0.3034160267379056,0.09121576062633821,0.698600533284021,0.6358125
GB0004478896,0.16792742812718506,0.16426495343734915,-0.08282290171714136,0.15755605995971395,0.44789046157114326,0.8629375
GB00BWPD4D87,0.4038801493465737,0.4009617055376276,-0.12266199573854666,0.3510788816179361,1.1195073913315579,0.8790625
PLSTLSK00016,0.06523772789322732,0.4197843006792535,-0.46733777877506205,-0.004238013940125303,0.832807538283188,0.4945
FI0009007546,0.4130473139702903,0.5651710059996486,-0.292721597184179,0.3177010080853998,1.4335942133774278,0.7803125
SE0009806284,0.5874938739332763,0.5555077209924202,-0.12395220681006051,0.5030790233953438,1.5678438079783494,0.89625
DK0061412772,0.415381571362818,0.261250378312979,0.03277877544644226,0.39138294200104545,0.8801420867825803,0.964
GB0008794710,0.8480810546511605,0.42503228639886115,0.2522299449276251,0.802156346314613,1.5974227560726981,0.993125
DE000A40QVM8,1.0329846543920238,0.7083040727420308,0.14608188058739743,0.9285161345092502,2.2585198311229493,0.9775625
BMG4209G2077,0.4172967440482886,0.2917465796757945,-0.007834455347467628,0.38821856542051003,0.9343264090213165,0.946875
DK0060520450,0.27110160563783686,0.4632295826555402,-0.3271628745183957,0.2009124139669657,1.1052611623880584,0.7105
GB00BK63S759,0.6942103084868022,0.49167611744015266,0.016367000139521203,0.6356067181971714,1.5711256428503064,0.9545625
AT0000A325L0,-0.054391976467847075,0.23863759331773943,-0.3866166221838033,-0.08164648564579301,0.3761159426199212,0.353125
GB0003287249,0.7079061274512812,0.7019674933858383,-0.13901335061046013,0.5824572630856054,1.9671126529162257,0.8989375
SE0025159023,0.1045500976427147,0.46170095210237966,-0.44648546705503755,0.023160494240781707,0.9270989033892348,0.526625
NO0010791353,0.10435687391432613,0.3199738178616205,-0.33784790813752097,0.062478791108396256,0.677053374562534,0.589875
SE0002480442,0.5069219572490875,0.6008365989439503,-0.24596702830179823,0.403534617505794,1.590796481687554,0.8275
GB00BDT89C08,0.7460361389377462,0.6987440650052185,-0.12773691232957177,0.6236746585734303,2.0185362284285624,0.9085625
NO0010724701,0.33341231121587706,0.3981128252163774,-0.20188639691406454,0.2777646733747299,1.0403948760628932,0.8200625
SE0001338039,0.16540561502102602,0.4649023123971542,-0.41599310672643613,0.08517097245978936,1.0174679533334923,0.5945625
SE0009268279,0.3146585395114977,0.39471806393767195,-0.209615085183313,0.2605007636179013,1.0372719104257364,0.800625
FR0000130452,0.36438552605176594,0.1444921445780297,0.1414583983885564,0.3571180965452314,0.61362945359951,0.995625
GRS426003000,-0.055122755203162635,0.1641738133209437,-0.2936355217298305,-0.06807495450547876,0.23133487658358715,0.3270625
DK0060946788,0.2988150583527405,0.22766411145655882,-0.03318437423755603,0.27941607458559065,0.6942414510750203,0.929125
BG1100005153,0.3335062704209431,0.5718386577838477,-0.33886669270539593,0.2380892008168889,1.3174645167572325,0.721625
FR0010929125,0.44050707667368133,0.23544589867673546,0.0895898026364565,0.42219110583539243,0.8552633861165503,0.981
SE0008348304,0.4504419661083816,0.5743743972756928,-0.26451800840376805,0.35385605689312694,1.5013104814291545,0.8065625
GB00BD0NVK62,0.41310906113578527,0.21872417949647216,0.08504637099951717,0.3955674061097927,0.7949688532973269,0.9805
CY0101162119,0.44585450108066105,0.3514192990420744,-0.04232181119203691,0.40590490337924723,1.0672093941093101,0.929625
NO0013597419,0.29145023053288066,0.26580036235866766,-0.09174991433134294,0.2634723859320549,0.7700615517239502,0.8883125
DK0060696300,0.039927170143937075,0.2914801420952761,-0.35875781904025206,0.0052484962067313404,0.5592059422614297,0.5085
DK0064982565,1.5549143089263069,0.6017435152375951,0.7082972982372396,1.4856749654399728,2.6253253073256158,0.9998125
GB00BZ3CNK81,-0.014800696210460464,0.2078378252696046,-0.3116762300177364,-0.036526868402769946,0.35001267770205585,0.42225
CH0002178181,0.12664102502961824,0.17244235064318258,-0.13385268945134343,0.11427593732778946,0.4251132512036944,0.7804375
NL0000852531,0.2811912864767752,0.30848916753934397,-0.14177835030906744,0.24461753018167898,0.8327086131161102,0.8431875
DK0060700516,0.3382583062117341,0.30704585397383,-0.10057189915632173,0.3071927942576149,0.8834344573401337,0.8886875
NL0015000D50,0.0770751704274505,0.2656279204072885,-0.2944176449358743,0.04655654380026909,0.5612291125016264,0.5809375
CH0496451508,0.17491180240519777,0.17040812785476378,-0.08083643592588438,0.16416954968606776,0.4743270160972541,0.8626875
NO0013750893,0.5867980812547753,0.6316473583355341,-0.20434833638669275,0.4746622190351767,1.7444018999603543,0.857875
NO0010187032,0.29575895207608877,0.35690724954600755,-0.1863836194805321,0.25055942337293546,0.9105192732464334,0.8160625
NO0010714785,0.6206964493081045,0.535538913871586,-0.07058313519475522,0.5427366936901328,1.5613061093495344,0.9245
CH1173567111,0.38746193490012815,0.42258883496544564,-0.175231283199358,0.3294901462610247,1.1350374758628845,0.8468125
SE0008241558,0.5498653577682919,0.6366771456201358,-0.22836826076611327,0.4369543007588639,1.7067655125545929,0.8460625
BE0003755692,0.5337297102807913,0.843236190033346,-0.3769519337758222,0.3615003266502821,1.9968331983429501,0.753125
AT0000741053,0.22660853824781266,0.25714997272988005,-0.14184426028677782,0.20121780134800815,0.6874271104905396,0.8286875
BE0003816338,0.03906452398602983,0.20091329763519494,-0.24805267147883817,0.019503238455202278,0.394426242935483,0.54475
PLSOFTB00016,-0.13242227418045047,0.14900750412860594,-0.3507069075419861,-0.14519021468893323,0.13117013472570693,0.1643125
BE0974274061,0.26535561638569516,0.24867437721605673,-0.09547926217025093,0.24152589521003548,0.712788771759993,0.879125
PLAB00000019,0.2789597787722333,0.2948619838004241,-0.1369601224688225,0.24709595595559739,0.791673417395332,0.850375
FI4000153309,1.498471550859269,0.9839868571895476,0.2548588952414972,1.3362321494877798,3.298775446535318,0.986125
US36467X2062,0.5764889036140498,0.7101112564912408,-0.2801460993353289,0.4458579383000947,1.8760689136793982,0.8171875
SE0010133785,-0.527698497327515,0.20994935075905935,-0.7635379546065728,-0.5609686404745442,-0.17794436637498742,0.0179375
PL11BTS00015,0.25966870726898494,0.2792676151765522,-0.13593686691409293,0.22934248639569157,0.750461955591855,0.8433125
CH0012268360,0.03282290957867857,0.2982652079099036,-0.3763437480083166,-0.006031934445625877,0.5723995026978628,0.4918125
SE0000163628,0.22790096973948604,0.17074967858698797,-0.028439191197365866,0.21516815436021047,0.5152462442076178,0.9258125
SE0016609499,0.2175104705945031,0.22203111614314244,-0.10389483985707111,0.19693328241518615,0.6020726682255236,0.856125
PTMEN0AE0005,0.4728444701105247,0.38289315311404526,-0.0577963851436809,0.42758852049319784,1.1573395384545397,0.92375
ROELECACNOR5,-0.18349683432946567,0.2965703249023147,-0.5529612899659401,-0.22883283793908477,0.34189071852655434,0.2029375
BE0003555639,0.2169307117989565,0.2762060961483831,-0.17613156057279414,0.18855952255499786,0.7063738789454164,0.794125
SE0003917798,0.12854631719686987,0.2515085300062389,-0.23650024563483016,0.10481876706806958,0.5729105764326754,0.6845625
AT100ASTA001,0.5488604612997264,0.41548277014356527,-0.02352359159674495,0.49517925762019077,1.2942443841954592,0.941125
PLGRPRC00015,0.2577728631348474,0.2259117489401998,-0.0693687042010221,0.23602886784298077,0.6566573223360229,0.896125
NO0010829765,0.3953148319650452,0.2858502879661463,-0.005681929681433089,0.3651366809716884,0.8865793964537496,0.9474375
FR0000120693,0.2659386358077104,0.14347520461293525,0.050338430976687464,0.25625350293335525,0.5109440168700656,0.9790625
DE000A2E4K43,-0.20333557374403324,0.09225497848239284,-0.34793089532090515,-0.20777578133687305,-0.04542265034853241,0.0226875
PLDMDVL00012,0.19086124218154743,0.18780458655100762,-0.08448064761371364,0.17452549835688932,0.5229275600260607,0.8661875
AT0000609607,0.2882347006029897,0.19770728435803317,-0.0051793864286852976,0.2723173939680145,0.6346459039925834,0.946625
PLTRFRM00018,0.26130281510311043,0.2528548509826638,-0.07705005553678254,0.23959897133754393,0.6657302389272729,0.8908125
NO0013573014,0.3129882610521916,0.34348011173670745,-0.14816188194732635,0.2692335689640911,0.9217942450473838,0.8528125
BE0003766806,0.10549758380064338,0.26034014761780094,-0.258329107287085,0.07464625760270771,0.5719552238422767,0.6343125
PLDECOR00013,0.12196705632271683,0.46276709760350515,-0.43429594137979743,0.043506604027056965,0.9356369441735958,0.5466875
NO0010365521,0.42742753758085894,0.3090103674451448,-0.006076744493019886,0.3983395518939602,0.9596942315660679,0.947125
PLVOXEL00014,0.16165368138963096,0.26253139970407646,-0.20633585680732133,0.13359974506880412,0.6296667920861041,0.7270625
GB0001667087,1.1562009484806963,0.8913191792161487,0.07940604038584728,0.9992357391321015,2.7182268566008854,0.966
GB0009286963,0.4789507309171394,0.3521573356724392,-0.0038957297380256637,0.4399403864783172,1.0822744249059886,0.9483125
PLEURCH00011,0.32829555838679975,0.37839994545985556,-0.1825666908877949,0.27638055102059855,1.015471977319844,0.82825
NO0012928805,0.4127953060985831,0.3554020556257897,-0.07598762194337817,0.3688315593317657,1.054634839128812,0.912
DK0060580512,0.4267849986010288,0.40667165384789355,-0.11964160773456661,0.3735163110821253,1.154109449191638,0.8851875
GRS343313003,0.4437715371903808,0.5912135480555288,-0.2903944700603893,0.34616534812327904,1.4936572445573986,0.7979375
NO0003078107,0.04854807027581939,0.35192750333634204,-0.4174039889035441,-0.0013927727596058054,0.6732048087529342,0.49825
CH0017875789,0.14228136895898372,0.34009244929552374,-0.3153234520575017,0.09530783914080863,0.7572947894826247,0.631
FR0000066755,-0.07512526365008224,0.20953549801160717,-0.3748262660925548,-0.09699872928012776,0.29356924957115615,0.306875
NO0010872468,1.5329960792221131,1.0317124025655564,0.2621653097586252,1.3549855265962614,3.388773017195993,0.9855
NO0013461350,0.28672738670659986,0.30906168105853005,-0.14059659778535596,0.2502883684791499,0.8338378435171528,0.8471875
PLPILAB00012,0.038867926933579364,0.41632515874042675,-0.48306432655120374,-0.030945308175208693,0.767910822529404,0.463125
AT000000STR1,0.38569936641130576,0.3999659522998948,-0.1598455199781386,0.3346959266032944,1.0753271687485808,0.860875
BE0003764785,0.22168507874124863,0.20214058185423245,-0.07404678144823625,0.20416619034318215,0.5698019677938189,0.888875
CH0319416936,0.08152157855053571,0.10806455087108438,-0.08362323487452682,0.0759679471036511,0.2688368784024762,0.7851875
CH0582581713,0.35119719060965754,0.4955936106387611,-0.26353071993904015,0.2712785857420129,1.2247013472619708,0.776125
SGXZ53070850,0.13231523204960471,0.21186158378773484,-0.17312233423612242,0.11244665817003324,0.5044749670846219,0.732375
SGXZ69436764,0.06318282149926194,0.20521447505520035,-0.2307173947090806,0.04456689431013361,0.41724322914878265,0.6005
GB00BYYX6C66,0.892047495347686,0.31754770757020245,0.41793167406584936,0.8665424154059989,1.4480334523098632,0.99925
GB00BY2Z0H74,1.030540560430541,0.9293281160627869,-0.05219472024912426,0.8550842551914893,2.682556066879657,0.9365
PLLVTSF00010,0.2771291244964624,0.2801412045233346,-0.12426775908281908,0.24609733634043754,0.7698817441137725,0.8583125
PLSTLPD00017,0.2984525945792368,0.5207949587508159,-0.3425492866954397,0.2129013476694527,1.2352314963269284,0.702625
NO0010974983,-0.036735689539292626,0.27381907817250434,-0.41229083205239025,-0.07052885139517134,0.4465816592752765,0.386
DE0007448508,0.3723691292108572,0.5458114556298613,-0.3169521174823201,0.28197490995576097,1.3648993126738465,0.7564375
PLMOBRK00013,0.04736716443719597,0.2191808504119174,-0.27076973359283285,0.025288177723261182,0.4422951575069197,0.5481875
SE0005794617,0.3505116976450447,0.5558560687453467,-0.3219577597240877,0.25530108757269177,1.318445762584501,0.7441875
DK0010255975,0.3877684471231708,0.4796048462858044,-0.23950719416099203,0.31492433398091835,1.262363471597129,0.8056875
ROWMR49B0RG5,0.11162309242334512,0.31529085571352616,-0.3191936298462931,0.07386287108401185,0.6700161748403701,0.6065625
SE0018538068,1.002747956730938,0.843149685916607,-0.01868893157939928,0.8521676273765867,2.5482338399236495,0.9453125
SE0027597691,0.27133970675263247,0.28687716275705194,-0.13620002712792034,0.2402165446570088,0.7754325705466234,0.8474375
IT0005241192,0.4419811956002602,0.32178499083146145,-0.018941073748688815,0.4114710292473037,0.9998020366478135,0.9425
NO0010927288,0.11794285140061746,0.331832939610574,-0.3134532745710055,0.07488088350522801,0.6801819515933215,0.6135625
SE0007075056,0.5621228036189534,0.4341501133250819,-0.03194245003611264,0.5082554442883659,1.355119247798161,0.9383125
CY0200900914,-0.10547345950205303,0.22358867565727975,-0.41781555763204753,-0.1315962611916599,0.29038276115126205,0.272
ROMEDLACNOR6,-0.024463350756974717,0.2601646629075851,-0.37853480005237766,-0.055054168597496816,0.43225095970184274,0.407625
BMG6904D1083,0.36566101152373176,0.36254509140391117,-0.12396915375524745,0.32316369118495725,0.9830412315340343,0.8731875
BE0003656676,0.25067170447253684,0.24563134881914803,-0.10519495508505528,0.22811911594589168,0.6740640607454809,0.8691875
IT0005453250,0.2551348164430534,0.2617947668520086,-0.11840536886513829,0.22662782337419773,0.715851654231543,0.8590625
LU2290522684,0.2775013894398621,0.17087087073356474,0.020986905668626932,0.26567805372096076,0.5738178432324162,0.96275
FO0000000179,0.19168974088519555,0.18175355453319963,-0.07905134036421982,0.17984132850428003,0.508759177813528,0.874125
ES0166300212,0.47076916245863154,0.6145721527384924,-0.26145464522847045,0.3652812411401952,1.5346473193985417,0.808875
SE0023114012,0.5309631399365846,0.4288937052036332,-0.0501293913581249,0.47643049096979384,1.2632713628963896,0.931875
GB00B0744B38,0.012162130635149945,0.10104686362629764,-0.1427797030918607,0.005961252875079367,0.1878329689884977,0.52675
LU1048328220,0.13033161990120185,0.25097521007803086,-0.2279859421448908,0.10245453042321856,0.5764100743925248,0.6920625
GB00BLH42507,0.5334541002797573,0.22183685224238053,0.1972487140785531,0.5171464384121965,0.9227191563845897,0.9960625
GB0002259116,0.13591608912144726,0.21407492992506139,-0.17770000165186375,0.11708389644915274,0.5170732298977857,0.74075
FR0000127771,0.40746828402916035,0.2207380315406522,0.08246874387822614,0.38878156251361773,0.7941972654966769,0.981375
PLLPP0000011,0.1743304006332038,0.1363734091277419,-0.03564485802886918,0.16687157568825195,0.41065019526208146,0.9116875
PLOPTTC00011,0.051196345197022715,0.1301406063784004,-0.14855246877738865,0.04416668016150546,0.2732751106147789,0.6456875
PLR220000018,0.14926551284678713,0.19661265962743293,-0.14056108816908355,0.1334702616270401,0.494690628410541,0.7866875
GRS148003015,0.440863210688789,0.41960901693226754,-0.11737919932658504,0.3789618161496945,1.194826771089072,0.890125
PLVRCM000016,0.2868053684586927,0.22370309469206098,-0.04166595854779872,0.266724589854088,0.6840537950534149,0.9231875
DE000A0JDBC7,0.3456456464077605,0.5021415275304518,-0.24275787137382376,0.2778529459500643,1.1405088115281032,0.795375
GB0008711763,0.27524516930974674,0.2543849442960826,-0.09623848764650292,0.25307595249948867,0.7206234639091321,0.8790625
NL0015000HT4,1.066447194915298,0.5261512933701967,0.32395216718645353,1.0054273722549565,2.01338296756104,0.99375
GB00B013H060,0.7860732251650193,0.4187142863806778,0.19702972058120172,0.7400801706562129,1.5391337724113192,0.988625
PLARTFX00011,0.4952458997886052,0.5920114134848011,-0.2450385642960631,0.3943647308419854,1.5834656086108418,0.82525
IT0003549422,0.24932345731098682,0.18929770289452513,-0.03420314052947336,0.23581809957602276,0.5809088095619721,0.925
ES0105375002,0.254717456227452,0.39841451149417806,-0.28449652202504533,0.20161676733293898,0.977309827493358,0.73375
GB0008237132,0.5947151781443388,0.4858826984363198,-0.04962339746670214,0.5278457260319608,1.4405625780209463,0.931875
NO0013755728,0.5037049167473311,0.4804538162285719,-0.1396904588991203,0.43841819076424615,1.3595473755953578,0.8878125
DK0061412855,0.3287596310167384,0.4129206633513888,-0.21311044406492224,0.2696758970740916,1.0661197886813731,0.8076875
GB00BYV81293,300.0270444079984,37765.44672936133,0.21579274404256651,1.2682364259212668,3.2778874605650605,0.980125
NO0010360019,0.3967365348299273,0.42594809500744313,-0.17368909541100783,0.3430915743683441,1.1414214410615238,0.8533125
CZ0005112300,-0.1521421878431631,0.12712480562154743,-0.34092916102735005,-0.1623602940296833,0.0715143179541699,0.111625
SE0007897079,0.2991699482945427,0.38516703412678743,-0.21553477730325393,0.24708715348302446,0.9985609478843165,0.794125
PLCMP0000017,0.11048752928181504,0.3431916723922529,-0.34644000517912327,0.06285928993055756,0.7263141173028838,0.5850625
CH1263676327,0.23461556282470797,0.2938893679057112,-0.18062747173325455,0.2007232832366647,0.7523827379484934,0.8001875
BE0003883031,0.29745077081268473,0.235863906580814,-0.048310532620806465,0.27805935336893606,0.7092374692568546,0.9193125
FR0000064271,0.27229553858434363,0.29635437937583264,-0.1470329493387577,0.24166208407054116,0.7901342658311359,0.83775
ROSFGPACNOR4,-0.06332389804681479,0.2570098341564199,-0.41634298213817794,-0.09692855256197949,0.39583561760631225,0.340875
JE00BSBJ5M88,0.45200457964806345,0.23756842918382884,0.09496614148917941,0.4343869625766051,0.8618403208195127,0.9826875
CH1486524122,0.2825434358177577,0.2007606749357736,-0.014462475287413179,0.26611976395561465,0.6393038279199325,0.9423125
FR0000130692,0.42132565940530403,0.34705126075944287,-0.06708336013000885,0.3806932104938323,1.0522843773589694,0.91325
GB00B45C9X44,0.2592057652164883,0.19169858824816327,-0.029402958684203312,0.24438253114612482,0.594630452885608,0.92975
MHY1096C1093,0.36462308181275965,0.39256791918964656,-0.16352432452069401,0.31538276993158665,1.0639433433495535,0.8511875
FR0013283108,0.7670267899242537,0.45026244461562487,0.14936470333903376,0.7139670163327333,1.575048157649957,0.984
GB00BJVWTM27,0.5340003804167031,0.4539919906945278,-0.07082411323751925,0.4764747236840328,1.3410418860627717,0.919375
GB0004526900,0.3599382171003769,0.5921975245056585,-0.2755790378907819,0.28067968124024856,1.2339947073374073,0.778
FR0011995588,0.2902123862380012,0.3221141140137107,-0.16645993125678696,0.25266213588020137,0.867008988199368,0.8315
IE00BWY4ZF18,0.31014612044730483,0.3059499975161267,-0.12160459789703822,0.2719655026338541,0.860900855191434,0.8695
IE00BJ5FQX74,0.34370747765947696,0.20784303509587526,0.033343447829162216,0.32926659088269705,0.707394932239908,0.966875
GB00B1V9NW54,0.34346466302137035,0.2691813833312354,-0.0359633969927727,0.31489551200578586,0.8154378995842708,0.929875
GB0006449366,0.270770882885649,0.23725290843470598,-0.07292899471193316,0.24819710458653063,0.680729682995875,0.8963125
GB00BYVX2X20,0.7997838912865647,0.2981063319988363,0.3543838650693914,0.7764774645159642,1.3227716234308722,0.9988125
PLSHPR000021,0.4193238930449602,0.3401812311013524,-0.05019335946152294,0.38165742383316315,1.0220765226618806,0.9258125
JE00BLKGSR75,0.5948807379196179,0.5383761423541029,-0.10519805191951892,0.5134911038149388,1.5538001227699572,0.909375
SE0000584948,0.06882743745220163,0.22683324773565564,-0.25107235101926556,0.045275979054564465,0.4668434859875945,0.5909375
IE00B00MZ448,0.3399423808488152,0.17395227974993985,0.0763715576004882,0.3298181503866172,0.6405179354293047,0.984125
ES0148396007,0.16802231962544464,0.09912162190742545,0.011505894470862992,0.16452546520748354,0.3333350843499144,0.961375
BE0974259880,0.32769152341023355,0.1590728112861315,0.08564806356396955,0.3184768397770835,0.5991010815333973,0.98675
IT0001206769,0.22225265136191003,0.252624329620386,-0.13679315648357376,0.19500701675180382,0.6673385712270818,0.8273125
PLTAURN00011,0.2788676093171939,0.23705388792060297,-0.06894562215737181,0.2572005132557168,0.7040087900167864,0.901875
GRS536003007,0.03967531191613199,0.14792194008977683,-0.1803207545114514,0.029092999058431244,0.29214277780946624,0.5910625
CH0468525222,0.38019603968420973,0.26762174519246457,-0.002765741109823762,0.3499358994265961,0.8619100966524226,0.94825
CY0200751713,0.30443856777939055,0.17918249581245166,0.03785933657420324,0.29280171857684034,0.6111387538631179,0.96925
ES0171613005,0.6304372374395841,0.6640697573906028,-0.18456102808886204,0.5140906788766849,1.816840458534832,0.8735625
CZ0009000121,0.14198749372712688,0.35303311020391,-0.3280468992855385,0.09244743791712332,0.7752295413127267,0.62775
PLENEA000013,0.16891277051231465,0.22784546006478812,-0.15304159813432747,0.14664266984060878,0.5667788965632659,0.7791875
FR0004050250,0.7405274160147469,0.7096712971709312,-0.10904490713494717,0.6167757503020825,1.979485713391272,0.911875
FR0004024222,0.2524698571459685,0.1882757968231568,-0.029897954485808072,0.2397430707251603,0.5715859755734102,0.92925
CH1276028821,0.7544937812393013,0.6058173226149025,0.008599096886259847,0.6686314456629658,1.7764751336588804,0.9525625
GB00BZBX0P70,0.2687516564185407,0.18165981276965099,-0.004146312570280386,0.25698417875390445,0.584641166661152,0.946125
PLLWBGD00016,-0.2227270508077886,0.3190304246345139,-0.6106313390625085,-0.27574198709839287,0.3385791358419827,0.18125
IT0003850929,0.24062631560091086,0.26429814371211324,-0.1395800656201191,0.21322115046200477,0.7112209491567215,0.832375
GB00BRSCY602,0.4455531632913032,0.300495057397489,0.014220041297280089,0.4148451918985875,0.9835099537315396,0.9565
GB00B3NWT178,0.3559799950757104,0.39386363002657604,-0.16233858069181734,0.3013957562423686,1.0547077521943764,0.841375
GB0001771426,0.6694997160126961,0.4913460321371916,0.011940556293774779,0.5978169602304748,1.54877320333671,0.9541875
IT0001018362,0.5876567508195718,0.6271158572964834,-0.1960157705485333,0.48489978001881673,1.7313613827475935,0.863
GB00B27YGJ97,0.1781858701451715,0.29058832857118316,-0.2286386375224362,0.14322326110566816,0.6956615459358843,0.7285
IT0005107492,0.21317755771278685,0.2148277597574683,-0.09902740802502497,0.19369413248629325,0.5948832523459284,0.8549375
SE0020848356,0.10045459315108624,0.26179191324831164,-0.2709267507728804,0.07450010774770408,0.5633573003642538,0.6279375
FR0000039109,0.219025080064306,0.2723744590996995,-0.15793000249329217,0.19423623370401866,0.674749516867677,0.8128125
FR0004156297,0.606995952556397,0.6245158115603533,-0.17707325594337817,0.501169816854511,1.7439261802224542,0.872875
ES0170884417,0.5398027945826372,0.6291860157007387,-0.22483882276762776,0.4286341332101685,1.6958801887562276,0.8378125
FR0004027068,0.3443452029520507,0.3948221806670062,-0.18343657925368373,0.28942642583525047,1.0530140208369545,0.8319375
CH0210362643,0.8205497257776181,0.5770973169598506,0.18350734535094354,0.7594339207930816,1.6187314901664769,0.98625
FR0011950682,0.30483014376442374,0.3036898128680677,-0.1238218018210659,0.27176260699756694,0.8397583448702108,0.8624375
PLINTCS00010,0.08378740864586479,0.2105668364082064,-0.22382511372164746,0.06574607294263643,0.45599574621791156,0.6389375
IT0005119810,0.4116795539660719,0.2953252188442874,-0.0045183124948991685,0.3808483862955643,0.9366902560332758,0.94725
PLDGNST00012,0.2813526128844421,0.21619858637321798,-0.035055238581430004,0.2616591133693321,0.6668524880323347,0.9251875
IM00B7S9G985,0.2958707834223251,0.23093387408225088,-0.04395111856972767,0.2757686240805914,0.6929155652711932,0.9209375
IE00BD6JX574,0.19363162448229457,0.24096298084284692,-0.15469829729853418,0.17052798435658453,0.6125215005793165,0.802625
ROYCRRK66RD8,-0.08534563900025631,3.9382560403898625,-0.5673278418531278,-0.19229754418674588,0.49962249945034676,0.275875
GB00B01QGK86,0.21979721387931425,0.26205386656181434,-0.1554430133348803,0.19045686663637518,0.6831945031233606,0.81375
FR0000065864,0.09268257594992678,0.43557409824256793,-0.4498269805415376,0.018409710274085216,0.8831849100361197,0.522
GB0002074580,0.4785947332185227,0.19233804216778996,0.1872218421724765,0.46595048572777387,0.8117300805992058,0.9965625
FI4000507124,0.06826316537032528,0.2418100887942003,-0.26759113381479266,0.0405385339175474,0.4915709637612872,0.58175
GB00BRJ9BJ26,0.2678545184917545,0.16079475264159776,0.028233718969775414,0.25758793425655513,0.5394940910587043,0.9688125
DK0060055861,0.37394618842370725,0.3282758273974926,-0.08774493450202482,0.33764635933156095,0.9553489731085519,0.8996875
GB00BBT32N39,0.4637007593585152,0.27067698485858765,0.07357193804098587,0.43820534749814716,0.935211314481105,0.975875
GB00BVFCZV34,0.8912667163715393,0.472536168956359,0.23988793922164184,0.8364808354339618,1.7368124510365126,0.990875
PLERBUD00012,0.3562819163512493,0.5472792875411661,-0.3291988981928968,0.2617808564610741,1.3398543050624465,0.744625
GB00B67KBV28,0.5070205397048939,0.3679041222189998,0.002983770329348264,0.4608099438311668,1.158228407808022,0.9515625
FR0000066540,0.41131003563551427,0.5911600793747179,-0.30097180213192665,0.3123332198183062,1.4531089658948608,0.7809375
FR0013344173,0.4053651642494742,0.411383351358424,-0.14876089410273635,0.35256468559332743,1.1436780651478817,0.859125
GB0009619924,0.5014905506900799,0.38990523426850643,-0.024627850511586283,0.45591573362819793,1.1790958915397407,0.9400625
FR0000054132,0.49620315468070986,0.45983043191368417,-0.12001204299104092,0.432280783984498,1.3243624284357036,0.8956875
FR0000120107,0.4805720469728211,0.5936523501432165,-0.2557918124621843,0.3754639486350104,1.5627085905141425,0.814
PLATAL000046,0.29558363292821693,0.2591540049901901,-0.08174197059300745,0.2735241218627877,0.7541864138958524,0.8929375
GRS337003008,0.4344584096558083,0.5922630079594228,-0.2933942714734994,0.3389281983635996,1.4682563602833416,0.78725
FR0004180578,0.6713674336792128,0.6328533141787245,-0.05770529860247106,0.588269681036482,1.671063646998647,0.9295625
GB00BMTV7393,0.6426462154065433,0.5406418248450521,-0.06161621064063251,0.5666535398219064,1.5945599825515184,0.929
IT0005138703,0.48488981337138887,0.3461752751344295,-0.009521413196549151,0.4484344243639435,1.0967728014406215,0.94575
GB00BYMF3676,0.9485289833423219,0.609670573214116,0.13099617629963528,0.8583397346686347,2.0622076202373534,0.9776875
PLAMBRA00013,0.4972580147947362,0.6363689812388804,-0.255939403338253,0.3849545008588329,1.6040325506515494,0.8195625
FR0000053027,0.34580479746004744,0.4584399790796716,-0.25256350778287984,0.2766980318761217,1.1779221094291064,0.789625
FR0011992700,0.35819377881524067,0.5470226777704071,-0.31894181710325287,0.2672150611556693,1.3413120471472426,0.746625
PLWRWCK00013,0.10407689933786782,0.4451824547452467,-0.44114707641842715,0.026089773996871797,0.8926138571235034,0.5303125
GB00B3MBS747,0.29550829442475374,0.20565070063854016,-0.009584747135413164,0.2787094495985786,0.652864118906062,0.9433125
PLZATRM00012,0.023434151734559674,0.20922623070603588,-0.2775645146587808,0.003180718877947417,0.39781122163540655,0.5078125
FR0013451044,0.8523397150366199,0.747155349152085,-0.07235005493376877,0.7209831749212571,2.209615928288658,0.92925
IT0001006128,0.03619434781167783,0.4200458954999585,-0.4813761991159448,-0.03575073758659563,0.790081031002119,0.4585625
IT0000060886,0.4447759675481112,0.32959048705168204,-0.029626178369522582,0.4101021965643986,1.0386781297093197,0.938625
IT0005595423,0.39111195917266034,0.39988717716656297,-0.10176898445680505,0.3455831918026896,1.0130921464125118,0.89125
GB0003081246,0.7541169344920124,0.46281577865088513,0.11157217064050054,0.6969015219079512,1.562208812878183,0.9774375
IT0001268561,0.8387786113937862,0.8329232836703871,-0.07941357037078686,0.7032625344402968,2.1676208060928968,0.9239375
PLZTKMA00017,0.19925699901066554,0.48654021604717124,-0.4042803747600602,0.11654485897673028,1.0609808875420565,0.6241875
PLMSTZB00018,0.5223199228683277,0.6267770455185611,-0.2432128124590276,0.4101041194255045,1.6490682482255563,0.8324375
GRS495003006,0.4505592702849777,0.27835253697634227,0.06921117479441746,0.4247399048169441,0.9198671440536899,0.9745
PLUNBEP00015,0.389152772688177,0.5530374183046798,-0.3030918247995394,0.29321244195224605,1.4003641217091565,0.7663125
FR0004186856,0.3674508071856319,0.3113245047050057,-0.06712541815407355,0.3327164406840848,0.9211485887493226,0.910625
ES0105394003,0.4169979261767796,0.35599466577766015,-0.07286091911903106,0.3736929226378749,1.0397004895631994,0.9129375
FR0000074759,0.6899539537167382,0.7138958993255038,-0.15597011274626907,0.5582214314104063,1.96080431651918,0.8894375
IT0005573065,0.6645084316403264,0.4540068551662702,0.029886708853065172,0.6069109027837094,1.4863034088200686,0.95975
IT0001077780,0.5617986765945662,0.6420020078633792,-0.2212672266216532,0.4542546422716953,1.685066738593055,0.8514375
US7444302084,1.1108714708250007,0.5964720873481789,0.299130450927819,1.0317650448815956,2.183283864856955,0.9934375
GB00BZ020557,0.7036372768259591,0.4548072713914031,0.08639032633902648,0.643690434791806,1.5080146847816076,0.97275
IT0001128047,0.058171297705391097,0.271973482169976,-0.3191694439706399,0.0266708595177464,0.5414983182221828,0.5459375
US84756T1060,0.4701756122219446,0.41765091691761924,-0.09098823890235895,0.41294187233861,1.2025471499852265,0.9113125
FR0000036675,0.7848845579517602,0.7145126476893066,-0.0973030194307511,0.6626136855832351,2.0636729146664403,0.9171875
FR0000033904,0.26063419456767317,0.4009247774708734,-0.269153063376674,0.20419200058551873,0.9890765738911375,0.7410625
IT0005345233,0.4716712213363129,0.5856470214989039,-0.2605598640967912,0.3724273795765885,1.5524537962035987,0.8150625
IT0005108219,0.2509584509215189,0.49853299993800465,-0.3739226824911753,0.16676000335469782,1.16799267209048,0.67275
IT0004729759,0.4291383054963502,0.27281231013408824,0.03645227883086195,0.4048821888264297,0.9072902822833986,0.9640625
IT0005385213,0.5928587110663319,0.45619613545824034,-0.02707345466357394,0.5311851037206176,1.4175709110644703,0.938875
GB00B0CY5V57,0.44746938449215046,0.21920013269262134,0.12394408772612263,0.433454415791025,0.8212867512283919,0.9890625
GRS145003000,0.17966039897038097,0.20279765192423316,-0.12165885680917933,0.16496372220868033,0.5334554061001828,0.8266875
PTIBS0AM0008,0.3631043532471232,0.349567780164444,-0.11791304676083413,0.32092521614723807,0.973508971675162,0.882
ES0126962069,1.5403023320875173,1.00880730710901,0.29909717635231964,1.3569247389816044,3.367499283836125,0.987375
GB00B0KM9T71,0.17068105689691787,0.2814061843571079,-0.22277128418005582,0.1387662688066737,0.663600158325877,0.727125
IT0005472730,0.4616202260598005,0.3924782501255799,-0.07246133375951294,0.4144850706185094,1.1591454938072234,0.9148125
GB0004915632,0.17918449054057842,0.18685677305869658,-0.09161562884301214,0.16464103820921666,0.4978088392843555,0.8504375
GB00BNK9TP58,0.3831721340809722,0.17108691575694673,0.1267601423252909,0.37192802945584713,0.6739578198163986,0.991625
GB0007538100,0.3903765367839262,0.2861336843449634,-0.02563229723173209,0.3645904078069815,0.8948368325071955,0.939625
GB00B9275X97,0.7916049929239611,0.455365370407242,0.1575783058192789,0.7396194744751975,1.5997220545597945,0.9845
GB00BR3VDF43,0.7862688118051104,0.33228255242665783,0.2982004147787892,0.7579677149837344,1.3675019818593914,0.9974375
GB0006963689,0.2572009242364978,0.22821566909975194,-0.07818793927497163,0.23720433660062457,0.6613576835904115,0.8905
GB00B0394F60,0.8929052543824754,0.6383420597880515,0.055268931553534635,0.7945309993170029,2.068955048826826,0.9640625
GB0004536594,0.3046419160825652,0.20350657770587954,-0.003695248211194167,0.2927416253810883,0.6571629913409737,0.947875
GRS505003004,0.2073784938997041,0.48761952694638394,-0.38652898737124974,0.12337743026268332,1.0681257657674006,0.63175
PLARHCM00016,0.23019038133020558,0.27775086110934805,-0.1677189190146091,0.2025554037652465,0.733790282047465,0.809125
PLCPTRT00014,0.42713498542672107,0.3946904075060601,-0.1185505011637905,0.3773367909045617,1.1451524339668375,0.8905625
GB00B2425G68,1.1599652800133602,0.423724585226748,0.544781608008071,1.1206769616029904,1.9087660836586287,0.999375
GRS543003008,0.2588396996150593,0.3624229170791877,-0.23164335855412627,0.21283495165116575,0.9234043480447522,0.7686875
GB0005746358,0.41240588877699996,0.3173684863559244,-0.036881135135522505,0.3785837821992316,0.9713686197219468,0.93025
PLELEKT00016,0.10763998369774568,0.4370383108499383,-0.4395396286712194,0.03240894700783924,0.9157377400302965,0.536
GB0000811801,0.2821954490096315,0.12923486321205743,0.08128861358616156,0.27621830104532724,0.5013460863812567,0.9894375
PLFORTE00012,0.29195639526850037,0.4872978451001966,-0.3280497450922165,0.21432942926680573,1.1668692726940317,0.722875
FR0000062671,0.10705524363189968,0.15707382838143846,-0.12693145377201956,0.09594175089277078,0.38377278953292215,0.758625
PLPGER000010,-0.0656503475705382,0.17239998766219672,-0.3195911813567208,-0.08219336188442422,0.23897494852005663,0.3069375
CH1484953687,0.2811600740270903,0.20544753922717107,-0.02078665014373312,0.263999241364319,0.642160588129111,0.934875
PLJSW0000015,0.0314464313236508,0.2954491620622321,-0.3489215028996898,-0.001621285524416535,0.5143732020295498,0.4973125
GB00B3Q74M51,1.0925767110987936,0.8630617843849175,0.05373591078897085,0.9533308167986675,2.6328705601302294,0.9610625
FR0000074148,0.3035655252697019,0.32589527393925316,-0.1506311198447233,0.2670277267205241,0.870747445997653,0.8463125
FR0000053043,0.61040634272069,0.6444959070244747,-0.18809087470962782,0.5017872615473635,1.7843318264292232,0.86875
GB00BRKD9Z53,0.39291888524073454,0.27310493733072566,-0.0010476184866831059,0.36993447802776924,0.8684983404963527,0.949625
GB00BKF1YD83,0.26405966826069505,0.45738587048508894,-0.3213191641276872,0.18976309759143817,1.0896374131022382,0.7025
FR0000039299,0.3436944122718395,0.323430357620734,-0.10938324263844718,0.3058129760508742,0.9220360891876654,0.8825625
NL0015001OJ9,0.370751761056782,0.23387387018406047,0.03441687843887966,0.35064492364556776,0.7695681358655261,0.9656875
CH1107979838,0.26180091393956434,0.3158927458342665,-0.1280939282280903,0.22940960901178076,0.7557131014537944,0.847625
GB0004300496,0.6663726991198591,0.34954863464492814,0.16908179832689152,0.6318659121291457,1.2791831171779806,0.9869375
CH0478634105,0.5291466007820147,0.6059512074187848,-0.2283771661447799,0.426943544887196,1.638971672026518,0.8418125
FR0012819381,0.2721966333043361,0.37177500488107756,-0.2390609289726507,0.2227639238986499,0.9547195481993987,0.775625
GB00BN2TR932,0.537921385435344,0.31738036463939706,0.08190671378426906,0.5037906799645372,1.1069402387135268,0.9766875
ES0183304080,0.5402570242473892,0.6235787999901429,-0.21438812896125123,0.4328396309304881,1.6579125172858138,0.8455625
FR0000063737,0.3094146694228963,0.29857647587085856,-0.11172437326747611,0.2757242330594122,0.8329853158029715,0.874875
IT0004098510,0.4083529787007976,0.5698872509554571,-0.2998551539264411,0.3066371826195995,1.4524886188609478,0.7756875
FR0004170017,0.1971955779826573,0.2625363198740534,-0.17351536448760882,0.167337875521231,0.6654843206557083,0.784875
PLUNMOT00013,0.30430359274151286,0.5185888133915683,-0.34835163517046874,0.21224469431711582,1.2649126691234347,0.7119375
FR0000031577,0.37887473224305085,0.2021230513045293,0.08279224825238433,0.36277060383032045,0.7258693562403539,0.9835
FR0000039091,0.27370558337556034,0.19255095953183982,-0.013223523222298018,0.260526826671466,0.6052791488897546,0.9399375
PLATPRT00018,0.02392256547813247,0.28068305221915973,-0.32273527595973056,-0.004801309459654705,0.46454704561973104,0.4904375
GRS472003011,0.31098102249464027,0.5326904642199224,-0.34510090000956967,0.2196897310840507,1.2694743029894544,0.712125
PLSLVCR00029,0.5987280083076075,0.36242177076580234,0.08119798885480636,0.5626157153214013,1.233588984302385,0.97525
BE0003731453,0.21862881093818687,0.4943477193357829,-0.3924666240820217,0.13293514163744316,1.1134234603362938,0.6389375
PLNEWAG00012,0.323169744582103,0.4098226792821101,-0.22252796931038382,0.26662858741333473,1.0429093292812717,0.80025
GRS239003007,0.2658813439143614,0.3899194648478793,-0.2520264158547665,0.2107186429531442,0.9817040172982886,0.7535625
GB0001570810,0.6460474870199779,0.49233366576827353,-0.0051004488770416065,0.5763235710612998,1.517715622693885,0.94825
GB0032089863,0.033763617263197564,0.09441351438919214,-0.11198632294625306,0.02937596478675185,0.19520378918904022,0.6350625
GRS428003008,0.16974279364894623,0.4738161891857379,-0.4110065749951809,0.08735329913013408,1.0237315542677863,0.5948125
LU2237380790,-0.03205131312246535,0.09982998001612897,-0.18228779116334315,-0.037975087656593964,0.13794517555559793,0.343375
GB00BKY40Q38,0.24375369018509702,0.2187251983395471,-0.07535481324751293,0.2263998479310829,0.618628647466257,0.8868125
GB00BN0VZ646,0.5591754937038026,0.378269168878071,0.04946953763841303,0.5170617980987996,1.196907227887644,0.967
GB00BF1QPG26,0.7520349632262792,0.5588207832741003,0.060712076388481646,0.6777600365226678,1.671929883618104,0.9669375
GB0000332667,0.6225592149986076,0.6501783073482199,-0.1790200100747389,0.5115377210296106,1.8102254451736803,0.874125
PLAMICA00010,0.42193248872432054,0.5747773899351694,-0.2915812774937334,0.31957123966016343,1.4985615379532622,0.7823125
GB00BMCZLK30,0.8698795178550865,0.4594745351960242,0.2340552580060942,0.819357620108202,1.6858310744159852,0.990625
FR0010282822,0.633527913328352,0.31531692463202504,0.17418493984620884,0.6050429336423383,1.1843116488228154,0.9921875
ES0165386014,0.2863551975742886,0.14718971212271642,0.06092747763883091,0.278695959288538,0.5401191458148575,0.9819375
GB0033195214,0.006997832654716088,0.10293110402877939,-0.1492455496998698,0.0008261459812168686,0.1849154036901425,0.5031875
IT0005335754,1.0460628116314787,1.0293713495535208,-0.08425133819433407,0.8568079877880986,2.736649631229283,0.9281875
GB00BZC0LP49,0.19988514696437248,0.22881968582245116,-0.1252872894604273,0.17999886334052473,0.588024966594881,0.8330625
FR0014010H01,0.5527359117200871,0.3378341291030201,0.07098762004840398,0.5166161302783527,1.1594253708670215,0.97275
GB00BLPHTX84,0.6815770106394673,0.3752960215065847,0.157442407912734,0.641709478303465,1.3329201096305803,0.9875
FR0014004EC4,0.6440580401788307,0.6670849336469129,-0.1751242880875055,0.5362846741384237,1.8499153475761045,0.87925
FR0000038242,0.3020048041215057,0.31365267657913176,-0.13464178182129793,0.2682183708124456,0.8491658397046569,0.8573125
FR0000035164,0.3370144869579558,0.23768243263709246,-0.012329871901954498,0.3140643178611438,0.7566896817638613,0.94375
BE0974265945,0.46576420747596137,0.6103636260760804,-0.2659610709542896,0.35759746963951944,1.5358163308795811,0.807625
IE00B1WV4493,0.3320656865935081,0.23498438102394228,-0.02291056600754278,0.31331656324142937,0.7403284149745583,0.9383125
FR0010528059,0.5597313720727023,0.6377036446812521,-0.21480616135271405,0.4496923429594871,1.6930846001613749,0.8513125
IT0005075764,0.6745026425856775,0.39825097340509574,0.1231195954801658,0.6312945112343066,1.3707930575445193,0.9811875
IM00BF0FMG91,0.9318684419441232,0.5161103469372046,0.21710078612001502,0.8686242262424068,1.8600219407795655,0.9881875
GB00BYSXWW41,1.113938049715631,0.688461038729225,0.21491977331572581,1.0088038430083828,2.3793465364505986,0.9831875
IT0005203622,0.32050372818527617,0.4227334597218727,-0.2525544812824063,0.2623048600372574,1.1001272836377678,0.7845625
DE0007074007,0.2569133460379339,0.22512015895367196,-0.07389552622197665,0.23660131404463636,0.6518519443636926,0.894
GB00BS3DYQ52,0.29021810161890127,0.3698961071255783,-0.21120227673909872,0.24444873069789153,0.94376384070143,0.7981875
IT0005043507,0.14978399595130146,0.2128628659658246,-0.15988624618779732,0.13087898877649773,0.5230665019568121,0.7678125
IT0005373789,0.31341733558564544,0.3829762007275782,-0.20389374428021628,0.26481278470951686,0.9862558988758069,0.8093125
FR0000071797,0.4178250180801796,0.2821744943399908,0.007643489631520191,0.3932799491455933,0.9090782026631749,0.9528125
GB0003395000,0.40018610652952274,0.26609756384477273,0.014116545018539442,0.3731294328795567,0.8779718599668047,0.956125
GB00B01F7T14,0.5608351620347198,0.3415855473295417,0.09650477311773226,0.5288591369093885,1.1317365043065852,0.97775
GB00B1WY2338,0.15749872565025239,0.14990474538983642,-0.07123736646767866,0.14832045751776368,0.41814059437968254,0.8694375
GB0001110096,0.6928238918395916,0.5943799943677519,-0.06005668185475105,0.6068708903432818,1.7097040437547144,0.9315
GB0009692319,0.43573453819792674,0.3119877836959969,-0.012396084818589736,0.4030975787729417,0.9863536430971267,0.944875
IT0005594418,0.115041360758746,0.3095065953253107,-0.3081947952964849,0.0751611776944632,0.6710246735348535,0.616
FR0010202606,0.3121545614640487,0.3334139947496049,-0.13701686091490095,0.2702543932107754,0.8944479918244576,0.85875
IT0004147952,1.2264238450053904,1.105247257078751,-0.0006221218169552407,1.0064623527159384,3.155852345644223,0.9498125
GB00BM8Q5M07,0.11399663147984626,0.131042888556503,-0.08661238674061131,0.10690986350939069,0.3407385783516521,0.8203125
DE0005493092,0.610288823837086,0.35699882315385395,0.10138983297973271,0.5726406910089562,1.2535799212147727,0.9790625
GB0007323586,0.005574303987559805,0.17871198902185217,-0.25752570791552265,-0.01020032869691817,0.32260804088631123,0.4745
ES0105449005,0.5766203376319782,0.47345999710756914,-0.042338683462890374,0.5165117129952115,1.3729033738878889,0.934875
FR0000120560,0.5001141721867177,0.3444438570422607,0.01193348909099724,0.464510118378593,1.0980423122664897,0.9549375
GB00BYQDPD80,0.5910890409192503,0.5122847494140643,-0.09019373312560852,0.5152298451035509,1.5241177469296225,0.91675
PLKETY000011,-0.05211611387206827,0.15554940426537092,-0.2825675031388483,-0.06444084666254743,0.21951210218865985,0.329125
CZ0009008942,0.3749813465827965,0.27411352722864674,-0.01735099606283876,0.3473992093766728,0.8555271061505819,0.94075
USU0858L1036,0.9509161089602425,0.5051452781134258,0.2611969243387987,0.8939677517943271,1.835881420565696,0.991375
PLRNBWT00031,0.2975226182040391,0.2665819813675125,-0.08692018215050416,0.27034689924694366,0.7687482338489793,0.89225
IT0005561441,0.5910802843372066,0.6481667719698143,-0.21088338720139796,0.4828952773949612,1.727298858045002,0.866
GB00BTC0LB89,0.6085529671693265,0.3297815732240573,0.13046895632801953,0.575248034806575,1.1827005255239205,0.9846875
GB00BJVD3B28,0.6103332524956577,0.40060294781299954,0.17074114761087986,0.582568924620035,1.130394063955064,0.992
GB0032398678,0.7452638815971709,0.38357895777118334,0.20032913586011095,0.705928524610663,1.4265565022255737,0.9923125
FR001400JWR8,0.22152297079657912,0.2530690463361443,-0.12620777675903494,0.1973930884318454,0.6456629988895388,0.8356875
GB00BYM1K758,0.5318146353696419,0.2370140953790682,0.17794763077495007,0.5134947548956309,0.9475990210854156,0.99375
GB00BSB7BS06,0.6025201847183215,0.5736578902430914,-0.12623536787261833,0.5096370089431835,1.6196458861682739,0.8974375
SE0000106270,-0.04941208047406282,0.08164788411870973,-0.17692259863092213,-0.05219675890426491,0.08831572962436172,0.252125
IT0005556581,0.684555515088377,0.49177574399620516,0.017989754525523958,0.6141815684025836,1.5893087024838246,0.9574375
GRS282183003,0.3636759767346904,0.22527852475664237,0.02527229667271241,0.3478074065263185,0.7587159140685827,0.9610625
GB00BF44KY60,0.8457461658499592,0.7629536915072358,-0.0939948735840351,0.7126427805925375,2.2239563339220405,0.9236875
FR0000071946,0.4132895700049598,0.3289607708944426,-0.054167985923438404,0.3805296987293415,0.9945623704181434,0.9240625
FR0000062465,0.2493204861457209,0.5053011225088683,-0.3658046812587504,0.1590586974699375,1.1666041993349516,0.66625
DE000A0JL9W6,0.5776731543831591,0.3913134315265724,0.03229668241775831,0.5316992737771391,1.2771137954327734,0.96025
GRS359353000,-0.05430819861192533,0.30232950204161013,-0.44563984388554284,-0.09643553496738368,0.4671943705794448,0.3556875
IT0000076502,0.19748501201786042,0.2058055054243968,-0.10863267213237982,0.1805281777495469,0.5581724625304938,0.8459375
PLRXCNC00017,1.4820466232719236,0.9956566892179338,0.24675131039327983,1.3162770556346353,3.2568497300395296,0.98275
GB00B572ZV91,0.637398709709542,0.5622785856610248,-0.0730336179829115,0.5517781542364054,1.625164983538584,0.922
GB0005991111,0.5419584545783639,0.6464459343614442,-0.23722795116768383,0.4238226146011758,1.6946991852719755,0.8395625
IT0005245508,0.27266327859755657,0.3659354749159081,-0.21798682067166789,0.22173176450388804,0.9327369398498585,0.7803125
GB00BKP51V79,0.6131184395838127,1.3807131841370726,-0.19593894692046587,0.4871873494055801,1.7698253330561644,0.862625
FR0000076655,0.23512116026601237,0.398663289351726,-0.2903261802542311,0.17218988510312874,0.966772363719357,0.713125
GB00BLGYDT21,0.7136154915053389,0.5145725318987988,0.022778724934009717,0.6413853891904805,1.6334581815089,0.95625
GB0001859296,0.2766523415879009,0.16695564057004517,0.027675547940321114,0.264614648552935,0.5679792130575269,0.9673125
IT0005588626,0.3920754852605286,0.3286836675902327,-0.06914666822344993,0.3568191660842161,0.9704669258185266,0.910375
GB00B2863827,0.34070692575160094,0.193032043791206,0.05462975564413662,0.3249066196441761,0.6760982537762322,0.9756875
GB00B635TG28,0.15115317104155915,0.2752500587847622,-0.23962327294412758,0.12136905190021166,0.643464365033831,0.6950625
GB0032350695,0.241048699323946,0.49738592764788553,-0.3776030825865468,0.15759087921334505,1.1397152149796044,0.660125
FR0000053506,0.4254256992219218,0.4508006912368679,-0.1657906688776273,0.36301396703267663,1.2261690774194411,0.8555625
FR0014005AC9,0.48997203323259453,0.41235754204531244,-0.07093417998493756,0.43759705506732394,1.230177269375792,0.9203125
ES0105079000,0.28292736444623073,0.16888145723702422,0.027725754216036454,0.2721270200917167,0.5731229402555132,0.9671875
FR0013233012,0.9012616716214039,0.6005367051803112,0.10685123612643706,0.8188774032543719,1.959024760952475,0.97225
DE0007830572,0.18743337070472305,0.2962414666125846,-0.21557674366612578,0.1559880226743912,0.6990430232593156,0.7403125
GB00BP41S218,2.228248088937707,2.36079029573289,-0.005278418757450802,1.6602031364823993,6.2526158507936875,0.9491875
GRS469003024,0.03571525196631585,0.23269981923664804,-0.2948245682249975,0.008595287727300688,0.44968326028879535,0.5189375
IT0005572778,0.21062831610209815,0.3727678899129071,-0.2824873645537638,0.160369080868204,0.8668849243032182,0.7081875
PLPLAYW00015,-0.001157845883800327,0.2791607514661617,-0.3773923039314732,-0.03696044722256669,0.4983285651820005,0.4351875
GB00BKFW2482,0.530096199726021,0.4999976486879409,-0.1269312324983299,0.4587501756348398,1.421927817977491,0.8928125
IT0005359101,0.22890676564307275,0.30740564508064877,-0.19288222573301617,0.19144033779142278,0.7758288990480472,0.7849375
GB0032706284,0.48404724868638765,0.600286333038177,-0.25662976448133534,0.37969080528916344,1.5626953876456382,0.815875
FR0012882389,0.6090050180028125,0.3514206849798246,0.1008397125818874,0.5751261306258172,1.231538457966835,0.9779375
PLCRTCH00017,1.6835037208914778,1.0498831006194331,0.36866984107195166,1.5042157958328608,3.5744505393190473,0.990625
DE0006083405,0.27856724355899154,0.2281069464216835,-0.0560023566044978,0.259830925267789,0.6779002926878511,0.9116875
DE000A0HL8N9,0.1698552888689082,0.3035770357497771,-0.256372419415877,0.1300281133589132,0.7180349954614005,0.7050625
GRS470003013,0.389256760307385,0.578142532810118,-0.30175314998433395,0.28986535423613813,1.4115054495834285,0.767375
GB00B6XZKY75,0.368042707234287,0.18285791199182957,0.08768267765101238,0.3561098494558994,0.6846752300928165,0.98425
FR0014003AQ4,0.40516451544917914,0.5853596339393314,-0.2926038595242103,0.31190900527421117,1.400714302618008,0.7776875
FR0000032526,0.49917684420785585,0.43809781592798935,-0.09723017673244143,0.4435608008446553,1.2872168551623793,0.905875
FR0000075954,0.08152526461830453,0.4495904313537974,-0.45894748837431876,0.006738403908575943,0.8547190062485492,0.507
FR0005175080,0.8846249775611632,0.7862818965538875,-0.04935396417112693,0.7471607994800014,2.2453490722639877,0.935375
FR0000060873,0.03268177361231504,0.517759028850018,-0.4822891361688438,-0.03725018279760084,0.776966299333377,0.4556875
FR0013333077,0.015997808353054584,0.24196751252501397,-0.32927204016522255,-0.01167928355503656,0.44449890358694677,0.4790625
PLVIGOS00015,0.29329049534647367,0.3549112974705749,-0.1436065165115698,0.25312826537469135,0.8438808272269828,0.8470625
GB00BFPM8908,0.8611992860237385,0.7386882773377448,-0.05952435985065591,0.7388416012960763,2.207390554035718,0.9330625
GB00BLY2F708,0.4371254634962498,0.3208993212963451,-0.014403280052508379,0.4056494119190877,0.9917061224537557,0.943
GRS522003003,0.011990884304740367,0.40515429903947,-0.49378693931363166,-0.054001994609397155,0.736024225161223,0.4361875
SE0012141687,0.39298207847833627,0.3292579054394671,-0.07328642101691785,0.3584061382420613,0.977997723635499,0.91025
DK0010218189,0.23068770616092266,0.5005814258432352,-0.38783929035924625,0.14659887349145778,1.1007788499994402,0.6511875
FR0000066607,0.33900546269320453,0.536652810691801,-0.32842050999651645,0.25120788445443315,1.299847016016253,0.735875
PLCCC0000016,0.2402451118607734,0.19730517442264398,-0.05205839172446796,0.2256916511625386,0.5840584977549846,0.908375
PLCRPJR00019,0.13890928730868407,0.3538916304348417,-0.33612142256600663,0.09091675820217673,0.7739626873570772,0.6205
GB0001638955,-0.010740408052299635,0.15624017053620812,-0.24147084644434758,-0.023960539925763746,0.2630266889808792,0.4345
SE0016588867,1.040473770819894,0.7254765502808427,0.12054458221812907,0.9232105501176631,2.3647763671049846,0.973125
FR0000063935,-0.034896807371599524,0.17741585141201396,-0.295690522351391,-0.04995242540488225,0.2757510389330355,0.3798125
SE0028000190,-0.05644628689433049,0.23001012608098323,-0.369545515049282,-0.08273612370150371,0.34836688526582943,0.3423125
GB0009188797,0.37440591903309267,0.3882061121018941,-0.1548789333917557,0.32475819204646306,1.0633354021321677,0.863625
PL4FNMD00013,0.09158477800774772,0.4516344666853835,-0.4602042549006172,0.013001172116868381,0.9089690184188033,0.5159375
BMG850801025,0.1019730080058067,0.1911767371120267,-0.17819067410462477,0.0841637483066808,0.44089570190091215,0.696375
GB00B0LS8535,0.9208570319937476,0.7456206207667504,0.00195964305174051,0.7919277973641017,2.2733538896202834,0.9501875
FR0004007813,0.4802831688419784,0.24037274973759373,0.12195864954759848,0.4599285031996334,0.9015076287567839,0.988625
GB00B196F554,0.7817548826617104,0.7158941506473038,-0.10840788970452479,0.65484618316223,2.0830033181321683,0.916375
AU0000XINAJ0,0.5727979976360272,0.4115027586469401,0.0030655623194483193,0.5222286091223145,1.313883821936113,0.950875
GB00BLGZ9862,0.12000423984514774,0.11731494003503005,-0.06370472088875286,0.1140557951553432,0.3180613407138002,0.8628125
GB0000060532,0.6556793990466888,0.38961605595661447,0.11019983795856514,0.6120443257586422,1.3561641525584374,0.9798125
FR0010131409,0.47892488798249655,0.42720302918851755,-0.0894766203185838,0.4247157783570977,1.2241707467049732,0.906125
FI4000251830,0.7625684390718395,0.5264620130023513,0.05666253083231479,0.6886692432057312,1.71423754634408,0.9643125
CH0311864901,0.08771308831764059,0.11669420219084266,-0.08749393746033385,0.08274764329012042,0.28586523683176973,0.7828125
GB00BFYF6298,0.5872367830177065,0.35293082319804336,0.08680986685245294,0.5505639451283914,1.2023476416246226,0.977125
FR0000033888,0.4520964107291886,0.5789874578090356,-0.2701624348004637,0.35404372453589555,1.5174474246016545,0.80375
GB0008481250,0.9471420788009436,0.6301092833863944,0.11762788138522128,0.8549727932488977,2.086500375959046,0.9748125
SE0023261599,0.3018820645139244,0.4199021781174638,-0.24874202289598057,0.24179201774938058,1.0671794995537132,0.7721875
GB00B07RVT99,0.1743219380939859,0.20538241249420566,-0.12528976721912707,0.1556814595417181,0.5315065347878665,0.815
GB0007188757,0.06173344374744619,0.10049070816158065,-0.09205322672623228,0.05699714543531158,0.23030646998997945,0.738375
CNE1000001S0,0.3933974566317486,0.2547806679275944,0.020619079563181902,0.37322983892562966,0.8406364971972559,0.96
CH0238627142,-0.049512296668850625,0.18238683144528772,-0.3168428575842072,-0.06783100604914091,0.274985295263872,0.3454375
FR0000066672,0.4031570650403896,0.24302074696865317,0.04303190457326633,0.3814234632570942,0.8352360294354326,0.970375
SE0006625471,-0.0260290997805738,0.2712096688007429,-0.3910006633122558,-0.06331000566615307,0.4598016872760481,0.4
FR0000130577,0.269679277665387,0.1317088727979857,0.06704417926026147,0.26272853561232395,0.49569286389491624,0.9851875
CH0003390066,0.25896013468134527,0.5850138938062561,-0.375863931221393,0.17068118788142025,1.1616879540456373,0.676875
GB00B1KJJ408,0.15113951832913847,0.1237190097825741,-0.03850898758255236,0.14481061202415,0.36665265972987837,0.9063125
NL0012747059,0.246567830212972,0.36163532828697137,-0.2350976324126793,0.19533957985542566,0.8884944807687125,0.7565
SE0017766843,0.16793787903933974,0.3616405236201184,-0.311679412545019,0.11924586655561956,0.7964911731135219,0.6605
JE00BJYJFG60,0.9237224482268557,0.7827057214037938,-0.03673957583012682,0.7936016371190245,2.3052859849318352,0.939625
SE0022062196,0.04285964923566908,0.28871662494996303,-0.3485512821032793,0.006811717802057256,0.5651585785779486,0.5109375
NL0013332471,0.6551795500241424,0.9181775406068403,-0.2141407036520094,0.5185977711955005,1.943071527359009,0.8605
CH1169151003,0.2905494004407816,0.21052198196702573,-0.021618573078323978,0.2726503463904067,0.6610583125034918,0.9358125
HRERNTRA0000,0.11033629655806343,0.44538607367094535,-0.44417973060339233,0.03384888067208954,0.9127059048019232,0.540625
SE0022447348,0.9265706823881587,0.7700034574643416,-0.03485400107655657,0.7946491732377229,2.337859571049196,0.9410625
NL0000817179,0.33037903885094877,0.3431816561211577,-0.1398035999139299,0.29146161880411503,0.9192255513065555,0.8604375
GG00BD59ZW98,0.7013014993957197,0.4242796206172683,0.10890151034756307,0.6486898875166339,1.460249754150701,0.9794375
CH0012221716,0.02054101868155162,0.08529728079494504,-0.11436699787362757,0.018020135837145738,0.16310645982577476,0.5904375
CH0010570759,0.11438670453150954,0.12906707690531358,-0.0809746461098851,0.1079554222809255,0.33388519340719197,0.832
FR0004174233,0.8062069988844572,0.5351185422508368,0.09363032125406878,0.7365379918196545,1.7465959142676868,0.9725625
GB00B1GK4645,0.30138170447564094,0.5180766607011901,-0.3410015275707491,0.21405825914531712,1.2235482350251128,0.7104375
GB00BMQX2R72,0.7978691273360529,0.7337028106099343,-0.0987875302932592,0.6710974099714145,2.1193029450567806,0.91725
FR001400A3Q3,0.009804345308396457,0.32712761046358574,-0.41003861570132144,-0.032991341439539926,0.5749971907748278,0.450125
DE0007297004,0.12488413790071687,0.2086168223785171,-0.18498658055660855,0.10868576534245802,0.4871413550367449,0.72525
AT000AGRANA3,0.05978028847404157,0.2428668889903293,-0.28658914575824396,0.03241236442138898,0.485832447809621,0.5643125
GB00BN3ZZ526,0.31831907961476896,0.19543467724607178,0.02297893006773699,0.3058861283823022,0.657649999892193,0.96375
DE000A0LR936,0.3636459902400421,0.3659145324440312,-0.1431788512508133,0.32092601316669017,1.01480545236006,0.862625
GB00B1VQ6H25,0.6042368012407783,0.2789357438217432,0.19478273782529978,0.5801421063610972,1.093976654455055,0.992875
IT0005430936,0.4254474831050892,0.4513180525669897,-0.17761844306437066,0.3671488927389548,1.233629676229505,0.8561875
DK0010218429,0.3112589044138268,0.45626691379425405,-0.28351941744289794,0.24048260972228813,1.1207742505043925,0.759375
DE0005773303,0.12920779359426657,0.11466017049507167,-0.04782852019564565,0.12380154544915428,0.3208231257116717,0.8859375
GB0000904986,0.34128626227915615,0.15440603324894944,0.10583240325030788,0.33216204371063185,0.6013067099773214,0.9908125
DE0006069008,0.13568802848177144,0.46465994448316267,-0.4342759438952011,0.0542758652147474,0.9606663103413358,0.5616875
GB0009039941,0.9413169097115801,1.0311054873089733,-0.06448803591483186,0.7876448526026831,2.415704848973924,0.932125
INE323A01026,0.13420154909059254,0.20977275741253945,-0.17121475617930268,0.11665674092842657,0.5015379831312743,0.7424375
NL0010273215,0.2531024701336072,0.10154452318045111,0.09608571505337773,0.24827241446531742,0.42474481523424584,0.99425
GB0000456144,0.06999793028947665,0.10392876641259115,-0.09212158994826915,0.06493780139675479,0.24648405694824788,0.759625
CH0003671440,0.6611629174874413,0.3578287546975479,0.15804386402697781,0.6224508882849633,1.2959550460877238,0.9870625
SE0000108656,0.0749315932019528,0.10862910742378991,-0.09111387852286534,0.07008743218997851,0.2607009857503002,0.765875
CY0106002112,0.3317656176043294,0.22564127232989464,-0.0008500300096804121,0.31326401080321586,0.7265949460890994,0.9498125
BMG0702P1086,0.3999720826368225,0.35136604694223755,-0.09021331382841198,0.361638696664413,1.0199383386992371,0.9035625
FR0013030152,0.5924230751025292,0.4518256981326262,-0.019374238131681775,0.5292504649889223,1.4062051647118239,0.9434375
DE000A0LD6E6,0.2330260329728735,0.21203556189305484,-0.06046321031556664,0.21623169865961112,0.580677241919857,0.8991875
CH0008702190,0.5371865196168935,0.21252800772145217,0.21540426802751675,0.5226490209403858,0.9010848152211467,0.996625
FR0014004L86,0.1738748094849157,0.12102481199758106,-0.012706919668469936,0.16753050221123006,0.38257463678772263,0.937
CH0126673539,0.21978889933836496,0.17494235677017392,-0.04549828395818241,0.20775391043733105,0.5243222948363602,0.9123125
GB00BPVDXX64,0.08465296962482707,0.16550928372426285,-0.16149185978788297,0.07049570743692576,0.3790943196561599,0.688125
BE0974362940,0.4590457472315593,0.2923417492454891,0.03695973003610874,0.4304843952426427,0.9679002308432598,0.9655
GB0030927254,0.04700395319923798,0.15775458754775332,-0.18961269785024915,0.036260045498721055,0.3180810426818089,0.601125
GB00B4Y7R145,0.1481863797922121,0.17358327363036397,-0.10723016295505225,0.13484972392507472,0.4516478388534608,0.8156875
NO0010748866,0.7520112607372182,0.6965425966385158,-0.13448530775973494,0.636493402206809,2.014826781339672,0.9051875
GB00BTK05J60,0.11099336190823995,0.12290009469484847,-0.07983743813788081,0.10507265950256427,0.32373075256592154,0.8274375
GB00BGQVB052,0.9868288300869711,0.806468158573635,0.0002470895829073602,0.846058154379772,2.4528065731150077,0.95
ES0130960018,0.031830829019314985,0.10227772001356641,-0.11934077411056965,0.027597162632806496,0.1993243551817095,0.6205
FR0014005HJ9,-0.08370598070454133,0.15208706136903552,-0.309063026594287,-0.0960518542819952,0.17968541266675872,0.2556875
SE0003849223,0.520054535495323,2.957236292968268,-0.24850848229284314,0.3946073619021546,1.5887411951695447,0.823125
CH0010645932,0.13755314604898114,0.11001712748109412,-0.03072024798694684,0.13094563431015463,0.32641819377636394,0.9075625
CH1101098163,0.08087617322770035,0.15344973442251855,-0.1499823144646713,0.07051828930502188,0.34666400558294,0.6936875
SE0005190238,0.15500249036622665,0.11767067101700333,-0.02521043038912532,0.15084287582147113,0.3524004520500128,0.9190625
AT0000720008,0.07079044521640142,0.18580484526018412,-0.20516788160716679,0.05422267736465171,0.40212224096125143,0.632625
SE0005999760,0.10789084702470089,0.25312481243511675,-0.2490492774627047,0.08154891181838508,0.5501575288851217,0.65425
AT000000ETS9,0.4516854946810224,0.611444539392136,-0.27592277683261396,0.34246839851746247,1.5329331986620789,0.7970625
DE0006580806,0.6572764521842613,0.4678230015044615,0.07754123817381388,0.6090683889983587,1.3883506089093514,0.972625
SE0003303627,0.1848736988302187,0.3545785358755625,-0.2908427936032705,0.13418713568719043,0.8216785715953122,0.68175
SE0011870195,0.636682559914675,0.4395211232311853,0.031170626556690888,0.5835206589168224,1.4173707353294394,0.9583125
DE0007164600,0.47093287338171286,0.1385275608529643,0.25877919486927375,0.4641349558754635,0.7086436997902525,0.999375
FR0010485268,0.7694431644550274,0.7122696435391803,-0.10628763516006709,0.6483058535023202,2.077355325501179,0.9128125
BE0003735496,0.1323907396863516,0.2578977231876942,-0.23210462128894013,0.10538399045328772,0.594252182206,0.6829375
DK0060079531,0.32281990606145805,0.1279779330257156,0.12457903873572873,0.31698178935587734,0.5402425542856684,0.9955625
GB00B1XH2C03,0.6942391456449661,0.8492131690440695,-0.24245431990852848,0.537374997076742,2.112677416596454,0.855125
NO0011202772,0.06832227890377635,0.12928240206189476,-0.12668094916381578,0.06208952260408345,0.2876234813791653,0.70275
SE0000108227,0.04036398749813641,0.10429696029951163,-0.1208046798920532,0.03517119803495823,0.21862458783215677,0.6463125
SE0001662230,0.3016879274392136,0.2684045781064643,-0.07852303173267042,0.27399280465373077,0.7709526647094783,0.896
SE0014401378,0.4577825413618506,0.34900230645229646,-0.02430956925721747,0.41812767267087697,1.0826661463110945,0.9398125
SE0000806994,0.26558223258159325,0.2883041828132765,-0.13816959256082073,0.23273579851786785,0.7762453911455086,0.8404375
GB00B2QPKJ12,0.32699520956658373,0.19331993045545903,0.031522632418412536,0.31783939301031705,0.6549236014468764,0.9655625
SE0011204510,0.445345003879126,0.5778679918122911,-0.2648135293434741,0.3442640979946523,1.4865310202502593,0.80075
CH0012255151,0.010271943314472284,0.1048134793221582,-0.15110080380241692,0.004973251280213142,0.18820377662217988,0.52275
NO0010081235,0.0301276448036142,0.17059953953225285,-0.22245954104951704,0.01573312798333402,0.32205312702601896,0.5436875
NL0000379121,-0.06788996865072099,0.10495385858849893,-0.22943984690610864,-0.07314417688153343,0.11140184867112937,0.2340625
GB00B1FW5029,0.4928974965010245,0.22919108594856885,0.15366527786781908,0.4772032359487288,0.8863823105763389,0.99125
CNE000001LJ2,0.2559153199627845,0.2576397953486112,-0.11376490384719591,0.2320409675845502,0.7172927905840398,0.8604375
SE0009997018,0.3577881858263258,0.2632789692926085,-0.023794053371603292,0.3302475250750071,0.8252030245602677,0.9356875
SE0006220018,0.4251194766585754,0.3460695248439177,-0.0623453099338994,0.38625341043407313,1.0532050898808636,0.9194375
SE0017105620,0.5610882886957231,0.32519825176191014,0.09265909936151674,0.5256552746521016,1.1471008386770851,0.9781875
INE880J01026,0.11025616558242404,0.1127960557666636,-0.066270846116649,0.10584322579556099,0.2989489302585439,0.8496875
FR0000032658,0.5352005752147766,0.4365543347458334,-0.06030637645157232,0.47658821100247806,1.3192027350672064,0.9268125
SE0000101362,0.4565213954391078,0.2993513775520961,0.021229068479799232,0.42888851496342817,0.9797488243721134,0.9586875
IS0000000040,0.231026829447994,0.23945814200800938,-0.10960417221095893,0.2067661532710206,0.6568770528086249,0.852625
SE0014035762,0.5732586633930699,0.5024236728623667,-0.01930527515149481,0.5183959434587032,1.3395109919635872,0.942
SE0000122673,0.478132090320147,0.8148517615462371,-0.25886213736409386,0.36987676800071956,1.5361366014738158,0.8133125
ES0144580Y14,-0.019856855952802423,0.08576557196241028,-0.15383262329064004,-0.023013766694592826,0.12416019695866158,0.38775
CH1256740924,0.10501137679315084,0.10871555041152124,-0.061725990601909315,0.10021747967598857,0.2906971503675509,0.8425625
FR0011476928,0.08175154520531479,0.21974217111156474,-0.2318548155688999,0.058901752333859726,0.4810793476831889,0.622125
SE0000202624,0.06161378518468974,0.14758488423093458,-0.16298794533420863,0.0531974588882896,0.3105355779683039,0.6553125
FI0009007884,0.21515870221534475,0.12180366273244517,0.02738777826842023,0.2097192404472105,0.4241350340418075,0.968375
SE0017769995,1.5261266641610662,134.16364888625986,-0.13583651525846774,0.4014373580131454,1.287756471547995,0.882375
SE0009216278,0.2650857798729052,0.2613529160242116,-0.10935869649711706,0.2392458862279918,0.7280035985192671,0.864125
CH0001624714,0.5209248567329521,0.44508631119954917,-0.07678682095080162,0.46443798567124983,1.3079429123737258,0.9179375
FR0000050353,0.21522346060245667,0.18346785988732062,-0.05680692556509204,0.2014025269716177,0.534721511290517,0.8985625
FR0000035370,0.7178008748770103,0.6859727062186913,-0.13968010939606854,0.605685931572246,1.9612698331080016,0.8999375
GB0032036807,0.6178525705523841,0.3899920412020401,0.07554561815433194,0.5686694236094649,1.3241842634230387,0.9725
FR0000054231,0.4255129023921424,0.3875199594129708,-0.10774538390379042,0.37398185056414096,1.1183351146632943,0.895125
PTPTI0AM0006,0.2917868104066739,0.27637631432339943,-0.10115769871920002,0.2604500334907607,0.7775551365313771,0.8800625
CH0025238863,-0.02781993878400464,0.09500651026714242,-0.17670475097444244,-0.03173178933441353,0.13428356478581474,0.3581875
SE0010948711,0.5651492594776519,0.4639020232631293,-0.05274904715612292,0.49714821835722267,1.3955451555633223,0.9284375
SE0006261046,0.3249686976465322,0.5343665470361385,-0.3317427047619292,0.23360661203902042,1.2900008543466468,0.7264375
JP3721400004,0.5718160972062692,0.2947942837467589,0.1400173820072565,0.5472471114107588,1.0948749540071603,0.986625
SE0012481133,0.2607468558896653,0.3360408893737676,-0.19637872236706425,0.2170834919485512,0.8630061258489895,0.790875
AU000000TLX2,0.5479736591955063,0.21465209333648075,0.22384092495951266,0.5338954891763203,0.9218982984146346,0.9975
SE0017486889,0.14449937688318262,0.10797822986063092,-0.02345637861759361,0.13833017589593488,0.3304436541193192,0.9219375
NL0010832176,0.11397715231406941,0.12149346626295134,-0.07380951541085101,0.10751801137788483,0.3204518284775774,0.8414375
NO0011016040,0.4750496261525607,0.45140031611744785,-0.13323346026172783,0.41214352965532064,1.294792502848196,0.8869375
SE0000667891,0.09982550225826224,0.10793412771227014,-0.06754210000919342,0.09424612720251403,0.2897721096573357,0.8345
CH0024638212,0.2397598333219878,0.14593272470634056,0.019405605070978424,0.23043050579752905,0.4906739778397714,0.9624375
CNE000000S01,0.5308050191205725,0.28948008624900423,0.1142680860043849,0.5087998467631877,1.0386580522499818,0.9838125
SE0006425815,0.4494594115790429,0.5865570120929627,-0.2688097521577461,0.34457499717441026,1.5092640245972937,0.7971875
NL0012866412,0.2668775765564686,0.12974202371483176,0.0661167911408607,0.26113580309090134,0.49017804903912193,0.9859375
NO0010208051,0.1048930484059092,0.11220564977502433,-0.07045910251266144,0.09948362919691436,0.295382195285917,0.8411875
SE0015988167,0.7003979160739163,0.5997402039862614,-0.08165308825889583,0.6104287283887145,1.7784098097919758,0.9235625
CH1499059983,0.07221889735952354,0.11015426036768257,-0.09773905312428403,0.06616189891134146,0.2613639816991356,0.74775
NO0003033102,0.051713158256994546,0.28690969156904234,-0.3360502026848596,0.01429509195641497,0.5632918600144865,0.5234375
CH0030486770,0.3219577025867362,0.21881664332185893,0.0014714513199824634,0.3023638881866549,0.7170183817701073,0.9505
CNE000001C81,0.21534618403247385,0.25709029615908396,-0.16095126312064262,0.1901008232044332,0.6722136539646574,0.810125
FI0009000681,0.22483963622442635,0.14537878142529304,0.005521567654284812,0.21449607812036087,0.4711896002886975,0.9550625
AU000000WES1,-0.12517910912038588,0.10363359927849329,-0.28146597152708913,-0.13211400225079403,0.05581422274904794,0.1026875
KYG989BA1027,0.25704760181522995,0.22755461346246392,-0.07882645558884263,0.23815621793056024,0.6615012713023715,0.8901875
INE733E01010,0.32267606209262917,0.10690197097014253,0.1602945553673864,0.31586230108621316,0.5041389060858508,0.9985625
SE0009922164,0.004773609427486235,0.10766683186036181,-0.16285094455393825,-0.00033720875589544636,0.18924681848247932,0.498625
FI0009014575,-0.028361459295721047,0.09575859186846047,-0.1785755080479943,-0.03190870250968853,0.1363211716064162,0.3570625
DE0007165631,0.2978083938840323,0.1309904338037745,0.09361841077014627,0.2904562768644053,0.5218463841297241,0.9919375
FR0010533075,0.14749693128788835,0.12235109795701563,-0.03966147494509311,0.14147800129206012,0.35526022195000695,0.90325
SE0017131824,0.02470901192891982,0.2925097292167443,-0.371409634418624,-0.011985878190191611,0.5500212081312832,0.481
NL0000852564,0.10299443718052816,0.14772053872542584,-0.11961407001348077,0.09319496321154308,0.3581515761909337,0.76625
FR0000121709,0.5439767552233977,0.21488419531017666,0.22436732432320436,0.5285324645158164,0.9142291416829671,0.9978125
FR0013154002,0.35894270623858093,0.1542801828000345,0.12301353395520567,0.35041302923733986,0.6203767068661743,0.9950625
JP3818000006,0.3917897510579132,0.1794214463749303,0.1215131571159332,0.38018695681405357,0.7020683055247687,0.991
NL0015000AU7,-0.006707517606328702,0.11745456675235051,-0.18558011064488314,-0.014690808704225889,0.19695017820393906,0.4465
SE0000667925,0.0843346611949758,0.11138322897015338,-0.08643118030446732,0.07878572224942046,0.274053837593378,0.78525
GB00B125SX82,1.0469977943828321,1.9915717781625306,0.020765030535555586,0.8931347768427209,2.467411652982762,0.95475
SE0014781795,0.20980650803248518,0.18538538110297026,-0.06877100840835504,0.19659358517689512,0.5320678577241076,0.8879375
SE0015949748,0.27091587006818396,0.1822169085717993,-0.005370567249005259,0.25939858860901527,0.5958838854488336,0.9469375
SE0025158629,0.008532936753186664,0.23148950106217647,-0.31248607685910923,-0.016862448115972806,0.4209956310261756,0.4666875
JP3869960009,0.013985988246026416,0.14129617366873123,-0.19881928958082543,0.005990720493017559,0.26025966684971014,0.5176875
SE0006993770,0.11435328592418353,0.19336704304484384,-0.1717543500844205,0.09661854808266926,0.45244103788543405,0.7203125
NO0003079709,0.24245721616499477,0.24788522057650905,-0.10460365750746217,0.21867228259602914,0.6695496297058435,0.861125
SE0006288015,0.21596662027015207,0.25580667516342204,-0.14870343416944853,0.19084006386179292,0.6684804277386415,0.8195625
ES0109427734,0.10997538921858654,0.15537952413374784,-0.1280455105364584,0.10098498131001563,0.3794112678522969,0.767875
DE0007667107,0.49127679435010024,0.24405759459547754,0.1275452455006062,0.4707803750496422,0.9243770233613341,0.9896875
DE0005104400,0.4809846713728773,0.2535059356938759,0.1100585735456265,0.45942503620220576,0.9256080128607558,0.983375
GB0031852162,1.3453213254160792,0.9460859261654395,0.18924085391622764,1.17457004662821,3.047252081208772,0.978875
NL0013267909,0.12365747715198476,0.11788859140986417,-0.05951150043999561,0.11696163596621972,0.32341499986049105,0.8673125
GB00B033F229,0.29825971350800473,0.15168113557327126,0.06813022980538844,0.2871729029658152,0.5573229539266975,0.982875
FR0000120172,0.16917788328360242,0.13867688015469712,-0.0403254127226967,0.16055852279760205,0.40784642785308783,0.902625
NO0003078800,0.19256099539314045,0.2122168049896835,-0.1200011641726094,0.17404241895567626,0.5595215942939341,0.8338125
SE0006422390,0.3817530089438549,0.21269816699962332,0.062238556664271555,0.3668756080353984,0.7452746921908118,0.974875
NO0004822503,0.1905450967405209,0.7393111744734563,-0.15167039686077866,0.15675640659258633,0.5959367069039554,0.7925
SE0000862997,0.32431498289335425,0.22384855480398433,-0.0022245781943828237,0.30786187936530246,0.7214772296891431,0.9485625
SE0022726485,0.23529911005611137,0.2890219136042254,-0.16664649359676234,0.20083088109768343,0.7495505720503887,0.8095
FI0009000400,-0.054443321215961266,0.2223191057277871,-0.3707741869109591,-0.07914164086039555,0.33587783798518805,0.350125
SE0015671995,0.5570074566298815,0.2758853284985806,0.15280390365737115,0.5345483606416316,1.037635304764164,0.989625
SE0004840718,0.569786308948042,0.3041149139135861,0.12346937426551213,0.5427852304953604,1.1142038481105414,0.98475
SE0010468116,0.224689891026118,0.23246921159133385,-0.10752750633627428,0.20477301272713333,0.6263264028428213,0.8548125
SE0007691613,0.7851215004568346,0.3694175226539117,0.2645893559308698,0.7427356748723044,1.4547290593564801,0.9960625
SE0015961982,0.13779135597623995,0.20909998569970745,-0.16728215558423717,0.11875958269963319,0.4993039433258569,0.7525625
SE0009858152,0.7127801033157195,0.335768824931918,0.2265275784024028,0.6837696362046521,1.298135640630749,0.9946875
SE0011205202,0.7032508206846105,0.3608489494537377,0.18605158998032936,0.6697869702478823,1.3193142817950103,0.9905
SE0005999836,0.5378044412687156,0.3637755662049624,0.02084221911817432,0.4963995769720312,1.1884940390231526,0.957125
SE0016074249,0.23941003388459825,0.2581242756903103,-0.1287869604398398,0.2136496142211715,0.6846317834517012,0.8458125
SE0018040677,0.14804619108074987,0.28257415472072256,-0.24413924559937306,0.11434877556893386,0.6633970268268888,0.686875
SE0017134125,0.19237881764640333,1.178095036663536,-0.40963861757810316,0.10185039187485417,1.054048372267053,0.6045
SE0012116390,0.7313591609142386,0.7025318581342933,-0.14716476542293452,0.6145452363595157,2.0067522093949295,0.89975
FI0009006548,0.1358864848275335,0.32799345878688135,-0.30710122990041955,0.09189192069428442,0.7205513794114372,0.6356875
NO0010861115,0.5699007421096862,0.6181678470335952,-0.20597730023096264,0.46348005373167556,1.682590067963111,0.858625
SE0010547786,0.18576111559869166,0.36047139022947133,-0.29555223262164465,0.1364912287346254,0.840387070941224,0.6798125
SE0008040653,-0.22995760240990082,0.2268367307946464,-0.5380600922463786,-0.26116561970594687,0.17864423303207447,0.13475
FI4000049812,0.1269225622744456,0.24852290434022384,-0.22730666171196512,0.09925411776622878,0.5744069360283455,0.684
SE0010468918,0.2548895464457235,0.3094615293852257,-0.1753061189061266,0.21830129125424053,0.7955543879876837,0.8091875
BE0974313455,0.19589641155658594,0.27515215310300545,-0.19723187604864742,0.16609864286990106,0.681128834394772,0.7670625
TW0002344009,0.43129966023932065,0.3343100189526257,-0.043544342473179155,0.391703541087333,1.027355843861958,0.929125
SE0007158829,0.3202900469337189,0.2722113402016284,-0.0774330118562608,0.2959480265690998,0.8004360235173487,0.9026875
FI0009000251,0.3583949973321016,0.5590354979719122,-0.3200793214372133,0.2628279534213209,1.3533876069832522,0.7491875
SE0000616716,0.4572698655817027,0.5883348376710549,-0.2679935393620371,0.3558744003113333,1.5033848514044472,0.8091875
SE0000123671,0.5320796195049862,0.4254834818801651,-0.0456413717862949,0.47811148761477484,1.313988137540795,0.931
SE0008091581,0.40666253176397005,0.3160406412844583,-0.048537404116644596,0.37500675416451484,0.9567698874208649,0.926
CH0542483745,0.30951788705749755,0.5177260413004253,-0.3348541850298803,0.222083707842116,1.2562769320178504,0.716625
SE0002016352,0.1915853262527381,0.469786285546877,-0.3939504543609291,0.11617894961321182,1.0356559878685703,0.6215
SE0009697220,0.6626109155168192,0.486070951852237,0.015600486523443759,0.597895397342599,1.5095911148461965,0.954875
SE0015988373,0.8199441377569078,0.821362170090285,-0.08366313508408725,0.689277510275346,2.1252882976511005,0.9220625
SE0000115446,0.01718677957643489,0.0983706589588578,-0.13403732213684819,0.01157160179441609,0.1872296546300283,0.5506875
GB00B2B0DG97,0.40452781653472225,0.1691175608763895,0.15165164039149412,0.39390328889263226,0.6956718486135489,0.996125
ID1000188303,0.606410323196443,0.2964563338686732,0.17221150199802057,0.5793358922111735,1.1292403583590178,0.9904375
NO0005052605,0.12826434960714436,0.12549266522947897,-0.06329832420246645,0.12035897555555383,0.3481174162499092,0.859875
SE0001515552,0.15351012406730763,0.16993004308262047,-0.10054277673923127,0.14007865173317224,0.4502954281825872,0.8285625
GB00B0M8KM36,0.6039084959230203,0.6655458648840377,-0.20769857868372488,0.48808784314478143,1.7808720405599023,0.863875
SE0000233934,0.2636918993979949,0.36711797443062066,-0.23450435295563077,0.21393497110429366,0.9287584472613053,0.77325
FI0009900187,0.4977489823447325,0.6439517490275285,-0.25098726418041645,0.3922410494942601,1.581050827618156,0.82175
FR0000121329,0.16790719300379006,0.11668408637679097,-0.01248231152823034,0.16192550714945925,0.36760026457210904,0.9375
CH1335392721,0.1716847469248795,0.12261440567009124,-0.01666815734751479,0.1644847336520156,0.38299995533960457,0.932875
SE0021921269,0.027244110977789924,0.13560414916589802,-0.17633143077026683,0.017688202000325205,0.2597656742680705,0.563875
CH0038863350,0.15114515657154096,0.10323074376073937,-0.010167831933301459,0.14657906361473333,0.3255428035619427,0.9375
FR0010417345,0.7645707402027934,0.7544712631578343,-0.164750527198495,0.6279103691042972,2.1508919580385313,0.892625
SE0012673267,0.08463531399625336,0.12243294535061895,-0.10071009592529684,0.07673296656290322,0.29896077436387786,0.7625625
SE0000114837,0.08505667822732806,0.1393574708282377,-0.12245960827702082,0.07594856847727154,0.3249496768236346,0.72975
FR0000121220,-0.00828250870746242,0.10092560710119267,-0.1641536029922972,-0.01232857805699011,0.16569719435309974,0.445375
SE0015960935,0.24100628268315205,0.3185977971658791,-0.19729408531195256,0.1997805004854009,0.8149413797983972,0.7873125
SE0000163594,0.2156019645488537,0.1503210361622862,-0.015804136001985304,0.20576424836889856,0.4747522674127155,0.9371875
SE0014990966,0.30192138528499435,0.1956719388155073,0.012326761119674047,0.2851616798850939,0.6491727759360557,0.95625
FI4000571013,0.16338377393642362,0.22253219236961247,-0.1554330537384182,0.1423617961981199,0.5560063020841013,0.778
SE0007491303,0.017544754414334698,0.16127744204932684,-0.22286801630943984,0.005147103917393763,0.30149631089193335,0.5146875
CNE100006V65,0.3687611033536381,0.20626386584648426,0.06290258815612215,0.3523031289224072,0.7255694891662071,0.977375
JP3574200006,0.11108987492779791,0.1887097287726107,-0.1654849706344656,0.09392157709865534,0.4505919772585386,0.7245625
SE0015949201,0.11626188527993599,0.17145283681401577,-0.14267779336925399,0.10561956110238502,0.41378359299467693,0.7565
AU000000GMD9,0.41890631227872843,0.1953178418681048,0.12006974783105166,0.4049571969966253,0.759325710801541,0.9910625
SE0000112724,0.21023930137845512,0.13638087320964046,-0.000954937482574173,0.20283163542305152,0.444042010874248,0.94925
FI0009005870,0.5094654292755263,0.30531344991919684,0.06552256619770583,0.48031236172456676,1.0526604664942103,0.972
GB0005576813,0.31762161823735174,0.14178524534208625,0.09936074559846492,0.30956451095109483,0.5616057043511659,0.9913125
GB00BYZDVK82,0.014424965613607753,0.12358260952470215,-0.17017510341655567,0.005402540288366015,0.22885791964520438,0.51775
AU000000SXE9,0.15703950434520728,0.24480612892149387,-0.19249817875921515,0.13428773008387282,0.576893009364697,0.7451875
SE0009806607,0.32716829592294655,0.2059805635974048,0.031333812090058255,0.3122691385006847,0.675545040590707,0.9664375
SE0007074281,0.14341861292168787,0.19496278351844853,-0.14708269483938377,0.12815115000281896,0.48769486023662845,0.77625
FI0009004824,0.1882971960487416,0.21133078742068115,-0.12258978425571189,0.17099505694535838,0.5625150079839326,0.8285625
GB0008085614,0.36142897725478895,0.21608973295860895,0.04167924269450511,0.34383595618189466,0.7357606701536007,0.97
SE0017483506,0.19979434215278502,0.24667141892182864,-0.15681998122620563,0.17590846528818882,0.6372087060879489,0.8065625
CH0239229302,0.16895754530233761,0.19502724117735676,-0.11848058230240792,0.15316359070239902,0.511773951000117,0.82075
INE117A01022,-0.11076447023773886,0.07312137394108731,-0.2259457983204722,-0.11289341969898875,0.011860503918155468,0.0654375
SE0021628898,0.03745169580827357,0.13376323022342754,-0.1668331227875556,0.029096664258134904,0.26876391015303064,0.5970625
AU000000MP15,-0.04881715830790408,0.11246751086796028,-0.22036897971041738,-0.054651441480413385,0.1415520328812204,0.3055
NO0012470089,0.3637563828981236,0.22404445621230232,0.02556959957270274,0.34991155016730857,0.7440128903395213,0.96275
CH0024590272,0.3020782427530431,0.24060693245195602,-0.05411214291529733,0.2815511488973479,0.7217944849101919,0.915125
CNE100000619,0.25934029034399764,0.2586972910928855,-0.11349045115097402,0.2362960945761024,0.717234389678999,0.8601875
FR0000124570,0.3210808392289377,0.22036705279311508,-0.002439047010023604,0.30601519685303125,0.6926879348077031,0.9484375
JP3573000001,-0.0023471580024254216,0.18929548267132684,-0.28054605175562264,-0.018258952746524986,0.3201335359858589,0.4588125
FR0000073298,0.3773269707971076,0.25760034681824023,-0.002784300165183896,0.35599751242956584,0.8223664539898414,0.948625
SE0001852419,0.4251738014802741,0.3664607337344018,-0.07858439569353576,0.37928584842254887,1.0770598384547279,0.9128125
SE0003756758,0.489262940994166,0.3177147200353933,0.07286826782666972,0.4592899838747794,0.9990711319715422,0.976125
FI4000252127,0.39589366843365575,0.4524417405044542,-0.18896953338465391,0.33134658553114416,1.205443222864246,0.834
IE00B010DT83,0.4802102849896971,0.391651386350718,-0.06547587621690318,0.42772618923149897,1.1990726309824364,0.921125
KYG711391022,0.6045050276197014,0.27102613698583544,0.2118150405169162,0.5792238464879752,1.075878625354674,0.9955
SE0017885767,1.0317047414179215,0.4580489513297011,0.3846092692542437,0.984614081605967,1.8325515939012957,0.997125
SE0025010671,0.08138716416088441,0.33268095056526287,-0.33900622334519603,0.04005594805201647,0.6443748158347913,0.560625
SE0011090547,0.19133334325046533,0.24629549945710136,-0.1618753061111468,0.16535820023692518,0.6260683586017025,0.7936875
SE0017160773,0.27663434726648567,0.3138321065904776,-0.1535440225746462,0.2406728633157803,0.8181980553786873,0.83725
SE0009921588,0.13844855666188852,0.26243518612487077,-0.22462275541548823,0.10988175200177563,0.6032223631294658,0.69625
SE0007158910,0.3170162602279229,0.3917226085754843,-0.21068759664622447,0.26573310577040105,0.9918779246624511,0.808125
SE0007871363,0.8299186744586382,0.34837759271191937,0.33844857283473445,0.7991010282253151,1.4171271623029662,0.9981875
FI4000029905,0.1802293704966602,0.28601190240159524,-0.21019441274359624,0.14767494795761546,0.6781891006085755,0.7378125
SE0009922305,0.3169911727954823,0.28051552934512225,-0.08363556988471864,0.2880620158957866,0.8116120042675525,0.899
SE0000671711,-0.09953043828853032,0.2174571088966882,-0.406530803983352,-0.1226869836054828,0.28579936403350953,0.271375
SE0015346135,0.07787334488216989,0.3602871509716793,-0.3517721253306019,0.03166559456446974,0.6575551877111885,0.549625
SE0000421273,0.4985786079021825,0.3958131366038313,-0.052358388136004186,0.45222419144986814,1.2037429554842358,0.9288125
SE0000119299,0.42911153262124335,0.40017435896559284,-0.11731390217800111,0.3799738614678219,1.1447562746063844,0.891
SE0010985028,0.9719802784301519,0.5682405943452439,0.21230425038531026,0.8927960071384929,1.9914064603085586,0.9875625
CH0126639464,0.18784714673212927,0.3968781911297834,-0.33474728354846917,0.1304153769564377,0.892626061794595,0.6595625
SE0009160872,0.1888216903472578,0.36733188205985484,-0.2712417655066128,0.1396842591279271,0.8179324648736898,0.6950625
SE0017562523,0.24337793368181124,0.24808064692666307,-0.11509479437243218,0.21910249384045272,0.6817826595277193,0.857
SE0001161654,0.5642927779905024,0.4395967580812729,-0.027180119794971064,0.506389567743001,1.3496509622723059,0.9395625
CH1129677105,0.7472547425266385,0.40806037684851176,0.17935038071237103,0.7028108775184534,1.4813584717225114,0.9885625
SE0010948588,0.5342310078539569,0.4806365541617607,-0.09815962483557472,0.46793790383987754,1.385721093595765,0.906875
CH0244017502,0.43153062084229044,0.25498129762765503,0.05853432968956902,0.4113363230282635,0.8734552832869321,0.9721875
SE0000998650,0.23837601946870418,0.3539348342548906,-0.24094163828219062,0.19509020239368227,0.8582441995675995,0.75825
PHY1001H1024,0.24323062006994062,0.27835799961916746,-0.14837556690425452,0.21098727049120275,0.7449621750261199,0.8258125
SE0009143662,1.0748103960704267,0.8133506538569989,0.13748942083136653,0.9485249050372664,2.395586762987356,0.97625
INE013P01021,0.38322973030228397,0.30671506401298954,-0.05012454822313544,0.34828947307841596,0.9164529209284946,0.9228125
SE0011337708,0.3947022661059647,0.21386717014790102,0.08000106512050265,0.37762506675574226,0.7658766266306155,0.98175
FR0013176526,0.025054325578150724,0.16168296907988108,-0.1598312434402609,0.01581667886042301,0.23385194877597446,0.558125
FI0009008270,0.10218871109133505,0.42914115162958544,-0.38476628932358253,0.04228091277867753,0.797685128803916,0.5551875
FR0011040500,0.3397971510086666,0.22915852085385985,0.0038170047030089854,0.3201587513937302,0.7414880962697565,0.952875
JP3381000003,0.13366789681222888,0.17075240975731198,-0.11764752186394185,0.11955934229836523,0.4324886058589781,0.7946875
DE000A2G8X31,0.6764494823767734,0.6067675145186309,-0.09400209598491403,0.577429676011408,1.7695546945109661,0.9171875
SE0000526626,0.25230503688419814,0.3822152482754719,-0.26384644000306345,0.20124269457410943,0.9494803191627174,0.7458125
SE0016074256,0.2947382106196204,0.5127302996262281,-0.3484780102974768,0.20685666110475565,1.2189340786854508,0.70425
CNE100003JJ1,0.5286886107807264,0.34503453643639675,0.04372462369701662,0.49046550486266893,1.1467523214550743,0.965875
FI4000178256,0.2449006866321421,0.3416438232780313,-0.21490979693668508,0.19961077747910624,0.8425612207832673,0.772375
SE0017615644,-0.11459936872792373,0.17161462708939842,-0.3626124769062361,-0.1314486115867161,0.18597001927094486,0.2178125
JP3659000008,0.1272599505154744,0.142675092296823,-0.08488334636302773,0.116629372763658,0.3696812046209461,0.830875
FI4000476866,0.0645351237690011,0.436670323640774,-0.4586208256579846,-0.006602001644703606,0.8333434820870284,0.493
KYG4602S1057,1.0958472036214115,0.2636458425733559,0.6962070566739152,1.0771921188104885,1.5505065030839829,1.0
CH1248667003,0.11229366539818517,0.24660577903438652,-0.23476694535915782,0.08881996854653981,0.5437846904389751,0.660125
FI4000571054,0.27389409788941815,0.23602771228954894,-0.0664329923811698,0.25334475171807025,0.6871913973909639,0.9016875
FI0009003727,0.07139826515878502,0.12381470905560872,-0.11634310923188027,0.06419101652288997,0.28422164281456663,0.7215
SE0000695876,0.03776118339857042,0.10569450498763018,-0.1277591577052762,0.03255644195746611,0.21855975665123104,0.6376875
NO0010096985,-0.06088947190387848,0.08184965296158571,-0.18714338888249446,-0.06479307289179762,0.07749837372530491,0.203875
AU0000390544,-0.028791273045919424,0.1151789534361495,-0.204742848098115,-0.03515586489985799,0.16941254147579207,0.371625
GB00B4QVDF07,0.9349732643181671,0.7692514652019931,-0.03394352583992331,0.803099789205806,2.353308165471379,0.9418125
CH0012005267,0.01832343297686618,0.0952506866000435,-0.13058403742504762,0.014212508402517015,0.18142578099185905,0.56325
SE0007100581,0.1778435902557917,0.10892526180340915,0.01052836384600237,0.17303332362717475,0.36624369357550596,0.9599375
SE0000872095,0.11239594025506938,0.13937538006279707,-0.09917360426523578,0.10341358314652888,0.35546827382726087,0.795875
CH0012453913,0.2977791854662625,0.1559670854861662,0.06006683343661112,0.2894908289336955,0.5621984172646208,0.9803125
NO0010736879,0.16756375342601498,0.5274236242328652,-0.04756236075680195,0.1516257317275745,0.39734655883131026,0.89725
FI0009005318,-0.17143782644357605,0.12542866214073792,-0.3561250676581699,-0.18013031773533597,0.04162885823452959,0.0815
FI4000567029,-0.29365640649568103,0.15030011229322657,-0.5048615700897972,-0.3095861629980577,-0.02944792924740316,0.0383125
SE0005878543,0.3155018760227609,0.2996386839132499,-0.11185440594952138,0.2849407075374911,0.8472707249873203,0.875875
CH0013841017,0.29355982117804086,0.11493476323523946,0.11313434630365916,0.2895011995081438,0.48630953873820837,0.995375
DE0006450000,0.3582355695511917,0.4697742432653921,-0.23909856768283824,0.2859819460357793,1.192338491421306,0.79575
FR0014003TT8,0.19875730634699454,0.12933832373143583,0.001095468938198447,0.19129359544996505,0.4196511620672358,0.9509375
FR0013341781,0.6936158384943628,0.814015014501588,-0.24373468870331913,0.5400025002885859,2.134084256833598,0.8528125
DE000TRAT0N7,0.043446622025434194,0.11176153494971558,-0.12894707289210453,0.03700342848196943,0.23644882952821641,0.6439375
FI0009007132,-0.12310728661873069,0.09039736958573023,-0.2634534300502892,-0.12742277700157767,0.03214388797233421,0.0883125
FI0009900682,0.19699954268578102,0.2203180136442298,-0.12437199140824585,0.1760037550203654,0.5866229919090109,0.829625
FI0009000277,0.10928866203149346,0.16969370795370534,-0.14053152112338285,0.09713821195511352,0.40531365410467274,0.743
SE0000115107,0.5580869592275346,0.620390155214668,-0.2293391861395545,0.4595285428043544,1.696079944886893,0.8444375
ES0130625512,0.3540022400210864,0.21080965465298876,0.04462715000541578,0.3391467321365585,0.7172317292712415,0.9701875
GB00BNR45554,0.4477743781884551,0.5765640754383682,-0.2661832003128177,0.3487403420644619,1.5048939874879854,0.8045625
CY0201461213,1.4464262281567313,1.0043317724718064,0.21879397129089082,1.2696733324194946,3.246440587349366,0.98225
SE0015658109,0.11710769018069163,0.10633144745568612,-0.04825015975045522,0.11228786107853163,0.29854252654838287,0.879125
JP3539250005,0.15867249288183038,0.1505628205098395,-0.06898419003472153,0.14920887156084667,0.41869965878884685,0.86975
JP3830000000,0.070028033145551,0.20012329144495028,-0.2222165976111025,0.050509412218974634,0.4254063606938229,0.6144375
CNE100005YS6,0.5664333301560444,0.43821342486890613,-0.02915267845738356,0.5087639530555745,1.361391500466772,0.9380625
FI0009005987,0.15751824030145223,0.13074083757801067,-0.04050646668152274,0.14994972551614602,0.3824408021256137,0.9005
FI4000074984,-0.018741296170639247,0.17988554108961521,-0.2782295509925735,-0.03492883847057908,0.30230848334645977,0.4135
ES0105630315,0.41792739254202,0.18191681383411681,0.13938113637416227,0.40780742357640576,0.731776891180154,0.99275
NO0010379266,0.249046356192196,0.2487247359714292,-0.0987839679317756,0.22304399889101056,0.6769690047786713,0.8693125
SE0013747870,0.6190320120787901,0.47186120658928254,-0.021570019026097734,0.5531859836977183,1.4770146305200802,0.9430625
FI0009013403,0.17306675973930805,0.1134773417697854,-0.0021807494990973763,0.16696002571127783,0.36576067044125044,0.9485
INE463A01038,0.0865579648078225,0.09759464597431355,-0.06358986464892996,0.08107498960585455,0.2519747788005654,0.825125
NO0010063308,0.21904953457048856,0.11451655837429008,0.03941786065738339,0.214139609606643,0.4122857218738543,0.977
NL0000009082,0.1955360853578328,0.12132757662267328,0.009147899004114932,0.18822521795859773,0.4010919515876818,0.9571875
FI0009014377,0.05785541563144354,0.1918945094730454,-0.22184353650486055,0.04018270734540912,0.3951593840724456,0.5965625
SE0000171100,0.04194949445542482,0.11994592093803846,-0.1392200627844588,0.03380198975881196,0.2472749208353519,0.6261875
ES0183746314,0.23971269801841208,0.15405249619054145,0.0069988647270721556,0.23073117018576333,0.5072038385969646,0.9544375
SE0000106205,0.2266201199441981,0.25878872355403437,-0.1403154175454829,0.1989526558409998,0.6854648234639428,0.826
NO0010196140,0.23627037767600795,0.25548090219324165,-0.12947343264522787,0.21126578431969417,0.6841638476045785,0.840125
FI4000519236,0.23898211306443182,0.2529748855428603,-0.1244251192808602,0.21365925547129094,0.684699175655241,0.8464375
FR0000120271,0.15261086577461927,0.10335304420168709,-0.0066809400483718775,0.1477113634464013,0.3257653011241724,0.943
CNE1000051B1,0.6836004547911312,0.3831682089700807,0.144251621329615,0.6406121626227566,1.3698698469014046,0.983875
GB00B8VZXT93,0.436656709064353,0.20282222084243448,0.13055536541252066,0.4234662281019115,0.7926510226014148,0.991125
FI0009013296,0.07412367874968526,0.11045467061919634,-0.09576855574407422,0.06851779718797157,0.2643744570409639,0.7588125
INE242A01010,0.09345535837643046,0.09035417477717908,-0.04793893378133647,0.08961130091184252,0.24693705051506998,0.858
CNE100000K31,0.5840126846142788,0.3159985587106769,0.12432877458098432,0.554749732377396,1.147364971558676,0.98525
GB00BKDRYJ47,0.14759997490788226,0.17284723976915722,-0.11351381447406456,0.13549573925675856,0.4493795410074187,0.818875
SE0014960373,0.39646786008283313,0.26614442805943833,0.010917344434029056,0.3703960350368689,0.8717077201615273,0.9554375
FI0009000459,0.2592514197359677,0.16589156597121765,0.0057696009254525095,0.24972667439131807,0.5415796261103023,0.954
SE0015962477,0.46044007168502377,0.35669434605542494,-0.03750183283766938,0.4187157310153281,1.0969762771227314,0.934125
HRPODRRA0004,0.21939945637111857,0.3766897978084097,-0.27647109953059634,0.1674659531971292,0.8944014400834663,0.7155
NO0010886625,0.3126917315090087,0.5230200176086277,-0.3428121445209308,0.22182587056698794,1.2726632136889993,0.7186875
SE0016833149,0.43865866012056837,0.5874958634360251,-0.286214606156677,0.339072066232306,1.50692232039573,0.79525
SE0012729366,0.27219356012123935,0.26033253313779564,-0.10803948053371926,0.24690531442592578,0.7370710508405454,0.872125
SE0000683484,0.384014262667819,0.28342505970861503,-0.02538426733824352,0.3552093019507875,0.8895599571252811,0.9381875
SE0006509949,0.1287840937808735,0.45674103902592517,-0.43584583456791703,0.053338984737518184,0.9490293118973759,0.5604375
FI0009014351,0.24782335665465927,0.28175346421123754,-0.14638543830965842,0.21493839269678988,0.7483656742485364,0.8273125
SE0016798763,0.5214504484986985,0.4320173268330256,-0.06686734572967214,0.4670773645025882,1.2911008649612452,0.9211875
SE0000366098,0.6260508048116469,0.745522867822873,-0.23285329599964422,0.4819915696758109,1.9523236090777085,0.8501875
FI0009005961,0.1959172497744384,0.1356367360369107,-0.014410500714201465,0.18868823666647466,0.42921566872638883,0.9381875
ES0132105018,-0.06227184496712739,0.10769254071130262,-0.2283638100569016,-0.06767655546909415,0.12276998524153096,0.2518125
NO0013697029,0.15470495651661065,0.2413200581438063,-0.18802427167392602,0.13000666818421108,0.5825326209790033,0.74
NO0003110603,0.4880229404080054,0.3973480135825148,-0.06127192265184151,0.43890102956779525,1.2048793578006458,0.923875
SE0001200015,0.5915094284051717,0.27608163980452033,0.18562239513584425,0.5700068198789789,1.072686567743608,0.992125
PTZON0AM0006,0.15247200048418863,0.152448741847222,-0.07758151291043658,0.1425544796407336,0.41482162865201566,0.8569375
SE0025138357,0.4117044445614094,0.28942245315183107,-0.007851912426760487,0.3843691263324631,0.9238493806984992,0.9465625
SE0000117970,0.2533587247021244,0.2722858545776572,-0.1393448067952244,0.22835731448155375,0.7340381285983234,0.842875
NO0010816895,0.3867281734117615,0.26014993131067504,0.003495263130374561,0.3640201242513528,0.8446684542359167,0.9516875
SE0006256558,0.44603605392207085,0.4091483323873258,-0.10609291180787778,0.3932321279427744,1.1797973272851259,0.8995
SE0009778848,0.18405305533829802,0.19687558778389133,-0.10534196515241112,0.1659067807052034,0.5270532404697077,0.8420625
SE0024171458,0.46090688541431113,0.27971850838808016,0.05575323009826118,0.43178062558814057,0.948375853366948,0.9715625
SE0002626861,0.3966052118292615,0.5642080350523434,-0.2974582937517931,0.2964649389729617,1.4160385651235297,0.7723125
NO0013135368,0.27055917658319334,0.30202214580061304,-0.14137924059936427,0.2329189508172645,0.8045761953852482,0.8359375
MT0000780107,0.0967991281415918,0.29823419875962354,-0.3117340189052433,0.05889407337082049,0.6336191661596978,0.5954375
SE0028825042,1.659968646081436,0.8552980854346232,0.5377250269494368,1.5402291022473673,3.1806687687213286,0.99775
SE0028900134,0.7020550010776351,0.6514819836348771,-0.1197735434214321,0.5980349879061788,1.875681433824807,0.909125
GB0030913577,0.14986138483046157,0.13657038799193474,-0.057466875131816114,0.14172574114189887,0.3869752872936658,0.8794375
SE0000113250,0.12283412992551575,0.1633525932090104,-0.12196180458859107,0.11117844286230202,0.4095211952337302,0.7811875
NO0010716582,0.02226092001034108,0.15798862207306066,-0.21153881038474104,0.009363410561436043,0.30329227242986906,0.5246875
NO0010657505,0.3383675364741789,0.24911781194751156,-0.023465090094947735,0.31716992016406387,0.77655792621282,0.93675
SE0010048884,0.10115596200097392,0.36255332658236356,-0.36573229963238724,0.04832279038602642,0.7521948568140965,0.566875
FI4000092556,0.40249937238974715,0.30317166887236185,-0.02817702050891345,0.3730996269535257,0.9234474572452428,0.937375
NL0000226223,0.2856826849048722,0.14248109825904318,0.06913408405759404,0.27722544953286005,0.5325453796208676,0.985125
TH6488010005,-0.06841943584351991,0.11022793848516926,-0.23683339869247552,-0.07426787755216399,0.12215943990201517,0.241375
NO0013536151,0.21010431784216646,0.20589525609066525,-0.09002066196133889,0.1905195724035641,0.5703388008466527,0.8675625
NO0010345853,0.025983750223275825,0.11051083394678095,-0.1440318163598031,0.02074341100005666,0.2137939930408432,0.581
ES0118594417,0.20570813677181038,0.13727535862045195,-0.000940144557362369,0.19642962810677533,0.44192581172051854,0.949
FI0009000202,0.14148288306301254,0.2723563828069221,-0.16743068417572873,0.12056164148362591,0.5108973907751819,0.753125
FR0000054900,0.1790165677729226,0.21121506641759571,-0.12926831394911137,0.16151907465432408,0.5440476220363606,0.816
NO0010735343,0.23395152677646217,0.24496580122508818,-0.1061587701957575,0.21181694779292476,0.6550324552206821,0.858375
NO0010816093,0.15328079017671836,0.20578821247579113,-0.15033638687590123,0.13504779538477735,0.517459681713515,0.7776875
SE0017769847,0.29143287801773127,0.3016079235216414,-0.12767025950756541,0.2551117616306852,0.8276999724039278,0.8589375
FI4000476783,0.13436375696251987,0.4524589850991849,-0.4320401947503782,0.05387267098722337,0.9669984570649035,0.5601875
NO0011012502,0.46947832408437584,0.3470149684246892,-0.013227385531953888,0.4288472089613943,1.0854624562461275,0.9445625
GB00BPQY8R36,0.8053532733347751,0.7349072465693915,-0.0884349080675178,0.6809180242027856,2.1103433936917053,0.92375
FI4000123195,0.3093083202045444,0.27982952053931953,-0.08880743028129565,0.2812071615468504,0.8059120385551619,0.88975
FI4000014238,0.3681451434003143,0.551678059596148,-0.3088980815001987,0.27749962699547703,1.3628525454642246,0.7524375
ES0116870314,-0.020223044937901967,0.09820740160026149,-0.16914918768658196,-0.026349547285055137,0.1508867495761524,0.38375
SE0020050417,0.0822601594930224,0.10986276995225723,-0.08743011265170923,0.0765938789022026,0.27030568024478796,0.782125
SE0014504817,-0.03461040070397401,0.19769572186995804,-0.3194092819868564,-0.054168788962049796,0.3217286213263827,0.3798125
HRHT00RA0005,0.06653251665506398,0.25790623634570625,-0.29044842026160833,0.034968324859069935,0.5321995190590884,0.566125
FI0009800643,0.03323776145037204,0.19302654635512148,-0.2490307102837261,0.017576759786161026,0.36941582332006806,0.541
IE00BYTBXV33,0.2424004321640694,0.12351669607636473,0.054918405636468236,0.23518804760935907,0.4590943948452745,0.981125
GB0006731235,-0.05408365894109724,0.09340655541303984,-0.1960263192734134,-0.05902428879457132,0.10554625155235005,0.2539375
IT0004965148,0.2880833461413363,0.11116839969523168,0.11641309964789717,0.28443344489027467,0.47394349369429306,0.9954375
SE0016787071,0.5785180440592746,0.5219472040074493,-0.10180906023374285,0.5023469754553572,1.5132910140217886,0.9124375
SE0015962097,0.47536265007713324,0.44114864962532063,0.023901613833738667,0.44105908898554047,1.0376333651404637,0.959125
SE0013888831,0.2919426655233444,0.3602081671161006,-0.19302322490207113,0.24465675161163586,0.9272886211258412,0.811375
CH0009002962,0.04352951619604949,0.13264065278355786,-0.16122323260824886,0.03531085272891812,0.2745040544993028,0.62025
FI4000513593,0.4296104948326649,0.3180881871756109,-0.02311736095763043,0.395741595947258,1.000391506311862,0.938875
GB00BSBMW716,0.511435792750408,0.3357714962493246,0.041490122042339254,0.4745913661993115,1.0980044610818565,0.9644375
NO0003080608,0.3207561885426533,0.3872404882859458,-0.1879204814657991,0.2716537721535588,0.9865418615320414,0.8236875
SE0002148817,0.1059207631916839,0.24278315550257865,-0.2375317470748673,0.08044957554951368,0.5463623497913679,0.65075
GB00B3W40C23,1.0193597320577918,0.47829897150942974,0.35255183625030123,0.9718740433220081,1.822181592490205,0.9966875
IT0001207098,0.2648161625459824,0.20097793332472477,-0.03525937058330011,0.2512382760272809,0.6097077145308665,0.924875
SE0015659834,0.42816694547294765,0.3425405379408112,-0.03933328381839386,0.38973832492750216,1.0236919899709036,0.931375
SE0007692850,0.343760298400893,0.20610632421583588,0.03359611884968556,0.32830687494550836,0.6946049999688627,0.9654375
SE0016101844,0.06297184594178834,0.19346229723578182,-0.2153030603015422,0.04567768576493593,0.38880803602582054,0.6121875
ES0157261019,0.36226324016706624,0.18671052479874417,0.07783352363035621,0.3509349883727839,0.6833396768781869,0.9815
ES0157097017,0.43314967680647215,0.17982115712006377,0.15821581731762763,0.42376851947464783,0.7386843310430182,0.9955625
GB00BH4HKS39,0.07318435233629492,0.12207529617997835,-0.11569710186877014,0.06729562628165954,0.281396014012707,0.7311875
GB00B7TW1V39,0.7374603014426467,0.7028972771239475,-0.13605001634428482,0.6202126122472772,1.9855852658070556,0.8994375
GB0006650450,0.09925941450757207,0.1750533094306554,-0.1606754934317505,0.08753358472379377,0.3976728097567801,0.714625
GB00BQQFX454,0.660533543326081,0.5646254502732956,-0.06805696771376137,0.5722718579552546,1.6844629269141496,0.92775
ES0173516115,0.04027592263163146,0.0978924903588285,-0.11087771497039421,0.03580583226704792,0.20841074487440012,0.6586875
JP3405400007,0.13504302246307084,0.25155376598008167,-0.2226055540242761,0.10926901804106795,0.5779328466202486,0.6981875
NO0010234552,0.22899541645758584,0.21841878687372654,-0.08842921880868518,0.20887587662799006,0.6156748402436446,0.875125
SE0018012494,0.3017528284746286,0.28314338832734387,-0.10431128853615053,0.27459475396633054,0.7990610024701137,0.878125
SE0023313762,0.2371337130046751,0.3993908023338979,-0.27493322122187586,0.1868666791534404,0.9066626517875725,0.731375
SE0015483276,0.04085673817738466,0.29877612049704677,-0.35988862852791964,0.0021484072732611374,0.5708558518560144,0.5036875
ES0105027009,-0.07549492268510881,0.1156075205849339,-0.24983922653963916,-0.08186118267827794,0.1236813370760806,0.227625
GB00B1ZBKY84,0.19599638827207871,0.16473084403796798,-0.051641911047949095,0.1844909098919577,0.4795444322312516,0.903
GB00B9GQVG73,0.8823117502420036,0.3426721100378891,0.3880008832034169,0.8506459771639003,1.4898343252965747,0.9985
JP3298000005,0.12792470501285094,0.17753908704316365,-0.13493178040757195,0.11260323909663666,0.4362576781458503,0.7755625
GB00B7N0K053,0.34871053790209317,0.22127504578780124,0.024902664287936513,0.3302374413536542,0.7375322980943181,0.963125
SE0002110064,0.48931925261199954,0.45184736381724816,-0.10706325589493641,0.430002005384577,1.2849180987585722,0.9011875
GB0008883927,0.4256191647315607,0.29586548399367996,-0.001773398207881868,0.39521848951187555,0.9489209583034863,0.9495
GB00B1722W11,0.2868398608265771,0.16271990167826522,0.04115238290839316,0.27691836134664577,0.564895200860415,0.972375
DE0005194005,0.6019889120019356,0.6616711932061251,-0.2037733795197883,0.48906514896344566,1.783929874150958,0.864375
SE0007640156,0.1657529799058155,0.18950471820685144,-0.11573747196303127,0.1514460395840741,0.4945463727367954,0.824625
SE0002485979,0.571476170682114,0.4261117023764574,-0.009305647848717053,0.5175150929831831,1.3284975584828633,0.9471875
SI0031102120,0.08107519224124388,0.21539582405403734,-0.23161268767438933,0.06007221696792618,0.4591217661739396,0.623625
GB0031743007,0.19395276550936102,0.11778945503950014,0.014384245895964378,0.1879472613199738,0.38835235524472994,0.961375
JP3247050002,0.23560124113394987,0.23656320666665667,-0.10794883768544539,0.21436895105800965,0.6550950148857371,0.8625
GB00B0WMWD03,0.21725776742097794,0.1500767693420471,-0.008913452065162671,0.20919909237446774,0.4749775884923638,0.943125
NL0000371243,0.03530935243913129,0.250725365285811,-0.3118731813704876,0.007086069341606553,0.48095219838678416,0.5134375
GB00BLH37Y17,0.4688131096903521,0.3802992390918475,-0.06507236244485119,0.4244297214311914,1.166547426590765,0.919
GB0004052071,0.30630609485580285,0.13844376058330524,0.09407358562514413,0.2971391713241879,0.5434975398591962,0.9913125
GB00BZ4BQC70,0.2698079674037909,0.20313585711861193,-0.036708224717766,0.2553843025107679,0.621421803628123,0.926125
FR0005691656,0.3793406598736691,0.19524815045255875,0.08370770601837474,0.36602411293837644,0.7231703759864533,0.9835625
JE00BG6L7297,0.20281962297159906,0.2639868681844374,-0.17241295550203586,0.17578027875060298,0.669315398701867,0.789375
SE0010323311,0.09901874485457485,0.21963625189518832,-0.21387429468504582,0.07588910049488601,0.49119564815158884,0.65875
FR001400SF56,0.24846813359734019,0.2548707416124027,-0.10930390335817221,0.22380005967648142,0.6830787709548747,0.85575
GB00B021F836,1.0007040601017405,0.8086518137847679,0.0010356545335171328,0.8695059035591497,2.430328458957242,0.950375
JP3362700001,0.16421465621963358,0.1642158490343813,-0.07571851866008694,0.15339127967530186,0.44837377637026204,0.85675
PTALT0AE0002,0.17441210869282134,0.228426521272447,-0.1494742669869822,0.15236498997444453,0.5726683558437841,0.7945
JP3352400000,0.06887141340813542,0.20950724886958258,-0.23624438147181634,0.05020775609413118,0.4337865872172688,0.611375
FR0011950732,0.22286624821879003,0.182450806839203,-0.044576215427678936,0.20903915212697072,0.5437704518984713,0.91025
CH1278877563,0.46191106151031897,0.5997801706307028,-0.2735629768000111,0.3599050204900357,1.5372678008828304,0.8055625
GB0009292243,0.08836434705140966,0.13018692805048002,-0.1128814731404721,0.08055916655254147,0.3067860960020642,0.7623125
JP3982400008,0.23885036877848478,0.15877234271394455,-0.0040877040591275815,0.22789106307016654,0.5137792717307671,0.9474375
FR0013357621,0.6854126614991606,0.3611976617029016,0.17319676997302413,0.6483746817050451,1.3098857349472173,0.988125
GB00BMT9K014,0.23405766234238495,0.15799661704337223,-0.003604896291325839,0.2231304544135151,0.5086864063603728,0.9473125
FR0013185857,0.5405926269587427,0.42641534515747,-0.0392193754964774,0.4834291050089417,1.3039596227435912,0.93475
FR0000075442,0.683080054313137,0.6774102470455043,-0.15401219501421337,0.5626308702043352,1.9233720446233333,0.8924375
JP3420600003,0.1403837039262115,0.1573354480799107,-0.0920599692349316,0.1276363540050971,0.40975717366173614,0.831375
NL0013654783,0.5004763839470899,0.17646458271452878,0.23134103541663398,0.4907256696765291,0.8032636068798957,0.9985
FR0006864484,0.5482808333752769,0.450603067534839,-0.056756429348461236,0.48682871122918525,1.3483131780285775,0.9285625
FR0014003U94,0.2560086256721039,0.2748233280258557,-0.14076954846875245,0.2293071207795389,0.732069724580363,0.8479375
GB00BN44P254,0.49318671109068407,0.19865248596646543,0.196606481502908,0.47856801677086774,0.8351277652265104,0.997
INE979A01025,0.04293762042471855,0.22442129957899395,-0.27933048057880466,0.020033284234393014,0.4448822125952664,0.5369375
FR0000052680,0.29946955568371403,0.40664339120040566,-0.24071611081172403,0.24273166389302472,1.0359323292607454,0.78125
INE634S01028,0.09822573115463702,0.10858902506949379,-0.06916278552506452,0.09416035860601049,0.2782558289440335,0.8320625
FR0012419307,1.0267537667057949,0.6529660668045544,0.19077777346013294,0.9287049239668292,2.1882065995394115,0.983375
GB00B02LCQ05,1.3949337914161037,0.9586712286697878,0.20007339443789152,1.2170982910479242,3.123937077972301,0.9814375
TW0002330008,0.3206420576938754,0.10197941225715457,0.1609652244262233,0.31581450843654424,0.49278086514120634,0.999
CNE1000003W8,0.2277627090849968,0.14883639383205194,0.001398386924642455,0.21867650787982357,0.4856211142093581,0.951
INE685A01028,0.06259426777259215,0.08176894541088549,-0.06468763756453477,0.059425055260123566,0.2017184384643297,0.7873125
HK0941009539,0.2733157061873715,0.13767928468415572,0.06342663175145967,0.26530559064120346,0.5074055394994286,0.9831875
TW0002409000,-0.08494641806252454,0.14279921599828266,-0.2979970719402136,-0.0958272747300086,0.16054914841294748,0.24125
CNE0000018R8,0.39851753121624917,0.14304193022750175,0.183144385383603,0.3900636675973782,0.6425718998977644,0.9980625
BMG684371393,0.18766079116111312,0.18376047081833113,-0.08656353163717008,0.17261288126576807,0.5095620220038184,0.86175
KR7005930003,0.7994832137016079,0.16719442956277802,0.5410057749714088,0.7915265014238351,1.0840026021263671,0.9999375
KR7000660001,0.7242647783827053,0.16328574582459365,0.47379649865598444,0.7146742715006577,1.0012362306833813,1.0
KYG875721634,0.6429751057867205,0.11953646721674938,0.45495974969852837,0.637235402940156,0.8469814420636882,0.9999375
CNE100003662,0.3988579888992067,0.13621334353955086,0.1891298045594963,0.392617144051096,0.6328958961293104,0.9986875
INE146L01010,0.07171120715521101,0.2039879975818885,-0.21876117843041315,0.05127362960323036,0.43142960539849473,0.617875
CNE1000041R8,0.23464388783748932,0.2682793039807276,-0.14902094853623954,0.20868066325633364,0.70982088867555,0.8268125
JP3633400001,0.28105066725714495,0.12833611297162065,0.08556411294884643,0.27429630047854703,0.5027912109978078,0.989
AU000000BHP4,0.047736146141156476,0.11232928937498779,-0.1273434917456062,0.042263479160138354,0.2407075811993505,0.660625
JP3665200006,0.12302320425885582,0.18762391046319007,-0.14905442919139056,0.10554161841878593,0.45140534872763555,0.7525
JP3270000007,0.22826064688103662,0.21846323912372745,-0.09673300731924997,0.21069112996353134,0.6058453146277983,0.8688125
CNE100005PT2,0.20496460048306597,0.29222128505962924,-0.20116747645158622,0.17067435930003322,0.7175911327021082,0.76175
INE195A01028,0.22496711393194233,0.09680880950964413,0.07363141292636549,0.2207112067564372,0.3876091767121927,0.9918125
TW0002368008,0.8122910069042496,0.3288841289930978,0.3368318634149738,0.7821734056716587,1.3906980653733714,0.9978125
JP3436100006,0.4445953324784743,0.17924415605489605,0.1707637398170147,0.4343652347418622,0.7460093969602999,0.996875
JP3236330001,-0.11443653100577145,0.1482810018109669,-0.33564651057741085,-0.12530076308818747,0.13964131457153345,0.1956875
TW0002454006,0.20663654514255536,0.14499702746387677,-0.013204067247620483,0.19781507422090566,0.4585957273937665,0.9385625
INE226A01021,0.04252157868836217,0.07415179384718022,-0.0732822131535424,0.03959290771568791,0.16931611095036478,0.7215625
INE002A01018,0.26036814218145493,0.09377394290470213,0.11360829884321995,0.25737330563074157,0.4179445525286137,0.9976875
KR7267250009,0.6247977640118438,0.3524497531613526,0.11987485187803518,0.5887422258182442,1.243557507965819,0.981875
KR7402340004,0.7241447772056296,0.2828049592854519,0.30102618868326814,0.7022335156831899,1.2195110841621473,0.998875
CNE1000031P3,0.6135955687559377,0.2148590239013189,0.28551875057984577,0.6016477459050439,0.9844207541146313,0.9995
INE324D01010,0.19658422726217903,0.09427986157754363,0.05082649776295376,0.1919827763455792,0.35822465403257936,0.98475
INE053A01029,0.17297605530032162,0.08939064407099838,0.033042313177343685,0.17037601791886073,0.32176653849577463,0.9766875
JP3802300008,0.17507474201474188,0.13067970830766434,-0.020738520163467323,0.16689181078902554,0.3982577815437009,0.9284375
JP3122400009,0.44821620892329306,0.14293130730870682,0.22592493817313664,0.43967695148907804,0.6953372163479695,0.9995
CNE1000002R0,0.20689389688946472,0.16790145489102737,-0.04650123015645167,0.19776804516347368,0.496135117085031,0.90775
CNE100001CY9,0.5572496560703118,0.2691606618019637,0.1611721812740824,0.5338147732694392,1.0270774486138208,0.99075
JP3571400005,0.21114375299121316,0.12298816741886633,0.023945969810977925,0.20417223748342578,0.42265712159077673,0.966875
HK0883013259,0.3953965277581318,0.17295144528856515,0.13171243152340117,0.38592284538402755,0.696446296663337,0.9926875
CNE100000B24,0.4454388191291989,0.17481446379382867,0.17806803639933902,0.43575260137492133,0.7498059681842192,0.99725
TW0002308004,0.6380886046729807,0.1898971985586674,0.3416301512558411,0.6297236256409862,0.9572571490904437,0.9996875
AU000000S320,0.1441850652834433,0.1377524167274969,-0.06230081605463143,0.1345983068363248,0.38276614004317094,0.87225
JP3788600009,0.30026979550876276,0.1507643322224161,0.06818449989114983,0.29180722689056826,0.5576186631916058,0.9839375
JP3435000009,0.34533070124058224,0.13131400133121418,0.14434590135648906,0.3394793611668806,0.5712370011318691,0.9970625
CNE1000031N8,0.4291791317028273,0.21157303380100018,0.11366696759582892,0.411455263151261,0.8029433124852613,0.988375
CNE100000296,0.6032678678495775,0.1369564722880797,0.3894590882819805,0.5985630499217308,0.833244440111557,1.0
AU000000NHC7,0.004862194833475065,0.15951866244486493,-0.2309906266795683,-0.008594789567683,0.2845466723472038,0.475875
INE465A01025,-0.07821417597582984,0.0889755213435199,-0.21537370453611973,-0.0829876958366378,0.07374610411750897,0.1719375
KYG8020E1199,0.17609956216959924,0.13917384881371817,-0.03613444206637858,0.16957263211285264,0.41723058399054086,0.9125625
JP3236200006,0.2878537003344876,0.14088076304364514,0.0703844687864261,0.28096382812396314,0.5327621403560351,0.986875
JP3254200003,0.15443297736368608,0.21814586611692693,-0.168035335752106,0.137188946132554,0.5352750948889703,0.7648125
JP3143600009,0.23613223558811697,0.14591775846067187,0.014488313063034252,0.22693728358142112,0.48334026918376305,0.9585625
INE205A01025,0.7412585380467305,0.30276482026909174,0.29651273093102476,0.7159593532291597,1.2689633831260456,0.9969375
INE397D01024,0.23282802842808503,0.09136293606802985,0.0888202019533453,0.23148065025589232,0.38656243335838686,0.9935625
CNE100003G83,0.4868319685577673,0.2665226388126987,0.09117621099060379,0.46608944055623064,0.9480637724598333,0.9800625
TH0528A10Z06,0.17865920060698484,0.11970905941518946,-0.007540890242568438,0.17325542652668321,0.3848457731605194,0.94325
JP3898400001,0.13612473843150588,0.14110050964299525,-0.07783170858591028,0.12847679548711233,0.3789523962823501,0.8455
CNE100002615,0.4867859738640466,0.33822404848170273,0.014653951811871447,0.4490274044291682,1.0803856730198134,0.955125
KR7011200003,0.12844532503273526,0.15214789891505204,-0.10311878306475582,0.11955370530579754,0.3930167682714844,0.8140625
JP3914400001,0.21087496401197223,0.1691693900417469,-0.041337088251734475,0.19856271879487897,0.5066643188639481,0.9126875
CNE100000SF6,0.5632649605810491,0.18527558270772373,0.2825365391984345,0.5519658362371034,0.8837593583088891,0.9990625
CNE100001S16,0.32458927541423954,0.27800188522289015,-0.07293139115713553,0.29570130296632813,0.8196802241061875,0.9036875
JP3893600001,0.22653868458217186,0.15880163266516056,-0.01812816981346395,0.21828376829165935,0.49840682818371673,0.9368125
TW0003711008,0.303021071154512,0.14553555109629238,0.07830369594756763,0.29634449410986696,0.5552498157062927,0.987
MYL4065OO008,0.3338207237313165,0.29805472154012413,-0.08606387827762671,0.3016332504111018,0.8588692240054583,0.894625
TW0002317005,0.22556901466437557,0.1304090334653264,0.02205843791221665,0.21876083962212,0.4465799486486348,0.9655
CNE000001G87,0.23584955590406348,0.1421208650400411,0.022187178870573258,0.2274761978780398,0.4758222555759067,0.9636875
JP3970300004,-0.00690610900171274,0.10778041879314781,-0.1722952920036721,-0.01315445690011599,0.17756828333176838,0.446375
CNE100001QQ5,0.25080362211149343,0.1255043456061456,0.058014486102939855,0.2443162196470055,0.46594426836815994,0.9835625
INE029A01011,0.08848994948812057,0.09047848457527273,-0.05241057595324455,0.08484615436666867,0.24081459184446433,0.8500625
KYG9830T1067,0.6256831968610719,0.16517869474812005,0.3737479081802606,0.6157849756675541,0.9128032039090216,0.9999375
CNE1000002Q2,0.2634959858321795,0.15478299649861904,0.029923653701813085,0.2518142004696691,0.5346986234399401,0.9674375
CNE100002TP9,0.5085196068465547,0.21121183301120666,0.19101916415039955,0.4933911117295564,0.8764389616500333,0.9965625
INE467B01029,0.272001563248582,0.08663140293809074,0.13494599245610014,0.26882702096256517,0.41860214217186636,0.9989375
JP3900000005,0.34305027757069556,0.15542751832189808,0.10518155605635926,0.3344634502499203,0.6081218652721601,0.9904375
CNE1000002V2,0.3755862319337793,0.16734386449894456,0.1221151727331413,0.3653824723492617,0.661305131699963,0.9919375
JP3942600002,0.04544817904352931,0.16777886888765486,-0.20343921752211497,0.03140254183182514,0.3387192227634482,0.5869375
KR7373220003,0.6382525688305675,0.1448379448936207,0.4126763143170083,0.6326531344158907,0.884740110033231,1.0
CNE000001B66,0.5521705535912772,0.2908236379281857,0.1294913734232153,0.527740974376449,1.0663888839902604,0.9865625
CNE100000ML7,0.02976065706401621,0.1147521560900389,-0.14360043197192573,0.022420879119167392,0.22632010496490348,0.588875
TW0003045001,-0.005137001410637746,0.1667280762620219,-0.2474225313814417,-0.018666446325081576,0.2765656388125122,0.4505625
KYG6427A1022,0.37792561987806705,0.13802117791335064,0.16646476673707442,0.371462177285275,0.6132311459192759,0.998125
CNE100001ZF9,0.7071601419403005,0.27184495536653747,0.3082664349279051,0.6864939409799184,1.1738247842688025,0.998375
JP3735400008,0.1710097327912526,0.13799102720697287,-0.03553401733106988,0.16241888321814044,0.4076903823174763,0.911125
VN000000VNM8,0.329834018202543,0.17128433593595382,0.06988320714533174,0.3209333826471014,0.6278739221340939,0.9816875
JP3902400005,0.26309673232336034,0.1572716321015616,0.022363153950115525,0.25390996700754964,0.5338568525319713,0.964875
KYG596691041,0.40560454282185365,0.10753036392307436,0.2352347268020818,0.40306809914004793,0.5865065673408517,0.999875
JP3811000003,0.7409633728361134,0.2588295904005607,0.35232391675104546,0.7220472062930465,1.1979813759113602,0.9995625
JP3496400007,0.020264309529047644,0.11447802821119714,-0.15345437851830457,0.01441360766508263,0.21838665885132297,0.554875
CNE100003FF7,0.6827840994217922,0.4184713339601595,0.09645111210702989,0.6396746496388377,1.4220808620507281,0.9754375
JP3732000009,0.1938652875078734,0.12650864263430456,0.0007394051439218836,0.18712618975672207,0.4058125088542328,0.950875
JP3519400000,0.2585871789179662,0.15012746713379752,0.03160139685883882,0.24925543303034214,0.517965586528931,0.96975
JP3845770001,0.32252914933444027,0.2044161053052485,0.01797621222299577,0.3074147496244648,0.674827720597464,0.9591875
JP3371200001,0.2608951715419793,0.13401325123793967,0.05538611845244471,0.25210537536735145,0.4925557031113288,0.981875
JP3982200002,0.3604362331472702,0.30648808288740526,-0.07842828562100287,0.32716247340208227,0.9089911004948004,0.907875
JP3726800000,0.07428359923112526,0.12857130741643766,-0.12272601887506147,0.06836303609148232,0.29223277838876405,0.7225625
JP3596200000,0.06978505347846559,0.16350467598066257,-0.17351214351956853,0.05625149548115925,0.36021135382398184,0.648125
CNE100000TP3,0.32154999363554715,0.16886293224251508,0.06346828818018854,0.31124835971803433,0.6116355631759116,0.9798125
KR7009150004,0.5908986034941964,0.1721722071265611,0.3287336079698283,0.5814286468786665,0.8842572079995696,0.9995625
ID1000074008,0.26563556584045056,0.1997762037688084,-0.03469245745301329,0.24985319324419786,0.6155574044320888,0.924875
INE931S01010,-0.042179944373140266,0.13873074860184303,-0.2504272817628591,-0.05112327380039787,0.19790180652413764,0.3445625
KR7005380001,0.6005584126437322,0.1460540013777076,0.37233910951361543,0.5935953795856089,0.8482266323482536,0.9999375
AU000000SEK6,0.5932779192766052,0.20390665040309044,0.2782922422418887,0.5811268633076624,0.9393340859201377,0.998625
CNE000000SW2,0.6062887146714209,0.2970576256254893,0.17423632708389333,0.5781329884860076,1.1292551342214396,0.9896875
SG1T75931496,0.26257993020100134,0.13592597658211997,0.05656351098345599,0.2547400512140152,0.4967003540130711,0.9814375
JP3866800000,0.13987448897532248,0.14603827401115027,-0.0691486358170938,0.1296926603948908,0.377004297662055,0.862375
JP3837800006,0.3818723197775449,0.15080916254236768,0.15070829148756043,0.37379237539477306,0.6409220837145062,0.9956875
INE761H01022,0.0923609344225095,0.09143444204312831,-0.052266374188634904,0.08920649090364463,0.24872867574315552,0.857125
CNE100001NR0,0.46260199903785454,0.17994470979860192,0.19217253710342744,0.4510100553016312,0.776288677001725,0.997375
CNE100004272,0.31880791503762634,0.12069244150198907,0.13120250581424214,0.3148542015108985,0.524074820416934,0.9951875
CNE1000031K4,0.20187328616296998,0.11934767797756518,0.016957130118822893,0.19676973082340987,0.40382504048248247,0.9631875
CNE100003MM9,0.01257141780466954,0.12266747744802185,-0.17204696262123867,0.0029966951441445537,0.2283109651105123,0.511125
INE018A01030,0.2135046512890399,0.0899991972551546,0.07236532507022712,0.21099758904777632,0.3643515156628387,0.9939375
CNE100000N79,0.5167696642935566,0.3768828295490572,-0.006258770630040576,0.471868437264616,1.1801818756712315,0.94675
INE030A01027,0.2056221489728863,0.0832363048736749,0.07288855931703955,0.2035746300083722,0.3461595250644623,0.9925625
CNE0000014W7,0.5025469851826457,0.18787443139449458,0.21582922484546316,0.49289768928542704,0.8201209491892744,0.9976875
JP3756600007,0.4806457270527034,0.1656560655893972,0.22783977917344467,0.47158194585704405,0.7588410922910552,0.999375
CNE100007D90,0.14698485287160204,0.19675785497702103,-0.14600862257301203,0.1311448959466519,0.4916018930984492,0.7781875
INE044A01036,0.1022129828519331,0.07859139687347433,-0.021297161423201493,0.0989230400586485,0.23673590228117267,0.9151875
TW0002303005,-0.070853862043293,0.10777249408005632,-0.2341774443516949,-0.0767371996648837,0.11617072602166063,0.2304375
JP3463000004,0.18873141452746106,0.12575912262451935,-0.003579107181802113,0.18245054108351422,0.402279852505942,0.94625
CNE100000XB5,0.6871863294921986,0.3320733361514178,0.21065922719074698,0.6545316730405514,1.2768443831306049,0.9935
JP3877600001,0.1921553094074886,0.14238155407981387,-0.022575102354790582,0.18343731553122522,0.440352076220367,0.9271875
INE814H01029,0.15279913315993196,0.16349558881429174,-0.09565902088763968,0.14100944217344852,0.4360815917818757,0.839125
TW0002383007,0.5420312187852498,0.21265827058847775,0.2220926393317697,0.5268201928679153,0.9153166497146207,0.997625
KR7207940008,0.36261251932325916,0.1181062539929809,0.1812765683988996,0.3569275232675082,0.5687485085531708,0.9990625
BMG2113B1081,0.2806687934581564,0.14945231250409313,0.05080703052431304,0.2717087810089841,0.5360192285566805,0.9760625
JP3414700009,0.24045516138625594,0.26319619416718193,-0.13393511723051993,0.21111462845649406,0.7126217226808153,0.8359375
CNE100000PM8,0.19296955314076042,0.20006087782006213,-0.10265646479216105,0.17701836155671602,0.5460013823191044,0.847625
CNE1000030S9,0.2107185199069346,0.24499071610460613,-0.13603609867765493,0.18673747562199133,0.6380967425233317,0.82275
HK0000218211,0.13788708255633939,0.14861489297081582,-0.08974998392240353,0.1284951109490653,0.3958036856445954,0.83225
INE585B01010,0.17023055759540257,0.08112329589373757,0.04422116760798554,0.16639666832259126,0.30849005763785947,0.986875
TW0001303006,-0.11603982026052641,0.22849772980890534,-0.4329730908686403,-0.1440044106754397,0.2892673790307356,0.250625
CNE1000019R4,0.12640433729378045,0.12232181677488464,-0.06287446479665808,0.12118109353936402,0.3352069052021192,0.861125
JP3407400005,0.483569493502858,0.22307658004686573,0.14980002250670543,0.46669937531733907,0.8730807105077216,0.99275
CNE000000T18,0.5441894795357533,0.3116691511490512,0.08945250944988827,0.5160802023677239,1.100708905633042,0.976625
JP3404600003,0.17928067425024866,0.14691055326390315,-0.04542435015128689,0.1700090166370637,0.4323400208634265,0.904125
KR7035420009,0.5257641180934464,0.13537596471961114,0.31770001351473603,0.5185945202592982,0.7552377122372068,1.0
INE009A01021,0.2984359534076814,0.08709529196815873,0.16035986120542411,0.2953476222296479,0.446272847052589,0.999125
AU0000224040,0.026959001113825386,0.1344751379005505,-0.17878357141678433,0.018689238817978175,0.2585761443084584,0.5610625
KYG532631028,0.5932001108027343,0.13765256463583228,0.3777300105144428,0.5866995548784454,0.8265178663690795,0.999875
CNE000000XL5,0.18955714289352743,0.22162812637579402,-0.13320761785027393,0.16985489431401007,0.5795312513361583,0.818125
TW0003037008,0.5071146095650395,0.17720215716651846,0.23407374916245946,0.4976370622837361,0.8071950002674978,0.99825
INE742F01042,0.14921201436912696,0.09319115520727524,0.002177387836272559,0.14546935920478998,0.30837552458625533,0.9525
CNE000000VQ8,0.4244449130745546,0.1733751917954019,0.1652581125051394,0.4130579074913121,0.7246108214055529,0.9961875
AU000000FMG4,0.0038879731373607715,0.10376929494537095,-0.15764048825699944,-0.0008533099251699589,0.1793487423497719,0.4966875
JP3118000003,0.17640000282720694,0.13384504417327348,-0.030580279659812876,0.16936932197096688,0.40647792719255527,0.9179375
JP3548600000,0.5073470642250801,0.15637977833029915,0.2666081479706139,0.49970495861328446,0.7756575912772459,0.99975
JP3164720009,0.20666088754336373,0.18424515848787615,-0.06721029075991668,0.19269944926362248,0.5241987478945813,0.8900625
INE280A01028,0.07055194768194141,0.0738624110367941,-0.04625188922167609,0.06856676919158954,0.19335985198485714,0.842375
BMG2624N1535,0.47989205596617046,0.19722625815528458,0.18023639062055888,0.46673522007865165,0.8205000954517817,0.99675
CNE100003MN7,0.20102651162643081,0.19944777201339942,-0.0984357877115386,0.18671618913458304,0.5472365618640774,0.8608125
CNE000001M22,0.28796848621239823,0.14243304548527397,0.0766842035864344,0.2804523905790717,0.5279390237679072,0.9864375
TW0002327004,0.12593562679239206,0.1882000605888782,-0.15398045280543574,0.11017273393111682,0.4493354072952788,0.754375
CNE100000L55,0.3312971382175698,0.21093029751658096,0.01679057193036822,0.3168724719201779,0.6992759280473297,0.95825
HK0992009065,-0.03010676727447648,0.11039842433073126,-0.2009046553937211,-0.03573418851398205,0.16025643278190838,0.366
JP3826900007,0.34442675682124285,0.26950400768125254,-0.03645631353605149,0.31788569439281666,0.806942939540065,0.9278125
KYG7215M1006,0.27406879130357037,0.32288321670771714,-0.17668513964472424,0.2379007065704325,0.8541668194636638,0.8221875
TW0002408002,0.4645514069226713,0.22671273832708494,0.11806708448702408,0.45036423241079704,0.8593361758468346,0.99
JP3481800005,0.048924894871096865,0.1172498426829198,-0.13046065283645455,0.04317208536020879,0.24903527613223042,0.6535625
INE481G01011,0.2715980227070048,0.08611248562295154,0.1366578095943177,0.2684659968066886,0.4176195359096452,0.9985
HK0001200002,0.6510631447254367,0.3154622807138261,0.1903131641786969,0.6244382739302935,1.1931682060906035,0.99325
TW0002382009,0.28516764797799204,0.13770351931333413,0.07390352844360322,0.2772692996761118,0.5207508279195225,0.9851875
TW0002345006,0.42358470842385965,0.20615746144523303,0.11483234564102122,0.41007336613893863,0.7825372710061385,0.9874375
AU000000CSL8,0.44620284542242566,0.1694563112234374,0.19017184534627662,0.4363676329912213,0.7396104841049989,0.9973125
AU000000TLS2,0.04772316138734914,0.11246371771745026,-0.12595806083333963,0.04359317743777366,0.2388316327316132,0.6666875
JP3802400006,0.1563685657420361,0.11158168076410772,-0.01668515327235343,0.1509586855675246,0.3489675616951944,0.9310625
CNE100005998,-0.07598161103370597,0.1921257383144837,-0.3533171255176963,-0.09450653597478345,0.26576728871517713,0.2961875
JP3635000007,0.26203226627449683,0.18234131507675275,-0.006854508492137415,0.24694541797678987,0.5796194475693579,0.9455
CNE000000W05,0.48499883349297274,0.3393206883480138,-0.0044751770764868085,0.45363079205991796,1.0817169459679785,0.947625
INE101A01026,0.29740075871056076,0.09362678903523158,0.15077882884221705,0.29457449068461417,0.45636850537851287,0.99825
KYG4818G1010,0.3354148317604261,0.11545833784363634,0.15556984898293175,0.3304694393332557,0.5318131864870831,0.9983125
JP3188220002,0.17884697652790674,0.1433327930606309,-0.04007739831960369,0.16959191628628043,0.4247490109081732,0.9119375
JP3304200003,0.035857549789433445,0.13124620291544317,-0.164002089120923,0.027516126671113902,0.2633453148785458,0.59575
CNE1000003C0,0.6631159137108977,0.3622638033013405,0.14195874675660458,0.6278447409581805,1.3123100255673923,0.983625
KR7028260008,0.46259933852300794,0.17684347639497774,0.19267482865025,0.4504653078221059,0.7701750513770337,0.9975
TW0007769002,0.25803898402572195,0.1526571034040637,0.02762057571777198,0.24746364647772057,0.5247238560080719,0.9680625
INE154A01025,0.17823319944892443,0.0911809698223801,0.03298424277213549,0.17491623756242297,0.3314227675458052,0.9783125
JP3854600008,0.08709421258058646,0.11462888355919827,-0.0861638512395612,0.08149215748639657,0.2824306099882401,0.786
INE0IX101010,0.03612485630867476,0.1343568293198761,-0.16624612666789923,0.027949652677660766,0.27142412470175403,0.590875
CNE100003RV9,0.35269219181348815,0.17582956611943906,0.08467305998094203,0.3426623510818636,0.6574974279833962,0.9835625
INE860A01027,0.03160616222726392,0.07129620226821058,-0.07973882321344998,0.02910331111406529,0.15341838627167403,0.6755625
CNE1000004L9,0.36555605776340266,0.1666136444784772,0.11435490934299028,0.3558381813827234,0.6548794466580351,0.99075
CNE100001T64,0.2305890308141209,0.23907274010265256,-0.11901710541726905,0.2090853099554652,0.6611901526967223,0.84925
KYG217651051,0.18494949635814578,0.1883160436271602,-0.09530622928188252,0.1700844218274263,0.5163774633876691,0.8515
CNE100001T80,0.26102333800640265,0.17589752554438956,-0.005550997276273146,0.25051270413391624,0.5639896187021015,0.9460625
AU000000TWE9,0.2661238825092545,0.15035754177884042,0.03760028739532963,0.25684977067869597,0.5277705240445498,0.9720625
KR7012450003,0.6005218338445913,0.1502034446262265,0.3671844618421045,0.5932529725884886,0.8566817864879652,1.0
CNE100003373,0.3769814312491214,0.2017652551759644,0.07680590160998904,0.36245056752191146,0.7269593953445568,0.9804375
AU000000WOW2,-0.07336622350306696,0.09914969558368092,-0.22518570558835885,-0.07949835354263939,0.09775524642267053,0.2039375
MYL5347OO009,0.2359755404922156,0.1124318674208108,0.05910498435821538,0.23235070726628423,0.422596853060759,0.984375
TW0002412004,-0.0050643720631833025,0.18812614456083096,-0.28119506810226064,-0.022480901494431476,0.32525548008094585,0.4441875
CNE000001CS2,0.07567475291922951,0.1934400597189883,-0.20811656267701403,0.058989235608408463,0.413109308718905,0.6389375
KYG7170M1033,0.41420082445460776,0.14774964776051308,0.19130301443331602,0.4041704996457952,0.6695231429990838,0.998
TH0268010Z03,0.05783213825029856,0.09988753140644728,-0.09963696622554873,0.05445451869545727,0.2265209037569558,0.7264375
CNE100001XQ1,0.6426001482850988,0.28979597802478607,0.22022050158955186,0.61843421486207,1.1549407112546553,0.9944375
CNE1000020V4,0.7082138968563065,0.3424234752325964,0.21385226080372,0.67280830515845,1.32316330089801,0.992375
HK0000049939,0.3757934037023007,0.19676689248856796,0.07861733629802856,0.3620242071011698,0.7203938881032271,0.982625
JP3551500006,0.16905708059734817,0.11635080690020261,-0.011725555507014037,0.16373507222712924,0.36710997875699597,0.9390625
INE213A01029,0.21442701415201815,0.0991039826607938,0.06012302625525231,0.20933285603445917,0.38616776353172505,0.988625
PHY411571011,0.12569428850834544,0.13751285441949535,-0.08316960610289907,0.11651328459827529,0.3607063337770188,0.83475
INE361B01024,-0.001035593229933797,0.07775482846706036,-0.12237941097826219,-0.0042819781359729565,0.13160068030492367,0.475375
INE019A01038,0.1290984216528997,0.08133437410326094,-0.0013133824077931468,0.12702061539782414,0.26672063337164237,0.948375
INE263A01024,0.21586215283169613,0.09681053069564462,0.06475265300047156,0.21145067867967876,0.3799538420657189,0.98925
JP3422950000,0.010765282087084197,0.10970132222122041,-0.1591238184741435,0.00547776385814752,0.20202245189665183,0.522125
CNE100003GF5,0.24479290253781288,0.27248207905806826,-0.14358928976806465,0.21186898247834537,0.7383859924574139,0.832
JP3148800000,0.3526479739120658,0.1704538480569617,0.09572800809874962,0.34131540256398285,0.6484063305915311,0.98825
JP3249600002,-0.02342443105603338,0.12188072501584891,-0.20797019359767577,-0.031037262091866424,0.18715506542110089,0.3935625
KYG211501005,0.6654199767311458,0.2266197075222968,0.32339762918518467,0.6501182798618063,1.0504466542935111,0.99925
INE239A01024,0.02155069311789071,0.0713974966895876,-0.08933012645732168,0.018818124192570618,0.1427337511850959,0.614375
TW0003017000,0.5063569645718011,0.16440858909695383,0.2511016315107178,0.4981171538792125,0.7859800094473774,0.999125
JP3830800003,-0.010449376988863565,0.11087372955263716,-0.18127015541256433,-0.015735470153451996,0.17953375999182228,0.4375
CNE100001YW7,-0.030554924942849716,0.1651169210292825,-0.27278250405977855,-0.04323078319828175,0.2575986727453091,0.3855625
INE073K01018,-0.022658143602136492,0.10424222404282778,-0.18113806458811568,-0.02843618277203585,0.15489790646909743,0.382125
KR7068270008,0.4524755910248538,0.12568615452965878,0.2552473054626127,0.4466290610329183,0.6665845964994169,0.9995
INE522F01014,0.05171651927567318,0.09313049189606133,-0.09281990402185328,0.04809752905553842,0.20920761256784087,0.7129375
JP3162600005,0.2539264177909856,0.1455498737747963,0.032465957017233114,0.24637876214726395,0.49952976113850117,0.9701875
JP3783600004,0.09536685716964753,0.13291725027749418,-0.10668960069540112,0.08832106632249676,0.3255042126623494,0.7725
KYG040111059,0.5055343198100769,0.1210858910829512,0.31801676922708466,0.5004668967269781,0.7084211822202017,0.999875
CNE1000022N7,0.22080441945563808,0.20983947983967016,-0.09306669081381796,0.20370920283129978,0.5927393271935208,0.8725625
CNE000000230,0.3352708975821595,0.15700461208233515,0.09713834211797907,0.32544914933953634,0.6032370478040822,0.9896875
JP3538800008,0.2729477275782016,0.1594394388595407,0.03161679669057064,0.26192370588856595,0.5526301784984594,0.969
KR7000270009,0.6767521942268028,0.14462785780524404,0.45079486538706165,0.6720073018888323,0.9210945300695664,1.0
KR7010120004,0.6403293908241763,0.17376033199491614,0.3754089710493633,0.6315741384368897,0.9422358313928634,0.9996875
CNE1000018M7,0.48223563125336866,0.1905520349508475,0.19624278121930502,0.4719490512196174,0.8109847502222288,0.9963125
CNE1000048D3,0.37887797816884405,0.30369855708786325,-0.05355886806330345,0.3461312202611459,0.9188806451862029,0.921375
CNE0000016J9,0.3893377895863458,0.21067763958288985,0.07246602384412532,0.37560801748831085,0.7496281987492835,0.979875
CNE0000001D4,0.23370661586468777,0.13156718232737374,0.02970125850204074,0.22695735504029446,0.45947811733098676,0.97075
CNE1000002J7,0.14359467027663367,0.16855821794010675,-0.10926680509723749,0.1309251492739319,0.4342572199636126,0.8193125
KYG970081173,0.2700728235314414,0.12524326415472814,0.07802270837707033,0.26426579937837213,0.4824068504873381,0.9893125
CNE100002T71,0.1883902299778647,0.2349462097380526,-0.1546019061499472,0.16874806537026577,0.599473341334486,0.8013125
TH0646010Z00,0.09682871443611234,0.10282075154371012,-0.06266955655269067,0.09234926667522783,0.2722800263540417,0.838125
BMG2178K1009,0.2392725426554934,0.1344544319996591,0.0326768866625503,0.23271785934493455,0.4679550150791648,0.970875
KYG3777B1032,0.5153237332781762,0.1364466515611423,0.30310171339211983,0.5092238506826416,0.7456044098010401,0.9996875
TW0006669005,0.23280691074634666,0.134723484551158,0.028396458773768746,0.22494414457406392,0.46449265846801413,0.9685625
INE917I01010,0.03873991863800285,0.06877147136466868,-0.06971926303313031,0.03590224449366715,0.15722863583977553,0.7146875
CNE100001RQ3,0.36746406996302156,0.18763376720544955,0.08064913651068738,0.35621817392279054,0.6858470579334455,0.9831875
CNE100000SP5,0.35231799525746,0.3158974518130429,-0.04104958690615163,0.32304321918837076,0.8253533182084395,0.9268125
INE066F01020,0.18901103183374415,0.10533389467713371,0.02588516819572034,0.1829197787266219,0.36905192893620914,0.9724375
KR7034020008,0.6913745388682492,0.1872623734418771,0.40271713832367384,0.6804090246779373,1.0101639303006142,1.0
CNE0000016L5,0.16281804333629474,0.2501670388148504,-0.20186656357286586,0.138422933658222,0.6020552427061588,0.7438125
JP3475350009,0.47577973086458225,0.2185770950833136,0.19823626614813777,0.4629233235702742,0.7834984339082761,0.998
CNE100001SL2,0.3399516189695772,0.14990849132415895,0.10606084512868032,0.3320320619369825,0.6007616531119423,0.9925
HK0669013440,0.27797496444925035,0.13547066864024238,0.07234346884201337,0.271525553746252,0.5043052749358158,0.98775
JP3119600009,0.12479261969023016,0.1330554359832991,-0.07514158601662264,0.11618667682390929,0.3533360637083777,0.8411875
KR7012330007,0.38100485474377876,0.1262124667425148,0.18507011649918928,0.3761891312161967,0.594564820454376,0.9985
CNE100001Y42,0.2648344936020363,0.34289468742268703,-0.2020117570365964,0.22091048192347643,0.8853227791045013,0.7955
THC903010005,0.14077257304641178,0.12355483807691159,-0.04928147629422948,0.13345796300252338,0.35273736582173854,0.8886875
INE571A01038,0.12258481164807543,0.10742006727546963,-0.045037705652614675,0.11743604176635258,0.3082440397286986,0.886875
CNE100000F46,0.3360473013282349,0.22492524163045433,0.000503240089612513,0.3196287046300613,0.7284144807447436,0.950125
CNE000000LC9,0.36801761879093753,0.2393337559274627,0.015077769068331205,0.34816112386991904,0.7936163545663457,0.9566875
CNE000000CG9,0.31024520806510547,0.13857170568116126,0.09485977796858243,0.30383048924098716,0.5475594945180381,0.99075
CNE000001G38,0.36306265301441626,0.16808477584359943,0.1059896524181342,0.3533462837818318,0.6504262311684597,0.9898125
INE752E01010,0.14361774640943756,0.09729996203206502,-0.0064188567145106535,0.13977851042950112,0.3057867260419185,0.9428125
TW0002360005,0.4706679567026463,0.19680669770604833,0.17231428262471193,0.45788774907667035,0.8123501888235186,0.9955
INE192R01011,0.009619100697799473,0.07846155952347517,-0.11191191966678751,0.006679894126921377,0.13835091737905586,0.538375
JP3388200002,0.029358189618561993,0.17077268757370825,-0.2225719648578885,0.016420308943587644,0.3307027552897975,0.5424375
TH0765010Z08,0.023968525877620026,0.09582766296633266,-0.1256652640110718,0.020409734519824342,0.1859209010415899,0.5923125
JP3198900007,0.11872535542228428,0.14256765543903357,-0.09438729390844697,0.10962589051654245,0.3628436458241464,0.806375
JP3294460005,0.11482477106358727,0.14865626984835184,-0.11228492011419403,0.10535618195827338,0.36946045734703553,0.7898125
CNE000001F70,0.3611470278850361,0.16421990421751337,0.11059870751285708,0.3503044176933739,0.6458015170205469,0.992375
CNE100003G67,0.6534455666858763,0.18006775628983795,0.3849679808131782,0.6422823257631407,0.9568478462128827,0.999875
CNE100001T72,1.0859621654390057,0.4039980878564555,0.4980223254630865,1.0487681439712715,1.7874128002712868,0.9986875
SG1F60858221,0.11019307897406591,0.12107284675694018,-0.07519223840429147,0.10463122748017045,0.3157899051927184,0.830625
HK0066009694,0.019566320985740012,0.12526848648998123,-0.17600619220088193,0.013791270643915294,0.23125439358392164,0.54725
CNE100003MS6,0.24725991106993456,0.2779178104324229,-0.14089356702524786,0.21832513144944787,0.7373258246391574,0.831625
JP3733000008,0.42150592756179217,0.18896813824884467,0.13548787105958518,0.408111848803536,0.7562864893727278,0.9929375
INE081A01020,0.13129739817683536,0.08147626271959686,0.0018611059727634872,0.12909506376340318,0.2699394777374254,0.9525625
INE021A01026,0.06508341831147034,0.0771160709015381,-0.05666715633709426,0.06233472069506194,0.19504144383589916,0.814125
JP3814000000,0.14545499549613644,0.14265073185086719,-0.06836173692356318,0.1366533019439649,0.38706192084018287,0.8614375
TW0006505001,-0.031985646470559986,0.21315448691389893,-0.3331057164418649,-0.05534888841460651,0.3471993206063448,0.386875
CNE000000JP5,0.29369016700304745,0.1234132009037027,0.10404475430012354,0.2866505510568737,0.5030880981243563,0.9945
CNE100003LF5,0.49653019408240123,0.3085996427243462,0.058365282002149445,0.46581531979045987,1.0463147964012984,0.9695625
HK0002007356,0.09272114332365322,0.15252687549820676,-0.13656627698844367,0.08158958228512525,0.36092461468680637,0.7295
JP3566800003,0.12315480592730924,0.14033956571528347,-0.0905219669147434,0.11552336694693341,0.3634826267748098,0.8211875
CNE100000528,0.4162347411925732,0.23567570052694867,0.07039667761921162,0.3973187461339496,0.8214867665691142,0.97875
CNE100005WJ9,-0.05297841609761926,0.22051707444086852,-0.36256035316838986,-0.07576137431706664,0.3394940566969158,0.350875
CNE100000CP9,0.3717270546187717,0.29511361052755997,-0.033432966246512014,0.3405873131243955,0.87791720717011,0.93025
INE364U01010,0.08244107470880714,0.17224128811273345,-0.17206284661865714,0.06751796546002321,0.3828208420160615,0.675875
AU000000NST8,0.25356843961792985,0.15270613771195884,0.02143944034615606,0.2437624627684783,0.5156395162334051,0.9644375
JP3979200007,0.242184991091303,0.1498355668102285,0.013624189589405337,0.23431744419583672,0.5006559540430758,0.959875
CNE100005VF9,0.1300525910837912,0.2521659753547932,-0.22635626312817309,0.10267397939197209,0.5805539810404028,0.6858125
AU000000ALL7,0.19952709319897474,0.11567484871668378,0.020798458650643746,0.193977748200081,0.3973343661276654,0.965875
KYG549581067,0.458934657735279,0.13271837825009264,0.2503736946308867,0.45353728394993265,0.6827271952027418,0.999625
CNE100001W02,0.28449310394315047,0.24231617514055906,-0.06985216389698125,0.26183665676421103,0.7130141246170718,0.9035
CNE100000L63,0.4293270580008177,0.16253060080472428,0.18245339838190555,0.42027065472677955,0.7046545965971014,0.99825
CNE100000V46,0.4829798290873891,0.14371203463172763,0.2597310280369462,0.4762249990080468,0.7255397457439962,0.9995625
JP3942400007,0.18167084659459784,0.14442643763689825,-0.03624150501754802,0.1710754338696827,0.43253719425412157,0.9125625
KR7267260008,0.6889014354675,0.17973691988091817,0.4135038369603204,0.6791836014493244,0.9986472834037122,0.9999375
KR7034730002,0.2722214417249203,0.18412275045235516,-0.0032684598497032197,0.2590347611338111,0.5916881803223452,0.94775
INE267A01025,0.14942318743141794,0.13156397156838034,-0.05484689361796108,0.14290380953322385,0.3756294460479204,0.8875
JP3778630008,0.23602201897559769,0.13451945576956342,0.030604144045712225,0.22905420870433174,0.4652167398239753,0.970875
JP3397200001,0.30579971702008346,0.14505170820017768,0.08120909960609178,0.29853794904008085,0.5549211539881441,0.9886875
CNE100000F87,0.04470570216599772,0.23311056477007877,-0.283924092369976,0.019683123066795108,0.4608013346450391,0.539125
KR7006400006,0.7261961600524619,0.17773698989115946,0.4485529442277382,0.7171242746861368,1.0294573386600618,0.9999375
AU000000SIG5,0.21919852018767683,0.1377262427076371,0.011258735649450772,0.2101031698164098,0.45897370149018046,0.9588125
JP3386450005,0.21414487434988436,0.1820567016104593,-0.06380621691894219,0.20312592229636584,0.5258006042584858,0.894625
AU000000QUB5,-0.028970919210519374,0.15722499118987462,-0.2637597435950777,-0.0402794982075619,0.2430500298339752,0.385625
JP3242800005,0.07776889036999171,0.13858749559215672,-0.1360239083726696,0.06926068599784238,0.31485777071596405,0.7155
CNE1000004Q8,0.4458563078937406,0.27376034761562384,0.04909265519551647,0.4204155403070433,0.9206580132573401,0.9694375
JP3228600007,0.07726148863398062,0.19819241692186487,-0.2153297822052597,0.060797330152036644,0.41879390570423397,0.6374375
CNE000000TK5,0.34343831489319315,0.22889418665956396,0.007558845414385699,0.32403715321481136,0.7459763978244596,0.9539375
TW0008046004,0.5623274056570032,0.2566139756389798,0.1843152144931751,0.5415083635486936,1.0116929487836246,0.9929375
CNE000001F05,-0.030041387593831702,0.1515853338042657,-0.256295669217897,-0.041710289283692595,0.2346948173511575,0.3848125
INE047A01021,0.1916229189228358,0.15239535969019152,-0.03974767020547692,0.18057963927623383,0.4560844740312432,0.9133125
INE066A01021,0.05973602426958226,0.07283891925811808,-0.05658368786730245,0.057579304855322824,0.18379614292010538,0.807125
CNE100002136,0.25017381128215255,0.23344694680395778,-0.09323371616192239,0.2290432766166009,0.6641448642799207,0.8803125
JP3546800008,0.36622345009128804,0.17026890820886587,0.10604152038576738,0.35675281218752974,0.6592325848859167,0.99075
CNE1000003K3,0.5869559568219016,0.25952391570412664,0.1970514704951344,0.5665795953520251,1.035024933915447,0.994375
HK0006000050,0.2293517797236897,0.18840752057498966,-0.05153476460857254,0.2134715184580819,0.5595471337123868,0.9090625
TW0002059003,0.07246678434335112,0.14597374176250186,-0.1490959077284014,0.06312648368938836,0.32465604065618014,0.6926875
CNE1000001T8,0.6396262820672649,0.2407708712577748,0.28229842471512334,0.6198283035473012,1.0545404635149813,0.99875
AU0000030678,0.08460294096692293,0.11894162442415143,-0.09756557710245314,0.07845536881589538,0.29288364593038346,0.7739375
CNE000000YM1,0.4170023716522196,0.32252844894160015,-0.031022353281501765,0.3804834574306296,0.9921360513063117,0.9345
JP3379550001,0.6476538773149249,0.277452892220194,0.23258489321331272,0.6255146001257686,1.12512448899645,0.9960625
CNE000000DH5,0.5069670921463441,0.20264612991045128,0.196176767040203,0.49508797257757053,0.8571465620544342,0.9968125
INE038A01020,0.09161561732059145,0.08855661885409019,-0.04670175082316891,0.08849407930959013,0.2399548061745873,0.8636875
CNE100005QL7,-0.10877870932212988,0.2042418583356794,-0.3983216574127365,-0.1318143429892995,0.260010210526407,0.247
INE494B01023,0.07129382793650003,0.07712013934913871,-0.05001130620072759,0.06819828445000975,0.20276115511838055,0.8351875
JP3266400005,0.15621936939048284,0.1554264356609435,-0.07750512483595824,0.14728163579998893,0.4251841223065732,0.856
KYG5140T1094,0.42871355284442303,0.25253237225941877,0.05884673275080676,0.40740425493000654,0.8774701446142931,0.9729375
CNE000001FQ9,0.9821341098435102,0.4559264497787655,0.33611610547185183,0.9361686268837562,1.7817022177186983,0.9964375
KR7066570003,0.31482670124438855,0.14414276264581916,0.09064979860162466,0.3082674020819425,0.5621080394294582,0.9896875
KR7042660001,0.6151661864972211,0.18045222476181155,0.33682244867829053,0.6048687303767464,0.9282125110046706,0.9999375
SG1V61937297,-0.07942830079385055,0.10263897258991762,-0.23630660428911168,-0.08503484598881106,0.1002938575147558,0.196375
JP3205800000,0.1550089409628256,0.1323189258358021,-0.04933245356225648,0.14725559557485973,0.3800211256423537,0.8929375
SG1U68934629,0.14248468064928116,0.14218907674648504,-0.0712070939888097,0.13303115241146235,0.388064565373718,0.853375
TW0005274005,0.41281639013111243,0.16964034030098696,0.15245522687521634,0.40347984749102733,0.7016808208688942,0.9959375
CNE000001KM8,0.5466840126683659,0.2130987852853916,0.23124620659474565,0.5335449764429212,0.9102763988132474,0.997625
CNE000001PQ8,0.31381174603316486,0.2926933969448572,-0.10506626923906459,0.28163281496266923,0.8390749044441024,0.8795
INE358A01014,0.19424887848783715,0.18461563052128077,-0.07712186145698295,0.17905630685356894,0.5216850975084201,0.868625
BMG507361001,0.4231822366397335,0.2026897341656842,0.1186359303490916,0.40883439102592134,0.7794046851452728,0.990375
CNE0000015R4,0.3430655370925641,0.19108862996105422,0.05456031624306149,0.32991786047210536,0.6767090814565989,0.974875
JP3494600004,0.0895628805724496,0.1354786771016101,-0.11823576952105558,0.0812015442898862,0.32331566226556196,0.7526875
JP3933800009,0.347123793898046,0.16449576127951565,0.09891718087815496,0.3368588007340221,0.6309317127558955,0.989125
CNE000000GF2,0.4181349260122493,0.17560820973732416,0.15121583023127785,0.40899115908588424,0.720297408051196,0.9945625
KR7009540006,0.5635422905537809,0.18616313340832386,0.2781644165649196,0.5510180515607359,0.8919462628077985,0.999625
TW0002357001,-0.003922880941236528,0.14374087511790318,-0.22018385214314504,-0.012865644933873186,0.2409167442766626,0.46125
CNE100002XM8,0.49962176217070736,0.17401964320377006,0.22989147110478603,0.49138407252661054,0.7966171099404868,0.999375
CNE100001Z58,0.532900439397875,0.3545407728707781,0.061069145137253235,0.4944369328313617,1.1166987110737439,0.9709375
SG1T56930848,0.017968476517765807,0.1333849372615686,-0.1844380604003869,0.009804082415765553,0.24469194303214523,0.534
JP3134800006,0.19149159459333998,0.16852401189709268,-0.0618680063117586,0.1783317636656721,0.4841500003467401,0.8855625
CNE0000012M2,0.09161340112930699,0.17675345130803508,-0.16675620484740974,0.07736483361344931,0.39409590047852394,0.6984375
INE075A01022,0.08073151586698339,0.07192480614729979,-0.03404793802521629,0.07917792774234822,0.20174764936537198,0.8795625
ID1000117609,0.6125453660318331,0.3454499866297783,0.12208461186246411,0.5775442473301958,1.222453632989504,0.9840625
AU000000BXB1,0.24453457471252715,0.1398943013911373,0.027018975404770686,0.23708249831329964,0.48427169110207346,0.9680625
MYL5225OO007,0.20922648562859303,0.10420412510028912,0.04614936232627637,0.20520912544869613,0.38501834727151635,0.980375
JP3734800000,0.17773453701555592,0.1784444076793408,-0.09147833591077341,0.16642150128897204,0.4858435969532793,0.85875
CNE100004413,0.333326691404719,0.3546883981212625,-0.1490933372095243,0.28915380939029056,0.9706009557855395,0.8521875
HK0027032686,0.4534395059676424,0.13633636976156824,0.24375263742551936,0.44808765729518785,0.6885563854119457,0.9995
KR7086280005,0.4768797234224691,0.14773288425092726,0.24768004560115395,0.46980187900576964,0.7317715216570739,0.9995625
CNE100000338,0.5895609679785516,0.1963406407127782,0.2918495414344904,0.5788594442805054,0.92342020960213,0.9993125
INE343H01029,0.029365817184051686,0.124045193996391,-0.16048671013200813,0.02258191226749529,0.24376846743180855,0.583125
CNE0000018V0,0.5572804629383258,0.30931490296562025,0.11206150725639095,0.5304818359366861,1.0896355859696751,0.9839375
INE0V6F01027,0.1973644739069532,0.09925948644019177,0.04280079432319626,0.1926116592581517,0.36371889659901424,0.97925
CNE1000073Z4,0.4675511296144611,0.2766057765410295,0.06868352551524938,0.44252976087586426,0.9524187250676028,0.9748125
TH0355A10Z04,0.10355369671415249,0.10452923200318144,-0.05452405804189047,0.09844579576871637,0.27697849638142036,0.8569375
INE1CDF01017,0.17725627706093325,0.1720150635405402,-0.07917801998512318,0.16470060488256,0.4755348770603468,0.864
TW0003231007,0.17374346364082033,0.15200117786349446,-0.0558685313254095,0.16413359930919158,0.43360090972750936,0.892
CNE000000JM2,0.19455443062382657,0.22956836787773852,-0.13672622693468636,0.17388358303680906,0.5976879057009643,0.81975
HK0003000038,0.14755315610032876,0.14785076859058782,-0.0770813633369718,0.13778630991388335,0.4069596344727068,0.853
CNE100000GS4,0.41121483816411397,0.1976060381662871,0.11443064916858832,0.3983458290320072,0.751340851485409,0.988375
TW0006223001,0.5074522053004538,0.21694112072697896,0.1815762243641405,0.4891839598954292,0.8936102289079484,0.996125
TW0003443008,0.40669960415697565,0.17804681266636002,0.1354443629562906,0.3947361706988648,0.7113829372237942,0.9926875
JP3421800008,-0.003629202429353164,0.1837904921521786,-0.27024515881659233,-0.020244861948420734,0.3161474042995292,0.453
CNE100000W60,0.23260337281650512,0.2750924896634171,-0.1596567592806461,0.20342118122432112,0.7142392927857282,0.8155625
JP3762800005,0.3044647841591145,0.1459564026646612,0.0822217532703627,0.29654967385266895,0.5563573462077764,0.9865625
KR7005490008,0.649219622919625,0.16563689763102812,0.39787573258553527,0.6421477435110321,0.931244732508034,0.99975
CNE000001FR7,0.640498397912625,0.37292468122255273,0.11531286784429527,0.5991322669819926,1.2942392579060429,0.9809375
CNE000000TY6,0.4923654238765602,0.2358413070884212,0.14103498023214706,0.4737215495795578,0.904227276108169,0.991375
JP3368000000,0.4655688121599358,0.21696826906000866,0.13288640962257753,0.45200318319179755,0.845248667433925,0.9905625
CNE0000010T1,0.06399792145019585,0.2191402992299784,-0.24968933150956996,0.04114973428293857,0.4508561364490007,0.58825
CNE1000006C3,-0.04737732713952575,0.23579081568607513,-0.37838272037877385,-0.07501014408338776,0.37699860839209187,0.36275
KR7298040007,0.7792466328156998,0.19960985554232283,0.4811743954649228,0.768021691584109,1.1275991506895597,0.9998125
CNE1000052S3,0.4656185222352982,0.36573452969231157,-0.037552074828009,0.42256771454330466,1.1054036821142483,0.9330625
INE318A01026,0.054227194403745654,0.09567430326206983,-0.0936879547506554,0.05082457823038888,0.21693978615582896,0.7180625
CNE100000T32,0.5671534849680824,0.21468286433607106,0.247878200011342,0.5522729331928689,0.9327724718998259,0.9981875
CNE100000G29,0.42546687757295,0.17326073583918083,0.15853444674325423,0.41540279712681927,0.722489652870645,0.9965625
AU000000EVN4,0.17795925625335904,0.13792908771602588,-0.03319851700282363,0.16954721325828373,0.4130566882414994,0.915875
INE849A01020,0.23053921702593647,0.10302469449980495,0.06937176350949606,0.22613024932446024,0.40583521694546665,0.9900625
INE775A01035,0.040003634878790946,0.09368453590338259,-0.10742831767200613,0.03646182845539517,0.19857929208166603,0.667375
ID1000191109,0.6917153117667595,0.3132516796686712,0.23957540718614653,0.6610329781581317,1.2482221716513782,0.9953125
MYL8869OO009,0.1443328727341358,0.12378509886673199,-0.04783950470572149,0.13720206620933253,0.35644590771135104,0.8926875
JP3166000004,0.23854488854706796,0.1731474545964513,-0.020620577583141828,0.2274101630811691,0.5361895987446432,0.9346875
CNE000000FH0,0.38108288699711373,0.18477906041343525,0.10472219633767739,0.369085635122538,0.7024381041574572,0.9893125
INE298A01020,-0.00504573964874009,0.09290818918505257,-0.1481155669127809,-0.009367368864704722,0.15240507789186078,0.4555
INE200M01039,0.2533193587734679,0.10399476606791332,0.09101103939766268,0.24831437353675762,0.43210903220550073,0.99475
AU000000CPU5,-0.06147256205123206,0.11442932962498929,-0.23860919694143903,-0.06784365187384025,0.13479325794113928,0.2633125
TW0003653002,0.45732222388775473,0.22205284783383708,0.12219127855248246,0.4413427980362562,0.847462602736407,0.987875
KYG989221000,0.35266368729602665,0.22926390060037938,0.013096487889030848,0.33346614182532386,0.7582349710574717,0.957125
CNE000001CW4,0.4645163341800506,0.3670320601533106,-0.05753607275347119,0.4211191120332151,1.1139825510166987,0.925
CNE1000062J1,0.3124033030473933,0.13279182787228422,0.1075047787226751,0.3062649346930378,0.5391847858220732,0.993875
TW0002395001,-0.0386338531050857,0.10756189868624247,-0.20200741793863822,-0.04543562375094701,0.1462489754562137,0.327375
CNE100003PM2,0.5597437398046312,0.21457230406219685,0.23208734807322567,0.5462348631616701,0.935840150635612,0.9975
INE1TAE01010,0.21718943042571556,0.11628738048129846,0.03830194348567728,0.21090262529637677,0.41718038944773816,0.9759375
CNE000001JQ1,0.5289983365792056,0.23340590469221792,0.1798006553414056,0.511912759991001,0.9319076864594871,0.9943125
CNE100002JV8,0.18791853829012917,0.2029092431647895,-0.11514913092398602,0.17293970661496588,0.5404662568415747,0.837125
TW0006488000,0.006458059280476734,0.16482010227875715,-0.23906828220480275,-0.005786642757658819,0.2895662301836396,0.4846875
JP3749400002,0.1502033709979751,0.1518894730800379,-0.07771845948548425,0.13993251010428315,0.4125710643029693,0.855625
JP3639650005,0.32689359502307663,0.14365020962409122,0.10677826026816786,0.318079116392548,0.5749367936940176,0.9923125
JP3210200006,0.359494719898,0.23595936992501426,0.018772463396855937,0.33733375887135086,0.7732392197524246,0.95875
CNE000000PF3,0.2743765039298286,0.27488988017547755,-0.11378616543917593,0.24485030157738824,0.7667852237088828,0.866375
JP3711600001,0.09080613975446314,0.16607394061505382,-0.1586361647741036,0.07877273534870208,0.3812999157168722,0.702125
KR7015760002,0.4255804451336424,0.16952710263927478,0.16456338034134974,0.4175012139039585,0.7172658994743011,0.995875
CNE100000866,0.5267263672807153,0.3102395598777935,0.07598882066475307,0.4965528757842478,1.0689835874253577,0.9759375
KYG211461085,0.36259916989604857,0.16158987935475988,0.1170051992618695,0.3519827808437928,0.6424164607423648,0.993875
KYG5257K1076,0.6820130476337061,0.7484032879718613,-0.19918917526275084,0.5427820840510621,1.9907245007813106,0.875875
KYG5074A1004,0.6630604185204175,0.20619926598590588,0.352837491968121,0.650043070335537,1.0141763063094256,0.9994375
JP3300200007,0.3976412162161411,0.15377161736281872,0.16618605065474504,0.3876556851324858,0.6619611140290889,0.99775
CNE000000RB8,0.5400142951778047,0.33186683673159656,0.06293421451675241,0.5066987908248115,1.123543754967157,0.9686875
KR7096770003,0.15270401878124298,0.12264368499665632,-0.035215104991261376,0.14527557933396315,0.3644744337613806,0.9066875
JP3967200001,0.21112435231150417,0.14736152764184646,-0.013658467611117619,0.2023578672195912,0.4642004626084328,0.93825
JP3753000003,0.004194296553946016,0.13506558431425641,-0.20020291516590596,-0.004133420855662796,0.23396653312320745,0.4868125
JP3921290007,0.1507408010249996,0.13606614334093955,-0.057764487376354305,0.142791093401455,0.3837382671191738,0.8796875
JP3111200006,0.15101950665258518,0.14378820648351232,-0.06971771412996133,0.14197295214502675,0.39926572367803115,0.869125
CNE000001GL8,0.19565149498078188,0.22297804480533515,-0.11887824367671435,0.17358675414266625,0.5859108042233241,0.8285625
CNE1000006Z4,0.07448379998382484,0.14372420967875116,-0.13913496058941205,0.06386670200204779,0.3206457346362817,0.693
JP3695200000,0.17745898746834957,0.19849491522193088,-0.1127780961954878,0.16076022455237515,0.5241504413621457,0.829375
TW0002301009,0.13685132460341126,0.18664078351753927,-0.135671581055615,0.12008378960996005,0.45680941370146694,0.7749375
INE121E01018,0.08189221144157101,0.09978241361132192,-0.07290064475035647,0.07688600542016294,0.25262063766631004,0.80275
JP3347200002,0.20758554203819346,0.15417561687000375,-0.02467619639785798,0.19631056664207663,0.48001969904810277,0.9281875
JP3116000005,0.2390109820371599,0.14545672667923323,0.017791941056413782,0.23032776594140136,0.48818556112319966,0.962
HK3808041546,0.3102695871756166,0.16375113201859962,0.06125242782634986,0.3001596914283122,0.5888646131131868,0.979625
JP3827200001,0.885705628700594,0.32760791844060744,0.4112099231116899,0.8575182688989318,1.4585804587418292,0.9988125
CNE100000HD4,0.2797250334052817,0.15683201308988973,0.042234209455764796,0.2691500998867539,0.5507758443026014,0.97375
ID1000129000,0.37573404744561467,0.12734808516035326,0.17807369143319204,0.3713290400096696,0.5914551928214623,0.99775
TW0006446008,-0.13448021768459528,0.17402633584625138,-0.38347111513888554,-0.15215698946841918,0.17389971679817998,0.19
INE257A01026,-0.06905042277985654,0.10701849474986194,-0.2330228164451655,-0.07559224181488369,0.11627417087589602,0.2323125
INE669E01016,-0.12135660212774538,0.09076414858818818,-0.26148588123861755,-0.12585687552306504,0.03707935512205548,0.0904375
KR7010130003,0.5506504358825616,0.29748121984666764,0.11955761258395485,0.5213148657684514,1.0720399603978874,0.9846875
AU000000JHX1,0.09593097564177135,0.11227317124264932,-0.07823582185954883,0.09079768233188626,0.29058322135374465,0.8160625
HK0019000162,0.09980482966178872,0.18854929398362993,-0.1479599547234598,0.08792041000929746,0.3769316558903502,0.73325
KR7017670001,0.1788391204218475,0.11302904269444287,0.005076607032371053,0.1731420932689193,0.3726617540766375,0.955
KYG7800X1079,0.5212429916578235,0.15382941178480314,0.28298845145908447,0.512762349785445,0.7875604914673026,0.9996875
CNE000001NG4,0.3102104199596011,0.21496823110815927,-0.0049656329001217985,0.29369844385109645,0.6850703498981304,0.947
INE669C01036,0.05319599776279747,0.07091264557955627,-0.05905409667133861,0.05130192013596649,0.172228231939199,0.786
JP3224200000,0.31513362065252293,0.16174269320319615,0.07326742778878105,0.3069630249146099,0.5823632190297151,0.984375
INE455K01017,0.08350111610491753,0.08180757064258345,-0.04759540079784912,0.08201575438800483,0.22255465717452305,0.858125
JP3497400006,0.2626643865922308,0.14735940821479634,0.03841987456741896,0.2545990888501358,0.5158325476863793,0.9738125
CNE100001FR6,0.44036834624389143,0.2038327211620908,0.13019934031083583,0.4255977553867136,0.7961931755699532,0.9903125
JP3526600006,0.07887139575405262,0.21824936030071845,-0.2349288753616125,0.05638875569805425,0.46446583400526914,0.6159375
AU000000REA9,0.39428735078799254,0.16837937029035993,0.13753742238973013,0.38464178834019236,0.6825164061015973,0.9934375
NZFAPE0001S2,0.08582935033959906,0.14233362420714035,-0.1249841185453066,0.0760853165956664,0.3298555526274938,0.7283125
INE07Y701011,0.09695499465397692,0.11221259750540595,-0.07403246283041474,0.09097892091401472,0.28776758917577017,0.8161875
THB231010000,0.2100261656795185,0.12493247311820807,0.01614823183583644,0.20459208863219736,0.42210479647012533,0.963125
JP3258000003,-0.03095017859163675,0.0986548207299048,-0.1818596533777635,-0.03560335856373899,0.1338946795559519,0.34775
INE067A01029,0.08224940947915715,0.10903161743831814,-0.08698109814457636,0.07628999843087991,0.2687906803463972,0.7821875
CNE100000B81,0.6424685705566597,0.2334559759736767,0.2945980833378091,0.6255896393747701,1.0422992090379464,0.998125
TW0002603008,0.19995292650314783,0.1786182674774569,-0.06760741563248657,0.18712595213272185,0.5147923424352426,0.8828125
KYG960071028,0.3325626034961453,0.14621482759820664,0.10710339587458984,0.32487838014136095,0.5820919471746414,0.99275
INE003A01024,0.018036751902049113,0.08492016460294309,-0.11492996030001858,0.015098756855903405,0.16166584560299943,0.5784375
TW0001216000,0.06831297476883956,0.13922105936083826,-0.14486273041748726,0.062332130554698544,0.305439672675672,0.6898125
CNE100002508,0.48575861066079257,0.25926053389021664,0.09838115223128331,0.4666822837862376,0.941028654777163,0.98475
CNE000001J84,0.3474658309782485,0.2767238067484435,-0.05458373064256052,0.3238396046954538,0.8320266879974552,0.919
JP3684000007,0.15340956109986456,0.140264534875852,-0.059807306003889366,0.14408566518553023,0.39164902560890463,0.879625
KR7010140002,0.6064709424681728,0.16194099734903336,0.3582395153504928,0.5982202487611032,0.8877117297177292,0.9998125
INE158A01026,0.13378225465850355,0.08558760294167558,0.0017865050713878445,0.130094287442074,0.2783348504389639,0.951875
JP3190000004,0.2849014527154717,0.19965023452385552,-0.013333721823664952,0.26911740756405467,0.6323905174741303,0.942125
JP3240400006,0.10451430875487386,0.13634589161255586,-0.10084570972643336,0.0952885496383193,0.3460429539984181,0.786
CNE1000015L5,0.2977153285849597,0.32048917739372695,-0.14220300659688517,0.25921928501100755,0.8790393514559359,0.84525
CNE1000028B9,0.80622530239414,0.40722188516464264,0.2247100699502824,0.7610672352154064,1.5343500041164422,0.992
JP3976300008,0.1892462137582223,0.13260901233785846,-0.015040428427684542,0.18311951080165528,0.41229887308323476,0.9365625
JP3443600006,0.34898024265162486,0.24596109416739712,-0.010854138988790793,0.3285554437782536,0.7786895953753264,0.94525
JP3263000006,0.20201959891099056,0.20578301831187074,-0.09813523873386827,0.18424432963446846,0.5603280854697259,0.8575
INE216A01030,0.16225172360933865,0.08247151201074415,0.03221181785609888,0.1597221042185317,0.30280145821307597,0.977625
CNE0000008X7,0.40981710342107364,0.186138256229183,0.13149958160637154,0.3962978006413332,0.7370834857536285,0.993125
CNE100000437,0.37620053000098824,0.39752822221408385,-0.1632952174260505,0.32433696289083414,1.0848434622547636,0.854375
CNE100005PN5,0.5084526686004893,0.18298256663709853,0.23534060811267907,0.4965246927650774,0.822959654730306,0.9980625
CNE1000015R2,0.5110556854456292,0.3052341980671885,0.09176430624675953,0.48526241666183045,1.0072805906127265,0.9815
KR7051910008,0.6360741115439499,0.1553135603414023,0.39496617523379934,0.6286690123919041,0.902081166078099,1.0
HK0836012952,0.20208533318315466,0.15265648870579965,-0.02749844805945164,0.192336684907921,0.4666681323083419,0.9241875
CNE000001FG0,0.25735999083933186,0.19993161586111233,-0.04014539190879965,0.24261695802489847,0.6039071000531893,0.9214375
CNE0000019V8,0.48181727369750954,0.19730743066921308,0.18339457652831787,0.4691975340020323,0.8237479424389932,0.9965625
KYG8187G1055,0.011019751426617801,0.22029071589568316,-0.22869870660812966,-0.005316262815078307,0.2943940329431148,0.48625
KYG114741062,0.46321288638741076,0.20001262752631488,0.16224471511602023,0.449526830171989,0.8091028830897758,0.9948125
CNE100005576,0.5429535925693881,0.20627993671317704,0.23200139384535404,0.5311901005493304,0.8968133363432593,0.9981875
JP3223800008,-0.06733357035220092,0.12585596655426987,-0.25515548831958834,-0.07602558811622122,0.15012848573339685,0.2611875
JP3180400008,0.21243339420133248,0.22451536170896796,-0.11300025408737913,0.19265684462825977,0.604868810095271,0.84475
INE437A01024,0.136217101176683,0.08567134634955577,0.002204224053313457,0.13296256772227505,0.28139486769897526,0.9536875
AU000000ORG5,0.08882058122254752,0.14212527417333626,-0.12648375071442436,0.07976852576937504,0.33149136462999884,0.74
CNE000000XM3,0.23907559304176076,0.1947703649192278,-0.056769544833741976,0.22570557203766656,0.5781144560842232,0.9088125
TW0008299009,0.5471977204372523,0.2368829426804298,0.19528172873846183,0.529794770334812,0.9570671242664818,0.9949375
HK1093012172,0.29334034679360804,0.1537906875542714,0.059486584946889416,0.2833355265738825,0.5575858470268125,0.9809375
BMG653181005,0.2158036809059256,0.19994021755698219,-0.0746604606263796,0.1994871421559961,0.5655133329339923,0.88025
CNE100000304,0.8169470825929667,0.3542099001646798,0.29851495135001616,0.7846792012967869,1.4340979499198143,0.996125
INE1NPP01017,0.09266031326003654,0.12126639843252575,-0.09309623381207748,0.08729901010713716,0.29935724832081045,0.7886875
TW0001326007,0.08841695516006548,0.2230777481442241,-0.22946826057060749,0.06688411174993464,0.4791972854648576,0.6311875
CNE000000VG9,0.48205685178504487,0.33211436947821155,0.014349715627217903,0.44387254758672223,1.0729773895199597,0.9563125
KR7042700005,0.46972774587883576,0.3220654763345449,0.008022315564988138,0.43817655711556636,1.0432505185359489,0.953
CNE000000PY4,0.3113859693313645,0.20224946324029014,0.012573202166246841,0.29556384250049783,0.6572360096556465,0.9566875
KR7033780008,0.26153006479555196,0.12731227046126203,0.061732132780983516,0.2569413714527949,0.4815840438724317,0.9845
IT0003874101,0.31597560091772453,0.13445995405001043,0.1108220681869367,0.30859298820553227,0.5431284287516013,0.9941875
INE214T01019,0.18028536739933793,0.08279083585192816,0.05026515199130346,0.17767419771472678,0.3214252908976288,0.98675
INE155A01022,0.2738909679421683,0.11105720462922007,0.10073129316110993,0.2700133571599417,0.46397144785393685,0.993875
KR7000150003,0.7232799338936964,0.2571191845902446,0.3396254504359194,0.7025124411189123,1.1672534799645204,0.9986875
AU000000QAN2,0.19830157013723015,0.11954791141758987,0.014608793766538479,0.19231084323402278,0.4057227779495288,0.961375
INE281B01032,0.054129103163308614,0.16447961105214332,-0.19393159923376208,0.043536890787083476,0.33835382022285704,0.613375
TH0737010Y08,0.3035315435348244,0.12269629271948797,0.11554520995521203,0.29741157375641436,0.5132105594006654,0.9951875
TW0002379005,-0.05239444721815233,0.1015617346300284,-0.20845223214390698,-0.05831472599710321,0.1225918885274932,0.2705625
SG1U76934819,0.1829825117335662,0.14639713646176705,-0.04084766051700248,0.17460842027976536,0.4370833657303552,0.911125
BMG677491539,0.020692838074981804,0.21336337671038333,-0.2823043307827177,-0.0019489335179591546,0.3954545275838302,0.49475
JP3732200005,0.2459317501161206,0.22879464238512143,-0.08482535815045539,0.2244756556096072,0.6469277908359541,0.8786875
INE245A01021,0.12733005005100165,0.10339111903892793,-0.033371142568807424,0.12112653698149004,0.30492742217036634,0.905375
JP3402600005,0.4412626822477481,0.2709724325782699,0.04965984975012874,0.41617667405930225,0.9135833904082216,0.96875
TW0003481008,-0.14331275056632126,0.2408802725005285,-0.4428496935122133,-0.16952486477905038,0.23653014191425403,0.2075
JP3293330001,0.23513731420001358,0.18417307710853434,-0.03810644535675973,0.22134753340040955,0.5551425277970692,0.9185625
AU0000364754,0.25585235105038884,0.15809849966852807,0.02030923639485615,0.24593566966773017,0.5302450471513809,0.963375
CNE100001B07,0.5117338804906373,0.30826586987026466,0.06526024600126584,0.48485848395509434,1.0686652161764567,0.9724375
KYG4990A1040,0.3593543927367989,0.14081768108597323,0.14531535567865367,0.35156626595218404,0.5994359133940902,0.996375
KR7010950004,0.12186376059642304,0.1134382930909728,-0.051050810175181684,0.11693556308609154,0.31337715824521656,0.8761875
CNE100003RL0,0.3724153551901945,0.27986866456427095,-0.031739556795607915,0.3449778794484673,0.8671736129425118,0.9348125
CNE1000023J3,0.4734470370098545,0.17712662773172483,0.19947428731755754,0.464569923826021,0.7772686984026149,0.99825
KYG8167W1380,0.5722142798964778,0.16310941458167794,0.3242389018995014,0.5647795301746846,0.8498477622257615,0.9999375
KYG0146B1032,0.6537171255171126,0.18040176167448244,0.37907644458956513,0.6437197102120779,0.9602156430095885,0.9999375
PHY806761029,0.439321411796109,0.21579472200995678,0.1129606220540114,0.42299448940218176,0.8182928689482156,0.988
AU000000PME8,0.3656131637278968,0.1766564670148573,0.09649354853214032,0.3563081177725329,0.6714483322630816,0.989125
INE129A01019,0.21413925191036887,0.09258053591475097,0.0678402994338528,0.21083570114841466,0.37261184338943293,0.9914375
CNE100000GR6,0.712428738330203,0.21439309350727795,0.3813977150060246,0.6988380610732117,1.0886185996199955,0.9999375
INE196A01026,0.06833782121604688,0.07017437065030649,-0.04266539177339089,0.06589710100408452,0.1868770505402306,0.8446875
JP3820000002,0.2478738746980016,0.18428594291033398,-0.025020445673338835,0.23636236293862622,0.5632742898386546,0.932125
JP3738600000,0.1209195709482411,0.17873704964196802,-0.14449000659109362,0.10909294685056939,0.42965604641479627,0.7613125
CNE1000032B1,0.3771431395669199,0.2918229159012937,-0.039132934700757474,0.3450542965349877,0.896401433100987,0.928375
INE102D01028,0.28145687773634676,0.09193767240660225,0.13577344477513612,0.2791170914358807,0.4367130563414706,0.99825
MYL5285OO001,0.0983734054116608,0.11529927514247736,-0.0784823797539096,0.09162094709572419,0.2961647975291026,0.8135625
JP3215800008,0.00048507578546100316,0.17626341407269436,-0.25958669159564823,-0.013947882903322249,0.3118106963120289,0.4680625
INE192A01025,0.2150952672320138,0.0953002273313944,0.06696248210593538,0.21071416163093665,0.3763400379222283,0.9890625
KR7018260000,0.2976859348565821,0.15231267658006806,0.06534874372894284,0.2894448664060545,0.5621250524524608,0.9833125
CNE100002CC3,0.5275550007325991,0.21172783932308878,0.202750425561001,0.5117507119346261,0.8946045165526366,0.997375
JP3173400007,0.278845557494217,0.15605796700299465,0.04304945365903418,0.26757580264231345,0.5502672909229779,0.972625
KR7196170005,0.6139066119244114,0.41002056056879427,0.04979467143906684,0.5701802678455633,1.313185777978216,0.965875
PHY5764J1483,0.14808198741773582,0.15136132704829747,-0.0793950929584429,0.13763345851429587,0.40631222978580545,0.8554375
INE749A01030,0.19415014683823523,0.09109404295653285,0.053578017639678246,0.1907590111064368,0.350383030138788,0.9855
INE027H01010,0.15048789394682424,0.0945037295744591,0.0030622502316592633,0.14647844346887298,0.31101781373144444,0.953625
KR7035720002,0.732786932534139,0.17339565703516652,0.4612063704408917,0.7243214503457428,1.0247116686694313,1.0
HK0293001514,0.10301099557435806,0.14434342907290787,-0.11763819671119728,0.09431889569875349,0.3483610065950901,0.77375
JP3358000002,0.023822190682492406,0.12980540319246195,-0.17142948166327007,0.015554693058224026,0.24892748054024327,0.555
CNE100003RC9,-0.1039826975046544,0.1794504725923681,-0.362730954420701,-0.11990461182926632,0.2140211936215733,0.240625
CNE000001KK2,0.5842420256051628,0.2472248574420712,0.22010140305061512,0.5645139693277773,1.0158125921767012,0.995
INE854D01024,0.07038941196652898,0.08907162669963481,-0.0701579403698372,0.06684562162331464,0.2196299406961743,0.795875
JP3621000003,0.22851942178733453,0.1562601944219403,-0.007061511199475621,0.21892458536450787,0.4941767475657993,0.944625
TW0002449006,0.5044845409306873,0.16650280008526577,0.2519314860028814,0.49452495959936016,0.7887558549856923,0.999375
CNE100003P74,0.2197977179300143,0.256136435146728,-0.15251439559661759,0.19541527185977492,0.6688156685921437,0.817125
KR7011070000,0.6175630822232385,0.21137763003518867,0.2996898988697305,0.6041145510611533,0.9772693545980335,0.999125
JP3783420007,0.10040544224339999,0.21956142810191853,-0.21723000456132904,0.07915733719587023,0.4810738969580343,0.6668125
INE089A01031,0.13649151312738744,0.07910353412590104,0.01369396985476168,0.1338607873008869,0.2686688380899351,0.9655
CNE100003S06,0.06342813204448439,0.1903413620128974,-0.21462895031282056,0.04782398318050151,0.3951393597499199,0.607375
KR7064350002,0.8543822490513774,0.19561816351667607,0.5529204653921954,0.8438685063569804,1.1830021344283121,0.999875
INE059A01026,0.11949261164135576,0.0779428529401943,-0.0038031028583149066,0.11685883141935213,0.25222793137629324,0.944625
KYG5074S1012,0.437953893597537,0.14271158260525696,0.21566763219266738,0.43242247668331013,0.6792258557906556,0.999
INE776C01039,0.08441888310951237,0.16136195049073215,-0.15745569534962991,0.07236131828331338,0.36196193246972647,0.6984375
JP3888400003,1.0374622863449006,0.3341765310982911,0.5537230636444136,1.0107632390843666,1.621391578062482,0.999875
CNE100000BP1,0.2903283415738751,0.24997021597655172,-0.07187775953059702,0.2660511173862928,0.7346270604124362,0.900625
CNE100000HP8,0.36352432356564723,0.22845865320143288,0.027580492397761884,0.344355833823689,0.7637672101000631,0.963375
CNE000001F21,0.44085459002208827,0.29747754482137895,0.00859787886483605,0.4123873145858271,0.9675640668735512,0.9543125
TW0003189007,0.42222189558284196,0.2062190156894125,0.10353299728874674,0.410516699227303,0.781937288518319,0.9870625
CNE000000BQ0,0.22206138451292778,0.25236277129514517,-0.1484913457558759,0.19897837551730868,0.6653479467729387,0.828
INE200A01026,0.24532125861771398,0.13931654103327623,0.035875569845097204,0.2369624218712933,0.48836906238808997,0.971375
INE010B01027,0.003595922928624012,0.07772546863058484,-0.11689216419328215,-1.7097296694024335e-05,0.1362659805453065,0.4999375
KR7079550000,0.42622694001837735,0.15205108916395182,0.19010671671645282,0.4197339859817289,0.688291865213048,0.998375
INE326A01037,0.07144272255459129,0.07408855002153306,-0.047075604847591324,0.06917580063514704,0.19558031814284657,0.842125
JP3201200007,0.12093586301703485,0.13327785198780354,-0.081356757509512,0.11244818035337995,0.3506046464273918,0.832
TW0006274004,0.4710026882631912,0.2243357886582007,0.13389861649622603,0.45381134772958664,0.8603878042927042,0.9914375
ID1000122807,0.41978181048704916,0.13073462956105564,0.22202151120923538,0.41204519634566195,0.6393517846249943,0.9993125
CNE100004QP1,0.7378611144303101,0.27963259703893073,0.3218192907105503,0.716425655198307,1.2348177246503143,0.9988125
JP3982800009,0.1259706774850031,0.18517756662895477,-0.14834572801809695,0.11325637782804832,0.4470038023914396,0.759625
CNE100001RG4,0.6906492080406154,0.3524042835610579,0.17483965288633987,0.6598991319237948,1.30724044317738,0.9905625
JP3814800003,0.08928881090852628,0.12957454822990824,-0.10853797975518537,0.08139000393268743,0.3174954858510594,0.7570625
CNE100001VW3,0.6036561405275189,0.3050012674398609,0.16368886049268366,0.5767180858786302,1.134455052572223,0.98875
CNE100000PW7,0.12311916529875393,0.19225479470635526,-0.16172037078449764,0.10649200117073834,0.45866137636874627,0.7451875
INE079A01024,0.3314418664299423,0.09281652431796027,0.18568827739982033,0.32748680481173803,0.49204611087004757,0.999625
CNE100002GC4,0.47052114667456774,0.3274301884928219,0.003035280287337971,0.4362692869374478,1.05739606295194,0.950625
JP3358800005,0.23399131041605625,0.20251831531753026,-0.06635213849304121,0.21815995998783042,0.5842341016647135,0.8975
JP3758190007,0.2954256520887736,0.145057851652326,0.07070078740003011,0.2879141306076071,0.548380497536689,0.9839375
CNE100006T36,0.7110700846563499,0.20634449463915883,0.39200803507144255,0.7013466425480971,1.0642741297763991,0.9996875
KYG1674K1013,0.4696861635148377,0.13380338463285807,0.2606236593780109,0.46441820848265797,0.7005975002868429,0.99975
INE249Z01020,0.15665670830035816,0.15649527403733418,-0.08074365544660747,0.1455994129178726,0.4268544821569926,0.856625
CNE000000TR0,0.32890123982383535,0.2172115087273034,0.011983035629103753,0.31292494396271675,0.6972687155255961,0.955875
INE388Y01029,-0.05241046100558232,0.0837595031705197,-0.18139589011384652,-0.055846400670068935,0.09187588084488471,0.2353125
INE121J01017,0.05508794678962201,0.09570631548928048,-0.09532738942520205,0.05080755108198969,0.22009642196840137,0.7226875
KR7003550001,0.31093429732459776,0.16218056313630272,0.06184863256604503,0.3016019200820281,0.5901910271315823,0.97825
JP3951600000,0.19652685243780718,0.13777602792486482,-0.014664391006790152,0.19009825077094028,0.4335990696606893,0.93575
INE956O01016,0.15939117860944196,0.11072256076616567,-0.011307611653445,0.155071316268177,0.34752600166239966,0.9365625
INE070A01015,0.07305645172031042,0.0708384415805653,-0.038887249846235546,0.07125059585948124,0.19262273583583056,0.8614375
CNE1000008S5,0.3793250825559587,0.20486818761884992,0.07198828198479629,0.3641762573127066,0.729452139198906,0.9805
JP3102000001,0.1552059948855482,0.2506985681921586,-0.05506305990523346,0.1454572025313116,0.38649925221739195,0.885625
AU000000BSL0,0.0938930218164071,0.12931816678243857,-0.10272663149856308,0.08661574993952924,0.3172408833437739,0.7766875
JP3142500002,0.04205393933393692,0.16173286235326093,-0.1984459113600255,0.027547365238638124,0.3239467371988796,0.58
AU000000PLS0,0.3333196871999612,0.15910645728074665,0.09047621249927708,0.3242963683318578,0.6092247915724169,0.9883125
HK0291001490,0.4960281930442403,0.1332901007269895,0.2900706848949838,0.4899390808293968,0.7229667823348742,0.9999375
INE474Q01031,0.10266517146769258,0.11031929841975038,-0.0673075119779059,0.0977209169579244,0.28873758512980546,0.8380625
JP3771800004,0.1295665544707402,0.20782026217120006,-0.17421350343911618,0.11157640768691998,0.49609943435239484,0.7373125
CNE1000002S8,0.5259289072673214,0.24855919171411714,0.1632817586601333,0.5034740567220504,0.9602065976673333,0.991125
TW0004904008,0.10368286114837563,0.20904994114605208,-0.19557107286411946,0.08192137826273951,0.4782654409147651,0.6815625
JP3897700005,0.02859890406332457,0.14376975283758062,-0.18641238285480705,0.020127885119890356,0.2762948024736846,0.5606875
CNE100002NT4,0.16478748523119532,0.22842794101655572,-0.16858421188219633,0.14439793670647433,0.5624858379858192,0.7720625
JP3137200006,0.17050634644625115,0.14275114157419444,-0.04795541591561996,0.16258043525825103,0.4145597989938803,0.8970625
JP3906000009,0.17292408796077552,0.14762608789054482,-0.05142258639462817,0.16409255674427206,0.42893560202006803,0.8956875
CNE000000R36,0.42979336085002795,0.25717367138744585,0.057268869191504874,0.4081415760128176,0.8847649387042652,0.9725
CNE100003JW4,0.03750308151083259,0.1346292621393334,-0.16861545454295768,0.02930136243919098,0.27178858606851497,0.593125
CNE100005D92,0.06206984171265549,0.16168935264147724,-0.17683785950920206,0.05008152101895964,0.34567257861988265,0.631125
CNE0000009Y3,0.3652887669306123,0.15170187318620523,0.13034888176834047,0.3576230911712674,0.6220234276485954,0.9944375
CNE1000004R6,0.741136271974028,0.32391528801454045,0.27325938837150426,0.7118636984267551,1.3037073863241322,0.9973125
INE406A01037,0.07331680016688316,0.0867510505200304,-0.06177343704684288,0.07037462003046605,0.2217941795222781,0.814125
THA099010003,0.09824667653536526,0.1247143029074145,-0.09324773807532527,0.09146670524094763,0.3181119926832083,0.793625
TH0003010Z04,-0.009526756035121297,0.10659309453798867,-0.16936715414701847,-0.015705710533988705,0.1725842233775149,0.43525
TW0002002003,0.17218882321032586,0.19294578007244695,-0.11282460622466965,0.1558596716797209,0.5098628058118199,0.8271875
KYG9808A1058,0.41562690998423807,0.14189771500854145,0.19644641618044334,0.4087849671323639,0.6618495388962423,0.99875
INE947Q01028,-0.14938336586550707,0.10529530011516959,-0.30898395717889615,-0.1551363667677485,0.03433663516645002,0.0810625
CNE1000047B9,0.3742127052622437,0.20070316588292267,0.07549698978938314,0.3606893843750639,0.7207270759722435,0.9788125
MYL5183OO008,0.14846057655761594,0.12472691167453796,-0.04262353940069204,0.1410289200650055,0.36202369856883,0.8999375
TW0003034005,-0.011407286367359834,0.11006480258410217,-0.1805241355207196,-0.01734546186571747,0.17678495989741166,0.429875
CNE000001527,0.39398562634735845,0.22479522445714742,0.060460478530594414,0.37657132257018777,0.7836283062770149,0.9758125
INE208A01029,0.18565447553901857,0.09119295510150904,0.041408277378545355,0.18180749712146332,0.33962946845990616,0.981375
JP3131090007,0.04110958611431377,0.1937745816769245,-0.23329763033254114,0.022786338536802644,0.38067022225337543,0.5535
JP3452000007,0.17134405997022378,0.18203913257247215,-0.09574807261433026,0.15647529407475272,0.49166219290508845,0.845375
KR7278470000,0.6395328583199348,0.14020548800736304,0.41957545524768725,0.6336032659734475,0.8773228979203387,0.9999375
TW0005347009,0.18469174057182358,0.14498078020938956,-0.040727474705779414,0.17829386336011843,0.4349228033483777,0.911875
INE371P01015,0.2049642727655949,0.10019800807084067,0.04745253304203355,0.201330784079634,0.37616187784183164,0.984125
TH0264A10Z04,0.37741093597068276,0.1272387334707197,0.1839305076192875,0.3712833821329796,0.5927844665691333,0.9989375
TH0902010014,0.2069514110277347,0.13819945438984016,-0.006276082323215601,0.20028281468675818,0.4452878429077728,0.9443125
JP3955000009,0.1111060177425264,0.16922452386850415,-0.14316732534754334,0.09779624765253811,0.40742529754635437,0.749625
MYL6742OO000,0.11778302841629082,0.1316084133914196,-0.08365350570201999,0.11111989496550095,0.3443142357635076,0.8231875
JP3343200006,0.2332496707735342,0.15835842129354408,-0.00963295403531273,0.22427503496797205,0.5055393707932417,0.9434375
KYG210961051,0.3161543152373704,0.11533998373565656,0.13786929054662506,0.31106156925102096,0.5124540984997464,0.997125
KR7030200000,0.4514011787674387,0.14236330116226073,0.22765387953962324,0.4457238907306563,0.690438782425656,0.999125
CNE100000W94,0.6455704831837511,0.595486718087143,-0.11882866848175903,0.5559882383442762,1.6971951223252875,0.904875
CNE000001BC8,0.8061792522434554,0.44257925378501894,0.19474255948613234,0.7537663236924017,1.5874819218823124,0.989625
JP3862400003,0.18009927527394037,0.1494794696216562,-0.04445535629680627,0.170026938754183,0.4333680172555455,0.90625
KYG014081064,0.21064594246472304,0.12864671691699228,0.012489271256157808,0.20348849015942977,0.43020424281866526,0.96
INE935N01020,0.04747816163182041,0.08835223626339575,-0.08913938721733214,0.04358219634850326,0.20085675268032646,0.7088125
MYL3816OO005,0.16432687854981684,0.1305608291597411,-0.030956772519868846,0.15642030509554283,0.39031960283441874,0.9159375
MYL6033OO004,0.083710975549695,0.1206461674397658,-0.10171640541796,0.07750316877542157,0.29068255855332986,0.761375
JP3336560002,0.004808686566507236,0.13089515329704876,-0.1916096124304381,-0.005877263753536897,0.2341440998222386,0.480125
JP3629000005,0.3249091737812842,0.2453637523344535,-0.03660136848096087,0.3057771662934148,0.7517310478023903,0.9285
KR7272210006,0.7437869998052958,0.30417545053593653,0.29976099436447584,0.7165025961631746,1.281257712681402,0.9976875
NZMELE0002S7,0.17780096747807317,0.2158222604930468,-0.13796474963373734,0.1598148245008314,0.5656618522856912,0.802875
CNE1000048G6,0.5427409148753927,0.1897105498792319,0.2509411289549709,0.532179226556339,0.8722083825181625,0.9986875
MYL5211OO007,0.10977961301032581,0.13091489257359062,-0.0892763402519566,0.10212721645260027,0.33427291382876073,0.8121875
JP3756100008,0.15911423660492266,0.1530407795133516,-0.0714384752519259,0.1487876532464576,0.4250467211222433,0.867
CNE100000YJ6,0.5995011444005338,0.4286837540837583,0.013066177453930428,0.5472005268658663,1.3517738976258429,0.954375
CNE100006JG0,0.9785276966497611,0.2888263314704857,0.5443031612604577,0.9576423681577146,1.474740287430234,1.0
INE848E01016,0.13540564629339422,0.20050764858219838,-0.1624576198548069,0.12087397894908776,0.48431034594245337,0.7523125
JP3429300001,0.08672057052878304,0.21317642756886254,-0.2210473988937716,0.06656361629472277,0.461570543273114,0.6428125
CNE100000HB8,0.4928608124394512,0.22827137416470328,0.1476050736421857,0.4757512858173839,0.8881738716976115,0.9915
KYG0535Q1331,0.34711084753434696,0.16388055510314378,0.09485188286024504,0.33826226103914964,0.6333277827934082,0.9881875
INE343G01021,0.18357758027632812,0.14225566001463547,-0.031347364011037396,0.17478803962937398,0.42125245519291976,0.9224375
CNE0000012J8,0.3510588860594515,0.19021710758301272,0.06092975701086162,0.33913041851080494,0.6851267047933267,0.9778125
CNE000000V89,0.3822156455447616,0.23417594490496663,0.03926934668728852,0.3627922812615583,0.7916582375541886,0.96675
JP3218900003,0.3740681273169601,0.14116278942026225,0.1564972139758685,0.3667130995487613,0.6163715442497693,0.997125
KYG022421088,0.4915241873389454,0.18120505979289783,0.21480040903689063,0.4816328923267774,0.8060623274944301,0.9980625
NZAIAE0002S6,0.05566640560412529,0.1432496236371486,-0.15876060267335088,0.04553388662703037,0.3017512611397895,0.6456875
CNE1000003J5,0.257314216254311,0.23321553508510512,-0.08644883214764175,0.23599340282419382,0.6689249720031892,0.886875
INE0ONG01011,0.09262801924876025,0.1828971538446226,-0.17604706493921565,0.07766272285365192,0.4144791455117079,0.683125
CNE100001FB0,0.096201037922527,0.24416970269550872,-0.2465714328655338,0.06944371385797642,0.524742590122053,0.630125
SG1B51001017,0.052090126995154674,0.21145324898520584,-0.2528136883535956,0.030641600723818233,0.42762208356583487,0.5664375
JP3493800001,0.04359150986507605,0.2037321652066573,-0.24874135254171784,0.024989050898883175,0.3918381161252646,0.55325
CNE000000C82,0.34863809694105036,0.22403681974954132,0.01604770649805549,0.3304987473996889,0.7394278224128559,0.9586875
KR7003670007,0.38267420436659383,0.1543389390629677,0.14919691194901732,0.3743402189943925,0.6515298185279453,0.99575
CNE100003ML1,0.20628575241398936,0.31732994013362437,-0.21631704685870576,0.16805650065236355,0.7484053282233671,0.7546875
CNE1000014X3,0.31766954272940634,0.28275754336768105,-0.08500794229172692,0.28836486961329083,0.8109677414135826,0.895875
AU0000219529,0.10690496627781891,0.11774102498746848,-0.07672948222702368,0.10078241454709665,0.3089177256949842,0.8336875
CNE100001BZ8,0.6317544120812033,0.3401620287189539,0.14677101070927612,0.5994600339871451,1.2285712232983947,0.985125
INE094A01015,0.06651413795200914,0.0884755256816843,-0.07089864780650934,0.06288963218971778,0.2168722892888976,0.779125
CNE000001BM7,0.6562675117931825,0.40111902423959483,0.09691297502343275,0.6081200027581024,1.375683164462337,0.974875
INE647A01010,0.1333839467676807,0.09065057752875506,-0.007177285541307237,0.1288525560564613,0.2865124142350233,0.94125
KYG8878S1030,0.3546079062188129,0.13578921028315355,0.1441056318008223,0.3486414840052179,0.5850430665261879,0.99675
CNE100002BZ6,0.15591024490495642,0.16008657618596034,-0.08277029822891817,0.1455728840022011,0.42778295228156554,0.8504375
KYG8087W1015,0.5678313697142917,0.16098265316777155,0.3188198525638842,0.5609339296307754,0.8470089713535345,0.9999375
TW0003036000,0.36596870287799865,0.22444764514133397,0.03216326412832496,0.34813559820409207,0.7488775706028314,0.9646875
JP3932000007,0.3435661005019449,0.1550484801257302,0.10716459519049763,0.3352248931556927,0.6115687241707406,0.9900625
KYG4290A1013,0.5786204612787044,0.14049120410307375,0.36011064996969383,0.5734432719108905,0.8161029873509251,1.0
CNE1000043F9,0.09009888049447913,0.20545682849001495,-0.20404235156080064,0.07423647590708095,0.4394228968005565,0.6605625
CNE1000004X4,0.32769654012731875,0.1694314727187674,0.07335977962282798,0.31494620567228915,0.6224230453905528,0.984125
CNE000001DN1,0.07226787285968944,0.20971667728488963,-0.231435941794327,0.053537393157450444,0.44036243508630557,0.616
TW0002912003,0.1472212618436626,0.16483473966589773,-0.09909006971534616,0.13511859619133565,0.43026421697539,0.8260625
JP3256000005,-0.057651234883534117,0.12743215401094612,-0.25084272967733345,-0.06626042368013682,0.16432701166676555,0.2858125
CNE000000X38,0.4574683865495962,0.3189183231717422,0.008500105865409535,0.42357530591396153,1.0262663488030745,0.9538125
KR7000720003,0.7154845577593016,0.1868919313599582,0.4295624741367725,0.7048716701463296,1.0391950653826107,0.999875
TW0006770001,0.49863202378992916,0.34667230845934954,0.009787962456212957,0.45965017856274626,1.120458351428109,0.9538125
CNE000000M15,0.32011658663698894,0.2076255475732547,0.010966556407847326,0.3032824791317582,0.6826203896943148,0.9574375
INE377N01017,0.211417746741781,0.146151016523582,-0.012477045702690502,0.2042657578154316,0.46041027085159414,0.9396875
JP3688370000,-0.02951939174615225,0.15532215228240334,-0.25771439109103256,-0.040854795353756065,0.23536995540148706,0.3853125
JP3160400002,0.07812840853984977,0.12609549465654962,-0.11265340755415512,0.07037369554734574,0.2966372967076468,0.734625
CNE100000V79,0.05853342396594265,0.3396111225232919,-0.3931464147742873,0.009235912425655392,0.6552294372014857,0.5124375
CNE000000DG7,0.5057068290941559,0.30947125756464,0.06358934859113352,0.47275410365076764,1.054292045349936,0.9715
JP3894900004,0.019753867709813796,0.15204664860718467,-0.2093176569824076,0.009017826311784709,0.2831661200763675,0.5249375
INE663F01032,0.27342462503803866,0.11920514933090248,0.08531647979290309,0.26777854983773564,0.4782054099331343,0.9925625
INE584A01023,0.006658695838266459,0.09692135143307762,-0.1427023696153939,0.003669490137902542,0.17047825668481542,0.5150625
AU000000ORI1,0.16850983366829614,0.1247649436615248,-0.021664886831345556,0.16068585077117684,0.3841978474219022,0.926375
INE262H01021,0.03703403909396216,0.28387512332351655,-0.08611701105260154,0.031140885806765425,0.16452175013429393,0.6748125
JP3112000009,0.08471713396508407,0.16023446799941152,-0.1537237549858501,0.07178803799319705,0.3625740209497191,0.6985625
HK0144000764,0.24312088970294102,0.18193935239805273,-0.024699177192573078,0.22776822457534657,0.560694849827359,0.931
KYG8586D1097,0.5139455830627003,0.16002308015693203,0.267648115187172,0.5042910451696876,0.7881239065493207,0.99925
INE176B01034,0.19766639260685678,0.08482474085789872,0.06405830636664624,0.19493318700322168,0.33990460293208213,0.9915
JP3429800000,0.14406436575938483,0.14205204038498268,-0.0737741505942969,0.13589130916376052,0.3875109307005644,0.8591875
CNE100000BJ4,0.26406613766915116,0.28769027310406475,-0.14306990177592574,0.23307195037656878,0.7735245681725189,0.84325
INE016A01026,0.180917566508303,0.08344824626334864,0.04928534723279984,0.17801760738980527,0.32359920848789797,0.9876875
BMG5320C1082,0.35851143081139825,0.19942682451845778,0.061991049150171,0.34353917055941635,0.7029709388889835,0.9768125
JP3322930003,0.03235921124957802,0.14099345265323251,-0.1796914084899044,0.022582424804656977,0.2779583146165531,0.571
TW0002615002,0.20960146577548824,0.24965131798203488,-0.14805279876145555,0.18529106841489595,0.6485193422124321,0.811875
CNE100001DJ8,0.17743298246937347,0.20847681808248203,-0.12926332082660721,0.1568719850482966,0.5421200703617133,0.82025
INE813H01021,0.03765303918800449,0.12960537136583256,-0.16452301067186617,0.030094012003569464,0.2621816628155012,0.603625
CNE0000011S1,0.6148276287833282,0.24047898069650803,0.2631140042634875,0.5949441089414047,1.039471313097745,0.998375
TW0002337003,0.9087625613784835,0.38934994545569457,0.3535019121305287,0.8744139135684733,1.5828743699420973,0.9973125
CNE000000JK6,0.21139788438785018,0.16147443150244098,-0.033951648283491946,0.20122694602887697,0.4912267006936238,0.9214375
INE274J01014,0.1807131118016826,0.11938998760831578,-0.002986636109296889,0.1748838988573342,0.3821833296068617,0.9468125
JP3942800008,-0.00017943672948877426,0.1303247125038009,-0.19811305762943907,-0.008944377641677194,0.22435521324060792,0.471625
JP3397150008,0.1740478480864272,0.14497215804435157,-0.045816729910720125,0.1638497297169113,0.42968393967118856,0.9005625
CNE100002JW6,0.4409510188321201,0.25579241408399944,0.06428998465941269,0.41610571996366696,0.892540311863641,0.9755625
CNE100003FS0,0.3027214683234676,0.21629619745538192,-0.014188422111802124,0.2839086910458895,0.6892142126789305,0.94075
INE061F01013,0.14670372291658168,0.12495501589091532,-0.017392970855384892,0.14144399869904292,0.3217472642420494,0.9295625
TW0002313004,0.6848244899494382,0.33518026355602415,0.20338198226830043,0.6546914474460639,1.277254560356973,0.9916875
JP3435750009,0.22645381482010668,0.16558072670841661,-0.02578787761486244,0.2149162157975249,0.5155872107224471,0.9304375
SG1R50925390,0.3373526260020824,0.16440357293593888,0.08901115686257374,0.3268408600598838,0.6259327278515773,0.98775
AU000000MIN4,0.33054422303624337,0.17459038658879292,0.06818845141167766,0.3188523219838824,0.6352402740893474,0.98075
CNE100005GY1,0.32840520638303783,0.2934240927025213,-0.09144168015007205,0.3007593423954734,0.8504274591271418,0.8935
AU000000SHL7,0.1183072333489259,0.12490283497159711,-0.07159043718862126,0.11116064622489519,0.3272312762923212,0.846125
CNE100002BR3,0.48162797473421265,0.2618724057522245,0.09846275391070583,0.45916469988093767,0.9338367925864002,0.9796875
INE040H01021,0.3149222033921033,0.1556547553431606,0.0773260384721438,0.3058706429917265,0.5847959243387527,0.9865625
NZXROE0001S2,0.888559385122508,0.31986034250838585,0.4115407586753466,0.8648901771457328,1.435666948990959,0.9993125
CNE100002TX3,0.5576949851841069,0.2796668894620373,0.1433243417209499,0.533276773108151,1.0508811485113914,0.9883125
JP3351600006,0.14806291808984648,0.12963106447073344,-0.04778361526111725,0.140835722612388,0.37268645695467667,0.887875
JP3598600009,0.17197117892359995,0.16902668490961775,-0.08215553496446391,0.15920621918056793,0.4650781058628736,0.8641875
JP3357200009,0.22503703137304512,0.15579169838357446,-0.009812378980335658,0.2140136341967142,0.4952336109206093,0.942375
JP3230600003,0.2540338473326731,0.20355348847966212,-0.04827889313120244,0.24088411952386596,0.6054592376557459,0.9136875
TW0002376001,0.08614179197896371,0.1449873546425349,-0.1298025353561972,0.0765306713619679,0.3351443471718522,0.7195
TW0004938006,-0.015747461883691267,0.15331768558676107,-0.24334008348887434,-0.026969522055171197,0.25715441094205094,0.421
KR7247540008,0.5339171205789883,0.20558942418257306,0.22376762849354512,0.5211831685948365,0.8907506180264324,0.998
AU000000ALQ6,0.2402661643527888,0.15483618116680486,0.003974097650985041,0.23212156682128993,0.5068528348575281,0.952875
AU000000NXT8,0.5125976069591353,0.2020093456613175,0.20552863742264144,0.5001953367999072,0.8651288110832779,0.997375
JP3705200008,0.21192236233733813,0.16306987527368141,-0.03103103358672637,0.1998604719288848,0.49945840027728117,0.921875
HK0270001396,0.27206884852478275,0.3069095932085807,-0.08354618107722371,0.24855940602532,0.6990661808203109,0.8899375
CNE1000012X7,0.4352806846820135,0.3219929539941862,-0.013230911943000209,0.4002854058730097,0.9935864348333802,0.9449375
JP3571800006,0.23945477182718844,0.16769679157741127,-0.016008491776321326,0.2273273638422067,0.5317150504925504,0.9384375
INE376G01013,-0.003838595104692389,0.09571318057080146,-0.15530662691362265,-0.007073171567667463,0.15882711071274572,0.4655
KR7259960003,0.6043877096295589,0.15165346354223563,0.36635327642987187,0.5977728687196863,0.862190957795824,0.9999375
CNE1000070C9,0.47159109805581156,0.340807033200078,-0.014308949867238397,0.436129455277939,1.0695805529593347,0.943875
CNE000001GS3,0.5466608149488967,0.2360707912177643,0.19423301532811837,0.5294266175068998,0.9592791974586217,0.9953125
JP3853000002,0.26160242142922563,0.23348425199343592,-0.08120773049706459,0.2420875117840841,0.671901647082923,0.888875
CNE000001NY7,0.30968033720582416,0.21806337084085048,-0.015365336161326187,0.2926069820097681,0.6917997239936229,0.941375
JP3955800002,0.15489836708019794,0.14553063813907685,-0.06515826348499498,0.1470913392113624,0.40648148048507515,0.870375
KYG126521064,0.31085659316009395,0.1398718531908459,0.09440088639996495,0.30562572014584644,0.547992111003934,0.9906875
JP3536150000,0.04574625697384971,0.1502085241283948,-0.1795910187308481,0.034884668895104505,0.31044173639272094,0.60225
AU000000WTC3,0.9418294737031627,0.33501883620316764,0.44496903141388977,0.9111791179153306,1.533452622348304,0.9993125
KYG4212T1058,0.6347542502853375,0.18842111813787327,0.3424833240047578,0.6269966124834363,0.955040707990764,0.9999375
INE540L01014,0.054356230491704224,0.10013132145213274,-0.10144401689372677,0.049995793393580665,0.22422326004451842,0.707625
CNE100005RH3,0.16060675896685347,0.2314194996149064,-0.17689185186993434,0.1394969390382047,0.573152335745528,0.7589375
BMG0171K1018,0.5212329689916834,0.20754010335926484,0.2088541062124612,0.5084950933626402,0.8779627094623008,0.9966875
HK0392044647,0.23862707009637257,0.25018440103798445,-0.12460190450825961,0.21609329131371602,0.6724985827798479,0.8439375
JP3672400003,0.12952829340787247,0.1375788116425993,-0.08026704942021362,0.12194737487830357,0.3626505708360092,0.8446875
JP3409800004,0.3215318124617885,0.27000601419880266,-0.0646074776975923,0.2934473814563605,0.805991786083778,0.910125
TW0003533006,0.47925256777117997,0.18277042510722327,0.19499708956578676,0.4691348048533065,0.7953638927339567,0.998
INE591G01025,0.1465438663499171,0.08633577280539292,0.01064712906120715,0.14329025508016308,0.29175837899428325,0.959875
TW0002618006,0.1326869580172847,0.18275022276730618,-0.14023387754460326,0.11871119125798338,0.4454935542669625,0.7736875
AU000000RHC8,0.03158118916062377,0.11509757796391686,-0.14413643876584617,0.024571405702515328,0.22748699006167994,0.5979375
CNE100000K15,0.4308966160895357,0.39802192343450293,-0.11116718669951114,0.3812754507886376,1.1370251336427193,0.89125
CNE100000FN7,0.4134415431100451,0.16956566190851502,0.1542710662586441,0.4028257350801009,0.709645712949244,0.9963125
JP3386030005,0.09175905332550015,0.15342334328753518,-0.13614025513819017,0.08081379622650992,0.3601205222774126,0.7299375
JP3742600004,0.1499033315727177,0.24000890429423513,-0.19448595409824815,0.12602726659007285,0.5726450266785492,0.7341875
HK0285041858,0.5308492912021382,0.189346410377078,0.23939352400656172,0.5201703382208972,0.8596559859797744,0.99775
JP3774200004,0.11502968270143446,0.20720730759741585,-0.18831789824511122,0.09667904640959339,0.47506898833731515,0.7055625
KYG8245V1023,0.5606181670706062,0.3986040207715905,-0.003233265915139448,0.5179885439537741,1.276057220825155,0.94875
JP3689500001,0.492719555296473,0.30365793525693385,0.05827599138422061,0.46496988714848697,1.0255944065993388,0.968875
AU0000088338,0.07291569450056894,0.15225064501352056,-0.1557516392482485,0.06359468543911699,0.3371673084833775,0.6764375
CNE100002W84,0.19034023835190372,0.2170178406158623,-0.1265144425802666,0.1722622659968564,0.568314616491699,0.8265625
KR7028050003,0.459966454291755,0.15017505007776288,0.22783274717106497,0.45385236120833405,0.719497114210325,0.999125
CNE1000033T1,0.4488862954531753,0.2850891568925407,0.029678028759438483,0.42747732811324834,0.9338859289701171,0.9611875
MYL5398OO002,0.29759902495848806,0.1291960371829603,0.0990985301898969,0.29208448148197713,0.5200075236876023,0.9923125
JP3918000005,0.10757719987090619,0.15877999932465423,-0.1286906973725952,0.0959077805872739,0.3847998646039404,0.7559375
TW0003293007,0.4024787866663801,0.2860999743969976,-0.0010757265735884675,0.372021181931783,0.8998920400298583,0.9494375
VN000000GAS3,0.25023545377136913,0.20351409380318883,-0.0484549302394403,0.23337477720502714,0.608599513991611,0.91325
AU000000SFR8,0.15254299281607359,0.13114129644367561,-0.047654265270437986,0.1453209460886391,0.3794741148779552,0.8935625
INE303R01014,0.1253642012596049,0.16273177504618075,-0.11853728683416433,0.11518218343701231,0.4121978277254571,0.7876875
CNE100005R96,0.7059359896323145,0.3543527953885085,0.19294881345304596,0.6727521484879879,1.327006879293464,0.98975
INE220G01021,0.29756892423039993,0.13740408799932932,0.08607850048801124,0.29059787873678433,0.527363203038561,0.988375
CNE0000011K8,0.5505993334351171,0.2484877218295366,0.19223070110759835,0.5278322377143071,0.9771728526035717,0.99425
CNE100003QK4,0.2505576162273395,0.19004468636717256,-0.03464253071686067,0.23564542181250608,0.582223994022534,0.9219375
TW0002356003,-0.09877447328141242,0.14668030328159756,-0.3154008430933831,-0.11100328351318636,0.15618787735858444,0.2138125
CNE1000033C7,0.5021438666889431,0.1976318446520289,0.20159066650949306,0.4892811545721756,0.8385277037039515,0.9965
KR7307950006,0.7300240767807216,0.24394030631594785,0.36549721301357024,0.7143372711680452,1.149364521092726,0.9993125
KYG8062L1041,0.8211143117091125,0.3322408974704326,0.3366586918515213,0.7927459589899272,1.4154479157154063,0.998875
MYL4863OO006,0.13171339407745777,0.11308840314146457,-0.04259736534892635,0.1257122149189769,0.3260826720876124,0.892125
TW0006515000,0.8904041153143559,0.3039526284881858,0.4425974702524359,0.8659256606967958,1.4380386544014907,0.999125
CNE100005K77,0.744190496429799,0.2142900794533119,0.41837307656653683,0.7306677855353783,1.115683684121818,0.999875
JP3188200004,0.2381457448759764,0.159877927891028,-0.0009431546202657486,0.2273697035435024,0.5159519973905843,0.9494375
CNE0000018M9,1.1268400341775229,0.8174604429332462,0.11342077227231466,0.9889946287151405,2.5787248980325117,0.972375
CNE1000002P4,0.5096078590264669,0.20123645898865308,0.2071648457421299,0.4956639070836176,0.8594688347662619,0.997375
JP3613000003,0.11702845256950062,0.14997616066771402,-0.10909108460258787,0.10848144379370678,0.36838948630693036,0.79275
INE114A01011,-0.022235110621107914,0.0825360914903633,-0.15011259995219603,-0.02576265723561891,0.11736578687669987,0.36675
SG9999015267,0.38242907249092933,0.17127253194596212,0.12075799137091758,0.37137888895312043,0.6824829289260806,0.9918125
INE0BS701011,0.07326125678366333,0.11085413388017783,-0.0988255087576464,0.06741753574101825,0.2651620893096486,0.752125
JP3663900003,0.18064513749782515,0.18523719569341987,-0.09144404579940466,0.1665149107840614,0.49816709321781605,0.85675
MYL1961OO001,0.16215228397177409,0.12119112167783573,-0.024339533042668917,0.155552664825013,0.3720065878762652,0.922625
TW0001519007,0.4380696271900606,0.27485260423489927,0.03832503221410777,0.41316015961325736,0.9254382762236754,0.966375
TW0008069006,0.2416457105567543,0.17599246565654983,-0.021102996272676377,0.22759192942734904,0.5517697383448679,0.935625
INE00H001014,0.44912066022435754,0.13709976317390235,0.2371816489106226,0.4420725829846266,0.6850128895024759,0.9995625
AU000000REH4,-0.045095556165312564,0.11452496231259454,-0.21853011291678986,-0.05242596856383411,0.15195354171360614,0.311625
CNE1000010R3,0.6293493420700158,0.355615314330639,0.12512221255253636,0.5921641683873828,1.2584241801415366,0.98275
JP3344400001,0.20544959640654206,0.2038780611813033,-0.09280745124673268,0.189514780414823,0.5631024680993493,0.857
INE405E01023,0.10596163996164674,0.11110118885206338,-0.0623003882191318,0.10099809503625487,0.2937377034391486,0.845375
VN000000HPG4,0.5786842583109274,0.19438584137069792,0.2851321935710343,0.567990802094654,0.9135249483122442,0.9989375
INE513A01022,0.21269974277239537,0.19168488464106626,-0.07293763197941079,0.19792777250013857,0.5430312135774974,0.8866875
JP3197800000,0.1281946660684871,0.16840209134780515,-0.1268140289684473,0.11577229057583249,0.41895635410262566,0.788375
KR7047050000,0.5740676810874479,0.21674518476819768,0.2451866211153366,0.5593831489138892,0.9537601217517019,0.998
KYG3825B1059,0.42717282454827854,0.23631231426710564,0.08652488266290881,0.4059534316896314,0.8290035114454557,0.982125
INE139A01034,0.09610069996428254,0.13683052502021,-0.11373927250259913,0.08875296506538664,0.33294426826555984,0.766
CNE100001NQ2,0.23503657626310917,0.24651120615214261,-0.12174057945005518,0.21294268245094367,0.6682253800659337,0.8466875
JP3419400001,0.06706134650837547,0.19922924282257154,-0.22755415155461345,0.04918517216136279,0.4207025524085298,0.6146875
KR7003490000,0.4005239487245824,0.17548378349198002,0.13379982789146042,0.39049262415845476,0.7026302711785218,0.9936875
KR7443060009,0.6002337997568882,0.20836302539914434,0.2820977929242134,0.587006444371675,0.9596729182348321,0.9995625
INE935A01035,0.20411186415615437,0.15239316009321752,-0.024197691685433582,0.19410844042066516,0.4665023911039216,0.925875
TW0003044004,0.5127853029641817,0.2644060850614736,0.13440153997208304,0.48983077143109566,0.9620125884938154,0.9885625
TW0006239007,0.2949603916419513,0.2221952584485267,-0.03418093949311983,0.27862363007656965,0.6864084276612643,0.9269375
CNE100001V45,0.47841973305415086,0.20825578149265908,0.17056248323422002,0.462339462404892,0.8445269076665795,0.994375
AU000000CAR3,0.4523826281467541,0.1610141072996417,0.2080928795126705,0.44269321358941743,0.727278277897891,0.9983125
JP3670800006,0.1644932368110067,0.17391654124056416,-0.09243026021235638,0.15307938135922017,0.46429904047700554,0.843875
KYG3066L1014,0.5854715706341967,0.21953412381475174,0.2622084050959847,0.5731116525838977,0.9433945407872368,0.9986875
AU000000TNE8,0.37958413182646145,0.14800113272382245,0.15324244074398688,0.3716968069638397,0.6327041504483571,0.9966875
KR7352820005,0.7363109769837897,0.1602391816014464,0.4880910864554549,0.7297781605917179,1.0062162157055645,1.0
CNE000000MD5,0.5996807647579405,0.2554740548167096,0.21571040631525815,0.581948510924087,1.0486398369269956,0.9953125
JP3835250006,0.17664563180081647,0.14810054910920814,-0.047586705398855234,0.1690663208565747,0.43090261181340045,0.8996875
KR7078930005,0.1903070806913982,0.21487897954312896,-0.12606838466632347,0.1713062869032675,0.5722343072971426,0.824875
KR7003230000,0.5745721322054931,0.156938021430389,0.3271693636592828,0.5673245020538296,0.84405032218283,0.999875
JP3869010003,0.26070139896045624,0.17042286302105455,0.00253435668269288,0.24921195803835094,0.5556508778176937,0.9520625
JP3173540000,0.2223458655313991,0.2466648900000411,-0.13567268711538943,0.1979698308468053,0.6542184501533699,0.8346875
CNE1000010N2,0.3380673814942157,0.24454595522561076,-0.014253535755573164,0.316553361053852,0.7580222614110201,0.9418125
CNE100003LY6,0.29294893400450706,0.19633875474540483,-0.0005082765392264348,0.27889502647730857,0.6322565649928811,0.9494375
CNE000001P52,0.33557259393706695,0.3124188414874317,-0.09784518801400714,0.30079094512929905,0.8751122478273244,0.8884375
JP3922950005,0.14130740808869008,0.1540478493653139,-0.09247353749339272,0.13239829848634196,0.4072465993792801,0.837
INE259A01022,0.07991995161029603,0.0911316999976938,-0.06035729438325698,0.0755247269833621,0.23494218381361792,0.82125
JP3110650003,0.28493961060831957,0.15525844769593222,0.04605637484959518,0.27652985411927977,0.5555765842436207,0.9753125
KR7161390000,0.3492210580611321,0.15812427820845004,0.1171554705681559,0.33976484682525954,0.6122502079921324,0.991
CNE000001GD5,0.5772816798245185,0.25420731538174857,0.20138702204064177,0.5609347022760466,1.0186532125464929,0.993375
AU000000JBH7,0.16939539509816942,0.13179120185558266,-0.03247642640719227,0.16258149228780897,0.39575289633016286,0.9174375
CNE100004KH1,0.27835458358356135,0.21440902618427146,-0.043055037376990166,0.26226377673615253,0.6506810122338851,0.92025
SGXE21576413,0.15951266262749905,0.12757774375663047,-0.035314325344424545,0.1533708781308914,0.37875664327814557,0.9075
MYL5555OO007,0.11772247910589999,0.12689929510306586,-0.07867754047188982,0.11202442672943771,0.32989279603181126,0.8353125
NZCENE0001S6,0.15782942905009698,0.2228018826724383,-0.16726528093777607,0.13948437760078342,0.5468292893305308,0.766125
JP3551520004,0.028954904958088033,0.14778598846289745,-0.19474993944715543,0.019476552488907534,0.28860509618316427,0.5579375
INE883A01011,0.008299331759414455,0.14198070613169492,-0.20291184490145858,-0.0026704249895479547,0.24917366156247744,0.491125
KR7006260004,0.7495063792513333,0.31156412355600793,0.2893602245418345,0.7268916457520773,1.2829319240797428,0.9965
JP3414750004,-0.0909209443466105,0.14553048005284852,-0.30731494084144134,-0.10056596035725086,0.16244439013973594,0.2339375
TW0003529004,0.6953393718328105,0.37807163883672906,0.1711684176378995,0.6498696049245085,1.3649766023080139,0.988375
INE944F01028,0.021115024945704462,0.09157456257334079,-0.12311351430573386,0.01756892357547443,0.17704796753469249,0.582625
MYL2445OO004,0.11539745372334746,0.11895820041529481,-0.0664621071545315,0.10870793007518692,0.3182124134453885,0.8494375
CNE100004KP4,0.5577015879721707,0.2312764259136706,0.21637888020859034,0.5383647977981467,0.9685900528047559,0.99675
KYG8701T1388,0.21955391508656913,0.23187679546632617,-0.12000048192068495,0.2005845148949064,0.6322878461726033,0.8435
JP3351100007,0.3323677035114928,0.17884579546550258,0.059708049973134246,0.32240573698835356,0.6390397853568137,0.97725
KYG8190F1028,0.22374197006711824,0.1626817919887449,-0.02267875480160041,0.21315131744235014,0.5013682979799291,0.9318125
CNE100003T39,0.3835208240310709,0.21283561559567382,0.10773236481832232,0.36821088226939447,0.692559643913642,0.9891875
INE974X01010,0.21651021489405808,0.2143964048520511,-0.10135373024741035,0.1998636839758755,0.5939611379436273,0.8605625
CNE100000H69,0.3219826978259339,0.24935274352698023,-0.040607618767855,0.29733933869240115,0.7609030585461386,0.9243125
JP3417200007,0.052059815420116354,0.17729358457859226,-0.2063081136608235,0.037247241616622205,0.3650469519338831,0.5974375
CNE000000S84,0.28620494527062806,0.23391226403866217,-0.05928885727884639,0.26650980174768474,0.6966341095599387,0.9105
KYG216771363,0.5180705157487282,0.23627812353491262,0.16810057670549955,0.5033532754178621,0.9215185032383238,0.9935
CNE100006QG5,0.7699522849936034,0.3239261138758673,0.2963884137273519,0.7383314079475445,1.3490991637440586,0.99725
KYG8875G1029,0.8101246192350282,0.32029817808044797,0.36462579225602565,0.7861735257756809,1.339220597266147,0.998125
CNE000000644,0.6540283915575972,0.37395873051047507,0.12772729237045452,0.6103247640328433,1.323980553386005,0.9821875
JP3401400001,0.2502677257672769,0.18628331666302586,-0.029047636463686622,0.23672837746419284,0.573956162294531,0.9288125
JP3399310006,0.14055609586409026,0.12402943660041933,-0.050973521741720984,0.1338894540522872,0.35333988874334354,0.8841875
JP3588600001,0.08325229496118307,0.19096835035199478,-0.1948372579209595,0.06580583337361556,0.4203082486680742,0.6521875
INE169A01031,0.3298167418674108,0.20315835748666117,0.027133751710222545,0.3136143395139327,0.6833472462715643,0.9634375
JP3885400006,0.31242370726679397,0.2686173982276925,-0.07189276926291742,0.2847009987000694,0.7856668841756799,0.9040625
CNE100004P24,0.41534040506541353,0.32825532021684495,-0.04396749330303295,0.3780579545217938,1.0012954587541967,0.9281875
INE372A01015,-0.02382309770186071,0.15879917140392685,-0.25651809509375256,-0.037562816402479576,0.2594505170947155,0.3993125
JP3162770006,0.12454230999251863,0.14296089678859242,-0.0927056972846757,0.11619913606269432,0.37265803915723716,0.82
CNE1000004F1,0.23666349915167093,0.24477922273818625,-0.11340024875534513,0.211075692301541,0.6694800356483258,0.8521875
MYL5246OO003,-0.05387629848810743,0.10020731608385898,-0.20584030125277253,-0.05944524999844508,0.11577050848473802,0.266
KYG2953R1149,0.47992221365963766,0.15347765736816457,0.24750530907262072,0.4709353692932986,0.7418483474204314,0.9995625
CNE1000049X9,0.551057865536757,0.35486406742072446,0.04749927884739699,0.5130087468552683,1.1892517882995348,0.9661875
CNE1000015M3,0.4706349261761603,0.2362264802896577,0.12275597562862443,0.4509441796176219,0.886607311095909,0.9886875
JP3799000009,0.07127217138954918,0.12054113092739091,-0.11316033813277901,0.06438608055691235,0.27999910512678794,0.727
NZMRPE0001S2,0.021079810707997707,0.1890266128182013,-0.25413981940377883,0.00437827337461941,0.3550780979181859,0.5096875
JP3896800004,0.31363985416641876,0.1968321858718882,0.025676832922311488,0.2971337206456244,0.6510301231763139,0.9645625
CNE100000CT1,0.4571397173569093,0.2901606269382437,0.031674596867732496,0.43337565443011505,0.9720493092264249,0.9624375
SGXE34184239,0.290922720247184,0.18325238038402528,0.008685077279898385,0.279703804369955,0.6106889212890637,0.95575
JP3174410005,0.06401555129297247,0.1803634869556626,-0.19867124312400994,0.04910284973068972,0.37481933540751844,0.622125
TW0002609005,0.3117662547412007,0.25594791823114954,-0.057008668214108445,0.2868198668123132,0.7575588895142196,0.9158125
TW0003081006,1.1087997073858364,0.47560869521867555,0.4377175849981656,1.0540746549766848,1.951615503005845,0.998375
CNE000000DC6,0.35538838591848265,0.31570153271353574,-0.0943289745442001,0.3228891635298811,0.9116219019503826,0.8946875
JP3164630000,-0.03583707277077815,0.10127343383181087,-0.19160937217267157,-0.040221792332755246,0.13473036084623144,0.33225
CNE100006CQ4,0.7110097775181375,0.2497708076085092,0.335822923760955,0.6915702525709322,1.1533246801233217,0.9989375
CNE100001KV8,0.44586805114101435,0.18871762573259396,0.16071706576939243,0.43532475137729243,0.7715753524075875,0.9941875
SG1I52882764,0.07141145231811025,0.15044496391553816,-0.15631881139205836,0.061653094515891294,0.3297494914661289,0.6805625
JP3122800000,0.2005552147173763,0.21111024978656107,-0.11229429361099345,0.18340779576395178,0.5732950470713203,0.8425625
JP3973400009,-0.04676874673243584,0.13411417416629423,-0.24868433183861374,-0.055484922737486925,0.18473001334821743,0.32825
TH1074010006,0.08575776402582605,0.11575968796191291,-0.09250806406364165,0.0787952093487459,0.2845362264145866,0.7789375
JP3595200001,0.0877244667009472,0.16603756133018524,-0.16058602526021362,0.07552650053377935,0.3756613485583503,0.6974375
CNE100001VX1,0.5151856015730105,0.2398358274163023,0.1541109463497455,0.49846338680961255,0.9348985265873748,0.992
INE628A01036,0.3040783522474378,0.1354537187118885,0.09618601877715918,0.29644466577775064,0.5361798682267003,0.9915
INE702C01027,0.2567841444008907,0.12098315529590553,0.07029230812547178,0.2516146398009551,0.4621570803614417,0.9865
KYG9431R1039,0.40894685620835247,0.18405321605323202,0.1294092706586648,0.39648866757608303,0.7215943441899284,0.9911875
PHY0005M1090,0.27656498251888173,0.2030276308760255,-0.02315737480047731,0.25895135978716977,0.6295877449678638,0.933375
AU000000COH5,0.2342184763981415,0.14079516795060062,0.021782523786599187,0.2269761457437331,0.4717797020012427,0.9648125
JP3583900000,0.13291147145604496,0.15177295240308583,-0.09625502591343874,0.12317110417521165,0.39734775110309933,0.8228125
CNE000000R69,0.5388897561280853,0.3422514739587879,0.04842026311417755,0.5074153016372844,1.1456632914952174,0.96775
JP3765150002,0.15280684885037796,0.19911927614173622,-0.14180367874918223,0.13713192311380418,0.5024261203290938,0.7881875
JP3944130008,0.10937425763496028,0.1940783923463758,-0.17568992526835275,0.09285021031711316,0.4537378948514417,0.7126875
TH0101A10Z01,0.16786073880617475,0.13167665345547266,-0.03423641361381599,0.1613581405729474,0.3958478814117875,0.913
INE152A01029,-0.07717520309141139,0.08838492298061422,-0.21433410521205223,-0.08161136861462027,0.07401420329860657,0.1761875
INE09N301011,-0.04458666495265753,0.09682123429303549,-0.19410450782442595,-0.049716560618982567,0.12150424715658104,0.29575
MYL4707OO005,0.11338883795221685,0.14252001816209298,-0.10184961668641063,0.10383180735400416,0.3614862549504575,0.797125
CNE100002H00,0.36871095278640015,0.31763568741683035,-0.07086069439644922,0.3274809531243197,0.9215131619120659,0.9110625
JP3246400000,0.256685301068626,0.25305765444363704,-0.1040913689191876,0.2333247054425938,0.6973329172435483,0.867625
CNE100002FY0,0.30160730888814724,0.24075220203435246,-0.05291737893217499,0.2815370425612188,0.7188576204660166,0.9164375
JP3937200008,0.1580628030560017,0.2242927529535482,-0.16717778479861561,0.1398404751789195,0.5501690265533592,0.76475
ID1000058407,0.3770612541506141,0.15192748085084665,0.14374698777193828,0.3673536447843091,0.6366219790882205,0.9965625
KYG607441022,0.49514590920744533,0.17790815539667634,0.23237348769654478,0.4839027561597252,0.7988102363436389,0.99825
JP3197600004,0.08675663787546091,0.1402554876997632,-0.1198538300624596,0.07815181872523505,0.3240670063400745,0.7410625
JP3787000003,0.0989801312035904,0.16506285356761508,-0.14894704319016144,0.08936201808050212,0.38020350573262324,0.7293125
CNE100000KT4,0.3953159867891968,0.33296840888241075,-0.07522748856977425,0.3603208577339617,0.9875687645536091,0.9103125
CNE100007CW0,0.9616325839959017,0.5368258828412759,0.2281963359020664,0.8866381167643425,1.945041432728483,0.9885625
JP3675600005,0.13866581332789957,0.1597830968729354,-0.09894383080170445,0.1267801477132458,0.41527533668924843,0.8245
CNE1000000B8,0.24236945743683946,0.4031898041142809,-0.28527573557176744,0.183513617745298,0.9561709065846619,0.7241875
CNE100000072,0.40983143558647567,0.2866991663274068,-0.0014489652616142092,0.3820259448425264,0.9108864608548948,0.949625
TW0002324001,-0.07523648437167188,0.12869759840267797,-0.2672793320009942,-0.08390568066502929,0.1456335704636667,0.2450625
THC450010002,0.06657145240301425,0.10602910495381271,-0.09998412305324247,0.06205504392294027,0.24557015805408294,0.74
JP3637300009,0.14642941603670698,0.1732769492210556,-0.11696724380298579,0.13395165334592152,0.44281754801129114,0.811
CNE100006KH6,0.5972280968910002,0.27421162543962396,0.19510784242714202,0.5738008912478617,1.0734418750740022,0.9945
CNE100000RC5,0.47887531089750246,0.25088113884082425,0.10564596364265177,0.45898642231620784,0.9127126666990505,0.9838125
CNE100002RH0,0.27748139412639244,0.275924603051725,-0.11847265355865762,0.24970131061462492,0.7759044677559781,0.86575
INE208C01025,-0.2257462120521145,0.1673734863801476,-0.46292362832912587,-0.2435042526721587,0.06946524916890016,0.085875
PHY0486V1154,0.42962309836703455,0.2316972873502849,0.07773969160933507,0.413345733423795,0.8329818612293165,0.982
CNE000001KS5,0.35397839674232423,0.2019696786070159,0.052667948578887874,0.3370865295599197,0.6992276205375343,0.9745
AU000000CDA3,0.23202501874193635,0.19417303719192358,-0.058857870916747275,0.21830101488979653,0.5759475290871187,0.902375
KR7090430000,0.6700881174975347,0.14200079499498341,0.44845914281555216,0.6646272336727229,0.9131210838631212,1.0
TH0245010002,0.15160453239631663,0.14635011753512484,-0.07126007286631267,0.1426856197406638,0.40472507524872536,0.8641875
SG1W35938974,0.1940599307493133,0.2020419600053942,-0.10268277163041917,0.1763136490608141,0.5466775270397902,0.8535625
AU000000AZJ1,-0.023439434872847192,0.10327147497212741,-0.1769947062002397,-0.029229252900112843,0.15177130432448713,0.38025
INE819V01029,0.27106607447740655,0.24032744958481958,-0.08162324871955164,0.24793274217252723,0.7003108775418619,0.89025
KYG9828G1082,0.2845407738908748,0.2007688074680696,-0.017705821763793213,0.2702323374799154,0.6371907957442862,0.938875
JP3931600005,-0.031016778603783688,0.13924035520488778,-0.23929076385934211,-0.04113163792670521,0.2122534046660381,0.371875
KYG3R83K1037,0.6883994398639863,0.4191759984776391,0.09930582412723812,0.6449961645236006,1.4304074631592183,0.9735
INE878B01027,0.10201026407528627,0.09926025906838659,-0.0525447378833272,0.0993213929893772,0.27064475421916084,0.862
TW0001504009,0.2589616892746402,0.3327086216665821,-0.2038653699923465,0.22101934407186213,0.841085682918554,0.7896875
CNE0000014G0,0.2029680954828859,0.19208964265723255,-0.08186777020423058,0.18741099476821932,0.5371314954766974,0.87275
KYG5496K1242,0.6267022467397009,0.16237453843007407,0.37733523183505974,0.6171611407409885,0.902975936284858,0.999875
INE171Z01026,0.17184034564152864,0.143415745894741,-0.046594002289844616,0.16412652321118407,0.41649293670490956,0.9029375
CNE100001TH8,0.5933588790216983,0.3411157770974079,0.10165835901284855,0.5612131843366714,1.1998584753368324,0.9806875
CNE100001617,0.6662670441329421,0.4158429531077489,0.09088152498328989,0.6163610093341338,1.4101857114430922,0.975125
JP3548770001,0.12072910358241033,0.2635087844797387,-0.2472698217081739,0.09422296213816549,0.5799056908340242,0.6625
PK0080201012,0.3624034603981872,0.22021771642317692,0.038136231868417726,0.34604814828758745,0.7459477496083123,0.9665625
INE0LEZ01016,0.09937073214714201,0.17181659021797147,-0.15311141201670198,0.0857459675659813,0.3996020225616354,0.7175625
JP3888300005,0.09354952085018985,0.14754975239439638,-0.1276557215568923,0.08418958685200349,0.351343046411378,0.7405
CNE100001SJ6,0.45275397913623805,0.22825073929817194,0.11413487548016867,0.4340480377399122,0.8557472369793286,0.987125
JP3320800000,-0.22410325070935574,0.14718071943143304,-0.4372787481501846,-0.23894845867811748,0.03529936775149304,0.0704375
MYL5681OO001,0.23912932094281497,0.16517912547713362,-0.011983573918529984,0.22801398092243177,0.5277490234627193,0.94125
JP3243600008,0.2033041259764249,0.24857802637281803,-0.1626249155073062,0.1788168902501866,0.6489874057994088,0.80625
INE356A01018,0.22530797209172454,0.08783749247006414,0.08648333661490486,0.22316163069521322,0.37578996951735993,0.9953125
INE823G01014,0.2481459098719362,0.10009855019432161,0.09235715722629793,0.24542941310001284,0.415946315359696,0.994875
ID1000116700,0.4391605546948989,0.15670800310935643,0.19802821344400653,0.43132659337512924,0.7083187118105146,0.9983125
JP3104890003,0.13474382408159863,0.15219929481325262,-0.09329364482837912,0.12459886172121759,0.3983134030088778,0.827625
CNE0000006Y9,0.48622116336140186,0.21781865121203817,0.15914397528422605,0.4695258893214127,0.8675029984124789,0.9941875
JP3940400009,0.11527875764067758,0.23415114292719527,-0.21721928131841747,0.09063420814120639,0.5300932146128327,0.6764375
JP3289800009,0.040293942329146036,0.16812930178566027,-0.20703196391482753,0.025578483561595776,0.33671763543416117,0.567
AU0000090128,0.27908688139298893,0.1570577662121977,0.04170327056927175,0.2698907040933954,0.548550183303319,0.97475
CNE000000QS4,0.6810707181044781,0.2733549320554158,0.2731495060374682,0.6609938388671811,1.1552578999221763,0.9975
AU0000397705,0.44173069589548336,0.2099769552275775,0.12443692782302807,0.4283748788206988,0.8050413643647605,0.989875
CNE100001T23,0.5327262291651487,0.21504618005788614,0.20420720280925192,0.5178572486955609,0.9101277963457587,0.9966875
CNE0000017Y6,0.4371107932769798,0.24126913008354023,0.07800495373919329,0.41879774239841905,0.8596474906103212,0.9785625
CNE100002W27,0.18291287877922963,0.2501129255029057,-0.1695685651003926,0.15882188874337894,0.6187083840619064,0.7755625
AU000000WHC8,0.131153415218415,0.12910481930904208,-0.06579362599455024,0.12323926599253447,0.3548047929503975,0.859125
CNE000000LP1,0.5565126294193626,0.5744854723098559,-0.16287368924800594,0.4562086738900416,1.597026878927695,0.878
CNE100000TF4,0.41914321529713233,0.15787553371769342,0.17918957718804698,0.4099138364424262,0.6897502826677834,0.997375
AU000000PRU3,0.3809811937586646,0.2500201545634429,0.015724989403600356,0.35798831076113435,0.8198819971045764,0.9585
JP3610600003,0.25201791486609115,0.16570472700403222,0.0024854870103923903,0.24166738203412408,0.5326122523856244,0.9516875
KR7021240007,0.46128339208980096,0.20751132841264952,0.15240542940703422,0.4473840597609972,0.8149143778139177,0.9933125
KR7007660004,0.9523941497320443,0.27752176976789544,0.5298036365587241,0.9373144996473646,1.427790193201579,1.0
INE191B01025,0.1255431175647848,0.194740223221641,-0.1607531347486246,0.11167664946318345,0.46409838180744906,0.7428125
JP3311400000,0.29284041116353365,0.14239828934698368,0.07518405253309554,0.28568738177620234,0.5332976056515814,0.9873125
KR7326030004,0.7381983415502051,0.2561202537663766,0.3474940514363989,0.7212680619539033,1.1793906247709114,0.9994375
KR7267270007,0.6360476063624401,0.3264514321768377,0.15893901015492692,0.6083077693426118,1.2016553428416064,0.9874375
CNE100004C45,0.5991587585692497,0.2873821667976366,0.1914747710318565,0.5750690925155922,1.0823032398799357,0.9935
JP3153850007,0.07923487989944115,0.19065940946580798,-0.20146869025273328,0.06460725472828246,0.40762675357210915,0.6500625
JP3868400007,0.11705471194445141,0.134964734612357,-0.08665014919307344,0.10892680417234163,0.34404894220509696,0.820875
KR7032640005,0.364063462714625,0.12873373540144253,0.16618933948294684,0.35809322150813727,0.5856590063684488,0.9981875
KR7000880005,0.5659214140109223,0.21623870129723605,0.23664168825369464,0.5508635028716613,0.9398008491565586,0.997875
KR7064400005,0.5491947765712798,0.21183573674075606,0.232228385770471,0.5343013898622253,0.9157516029609432,0.9970625
INE347G01014,0.12168463549390225,0.08822366201350319,-0.017506037618212275,0.1191586517334679,0.2681539964095782,0.9285
CNE1000023M7,0.10288496986770707,0.14784542155948216,-0.11923635592965905,0.0940516632226514,0.3568609437880497,0.7635625
JP3293200006,-0.005839426784561245,0.142142546128574,-0.22092018706478428,-0.013467934341547652,0.23597035580875517,0.456625
JP3379900008,-0.06696863780613817,0.13067344757744667,-0.2675305182233575,-0.07510348974070996,0.1585083320989635,0.2756875
TH0796010005,-0.0313701473027015,0.10245868815648575,-0.19044744004754788,-0.036704347174336016,0.1446937085458122,0.3493125
TH0168A10Z01,0.2220515305781243,0.1119744341407737,0.049942458275112143,0.21670616988225777,0.4121635898839608,0.982375
AU0000154833,0.060805659226643355,0.12765945235010254,-0.13177064854633636,0.05256767849885817,0.27976752839379826,0.68175
CNE1000022H9,0.5245093720922225,0.2863347809992238,0.10628554198894896,0.4980667978799406,1.0377321626189906,0.983375
JP3358200008,0.047076589078421834,0.13048591309659452,-0.15244325725919616,0.038246074120921535,0.270454012880259,0.6314375
JP3396210001,0.07897460229944997,0.22424880616766327,-0.24873317813004842,0.057889236225833626,0.4756462437909572,0.6183125
BMG2109G1033,0.34741391583726566,0.17965612560070796,0.07699354114985668,0.3359827137957966,0.6609645945838196,0.983375
INE410P01011,0.1527859550543887,0.13038755899768134,-0.04492837809995556,0.14479432945019732,0.37452995065890526,0.895625
KYG4232C1087,0.3935509587325779,0.21614006183919277,0.07537974342411298,0.3781705612909596,0.7555003352769972,0.980375
JP3935600001,0.07945252279918008,0.16016862382665317,-0.16256876805056342,0.06772778216148496,0.36161144121905797,0.687875
KYG6145U1094,0.5728685437068897,0.16792627198483423,0.31281829799146726,0.5648746498820656,0.8591662933418193,0.9996875
TW0005289003,0.40887233776248355,0.38206364187855146,-0.12340341076832219,0.3607463549591392,1.0833474650367212,0.8871875
VN000000GVR1,0.2970128565830935,0.23077727133082523,-0.04267828400826681,0.2795989440271688,0.6997057970525985,0.9235625
ID1000111305,0.2679800263216632,0.17863533034088658,0.0011735259125161411,0.2551284332766985,0.577037990900314,0.9508125
INE787D01026,0.1218414638551877,0.11417166625874409,-0.058342938290734156,0.11733227086030201,0.31552850404826177,0.8685625
JP3657400002,-0.17128271513590876,0.11852213644110214,-0.34836174795571206,-0.17818325847828076,0.029176837857874557,0.074375
TW0003105003,0.3645154750014213,0.2262096497435032,0.030574178598006922,0.3458513211922597,0.7576057690857051,0.964875
INE212H01026,-0.02809365782584362,0.12068028850496135,-0.21056686151044432,-0.03491196477153992,0.17718216251110055,0.3758125
JP3206000006,-0.10573062696192122,0.12622644860020735,-0.29567365981338345,-0.11474444084327912,0.11489767260868766,0.1778125
CNE100001SN8,0.7608817345437491,0.26563555917237586,0.35993041943846227,0.7428678512753946,1.217901962589733,0.9995
INE159A01016,0.241515325972178,0.2777547104437073,-0.1488864930607343,0.21051640254638565,0.7258228670460004,0.82725
KR7001440007,0.7726750677548603,0.4397462549306599,0.15337855704301173,0.7239130956605503,1.5631599527288929,0.983875
CNE100004868,0.6331345128643675,0.2329953791207802,0.2828416238074748,0.6155345117225982,1.033418620865555,0.9986875
JP3386380004,-0.08285857936839638,0.1741463553658207,-0.3373152683177623,-0.09878782816684571,0.22289616451268734,0.2711875
INE031B01049,0.06962809701040028,0.11908268173425733,-0.11000796391889583,0.06258737944615764,0.2733177741561253,0.717625
MYL6888OO001,0.32631851960353636,0.1513358798881426,0.0967028909386032,0.31791714920633596,0.5877683592099385,0.9903125
JP3580200008,0.23362177454051553,0.18902484896870117,-0.04999307804093641,0.22049920477252544,0.5664514031735265,0.912375
JP3879250003,0.5551321247521137,0.3128627088936661,0.10430718811257424,0.524597690497919,1.1062303238314357,0.982
PHY7072Q1032,0.3436679267344294,0.1692413815047771,0.08402232235192715,0.33511260264529596,0.6339834413660519,0.98525
CNE100005XM1,0.5171569333427685,0.3579491259495858,0.03585268507700543,0.4778295877554931,1.1238820739516175,0.9635625
CNE100003ZR0,0.6256954625321368,0.331897160648001,0.14844898574333515,0.5943462456013161,1.2177608135257405,0.9876875
INE603J01030,0.20589524771703013,0.11501496218812671,0.02743636316495933,0.19973111177740033,0.4013773569069499,0.971875
PHY272571498,0.3645876307075822,0.19667975699936308,0.06674840529018285,0.35181245650895876,0.7072104747491027,0.9795
KR7047040001,0.8856731261060118,0.3510862403548126,0.3806719547368508,0.8563609605503253,1.4804996827301222,0.999
CNE0000016H3,0.47007716737670596,0.2597400666704471,0.09116293064556016,0.4464350260423859,0.9283760832737993,0.981
TW0008210006,0.45671288547437366,0.22335949740503272,0.1240380916770062,0.43833608535356994,0.8419155968331565,0.9876875
CNE000001D72,0.3226533910769417,0.2508727390239904,-0.04495110587460912,0.2994260051708775,0.7635556597463001,0.92375
INE914M01019,0.12212390074615025,0.14218464078812657,-0.09571188429469982,0.11465577584282535,0.36743353988693384,0.8146875
AU000000APE3,0.22981205144029695,0.1372698586649031,0.0181898856566914,0.22214719710878916,0.4663154509947693,0.963375
CNE000000DJ1,0.544464549249392,0.1931840213919748,0.25116728601527843,0.5309201191148892,0.8811132571324538,0.999125
HK0000658531,0.46371365122275005,0.3594072187450311,-0.031020939301945816,0.41949721089140324,1.1095303030908894,0.93725
JP3551200003,-0.05529739578437767,0.16777864006583068,-0.3041726622183989,-0.06959448160796658,0.24331003884593666,0.3255
KYG5264Y1089,0.5043015380686101,0.2551481478438429,0.12667579822381042,0.48479473058479733,0.9487141209610492,0.9883125
TH1027010004,0.1898797808373405,0.13581036819845843,-0.01799595670867798,0.1831749354511098,0.42273985373386347,0.933
TH9597010007,0.005744160241533891,0.09446839077624297,-0.14134113240389282,0.002270005133003272,0.16803861742268658,0.5095625
INE335Y01020,0.30918236163887247,0.21859373188549372,-0.013832586897812313,0.29076650400065696,0.6951299762526064,0.9426875
INE006I01046,0.1790437163766385,0.09168645010490707,0.03596600225487562,0.17497425617516704,0.3368674629092455,0.9786875
CNE100001X35,-0.1378597977799257,0.1164833165150575,-0.3107221968927684,-0.14594528527241007,0.058735059050287926,0.10925
AU000000HVN7,0.06473485769131121,0.1299042810990315,-0.1340617147937227,0.05680216706494133,0.28847040188487555,0.6895625
JP3152740001,0.21082670395414532,0.16763467968070728,-0.03972456058402131,0.1981020900287014,0.5061035039913683,0.91425
JP3977200009,0.14388213932187188,0.2841728357738324,-0.2503273121653615,0.1126835878281328,0.651012192823177,0.680625
VN000000FPT1,0.7058714793366201,0.2388229275447873,0.349630976270209,0.6900895003935383,1.1131674268663891,0.999125
INE068V01023,-0.011860170587681955,0.11840246761230223,-0.19106315551449152,-0.01805985217764862,0.1921583303796478,0.432
CNE100007788,0.6638253980394534,0.2526680626471392,0.2900410737270169,0.6435991034952934,1.1019991962872184,0.9984375
PHY2290T1044,-0.1636182383036201,0.16689870350497568,-0.40604865812657537,-0.17884141602343917,0.12850397854563117,0.1496875
KYG9222R1065,0.3256181145782031,0.13778445452401997,0.11466206256843017,0.3188024251737432,0.5635226734840271,0.99525
CNE100000XX9,0.40417995003741486,0.3093700896723874,-0.03477639133044563,0.3716743536085896,0.9402991968440028,0.9323125
INE048G01026,0.08256819740766067,0.08968196365721155,-0.05745043662955836,0.07851870446898092,0.23477545575164313,0.8344375
ID1000106602,0.5752865400947003,0.18078365796810458,0.2982490044399057,0.5646014743516241,0.8854072621816728,0.9996875
JP3456000003,0.023884338799531245,0.214232868857204,-0.28707056694544675,0.004543599948756631,0.3944400217264182,0.508875
HK2380027329,0.39928146539611137,0.23396332660599362,0.05132438213328818,0.37958669056210853,0.8082856098834592,0.9728125
JP3768600003,0.1331301060145196,0.1731614470501283,-0.12705016360063737,0.11881813957359257,0.432566794620239,0.7895625
JP3753400005,0.4102894964506031,0.2620430318297064,0.023157241773537604,0.38664853915557373,0.8666908247218533,0.96075
JP3660400007,0.3096191803887715,0.23221216001835832,-0.03516607975733207,0.29384603523847075,0.7134404499144552,0.9303125
CNE100001Y83,0.6429372470002684,0.2658928476386277,0.24812662982634348,0.6229233539697671,1.1083259942892936,0.996375
INE572A01036,0.16348074131747364,0.1746150779060909,-0.09828076881338157,0.1508134948893538,0.4623416752471859,0.8444375
CNE100002YQ7,0.3183716411853957,0.19152623510573727,0.026549792989674335,0.3048247905184353,0.6483206159678989,0.964625
AU000000RMS4,0.5590855530604375,0.25447943755890695,0.1861344517746758,0.5404862200291859,1.008486370130916,0.9945
KYG9830F1063,0.6698763553398317,0.23422710840178965,0.3238851337720141,0.6515010336344177,1.0761992688629054,0.999125
JP3292200007,0.24722705939659165,0.3206354324217989,-0.18872173068031384,0.20638611736347767,0.8198358116694299,0.79075
CNE1000009X3,0.6643454124367295,0.3709582887852743,0.13238003285182073,0.6286872537955216,1.3085808412223752,0.9831875
AU000000AGL7,0.2261234183265226,0.18292080147612738,-0.04285439496302042,0.2102952442426706,0.5429728240667396,0.915
AU0000045098,0.47559688467357075,0.18760577875584733,0.19365193062942934,0.46152992933144754,0.8055033383217883,0.9974375
KYG3887G1091,0.6528556333204055,0.22337158277484162,0.31473045301951885,0.6379182802418374,1.0392207616491254,0.999125
INE302A01020,-0.08514161695311843,0.10054262934830911,-0.23544084908639953,-0.09185794879003328,0.08588816694960849,0.173625
CNE100003N76,0.7415296010103138,0.32227688118370357,0.26924099334867196,0.7140857997778617,1.2896417159953317,0.9974375
INE913H01037,0.11960819246219169,0.11914809704059207,-0.060923692926905394,0.11250286686416522,0.32608839893229075,0.8579375
KYG8918W1069,0.7291269588833788,0.1870007390377024,0.43870376704874103,0.7183374758599034,1.0494551751021002,1.0
JP3809200003,0.3175403181273208,0.3065653644443396,-0.11623011661969132,0.286329241537696,0.8622972690970635,0.8740625
JP3940000007,-0.07893429636736926,0.11601542286709544,-0.25213377782842206,-0.08685739005054542,0.12348738513306785,0.21775
KYG7S12M1051,0.45349418998038366,0.300781407550409,0.01856196065907826,0.4255860560735092,0.9886066822647577,0.9579375
CNE1000042V8,0.27957413122858676,0.23991694940758138,-0.0675389093515534,0.25762990369118755,0.694332006692801,0.902875
CNE000001774,0.4418203458509267,0.24435812317189498,0.0851971007572787,0.42242679424651014,0.8615136657315355,0.9795
JP3284600008,0.08553721562406329,0.136607698253159,-0.12318215393000219,0.07790539303863783,0.32118087070480317,0.7378125
CNE1000021D0,0.2436914912142675,0.22265879280848602,-0.08172191668284076,0.22386202011321804,0.639202417120466,0.8825625
CNE100001TS5,0.4301357084207114,0.19574448147397427,0.13536737961277737,0.41759711782625225,0.773930347308662,0.9920625
TW0002610003,0.09693388662835975,0.18103216077808806,-0.16414587838669448,0.08267825576660662,0.41376217089502537,0.6990625
JP3336000009,0.19767850990617733,0.17673282381494365,-0.06708942563710213,0.18686120980912982,0.49663479238298563,0.8880625
INE619A01035,0.6311040087103451,0.38713129471490043,0.08872899254406032,0.5876988574706887,1.306690528518291,0.9765
JP3396350005,0.5151817226916023,0.29343443865223084,0.08802704683901622,0.4874637094714354,1.0261195292949516,0.977125
ID1000207509,0.5740206912289338,0.24110742838959837,0.21526825374065334,0.5577095481663227,0.9934861440638898,0.995625
TH0098010Y05,0.07689470017885079,0.11378398804602481,-0.09866819662232074,0.07159209227571431,0.2690061235112845,0.7595
CNE1000051G0,0.2285940892045742,0.21316406153531517,-0.08826537115326148,0.21153139696081427,0.6052875484466708,0.873125
INE010V01017,0.05155788153073553,0.08053308302207167,-0.07415537722964906,0.048561520113412956,0.1878082542402235,0.7468125
TW0003706008,0.09535649903495785,0.23470637542179318,-0.24244893507843357,0.07207839466635951,0.5129242473278567,0.63775
INE0LP301011,0.08958818602728245,0.18009397874729702,-0.1770085191015039,0.07484743913205102,0.4031867475931955,0.6824375
INE686F01025,0.0627400392646175,0.11073966649518766,-0.10441284340889109,0.056876356246231,0.24877880836584448,0.7214375
TW0002377009,-0.03905881013413477,0.17730553742615543,-0.2924660571417264,-0.05498381224044604,0.2696195533243674,0.3689375
CNE100000CS3,0.5058021312140818,0.2763318585211939,0.1053458931507474,0.48348683535335063,0.982382248321875,0.9825625
VN000000MWG0,0.6473216321471502,0.19632559874967134,0.3492624194712138,0.6364126940345897,0.9841031722767294,0.999375
JP3305530002,0.07266261813483774,0.2097309911436933,-0.2288399790590235,0.053798165562107446,0.4378745464762836,0.6154375
JP3244800003,0.11625735566774063,0.16512696542958652,-0.12742602994047134,0.10400041006229672,0.4019591272053615,0.7681875
INE111A01025,0.12279165211255112,0.11919784421212817,-0.06233977670347616,0.115409553105671,0.3254478338684057,0.8613125
CNE100005LL8,0.8923517618517698,0.4043633009367977,0.32501577454161595,0.8494569854921016,1.595290594907552,0.996875
INE930H01031,0.09883643145724332,0.1465505174302511,-0.11581426326805641,0.08725989770194367,0.3573320277566979,0.7543125
KYG211081248,0.4572844750746288,0.2098640694207988,0.1402548407516006,0.443913063680171,0.8186953655837363,0.991125
JP3278600006,0.011113339380723283,0.19608993298070296,-0.2722998297767903,-0.005475604405485427,0.3543003016452106,0.486875
CNE100003R80,0.6567941924767231,0.24211888331716502,0.2998926573180579,0.6386545484265839,1.0817614465791037,0.9990625
MYQ0097OO004,-0.04792338139401508,0.12681482236106617,-0.23496901193006745,-0.05655986171474153,0.1716387014044724,0.3163125
KR7000100008,0.6809052481134362,0.201394630236707,0.3683066016254961,0.6723005549321504,1.0250426952985978,0.9999375
INE704P01025,0.09930338457400956,0.26951455648046657,-0.2726706261701134,0.06589509599363656,0.5810106476003108,0.6149375
JP3560200002,0.2503932290839462,0.2074060379253928,-0.05617770248624414,0.23475791130789841,0.6168405494006494,0.9048125
SG2D54973185,0.05970219660999942,0.15419101672353183,-0.17393801629647523,0.050119073394505706,0.33120342649220896,0.6425625
AU000000CMM9,0.39577638996209885,0.21835846884069204,0.07047899602833063,0.37906509702996316,0.7762180319939106,0.9773125
KR7353200009,0.8281844106958985,0.2638257298860569,0.4347738843418563,0.8081986628327831,1.2887739171232087,0.9995625
CNE1000011H2,0.7769168700340573,0.33260771057578514,0.28948304060113006,0.7489911565750685,1.3688482598792815,0.9966875
TH0128B10Z09,0.39400981553344694,0.1409158951073029,0.1731425147431707,0.3880577802091432,0.6342696440784736,0.9983125
NZMFTE0001S9,0.2570696444654158,0.21058444460542497,-0.05891723268505184,0.24181524584480873,0.6258231433532443,0.906625
JP3269600007,0.09677550414385404,0.17165539459733883,-0.15770602122714658,0.08454882992366128,0.3937272061158005,0.7116875
JP3152820001,0.08655828372229421,0.15165039235113706,-0.14177263153132175,0.07531346803201722,0.35409893960769007,0.715
CNE000000WL7,0.448192093182176,0.3258398336817295,-0.0027096392316905433,0.4126395034637116,1.0267283798129536,0.949
INE168P01015,0.10742133579420896,0.17766524909316528,-0.15646722636318602,0.09306785460635969,0.41505621164756756,0.7280625
JP3409400003,0.2089097981352507,0.23329926827968933,-0.11106297452665441,0.18762541471555286,0.5984892298513761,0.8461875
TW0006147002,0.5687019459536063,0.3358329906854776,0.08359201296671193,0.5379155619383578,1.1584155607301712,0.974875
JP3268950007,-0.01327087763288204,0.19776578471723158,-0.299048187778693,-0.03125513555868078,0.33189918845976835,0.4294375
JP3684400009,0.6621059736402113,0.25275541840766547,0.28077285756535053,0.644233829655018,1.1082820548771166,0.9983125
TW0006285000,0.31898424128249997,0.25339194340154836,-0.041413798835399716,0.29581943837398006,0.7479745084222847,0.923
CNE100000W45,0.3726172419133237,0.33631505672544976,-0.09035077413888312,0.33524573345842584,0.9579430826780098,0.8945625
CNE100002GK7,0.3974057546624225,0.23408199379341998,0.05310989390068361,0.3782866182312654,0.8062653413935952,0.9725
MYL5296OO008,0.3370493539650288,0.1528745794209636,0.101660740423711,0.32866951893997404,0.6023888183258221,0.9905
JP3196000008,0.11524371558175511,0.18683181856555806,-0.15508925225052658,0.1002727171219858,0.4408444382925615,0.730625
JP3291200008,0.22860474212748547,0.19975087091416718,-0.061267313008731596,0.21159306516883114,0.5732818489375225,0.898375
MYL7084OO006,0.17582204613408398,0.13312428900918669,-0.028012062278428836,0.1676226731797751,0.40469186155345493,0.923
KYG4783B1032,0.501017261261214,0.2281046821594274,0.16125808597633848,0.4852220753185103,0.9015102388161556,0.9934375
SG0531000230,0.17708938568318777,0.17722252617733233,-0.08753828681198182,0.16509600969147165,0.47731108841613606,0.857625
JP3385820000,0.32487190817794115,0.19867450382470125,0.03295972875516992,0.3088408600917144,0.6749893138507864,0.967
KR7062040001,0.8150200581499202,0.313544721150256,0.3587324974371789,0.7918501775508542,1.3560299595436889,0.9988125
CNE0000002Y8,0.37827181089969736,0.34843170421555475,-0.10992018694726675,0.3408303474317401,1.0064939193464812,0.889125
AU000000DOW2,0.08676701105074958,0.14858076603564538,-0.12673749366487497,0.07747618052034992,0.33389406831198704,0.72875
JP3547670004,0.15349531479579867,0.2007102193239934,-0.14275900438792913,0.13678378128108887,0.5066238999715942,0.787125
AU000000CWY3,0.25890600299303745,0.14196881939934253,0.04174826886596716,0.2514659942398153,0.5055669625194886,0.97425
CNE1000002G3,0.20970149320621329,0.2408804559365508,-0.13414498450109819,0.1866831664152679,0.6346992831905803,0.8275
KYG981491007,0.4185259367989138,0.16277933754367363,0.16733039178523015,0.4103365607204556,0.6960141648930014,0.99675
AU000000WOR2,0.29472975272570784,0.1848005323754571,0.01987576858844689,0.2813866211882292,0.6162690734414366,0.9624375
ID1000134406,0.5817913595969835,0.19664833678855625,0.2849880702178674,0.570866953732553,0.9166967621520244,0.999375
JP3597800006,0.06576465958825248,0.21754713649597535,-0.25068557354150967,0.04670023329212044,0.4481826955430218,0.5965
INE148O01028,0.2075133053772737,0.11071613701580928,0.03609214575564204,0.2030679691958957,0.39621928804902423,0.9765
JP3634200004,0.07590805543704979,0.1614716547418668,-0.16829783311588298,0.0649671031247267,0.3557173927179011,0.6733125
JP3743000006,0.08209317004257331,0.15991076427439893,-0.16056612398529563,0.0720370750494652,0.3577033252507004,0.694125
NZATME0002S8,0.16874663390465128,0.19960366795630807,-0.12139996031426062,0.15281349882674788,0.5174714311636458,0.809625
JP3397060009,0.2310001621404828,0.1685793193222945,-0.024838525395053667,0.21958285466304123,0.5204234122196335,0.9326875
JP3455200000,0.27059052040878234,0.2205023052309179,-0.05465852283483369,0.2504123670931736,0.6591455515784046,0.9123125
VN000000MSN4,0.6289175757421702,0.2167562070932194,0.3033231501747567,0.6135878298826721,1.005177775504041,0.9993125
JP3676800000,-0.012081049865795598,0.17263453810524415,-0.2654686559892828,-0.029475976231477144,0.2898819091544778,0.4265625
JP3819400007,0.055705654198069006,0.17841594912215814,-0.2067804069683333,0.04324684554382157,0.36792616993290267,0.605
ID1000095706,0.17391804839930086,0.12561098993130837,-0.01883119673688745,0.168260611088286,0.3906562515212384,0.9306875
KYG2121Q1055,0.40364902928424273,0.1691279511782653,0.14457603677446818,0.3943872873928017,0.6962286747980424,0.9953125
KR7271560005,0.3823130534392417,0.13883613151328683,0.16721835449770894,0.3750792807297323,0.6179896819506808,0.998
INE00R701025,0.32291319760647785,0.09746456203255817,0.17203749741455138,0.31899129978772156,0.4887004680928314,0.999375
KR7009830001,0.6460839211360561,0.21259734837737154,0.32325537791315256,0.632786178107765,1.0156394033210145,0.9995
JP3651210001,0.16558128963862884,0.1587330502890182,-0.071872177991902,0.15605602104474156,0.436817409741846,0.8665
AU0000355588,0.3246686413760228,0.24186671320877895,-0.026286112714568256,0.30281969730746816,0.7521671969296921,0.934125
INE093A01041,0.11761744876138953,0.12090573986505558,-0.06933981472110304,0.11099669887799184,0.3251021793616897,0.8520625
ID1000097405,0.464465598593936,0.15017359298818792,0.23122283912129302,0.4579653119662316,0.7213899571512444,0.9989375
AU000000IGO4,0.22058779478543214,0.14787619202711988,-0.0068310688163879755,0.21218741707624977,0.4741751097638542,0.94475
CNE1000004C8,0.3813075453802848,0.3636419660646206,-0.12207715430660979,0.3381023027173048,1.0270262410381954,0.880875
INE671A01010,0.06914962348710293,0.22633114449056396,-0.24994492460957463,0.047239451823795985,0.46859297544844103,0.5956875
JP3431900004,0.19951653123375662,0.22709927784349818,-0.13315813553028621,0.1795180246059096,0.5982680859904954,0.8235625
AU0000184459,0.04745944178833183,0.12542550418246223,-0.14322770492056625,0.03974889393894469,0.2661249912162068,0.638875
JP3404200002,0.25234454175295906,0.14789310763086325,0.02936786354344422,0.24291650571839812,0.5087238150046208,0.967125
JP3667600005,0.1333202385695581,0.2416438523185038,-0.2069150880034114,0.10584376883616191,0.5665267525804119,0.701
CNE1000042H7,0.21579615621631304,0.37703012340232955,-0.2789844258227849,0.16288905704665374,0.8845040848637064,0.7095
MYL5878OO003,0.16854861117395034,0.1220926923048118,-0.02137374061182107,0.1631812152441954,0.3780575976464092,0.9280625
ID1000165608,0.6345657772709224,0.2741116054994882,0.230927445752974,0.614442935973818,1.1084509183058684,0.9960625
CNE100000TW9,0.5630652808210308,0.3883265403582558,0.021827565463518068,0.5156218168231678,1.2626053719039638,0.9583125
CNE100002G84,0.49403783420369746,0.32253628772627957,0.036797241243134125,0.46234524727217047,1.0568618341259388,0.962875
CNE100000Q68,0.5124374825161333,0.32324539114523354,0.05929101280279558,0.4786067983785251,1.069149122030856,0.9715
CNE0000007F6,0.4570051124757638,0.23735547932961593,0.10451633426953642,0.4375461865555079,0.8704633224858828,0.9843125
JP3903000002,0.25996483500592077,0.2628640349011256,-0.11165455856242353,0.2332484399148304,0.7147242940824862,0.8645
CNE100005QJ1,0.6526118327329365,0.3131001874595141,0.19707833690621276,0.6216390422650466,1.2043601241571444,0.992625
INE967H01025,0.08846250717453336,0.11446030566696927,-0.0885509183071085,0.08362177532641926,0.2805522483756443,0.7900625
AU000000RRL8,0.316003786533499,0.19183967544678612,0.02407350166316064,0.302463951793178,0.6479686461367598,0.9636875
CNE100000H44,0.5641268895872313,0.41238119790635336,0.0012956259602598251,0.5149673919948123,1.286718401574138,0.9506875
TW0002474004,0.15181082445449992,0.2752382813325969,-0.23162835154453493,0.1225468422097394,0.6315960422781153,0.70375
CNE100000NN1,0.6166070568441023,0.4154098133471844,0.056262660995649,0.5645922932235653,1.3437702164547263,0.9679375
JP3626800001,0.04830484881798833,0.14622748572556518,-0.17299957376081715,0.03895524691095763,0.3003367312772928,0.6193125
CNE1000004J3,0.4858437209280921,0.24458798827384962,0.12870931183776382,0.4662593923346592,0.891419928650161,0.989875
KYG525681477,0.8536189099962238,0.2523536249030575,0.47551271143494406,0.8365783677945634,1.28507099176924,0.9999375
CNE100002PD3,0.4739034525876182,0.3093813625448801,0.036322968154047154,0.4442401762775809,1.008017676383677,0.963625
INE115Q01022,0.14502307793253305,0.17095020481523038,-0.10678848212987424,0.13064329358129598,0.4416429080284166,0.8156875
JP3495000006,0.6083167291489157,0.3112287120733147,0.15644658666307354,0.5810050893597148,1.152075619147063,0.988125
AU000000SGM7,0.03992980477173739,0.131852377562723,-0.1587005767526558,0.029431015633849603,0.26940593080774283,0.6048125
CNE1000002N9,0.7402987562378276,0.30063618143320225,0.29892098351841917,0.714151342014456,1.2633185660395245,0.998
INE472A01039,0.10864240822529181,0.09370817377731004,-0.038375742136142116,0.10495329959802208,0.2681657662961377,0.8895
TW0006213002,0.26174858879401,0.25567036219738076,-0.10668868644771858,0.23540255069204394,0.7173871617839481,0.867
CNE000001JN8,0.5221214336020211,0.2780642813063514,0.11826921529600333,0.4951092038169751,1.016141397482911,0.985125
JP3247010006,0.21480477686526023,0.17386478880745337,-0.05222477307720875,0.2038283083049293,0.5148800344418907,0.90725
CNE100000SD1,0.5558259532521477,0.32856356579056006,0.08050303144742127,0.524586473599226,1.1415157142621228,0.9745625
MYL4197OO009,0.17829930741884764,0.1288892042441546,-0.01994164561495157,0.17075117452103394,0.40184670085071683,0.9303125
TW0002049004,0.16373163980811303,0.14354878443405988,-0.05180054589462062,0.1544731161645186,0.4085616094880479,0.8891875
KYG4402L1510,0.2659358179392075,0.19640154761031656,-0.028083567539883524,0.2507027297272078,0.608504370544705,0.9293125
KR7128940004,0.5721003350019064,0.2049181260961042,0.26420139728633424,0.5574136156982671,0.9216386032391335,0.99825
JP3902000003,0.08845242637156506,0.20988037575614793,-0.21533820233779694,0.06901723167827467,0.4592439941891988,0.6503125
INE042A01014,0.10091049323612566,0.1183204701530012,-0.08051423005106766,0.09289392128279172,0.3059043028436448,0.818625
KR7034220004,0.5113176697055674,0.16556772124313127,0.2583943255494004,0.5014267838397675,0.7996201348675848,0.999625
TW0008464009,0.32644665255926303,0.17884184352462493,0.058788747498292444,0.31446597812842314,0.6379494378770626,0.9778125
ID1000057003,0.3666869588446587,0.16842858949487738,0.11454325476952748,0.35609998580066726,0.6523570466872893,0.991125
KR7240810002,0.8979927139331092,0.2660115918295525,0.5056103342121814,0.87738066055451,1.3579721927192996,0.9998125
CNE100001ZY0,0.4978903650983781,0.32577616627987804,0.02582686661028103,0.4681587845568227,1.0705454067541678,0.9594375
NZPOTE0003S0,-0.04560878139460092,0.19380532199987383,-0.3243259548158418,-0.06380268445017734,0.3006792161713098,0.357875
JP3720800006,0.23491095062609907,0.23919074678084554,-0.10784892738033802,0.2133940549443333,0.6501064419025704,0.8511875
CNE100000GV8,0.4627990495782064,0.20068541711389737,0.1597495297502562,0.448511219752094,0.8098061219170001,0.9943125
CNE1000030Y7,0.7525063795467813,0.3208103138739476,0.2835649196027906,0.7238566699989056,1.3185890374435036,0.9969375
HK0001188587,0.751203557478437,0.5916511923910189,-0.0058110969307954684,0.6668174211585891,1.800511630264442,0.9484375
JP3605400005,0.18468906611274746,0.20859208635497906,-0.1257177079021811,0.16900384338188668,0.5518038995847563,0.82725
KR7010060002,0.7312129294564137,0.37121626661480506,0.2014856312180558,0.6947196700085062,1.3868075261963724,0.9915625
TW0005269005,0.26739959548668174,0.1701544819536485,0.012741252262808292,0.25528879899214496,0.559040171864832,0.95775
ID1000128705,0.5615094419142395,0.1750244641336497,0.2895594538384331,0.5533538992557125,0.8604090179287077,0.9995
JP3214350005,0.015205576597926871,0.15683165498055268,-0.21692990543380186,0.003313823250780095,0.2961581824460521,0.5095
KYG5252B1023,0.3039583544706511,0.18816037680729827,0.02168508535497753,0.29138123915583236,0.6272818314413328,0.9598125
JP3419050004,0.27310642996217627,0.1532587849461586,0.0370285770755566,0.26493767690251613,0.5345636161053504,0.9710625
KYG781631059,0.6885083356925318,0.3782853577417711,0.14341411998545744,0.6484536395114602,1.3513390226159288,0.983
TW0001560001,0.2170938900609793,0.17900247893672583,-0.05380972886079359,0.2031392531827368,0.5272501442714165,0.906
JP3128800004,0.25110486691607853,0.2105432463294131,-0.060030593497242574,0.23315162367463382,0.6167241715873435,0.9035625
INE600L01024,0.04155165011230321,0.0867943562558801,-0.09494445641201944,0.03855313853547377,0.18920724804874126,0.686
CNE000000M72,1.0204780951509287,2.1307618869023774,-0.1846011388680396,0.7795150895595536,2.9619119295063965,0.8906875
TW0006526007,0.308790365929805,0.2254901759572373,-0.023866834729782967,0.29099284138189924,0.7004309429046769,0.934625
CNE100003HQ0,0.4989893785063243,0.33900454164315863,0.01747510308006827,0.45956401197284585,1.1014086428605572,0.957625
BMG0957L1090,0.3948955198969488,0.2742244603694968,0.0023197124520628917,0.3685540169836191,0.87478295551192,0.9511875
SG1DH9000006,0.15996723889372907,0.16804728397586874,-0.087975144277027,0.1464172384941233,0.44898937112234344,0.8493125
JP3977400005,0.24892792129739083,0.1837644592983964,-0.023837103011753773,0.23354357388144914,0.5693399958061939,0.9330625
CNE000000TL3,0.34906829389298694,0.17904163251348526,0.08007242212001571,0.3360170928268218,0.6596793928821699,0.98425
CNE100002RG2,0.36357543626591043,0.20735610219839135,0.056859436212681747,0.3475674810172644,0.7243928022357088,0.977125
AU000000ANN9,0.019019675959094644,0.1260257615348509,-0.17221639094014382,0.01198402894975446,0.23879390092867903,0.54025
CNE100002R57,0.33502635444394974,0.3319871507306793,-0.11603497033062127,0.2967105761292992,0.9078618564501617,0.8785625
JP3924800000,-0.007591006477411405,0.201433966460669,-0.29833165977817655,-0.02659975880580427,0.3478019817542751,0.4413125
KYG2215N1097,0.7487155791886589,0.26791819953761425,0.34687813897126896,0.7288140626772133,1.216958785579262,0.9989375
JP3283460008,0.3168804905430612,0.20854044839906843,0.0047007155078323745,0.30061333624541564,0.6809236413168352,0.953125
INE382Z01011,0.1202176649303201,0.2007978240043235,-0.1718946386086931,0.10172623481068827,0.47177176919686964,0.7225
AU000000WGX6,0.5851894022186298,0.2797076936255617,0.17503949752368922,0.5578020162445491,1.0749516169296345,0.9926875
JP3891600003,0.52166472747892,0.32955122035020656,0.055444305068471596,0.48568468586747204,1.098856153029996,0.96875
KR7036570000,0.4219357131472405,0.14428350759296768,0.20385587044910292,0.4147325628923495,0.6664892527108107,0.99875
CNE1000034T9,0.557023726420497,0.33053752932269576,0.08889441211398763,0.521478816927653,1.1380943651645117,0.97625
JP3638600001,0.2312573570800526,0.2154390365942376,-0.08254308963744854,0.2117042841538378,0.6071326375447565,0.8800625
CNE100001V60,0.38899115295334763,0.29469246249384845,-0.034613226582404504,0.3605439483031494,0.9151143655102956,0.932
KR7004170007,0.4798278449526435,0.17362594797038275,0.2141799279073031,0.4702359608303859,0.7776924053541394,0.9989375
CNE1000069Z2,0.5438962329927087,0.38720064220228123,0.0017627403519984498,0.49870844454240437,1.238010869585932,0.950625
CNE100001NV2,0.5053390529540231,0.31915053002485894,0.04734463110319573,0.4766429998395758,1.0685490794362582,0.96625
JP3699400002,0.15050212587529394,0.1930225569332117,-0.13357235865409875,0.1347049514774371,0.48319756074690856,0.7941875
AU000000BRG2,0.31003514265339055,0.1544076062182145,0.07430113697733486,0.29897999738028724,0.5802025159097599,0.9843125
INE142M01025,-0.11238857499886194,0.1147391993150737,-0.28597706957503655,-0.1195366670190989,0.08612984094120907,0.1476875
TW0006805005,0.5866751343242822,0.24533100152118859,0.21961539168232874,0.5679408631679074,1.015470655123756,0.996
ID1000166903,0.5045547522163405,0.16095006434597436,0.2583123173430415,0.4969322332149567,0.7772344313324153,0.9995
INE810G01011,0.1400603250250111,0.15628881001766173,-0.09564510432931561,0.12953294978504323,0.41017299592091105,0.8244375
NZVCTE0001S7,-0.018682891888973322,0.19897518282825252,-0.30986637192866257,-0.037061120235820845,0.3343084157949744,0.4176875
CNE100003RN6,0.3813137138603479,0.21687225034373803,0.058535139942736104,0.36618559548751783,0.7546422762977151,0.9750625
TH6999010007,0.24743452255878481,0.16170460272388032,0.000965323096077037,0.2378394611115197,0.5271028273366526,0.950625
CNE100002375,0.6938038393172278,0.2540316702982635,0.30777101967711856,0.6775806070614989,1.1327968287197925,0.9990625
JP3126190002,0.3008170541327865,0.19668734918940942,0.008924683685975737,0.28460226245122544,0.6460600722105329,0.9550625
TW0008996000,0.7494533604839216,0.4707713356659698,0.09534951520986018,0.6926653822044836,1.5880313240598738,0.97425
CNE100000668,0.5421670747388893,0.4096243002436968,-0.03134841939660398,0.4956633158270023,1.2736448584602273,0.9391875
ID1000188006,0.6825714115862754,0.25195748701960835,0.29471640774106367,0.6666369178225596,1.1215563810611668,0.998375
ID1000117708,0.5664801671390493,0.2625817563012979,0.17643292261247773,0.5434742010768693,1.0267271999229113,0.993625
JP3969750003,0.4533338236169901,0.27675942612005455,0.04861942079889568,0.4287771842100023,0.9417675782257444,0.971
CNE100000T99,0.4212851018273629,0.23373729687040667,0.07148611981034655,0.4041290141875863,0.8252404846548702,0.9769375
BMG348041077,0.3934394541722405,0.27490384775650367,-0.005768555216341398,0.36745168949590534,0.8871355340124669,0.9471875
INE777K01022,-0.14714630447589774,0.10155875232317546,-0.30387973279935826,-0.15348027953156182,0.028401795826343952,0.0774375
JP3756200006,0.19719128750922552,0.18554770477021332,-0.07943613371977072,0.1833830956963216,0.5175242340670452,0.873125
CNE100005PC8,0.582071797861513,0.30543890276850183,0.13590296158847306,0.5552975434109053,1.1129250560387598,0.98725
PHY444251177,0.3083612742402686,0.2717446558130638,-0.08249615782107098,0.2825929546182042,0.7953536656467314,0.894625
INE317I01021,0.2511852268825073,0.1149840037970063,0.07144698151105722,0.24647815146378743,0.4470537882588176,0.988875
JP3229400001,0.16281712818226546,0.17240640612824168,-0.0875361739674248,0.14994031570729063,0.457287471618289,0.8421875
JP3939000000,-0.0396762740775642,0.157341163519849,-0.2750289704514351,-0.05132661100786898,0.23184159532947493,0.3630625
JP3491000000,0.051481517922593936,0.23689978242949222,-0.2790067972076091,0.024109455510289826,0.4750181643251743,0.54725
KR7001040005,0.7661021037767307,0.2987606140783334,0.3252721523675776,0.7416477364085398,1.2900622857969468,0.998375
JP3990100004,0.18063231515887115,0.175807807734947,-0.07543774995848024,0.1669052819831595,0.4784066580601469,0.87075
CNE000001DX0,0.16630384612583013,0.21129023179275996,-0.14309187394594877,0.14783105116258027,0.5423482994675775,0.7898125
JP3164800009,0.04431708133559957,0.20774973127157623,-0.2517473669764966,0.023233702159603915,0.4097884136381497,0.553
CNE100000G78,0.4588068216721091,0.2667574367799513,0.062282100267789985,0.4366334474822298,0.912409602397456,0.9744375
KYG5313A1013,0.4534986102210736,0.2978832393548583,0.020612207955469634,0.4254306512807564,0.9726474393079508,0.9585
AU0000016875,0.11715446181095118,0.16427776893858165,-0.12653874080784971,0.10470542857806671,0.405335717291405,0.7690625
CNE100003G91,0.3999341048351544,0.26873119416157654,0.01166717854885146,0.37489752797361936,0.8750577365761488,0.955875
INE797F01020,0.3448190082412794,0.11473870928939336,0.16516034071578284,0.3401073367468747,0.5391979891017142,0.998875
CNE1000027D7,0.8166453183616871,0.40085679505688904,0.25437013185513907,0.775504732248108,1.521711385081398,0.993875
CNE100002GF7,0.5335964648184108,0.22653303886498846,0.1937903427939856,0.518682408877386,0.9256717235528193,0.9963125
KR7319660007,0.49925939560433413,0.4836629435121682,-0.03289592409889577,0.44848005636718546,1.176801714374867,0.9371875
TW0002353000,0.05984454336841737,0.2571370270377161,-0.2928273385708545,0.03273921906230313,0.5035684268022492,0.562
KR7298380007,1.1979973164605542,0.5638317545325483,0.45236133248026994,1.126754391352964,2.1603742246842565,0.9981875
CNE100000XC3,0.6021746977658515,0.31512191006548645,0.14730385201346588,0.5725330587491684,1.1548187807825192,0.985375
CNE100003654,0.22484407845465898,0.3105520793598395,-0.20849758897008722,0.18671286637154139,0.7775786273737315,0.774
JP3899800001,0.10610099636304439,0.137546451250961,-0.10439014930719193,0.09878004113426919,0.34346937716190507,0.7863125
ID1000109309,0.6203067551953432,0.1913234928367629,0.3293698575866855,0.6090169891774793,0.9518117512928919,0.9993125
TW0001476000,0.4059927705339454,0.1654574798969182,0.15194623800767518,0.39576561825070833,0.6957024478515912,0.995875
JP3326000001,0.2185545250590704,0.2036161166117484,-0.08132711118340008,0.1987561386946769,0.5839198425781019,0.881
BMG988031446,0.23642193119839736,0.16916742176357966,-0.017844924145848103,0.22372081430654064,0.5285835587132421,0.93575
CNE100000015,0.21079996015485353,0.17606971332175916,-0.05250797594761714,0.1978084285826015,0.5167081981511886,0.9021875
JP3965400009,0.1505311487864805,0.1447648443818424,-0.07045663674477401,0.14130094860531395,0.3946346074810735,0.86625
JP3151600008,0.06913185558119367,0.20112941393937558,-0.22617275072076928,0.051759991567723235,0.42033900996088014,0.6163125
CNE100002RB3,0.5734713193349499,0.3220804593978378,0.11644384176803062,0.539888197742862,1.1383613960359067,0.9836875
JP3277800003,0.08074445400827977,0.19743705450860916,-0.20674592986664325,0.06253528869926119,0.4229226916685229,0.6443125
INE00FF01025,0.10040493730477457,0.1624256569477977,-0.14440720813441724,0.08907761278163263,0.38705626165408724,0.733625
PK0053401011,0.44794731176883873,0.32630134486647866,-0.009611750304019744,0.41441888915811603,1.0135745224547352,0.9453125
KYG2816P1072,0.614365488541499,0.4745812439317569,-0.015402383811635539,0.5459791314734497,1.4545967398295399,0.944875
TW0006187008,0.6540483969961801,0.4092771802110608,0.07785429008716849,0.6083975140985782,1.3810627873310635,0.9724375
CNE1000018W6,0.8592997344126279,0.30869260875391435,0.4006312351673876,0.8358243407797732,1.384880642106017,0.9990625
JP3421100003,0.15147987181467087,0.26170951156444,-0.18754710341868824,0.12733198487442388,0.5560086976714123,0.745875
KR7082740002,0.7987135739373059,0.34873255846545226,0.29251019105343296,0.7668341318320125,1.4118595166386132,0.995375
CNE100005X64,0.427843845988294,0.3977074750166343,-0.10548598360897564,0.37695588655944134,1.1433109480155699,0.8954375
SG1I53882771,0.3132844615763796,0.2569974856375008,-0.05938264417959085,0.2888102368567639,0.7643415609358495,0.9113125
CNE100004934,0.49454998591801763,0.371853652514351,-0.016418716151107064,0.45108902736315626,1.1401976194288106,0.9433125
TH0639010Z05,-0.026017255180101874,0.1829535344009272,-0.29080682546486325,-0.04224652791096397,0.29944345481610846,0.39575
INE438A01022,0.25899825677081134,0.11194202148627765,0.08503703228244797,0.25356534386473983,0.451146273180252,0.9929375
JP3449020001,0.18112855202631148,0.20627866214740606,-0.11855476034053916,0.16484089957005177,0.5381735721480084,0.821125
PK0066301018,0.16999492614698092,0.23980291496976425,-0.17032444927327342,0.14455773225632268,0.5924234939629764,0.7661875
MYL7277OO006,0.27159438719348816,0.1548001735189682,0.0436309250820278,0.2611137696892511,0.5282787087507806,0.974125
TW0006409006,0.24376809646003533,0.23451608408175836,-0.09881195485834329,0.22190223813711346,0.661951312566018,0.8684375
MYL5031OO009,0.08180381247439336,0.14395864702809158,-0.13661630914131942,0.07197978519360536,0.33021559630744846,0.7184375
JP3415400005,0.09044605609880611,0.1761078767176811,-0.17928728493591972,0.07930699491136828,0.3956002321654259,0.6933125
INE622W01025,0.10275332459468041,0.1465350302518405,-0.12007989387544618,0.09227398851697216,0.3575304462507062,0.7681875
JP3725400000,0.0774191614063046,0.16188400755375235,-0.16558546578596622,0.06609910801515838,0.3571885787984634,0.68175
INE0FS801015,0.2578789454656871,0.1504577227846692,0.02681376354117324,0.25031733091951636,0.5188794705171608,0.966125
JP3627000007,0.13432173151707094,0.2563887449431963,-0.2292150432679426,0.1087447832682378,0.5899272986079348,0.697
JP3766550002,-0.029791927436125156,0.14281277247536872,-0.24521534104618012,-0.03996425070782271,0.22130893212679634,0.3814375
CNE100000W03,0.565742243753448,9.55306892234593,0.0361206170984142,0.437632499513403,0.9994438747792231,0.9635
JP3754200008,0.28400799819857203,0.18578754197775896,0.0008226106009676424,0.2731389419325343,0.6070665067945564,0.9503125
INE570L01029,0.185026903441731,0.1955261135789234,-0.09918989142982944,0.16740311765644397,0.5251221298257586,0.8465
JP3336600006,0.28192330384778186,0.21042288367211895,-0.030269881850109984,0.2657098240305816,0.6475705075647854,0.929125
JP3346800000,0.2891867548212671,0.18956573981708924,0.0002945489615799152,0.27809638872440945,0.6185798692991554,0.9503125
INE258G01013,0.1628981276253549,0.16471030235585826,-0.0816547538542392,0.15086906248261073,0.45415875067941147,0.8523125
TW0006510001,0.9199984993757773,0.3484773068230626,0.4133719058520366,0.8894815749305031,1.5291147660951485,0.9990625
PHY4466S1007,0.5674792863092062,0.23308273324483306,0.22095736061487653,0.551646293204236,0.9764061319063003,0.9964375
INE0DYJ01015,0.12220652489558391,0.09943253592176919,-0.03109178401718665,0.11759960309758263,0.28772516917640834,0.9053125
KR7052690005,0.6664698078824215,0.22437643550557762,0.3220813957054346,0.6531716633085846,1.0602350347253826,0.999375
JP3126400005,0.1161238271371806,0.13449357714121518,-0.08811012236103746,0.10817477562328906,0.34952697192770715,0.81475
JP3399400005,0.12610711246167974,0.15370098755503644,-0.10397698486536916,0.11549084138135002,0.3860072283093192,0.80825
INE342J01019,0.41222858099599996,0.2945508127800147,-0.005267574978996823,0.3798336376883855,0.9357523376334791,0.947125
TW0003324000,0.34461815126445206,0.16963337718225693,0.08602951000416684,0.33437605665016923,0.639367857380013,0.9863125
KYG2929M1087,0.7502944119520514,0.31526767673448114,0.29310852116728675,0.7226668825679441,1.3082059696183583,0.99725
CNE1000011K6,0.3855219609959399,0.28602568194309075,-0.030926468847088426,0.35768046085489535,0.8889152931288732,0.9346875
KR7051900009,0.1268111651240954,0.10884062063124564,-0.04337457127559344,0.12066569088208826,0.31148066201579877,0.8928125
NZEBOE0001S6,0.4542615401388631,0.24559728690941404,0.09177452001891147,0.4331757857739851,0.8863848945001491,0.9828125
AU000000LTR4,0.7987279150024517,0.3101110333411608,0.34859061119688084,0.7690363952894618,1.3428571814635553,0.99825
INE012A01025,0.2590633444022533,0.11421529274314242,0.08140540794463891,0.2550506304031549,0.4523671804053116,0.99025
JP3309000002,0.40280941841700024,0.27000468933087796,0.01880749082219934,0.37711262420377445,0.8762867640399377,0.9573125
CNE000000MK0,0.5164111260407326,0.24807387183524746,0.1487665721976836,0.4956817629954113,0.9487179220427439,0.990375
KR7111770004,0.3676638826696801,0.1805742305676886,0.09622064321899747,0.35494930630951416,0.6799984306283321,0.9861875
TH9436010002,-0.0013616297748576308,0.12706630658698195,-0.19337751054747274,-0.009909137737213743,0.21568110997306514,0.464375
KR7214450009,0.5564348802882446,0.1992488102526314,0.25083457209793814,0.5433034606475879,0.9069082795342288,0.9988125
CNE1000068G4,0.816742406379166,0.441445391738968,0.20035725554490652,0.7676066491354417,1.6081831503644282,0.9895
MYL3689OO006,0.2374734027817117,0.2438395733290635,-0.11721801094065044,0.21423930939733865,0.6623153957399525,0.857375
INE699H01024,0.29847011989598093,0.2528215756497386,-0.06226407395541275,0.27509145869005325,0.7407743812054847,0.90925
SG1U48933923,0.2065155476570967,0.21848295025984688,-0.11245147766860854,0.186073087080266,0.5882389465632583,0.8443125
JP3733400000,0.36654432465234743,0.23846600242094623,0.011646613520721837,0.34611984178558597,0.7872534474460304,0.9563125
KR7004020004,0.8442708943487769,0.2305308463933461,0.4952943525080696,0.8299591749801432,1.2409611131901768,0.9998125
KYG9830N1097,0.7382255212869787,0.27898615175287883,0.3258709154344377,0.7172010212049165,1.2310746557766827,0.9985625
CNE100003NL9,0.29190262893427565,0.3083533461619718,-0.11036351088277693,0.26298924221479797,0.7822640083930404,0.875625
JP3433500000,0.09391569776069394,0.22498142101740265,-0.22905977141881684,0.0706902534611881,0.4918396227506937,0.647375
CNE1000003R8,0.43665389932612597,0.27404181659670757,0.034663576451840435,0.40941352651537866,0.9228132738156941,0.9654375
CNE1000001V4,0.2461783080866859,0.2489299620408751,-0.1083898666183665,0.22204929658125466,0.6864428015131223,0.8614375
KYG9463P1081,0.8158418928503973,0.31774248112664555,0.35260825174894717,0.7902341460455178,1.3727940624537587,0.998875
JP3280200001,-0.024146876215471343,0.19662425105083642,-0.3005542067763879,-0.04197270164575581,0.3147525744299179,0.404875
INE00LO01017,0.07621232211262834,0.1622877080557592,-0.16302032906533528,0.06408171657535655,0.3603225741196297,0.6733125
CNE1000047Z8,0.7285796842784077,0.3698710494010307,0.1963733244843193,0.6916777104708816,1.3830722026990445,0.98975
KR7039030002,0.9354423012959755,0.46754732458310816,0.2819175628197851,0.8820593860701377,1.767814881564296,0.993
KR7018880005,0.40748754109957214,0.15810632362482016,0.16544269266841502,0.39845953867372996,0.6794877596786688,0.997375
MYL5263OO008,0.16031622343113283,0.12408573452325543,-0.03177556704061769,0.15438081363634482,0.37239195292824173,0.9159375
MYL4715OO008,0.20000289709873562,0.1519012134793902,-0.03470189965491203,0.19032118892331756,0.4654502219187735,0.920125
KYG9829N1025,0.7278469475235693,0.2280304810267237,0.39425155762672304,0.7119926311131367,1.099562051127902,0.9995625
TH0637010Y00,0.06400100795634521,0.15113217111293062,-0.16215957018473426,0.05321345070340458,0.3272991618816036,0.659125
AU0000018236,0.5449486391959905,0.30155292471213274,0.10452704306721475,0.5166246080550065,1.0804094023345112,0.98225
TW0003491007,0.7127878338598012,0.43816542961870814,0.10367326936058271,0.6651980752981467,1.4980407108931,0.976875
JP3545320008,0.3418605331253925,0.25273702310578205,-0.024430074077052118,0.31889938593568834,0.785569937954203,0.93625
CNE100002DP3,0.474706989181206,0.34494256356154956,-0.016766840539118023,0.4386540662108051,1.0866787757962553,0.9424375
TW0003131009,0.4722525430779126,0.21650175655332582,0.15165475754308,0.4563159052069864,0.8471285397316607,0.9939375
JP3919800007,0.2225130703395413,0.22196776811337707,-0.09619171775857725,0.2031478014267107,0.6114481836646051,0.8605
INE0DK501011,0.3009975958451636,0.17177699590700043,0.04045880596045196,0.2914043221809778,0.5978077780105117,0.9731875
SG2E67980267,0.24973969741842614,0.20663526813040187,-0.051409182330176204,0.2315118623321987,0.6113293535985738,0.907375
JP3926800008,0.25429627965358115,0.2624521716701573,-0.11450328874446561,0.22587132714567476,0.718811604360091,0.8585625
INE821I01022,0.3882989690126234,0.28520637809156424,-0.01899547003988922,0.3608402937714055,0.8835120156078228,0.9404375
INE0NT901020,0.304224697141119,0.27888571939465395,-0.09858140259682986,0.27491466073146825,0.8038231208817244,0.8873125
JP3718800000,0.260872249072581,0.24626327165541642,-0.0931593855981976,0.2352460851508187,0.7004858010442188,0.880375
INE325A01013,0.2868823164408341,0.2088031676903775,-0.018342022076991236,0.26967580203157615,0.6490188638671429,0.938875
JP3735000006,0.1498318940710048,0.2203518388795376,-0.1684541891022571,0.12913484242227824,0.5420267403374787,0.7590625
KR7023530009,0.4239397774093556,0.18512217246473206,0.14256725935015055,0.41190345670459566,0.7418903629170788,0.993125
INE794A01010,0.15056739820069306,0.2339012033137644,-0.1884187244266434,0.1282542579739226,0.5523758112675492,0.746125
KYG3774X1088,1.1636162801149195,0.3728457046417867,0.6107784466559943,1.134155098856756,1.8167996141495666,0.999875
JP3301100008,0.08380467993530147,0.16775913650225532,-0.16622296535055806,0.0716332801332995,0.3787140765636782,0.6840625
TH0661010007,0.17963598313956022,0.12173120569518464,-0.007961241033642848,0.1740518617381339,0.3885590702629959,0.943125
ID1000102502,0.40567312856392973,0.15322210306967546,0.17635380661318548,0.39625909807774673,0.6711434182442395,0.9981875
JP3635400009,0.10144570643447565,0.16383096267134067,-0.14607765937879633,0.0903533013169869,0.38524477020458414,0.7334375
JP3114800000,0.2230868398385938,0.22730671374681213,-0.10559532333741779,0.2013906028889914,0.630562362999838,0.8551875
KR7141080002,1.097847866362516,0.3688524501280846,0.550042465208708,1.0678005840460087,1.7474786785473697,0.999625
JP3870000001,0.07924029851004935,0.14690507922869123,-0.1423641190504111,0.0688830831933739,0.3328174930688125,0.7061875
CNE100000Y84,0.41688802322156115,0.3217514391255553,-0.02824740670851183,0.3823070209228559,0.9661245222100787,0.936125
KYG2121R1039,0.8847758250941752,0.3210224133622414,0.4140347166170526,0.856953638481543,1.4349867265138105,0.99925
TW0002385002,0.4839051165226542,0.3177101652228674,0.0304041102619359,0.45240665917917994,1.0365468302376968,0.9615625
INE288B01029,0.14344977430119019,0.11378116584064317,-0.03077641475056082,0.13746232488762866,0.33625890381151835,0.9133125
KYG857001054,0.8766499192907622,0.30897929827250875,0.4138408708571353,0.8503918151855483,1.4138787797239492,0.998625
AU000000WAF6,0.6228769261260504,0.39451098211126673,0.06462610227296278,0.5780447479491952,1.3415330865375963,0.96775
NZCNUE0001S2,0.07246549415321209,0.19548913526573916,-0.21533700543079742,0.05603456350532701,0.41660362094985826,0.62675
KYG2029E1052,0.6891676913706517,0.3562014045336629,0.18417529157144394,0.6530844559513419,1.3284014584968755,0.9909375
TW0001513000,0.36920427002733347,0.23996429949652737,0.013079441066688749,0.35203711866259135,0.7811149205979249,0.957125
CNE100001666,0.4628276411916987,0.42207809995016354,-0.10720972741897847,0.41011533006952894,1.2093922961020511,0.8981875
KYG9T20T1051,0.7298349745571229,0.3107369735702745,0.2746924034910875,0.7035726361753936,1.2641979610196046,0.9973125
CNE100000QJ2,0.32396027500834956,0.29710339177603434,-0.1030138649159515,0.29491432103437243,0.8505723639005038,0.8863125
JP3152750000,0.3693004633175075,0.3311852382126275,-0.08968603201395146,0.32899065227522006,0.9607808039220109,0.8959375
CNE100000CR5,0.6670710123549134,0.25612822964398163,0.28553280777965606,0.6481959381592156,1.1151056075930676,0.999
KYG248141163,0.8476877584857561,0.38469652055464787,0.29108254807421796,0.8109384313222983,1.5308972813539599,0.9964375
PH0000061442,0.26752089910326765,0.22250788930200105,-0.05631698338462176,0.24894633336937738,0.6513907034854882,0.905875
JP3209000003,0.10470674894449848,0.17796479107466173,-0.16189307883553047,0.09037258793928223,0.41316183649295296,0.7230625
NZFBUE0001S0,-0.04552531203370775,0.13628543048834202,-0.2495898344676684,-0.056092339765566296,0.19005165006540206,0.33225
KR7222800005,0.8885670914045258,0.30629698605495864,0.43674777048647273,0.8619354827148534,1.4251088725345955,0.9995
KR7440110005,1.7258953473945327,0.7956963380307951,0.6420301758441557,1.622282116880426,3.1558087179019503,0.9986875
LU0633102719,0.5573629351306274,0.18610380866230666,0.27811733106008574,0.5458582816315438,0.8775558555746027,0.999375
CNE100003P41,0.7119055752255447,0.5046373453587906,0.029848632094723538,0.6458239677067186,1.618994462027905,0.958625
INE1C6T01020,0.2118976217275002,0.21831841191209536,-0.10729464766450622,0.19143549628744638,0.6027089232435977,0.8548125
JP3359600008,0.03418535422164567,0.18608281909567664,-0.2404868047802597,0.01748604252101918,0.36467132672387675,0.54075
JP3485800001,0.022012686965598542,0.17017557615640183,-0.22763070521640896,0.00818282294027642,0.3160610141495102,0.5231875
INE220B01022,0.2551506467356171,0.11399560140806463,0.0792918122269902,0.2501654104013947,0.4485849507624139,0.9904375
ID1000186505,0.47368645427281497,0.2645805502980051,0.09123074860651627,0.4492277033943759,0.9378006788334795,0.9819375
PK0071501016,0.3087318950388574,0.27554199272563473,-0.08886374149476092,0.2854648638066632,0.796334948582451,0.8910625
SG1BA1000003,0.5232714168351759,0.27275375729000007,0.13351453396353968,0.4983997310644639,1.0035340068059453,0.986375
AU000000MTS0,0.17991208221889932,0.14009393802729614,-0.03320431233268972,0.17236071755645577,0.42098754681534073,0.9140625
KYG5966D1051,1.0050500817613932,0.43921036534938757,0.380851202668106,0.9618576409198164,1.7770326994773575,0.997875
JP3880800002,0.3089095596626767,0.312704868299903,-0.13103871546507054,0.2724131827654819,0.8676273559334733,0.8599375
VN000000SAB4,0.3458254542302101,0.20949754263070783,0.03603024880994401,0.32900809001808107,0.7140557123186725,0.9675
INE19RI01016,0.23410641892061362,0.2407939428548764,-0.11373421069681244,0.21358183331490294,0.6553721121394757,0.84825
CNE000000MZ8,0.42387255271944896,0.24904417729897488,0.07220688092744958,0.4057002971577559,0.8378408783445838,0.9774375
JP3635490000,0.4880363775456156,0.24102997838727452,0.1275838810757069,0.4682678802589719,0.9083792725875667,0.9898125
CNE000000M80,0.4026335392424658,0.28023992947821846,0.0011427916283267725,0.37762375214566435,0.892059158725675,0.950625
JP3310500008,0.04137784531331266,0.14285708982426448,-0.1718427914457976,0.031133964371508237,0.28814069721163227,0.5985625
KYG8813K1085,0.6596237542475956,0.26319889116624473,0.27137061667209744,0.6371280081751075,1.1180534484146551,0.9981875
CNE1000066L8,0.6909135704567247,0.27651517450237895,0.28003655810077305,0.670643052654792,1.1796389326652819,0.9978125
AU000000NWH5,0.14722392238700843,0.15207049054879657,-0.08473237265455262,0.1384611749726917,0.40831627250612845,0.847375
KYG2135N1060,0.6342639548149713,0.22067627987996982,0.29882965133725814,0.620916978061236,1.0172612602312672,0.9993125
TW0002645009,0.1527398527544247,0.2590295333799791,-0.21228572759518,0.12461886845606984,0.6144281014395001,0.7180625
INE918Z01012,0.2824400820006783,0.11579906501344052,0.10379356959749725,0.2768913256599377,0.47950295551024347,0.99575
CNE000000H87,0.42755465722816177,0.3368082918923499,-0.04457138070398538,0.3907233428351135,1.0234253752068134,0.9279375
JP3974450003,0.38021642356724294,0.26101790099028677,0.0025232180675463264,0.35766582537418057,0.8438263726654628,0.9515
CNE100000XG4,0.70446739607273,0.346691999911319,0.20391770861598993,0.6680613691358878,1.3127194754862983,0.9925
CNE100004N75,0.43062846484084605,0.24034469790560853,0.07459256908383012,0.4118941713285451,0.8443722223348529,0.9775
JP3423800006,-0.011650962774801056,0.16404884219710664,-0.2528151943180805,-0.025007926008073743,0.2732816893475803,0.4285625
TW0004749007,0.5007414544048122,0.27251127365142963,0.1000222962866641,0.4799227658510462,0.9704073090757015,0.9838125
MYL3867OO008,0.022286548562831184,0.18290478277294528,-0.23995861584088624,0.005150991428674317,0.337251280163335,0.511875
JP3220580009,0.017065526285315054,0.18003760110840034,-0.2370276030902448,0.0012690076739660593,0.3244274727368523,0.50325
JP3266190002,0.056224213123207564,0.187347949038552,-0.2180073647670822,0.039877548637970675,0.3864325419964413,0.5928125
TW0006414006,0.04226567366098668,0.21825509220901942,-0.2731171833358075,0.023991954114606258,0.42726818590870114,0.546375
INE486A01021,0.36777134282651863,0.17747666255624858,0.10196177532836967,0.35594215183807776,0.6749922546362688,0.987375
INE331A01037,0.05938033214062142,0.0851611320513778,-0.07308659184104663,0.05591183847435031,0.2034798216742736,0.766
SG1N31909426,0.27914048322724605,0.18410261088681648,0.00503562927610901,0.26576327218092,0.5959815325545486,0.9533125
JP3462660006,0.04905912624146632,0.2377416709620083,-0.29065496574508326,0.024539995231815326,0.4744853610938692,0.5470625
KR7066970005,0.8925293833567884,0.25958419616902767,0.5008672061539091,0.8774568911054276,1.3322180976690152,0.9999375
KYG6391R1074,1.0110078054418652,0.6333733441117338,0.1836903620183582,0.9167390374166507,2.1551278112894314,0.984
CNE100001104,0.4026368505962661,0.25879716558066784,0.023109057546108192,0.3803018534988961,0.8604499625020134,0.960875
JP3497800007,0.29682053940205033,0.2699320115785575,-0.09310750082556314,0.2735630888386589,0.7656036793826092,0.886125
MYQ0128OO007,0.1855896631605891,0.14081560186838313,-0.027714520554680728,0.17728333861226978,0.42910047183397504,0.9224375
TW0005904007,0.025495703641435497,0.26562235223260217,-0.30390812109899534,-0.0017692590237544706,0.44459145681663953,0.49625
CNE100000WY9,0.36854293174921704,0.1661987971310789,0.11389116443516946,0.3591219719352461,0.654073510004674,0.9923125
CNE100000P69,0.3192823685778475,0.3357750872155642,-0.14715320760187725,0.27763259333527335,0.9085613954871783,0.8564375
INE101D01020,0.17338844882206647,0.1883286786873506,-0.10261894487990234,0.15827156926688823,0.5022558169612178,0.8339375
INE0CAZ01013,0.019125526585423578,0.16374226361501187,-0.22688809762837506,0.007614895541666172,0.30356811722585875,0.522125
INE182A01018,0.4430096874729891,0.3175354082763476,-0.009418865477648294,0.4100040389990588,1.0133497384308383,0.946125
CNE000000MM6,0.3488305119158373,0.33195297104717325,-0.1053824456874449,0.30958118174599547,0.935349184289992,0.8823125
JP3981400009,0.25203551304707483,0.20200299181026143,-0.051666565326030936,0.23695638763250282,0.605134009549552,0.9108125
TW0003005005,0.22047456166604074,0.27198218957065423,-0.16564485553189637,0.1911569779674128,0.7101965130537766,0.8041875
AU000000PDI8,0.8871856555619452,0.5381413157143978,0.1479179716663998,0.8159708866627634,1.8678984755691057,0.9814375
INE203G01027,0.39413442631107604,0.11460687788926954,0.21574233582619126,0.388445521581206,0.5882963273666931,0.9998125
TW0003023008,0.3628667272853403,0.2407196160547656,0.0078040041464692384,0.3432598629957252,0.7763450599971187,0.95425
MYL3794OO004,0.38044317056620947,0.24828578828653988,0.014304379660551024,0.35804652761685063,0.821079328427975,0.956125
JP3368400002,0.5349705062538045,0.29225047816108035,0.11513032554793505,0.5090612774349385,1.0433771190420187,0.9811875
TH0465010005,0.0915916894415702,0.15549967012130622,-0.14206951059844802,0.08111447727360782,0.3599890868766733,0.7221875
ID1000060007,0.5638232459208664,0.19858873576888816,0.2629150212022705,0.551432145866667,0.9057981442181425,0.998375
KR7036460004,0.49078426748479614,0.22844946939618016,0.1532288628047222,0.47282647715781245,0.8864067312914865,0.992375
TH6678010005,0.11147974566011495,0.1488480940244341,-0.11254322654354902,0.10136754895547878,0.37091852074311543,0.7810625
KR7103590006,0.8095408346455647,0.3887863488018059,0.25950699825341544,0.7693604507994285,1.486258472775031,0.9956875
JP3967170006,0.24581155771544258,0.19664564673266344,-0.047359187046771827,0.23061282840107922,0.5935073466262377,0.9156875
INE00WC01027,0.38927369044996474,0.17575237562352863,0.12413182805655491,0.37766821974420206,0.6969389441840682,0.9911875
INE894V01022,0.18300729574331165,0.19251469173381722,-0.10424142046990827,0.1678597347048355,0.5182426732064674,0.8414375
INE120A01034,-0.1509609715004753,0.1397770891193396,-0.35472665130964354,-0.16293009772540568,0.09287760950844738,0.13125
KR7483650008,0.3361028881531805,0.15500101735528476,0.10006652270011793,0.3268617963798105,0.6038468564436953,0.989375
INE891D01026,0.25989236306621216,0.2785046117644468,-0.13806750349507718,0.23074007717978157,0.7563365827918159,0.8449375
MYL5337OO000,0.12345480251113208,0.17368902850443618,-0.13546752770316706,0.10942263985593748,0.42165300022910346,0.772375
TW0009910000,0.14341545050394058,0.16138958248097213,-0.09539933506893868,0.12959445641762435,0.42576180070371733,0.8285625
KYG2198S1093,0.6496176885639854,0.274043317688199,0.24767815533953502,0.6283607265724735,1.1233172173293533,0.9964375
PK0081801018,0.555739020047804,0.3021466031505797,0.11514941015062148,0.5276627575474351,1.0777663359956273,0.9833125
KR7251270005,0.7938184252032117,0.20178286520697164,0.4835831448267007,0.7835669036703943,1.1423883948637041,0.9999375
CNE000000HK0,0.3974605623247724,0.2196599754281818,0.0727679583014232,0.382117780189261,0.7819503584047213,0.97725
PHY9297P1004,0.351172633429313,0.19982634008554678,0.053754252910080604,0.335453802207565,0.6988014293354521,0.97625
MYQ0166OO007,0.06746191192415452,0.11161615295909456,-0.10571227541403802,0.06099469161077435,0.259391019774335,0.733625
ID1000111602,0.43082142957032854,0.17830310098653016,0.15270736328556364,0.4224351866118242,0.7330970005197027,0.9950625
INE524A01029,0.14178683576761966,0.18255299914528675,-0.13183152270634674,0.12682497872182757,0.45792978203114165,0.791625
JP3816400000,0.14686374930984056,0.17978886258365212,-0.1169628581365017,0.1325677263889049,0.4584880186082342,0.8026875
JP3522200009,0.09777000997847284,0.23691171889392912,-0.2378352555112597,0.0705318769414205,0.524287740170568,0.6375625
KR7002380004,0.536943447357398,0.32788990577171595,0.07383931376223704,0.5002087569583493,1.1197338904856575,0.973875
JP3156400008,0.23961872806319245,0.24956274727398103,-0.12216196639688374,0.21532441189064339,0.6737760199281573,0.854
JP3780100008,0.41258662905259497,0.2650608725430989,0.028226041239013122,0.3910369302775195,0.8813274771295291,0.9629375
JP3560800009,0.13015870069289137,0.23859523419845954,-0.2099867688260121,0.10376114157041982,0.5594428276864073,0.6991875
CNE100000Z75,0.31910227944641767,0.2954080760416677,-0.09366764852594525,0.28687776099986334,0.8355275070479481,0.889125
INE217B01036,0.13734963482420628,0.09537424730063335,-0.008757623565908767,0.13262586770130447,0.2997793050450791,0.939
INE424H01027,0.3771713907997081,0.18602699860901517,0.10026442854803334,0.36560102449541615,0.688930501300441,0.9879375
KR7214150005,0.7262969967285958,0.1898716936848343,0.43482447864927976,0.7147145986574159,1.052685577702805,0.9999375
AU0000120628,0.06834414708344919,0.14823560179079326,-0.15586009377031615,0.058461615529828495,0.3258613901682312,0.669125
KYG2163J1004,0.43749105270950617,0.2954239480686928,0.017055206180399234,0.407660290703418,0.9502980000835566,0.9575
INE462A01022,0.37408595857600446,0.23154454387931814,0.030593229910887948,0.3551896943708528,0.7763119607553755,0.963625
INE0BWX01014,-0.060605735105061356,0.164279740690834,-0.29859349988940515,-0.07537182446367947,0.22976776824673562,0.313875
INE596I01020,0.2726991609961759,0.11823585107127826,0.08803097639484035,0.2673221401805957,0.47519519033641217,0.9915625
CNE100004G74,0.3860827163270792,0.19809888376220994,0.0925643599661287,0.3697993556972797,0.7349635659543969,0.98475
CNE100002QJ8,0.24295510731524994,0.2503031141533617,-0.11863815621838371,0.21687356121997137,0.68515011204155,0.8541875
CNE100000WX1,0.3265694392286505,0.29737693963748957,-0.09599022969619266,0.2943430001722127,0.85575889033245,0.889875
KR7028670008,0.43282690629969317,0.2295968985891691,0.08931095379789056,0.41524522800901587,0.8404733879605429,0.981
KR7336260005,0.5420018263827633,0.3234187638172011,0.08084160134433935,0.5088797440001468,1.1124717676841795,0.97575
JP3350800003,0.1959192726432601,0.26048299185718904,-0.16537791315649125,0.1690660523069459,0.6424156597753212,0.7900625
MYL3336OO004,0.30451983039349795,0.1582748215843829,0.06291056002550498,0.2943030243813033,0.5765600195147681,0.980875
JP3326410002,0.23905309159051205,0.27517856049340195,-0.15005159620599368,0.2101619980854278,0.7277145318158543,0.8214375
JP3800270005,0.2853082153458969,0.19413698506730628,-0.00652208400259332,0.2722136368257649,0.621752618642108,0.946625
KYG2701R1011,0.5334085546171786,0.22133663293542485,0.20716272822431425,0.519288933820735,0.9112496000046005,0.996
PHY6142T1052,0.44324510923710386,0.2259768591205066,0.10707031871164573,0.4276168088867267,0.8358963590723182,0.9851875
KR7097950000,0.5324986465134086,0.16210730512378263,0.28548018587189566,0.5232920211626112,0.8129110893832248,0.9994375
INE953O01021,0.05209651304391545,0.13798635127535883,-0.15643329577365997,0.041870657138875486,0.2899738695293036,0.639875
NZTELE0001S4,0.3890020118824132,0.2622142360842438,0.009952196560616135,0.3669318880121779,0.8487333008623784,0.95425
AU000000MND5,0.053926352974407364,0.12327398216904434,-0.13733300633763434,0.047230877197465874,0.2627687027257869,0.6671875
BMG5150J1577,0.595538995177568,0.4395777755525314,-0.00043729435661466224,0.5424520557843362,1.379062437994663,0.9498125
ID1000164700,0.4294786159267394,0.18238205362833,0.1532446894610674,0.41893728953021536,0.7421294853971264,0.9945625
AU000000MSB8,0.5989841467081257,0.4194577647308867,0.014571894771807105,0.5535103494844203,1.3539040917507783,0.9545625
KR7011780004,0.5105601098989402,0.17071255568945773,0.25404759374242686,0.5015686870727541,0.8028401656609885,0.998875
INE152M01016,0.14675242313201578,0.16920383910467077,-0.10467464341310304,0.13457750631222892,0.4414135798205403,0.82175
INE406M01024,0.28186591813914247,0.16646875478105794,0.026818147669849884,0.26980370549273314,0.5710272547620269,0.967
KR7403870009,0.859876050243157,0.3206216908225976,0.3895910747382167,0.8325181095851352,1.416850903401086,0.999125
JP3544000007,-0.02246169696898926,0.18676859270026616,-0.2866044220961678,-0.039792570715089626,0.30281706469191183,0.401875
AU000000SUL0,0.1567023875994873,0.1334313705127894,-0.050636839136822806,0.15078034879215868,0.3866417268183589,0.8940625
CNE000000VK1,0.18285772406301523,0.2291840335543136,-0.1527723264162646,0.16095466784296608,0.5840735298770183,0.801375
KYG6382M1096,0.5529505734705713,0.2622641036449782,0.16688092430961773,0.531653787211421,1.0126063004846806,0.991875
NZGNEE0001S7,-0.02680582615620164,0.1898395971001172,-0.30078064867914667,-0.04418823615917865,0.305489123572832,0.3956875
CNE1000006J8,0.4516023607991093,0.3131770666006443,-0.0007304009152250074,0.4191537628626289,1.0174928616960581,0.9496875
KR7035250000,0.47083105282392795,0.16757935248512046,0.21619149828771228,0.4616910107640828,0.7519170177121527,0.998875
TH0420010Y01,0.08791453113559902,0.1447673870823072,-0.1258735801822227,0.07816336253096876,0.3404545481094035,0.7284375
INE100A01010,0.26759036151860255,0.1681055664882977,0.009385043121514893,0.25655034929593995,0.5587636557556066,0.957
TW0008454000,-0.1199357004797491,0.22824655744212868,-0.3994322570536518,-0.14123332871989241,0.22543553256317966,0.2286875
KR7383220001,0.4352236565244683,0.16992483276336165,0.17655999799285396,0.42555086723934976,0.7283471952563709,0.996625
JP3300600008,0.014025433757875447,0.15409587299640679,-0.21161841965009826,0.000994434984821852,0.28203481730578234,0.502875
TW0007799009,0.42749538981648527,0.5018989873434406,-0.20367646242351653,0.3494373980703044,1.3190387416129854,0.83525
JP3549600009,0.3182164697292932,0.2199879684412302,-0.007676296107711092,0.30003178601392144,0.7029269442683835,0.94575
JP3170800001,0.19399296591202975,0.28324068205653574,-0.19459121582799938,0.16223357667966148,0.6917762379506361,0.7633125
CNE100005XZ3,0.3423508328001743,0.24592757901980156,-0.00668033147192593,0.32205359967848857,0.7543846163673177,0.9463125
JP3306600002,0.4023490815936008,0.24502951874049117,0.04082197514451783,0.3795214624201174,0.8264339577285095,0.9690625
KR7108490004,1.2268364347108696,0.789842281082058,0.21801199074186411,1.1034244185819366,2.639472522084515,0.98575
CNE000000NH4,0.40380616293479854,0.3207402843452723,-0.05100454150217782,0.372618476741826,0.9738884311989771,0.9221875
CNE100001JZ1,0.32092191008360743,0.2611046901585965,-0.05555692911006247,0.29490434198951,0.7803586198016749,0.9165625
CNE100000PH8,0.4919316565598131,0.2782485814980001,0.08767726745122215,0.466148410446248,0.9855398752496997,0.979625
ID1000164205,0.5495315203106108,0.2103641169637899,0.2291344915633568,0.5367005386927368,0.9108041074764384,0.9973125
PHY716171079,0.3267709343910644,0.17695437999074207,0.05824421320975681,0.31620725875253175,0.6326227644512786,0.978625
JP3429000007,0.12037835625896429,0.20246314366021012,-0.17443257005832855,0.10428153793149327,0.4720045326619121,0.726125
CNE0000012Q3,0.5147265801728729,0.21216294500818503,0.19794050384762368,0.4996328831423399,0.8823818178923686,0.995625
CNE1000070L0,0.7512498077581011,0.3782640661639492,0.208706120990544,0.7101926648948778,1.4190639585430487,0.992375
TW0002455003,0.3904442461183212,0.23171516494323297,0.045290379355213295,0.37343756727142974,0.7855693210605058,0.9695
JP3283650004,-0.002691608215102252,0.12105403633899886,-0.18793833482723335,-0.009561569622094979,0.20672443577237598,0.466125
BMG8086V1467,0.6658600818913541,0.44216030966925934,0.07002190477658159,0.6114297149144098,1.4440958565835222,0.97075
INE172A01027,0.24383108857110372,0.2334582518583853,-0.09594421676684946,0.2256474564304078,0.6569054304503432,0.87025
JP3966800009,0.2931546502347442,0.25483848575300727,-0.07775051754335047,0.26948233121956056,0.739390466573828,0.9024375
CNE100003M51,0.06092797760588869,0.21161573833298705,-0.24670819801743174,0.044214944475698834,0.43176211210404025,0.594
JP3389680004,0.21653963718779168,0.2779253798252479,-0.17569716328088186,0.1861657616294728,0.7003657869154736,0.792375
AU000000RWC7,0.17789562332810616,0.1353615892692735,-0.02911033187037723,0.16955862411051587,0.41598921746775497,0.922125
INE212S01015,0.32600436311509007,0.2347377360828438,-0.015280728302875402,0.3062144450784961,0.7331320591808989,0.94125
CNE100002C70,0.1800394094391248,0.24312450850067188,-0.16180864060536593,0.15227877611471005,0.6118258001461133,0.7841875
KR7011790003,0.43257427784264574,0.2398164057598503,0.07663468384002804,0.41187557927978685,0.8470225717224148,0.9793125
INE330T01021,0.0613181617050975,0.17851087518705297,-0.19882041586884283,0.04468142969014294,0.3723788895316482,0.61975
ID1000160302,0.41182635551519337,0.29288053656284596,-0.008103930886319935,0.38148133167696696,0.9300839035243368,0.9464375
CNE1000062R4,0.5777634179330781,0.4053393260047281,0.026689345111452798,0.5279697396055736,1.2936894325030173,0.959375
INE844O01030,0.38239281983980006,0.13006358062539644,0.18548570055325772,0.37516310716762663,0.6007081226968342,0.9990625
CNE100005MX1,1.1731432306076692,0.4283291345390607,0.5562019170785285,1.1369725122931964,1.9405588174499255,0.999375
KR7069960003,0.44004265709305596,0.1758854366618385,0.17654497141428713,0.4285021041605765,0.7424129959396563,0.996125
INE285A01027,0.19435054529907292,0.2246786059798804,-0.13309120151528425,0.1757172319820289,0.5879814630009195,0.8211875
KR7095340006,1.0303050376353007,0.38968916295218564,0.47256940436080386,0.9957185545188715,1.7222249287905593,0.99875
CNE100000171,0.7431493156916162,0.3200577096282866,0.2839645431349233,0.7110961752114634,1.3047809106111712,0.9976875
INE864I01014,0.39559233705246016,0.3874225816327506,-0.1263270903834178,0.34327296170814525,1.098354725045783,0.8760625
INE066P01011,0.7240955092312145,0.3169004222957078,0.2664354095574087,0.6948398051699824,1.282672875144927,0.99625
JP3695600001,0.3076899061072935,0.2709961052593433,-0.07956394847911225,0.2818600854868814,0.7849202557285396,0.90075
BMG0171W1055,0.7543690165586066,0.2719575371004969,0.3517900005785855,0.7329195242314241,1.2223282820498387,0.9983125
KYG984191075,0.35910873565228496,0.1632844004029389,0.11211580412551289,0.3484198331777667,0.6441014245900242,0.9925
CNE100006VV4,0.5251741407175923,0.33507854862015973,0.05075099597177314,0.49066467822092147,1.1136298858590423,0.969375
INE825A01020,0.036238539671458625,0.192509826078228,-0.24751184810059346,0.01958530069520833,0.37892201204780834,0.5435625
ID1000068604,0.07009705651508048,0.1791816298988397,-0.1937150887832517,0.05609241016814945,0.38243153493669774,0.6438125
KR7302440003,0.09385953394864482,0.2639677147103544,-0.2787632044641447,0.06332930114834237,0.5515023602059065,0.6165625
JP3407000003,-0.026628390194929758,0.19994895673094093,-0.3176965680503476,-0.04510465455486748,0.3274922388950688,0.4018125
INE427F01016,0.28552468855550034,0.11863381822097398,0.1037510052436619,0.2790970181529904,0.49041429766333594,0.9944375
CNE100003MW8,0.6174478562761307,0.4690329876641266,0.06017432933246517,0.566650902627794,1.3281179276782513,0.96775
CNE100001FV8,0.27265859070995113,0.2892489581757421,-0.13810574578635323,0.24246794073994338,0.7766583808667233,0.849
INE348B01021,0.18146385837559798,0.11194424284173532,0.011158188225577886,0.1762286878228835,0.3739424149741231,0.96
INE647U01026,0.126533878614445,0.20962908041240694,-0.17773622591376093,0.1080400600241804,0.49687161025700427,0.7246875
CNE100002JZ9,0.6925537783164103,0.2828392976747864,0.2828205523651099,0.6668911382712254,1.1940898509761948,0.9979375
ID1000053705,0.703343777906709,0.22866924407452885,0.35665896245719486,0.6886838670622929,1.1030206946720325,0.9994375
NGGUINNESS07,0.11044345888532976,0.34185725125881233,-0.3393979242746601,0.06312543419443498,0.7156042107773787,0.5869375
INE684F01012,0.2550375808358984,0.1403370473408569,0.037791179583752506,0.24876410193801973,0.49511130820831734,0.9724375
INE768C01028,0.05934588305074911,0.16479865722823733,-0.1908124240931036,0.048553269542188526,0.34641171341231397,0.6264375
CNE100000MK9,0.5278718110007049,0.2850653276826261,0.11230350818758233,0.501032398019474,1.02755312599219,0.9838125
MYL5005OO003,-0.13788893087804258,0.13741472197753868,-0.3409645852852831,-0.1477703833721172,0.10368836338812758,0.14275
JP3389510003,0.3832500320075648,0.2781400743508119,-0.015158595455319841,0.35229994312179747,0.8729580519526813,0.9416875
INE548C01032,0.4393130910141295,0.1468859213049971,0.21378450783822248,0.4311670112544757,0.6905423089375686,0.99875
CNE100004Z14,0.8143128028410481,0.38977495686342645,0.2630914597363738,0.773989347122619,1.5038292767855075,0.9941875
CNE000000S92,0.2862571081009825,0.3059373803494038,-0.1337076392621394,0.24981991428303138,0.8226662128009682,0.8465625
INE386C01029,-0.08468474396218227,0.1370073222135244,-0.28945804192026797,-0.09410552459035566,0.15458686506962452,0.2380625
JP3820900003,0.1390672704217339,0.23882449728179442,-0.20260265792069518,0.11382653003593073,0.5689890133288852,0.7151875
CNE100001W36,0.4550592238337681,0.36460908874698267,-0.034109782392372265,0.4187414633539379,1.0651100203878903,0.9346875
JP3441200007,0.04656007969730308,0.17925070686188926,-0.21330215768555202,0.029817090621211927,0.3583954666033767,0.572875
TH0002010Z06,0.12650210151922178,0.13806927264645566,-0.08436685591716424,0.11734131777953713,0.36384270312156575,0.83425
INE718I01012,0.2323209365569151,0.133582787096993,0.0289869468804869,0.2240178536025457,0.4672430303711602,0.968875
BMG8063F1068,0.4111463527709418,0.29956408754525443,-0.01775827396985854,0.38072468182387553,0.940722231962922,0.941625
CNE100003K95,0.316299556887066,0.32988509393063203,-0.14302932785617076,0.28005334280003935,0.9034010767948218,0.849625
ID1000125107,0.7701609125032784,0.2329478637270694,0.4176935800105352,0.7546249617176412,1.1725652320328006,0.999625
KR7006360002,0.5538905780657856,0.18826405825971523,0.25887529604419884,0.544629078574363,0.8773262807231501,0.9985625
INE103V01028,0.2846049798044296,0.2861398282945562,-0.1177400888719993,0.25480130858368333,0.7807245116558075,0.863125
CNE000001JH0,0.4736764612207997,0.26141035166487986,0.0869780604949373,0.4515689621577478,0.9303421555627025,0.9809375
JP3332540008,0.1323270342121407,0.19065912079137814,-0.15037614241320527,0.11552987423802341,0.46642992376821935,0.765
BRGOAUACNPR8,0.3001142236375421,0.2738134338030692,-0.09872625115068803,0.27465547172222965,0.7902556763765816,0.884375
CNE100003670,0.6644663462496955,0.24024662642020556,0.3028587302242688,0.6483856341055322,1.0887644037589057,0.9986875
BMG5695X1258,0.32339704838276184,0.25459737771189783,-0.04531062553587875,0.2977677199179759,0.7746578975903214,0.9220625
KYG0405D1051,0.42062265019013095,0.18992879177291125,0.13581183183047593,0.40734350875198055,0.750861433418471,0.992125
INE769A01020,0.1563006843068387,0.1037006908725197,-0.00513850230260472,0.15264334213635655,0.33148719284340517,0.945
CNE100002VW1,0.30475504056026265,0.25406633431130154,-0.05530101316304107,0.28162756373218734,0.7372695388245681,0.918125
AU0000107484,0.04824530773816055,0.13044487350271605,-0.1527373199925832,0.03964814024390317,0.27852866520556646,0.637375
JP3277150003,0.039172479195069866,0.17807659974601203,-0.22343326793788024,0.023817858127035768,0.3542452503840259,0.55975
KR7071970008,0.8276889819346096,0.4263181463749937,0.23511182627166505,0.7841959907984991,1.5677563566300652,0.9920625
AU000000ILU1,0.40382499348791323,0.20100937276566772,0.1062714636280748,0.3881296083169993,0.7573945000821026,0.986375
JP3855900001,-0.022359159111764598,0.11967734255662345,-0.20426497670562657,-0.03014044305719285,0.1858379625489426,0.3930625
TW0003406005,0.14048591478836261,0.2263800108663149,-0.1876954727143096,0.11854789390305379,0.5397282428967785,0.738125
INE092A01019,-0.009363641640898875,0.14308744712219135,-0.21831153761005037,-0.020413046826707682,0.23195607907019258,0.4383125
CNE000000Y37,0.5642357971712556,0.4288879189922009,-0.01890943102601686,0.5093689247986225,1.3527916878709112,0.942375
NZNEUE0001S8,0.3351215644660001,0.25177582347760935,-0.028430670715625703,0.31279117919122423,0.7836907125499245,0.9323125
INE738I01010,0.07178798902195811,0.14271570215977342,-0.1411234267734155,0.06198760710494573,0.318315815958443,0.6913125
INE0LXG01040,-0.04974988639455772,0.15230840683947736,-0.27443652016591924,-0.06218212026989087,0.21788627817230236,0.331375
PHY1249R1024,0.32273667817094315,0.1775295423070291,0.05269434602972336,0.3109152100637955,0.6305649956025774,0.97725
TW0003583001,0.563694890321054,0.3699601209788742,0.061228600804962584,0.525964260457794,1.1990464024305254,0.972125
CNE100002RQ1,0.45188308703002356,0.2880318065740433,0.036135788661373895,0.4260053344687207,0.9469349793544483,0.9635
VN000000POW7,0.19450022117779187,0.1679451118594683,-0.059212707309685336,0.18326112767407504,0.48559251769153766,0.894125
KR7011170008,0.5628969494343219,0.21029136061951834,0.24869074832544205,0.5483352166750834,0.9243679871547341,0.99775
BMG5800U1071,0.5962338478968047,0.24172912481856065,0.23511783857828747,0.5808527381618626,1.0171658455363128,0.9968125
JP3423520000,0.015294131010197099,0.16491296894909277,-0.22380651428499815,0.0005362800331613636,0.29907539176572073,0.5014375
INE205C01021,0.10258713085048786,0.20375315713119582,-0.194343794407236,0.08444331920890366,0.4560809079461708,0.690875
TH6717010008,0.0949840377086311,0.1605381956085379,-0.1467157932005513,0.08417677273347995,0.3731615066533869,0.72125
JP3535800001,0.20147233611422016,0.2916041541470584,-0.2007566933866288,0.16500787455496516,0.7329272991262964,0.761125
CNE100001ZM5,0.40555744959122214,0.3851184711037533,-0.1257519303469213,0.35918388323407896,1.083347820636776,0.8848125
KR7012750006,0.4045283833190495,0.22038099288489618,0.07919583719410433,0.38800629220109406,0.781722029201723,0.980625
INE457L01029,0.39027731351786626,0.19852079343588078,0.09569534847964217,0.37451384634063734,0.736844779740265,0.98575
HK0000083920,0.4451168149785071,0.23107787033164723,0.09745867106820434,0.4270466861494919,0.8544434043632387,0.9845
KR7375500006,0.7297513917998131,0.24360780899488846,0.3716377746268379,0.7099041403626333,1.1559370959189084,0.9995
KR7145020004,0.7736736900029358,0.20272070728748373,0.4629670342515407,0.7638537921764208,1.1207076002825838,1.0
CNE100004017,0.7880781006970056,0.5961408735487863,-0.005512252316380599,0.702700075834529,1.8738059290310307,0.947875
TH0148A10Z06,0.16997198214618262,0.19020274217220445,-0.11006798076230402,0.15501069429358943,0.4947376789115984,0.8334375
SA000A0B89Q3,0.14362771571695176,0.2287603953552225,-0.193034313479443,0.12379097420630253,0.5519599490428074,0.734375
ID1000116908,0.408602276139528,0.2399683103393509,0.053107098361800546,0.38845483185206064,0.8315685031874317,0.973375
SA16AH822K19,0.2617210394933304,0.22340381701382545,-0.06411276165493447,0.24256946104891552,0.6520322199382023,0.900375
KR7005850003,0.6600842961765334,0.27954089819857586,0.2544405573116301,0.637072718865893,1.153079715909787,0.99625
CNE0000009N6,0.39958068708041994,0.3533184254574069,-0.08580651085118267,0.35599146151861616,1.027542349869896,0.9024375
JP3266800006,0.3248084076619864,0.26822067089303,-0.05716365165820775,0.2977309510251931,0.7935328084001562,0.913875
KR7084370006,0.8441370083784888,0.3289819230428578,0.3591202517835363,0.8164865826519245,1.415982539845093,0.9984375
SG2D00968206,0.37915020179011766,0.3114817403377731,-0.060614363568179196,0.3428441985160005,0.9336170783420648,0.915875
PHY569991086,0.29059689701317604,0.30595032557753177,-0.14061005246664648,0.2542812259152964,0.8360500853825998,0.847
JP3172100004,0.01732225178155007,0.1902427973050071,-0.2594850110269209,0.0020166892385433234,0.3531959932060797,0.5050625
JP3253900009,0.20062970612139133,0.2109962802016529,-0.10458877457211836,0.18135500908699564,0.5732825954612779,0.8471875
INE703B01027,0.26712524658730785,0.24022888821340732,-0.08648013681948788,0.24699555350227168,0.6949855703328703,0.8858125
SG1J94892465,0.34814333561436933,0.2423564113541156,-0.00894471327643221,0.32751600034517236,0.7821827252592962,0.9455
HK0639031506,0.6388827766648116,0.33566493338519354,0.1516213643962791,0.6078805063936679,1.2231184745725885,0.986625
INE987B01026,0.18512126524609124,0.17832930927303323,-0.07870534161877106,0.17114930805788237,0.48837522628859703,0.872
MYQ0151OO009,0.18783725129132098,0.19320008840409447,-0.09610304034949985,0.17151830271108756,0.5277252631722713,0.8545625
CNE100000MJ1,0.5191300614439783,0.4097141420883952,-0.044498477572538574,0.4717323609179693,1.2439874000925364,0.9309375
JP3717600005,0.27653391631527585,0.3206491625978155,-0.11660300444014521,0.24903982012665754,0.7505293988427165,0.8603125
TW0002606001,0.1728584637008937,0.2143797605337101,-0.14010856929794863,0.1528214884574708,0.5460531216815234,0.8015625
KR7095610002,0.46528439867155125,0.3868990447814057,-0.05876637110117117,0.4169984996577236,1.1547923973400458,0.9215
AU000000FLT9,0.2923831933671114,0.14424503206373646,0.07075812660254262,0.28374905100191117,0.5433116802470072,0.9835
INE251B01027,0.15229478609770433,0.19553378385711728,-0.13974633879908474,0.13802289456178046,0.4927973649244421,0.78825
INE398R01022,0.35822621893028483,0.22545309879695383,0.028446453969633176,0.33829958627123,0.7536915534843605,0.96375
INE842C01021,0.023447147472178458,0.16005103499115128,-0.21599004897530513,0.012439788574330923,0.30709029287438233,0.5348125
JP3555700008,0.30426352874118684,0.2892865845278541,-0.10091171780997774,0.27177596537585225,0.8196269596607324,0.8824375
CNE1000009J2,0.3794039606920441,0.32364089592068607,-0.06605295938520614,0.3428133215048499,0.9344183220236614,0.9151875
JP3642500007,0.20617811072170683,0.21647232229136232,-0.10965254696765256,0.18727222198498988,0.5910629192080477,0.845125
INE421D01022,0.10927771183789653,0.14021915844921584,-0.10091077987445164,0.10057629960905809,0.35031960794376255,0.78875
INE02IJ01035,-0.01597983637991098,0.15773041455620257,-0.24995712618080557,-0.029684783228809367,0.26061297566870045,0.4180625
VN000000PLX1,0.41703739436491216,0.3448225695062633,-0.05826690470408528,0.3804257285031877,1.022442973751174,0.9199375
KYG608371046,0.8061920582864863,0.37637601239243706,0.2664539099749125,0.7675762690954271,1.4604154123279631,0.994375
INE299U01018,0.4216753711734442,0.10360270803362649,0.25917776215412514,0.41835472833794873,0.5966614030550613,0.9999375
KR7237690003,0.64644065192212,0.22125631629312908,0.3063113672157564,0.6318670647133231,1.0336140920414476,0.9991875
INE03QK01018,0.28354364450979697,0.2588332492789646,-0.09217322299258611,0.259134803115144,0.7422332596252985,0.888375
JP3781650001,0.5615251690546529,0.3242515538847856,0.10121978243965359,0.5270813790578804,1.1348133820148163,0.9796875
TW0002481009,0.21537946624803236,0.2902501818736936,-0.18757097071049908,0.18380689028054426,0.7271557556412117,0.7774375
PHY290451046,0.44754233309464464,0.30540491989934915,0.01578288434955873,0.418190815229852,0.985412642723063,0.9565
ID1000207608,0.3812276018529078,0.2429710099345521,0.02415632404300451,0.3599084614760085,0.8045426803980593,0.961875
INE04I401011,0.3305486410320213,0.14560715969974566,0.10813782372775836,0.3241314310342669,0.5819107141938684,0.992625
INE0AQ201015,0.15408548352245266,0.12433940752874416,-0.035733443643004084,0.14693333068681858,0.3656512694481421,0.908125
KR7014680003,0.7475682807881758,0.22436454687391943,0.40621135384278273,0.7336013847022396,1.1353686111632817,0.9995
INE901L01018,0.17185136284569852,0.16079748590307982,-0.07133266052133193,0.16309093769847083,0.4448188519359771,0.8745625
KR7081660003,0.39836481605200913,0.18199290273130858,0.12115441957161796,0.38917568306196,0.7106539355592769,0.991
INE531A01024,0.2590195157589681,0.1351192403129387,0.05329162255503631,0.25036115882027443,0.48873284039958154,0.9795
INE0J5401028,-0.0014094414598966223,0.12141565828225549,-0.1865150531363189,-0.009757807991975976,0.2074635263718367,0.467875
KYG0519B1023,1.1163771226639734,0.5954090282208546,0.29736000207714464,1.0370183255225964,2.1907736200181507,0.992625
INE885A01032,0.08503398820329704,0.1296170264387045,-0.11596597137256429,0.07821252764670679,0.30637291447134163,0.753125
MYL5292OO007,0.22155862060359685,0.2190003086014975,-0.09621565906551806,0.20103241522051418,0.609300165632747,0.8629375
KYG9400C1116,0.49554025619876724,0.34376528615040025,0.013782099786118336,0.45791381805545495,1.1083886181897193,0.9551875
INE00E101023,0.3070419484750872,0.1688555881437718,0.050889396937343505,0.29520152057368976,0.5969537668358554,0.9753125
CNE0000017K5,0.29517248834101845,0.1977837432938305,-9.079914792670411e-05,0.2797476430771547,0.6407688532827108,0.9498125
INE12UN01015,0.2321616880320634,0.2428200318233502,-0.1118912882015037,0.20809239914875974,0.6547031894056,0.8545
TW0001477008,0.2924626002314457,0.16291545818775066,0.041117712771859785,0.28440895299745517,0.5701955088743473,0.9703125
KR7009420001,0.7813429882330543,0.44386231006429183,0.19563841962096323,0.7378633915560676,1.513157699468458,0.9889375
JP3919200000,0.05176282036935455,0.21430886235933752,-0.25003028727317694,0.02979769031563484,0.4293633535484083,0.56375
TW0002006004,0.2922828351989731,0.260709832905851,-0.0838113081830831,0.2657659926914335,0.7520101350465417,0.89425
AU000000LOV7,0.35237020992030116,0.1546951624252091,0.11743787897772051,0.3452915262682238,0.6155230603315449,0.990625
KR7161890009,0.4483627942406666,0.13435024839460577,0.24270945846397818,0.4429383638355926,0.675938763593634,0.999375
INE0Q9301021,0.42213672129933716,0.3223795253858628,-0.03658134475544818,0.3879948665756211,0.9974362003716548,0.932625
KR7018670000,0.45739240826036154,0.2952454380333822,0.03340478824324381,0.430039253578105,0.9800673682614462,0.9639375
INE673O01025,0.2853007367935926,0.166759222301227,0.03443094078778191,0.27480692689113695,0.5685055664118321,0.96875
JP3673600007,0.2095274727477273,0.2659332390469558,-0.1699872671413412,0.18138606714390365,0.68588570111773,0.7930625
INE943P01029,0.2073471935231911,0.25637467481199155,-0.12173368736896996,0.18617256699107554,0.5988612523356632,0.8386875
TH8752010000,0.15812994620039125,0.11194463386085665,-0.016289887939593992,0.1530233472230308,0.35247581278163576,0.931625
INE192B01031,0.19178323991587037,0.16797508756518703,-0.05802402028104011,0.1792862615401643,0.48196275383134396,0.8925
TW0003035002,0.11899949701052083,0.1717986843893164,-0.13744465109167903,0.1073542814053843,0.4163976771552652,0.7640625
CNE100003MJ5,0.5893247880753406,0.37778747758167003,0.056669638222959215,0.5478242069840279,1.2825614861970875,0.9678125
KYG8972T1067,0.24459588648175673,0.233024428893204,-0.08649722081429434,0.2263993624798103,0.6309503727129298,0.883375
KYG2157Q1029,0.5205356122088164,0.3432675154758427,0.039877134284691036,0.4839007438604309,1.1352805320638382,0.96425
KR7257720003,0.7041682737832858,0.2771761143945442,0.287581337254372,0.6810831244345444,1.191847756428975,0.9978125
INE235A01022,0.1902963864427309,0.20899173704792123,-0.11623499113667851,0.1724506051130395,0.5588661202121731,0.832625
CNE1000070H8,0.5556379424637264,0.36019893236636674,0.0453000085512678,0.5146269687022301,1.1896903654307542,0.9659375
INE961O01016,0.16748149004984353,0.1269015924144469,-0.027020439609505918,0.15950896161399197,0.3879128173367254,0.9231875
JP3462600002,0.029754370547471744,0.23932034454197132,-0.31021899841125056,0.0028039380003292242,0.45950640956658684,0.505
INE686Y01026,0.12797881109080997,0.14740566669657462,-0.09361159704886828,0.11778678403095563,0.38413838392504035,0.821375
ID1000108509,0.19259589517258913,0.13953088090196542,-0.019937861291597726,0.18531401854957724,0.4284526423720362,0.93075
INE947N01017,0.2193784311799235,0.3445380645551322,-0.24656841753346062,0.1722069960102721,0.8393806401070348,0.733125
ID1000106701,0.29176752188540733,0.14474591585843533,0.07520767510966986,0.28164581445441084,0.5334925772633532,0.9855625
CNE1000034B7,0.8031787454913587,0.3678726439288588,0.27974624449383145,0.7660577279336659,1.445063859295555,0.9948125
AU000000DDR5,0.040047833065458345,0.15114286405450522,-0.18504935101631437,0.02748870638742796,0.30305893803814504,0.5871875
INE872J01023,0.30473390162465797,0.12051953437344806,0.11972958021040289,0.2992170383239234,0.5064698507573054,0.9946875
TW0006472004,0.6730720888546906,0.42026252426135835,0.11210302967417021,0.6237269773459041,1.3919811181711772,0.977375
THB056010002,0.16383135345389133,0.1314044503436194,-0.0383376725617735,0.15762393689525178,0.3868310466702736,0.908
SA14QH2GSJH8,0.20813282504388916,0.2458798150130669,-0.14625547091923805,0.18339147730776478,0.6401647012413642,0.8201875
AU000000PMV2,0.3159751577649893,0.16207486140827657,0.06714670919915303,0.3066534851405886,0.592842462984851,0.983
CNE000000JF6,0.47862000116647735,0.3119644321958776,0.032031063658290324,0.4496258103604345,1.0251887887285547,0.9611875
AU000000CIA2,0.5448330273986132,0.33245523719097286,0.06867749349493724,0.5109664544510475,1.128203225126445,0.972125
KYG846981028,0.26155486814531864,0.2116812001115571,-0.058425675678587995,0.2468752239262788,0.6260633800933472,0.9125625
ID1000094006,0.2699315923187684,0.16415609743076207,0.025151418364402562,0.2592309827235174,0.5505900813581891,0.9641875
TH6066010005,0.07531750428640668,0.12994820744078475,-0.12292037012948034,0.06845658337816302,0.30118565920469653,0.7215
JP3706800004,0.3488008776386057,0.21116610585913312,0.03143144082105597,0.33333957435912287,0.7209161241282779,0.967
CNE1000036C0,0.2941705020078134,0.24443508670746472,-0.05649943217586908,0.27045374657348076,0.7232033836801876,0.9111875
KYG1R24P1085,0.9848330611594759,0.31951253585664546,0.5128827386147388,0.9623301884284297,1.5378280552652033,0.9996875
KR7282330000,0.4322505143407146,0.14385597861675467,0.21104860981281176,0.42545943178263734,0.6803171996398305,0.9990625
PHY7628G1124,0.39308873361717656,0.3634143408196172,-0.1126040418298779,0.3502401284245036,1.0445355643173508,0.889125
INE781S01027,0.31969306314231394,0.18927318469895318,0.03939442064543222,0.30816657594587193,0.6379773067881903,0.9680625
AU0000032914,0.26545853566701205,0.2159480819059585,-0.05162091718378402,0.24581266164676613,0.6490457711444837,0.9111875
CNE100003J23,0.46453959559629276,0.3375064794362992,-0.018106977281562242,0.43043207235819386,1.0633368111718748,0.942875
TW0002458007,0.10529578326841227,0.23543229569404966,-0.23093506903614436,0.08156899543105593,0.5275521537528912,0.6621875
KR7007070006,0.22677747303945342,0.12492464376496286,0.037258438562708836,0.21984176030236285,0.44077475540245653,0.974375
KR7004370003,0.393909470918707,0.15645904302349445,0.15496528123819306,0.3858426518668465,0.659789436271451,0.9956875
TH0176B10Z00,0.11749475997124452,0.11462244235017367,-0.057588111860379966,0.11196721587593325,0.31493101100850485,0.860375
KR7051600005,0.4666313938081809,0.18696924250182165,0.18356854077143892,0.4551063544030335,0.7893987400003826,0.9963125
MYQ0208OO007,0.34117894877926563,0.21643474130640808,0.01484834795754543,0.3270701302106408,0.7190574222348736,0.957625
INE034A01011,0.09786273001198086,0.17667499296882255,-0.16225103451492948,0.08369157407937451,0.40680475511679515,0.7046875
KR7204320006,0.6553049570670957,0.16023664709860552,0.40964993709297143,0.6460463380536716,0.9328905588044478,1.0
TH0450010Y08,0.06728492918038116,0.12078743910111202,-0.11851696003239733,0.06145773144555146,0.27392205505402534,0.717375
KR7139480008,0.612262100123942,0.23613610932032697,0.2557315361716911,0.5952935746687895,1.0252818764075757,0.998
TH7545010004,-0.06401979426402479,0.11082604716866709,-0.23496780212337856,-0.06995107439123224,0.12410921663485261,0.255125
AU0000336679,0.3428936423277288,0.17550183454404752,0.08057625589289877,0.3326628620705623,0.6400255771411627,0.98525
TW0001795003,0.6982867825543926,0.531154661173446,-0.01122834190661026,0.6223465038565501,1.6826819917542812,0.94675
NZFREE0001S0,0.1297167837491748,0.21494632768284125,-0.1794286989256632,0.11214185979219268,0.4990434138220752,0.72525
INE930P01018,0.06078493651310966,0.207695573709847,-0.24430369255512993,0.04138354812103171,0.4222686485260821,0.5918125
KYG6464H1011,0.734424546597079,0.25749526968612735,0.34320797989792906,0.7187988881576804,1.1814014456153228,0.99925
ID1000129208,0.5308474725916414,0.22394338324347893,0.19495236407479238,0.514500630528321,0.9200019564327085,0.9954375
TH0122C10Z04,-0.059793701211220525,0.13153196576407283,-0.25478174919853547,-0.06986612196433178,0.17030557405446223,0.2898125
KYG6892A1085,0.13209338938304377,0.14614946952233127,-0.08897289883547405,0.12378482913240726,0.3845591029666278,0.832625
AU000000BPT9,0.1706890544585481,0.18489874402171866,-0.10381538980574088,0.15624156735409755,0.49277880748131536,0.838625
KR7357780006,0.8659472176230636,0.2763850175601219,0.4509916318340193,0.8481321733168112,1.3448599273636286,0.99975
INE151G01028,0.10873192699100624,0.1930485299019287,-0.17489362825505636,0.09102886948844398,0.44479259386672276,0.711125
MYL4731OO005,0.23323458433344543,0.1964971733091785,-0.0610559535551144,0.22013406714428904,0.5705083885553973,0.89925
AU000000TAH8,0.23364724545177523,0.157683831620449,-0.00155841986978115,0.2221087272191088,0.5046692244992033,0.9490625
INE338H01029,0.1553965965002562,0.2208019863418451,-0.1690888569577453,0.13719504318088976,0.5485940221349416,0.7625
INE482A01020,0.2259448381148427,0.12264782791612261,0.03680663312344475,0.2196499651850078,0.43607897957752245,0.9770625
KYG9894K1085,1.018358390372388,0.42219324103044514,0.40913722003356523,0.9807732678404045,1.7739551340384612,0.9976875
JP3383270000,0.260955319509722,0.22696297895823744,-0.06868448355068145,0.24351314838039545,0.6473571341734043,0.8990625
CNE1000015N1,0.3136919016386656,0.26263411963127953,-0.054984308109206036,0.2875191100636968,0.7693208911081606,0.9135
AU0000050130,0.6376293168656475,0.39082825867786714,0.11509016237751643,0.5938752749322496,1.3056282996223247,0.9825
MYL3255OO006,0.44915195520973383,0.20831287271653628,0.13513399443111968,0.4345416983815582,0.8095194841632644,0.9901875
CNE000001PZ9,0.30049152148741026,0.29564638229297313,-0.11307661411361423,0.27170955222958837,0.8274810091893754,0.8690625
INE03Q201024,0.3151781774274317,0.264730711128118,-0.06735426633325896,0.289941566736967,0.7874515736798916,0.9066875
JP3926400007,0.19872693534860497,0.251027079753533,-0.16221096791314044,0.17414769425334092,0.6424689900957262,0.794125
INE410B01037,0.39832861103017586,0.16644639162586508,0.14582084398849335,0.3891468909077638,0.682489047773355,0.994625
INE321T01012,0.2632770779681632,0.16218356530514078,0.01780202340039963,0.2538380707147818,0.5477025076345006,0.961375
KR7064760002,0.8404191063750154,0.31239079164794376,0.37771300620231146,0.8178841766443603,1.3847801728030515,0.9995625
AU000000RSG6,0.9211050798573018,0.5275844678134728,0.19665387036065982,0.8537300452001994,1.8571264153646103,0.9884375
CNE100006QF7,0.976446152506674,0.36441792944787205,0.44711266681960327,0.9452275063903627,1.610970880364652,0.9993125
SG1V12936232,0.013881404207416367,0.13841865631484332,-0.19289697270042266,0.004015319578286323,0.25341283729890346,0.51325
HK0880043028,0.35134419092917973,0.26307011053192636,-0.038616445668196435,0.32701810954835486,0.8179926607123212,0.9289375
ID1000111800,0.7258832054560779,0.3808834344140566,0.18036404324041955,0.6888284864908807,1.3906872520988303,0.9874375
JP3801600002,0.18156683544476698,0.1583140092261078,-0.05961354870989618,0.1721701375919385,0.45502536126831256,0.8890625
ID1000099807,0.2456753819628001,0.12872519688807563,0.04709953642986888,0.23880471950526216,0.4646128195865689,0.9796875
INE043W01024,0.06299825909115621,0.13759066606725895,-0.14739948838833525,0.055978201360980764,0.298173033900176,0.672875
KR7439260001,0.8160205713751759,0.8558698037558892,0.09753058649113922,0.7363582600403109,1.7757215057399796,0.973
CNE1000026G2,0.43227534110489707,0.32964814129026404,-0.030997395170038324,0.39616285360271175,1.0284560838466248,0.9348125
AU0000400616,0.34481888249639775,0.18664222732364588,0.06197364563122808,0.3316297109727179,0.6686974057736879,0.9786875
KR7192820009,0.5838686428771372,0.1406772899595602,0.3659880560343078,0.5767664484925741,0.8257445251951469,1.0
KYG7611S1075,1.1026560394077023,0.22807372945961685,0.7528506022512824,1.08986267279841,1.4901623374459296,1.0
BMG524181036,0.5055030946081336,0.2492117731862673,0.1366922781153075,0.4875180562257109,0.9392136666229635,0.989625
CNE1000010Q5,0.4428374351073467,0.24743501223508632,0.07849100703738436,0.42001819805882035,0.8739858226810543,0.9785
INE121R01077,0.17808093657496982,0.23433647915548347,-0.16403733245737212,0.15508875294975583,0.5960910627457005,0.7870625
KR7263750002,0.4691425671366789,0.22727149131234184,0.13787394752253704,0.44973800260999697,0.867369761405701,0.990875
SA0007870070,0.007815295463895306,0.22243744874829113,-0.311723967813622,-0.016953669889455167,0.40719481232406723,0.46525
INE119A01028,0.22400961894876928,0.19684333377278151,-0.0672892408212952,0.2075146491803519,0.5689348254810487,0.8911875
ID1000126907,0.4728305949584307,0.18696964894443358,0.18760847589077215,0.4606884304447278,0.7965772896981613,0.996125
TH0471010Y04,-0.17329812948693873,0.09908388626122715,-0.32457151302769116,-0.17931808942691935,-0.0015327379401728698,0.04875
MYQ0138OO006,0.7618326379304139,0.42331127825699005,0.1723203037323791,0.706850020353051,1.5378577173742878,0.9865625
ID1000135700,0.6694222303893728,0.20515469771960324,0.35918323623763915,0.655927653748927,1.0199513905143367,0.99975
SG1CH4000003,0.36132774935987494,0.21761051786890384,0.0351004131603483,0.34397509532922865,0.7393245931976535,0.96725
CNE100000FV0,0.23813866500866454,0.24697430142721294,-0.11948644562550643,0.21492413533797658,0.6723064406684333,0.85375
JP3548610009,0.297291025365872,0.3459271174785813,-0.18235340726325447,0.25614152383067673,0.9118442836819215,0.8209375
AU0000284895,0.21706453106976017,0.25601195218670997,-0.15076100358942318,0.19308619954892903,0.6627718178704103,0.815625
CNE1000023Q8,0.5352192053042037,0.23480799047851209,0.1878993152561612,0.5154653882250888,0.9411376829797987,0.9948125
INE024L01027,0.2716305274538352,0.179850105238152,-0.0017285690726265288,0.2574916379151039,0.5872191194211827,0.948875
BRAUREACNOR9,0.22512890139716568,0.14050057013675593,0.012634326828181771,0.2158829956863348,0.46844699019348174,0.9604375
JP3192400004,0.16029835918333973,0.25338688173357016,-0.19923929943694801,0.13350795674580562,0.6141144970167554,0.73375
TH6838010002,-0.006012101531768576,0.12028787461561216,-0.18703704607184127,-0.012582332214145814,0.2012433021593069,0.4536875
AU0000118564,0.18042727982364246,0.2096101798867221,-0.12859797886478994,0.16429762424629443,0.5439665383654014,0.815375
INE956G01038,0.03611778302661783,0.16206996902436954,-0.20406164348660702,0.023015055081907595,0.32085271290402956,0.5624375
KR7030000004,0.4818210727383108,0.18160333947011806,0.2049416959624541,0.47039336806887944,0.7942920721717339,0.997875
CNE100001R82,0.6960889807036865,0.42986072853518337,0.10866278713542397,0.6433363742532294,1.4720429961996004,0.9786875
INE118D01016,0.23213491628644603,0.12486822063889452,0.03714999248606213,0.22625413263191801,0.4446011121220416,0.973625
INE290S01011,0.05641550467384305,0.16623862465085298,-0.1907202540641052,0.04525389357222301,0.3445899326655036,0.61825
INE510A01028,0.2517299645717221,0.23868871103032763,-0.09536089947739192,0.22971482061330423,0.6754015941904751,0.877375
TW0001319002,0.5277207953919671,0.29695253538788835,0.0979682078336319,0.49662066759327006,1.046765904893954,0.980375
JP3806800003,0.04098126103542957,0.2361025338385678,-0.28502579483801704,0.012841437325489554,0.4504470918828633,0.5259375
INE383A01012,0.061132979851354206,0.25651545221721467,-0.29673127631364343,0.03303363834919072,0.5133650362758294,0.5609375
BRCASHACNOR8,0.7003793764131981,0.41603736879068554,0.10952581433063718,0.653574667549959,1.4514360337952712,0.978125
KYG5353T1013,0.31391775182365783,0.20882301364755748,0.0030316319382467406,0.29884410740583167,0.682200127489107,0.9515
NZRYME0001S4,0.4016393464827602,0.395127104889301,-0.04434721293126777,0.3618140843459946,0.9507695148660649,0.92825
JP3485900009,0.434531663415814,0.30732012295030636,-0.003404215573961033,0.40289313575051533,0.9797036692908085,0.948375
CNE1000032L0,0.7143710449915828,0.264959445623161,0.31695912161955825,0.6954775889014794,1.173336665804166,0.999125
SGXE24586385,0.4776209833487713,0.29756537578923575,0.046586081130186204,0.45102270623712604,0.9943860704921054,0.966125
INE951I01027,0.43096729936719286,0.14703780403827355,0.2075407027364968,0.4224961965352457,0.6811838406585113,0.9989375
CNE100005PG9,0.5873119909212499,0.35128882581102217,0.0868366408650509,0.5539672401920878,1.2076348164610995,0.9748125
INE389H01022,0.5016746330678901,0.13796475897466043,0.2880256263213203,0.4960802677883379,0.7379249864129555,0.9995625
INE602A01031,0.08262310098914609,0.15641663769906666,-0.1530293511767295,0.07219134646847195,0.3513984084866348,0.70125
JP3355400007,0.21590016151263788,0.2241535686074826,-0.1167975192477224,0.197179870426587,0.6045016435974925,0.8533125
JP3659200004,0.22582603326297568,0.23858044297317363,-0.11628801097088264,0.20362324992080955,0.6479811662413,0.849625
MYL5357OO008,0.41877880182408433,0.2687062614989283,0.02685315705299078,0.39204524919290473,0.8897236542812185,0.962
AU000000REG6,0.3160651769015247,0.20834756573187632,0.007282555457700377,0.3010156612660718,0.6738505727537071,0.95425
HK0000811882,0.33204383161042295,0.21343485927994676,0.021368505780924963,0.31341331764735153,0.7060465950617918,0.962125
TH1041010Z03,-0.13927988111938866,0.18899795233327737,-0.40835630269675455,-0.15779421030790441,0.1999111899607441,0.19275
KYG884931042,0.6908447402028726,0.28805189714087454,0.26251777506454405,0.6667377743917086,1.1980027080498536,0.997125
BMG1368B1028,0.7300012248982765,0.3734326233973297,0.2013651793487336,0.6932479015957299,1.3878865620154264,0.990875
ID1000128804,0.7457380918057589,0.2591931381698323,0.3540670147755352,0.7275445602383763,1.1915512773156753,0.9991875
AU000000IMD5,0.3037450665397597,0.19306229238407707,0.017271476559280633,0.28777781213840264,0.6424705365186707,0.960125
JP3912700006,0.7674516470258643,0.4877737100932641,0.1071848453321836,0.7027817917695146,1.6307086121303185,0.97625
AU000000BGA8,0.12675897414676202,0.14667778727950112,-0.09931097093262152,0.11901571609917343,0.3806901391681281,0.8145625
INE0LCL01028,-0.15669624713738853,0.09927188160876613,-0.3075376450357898,-0.16166141097042486,0.011612924408387832,0.06025
JP3138400001,0.14372038097712087,0.2599650418294455,-0.2193343696481829,0.11621635516062027,0.5904175730260661,0.7058125
JP3579800008,0.11505136785157913,0.19907611882102252,-0.1785639207314393,0.09875661519137079,0.46125717504654373,0.71775
JP3386690006,0.5102941178801025,0.23399970304563053,0.17658175646557955,0.49474014175217823,0.8901578188344436,0.9945
INE491J01022,0.08847063939624931,0.18893608974206494,-0.18796415031872138,0.07308716273937954,0.41859716763265553,0.674625
KYG982771092,0.6402481488953429,0.17806650280113007,0.3666111846196533,0.6300286105877284,0.9455645698280002,0.9999375
SA12B050KK11,0.2006353053674476,0.31861513998213786,-0.24563827241471295,0.16538804289119177,0.7675565614150681,0.73325
SA15BH1H3KH5,0.33169291956658153,0.3214062841803976,-0.12250225445937844,0.29753645841957843,0.9051698154890184,0.8744375
JP3539230007,-0.05678906351306361,0.19532916992526655,-0.33300728281452685,-0.07551849494505646,0.2852757843602766,0.334375
INE112L01020,0.10145943610259217,0.10541520077231191,-0.05894744407470548,0.09645004787763126,0.27714225805911524,0.8458125
MYL7293OO003,0.5178096960924045,0.30131121459693416,0.09011179678244088,0.4893189718011311,1.0395207347377293,0.9783125
CNE100007DS6,0.5542551682976022,0.26463067069225105,0.16649669855543128,0.5322457571891249,1.0126971327249354,0.992375
KYG215791008,0.34450064035569045,0.26289634868662726,-0.03887251908824167,0.32233785950891736,0.8151772524243311,0.929875
JP3721600009,-0.02260320829247857,0.16614361416774026,-0.27010635611476247,-0.036116631538693586,0.2691995255624502,0.4081875
KR7103140000,0.9286650111008823,0.3455538712121722,0.4215961691241381,0.9008268053396802,1.537826390707871,0.99875
KYG550441045,0.49746791423971515,0.22947859351777444,0.152944155311785,0.48405074019610295,0.8932002775179843,0.9924375
TW0003596003,0.40376271727549,0.32954861559554616,-0.04149042061106323,0.37001969755809955,0.9595286686870281,0.92675
KYG6501M1050,0.6862263769123526,0.23320185419999842,0.3328078994960947,0.6707971471172594,1.0890380500863155,0.999375
ZAE000296554,0.1830017937529543,0.38424390453577345,-0.3152622049856455,0.1262715864011042,0.8604930902423742,0.6673125
AU000000ORA8,0.20579070947548692,0.16165691028877033,-0.03498499415582743,0.19783599403019497,0.474519231110868,0.918875
JP3167000003,0.30112969147015994,0.29329854425573326,-0.12180526806903175,0.2725786887180667,0.8174423376180294,0.870625
ZAE000058517,0.4674899353943932,0.3039794426046193,0.03159014078644723,0.4373418049059622,0.9905821201594416,0.963
ZAE000315768,0.3301461257149986,0.33390455116063167,-0.11369951822670517,0.28994220853564645,0.8993960138764581,0.8735
KR7112610001,0.7233530510829187,0.31123504724020484,0.26798940092033635,0.6950835775984118,1.2786719791682968,0.9968125
INE304W01038,0.14368080641448255,0.1864927561962228,-0.13334897036517687,0.12956569899957973,0.46525607022392773,0.7899375
MYL7113OO003,0.1464787656119409,0.130371385307557,-0.05318462935472109,0.1388032462147047,0.37057371285013646,0.885625
JP3105250009,0.24446997805031648,0.24492936529477308,-0.11144305905672544,0.22163404928265912,0.6756232400531831,0.8610625
INE418L01047,0.0435172876445502,0.15469395288862148,-0.18736433323867416,0.031102361378312557,0.3117153986422675,0.5911875
JP3661800007,0.20606311357131996,0.24151786303171213,-0.13432601257645285,0.18191466014347704,0.6221835623634955,0.821
ZAE000332789,0.5293316084988041,0.33449109111335995,0.052674015013041815,0.49332075381314655,1.1261075424676443,0.9675625
JP3623150004,0.3144888968960881,0.2338208991939323,-0.02843852488864572,0.29390488592406283,0.7241924803440859,0.9324375
TRAKORDS91B2,0.263854983345296,0.3048637052354505,-0.1665095189770899,0.2299077227703862,0.8094044617568404,0.8263125
SG1I44882534,0.30743931540985125,0.18284010477720286,0.03488617551391427,0.2947285973635456,0.6300310698687115,0.969
KR7462870007,0.6532261638162027,0.18637735321699792,0.3687253281494973,0.6419181044438296,0.979268650053866,0.9998125
MYL5286OO009,0.09514546759281875,0.2250252908257337,-0.22497292641862063,0.07352653412638818,0.4893940296495717,0.646625
TRAYATAS91B4,0.7254753902993224,0.4737117587623923,0.08429247138775636,0.6652153799689565,1.567390261927447,0.971125
KR7008770000,0.42292176502776246,0.19196380060799456,0.13499882057490353,0.41031677791700527,0.7522613081608887,0.9931875
KR7073240004,0.534005876746176,0.2422799624112621,0.1755845097377113,0.5156035973904028,0.9519813938501611,0.9940625
AEE01377S248,0.611489342084265,0.308155246624823,0.16244738554061,0.584177650582836,1.1553791673260323,0.9888125
TH0961010Y04,0.07217892923071449,0.2161323095716434,-0.2395879626494604,0.05176655591151144,0.45160351806710275,0.6124375
INE065X01017,0.2932392756138897,0.21739699527659767,-0.02527808245261531,0.2754554122994496,0.6613721110157524,0.9360625
MYL2291OO002,0.08242714047728997,0.14489890312478254,-0.13593450448555283,0.07262427690934478,0.3331341330561524,0.7136875
TREHTTB00036,0.6703527039222653,0.4697870392709374,0.029091579090880764,0.6081453219180978,1.5169937805310072,0.9575
KYG4387E1070,0.3187290442672532,0.19684636254341578,0.02203003929810308,0.3054967569318665,0.6610579201679372,0.961875
AEA002401015,-0.03143456387590121,0.2152382474286397,-0.3412572085757745,-0.05512297397535984,0.3429125483509829,0.388375
JP3162350007,-0.09044448230755041,0.17271258647112905,-0.3335058961964999,-0.10711444515383474,0.204591400906133,0.254125
INE615H01020,0.27452785086567216,0.19282423705131613,-0.012222844116247878,0.2611036129511236,0.6088559606728419,0.94125
MYL2836OO004,0.3795890605705215,0.19218433165800447,0.08724948201773913,0.36631572183163597,0.7081088674416951,0.985625
INE14LE01019,0.4142973166642589,0.20693462381677813,0.11013498113388792,0.39769915344312123,0.7724129073580285,0.987875
INE0BY001018,0.37162803664005806,0.25655813060969196,-0.004981059619138801,0.34839588635194574,0.8222971807962589,0.9478125
KYG912241083,0.6268670686182786,0.24676246018640025,0.26516695320975847,0.60818337850235,1.055805899863527,0.9981875
INE233B01017,0.3117293349243044,0.2620783255183187,-0.06739003397998403,0.28697625550755185,0.7756183907682441,0.9085
AEE01136T220,0.610685592745343,0.409716674496294,0.04991110343736854,0.559816213717255,1.34046547348741,0.9656875
AEE01370P249,0.1815973904537007,0.16378565191728123,-0.061959487422819405,0.17050960958280847,0.4667707557277442,0.885375
INE520A01027,0.32291302867957905,0.1692400829200977,0.06321080727313161,0.31265986137537594,0.6117781425055873,0.9796875
TH0612010007,0.14302093511876882,0.16745889993847565,-0.10382104779905467,0.13186240749582673,0.43284774340675813,0.8175
KR7140860008,0.612981463903675,0.21627130603542208,0.28692558875017277,0.5979987897884443,0.9888443643591186,0.9994375
NZSUME0001S0,0.5085243553956923,0.3088469670722379,0.06670892801087194,0.4790836356718443,1.047376053465591,0.971875
BMG2154F1095,0.5445370618192301,0.3239916219093906,0.07820999652146395,0.5110716542541528,1.1217435341043134,0.9775625
INE133E01013,0.15741041580998813,0.22930827698746062,-0.17770787978542124,0.13694412517481575,0.561954090011356,0.756125
PHY1757W1054,0.7851601382789389,0.32199405780119367,0.3096918191788932,0.754329983869992,1.3573634734521165,0.9980625
INE02RE01045,0.4328086484829354,0.24499389574443522,0.07140036188777048,0.4124678708427007,0.8626454832847561,0.9761875
TW0006584006,0.5922663243939666,0.45358413428445993,-0.02628654361269172,0.5337075584576771,1.3916823509656917,0.9396875
AU000000SLC8,0.27309692691347565,0.17445736592197797,0.015906543186111004,0.26049141106453677,0.5784508271225413,0.9584375
INE573A01042,0.2890901332648166,0.25665979111222076,-0.0844811768334577,0.26406152365186336,0.7425644915157131,0.893625
KR7098460009,0.5682410206201846,0.31908931928181844,0.10609375209286678,0.5429196539683372,1.1161682248801719,0.9813125
INE399G01023,0.18106918016651458,0.2476247583701702,-0.1722466864762576,0.15624640422714364,0.6211103083987598,0.77125
VN000000GMD0,0.30945831684581127,0.1727540802815748,0.04862708943447735,0.29749119772209753,0.611574581858913,0.975375
KYG2120T1004,0.760569296156596,0.33819756393605827,0.26734327597105434,0.7309333936738545,1.3616727083490372,0.9951875
TH0991010008,0.09103116065731513,0.132168283937628,-0.11392150205487822,0.08405245174632003,0.3167502981414821,0.7628125
JP3323040000,0.5602715953877498,0.2459031526606666,0.19342794912634206,0.5420259425471683,0.9874176662095056,0.9949375
INE0KBH01020,0.07718245434328151,0.21675578707102758,-0.23515209609231985,0.05704306114235921,0.45510512563669614,0.6240625
INE850D01014,0.41148743355446554,0.2849563824826477,0.0038094263598630928,0.3853393927315366,0.9106510727410377,0.9513125
INE209L01016,0.20366398777106345,0.27973326475333005,-0.1882541236559898,0.17611470660415457,0.6886871627743003,0.775375
KR7120110002,0.8650738225368567,0.4497060524414141,0.2407590194652034,0.8209203358984175,1.6497034347668937,0.99025
AU000000PYC7,0.580406505559134,0.4460481738820956,-0.029158182675595522,0.5251864876999052,1.3751346497092918,0.93925
CNE100001203,0.5870181070290694,0.3381958800420478,0.11518087472889926,0.5510410562188948,1.1903786830226648,0.982
SG1T06929205,0.4763362822827244,0.2958930173223959,0.05099618162607694,0.44895667355707564,0.9929823188684321,0.9686875
JP3240600001,0.2897612431845342,0.2323702352677726,-0.045492207969584,0.2673860584448405,0.6952843844043448,0.91625
MYL5126OO007,0.008395959874888411,0.2369866158461783,-0.31196712175112246,-0.014363817749095707,0.40022963716032534,0.470625
JP3485600005,0.36647341793399574,0.29526890602117145,-0.05228346457407182,0.3365905094289911,0.8731577346010062,0.9226875
KR7020150009,0.9472995465435279,0.40031214321513425,0.3776303266680516,0.9096696971704571,1.6471002038557199,0.998125
KYG1875S1012,0.6916468683240514,0.4605772982454209,0.06613681391492836,0.6305760284688042,1.5294087798011429,0.9693125
JP3922930007,0.26946317170901696,0.25340713061237863,-0.09644996627069773,0.24195106896373383,0.7243050677903726,0.879
CNE100002P91,0.8758939963409993,0.5091595065901817,0.18450057319007276,0.8201229617388787,1.7607619354312327,0.985125
CNE1000033L8,0.8115083051520402,0.39567912533562927,0.25010902270760677,0.7740509488430659,1.496473862992929,0.9943125
TW0003376000,0.5411467603446884,0.24447691449003978,0.17994033726999345,0.5212619905831969,0.968515991943754,0.994375
INE101I01011,0.36933473393836275,0.20048565964223122,0.07177423841780184,0.3539531435648686,0.7174113068646136,0.979875
CNE1000041J5,0.7603409067767295,0.43881931414161973,0.15199298552036383,0.7078649061810395,1.5528099791803498,0.9839375
KYG3224E1061,0.786159194045382,0.42368438208604825,0.19042454607119844,0.7412699376184354,1.5343668294039952,0.9875
INE002S01010,0.2366101113250156,0.10064723801716538,0.08207987811831076,0.23257733956140247,0.4045614188077223,0.992875
INE0CLI01024,-0.004861925162005428,0.1525162236384403,-0.22060732167665525,-0.015183591094107936,0.24547360448701613,0.4519375
AU000000DMP0,0.25586506247736607,0.17560130686111078,-0.011057819231350432,0.24487243282467513,0.559280744370961,0.942375
AU000000EOS8,1.2794935467392647,0.6139322000610775,0.44343299803795927,1.2015886271497633,2.360088778655886,0.997125
INE933S01016,0.26114495074958594,0.12951873768808972,0.06212179798552016,0.2538473554792658,0.4816549211244302,0.9854375
TW0009921007,0.11805865312015688,0.20063135412565206,-0.17446507518375032,0.10065273064730773,0.4712833208113237,0.718375
VN000000REE2,0.6661143567569441,0.29641476658467075,0.22653366501890151,0.6401913822418103,1.1774571937653606,0.9955625
EGS729J1C018,0.012564392207058,0.26132245409124083,-0.3416033288401862,-0.01950117957764695,0.47300140642259986,0.464625
JP3400900001,0.04496985193327748,0.17961747796711322,-0.21638081790265667,0.029372307039697034,0.3595663580560924,0.5760625
ID1000165004,0.6613222512931725,0.309935180527114,0.20808404531936675,0.6328789041361095,1.195241115463715,0.9935
ID1000108103,0.5831357037672079,0.21413144690231448,0.25801186334340326,0.5691912830604228,0.9553451051611266,0.998875
INE682M01020,0.1117492620750668,0.18198887592515858,-0.15704382002989392,0.0978239301969186,0.43245013728947773,0.72925
KR7041510009,0.7805775196189503,0.18294312126541246,0.49865411304559787,0.7702169274151371,1.0944836126315256,1.0
TH4403010002,0.10667136756268167,0.17293401292759947,-0.14776551306322813,0.09135860188452032,0.40876231998248647,0.733
AU000000SSM2,0.1310579646835172,0.15509125077615243,-0.10295341109838485,0.1193596676809176,0.3979114091795632,0.8179375
TW0004772009,0.4745345012223006,0.3146524789653554,0.0320104441327043,0.4442521870820033,1.0268392629143277,0.9629375
INE306R01017,0.3901645323600165,0.3276291386411011,-0.07738160837344502,0.356341287598389,0.9622637208052083,0.9103125
AU000000DTL4,0.015729026774507344,0.1287377540227327,-0.17798937866419579,0.007687434578946608,0.2367302338213765,0.5251875
KYG9833J1058,0.5989901679273273,0.3059642393101102,0.14488888838631336,0.5742530603149234,1.1241531053528842,0.9876875
INE256A01028,0.07157919807033403,0.1352112094345338,-0.13578134189496785,0.06336046199645202,0.3020892526311756,0.7000625
INE183A01024,0.23084779848390097,0.1460127958368346,0.008919247291807342,0.2222023578593471,0.4846071671126643,0.956
AU0000421851,1.1613116937858359,0.5327863281845358,0.4180782513835346,1.1039333276037149,2.090019002142992,0.997125
KR7011210002,0.6860344644112404,0.26434868107236265,0.2905527058461552,0.6650110865013749,1.1472519595184014,0.9985625
KYG8924B1041,0.8849396832131969,0.3094265997720226,0.4329121017235966,0.858860842018326,1.4217558890828503,0.9998125
AU000000CYL6,0.6502699393663663,0.38333372008003097,0.10737283131159588,0.608451581715813,1.3340913591640715,0.9786875
JP3705600009,0.025397971685516732,0.15045024242594243,-0.19825889820646853,0.013854851717009314,0.28661536022022743,0.541625
KR7006040000,0.5647748156539203,0.39006273951473436,0.016417244195896553,0.5226897661324811,1.2703925847540958,0.9558125
KYG7306T1058,0.6349803583094343,0.23661154044911928,0.2815580043068053,0.6182058317371355,1.052222579506392,0.9991875
CNE1000046X5,0.5549830379061998,0.39833135640687595,-0.01093553400801695,0.509589595413255,1.260305445777902,0.9475
KYG2110A1114,0.47258207564355,0.2819090333934314,0.0614134617019026,0.44870692172800575,0.9662811441162443,0.9745625
INE131B01039,-0.02105494974809277,0.1338189364946393,-0.22103801957509084,-0.031117192328059595,0.20811102964155506,0.3995
AU0000056269,0.24742430896566492,0.2617108997307484,-0.1275612876182302,0.2210220116596181,0.7003562029925481,0.847375
INE075I01017,0.18297575629287915,0.16416779242498786,-0.06978940924028314,0.17279431856607128,0.46463128971957307,0.88275
INE665L01035,-0.0021321906741870863,0.2031185340358128,-0.2917533540955839,-0.024606041929552222,0.3616572102341504,0.44425
KR7035900000,0.7703988957102665,0.17942551793591863,0.4916806406612416,0.7623882975448097,1.0771086332364168,1.0
KR7069620003,0.6520096767798346,0.22366712900116176,0.3150881219848849,0.6365282873718507,1.0406299293244619,0.9995
OM0000009072,0.2857597633269466,0.2523663666756902,-0.08172706549643691,0.2598185440282386,0.730057585259259,0.8945
TH0324B10Z01,0.14461409579452386,0.12913735199416546,-0.05668611592434183,0.13817939528689976,0.3665247959804278,0.8844375
AU0000106643,0.34423357185488135,0.16031937022571108,0.09609236444243684,0.3352472187359745,0.6210251714259084,0.9879375
AU000000SNL5,0.15329839328983821,0.230254523914079,-0.1814136594093945,0.13024468785655613,0.5578383216479057,0.7493125
AU000000NEC4,0.4406386679551417,0.23833585528102907,0.0838911270752586,0.4210916477420318,0.857744206219612,0.9806875
KYG129301068,0.9458700072979926,0.46631021758088304,0.3021573355263157,0.8923470248065902,1.763513892070891,0.9948125
INE872H01027,0.29508227910908463,0.24572657208604065,-0.05689322876162722,0.2717746592955974,0.7144365486802452,0.913125
AU0000173486,0.8210836563182775,0.4747690478686359,0.17079062205803952,0.7631673796911833,1.6786921747790449,0.9861875
JP3166900005,0.03544607707420983,0.20073946674241935,-0.25290372116107723,0.016522734813172277,0.38647588452923326,0.53775
KR7001740000,0.27259492836008087,0.31278389406172974,-0.16316098955532196,0.23510597773846822,0.831965599998202,0.828
INE0UIZ01018,0.39452526659609416,0.23427716249735614,0.05284748101270679,0.37102945233629725,0.811492176053057,0.971375
INE716A01013,0.3526855271822527,0.1998308034282537,0.056875655486804254,0.3394413241283728,0.6992927529342516,0.9746875
INE825V01034,0.3641386872675936,0.19391528432404562,0.07484933245762052,0.35050152352601405,0.7009785115925984,0.9815625
JP3386110005,0.31101128074575773,0.22099362169614026,-0.01581897209841703,0.29219181376439973,0.7013822834418304,0.9409375
MYL5306OO005,0.23870148244188857,0.15109010735406184,0.008399959602495621,0.2285817340357939,0.5021365640108679,0.9571875
ID1000107303,0.9263805582372957,0.565328809260852,0.17999665454052277,0.8414035488403371,1.925765013074587,0.9845625
HK0200030994,0.4909693533073173,0.382736367076604,-0.04057928327297412,0.4449744643465005,1.1773539032539702,0.9328125
SA123GA0ITH7,0.1435606554967796,0.1621042911245068,-0.09767343177753667,0.13243030970661054,0.4227586416496742,0.828
SA0007870054,0.34950469029253056,0.3522762097596862,-0.12941526275493045,0.3062232738350287,0.9707458545002079,0.869375
SA0007879543,0.14939452987015125,0.1199099008153967,-0.031018257544855484,0.14239792337688825,0.35875631834827876,0.9114375
OM0000009908,0.3244673550256424,0.28034808807437117,-0.07358649129012944,0.29370839321032044,0.8245644355343998,0.9023125
KR7089860001,0.3407327114188571,0.19931368117191417,0.04730056498054204,0.3247145756722958,0.6886945483470784,0.9738125
TH0221B10Z05,0.36030155989240703,0.3185261002075348,-0.08710183435990444,0.32511871796808395,0.9205065014377037,0.9016875
OM0000003026,0.12067799087400925,0.26590709536298873,-0.25064937499949236,0.08892324564702345,0.5974671529120809,0.6574375
OM0000003968,0.33680437097607885,0.37431446360527815,-0.16522520307133545,0.28830608138519737,1.0094687795482844,0.8378125
OM0000002168,0.6397519942026036,0.5185857244543686,-0.05000063749302118,0.5677679360424396,1.5709716856633378,0.933
SA14TG012N13,0.17069837410599678,0.11626410755178734,-0.011370769973103495,0.16609795489805376,0.3699024689799037,0.938625
SA1510P1UMH1,0.2186914935302084,0.14170051053184796,0.001413172023342396,0.2113102753625803,0.4594472223647387,0.9514375
SA0007879550,-0.1153040606384605,0.14874574372041294,-0.33624773887567694,-0.12672978698472526,0.14578893577001814,0.1955625
SA15T1L22JH8,0.11460921118230442,0.21528848020481345,-0.1979753172225845,0.09649397578921752,0.4922502245642,0.7015
SA000A0DM9P2,0.24849662112966245,0.14047487032578235,0.029537589234504436,0.242890122231905,0.48913562763167673,0.9698125
MX01VI050002,0.37840403319670746,0.2738056669491276,-0.008862945934219007,0.3539225331671745,0.8482747138676754,0.945875
SA000A0BLA62,0.009383565213967167,0.11893355361061404,-0.17456953923388546,0.004463803243174519,0.21119596793648082,0.51575
JP3271600003,0.05860911127261662,0.21721507362967543,-0.25916655052642834,0.039632756935641576,0.4383098898828053,0.5826875
OM0000008934,0.3017697709412198,0.25889035376035047,-0.07105769717275641,0.2773767430382017,0.7456153998608405,0.904625
SA0007879121,0.2000156983191949,0.13325791004125362,-0.005190552427202526,0.19318503101837195,0.43028891722808144,0.945875
SA15CGS10H12,-0.18617171192831294,0.139646184108461,-0.3905442172664651,-0.1976295123292837,0.06074672978630224,0.0918125
SA15LGLI0N19,0.19883879975772153,0.25759770523754083,-0.1709971097375133,0.1722379428134529,0.6636386027297786,0.7866875
SA0007879139,0.17697417941188487,0.15696643947760244,-0.06161821155888782,0.16682069084135687,0.45159269204347496,0.882875
SA15GG53GHH3,0.27910606311255093,0.17989767351963395,0.008979630571959838,0.2675257558072689,0.5870047876750137,0.9564375
SA000A0ETHT1,0.31254080976661713,0.13555610515386138,0.10545627830436069,0.3048543969818174,0.5467370650890576,0.994625
SA15CIBJGH12,0.37383561167035895,0.1636612997891663,0.12159674962365138,0.36510460729296684,0.6544739517175576,0.9928125
SA12C051UH11,0.39054385553550175,0.2041366061611608,0.08849060381549577,0.37630834960006193,0.7425379307719117,0.984
SA000A0HNGZ6,0.25619177884882466,0.18109369109533846,-0.018455208556009465,0.24442941418079067,0.5664401670199775,0.93875
SA15L1I156H7,0.14818336488786343,0.14459560699263588,-0.07351239348043594,0.14100716349957265,0.39683561476490564,0.85975
SA000A0HNF36,0.08214701753324878,0.15011301282028758,-0.14394309888098494,0.07224589812599364,0.3407978826945252,0.7095
SA132GSGS910,0.12966099772060957,0.21506954622019708,-0.18444955864552243,0.10931912372367189,0.5107629996298151,0.725125
SA14L09I31H9,0.20386795360967705,0.28305091174637637,-0.1985233709176195,0.17359607758386503,0.701413878816678,0.7675
SA154HG210H6,0.19105510157387112,0.17998607363029337,-0.07571540702106329,0.1774128272275877,0.5018433591089302,0.8740625
SA0007879451,0.4764981863956755,0.3348155048562303,0.0016764470370408324,0.44316897265218336,1.0581360860491056,0.950875
SA15M1HH2NH5,0.19280222225895846,0.24226940733115954,-0.14467309591993993,0.17080275390651423,0.5940790748016828,0.81375
EGS3C0O1C016,0.2670865962544339,0.49307102754828724,-0.18774890954731205,0.22562397572233367,0.8382295977309726,0.8018125
SA55SG6H5716,0.160659716534073,0.1484312980137974,-0.06544412749533944,0.15122143351532125,0.4174433038667199,0.8791875
SA15HG521213,0.2831473103951887,0.1884241029782452,-0.0018519978953845796,0.26934260455191705,0.6039377137528154,0.9490625
SA135G51UI10,0.2535919999055939,0.18473157459020495,-0.023962717241287387,0.24103125627259903,0.5717831235839522,0.9326875
SA000A0KFKK0,0.30887584740452384,0.18583821932593894,0.029064022217185608,0.2959320927089842,0.6319713149464842,0.9645
SA15QGU1UNH6,0.212302884709973,0.2829042603982222,-0.1967763420551293,0.1842171517041493,0.7147435051964437,0.78175
SA000A0LE310,0.3596138751560676,0.2064259088920238,0.04804818240764187,0.34701748566318236,0.7206839893093219,0.97325
SA1330R2TQ16,0.33916060597993436,0.2659079475214619,-0.049571461581943824,0.3179624400868829,0.8065001705498626,0.92025
SA12U0RHUHH8,0.5589299640765821,0.2600104701065596,0.17749008641202774,0.5401392024479242,1.0054353036108976,0.9933125
SA0007879493,0.08040332540094974,0.25784361644864456,-0.2678816464368309,0.05335437901010677,0.5256564906208337,0.596625
SA0007879469,0.38788190499751785,0.26241643053640773,0.003623288853676763,0.365911012070159,0.8506720869121267,0.951875
SA1230K1UGH7,0.2752348696207156,0.17945719639272698,0.0017146729418131188,0.26331200533048393,0.5856219137859243,0.95125
SA15D1I1VJH7,0.3852366798453362,0.34767940429044497,-0.1006065056244028,0.34610920334019113,0.9938295924565635,0.89325
SA0007879519,0.15009238168998587,0.2845670240557245,-0.2406780985977552,0.11599571627118593,0.6586342254475264,0.6941875
SA562GSHUOH7,0.22575069703018497,0.25803065304028183,-0.1455520166230512,0.20133581311564003,0.6762287245044001,0.827375
SA0007879162,0.206365241353436,0.16547017920839283,-0.03660427642593232,0.19409248190142275,0.4855565371002018,0.916375
SA000A0MQCJ2,0.1624780943582776,0.19402940549204428,-0.12670594684986466,0.14660706590703787,0.501084366988706,0.81075
SA0007879568,0.4503691632942894,0.36037294013394516,-0.054299487973679124,0.4083687364176797,1.107261673958963,0.9254375
SA000A0EAXM3,0.3510304869763964,0.2501500367655359,-0.012161323010743056,0.3275297900147903,0.7974870450611542,0.943125
SA13R051UVH9,0.4966714794093601,0.40194501349096634,-0.059759989421393794,0.44540131600079697,1.2235650194068797,0.924625
SA1661VHUP11,0.31238214946606746,0.3486861087634314,-0.15715018599385222,0.27020247603362935,0.9301993932899963,0.83925
SA139051UIH0,0.442208711426746,0.22582892299556034,0.10189750467432127,0.42654989001468696,0.838170720158984,0.9835
SA14K0Q0SJ16,0.45878047905911523,0.254095740943506,0.08790411596128085,0.43620571591995994,0.902889180387294,0.98125
SA0007879188,0.07989971638726362,0.24913746919422816,-0.2756535953796376,0.05546654226854736,0.5199544947096342,0.59875
SA15H14I11H6,0.340389844704441,0.22866962506767963,0.0032813223355320246,0.3215344604358492,0.7402723245216886,0.95125
SA0007879501,0.19134900177997266,0.25390399019401044,-0.17352189210486016,0.16762222044634353,0.6436414003168347,0.7824375
SA0007879915,0.06108672199901781,0.24144610574931352,-0.2804296773317676,0.0351009138005946,0.48943535684408573,0.5701875
SA1610O13M15,0.4612519002769708,0.3080080026406605,0.023201672868546023,0.42988290329664736,1.0159296622939988,0.9581875
SA15JHPITV18,0.6496958732767796,0.5571709267665832,-0.005065306445793938,0.5835277145475251,1.5036671136124058,0.948
QA0007227695,0.46924444578987595,0.36058353614538513,-0.03511575077966013,0.42994885548672424,1.1053441727178026,0.934125
SA12GGPITP13,0.07539953329330579,0.2907738432992593,-0.32696267660898354,0.040683037694314333,0.5874137687247765,0.565375
SA12I0OGIV12,0.40217799126428316,0.38141867488073533,-0.11768162997643059,0.35726745194756604,1.0773029180225198,0.886375
SA13J051UJH4,0.45696145247675757,0.28434099563398163,0.04691889325574113,0.4303985839421718,0.9588159712222339,0.969
SA000A0MWH44,0.6526305321554078,0.2965075307131497,0.2232593769668687,0.6238242752034793,1.170172158565597,0.9951875
SA141H01UKH9,0.5629982338487871,0.47329211387859715,-0.07594629509695142,0.49871891450422556,1.4150685952947222,0.9184375
SA0007879527,0.41664060231619976,0.3362504027169441,-0.05536282513740146,0.3802428672780146,1.0300940009525763,0.9210625
SA15QH00SKH0,0.259666948068976,0.2611879987082657,-0.10620738127744501,0.23554576990976436,0.6983606267187641,0.8701875
SA11RGEI3218,0.4920607001710932,0.3282028766115867,0.024064422664177014,0.4583515070021385,1.060747703873846,0.9590625
SA15SH122J13,0.516032887626643,0.2843738516857753,0.10403220193488842,0.4896454520629092,1.0092295262369697,0.9824375
EGS48031C016,0.2968444703001372,0.2801775850151233,-0.09980775062932773,0.26524378568042095,0.7977395364144934,0.879875
QA000M2522L9,0.31044542691754373,0.28930634815383816,-0.09508872700273951,0.27451891042913557,0.829346188935686,0.8866875
EGS37091C013,0.4503861227776808,0.35706389217120565,-0.044163571766149996,0.40849265215565045,1.0831984369581353,0.9274375
EGS39061C014,0.3474604706182934,0.33973529109780654,-0.12155263700807958,0.30929281475309045,0.953251425424971,0.8718125
EGS381B1C015,0.14965962282101195,0.23170638417141812,-0.17815344680972578,0.12630418824367956,0.5618100765734826,0.740125
SA562G3GSL11,0.26220047737511104,0.319313949591596,-0.18279676265054018,0.22333253211694473,0.8360968711969506,0.811875
SA1660IIU0H3,0.42252321188057845,0.22830741116095032,0.0841821600827779,0.4055259831946813,0.8173817807974958,0.9833125
EGS512O1C012,0.49941365939442584,0.3681910309392536,-0.021473180508169317,0.4609993745466076,1.1397587020435618,0.9413125
SA159GK22IH4,0.45388749582810384,0.4254734128642183,0.006811650851149505,0.4174717127488221,1.0018621544064912,0.9533125
EGS30AL1C012,0.14315038156356968,0.24090145463526672,-0.20369755299431513,0.11942971469759198,0.5675871132896159,0.7223125
SA134G51ETH6,0.4789292437606643,0.4423830658102041,-0.04937055373923952,0.4316254587959393,1.1556459339640386,0.9275
EGS540S1C014,0.27265217852516216,0.317757171367429,-0.1727929303534577,0.23789003115935614,0.8375038529033753,0.82275
EGS38191C010,0.2614297825419154,0.32454338323344,-0.1899479184903206,0.22393029810526305,0.844201376754402,0.8010625
BRLJQQACNOR5,1.306791815298896,0.7627680020116475,0.28534018503946085,1.1918598516416228,2.6988729412310892,0.9878125
EGS305I1C011,0.2816704263115779,0.3050890191523119,-0.14026957313926328,0.24841304936050276,0.8165065751072648,0.8429375
QA0007227737,0.3425467856224711,0.2116546036899471,0.03241909634657635,0.32376593402854703,0.7122752843682443,0.966375
QA000A0KD6L1,0.25902472617251454,0.22982449103839173,-0.08040487074666253,0.23901039326014312,0.663632686116821,0.8875
EGS30901C010,0.1655124432147304,0.22185401869987179,-0.15518097450102541,0.14502380373380358,0.5563588417324854,0.7808125
EGS673T1C012,0.23182191950314168,0.33157258930323624,-0.22291680654136686,0.1902143844219351,0.8157652540625887,0.76525
EGS380S1C017,0.11718182017988518,0.27174845176800216,-0.21488721461250396,0.09282409264159916,0.5132894448549563,0.68525
EGS33041C012,0.384495157531128,0.38384002178824417,-0.12872114299819468,0.3376546891887138,1.0505182777111042,0.87775
MX01NE000001,0.5762304518576901,0.39054242212668344,0.026180509902194518,0.530619152920612,1.2682968926038687,0.95825
MX01AC100006,0.33751388258705345,0.13052676761440415,0.13680503252496526,0.33118680155972585,0.5571609523436937,0.99675
QA000A0KD6H9,0.4048634455177617,0.4540412940829693,-0.18862653340101046,0.33900801192642815,1.2182518712690245,0.841125
MX01HC000001,0.3074374352420955,0.3467937783832563,-0.16954361383143507,0.2644919675793528,0.9295671747539433,0.83125
BH0006000044,0.5795310104756783,0.3826621595195233,0.05260895383745765,0.5317123033010549,1.2531335652392113,0.9668125
KW0EQ0601694,0.4964415908754802,0.3367003928807454,0.01764747465279171,0.4612796251442718,1.0862501837361684,0.957625
MXP370841019,0.12149647165084143,0.13824074014358942,-0.09215951075518748,0.11382171748662645,0.3589208483639171,0.824125
MX01WA000038,0.21185383819982223,0.1251079233940431,0.016187201306666493,0.20734413401797613,0.423612901032139,0.9630625
MXP320321310,0.1876821648247331,0.1424997557880527,-0.027074470641887925,0.1787678295202848,0.43216633618346356,0.9225625
MXP225611567,0.3551716323927926,0.20725454312655026,0.04543664321553066,0.34183465830425597,0.7135118295335342,0.970625
AEA004601018,0.3119611569600313,0.1965997367983637,0.020597108175581424,0.2975612215167876,0.6495074590613928,0.961375
CLP3880F1085,0.16941838299066592,0.14478037322013737,-0.0467580377074682,0.15816636543057366,0.4163086064871012,0.8983125
MXP001161019,0.4505562242900879,0.48342465577502297,-0.19588070345058026,0.3817038832849649,1.3279937190675257,0.84925
CLP371861061,0.25556308356835916,0.20864771053555053,-0.05057899922497251,0.2408386499031948,0.624103714493851,0.9111875
QA000A0KD6K3,0.2931368827197722,0.17661109768816471,0.025527974326577246,0.28038879853868154,0.6000911449785,0.9655
QA0006929812,0.35602639729231883,0.3328362952056221,-0.10134564205745908,0.31854864074678313,0.9316386145399812,0.88975
AEE01072B225,0.18441023185720973,0.14596929957280744,-0.03532221340140562,0.17556627090316584,0.4355272537436441,0.9145
QA000A0Q5NE9,0.13754259459790025,0.26579556352923184,-0.2287624373907792,0.10842576537354463,0.5982569336453072,0.6883125
KW0EQ0601058,0.09622790611853455,0.19337760920338085,-0.1853519250725682,0.07994990558114773,0.43141617683654715,0.6810625
KW0EQ0602452,0.07766903958291982,0.27743320600300303,-0.30908058965188606,0.0437422444326482,0.5801429047709249,0.574375
MX01AM050019,0.15138227310517746,0.1630284042135973,-0.08100257998283926,0.1404601541544387,0.4188814180614485,0.850375
BRQUALACNOR6,0.560365237694613,0.30854745349669194,0.12377647319209877,0.5303671282207267,1.1036175286373964,0.9840625
MX01AG050009,0.6363396487475507,0.6487014993379169,-0.170149677621905,0.527495955095995,1.8001753696820733,0.8776875
MXP554091415,0.38552482400038535,0.2575373517227181,0.00927856531509397,0.36235196585499435,0.8397300714956154,0.9541875
CL0000000423,0.4549400116667039,0.2349582255059057,0.11268717951643357,0.43340616095100226,0.8578364628742705,0.9879375
AEE01362P238,0.5484303075409761,0.30392120835189096,0.11511028994706318,0.5200597035049491,1.0790738996879823,0.983
MX01TR0H0006,0.7204259095768237,0.38768465715499717,0.16321230253020122,0.6794008772983869,1.4106891459678692,0.986375
CLP7847L1080,0.21179132559624014,0.15141311538596602,-0.017132555291991203,0.20186962268680764,0.4766873367223688,0.935
MXP4948K1056,0.3067001538853505,0.16367975592052667,0.05502484512345826,0.2981744528466237,0.5882540883143967,0.9783125
BRVVEOACNOR0,0.7630652228662981,0.4598946310588329,0.13757076821263511,0.703126210220294,1.6054395197905245,0.981875
AEE01487L240,0.3924184213647162,0.2649631155225009,0.009204440600447996,0.3669848503953107,0.8642541376375898,0.955125
MX01GA000004,0.36149193216411923,0.16124308845512342,0.11272407660070352,0.3530189432256866,0.6394587578175686,0.9903125
MX01VI0C0006,0.3777637331380041,0.37089978860602657,-0.12727122812046215,0.33755580084360304,1.0280624591174705,0.8741875
MXP369181377,0.181930177612591,0.14508645102026987,-0.0411362193076727,0.17426378685252814,0.4310721113912837,0.909625
MX01SI0C0002,0.23670295552209655,0.34858987078011,-0.23344471516799614,0.18806724948521059,0.8629788012150279,0.75825
CL0000001256,0.2940167915648043,0.24315273145401353,-0.060534506692442897,0.27238778282191245,0.7233477886437146,0.909375
MXP606941179,0.12243066466783328,0.13407442608680994,-0.08269687785178109,0.11505623003953853,0.3525876616250865,0.8339375
MX01OM000018,0.24121155413866077,0.14209206903220797,0.024453542677578745,0.2331365924282876,0.48341382964829144,0.965375
AEE01388A243,0.47317994506532457,0.393546181522899,-0.07038123040656964,0.42612942045849955,1.1707430344359049,0.9181875
PAL1801171A1,0.2212051331152599,0.22160901874063357,-0.10785757910789084,0.20337153487132065,0.6108632684844101,0.8581875
MX01GC2M0006,0.3878383038311809,0.1839161748376365,0.1078108183895221,0.3782063271038973,0.7037923947531475,0.9878125
MX01CU010003,0.27537773745078653,0.21271261732905036,-0.03677969550446168,0.26002839421096763,0.6389462448813057,0.924
CLP3615W1037,0.22200198811254984,0.20314202469100973,-0.07977312280546195,0.20794619756724958,0.5635320361469338,0.885375
CLP249051044,0.1399507973079912,0.16724263500526587,-0.11202108127524538,0.12771557508218867,0.42868110230195355,0.8120625
CL0000000035,0.3646648245442277,0.20858321523592524,0.048589075697079466,0.3488738791185612,0.7327773578658151,0.9728125
MXP001391012,0.4974155332400756,0.1793578901803173,0.2265463295715849,0.4856736783668302,0.8074500513415811,0.9985
MX01ES050019,0.30283979442757974,0.2817205089972689,-0.10397222079321869,0.27666069070405275,0.802311131209927,0.8834375
MX01AL0C0004,0.2602890157237544,0.1650154682462731,0.018980660816456326,0.24931702396921587,0.5329163987425384,0.962
MXP4987V1378,0.6612873847090577,0.7261884248092734,-0.2218091918358124,0.5333909344990566,1.9787680172167679,0.863875
CL0000001173,0.32861341664880883,0.24345656685207895,-0.03059670210825779,0.3073214765380996,0.7586871308191698,0.93425
CL0002132620,0.34050317084134585,0.2769641362617834,-0.05554760985638762,0.3118545178277349,0.8325509356277999,0.915375
ARP432631215,0.2960955215730594,0.3400717837003172,-0.16878236706736685,0.254155779359052,0.8993871947393054,0.827875
AEE000601014,0.24774774741920547,0.303086277343294,-0.17396819033366814,0.21276017202250508,0.7876142663699659,0.8101875
BRWEGEACNOR0,0.2679954793736756,0.14096829373263994,0.05065588844188309,0.2598433221965059,0.5103812420158208,0.9769375
NGWAPCO00002,0.06867192886757553,0.19419629929130716,-0.21825978762946632,0.05109339057942133,0.4107277951195225,0.618
BRSBSPACNOR5,0.31625750978979195,0.14572736508943374,0.09292963406697484,0.3080154016000939,0.5744107287779452,0.9898125
BREMBJACNOR1,0.31480166187487474,0.24435544238479678,-0.038157157290077556,0.2917212088003296,0.7451600262832735,0.9273125
BRCPFEACNOR0,0.11546296451287447,0.13002602866562468,-0.08254801083896895,0.10850823332410928,0.3356853893793822,0.8219375
BRSUZBACNOR0,0.6532955172492457,0.17772462978751422,0.3820183760788719,0.6458155788679594,0.962041529447235,0.99975
BRTIMSACNOR5,0.2544885704938111,0.1385087926133413,0.04021668971907669,0.24709722797839884,0.49354505554745615,0.9731875
BRPRIOACNOR1,0.3160314453710906,0.15130218031144707,0.08480386426201279,0.30665003459861795,0.5763710452222889,0.9864375
BRCPLEACNOR8,0.2886312367570685,0.15386659441226794,0.05912000223995541,0.27815861071553244,0.5461064131156208,0.9805625
BREGIEACNOR9,0.10417613983163768,0.12784560650983176,-0.09474089501549754,0.09792801278955043,0.32128626114897074,0.800125
BRRENTACNOR4,0.6042606995240255,0.18929747738919195,0.31170200166915346,0.593563259486012,0.9258353172804885,0.9995625
AER000301013,0.3870000798683841,0.26608401737324683,-0.0004426724687019233,0.364365920603271,0.8522573156664294,0.94975
BRRADLACNOR0,0.4171863518186731,0.16710973955145295,0.16376539760909853,0.4089783929096615,0.700689388825166,0.99475
MXP339881098,0.9407961959159665,0.6388249653720565,0.09442862361222643,0.8447051804685249,2.088443341669136,0.972125
MX01HO090008,0.2202392445293872,0.31581452450133346,-0.2109720756444846,0.18147417544563316,0.7630231275761176,0.7703125
AEE01200P230,0.2591410741986016,0.1834097104046955,-0.021219677227760612,0.247895542075451,0.575254993993391,0.9331875
MXP001661018,0.43813559342856845,0.165639160579208,0.18709401155370856,0.42890450909494815,0.7247723439618683,0.997625
MX01PI000005,0.26586781220557887,0.20055708490743177,-0.02858674272042931,0.24873049214485005,0.6117690321994494,0.9289375
CL0002266774,0.08743795160556414,0.16582783292307143,-0.1576278920788368,0.07569576279896674,0.3741635676876009,0.6939375
AEN000401010,0.4039413235592398,0.35178166221169005,-0.08134351407540928,0.3638858291809104,1.0269209271833528,0.9066875
CL0000000100,0.4382788761488038,0.19303289038530402,0.1423811415156341,0.42647108981326853,0.7755574777744153,0.994125
AEE01456N241,0.36464256221728963,0.2741396788536906,-0.03317361103481055,0.3389947966488238,0.8526091221665073,0.9319375
MXP000511016,0.3308739269833292,0.16275586826056995,0.08195406918787569,0.3199681371398535,0.611959109402877,0.98625
MX01CH170002,0.3584639791743693,0.17920641398332754,0.08506146064734049,0.34763950494803875,0.6757371341563652,0.9856875
ARP9897X1319,0.22678278292552204,0.353363818642981,-0.24972146162868913,0.17908883365817607,0.863097457264173,0.7381875
AEE01119B224,0.4103495467946157,0.3144930680430967,-0.034091768049044235,0.37499265821206096,0.9651776787595691,0.9333125
CL0000001314,0.5066519212341819,0.2276935926791935,0.16807937906878,0.4881746067512947,0.9059687473966688,0.994875
MX01OR010004,0.21001464635515346,0.17323839458033688,-0.047853171575335036,0.19575797295767805,0.5124028843357432,0.9066875
CLP3064M1019,0.47345205258311274,0.3271053454094074,0.011376279046925992,0.4389875149231483,1.0473954476860845,0.955
NGMTNN000002,0.29129918332372823,0.258551952275235,-0.08695535520675379,0.2690790000103066,0.753252360956531,0.8903125
MX01LA050010,0.3901192238705884,0.21935702723531625,0.058986272219780964,0.3737470739525589,0.7777403645851368,0.97525
CLP371151059,0.10885589010605926,0.23130918809380113,-0.22226180128341802,0.08588262944425468,0.5145848349341958,0.6720625
CLP256251073,0.20446396945521558,0.3096207135305167,-0.2180540245962244,0.16529844650919068,0.7585048053456066,0.7515625
MX01VO000009,0.30508845411024116,0.2469076448715511,-0.054392048201935266,0.2826181931791098,0.7395559251559456,0.9160625
MX01LA010006,0.575783415715523,0.33308347657253745,0.09625591055053113,0.5437525201178528,1.1581307295882122,0.9786875
CLP9796J1008,0.41370948396910456,0.3308403370951002,-0.0683061046667898,0.38012739440801013,1.0043964934738103,0.9204375
BRVALEACNOR0,0.29441424078655704,0.16485576404654942,0.047657365818135566,0.28352061984160176,0.5772521677530768,0.9753125
NGDANGCEM008,0.07024743358877954,0.21153995486528376,-0.2342448857690924,0.0487085194209331,0.4443419579807847,0.6088125
BRABEVACNOR1,0.02086856661615343,0.1028642026192841,-0.138225692787136,0.015997959429080836,0.1944355482742377,0.5676875
BRAXIAACNOR0,0.4841828815040971,0.17715908637183314,0.2187006548168993,0.47404680232057433,0.7847094995120201,0.998
BRVIVTACNOR0,0.17973688518219316,0.13567825415900955,-0.028689998623833684,0.17254198967116757,0.41085549261077114,0.923
NGNB00000005,0.14000085525108563,0.21941679088648477,-0.1820523981146988,0.11999803053432653,0.5291967408744588,0.7406875
NGNESTLE0006,0.2574829513775001,0.30728325974622434,-0.1771811504953725,0.2231485128037891,0.7964197016408258,0.8141875
BRRDORACNOR8,0.5236396004442893,0.1792660215541723,0.24784711414978539,0.5124650679054146,0.8309818566087566,0.998875
BREQTLACNOR0,0.4392137269745823,0.16379382443018498,0.19169243405821298,0.42885642811547675,0.7214499860356578,0.997625
BRENEVACNOR8,0.42216611287796557,0.1754003874870211,0.1495193852742573,0.41300651353070766,0.7228509076442778,0.99525
BRSAUDACNOR9,0.31375581051448553,0.18979735832598188,0.030365586460220056,0.3011399257727724,0.6352246266610461,0.9655625
BRVBBRACNOR1,0.26991849672037754,0.14007526694957803,0.05830046261790575,0.2610631726463581,0.5110209177460521,0.9808125
AEA001901015,0.6088055934369021,0.30221351420534476,0.1671044276480233,0.5821037959969767,1.1418231907604162,0.990375
BRUGPAACNOR8,0.14797562716245768,0.12731835592015142,-0.04604240497095827,0.14014569610577737,0.3632755933109287,0.8966875
MX01ME090003,0.18080655727844952,0.14473112991498685,-0.03833778743355624,0.17170269720250292,0.4269544829889945,0.90975
MXP8728U1671,-0.0599842516582176,0.15972778248826625,-0.2938465868827453,-0.07412199597519414,0.22026726148717335,0.3101875
BRCMINACNOR2,-0.024449033309933085,0.12920938429603598,-0.2214226046549084,-0.03302340997665615,0.19857257610765777,0.38825
BRMOTVACNOR7,0.4742798814987845,0.18533082538260473,0.19335679189868643,0.4640705610729805,0.7927951714747304,0.997375
BRCSMGACNOR5,0.360059340491312,0.1904782371377994,0.06833807768628195,0.34814561575580694,0.6873830854900256,0.9809375
BRMBRFACNOR1,0.5092220984256541,0.18115814368001806,0.22996218169496152,0.4998848107273395,0.8194956864618249,0.9989375
BRISAEACNPR9,0.24602741538398537,0.14090603993642833,0.0325299289875934,0.23682072021279077,0.4839405937387049,0.9715
BRTOTSACNOR8,0.6830601565885209,0.22523240690611812,0.34711785217275887,0.6659853897742468,1.0765184461997928,0.99975
BRNATUACNOR6,0.37208080618289846,0.16413308821138586,0.1172712603197068,0.362563956952063,0.6569423605049363,0.9916875
BRALUPCDAM15,0.4102399075101526,0.18560620880841652,0.13183037456691815,0.3971060030495859,0.7307273613639562,0.993
BRASAIACNOR0,0.5465784883898445,0.18490677800681513,0.2640903766212425,0.5355586294813771,0.8712690127602721,0.999
BRBRAVACNOR3,0.325756322558686,0.17207603876539165,0.06751190881690987,0.3143378516874909,0.6213381664318687,0.97975
BRFLRYACNOR5,0.2193089364650197,0.14802375540069895,-0.005342548602328525,0.20991149316806468,0.4738675218119815,0.9463125
BRGMATACNOR7,0.6568039230574925,0.3103216210602194,0.20632406877584272,0.6309314317274632,1.198871007128976,0.994125
BRSLCEACNOR2,0.3280614526486655,0.18175769270855502,0.057659279149957866,0.31461778727516654,0.639830599973187,0.977
BROPCTACNOR0,0.3314327811037699,0.29632030231810186,-0.08851905989395412,0.30019429624020133,0.8568745445611299,0.893625
BRRAILACNOR9,0.6097695464541797,0.19219009778396334,0.3200999246560771,0.5963639645983129,0.934838010250214,0.9996875
BRCSANACNOR6,0.7068539408399596,0.2775595441098438,0.29655957775265246,0.6801774363545432,1.20220843381907,0.9985625
BRHYPEACNOR0,0.5421223074976927,0.17907876002864323,0.2719554679862942,0.5308101794641175,0.8488330361767337,0.99975
BRLRENACNOR1,0.5322171354442466,0.177237500526694,0.26158362714584915,0.5209478622123543,0.837246873036472,0.99925
BRSMFTACNOR1,0.5620839366822965,0.19764010569935578,0.2662043844918229,0.5477595988323541,0.9060833528369795,0.999125
BRCURYACNOR3,0.6266187484950058,0.21610465930033454,0.32001663734561486,0.6112414691218243,0.9743169446471844,0.999625
BRCYREACNOR7,0.7029555928002897,0.22360292574105786,0.36348503270314736,0.6895861285002174,1.0868506072006967,0.999875
BRGGPSACNOR9,0.8345026000043149,0.2818465008413398,0.4098410505270903,0.8155201377986585,1.3286778890468462,0.999
BRAZULACNOR7,0.04938437968978446,0.3301851386527322,-0.38222610516018884,0.003601995388984746,0.6321898309573166,0.505125
BRTTENACNOR0,0.4860610991796062,0.19294982214426268,0.1963370714847978,0.4738891635110831,0.8146984570477,0.996625
BRDIRRACNOR0,0.7582302240695162,0.22817475013486985,0.4189445156532719,0.7428661386307824,1.154650056296813,0.999625
BRORVRACNOR0,0.4447596258758746,0.1980684757496663,0.1457702090738366,0.43169450895713773,0.7840687672844192,0.994375
BRHAPVACNOR4,0.6815799613363069,0.2196515693891321,0.3481568275571893,0.6693504429432477,1.0623408739855982,0.999375
BRHBSAACNOR0,0.34991667520383374,0.25991892486291296,-0.02249593973579248,0.3213273385123472,0.8128605634749096,0.939
BRDASAACNOR1,0.24817974737964213,0.21117411263694366,-0.0635366645430336,0.2304270765328103,0.6128524894065454,0.901375
BRTENDACNOR4,0.4669454321903022,0.18337458818869157,0.19252391162664143,0.45475786079765135,0.785600635478368,0.9970625
BRSIMHACNOR0,0.8109447129551222,0.39125059835739595,0.27300614992757133,0.7722326389229123,1.4749620625574227,0.99475
BRMOVIACNOR0,0.6998117871277412,0.23370487847327595,0.3430021033370122,0.686835686292664,1.1014294268948799,0.999375
BRFRASACNOR0,0.3429656831077399,0.19869243505533074,0.04444852246619356,0.3286424376509034,0.6893266717803022,0.9708125
BRECORACNOR8,0.7287222961266896,0.255208668734022,0.3431238846701518,0.7109682501837439,1.1756170192029591,0.9994375
BRSMTOACNOR3,0.39419818349213037,0.19917834390294267,0.09542812751048453,0.3792855843246517,0.7452942231530273,0.9864375
BRVULCACNOR2,0.655593358194131,0.29334216845165967,0.22015854969867554,0.6316272329666571,1.1648306555465702,0.99475
BRLEVEACNOR2,0.19260218485236874,0.2660916109277656,-0.18583918007667125,0.16403079721450484,0.6647422855842026,0.7733125
BRCOGNACNOR2,0.7667350462933157,0.24201180590103102,0.3963710202292336,0.7510159063651086,1.1929090715071686,0.99975
BRRIAAACNOR2,0.7216759499576239,0.22816622016106244,0.3779057862983266,0.7049473571244542,1.1252393878473124,0.9996875
BRBEEFACNOR6,0.5584221332626054,0.23806860275187808,0.2067656130878576,0.5418541147441636,0.9701946117403577,0.9945625
BRAZZAACNOR9,0.7564755382696721,0.31938100220141646,0.3483623294569428,0.7370334691609708,1.2193235546030259,0.9994375
BREZTCACNOR0,0.4155339073379923,0.20805043879417348,0.10670113680782067,0.39992088880748566,0.7742998465860804,0.987375
BRRECVACNOR3,0.38688565199283653,0.1787035824973976,0.11257234663201181,0.3756682916716407,0.6982411915553929,0.9901875
BRMRVEACNOR2,0.6971278755567987,0.2639280461776911,0.3008814175554649,0.678926104486312,1.1635127717162275,0.9985625
BRCBAVACNOR5,0.23649834627258717,0.24386501062076404,-0.11829348335305909,0.2153417320442816,0.6549653598367713,0.8523125
BRVTRUACNOR3,0.5181158949343173,0.24519461148341046,0.1549981127021807,0.4973319645453655,0.9535005676696965,0.9926875
BRCSNAACNOR6,0.3980977813468688,0.2165249567263851,0.07029622076648662,0.38180997216122103,0.7756350006720345,0.97825
BRMDIAACNOR7,0.35548718857905226,0.1877765522534539,0.07167260717022876,0.3410350525433433,0.6887856901081226,0.9823125
BRVIVAACNOR0,0.5908246781636285,0.18763361868352363,0.3113949151240372,0.5801521336108261,0.9160715744238008,0.999375
BRDXCOACNOR8,0.6030849871295052,0.2325072246143771,0.2555892432471489,0.5852608338024645,1.0053929447282366,0.997875
BRINTBACNOR9,0.4912823805464554,0.19550594354209014,0.19150167383394134,0.4790843798862017,0.8336598210276123,0.9973125
BRMGLUACNOR2,0.6030616409899454,0.2541417957724952,0.2268366114848092,0.5807108019624481,1.04968324916498,0.997
BRMILSACNOR2,0.221230086162143,0.22202411652392282,-0.10068939141009112,0.2020883335620478,0.6111048392882623,0.861875
BRVAMOACNOR7,0.708193763350642,0.23183897085503977,0.3539326990434114,0.6935416073287323,1.110012233442156,0.999875
BRCEABACNOR1,0.9068373580179653,0.2610093198936466,0.5286601768468483,0.8883500545710955,1.3453830207208097,0.9998125
BRAUAUACNOR1,0.061368445277671,0.1625113494407634,-0.1800806857858846,0.04996984386572886,0.3427421286349984,0.6358125
BRDESKACNOR2,0.21870563252872,0.24403292279073946,-0.13074052449381623,0.19241221843738332,0.6500435847256105,0.8351875
BRPNVLACNOR9,0.4998889413256986,0.2707524471197456,0.10632117542272744,0.4743394245204291,0.9726757894964202,0.9848125
BRMATDACNOR4,0.5535056876332533,0.2302108814757197,0.2125653067003388,0.5349856456790356,0.9475585139154359,0.99625
BRPLPLACNOR5,1.0726306962518384,0.40483222607047015,0.4907777138737991,1.0331334175112854,1.793412443046946,0.999125
BRCSEDACNOR9,0.6612805199302506,0.4471671305574337,0.04177286308739084,0.604006452042224,1.4676598499769837,0.9614375
BRARMLACNOR1,0.8192217595320994,0.3572925919814309,0.32383836713577974,0.7836666676074526,1.4286024810872076,0.997625
BRPRNRACNOR4,0.47811995401470564,0.3493910470869997,-0.020916770649574767,0.4417858198190413,1.1009239756117197,0.9403125
BRFIQEACNOR5,0.4436622142728031,0.29604522858072724,0.023397167574516427,0.411409986366984,0.9766916294103201,0.959375
BRTUPYACNOR1,0.28107159312189195,0.22834703224275046,-0.05902034311325319,0.26405831850648986,0.6785033749463477,0.909375
BRYDUQACNOR3,0.8223383721401232,0.2997309136478613,0.3729923626460601,0.7991950242150031,1.346580333673964,0.9988125
BRSBFGACNOR1,0.7353686623797505,0.2920759434603899,0.3445728614019056,0.7113289684739539,1.1971760750056821,0.9993125
BRLWSAACNOR8,0.6974518792652005,0.23462823862360513,0.3441378625807671,0.6824429231355085,1.106377711132892,0.9995
BRAGROACNOR7,0.31260060547528623,0.3053611648366379,-0.11748567600878287,0.2776007982370666,0.8659041934254954,0.8705
BRJSLGACNOR2,0.893389958895626,0.4420350162449718,0.2521600934268353,0.8466744832357859,1.6753492096494929,0.99425
BRCAMLACNOR3,0.7269770367577789,0.34136449893520315,0.2407974745246876,0.6924503628254708,1.3159759418275254,0.995125
BRMYPKACNOR7,0.49084935559856047,0.21041219784545376,0.17784615047630686,0.47653429016233384,0.8512952451838235,0.9943125
BRTRISACNOR4,0.5439684803852877,0.3797745537091919,0.011210848929085507,0.5015589822410219,1.2298974915411238,0.954125
BRSOJAACNOR9,0.5677641393553858,0.3015475467931856,0.13827582454865375,0.5396991531120566,1.0841561204172774,0.9855
COE01PA00026,0.3912748821875065,0.3279133325343257,-0.0733854106555325,0.3566863605392234,0.970838815720684,0.910875
BRANIMACNOR6,0.9576360119663141,0.4402942958900967,0.3339486145226577,0.915548587150053,1.7213970535484102,0.9953125
BRPGMNACNOR8,0.7477075581031616,0.3291850376049019,0.27234254192776264,0.7161739406387441,1.3275387502715066,0.996875
BRBLAUACNOR8,0.4062191724252914,0.19136149802881222,0.11876218111377765,0.39378872135339393,0.7399851086075979,0.991125
BRBMOBACNOR7,0.40516632167571026,0.3181540848985041,-0.04277314141616404,0.37100694854329497,0.9762348481318245,0.9278125
BRRANIACNOR5,0.5549957491724924,0.34255870249127773,0.06368295224668842,0.5218469744624994,1.1562883991470387,0.9718125
BRSEERACNOR5,0.45906083162069905,0.25508577267747123,0.07906893617233565,0.43953678635916393,0.908030993121618,0.97825
BRPCARACNOR3,0.0647109394422578,0.206300661801847,-0.23369461352016277,0.04547990957870599,0.42530070848413853,0.6020625
BRBRSTACNOR9,0.38306903389041086,0.25262688572467734,0.01900459113907594,0.3611036898244929,0.82526529232838,0.958875
BREVENACNOR8,0.4905317113193762,0.2790348349628869,0.08909103789906865,0.4649284689891421,0.9745918821380176,0.9791875
BRONCOACNOR6,1.1404552916641246,1.2344641594729244,-0.15850458255375652,0.884247286085726,3.256639406115294,0.905875
COT09PA00035,0.3155878405567955,0.27874976957392567,-0.07755902450898995,0.2848464295275882,0.8180390260310425,0.8953125
BRJALLACNOR0,0.9017847572114238,0.43824811280207077,0.2912043189037308,0.8554259736494945,1.6680649019018894,0.99425
BRPOSIACNOR9,0.8524986427220909,0.5228873896737668,0.20578368660715304,0.791003954371043,1.6831805874209746,0.9903125
COG31PA00044,0.3059098212081723,0.3253502661196268,-0.14585941845500652,0.2669761773293361,0.8849630932977182,0.8454375
ZAE000006896,0.11843037829713673,0.16765265044968455,-0.13497672241218692,0.10751422905603798,0.4135897313133186,0.7654375
TRAKCHOL91Q8,0.5184953366553016,0.20386748358284618,0.21679494563326465,0.5035264696204584,0.8681291479663291,0.9978125
ZAE000015228,0.2773319814619006,0.23410265370005992,-0.06514329231305743,0.2569399889238706,0.6839562042561618,0.9035625
TRAOTOSN91H6,0.6527587043643882,0.25921351782832563,0.26779576346214906,0.6338276806618317,1.1111197635799688,0.998
TRATCELL91M1,0.5536575131469342,0.21546199763561982,0.22766546022455986,0.5388213831311414,0.9314974233598393,0.9981875
BRCVCBACNOR1,0.5743244610777466,0.43425705151639576,-0.014590588091959178,0.5220742184084685,1.338880204892822,0.9441875
BRBHIAACNOR1,1.3550893447068688,1.8145626881690349,-0.3193344852220969,0.9148673491811733,4.425486220463549,0.85875
ZAE000351946,0.5673996896959422,0.2521707386783464,0.19959210056024168,0.5464111474212391,1.0107354997757818,0.9949375
COC04PA00016,0.03266665301288701,0.18138103781136766,-0.2323571455214086,0.015382868555261404,0.3500913250303306,0.540125
ZAE000042164,0.060350952322584334,0.1741852664951384,-0.19547840096827548,0.04589201377827376,0.3678699872528415,0.6186875
ZAE000013181,0.23566747544975788,0.17409367010186969,-0.025693484682543254,0.22388388115039445,0.5429183457855495,0.9305
TREENKA00011,0.20921590162365084,0.20029421317724658,-0.08568021201445311,0.19142328401945563,0.5618092581132025,0.8691875
ZAE000083648,0.5742956729709499,0.3687067428430973,0.06615351048011303,0.5350055909610866,1.2156867816608834,0.970375
ZAE000012084,0.19928570904809845,0.17136119897962607,-0.05778636534360661,0.1871289663560982,0.4987533309284409,0.895375
TRAEREGL91G3,0.06455239446999926,0.13501574541718564,-0.14318182622012368,0.056877608267668994,0.29543658083800345,0.6814375
TREASTR00013,0.2932827693488109,0.3246697231788422,-0.14992151512353755,0.2553842498245902,0.8494045570578257,0.84275
TRECOLA00011,0.1846834559493478,0.14621999188225163,-0.03728128908595903,0.1761722431742695,0.43529795874499255,0.9148125
COD38PA00046,0.172747288598524,0.17151675166709313,-0.08566737304675513,0.15915729190634942,0.47073128969044414,0.859
TRAASELS91H2,0.23422206257156183,0.17225292865436942,-0.025015811115371055,0.22233136099206202,0.5292409199162841,0.9315
ZAE000018123,0.3012348017095933,0.2149068543784018,-0.014393455971069034,0.28199220189202884,0.6837095409776526,0.94025
ZAE000132577,0.06709011972627205,0.1505028026276524,-0.15719810020982874,0.05736476445233664,0.3303103113511613,0.6668125
TRATUPRS91E8,0.13699266243875952,0.13149800517472401,-0.0657978791854318,0.1290810114701751,0.3631333896252131,0.864875
TREBIMM00018,0.324832892784316,0.16024277681804905,0.07915427115256488,0.31689850293766264,0.6007039990277576,0.9851875
TRATHYAO91M5,0.45341496104313034,0.1927606814795868,0.16048386362434086,0.4396336222472938,0.7920517720844715,0.99525
ZAE000216537,0.1347842947622038,0.22270832800345103,-0.16405495678004817,0.1179356256805173,0.49262543053972274,0.74575
ZAE000259701,0.4491042253989746,0.3065825806365879,0.004213537288645952,0.4196790821306676,0.9871673184127977,0.9518125
ZAE000298253,0.38583590594967254,0.2623269002666108,0.0065497636350974175,0.35953095132242396,0.8504158986135367,0.953875
ZAE000085346,0.0930784888063892,0.1719716752605072,-0.16187361524459737,0.08055740204035736,0.3904765780521761,0.700875
TREAKSN00011,0.17788477448321766,0.22566569877153153,-0.15045093513158156,0.15555309250668492,0.5765365551971635,0.7975
ZAE000339891,0.1912541705576096,0.18749436862821758,-0.0896883486183773,0.1776727040964406,0.5129020502291619,0.8650625
TRETTLK00013,0.5596210759788064,0.2300077817455749,0.21166269051042144,0.5443492645624698,0.9581797755712853,0.9968125
TRATOASO91H3,0.43487405522333156,0.19663134979679714,0.14574683666428884,0.4221467780059226,0.7628040618818681,0.992125
TRASISEW91Q3,0.35995849035484345,0.21556367470413382,0.04061851477451812,0.343019080834036,0.7390684376146763,0.9705
ZAE000200457,0.4436248975750049,0.32345596133544,-0.01491225290723196,0.4043934496163001,1.0168990302573904,0.943
ZAE000071080,0.30153827901384317,0.35349104196480474,-0.10227053093340087,0.2684311530713524,0.7998015647473979,0.878
TRAMRDIN91F2,0.4856144475346505,0.3115878375674452,0.031730104146947505,0.4545376034659804,1.0328577857654944,0.9633125
ZAE000049433,0.3931113008977839,0.2720418795449149,-0.0029092902348344897,0.3667444126502075,0.8797371305879063,0.949
ZAE000320321,0.16469192760589255,0.2841887256898538,-0.24124740275032946,0.13578762685963303,0.6741533303700854,0.71375
ZAE000117321,0.3078458326521372,0.20127161321148804,0.003329835615271739,0.2951070450314549,0.6569428025617823,0.9528125
TRAYAZIC91Q6,0.48955885623358064,0.26467888874855316,0.10239981219833916,0.46659513848254425,0.9596156336941744,0.9849375
TREKOAL00014,0.19467811278415645,0.2691091548967122,-0.18368674570980914,0.16810072221647282,0.6566509850302,0.7671875
ZAE000134854,0.5512179533162648,0.26289306388284256,0.1607589053725028,0.5322515851227906,1.0079792743120866,0.9921875
TREENSA00014,0.33648005368873335,0.24115739338914793,-0.013894305219153028,0.31567471524237056,0.7610547932747134,0.941875
ZAE000063863,0.2859339911113422,0.18896001791732492,0.0029780791839939796,0.2735819750443095,0.616271433640335,0.951625
TRETAVH00018,0.6838964398345855,0.22504824505598964,0.34017869331820816,0.6715565736611925,1.0755941310582662,0.999375
TREMLPC00021,0.5643577432754785,0.27104216510896945,0.16440764221839968,0.5427312184169765,1.0332426818432514,0.9905625
TRAPETKM91E0,0.05358925517566433,0.16417081787350146,-0.18931741379862418,0.04056820822836191,0.34100521850471516,0.6101875
ZAE000227831,0.36513851878514164,0.22072720983589636,0.03782089586680002,0.34946736759859254,0.7551449336658326,0.9678125
TRETABG00020,0.5188575228699983,0.26151049996505277,0.13765320296642994,0.5006670012594014,0.9817882391891797,0.98825
ZAE000011953,0.1565413161298622,0.21860036739259994,-0.15585262050810902,0.13523326532864977,0.5406991052252217,0.767375
ZAE000259479,0.42007159018954787,0.215865354182257,0.09787584616981786,0.40189211640630695,0.7959164036206162,0.984875
TREPEGS00016,0.6348730068247155,0.25096540388462857,0.2643990257818007,0.6135138964019015,1.074462526412787,0.997
ZAE000066692,0.23943988727935897,0.2720145050562736,-0.14473070489648948,0.21188853398283666,0.7141328497322667,0.8233125
TRESLEC00014,-0.298468261350827,0.14739937575235562,-0.5049879813409133,-0.3125993202408907,-0.05044781290275284,0.0314375
ZAE000084992,0.362363289099368,0.2553431449468387,-0.009129976359417324,0.33793988905933114,0.8051194178434528,0.9456875
TRAAEFES91A9,0.3647943122424158,0.21683643538398084,0.04166617665914794,0.3481539459341738,0.7373663117722634,0.970625
TREMGTI00012,0.4626125639957122,0.17645835544627336,0.19547039818223347,0.451407214654335,0.7602270236754028,0.9981875
ZAE000054045,0.5159038075983455,0.2790912243927577,0.11330025840093383,0.4909127998572044,1.0033722113441164,0.9841875
ZAE000044897,0.21909779378256392,0.22042013113181955,-0.10871761976911212,0.201193815851193,0.6079862395226215,0.853625
TRADOHOL91Q8,0.5399946139599263,0.4114901617697832,0.031968267947373036,0.49903781236717737,1.1780258219715065,0.96075
TRAARCLK91H5,0.5860040047621035,0.2593038898079645,0.20890265883899922,0.5663971686750557,1.030385968784049,0.9949375
TREKOZA00014,0.28491347665136824,0.43266282927141636,-0.2829159728689438,0.22097611642992576,1.07685456357026,0.748
TRAKRDMR91G7,0.18049688829625035,0.19560673358367384,-0.11294614037524921,0.1646998732553297,0.5250396195259012,0.836625
TREDOTO00013,0.31986812137738296,0.23137149197713322,-0.019848923371214244,0.29954021978031997,0.7209327914547812,0.9378125
TREMAVI00037,0.7503359033960366,0.276443342986084,0.33964609351970937,0.7267334914225558,1.2354202055563586,0.9988125
MA0000011488,0.24692729325471374,0.3098304426553545,-0.18677692717318756,0.20968712028548697,0.8032227620964133,0.7951875
MA0000012585,0.5550370174449999,0.39922358708854694,-0.009415772034710492,0.5077708349846183,1.2652677090494628,0.946375
KE1000001402,0.17794848835103627,0.22088615185013605,-0.14703233832586987,0.15802922862007257,0.5672360923838062,0.7964375
ZAE000028296,0.19855852204053065,0.18215467759045773,-0.0752567514431273,0.18563378382678636,0.5176176167349418,0.8806875
ZAE000261913,0.41831454200957624,0.27598395706081547,0.01819898113740284,0.39296495907509377,0.9017097601572944,0.9573125
ZAE000148466,0.5473941359295627,0.249656034671587,0.17475991872549762,0.5288698425164604,0.9850348418317003,0.9921875
ZAE000145892,0.3087246312448555,0.24083692235028764,-0.037402943866339064,0.28749209359129335,0.7311884326468244,0.9271875
TRETTRK00010,0.3403395122937322,0.2174467932778105,0.020986276488150348,0.3218532379515212,0.7277260886344997,0.95975
TREULKR00015,0.6762332063656684,0.2970313377834499,0.23930821617954845,0.6494846982994137,1.202699119840439,0.9966875
TRESOKM00022,0.40281778207400215,0.21804398773146494,0.07900132776599968,0.38642751881379633,0.7773484451064682,0.9803125
TRABRISA91E3,0.381617810568547,0.3311912978540786,-0.07581292981437975,0.34729647718169215,0.9489678889490124,0.909875
ZAE000161832,0.2625190076208181,0.30667328477572303,-0.16557205596072855,0.2295905409877313,0.8033577059386572,0.819125
TREGWIN00014,0.534909241688828,0.3704711337278506,0.01971811606000048,0.49544623836904933,1.2029434624121493,0.9575
IL0002300114,0.18451728372956877,0.25621624102334667,-0.18643665806987197,0.16009145762320975,0.6357682641585477,0.7684375
AED001801011,0.19990288276663049,0.13021494060676206,-0.0002444336866173287,0.19372877072592076,0.4239464350646379,0.94975
TRAAYGAZ91E0,0.3817163441131029,0.29629951358391465,-0.04790519448529889,0.35361791544465354,0.9117680929321985,0.927875
TRACIMSA91F9,0.5726022773545346,0.2823775237864809,0.1673817736402377,0.5481042654358801,1.0517983164452387,0.9911875
TRAOTKAR91H3,0.5387727979514875,0.4005916649086468,-0.024756867903643624,0.49142816940662537,1.2526271854792335,0.939625
TRAAKCNS91F3,0.2203535161792381,0.20790368589959513,-0.08584644622536168,0.2026834506783147,0.5824592406555487,0.8739375
TRAALARK91Q0,0.41940598266868107,0.3356460995129602,-0.05027574309877863,0.38017971475976226,1.0230694305343884,0.9229375
ZAE000005443,0.1978059197499294,0.21295161202172003,-0.11487853510858308,0.17995292634083035,0.571103118220348,0.836
ZAE000006284,0.47351435745917325,0.3639755237830186,-0.041619560060567926,0.43143696896706113,1.1261287851362085,0.932125
TRALOGOW91U2,0.7014923565182889,0.35304831149766436,0.20249737450550337,0.6671896670485921,1.318097668775207,0.991375
TREKLKM00025,0.708639417198518,0.4291686503816758,0.16176255316343158,0.6675892144647687,1.3961229451716466,0.9874375
IL0011751166,0.11366967003230626,0.38384620313588635,-0.3431525799833855,0.06340361509061597,0.731621625527697,0.589375
AEE01110S227,0.19149868941794534,0.1571656915436079,-0.04922663857960533,0.18187497840216718,0.46018038108283377,0.90375
AEE01569T248,0.29236331110273556,0.17865427563237324,0.022924041737318775,0.2797119161335537,0.6000752074757242,0.962625
AEE01134E227,0.2691452766155643,0.14871404593287554,0.04554538420951956,0.2599247669568197,0.5249040396196792,0.9751875
AEE01268A239,0.15525834833326121,0.12277422635950178,-0.03267835652468917,0.14764162670206388,0.36829421943843194,0.9158125
AEN000501017,0.43000430749641444,0.21944691987878692,0.10529568499475137,0.4123937603299689,0.8083216305447427,0.985875
AEE01356D236,0.42074960106194503,0.23206428114045682,0.07464547422807512,0.4024094088046882,0.8283215675140061,0.9808125
AEA007301012,0.2548262923213533,0.12516916353342417,0.06208894564867836,0.24716390085659765,0.47230617149568505,0.98525
AEE01135A222,0.26321928626858976,0.18604666153071403,-0.01432609878524022,0.25012615671471905,0.59115608275447,0.94075
AEE01376A248,0.2660811524183788,0.256069568738628,-0.10052837465363985,0.2417556021535272,0.7149200661907048,0.8764375
AEA003001012,0.04894344868583377,0.1504541631168649,-0.17666932454656234,0.040448625782923714,0.31169151497005737,0.6155625
AEA002301017,0.4337625345394024,0.4388202666391386,-0.1336550030883098,0.3746813614320557,1.1939706397379288,0.877375
AEE01195A234,0.2606920976537391,0.12480435433277767,0.07126857466647234,0.2538139757955168,0.46914332100841144,0.9885625
AEE000401019,0.14876787027721247,0.12174606322243374,-0.037154623595408186,0.14259578311402127,0.35509019162011074,0.9045
AEA006101017,0.19852633977628414,0.12385379735282741,0.008444363210124413,0.1924032209876616,0.41053775176689805,0.9575
AEF000901015,0.396695813414808,0.16321756031191914,0.14579370476723255,0.38705007231557353,0.6822750162915107,0.9956875
AED000701014,0.3000890799151798,0.2449242510792438,-0.05840968114164415,0.2788197549127946,0.7267567852556551,0.9126875
