enterprise_value,expected_report_date,fy_end_date,income_statement_report_date,isin,last_price,last_updated,market_cap,name,next_earnings,next_fiscal_quarter,next_fy_end_date,next_income_statement_report_date,price_1m_ago,price_1w_ago,price_1y_ago,price_3m_ago,price_3y_ago,price_5d_ago,price_5y_ago,price_6m_ago,price_mtd_ago,price_qtd_ago,price_target,price_target_1m_ago,price_target_1w_ago,price_target_1y_ago,price_target_3m_ago,price_target_6m_ago,price_target_high_1m_ago,price_target_high_1w_ago,price_target_high_1y_ago,price_target_high_3m_ago,price_target_high_6m_ago,price_target_high_mtd_ago,price_target_high_qtd_ago,price_target_high_ytd_ago,price_target_low_1m_ago,price_target_low_1w_ago,price_target_low_1y_ago,price_target_low_3m_ago,price_target_low_6m_ago,price_target_low_mtd_ago,price_target_low_qtd_ago,price_target_low_ytd_ago,price_target_median_1m_ago,price_target_median_1w_ago,price_target_median_1y_ago,price_target_median_3m_ago,price_target_median_6m_ago,price_target_median_mtd_ago,price_target_median_qtd_ago,price_target_median_ytd_ago,price_target_mtd_ago,price_target_qtd_ago,price_target_ytd_ago,price_ytd_ago,ticker
4829299.3,2026-05-12,2025-09-30,2026-03-28,US0378331005,333.02,2026-07-24,4891183.3,Apple Inc.,2026-07-30,2026-06-28,2026-09-30,2026-06-28,293.08,333.74,213.76,271.06,192.75,333.74,148.56,248.04,289.36,289.36,318.8093,314.3762,315.786,229.1207,297.5398,287.219,400.0,400.0,300.0,350.0,350.0,400.0,400.0,350.0,215.0,215.0,173.0,215.0,205.0,215.0,215.0,215.0,312.5,315.0,232.5,300.0,300.0,315.0,315.0,300.0,315.0905,315.0905,287.7068,271.86,AAPL
2882637.53,2026-05-15,2025-06-30,2026-03-31,US5949181045,381.7,2026-07-24,2835433.53,Microsoft Corporation,2026-07-29,2026-06-30,2026-06-30,2026-06-30,365.46,393.82,510.88,424.62,345.11,393.82,289.67,465.95,373.02,373.02,556.7513,561.3876,558.2058,543.5107,576.425,617.8565,870.0,870.0,700.0,730.0,730.0,870.0,870.0,730.0,400.0,400.0,432.0,392.0,450.0,400.0,400.0,483.0,555.0,550.0,540.0,586.0,630.0,555.0,555.0,630.0,561.1149,561.1149,622.5141,483.62,MSFT
2589283.67,2026-05-15,2025-12-31,2026-03-31,US0231351067,232.11,2026-07-24,2496832.67,Amazon.com Inc.,2026-07-30,2026-06-30,2026-12-31,2026-06-30,234.27,247.23,232.23,263.99,128.8,247.23,182.832,239.16,238.34,238.34,313.0192,312.9871,314.2326,250.7673,283.5547,295.2519,370.0,370.0,305.0,360.0,360.0,370.0,370.0,360.0,207.0,207.0,195.0,175.0,230.0,207.0,207.0,245.0,315.0,315.0,250.0,285.0,300.0,315.0,315.0,300.0,312.9871,312.9871,295.236,230.82,AMZN
1516433.17,2026-05-15,2025-12-31,2026-03-31,US30303M1027,595.19,2026-07-24,1510844.17,Meta Platforms Inc.,2026-07-29,2026-06-30,2026-12-31,2026-06-30,557.67,646.01,714.8,675.03,291.61,646.01,369.79,658.76,563.29,563.29,825.841,827.3183,822.6859,753.7097,855.1127,831.9322,1015.0,1015.0,935.0,1015.0,1117.0,1015.0,1015.0,1117.0,664.46,664.46,566.0,614.0,685.0,664.46,664.46,685.0,825.0,821.16,754.5,850.0,825.0,825.0,825.0,850.0,827.3183,827.3183,837.1525,660.09,META
1010682.99,2026-05-15,2025-12-31,2026-03-31,KR7005930003,249500.0,2026-07-24,1083548.6,Samsung Electronics Co. Ltd.,2026-07-30,2026-06-30,2026-12-31,2026-06-30,339500.0,244000.0,65900.0,224500.0,71700.0,244000.0,78500.0,159500.0,334000.0,334000.0,492536.7222,448908.8611,492536.7222,73677.5,280455.7632,166386.7353,850000.0,850000.0,90000.0,362000.0,240000.0,850000.0,850000.0,175000.0,205000.0,210000.0,48000.0,140000.0,77000.0,205000.0,205000.0,77000.0,470000.0,500000.0,74500.0,289000.0,173500.0,480000.0,480000.0,140000.0,465714.4167,465714.4167,137232.8286,119900.0,A005930
855392.27,2026-05-15,2025-12-31,2026-03-31,KR7000660001,1759000.0,2026-07-24,877598.19,SK hynix Inc.,2026-07-29,2026-06-30,2026-12-31,2026-06-30,2673000.0,1764000.0,266000.0,1292000.0,124000.0,1764000.0,116000.0,800000.0,2650000.0,2650000.0,3408502.2973,3048502.2973,3408502.2973,327589.8889,1674772.4595,825126.3784,4700000.0,5300000.0,400000.0,2500000.0,1400000.0,4700000.0,4700000.0,900000.0,1030000.0,1200000.0,188633.0,255245.0,255245.0,1030000.0,1030000.0,255245.0,3100000.0,3500000.0,340000.0,1750000.0,840000.0,3300000.0,3300000.0,725000.0,3126880.6757,3126880.6757,712612.8649,651000.0,A000660
696271.86,2026-05-15,2025-12-31,2026-03-31,US30233Q1085,156.94,2026-07-24,650430.86,ExxonMobil Holdings Corporation,2026-07-31,2026-06-30,2026-12-31,2026-06-30,136.9,147.36,110.79,148.91,105.52,147.36,57.04,134.97,136.72,136.72,167.0454,170.4286,167.381,124.4915,166.0,132.4833,185.0,185.0,140.0,195.0,158.0,185.0,185.0,158.0,130.0,130.0,95.0,123.0,114.0,130.0,130.0,109.0,173.0,168.0,126.0,165.0,132.5,173.0,173.0,130.0,170.2857,170.2857,131.68,120.34,XOM
521800.39,2026-05-15,2025-12-31,2026-03-31,US00287Y1091,259.36,2026-07-24,458235.39,AbbVie Inc.,2026-07-31,2026-06-30,2026-12-31,2026-06-30,234.89,254.49,190.83,198.71,143.18,254.49,118.19,219.26,251.64,251.64,267.7857,254.3793,266.5714,209.1607,249.2667,245.2222,328.0,328.0,250.0,294.0,289.0,328.0,328.0,289.0,200.0,200.0,170.0,184.0,184.0,200.0,200.0,184.0,258.0,274.0,205.0,253.5,245.0,259.0,259.0,244.0,256.1429,256.1429,244.6804,228.49,ABBV
430940.54,2026-05-15,2025-12-31,2026-03-31,US1667641005,194.79,2026-07-24,385183.54,Chevron Corporation,2026-07-31,2026-06-30,2026-12-31,2026-06-30,171.45,187.38,155.83,185.21,161.82,187.38,98.86,166.72,165.76,165.76,214.2083,217.3182,214.2609,164.8787,212.3043,175.785,236.0,243.0,186.0,236.0,206.0,236.0,236.0,206.0,170.0,170.0,124.0,165.0,152.84,170.0,170.0,124.0,220.5,216.0,165.0,216.0,174.5,220.5,220.5,172.5,217.1364,217.1364,172.4167,152.41,CVX
380670.32,2026-05-13,2025-06-30,2026-03-29,US5128073062,305.21,2026-07-24,381686.77,Lam Research Corporation,2026-07-29,2026-06-29,2026-06-30,2026-06-29,374.8,313.3,97.78,267.78,63.903,313.3,64.027,217.94,433.33,433.33,372.3226,343.3226,366.4839,98.7188,304.6774,213.0645,480.0,500.0,125.0,385.0,265.0,500.0,500.0,210.0,220.0,220.0,70.0,220.0,115.0,220.0,220.0,115.0,331.0,380.0,97.0,315.0,220.0,331.0,331.0,165.0,348.6452,348.6452,169.8276,171.18,LRCX
386807.18,2026-05-18,2025-12-31,2026-04-03,US1912161007,82.25,2026-07-24,353879.18,The Coca-Cola Company,2026-07-28,2026-07-03,2026-12-31,2026-07-03,80.6,81.56,69.1,76.63,62.46,81.56,57.01,72.88,81.27,81.27,88.3043,85.9742,87.3492,77.7884,83.6687,79.2339,92.0,98.0,85.0,90.0,87.0,92.0,92.0,87.0,71.38,71.38,59.6,71.38,71.38,71.38,71.38,72.0,88.0,88.0,79.0,85.0,79.0,88.0,88.0,80.0,85.9742,85.9742,79.6087,69.91,KO
368963.78,2026-05-15,2025-06-30,2026-03-31,US7427181091,147.41,2026-07-24,343258.78,The Procter & Gamble Company,2026-07-29,2026-06-30,2026-06-30,2026-06-30,152.04,149.98,158.81,148.18,153.42,149.98,139.79,150.15,146.64,146.64,163.6087,163.4348,163.4348,170.8282,163.2727,165.5909,186.0,186.0,186.0,186.0,186.0,186.0,186.0,186.0,145.0,145.0,140.0,142.0,148.0,145.0,145.0,148.0,164.0,164.0,176.0,165.5,166.5,164.0,164.0,170.5,163.5652,163.5652,168.9546,143.31,PG
274601.16,2026-06-29,2026-03-31,2026-03-31,US0420682058,260.01,2026-07-24,277711.16,Arm Holdings plc,2026-07-29,2026-06-30,2027-03-31,2027-03-31,359.08,267.19,159.99,234.81,,267.19,,116.07,354.57,354.57,300.7303,283.3426,303.9735,142.2806,169.5886,158.7286,500.0,500.0,210.0,240.0,215.0,500.0,500.0,215.0,125.0,125.0,76.54,95.0,80.0,125.0,125.0,80.0,257.5,260.0,150.0,172.5,160.14,260.0,260.0,175.0,297.7573,297.7573,164.8481,109.31,ARM
276184.48,2026-05-15,2025-06-30,2026-03-31,US4824801009,210.52,2026-07-24,274997.06,KLA Corporation,2026-07-28,2026-06-30,2026-06-30,2026-06-30,240.48,212.75,90.418,193.5,46.098,212.75,32.076,151.278,301.71,301.71,234.0357,204.3929,234.5714,84.8782,170.9276,149.0655,317.0,325.0,107.5,200.0,180.0,325.0,325.0,150.0,150.0,150.0,59.0,135.0,100.0,150.0,150.0,100.0,200.0,227.5,90.0,170.0,150.0,200.0,200.0,130.0,214.2143,214.2143,132.0963,121.508,KLAC
227121.08,2026-08-14,2025-12-31,2026-06-30,CNE100003662,383.01,2026-07-24,265009.69,Contemporary Amperex Technology Co. Limited,2026-07-25,2026-09-30,2026-12-31,2026-09-30,381.0,376.43,282.8,434.88,226.98,376.43,275.0,339.4,393.01,393.01,559.7974,560.3336,560.1452,345.1539,542.3058,482.2687,800.0,800.0,405.0,640.0,571.0,800.0,800.0,571.0,345.0,345.0,260.0,345.0,292.0,345.0,345.0,292.0,572.5,570.0,341.24,546.5,490.0,572.5,572.5,476.0,560.3336,560.3336,473.3774,367.26,300750
288424.25,2026-05-15,2025-12-31,2026-03-31,GB0009895292,126.7,2026-07-24,261785.86,AstraZeneca PLC,2026-07-27,2026-06-30,2026-12-31,2026-06-30,139.1,125.94,109.06,139.56,107.8,125.94,84.8,135.8,141.0,141.0,158.5553,167.161,157.6501,136.0902,162.9824,152.1894,190.7872,184.1598,175.4506,200.229,182.8773,190.7872,190.7872,182.4719,115.1105,112.8982,108.8983,111.8717,109.6421,115.1105,115.1105,102.3971,170.3285,161.6388,139.1431,165.4518,156.046,170.3285,170.3285,153.5836,167.161,167.161,149.967,137.9,AZN
288709.19,2026-03-31,2025-12-31,2025-12-31,FR0000121014,461.7,2026-07-24,260584.12,LVMH Moët Hennessy - Louis Vuitton Société Européenne,2026-07-27,2026-03-31,2026-12-31,2026-12-31,493.0,495.1,470.25,471.65,857.6,495.1,674.0,591.4,484.1,484.1,576.9269,576.5423,576.9269,560.364,602.3,651.5778,660.0,660.0,720.0,825.0,825.0,660.0,660.0,825.0,420.0,420.0,450.0,456.0,434.6,420.0,420.0,434.6,591.5,591.5,550.0,600.0,650.0,591.5,591.5,643.0,576.5423,576.5423,641.8308,645.0,MC
299056.09,2026-05-15,2025-12-31,2026-03-31,GB00BP6MXD84,33.055,2026-07-24,245036.81,Shell plc,2026-07-30,2026-06-30,2026-12-31,2026-06-30,29.465,32.36,26.625,33.075,24.43,32.36,13.652,26.875,29.33,29.33,37.1144,39.2366,36.9253,30.6758,38.1073,30.9063,46.425,44.4322,40.6864,44.898,39.3985,44.9558,44.9558,40.0002,33.003,30.1416,26.7614,30.5412,27.6845,32.8389,32.8389,28.5052,39.0431,37.2738,30.0847,37.9137,30.0021,38.8489,38.8489,30.4702,38.8617,38.8617,31.2804,27.4,SHEL
260735.28,2026-05-15,2025-12-31,2026-03-31,IE000S9YS762,512.2801,2026-07-24,236851.28,Linde plc,2026-07-31,2026-06-30,2026-12-31,2026-06-30,515.73,513.22,471.49,510.3,384.69,513.22,298.81,451.57,518.94,518.94,548.8,545.44,547.72,499.0192,523.8892,503.52,600.0,622.0,576.0,580.0,565.0,600.0,600.0,565.0,400.0,400.0,381.0,381.0,381.0,400.0,400.0,381.0,550.0,550.0,504.5,535.0,500.0,550.0,550.0,500.5,546.04,546.04,502.7083,426.39,LIN
229801.14,2026-03-31,2025-12-31,2025-12-31,FR0000120321,374.7,2026-07-24,227411.6,L'Oréal S.A.,2026-07-29,2026-03-31,2026-12-31,2026-12-31,386.65,381.75,373.65,377.45,407.6,381.75,387.05,386.25,383.65,383.65,412.0417,410.3333,412.0417,380.312,403.4792,397.78,450.0,450.0,430.0,450.0,440.0,450.0,450.0,440.0,328.0,328.0,265.0,326.0,337.0,328.0,328.0,325.0,419.5,420.5,390.0,407.5,405.0,419.5,419.5,395.0,410.5417,410.5417,388.6042,366.6,OR
184563.77,2026-03-31,2025-12-31,2025-12-31,FR0000052292,1643.0,2026-07-24,195844.04,Hermès International Société en commandite par actions,2026-07-29,2026-03-31,2026-12-31,2026-12-31,1629.0,1681.0,2347.0,1648.0,1897.4,1681.0,1288.0,2130.0,1598.0,1598.0,1969.7727,1977.5,1969.7727,2551.381,2155.5,2374.3182,2320.0,2320.0,3000.0,2650.0,2800.0,2320.0,2320.0,2800.0,1500.0,1500.0,1580.0,1580.0,1580.0,1500.0,1500.0,1580.0,1997.5,1985.0,2600.0,2200.0,2375.0,1997.5,1997.5,2350.0,1977.5,1977.5,2378.0476,2122.0,RMS
195728.66,2026-05-18,2025-06-30,2026-04-03,IE00BKVD2N49,851.69,2026-07-24,192696.66,Seagate Technology Holdings plc,2026-07-28,2026-07-03,2026-06-30,2026-07-03,993.25,787.66,152.73,586.25,59.28,787.66,85.48,346.1,965.0,965.0,1008.6087,898.0909,1001.0,143.0725,532.7273,354.1818,1150.0,1600.0,200.0,700.0,465.0,1600.0,1600.0,465.0,545.0,680.0,68.0,375.0,270.0,545.0,545.0,150.0,951.5,1000.0,152.5,522.5,365.0,983.0,983.0,305.0,941.6522,941.6522,300.5455,275.39,STX
202100.39,2026-05-15,2025-12-31,2026-03-31,US0320951017,152.67,2026-07-24,187819.89,Amphenol Corporation,2026-07-29,2026-06-30,2026-12-31,2026-06-30,162.78,151.2,104.46,149.71,41.795,151.2,35.5,150.99,176.32,176.32,189.3889,183.2778,188.5556,100.5477,169.7778,156.5972,215.0,215.0,120.0,210.0,182.0,215.0,215.0,180.0,135.0,165.0,70.0,135.0,115.0,135.0,135.0,115.0,180.0,190.0,102.0,169.0,158.0,180.5,180.5,151.0,184.0,184.0,150.4306,135.14,APH
192060.91,2026-06-29,2026-03-31,2026-03-31,JP3236330001,56010.0,2026-07-24,187328.37,Kioxia Holdings Corporation,2026-07-31,2026-06-30,2027-03-31,2027-03-31,92180.0,52110.0,2457.0,35470.0,,52110.0,,18450.0,89680.0,89680.0,116768.75,101531.25,113300.0,2250.0,37214.2857,14354.5454,200000.0,200000.0,3000.0,62500.0,24600.0,200000.0,200000.0,23000.0,40000.0,40000.0,1500.0,17000.0,7000.0,40000.0,40000.0,3000.0,103900.0,115500.0,2250.0,35500.0,14000.0,111550.0,111550.0,12750.0,110593.75,110593.75,11750.0,10435.0,285A
179982.57,2026-05-15,2025-12-31,2026-03-31,TW0002454006,3750.0,2026-07-24,184940.47,MediaTek Inc.,2026-07-31,2026-06-30,2026-12-31,2026-06-30,3880.0,3340.0,1430.0,2435.0,658.0,3340.0,938.0,1775.0,4245.0,4245.0,4889.6087,4278.5217,4841.7826,1640.2182,2193.7,1722.7304,6500.0,10000.0,1888.0,2820.0,2500.0,10000.0,10000.0,1820.8,1751.0,1751.0,1250.0,1600.0,1230.0,1751.0,1751.0,1230.0,4200.0,5100.0,1668.0,2142.5,1750.0,4380.0,4380.0,1640.0,4563.3044,4563.3044,1584.513,1430.0,2454
183161.29,2026-05-15,2025-12-31,2026-03-31,NL0000235190,206.05,2026-07-24,184432.47,Airbus SE,2026-07-29,2026-06-30,2026-12-31,2026-06-30,195.1,194.32,182.6,165.92,136.36,194.32,111.5,206.8,194.54,194.54,219.3196,210.4378,216.5029,188.3889,211.3074,227.75,258.0,258.0,229.0,255.0,269.0,258.0,258.0,269.0,175.0,175.0,140.0,170.0,141.0,175.0,175.0,141.0,212.0,216.5,189.0,220.0,235.5,212.0,212.0,230.0,210.4378,210.4378,224.25,198.4,AIR
181457.38,2026-05-13,2025-09-30,2026-03-29,US7475251036,166.97,2026-07-24,175986.38,QUALCOMM Incorporated,2026-07-29,2026-06-29,2026-09-30,2026-06-29,197.41,171.78,158.84,148.85,124.1,171.78,144.88,155.82,184.79,184.79,221.2333,186.5,222.7333,175.061,150.1035,191.3461,300.0,314.0,225.0,200.0,225.0,300.0,300.0,225.0,100.0,100.0,140.0,100.0,157.0,100.0,100.0,157.0,177.0,225.0,170.0,150.0,192.5,220.0,220.0,195.0,215.4194,215.4194,193.4,171.05,QCOM
170774.95,2026-06-29,2026-03-31,2026-03-31,JP3571400005,62660.0,2026-07-24,173864.61,Tokyo Electron Limited,2026-07-30,2026-06-30,2027-03-31,2027-03-31,72920.0,65100.0,27960.0,47100.0,20400.0,65100.0,15173.3333,42130.0,77150.0,77150.0,73745.4545,65013.6364,72536.3636,30657.9545,47877.2727,38593.1818,90000.0,99000.0,37000.0,62000.0,50000.0,90000.0,90000.0,44000.0,38500.0,38500.0,22975.0,26500.0,22400.0,38500.0,38500.0,22400.0,62350.0,78000.0,31000.0,48750.0,38250.0,62350.0,62350.0,37850.0,65663.6364,65663.6364,35575.0,34320.0,8035
188915.54,2026-03-31,2025-12-31,2025-12-31,FR0000121972,268.05,2026-07-24,171256.64,Schneider Electric S.E.,2026-07-30,2026-03-31,2026-12-31,2026-12-31,280.5,262.45,238.9,276.0,162.92,262.45,140.18,231.85,285.4,285.4,312.9583,302.2083,308.7917,252.9409,296.5,274.0504,340.0,350.0,289.0,340.0,300.0,340.0,340.0,300.0,250.0,250.0,220.0,250.0,231.0,250.0,250.0,231.0,302.0,310.0,250.0,297.5,280.0,310.0,310.0,275.0,306.5,306.5,270.5527,234.9,SU
194607.1,2026-05-15,2025-12-31,2026-03-31,US0970231058,209.52,2026-07-24,165165.1,The Boeing Company,2026-07-28,2026-06-30,2026-12-31,2026-06-30,220.25,214.03,231.27,232.44,215.87,214.03,221.52,252.15,216.47,216.47,270.0769,270.0,270.0769,239.2717,268.24,258.04,300.0,300.0,285.0,300.0,300.0,300.0,300.0,285.0,230.0,230.0,150.0,230.0,155.0,230.0,230.0,150.0,275.0,272.5,247.5,270.0,265.0,275.0,275.0,250.0,270.0,270.0,245.76,217.12,BA
229741.73,2026-05-15,2025-12-31,2026-03-31,BE0974293251,71.64,2026-07-24,158899.25,Anheuser-Busch InBev SA/NV,2026-07-30,2026-06-30,2026-12-31,2026-06-30,74.44,71.1,59.98,62.16,52.7,71.1,58.09,58.88,72.66,72.66,80.3994,80.4979,80.182,69.7106,74.4727,66.9461,97.1592,97.1437,80.9046,91.2997,92.0315,96.6842,96.6842,93.9004,68.097,67.8338,54.5891,58.9859,52.8697,67.7641,67.7641,55.4458,80.622,79.0452,71.1853,74.4038,67.6811,79.7307,79.7307,67.1438,79.9314,79.9314,67.3531,54.9,ABI
178026.38,2026-05-15,2025-12-31,2026-03-31,IE00B8KQN827,404.07,2026-07-24,156900.38,Eaton Corporation plc,2026-07-31,2026-06-30,2026-12-31,2026-06-30,404.59,399.99,384.9,423.92,207.36,399.99,156.73,331.22,426.12,426.12,455.7916,451.733,455.7916,366.158,412.9518,396.8042,534.0,534.0,420.0,514.0,552.0,534.0,534.0,474.0,321.0,321.0,288.0,321.0,321.0,321.0,321.0,288.0,471.0,475.0,377.0,419.0,399.5,475.0,475.0,414.4,455.7916,455.7916,404.0624,318.51,ETN
154398.48,2026-03-31,2025-12-31,2025-12-31,FR0000073272,329.8,2026-07-24,155421.79,Safran SA,2026-07-28,2026-03-31,2026-12-31,2026-12-31,338.4,329.5,279.1,270.0,143.08,329.5,116.4,310.4,345.0,345.0,353.3364,341.7455,353.3364,273.9244,347.4273,338.6229,400.0,410.0,308.0,410.0,382.0,400.0,400.0,382.0,257.0,257.0,219.0,257.0,257.0,257.0,257.0,257.0,340.2,357.5,281.5,352.2,340.0,340.2,340.2,330.0,341.7455,341.7455,332.2989,297.4,SAF
152620.11,2026-03-31,2025-12-31,2025-12-31,GB00B63H8491,14.156,2026-07-24,155097.89,Rolls-Royce Holdings plc,2026-07-30,2026-03-31,2026-12-31,2026-12-31,14.192,13.656,9.856,11.294,1.567,13.656,0.9563,12.53,14.446,14.446,14.885,14.2525,14.885,8.8637,14.0395,12.4242,17.4,18.7,13.0,17.4,16.25,17.4,17.4,16.15,11.01,11.01,2.4,9.0,7.9,11.01,11.01,7.9,14.55,15.0,9.275,14.8,12.8,14.55,14.55,12.625,14.315,14.315,12.1589,11.5,RR
142117.76,2026-05-15,2025-12-31,2026-03-31,TW0002308004,1785.0,2026-07-24,143264.58,Delta Electronics Inc.,2026-07-30,2026-06-30,2026-12-31,2026-06-30,1810.0,1705.0,517.0,2020.0,358.5,1705.0,292.0,1250.0,1950.0,1950.0,2662.05,2668.2632,2685.6316,512.7778,1882.0526,1353.579,4500.0,4500.0,630.0,2800.0,1770.0,4500.0,4500.0,1400.0,1270.0,1270.0,352.0,600.0,550.0,1270.0,1270.0,550.0,2660.0,2750.0,525.0,1960.0,1330.0,2660.0,2660.0,1235.0,2668.2632,2668.2632,1205.6111,963.0,2308
134662.49,2026-06-29,2026-03-31,2026-03-31,CH0210483332,193.05,2026-07-24,138792.06,Compagnie Financière Richemont SA,2026-07-30,2026-06-30,2027-03-31,2027-03-31,185.5,194.2,139.6,150.3,138.2,194.2,116.1,154.55,186.55,186.55,207.9151,188.2777,203.0636,166.9834,180.8507,186.002,225.1297,239.6402,190.1833,202.2024,218.1571,225.1297,225.1297,218.9102,138.5203,138.7515,135.3105,138.035,138.8568,138.5203,138.5203,139.5928,188.4007,209.9483,167.0039,182.4649,189.9101,190.2814,190.2814,188.8547,189.3853,189.3853,183.5934,172.05,CFR
129894.96,2026-06-29,2026-03-31,2026-03-31,JP3788600009,4850.0,2026-07-24,132735.97,Hitachi Ltd.,2026-07-29,2026-06-30,2027-03-31,2027-03-31,4478.0,4717.0,4614.0,5356.0,1776.0,4717.0,1298.4,5094.0,4471.0,4471.0,6035.7143,5914.2857,6035.7143,4714.2287,5807.1429,5600.9593,6800.0,6900.0,5200.0,6700.0,6300.0,6800.0,6800.0,6300.0,4600.0,4600.0,3700.0,4600.0,4513.43,4600.0,4600.0,4513.43,6100.0,6200.0,4900.0,5850.0,5850.0,6100.0,6100.0,5800.0,5914.2857,5914.2857,5515.245,4902.0,6501
173298.15,2026-03-31,2025-12-31,2025-12-31,GB0002875804,45.72,2026-07-24,131407.57,British American Tobacco p.l.c.,2026-07-30,2026-03-31,2026-12-31,2026-12-31,46.78,46.69,39.13,43.02,26.55,46.69,27.69,43.28,46.77,46.77,51.1667,50.5455,50.5455,38.5,46.2083,45.1923,57.5,57.5,48.0,52.0,52.0,57.5,57.5,52.0,36.0,36.0,26.5,30.5,30.5,36.0,36.0,30.5,52.0,52.0,41.0,49.0,46.5,52.0,52.0,45.75,50.5455,50.5455,44.875,42.14,BATS
160657.31,2026-03-31,2025-12-31,2025-12-31,GB00BVZK7T90,45.755,2026-07-24,131228.81,Unilever PLC,2026-07-28,2026-03-31,2026-12-31,2026-12-31,45.44,46.73,50.58,42.805,45.2081,46.73,46.62,48.64,45.275,45.275,51.0876,51.153,51.2235,56.3224,52.0693,52.6977,58.9457,58.3401,66.6652,58.9536,59.3677,58.9157,58.9157,62.2997,36.9535,37.8145,42.7236,41.9807,39.8323,36.9347,36.9347,40.0609,51.6469,51.4312,59.4142,52.445,54.3232,51.6206,51.6206,55.0842,51.1249,51.1249,53.1141,48.595,ULVR
125939.15,2026-06-29,2026-03-31,2026-03-31,JP3122400009,28945.0,2026-07-24,127890.74,Advantest Corporation,2026-07-29,2026-06-30,2027-03-31,2027-03-31,32440.0,27505.0,11495.0,31500.0,4958.75,27505.0,2367.5,24955.0,32340.0,32340.0,35395.0,34695.0,35140.0,10665.7895,29210.0,20681.5789,41000.0,42400.0,16000.0,35000.0,26100.0,41000.0,41000.0,26100.0,23000.0,23000.0,6000.0,20500.0,8000.0,23000.0,23000.0,8000.0,35350.0,35350.0,10100.0,30000.0,21500.0,35350.0,35350.0,20500.0,34695.0,34695.0,19218.4211,19635.0,6857
139259.17,2026-03-31,2025-12-31,2025-12-31,FR0000120073,176.52,2026-07-24,127408.01,L'Air Liquide S.A.,2026-07-28,2026-03-31,2026-12-31,2026-12-31,169.76,176.46,157.1818,171.2364,132.876,176.46,113.118,143.2909,173.28,173.28,193.7023,181.091,191.0388,177.2727,179.9546,177.1429,200.0,216.0,196.3636,196.3636,196.3636,200.0,200.0,196.3636,152.73,152.73,140.0,152.7273,140.0,152.73,152.73,140.0,181.8182,190.9546,180.4545,181.8182,181.8182,181.8182,181.8182,181.8182,181.091,181.091,179.3636,145.6909,AI
162403.2,2026-05-15,2025-12-31,2026-03-31,US1101221083,62.09,2026-07-24,126792.2,Bristol-Myers Squibb Company,2026-07-30,2026-06-30,2026-12-31,2026-06-30,55.0,60.74,48.94,58.71,64.73,60.74,68.34,54.65,57.62,57.62,62.9583,63.08,62.9583,56.5504,63.04,56.9565,75.0,75.0,68.0,75.0,68.0,75.0,75.0,68.0,40.0,40.0,34.0,40.0,37.0,40.0,40.0,37.0,65.0,63.0,55.0,64.0,58.0,63.0,63.0,55.0,63.0,63.0,55.087,53.94,BMY
138873.89,2026-05-15,2025-12-31,2026-03-31,US8636671013,330.25,2026-07-24,126604.89,Stryker Corporation,2026-07-30,2026-06-30,2026-12-31,2026-06-30,313.68,319.87,396.66,327.51,290.73,319.87,262.67,355.04,314.84,314.84,386.52,386.8,386.52,423.0643,419.1133,427.395,465.0,465.0,465.0,469.0,465.0,465.0,465.0,465.0,315.0,315.0,306.0,316.0,316.0,315.0,315.0,316.0,385.0,385.0,435.0,420.0,435.0,385.0,385.0,435.0,386.8,386.8,428.1133,351.47,SYK
134918.54,2026-05-15,2025-12-31,2026-03-31,US2193501051,146.65,2026-07-24,126212.54,Corning Incorporated,2026-07-28,2026-06-30,2026-12-31,2026-06-30,205.83,154.61,55.72,175.89,33.19,154.61,41.22,93.3,255.43,255.43,215.4667,201.7333,214.0667,55.3071,145.4667,95.9231,230.0,270.0,62.0,189.0,110.0,230.0,230.0,109.0,150.0,155.0,46.3,95.0,60.0,155.0,155.0,60.0,210.0,220.0,56.5,146.0,100.0,215.0,215.0,98.0,206.0667,206.0667,94.5385,87.56,GLW
208111.74,2026-05-15,2025-12-31,2026-03-31,CA29250N1050,80.21,2026-07-24,124214.97,Enbridge Inc.,2026-07-31,2026-06-30,2026-12-31,2026-06-30,78.8,79.42,62.03,72.86,49.65,79.42,48.8,66.05,76.91,76.91,79.6191,78.4762,78.9048,67.1667,76.1429,71.1191,85.0,86.0,75.0,85.0,80.0,86.0,86.0,80.0,72.0,72.0,59.0,66.0,62.0,72.0,72.0,62.0,78.0,78.0,67.0,76.0,71.0,78.0,78.0,71.0,78.6191,78.6191,71.1191,65.68,ENB
121557.1,2026-06-29,2026-03-31,2026-03-31,JP3435000009,3409.0,2026-07-24,122177.95,Sony Group Corporation,2026-07-31,2026-06-30,2027-03-31,2027-03-31,3199.0,3470.0,3706.0,3188.0,2642.0,3470.0,2210.0,3490.0,3280.0,3280.0,4686.8182,4691.3636,4686.8182,4451.6667,4764.7826,5064.1667,5900.0,5900.0,5100.0,5900.0,5900.0,5900.0,5900.0,6050.0,3500.0,3500.0,3900.0,3400.0,4000.0,3500.0,3500.0,4000.0,4700.0,4700.0,4500.0,4800.0,5150.0,4700.0,4700.0,5200.0,4691.3636,4691.3636,5191.6,4024.0,6758
143006.36,2026-05-15,2025-12-31,2026-03-31,US02209S1033,72.99,2026-07-24,121885.36,Altria Group Inc.,2026-07-30,2026-06-30,2026-12-31,2026-06-30,72.07,74.21,59.61,66.88,45.6,74.21,47.49,61.91,71.95,71.95,70.6364,70.3636,70.6364,58.5479,65.5833,62.5833,82.0,82.0,73.0,74.0,73.0,82.0,82.0,73.0,59.0,59.0,49.0,50.0,47.0,59.0,59.0,47.0,71.0,71.0,58.835,66.5,62.5,71.0,71.0,61.5,70.3636,70.3636,62.4167,57.66,MO
140389.63,2026-05-13,2025-09-30,2026-03-29,US8552441094,103.25,2026-07-24,117674.02,Starbucks Corporation,2026-07-29,2026-06-29,2026-09-30,2026-06-29,103.53,105.49,93.7,98.67,102.78,105.49,125.97,97.62,102.19,102.19,106.4516,106.25,106.4516,93.95,100.9706,95.871,137.0,137.0,110.0,122.0,115.0,137.0,137.0,115.0,81.0,81.0,69.0,74.0,67.0,81.0,81.0,67.0,110.0,110.0,95.0,100.0,95.0,110.0,110.0,95.0,106.25,106.25,94.129,84.21,SBUX
113231.04,2026-08-14,2025-12-31,2026-06-30,TH0528A10Z06,307.0,2026-07-24,113643.99,Delta Electronics (Thailand) Public Company Limited,2026-07-24,2026-09-30,2026-12-31,2026-09-30,314.0,300.0,140.5,290.0,109.0,300.0,57.6,198.0,325.0,325.0,343.7632,327.6667,336.3947,90.6312,255.2647,197.6094,420.0,450.0,160.0,350.0,275.0,420.0,420.0,275.0,253.0,253.0,50.0,162.0,140.0,253.0,253.0,109.0,325.0,333.0,74.05,260.0,190.5,325.0,325.0,196.5,327.6667,327.6667,190.2344,173.0,DELTA
205160.7,2026-05-15,2025-12-31,2026-03-31,IT0003128367,9.927,2026-07-24,113244.84,Enel SpA,2026-07-30,2026-06-30,2026-12-31,2026-06-30,9.867,10.168,7.662,9.821,6.195,10.168,8.05,9.017,10.054,10.054,10.2762,10.2159,10.2762,8.45,10.1932,9.3413,12.0,12.0,9.5,12.0,11.0,12.0,12.0,10.0,8.8,8.8,7.4,8.0,7.7,8.8,8.8,7.6,10.2,10.2,8.425,10.3,9.5,10.2,10.2,9.25,10.2182,10.2182,9.0182,8.877,ENEL
108905.94,2026-05-15,2025-12-31,2026-03-31,US34959E1091,152.37,2026-07-24,111633.64,Fortinet Inc.,2026-07-29,2026-06-30,2026-12-31,2026-06-30,145.28,161.61,104.77,84.34,77.27,161.61,55.142,81.64,153.62,153.62,133.0,113.7838,119.2432,109.4413,89.0,86.9091,180.0,215.0,135.0,120.0,120.0,180.0,180.0,120.0,70.0,70.0,83.0,64.0,70.0,70.0,70.0,70.0,110.0,115.0,110.0,90.0,86.0,110.0,110.0,86.0,113.7838,113.7838,87.0382,79.41,FTNT
112294.24,2026-05-15,2025-12-31,2026-03-31,US92537N1081,290.36,2026-07-24,111529.84,Vertiv Holdings Co,2026-07-29,2026-06-30,2026-12-31,2026-06-30,316.43,289.56,130.87,323.46,25.78,289.56,27.74,182.49,334.82,334.82,376.1538,380.84,380.0,127.7583,303.96,202.0435,500.0,500.0,165.0,373.0,249.0,500.0,500.0,230.0,236.0,236.0,82.0,155.0,147.0,236.0,236.0,147.0,380.0,380.0,130.0,320.0,204.0,380.0,380.0,200.0,379.5833,379.5833,198.3478,162.01,VRT
187444.03,2026-05-15,2025-12-31,2026-03-31,US8425871071,97.25,2026-07-24,109630.03,The Southern Company,2026-07-30,2026-06-30,2026-12-31,2026-06-30,95.78,95.3,95.0,93.49,72.95,95.3,63.86,87.54,95.71,95.71,100.725,101.0263,101.5526,94.0394,101.7105,95.775,114.0,114.0,104.0,114.0,108.0,114.0,114.0,109.0,81.0,81.0,73.0,81.0,76.0,81.0,81.0,76.0,101.0,103.0,97.5,103.0,98.0,101.0,101.0,98.5,101.1316,101.1316,96.725,87.2,SO
109888.87,2026-05-15,2025-12-31,2026-03-31,IE00BK9ZQ967,480.99,2026-07-24,106325.47,Trane Technologies plc,2026-07-30,2026-06-30,2026-12-31,2026-06-30,483.15,469.98,461.73,486.42,194.47,469.98,201.45,386.22,491.16,491.16,523.7533,521.5139,522.9438,428.0395,485.6239,477.0675,585.0,570.0,502.0,559.0,560.0,570.0,570.0,550.0,402.0,402.0,254.0,394.0,375.0,402.0,402.0,375.0,530.0,530.0,445.0,480.0,460.5,530.0,530.0,469.0,522.3724,522.3724,480.1763,389.2,TT
97186.29,2026-06-18,2026-03-31,2026-03-20,JP3236200006,71820.0,2026-07-24,106303.54,Keyence Corporation,2026-07-28,2026-06-20,2027-03-31,2027-03-20,77100.0,70880.0,57660.0,73180.0,66550.0,70880.0,58020.0,58890.0,81060.0,81060.0,89075.0,84706.25,89075.0,72762.5,71875.0,69588.8889,100200.0,110000.0,88000.0,86000.0,81000.0,110000.0,110000.0,81000.0,60000.0,69000.0,56000.0,60000.0,60000.0,60000.0,60000.0,60000.0,87000.0,89000.0,73850.0,69950.0,69000.0,86700.0,86700.0,69000.0,85043.75,85043.75,69477.7778,56680.0,6861
110609.47,2026-05-20,2025-12-31,2026-04-05,US3695501086,386.75,2026-07-24,104431.47,General Dynamics Corporation,2026-07-29,2026-07-05,2026-12-31,2026-07-05,344.32,368.58,314.24,313.21,217.64,368.58,191.86,363.27,354.24,354.24,395.7391,393.1676,395.7391,307.0463,393.0738,393.006,444.0,444.0,348.0,444.0,444.0,444.0,444.0,424.0,313.0,308.0,261.0,327.0,327.0,313.0,313.0,300.0,398.0,398.0,310.0,390.0,394.0,398.0,398.0,386.5,392.9295,392.9295,381.856,336.66,GD
120762.27,2026-05-15,2025-12-31,2026-03-31,FR0000120578,76.03,2026-07-24,103920.89,Sanofi,2026-07-30,2026-06-30,2026-12-31,2026-06-30,73.55,77.34,85.22,80.08,98.17,77.34,88.07,79.31,75.08,75.08,96.1391,96.7044,96.313,110.9454,97.3565,100.9636,112.0,112.0,124.8,112.0,119.0,112.0,112.0,119.0,82.0,82.0,99.0,82.0,85.0,82.0,82.0,95.0,95.0,95.0,113.5,99.0,100.0,95.0,95.0,105.0,96.7044,96.7044,104.8667,82.72,SAN
122135.52,2026-05-15,2025-12-31,2026-03-31,GB00BN7SWP63,19.195,2026-07-24,101834.99,GSK plc,2026-07-28,2026-06-30,2026-12-31,2026-06-30,19.5,19.165,13.905,20.2,13.958,19.165,17.7,18.01,19.81,19.81,21.3905,20.869,21.3905,16.5217,20.485,18.7263,28.25,28.25,25.1,27.5,25.7,28.25,28.25,25.7,14.55,14.55,11.2,14.55,14.55,14.55,14.55,14.5,19.6,20.1,15.1,19.3,18.0,19.6,19.6,18.65,20.9216,20.9216,18.6361,18.245,GSK
101139.15,2026-05-15,2025-06-30,2026-03-31,US0530151036,250.09,2026-07-24,99969.55,Automatic Data Processing Inc.,2026-07-29,2026-06-30,2026-06-30,2026-06-30,219.855,255.265,306.24,196.53,239.5,255.265,206.08,257.87,223.95,223.95,257.5333,246.8,252.8,315.365,256.4667,288.5385,305.0,305.0,350.0,332.0,332.0,305.0,305.0,332.0,190.0,190.0,291.11,208.0,230.0,190.0,190.0,230.0,240.0,249.0,312.5,265.0,290.0,240.0,240.0,295.0,246.8,246.8,289.5385,257.23,ADP
120460.22,2026-05-15,2025-12-31,2026-03-31,US9113121068,114.79,2026-07-24,97572.22,United Parcel Service Inc.,2026-07-28,2026-06-30,2026-12-31,2026-06-30,106.14,117.72,102.53,107.02,188.34,117.72,211.64,107.98,107.5,107.5,115.0385,113.6,114.6539,113.8765,112.5556,106.9643,135.0,135.0,145.0,135.0,128.0,135.0,135.0,122.0,75.0,76.0,80.0,75.0,75.0,75.0,75.0,75.0,115.0,116.5,114.0,115.0,112.0,115.0,115.0,104.0,113.6,113.6,103.8276,99.19,UPS
118610.21,2026-05-15,2025-12-31,2026-03-31,US94106L1098,238.75,2026-07-24,95876.21,Waste Management Inc.,2026-07-28,2026-06-30,2026-12-31,2026-06-30,223.26,239.31,230.61,229.53,171.8,239.31,146.39,229.23,222.88,222.88,257.92,256.04,256.64,250.005,254.72,248.56,285.0,285.0,277.0,285.0,285.0,285.0,285.0,270.0,210.0,210.0,195.0,210.0,200.0,210.0,210.0,198.0,263.0,263.0,258.0,260.0,250.0,263.0,263.0,252.0,256.04,256.04,246.625,219.71,WM
99966.9,2026-05-15,2025-12-31,2026-03-31,US74762E1029,625.84,2026-07-24,93913.64,Quanta Services Inc.,2026-07-30,2026-06-30,2026-12-31,2026-06-30,701.88,628.53,407.22,624.84,203.81,628.53,89.77,468.76,720.04,720.04,756.0069,761.3531,760.8146,365.8048,600.6742,476.9685,901.0,940.0,440.0,713.0,548.0,901.0,901.0,548.0,420.0,400.0,210.0,380.0,290.0,420.0,420.0,290.0,800.0,795.0,375.0,626.0,492.5,800.0,800.0,492.5,761.3531,761.3531,476.6325,422.06,PWR
88674.42,2026-06-29,2026-03-31,2026-03-31,JP3914400001,8311.0,2026-07-24,92329.32,Murata Manufacturing Co. Ltd.,2026-07-31,2026-06-30,2027-03-31,2027-03-31,10770.0,7632.0,2213.0,4916.0,2723.3333,7632.0,3005.6667,3228.0,11395.0,11395.0,10952.9412,9958.8235,10952.9412,2729.4118,4735.2941,3743.5294,15750.0,15750.0,3600.0,7000.0,5000.0,15750.0,15750.0,4500.0,3900.0,4200.0,2200.0,3700.0,3100.0,4200.0,4200.0,3000.0,11700.0,12600.0,2600.0,4500.0,3600.0,12500.0,12500.0,3600.0,10758.8235,10758.8235,3672.9412,3246.0,6981
98039.93,2026-05-15,2025-12-31,2026-03-31,US58733R1023,1801.44,2026-07-24,91327.93,MercadoLibre Inc.,2026-07-31,2026-06-30,2026-12-31,2026-06-30,1659.57,1813.91,2391.05,1835.22,1198.43,1813.91,1613.81,2137.29,1697.39,1697.39,2214.875,2216.9583,2214.875,2784.6884,2457.5769,2817.0,2800.0,2800.0,3200.0,3500.0,3500.0,2800.0,2800.0,3500.0,1750.0,1750.0,1868.21,1827.0,2190.0,1750.0,1750.0,2190.0,2225.0,2200.0,2813.0,2420.0,2842.5,2225.0,2225.0,2842.5,2216.9583,2216.9583,2815.0769,2014.26,MELI
91519.41,2026-05-15,2025-12-31,2026-03-31,US1273871087,326.24,2026-07-24,89982.21,Cadence Design Systems Inc.,2026-07-27,2026-06-30,2026-12-31,2026-06-30,372.4,330.11,324.64,332.89,241.27,330.11,145.67,318.32,375.32,375.32,395.9419,388.7796,394.7881,329.7742,371.5296,381.3242,450.0,470.0,380.0,410.0,410.0,450.0,450.0,418.0,275.0,275.0,200.0,275.0,275.0,275.0,275.0,275.0,390.0,400.0,330.0,377.07,390.0,390.0,390.0,390.0,388.7796,388.7796,382.9781,312.58,CDNS
98644.17,2026-05-15,2025-12-31,2026-03-31,US91913Y1001,302.5,2026-07-24,89822.17,Valero Energy Corporation,2026-07-30,2026-06-30,2026-12-31,2026-06-30,242.43,309.65,140.34,235.85,125.71,309.65,63.71,187.09,260.44,260.44,289.4737,263.6667,276.3333,154.8725,247.7778,189.7778,300.0,340.0,186.0,292.0,220.0,300.0,300.0,220.0,190.0,190.0,133.0,181.0,144.0,190.0,190.0,144.0,273.0,287.5,155.0,250.0,190.0,275.0,275.0,191.0,264.5556,264.5556,184.9444,162.79,VLO
96322.27,2026-05-30,2025-09-30,2026-03-31,IE00BY7QL619,143.37,2026-07-24,87472.27,Johnson Controls International plc,2026-07-29,2026-06-30,2026-09-30,2026-09-30,142.81,140.46,110.02,141.92,68.9,140.46,70.92,113.59,146.11,146.11,156.3684,154.9048,155.7368,108.7295,144.0952,134.5556,180.0,186.0,130.0,173.0,170.0,180.0,180.0,142.0,111.0,111.0,79.0,109.0,120.0,111.0,111.0,119.0,155.0,155.0,110.0,146.0,135.0,155.0,155.0,134.5,155.2632,155.2632,131.5,119.75,JCI
98466.43,2026-03-31,2025-12-31,2025-12-31,FR0000121667,163.5,2026-07-24,85438.57,EssilorLuxottica Société anonyme,2026-07-28,2026-03-31,2026-12-31,2026-12-31,168.6,166.7,247.2,185.7,176.0,166.7,155.12,265.1,164.05,164.05,245.8261,270.2609,248.4348,260.2222,293.2727,319.3636,361.0,361.0,300.0,361.0,365.0,361.0,361.0,365.0,180.0,180.0,180.0,180.0,180.0,180.0,180.0,180.0,275.0,250.0,272.5,315.0,333.5,270.0,270.0,339.0,261.4783,261.4783,317.7619,269.9,EL
117410.8,2026-03-31,2025-12-31,2025-12-31,JE00B4T3BW64,5.373,2026-07-24,83873.01,Glencore plc,2026-07-29,2026-03-31,2026-12-31,2026-12-31,5.217,5.167,3.2275,5.575,4.7865,5.167,3.1575,5.01,5.138,5.138,6.2014,6.4036,6.2646,3.7872,5.9071,4.8858,7.8393,7.6803,4.569,6.6841,5.417,7.8217,7.8217,4.7769,4.6684,4.8101,3.1227,4.5617,4.2348,4.6667,4.6667,3.2101,6.4026,6.2283,3.7563,6.1296,4.8591,6.4002,6.4002,4.3793,6.3945,6.3945,4.2677,4.0655,GLEN
118847.06,2026-05-15,2025-12-31,2026-03-31,US2937921078,38.73,2026-07-24,83793.06,Enterprise Products Partners L.P.,2026-07-30,2026-06-30,2026-12-31,2026-06-30,36.09,38.2,31.79,38.0,27.07,38.2,23.54,33.04,36.76,36.76,41.15,41.25,41.3,35.895,40.05,35.5263,47.0,47.0,40.0,45.0,42.0,47.0,47.0,42.0,37.0,37.0,32.11,35.0,31.0,37.0,37.0,32.0,41.0,41.5,36.0,40.0,35.0,41.0,41.0,36.0,41.25,41.25,35.8824,32.06,EPD
88509.62,2026-05-15,2025-12-31,2026-03-31,TW0003711008,613.0,2026-07-24,83120.65,ASE Technology Holding Co. Ltd.,2026-07-30,2026-06-30,2026-12-31,2026-06-30,632.0,597.0,153.5,495.5,114.0,597.0,115.0,306.5,680.0,680.0,626.3529,588.25,626.3529,167.1765,365.9167,269.5389,750.0,840.0,195.0,564.0,350.0,750.0,750.0,330.0,350.0,350.0,150.0,161.0,160.0,350.0,350.0,160.0,577.5,588.0,165.0,356.25,261.5,584.0,584.0,257.5,597.9375,597.9375,252.4278,250.5,3711
99684.28,2026-05-15,2025-12-31,2026-03-31,CA13646K1084,130.32,2026-07-24,82044.27,Canadian Pacific Kansas City Limited,2026-07-29,2026-06-30,2026-12-31,2026-06-30,120.77,131.34,103.86,118.72,108.32,131.34,92.81,99.77,122.96,122.96,134.4211,127.1579,134.4211,118.4762,123.15,121.8,142.0,145.0,129.0,132.0,131.0,145.0,145.0,133.0,101.0,101.0,85.0,101.0,100.0,101.0,101.0,100.0,127.0,137.0,123.0,125.0,123.5,130.0,130.0,124.0,129.4211,129.4211,122.35,101.05,CP
89746.85,2026-05-15,2025-12-31,2026-03-31,US4523081093,283.02,2026-07-24,81424.85,Illinois Tool Works Inc.,2026-07-28,2026-06-30,2026-12-31,2026-06-30,263.68,276.05,261.83,269.29,254.34,276.05,226.39,258.26,270.47,270.47,280.0479,274.5419,280.0479,252.0006,275.875,262.9681,317.0,317.0,290.0,310.0,312.0,317.0,317.0,298.0,219.0,219.0,215.0,219.0,215.0,219.0,219.0,215.0,278.0,281.0,253.5,280.5,268.0,279.0,279.0,262.0,277.5479,277.5479,258.9681,246.3,ITW
100223.95,2026-05-15,2025-12-31,2026-03-31,LR0008862868,293.54,2026-07-24,78725.95,Royal Caribbean Cruises Ltd.,2026-07-28,2026-06-30,2026-12-31,2026-06-30,320.95,286.96,349.36,265.84,102.93,286.96,77.72,286.11,317.53,317.53,337.037,336.8846,338.3333,324.2536,346.7917,332.2083,425.0,425.0,405.0,425.0,415.0,425.0,425.0,415.0,255.0,255.0,200.0,250.0,223.0,255.0,255.0,223.0,342.5,345.0,330.0,349.5,331.0,342.5,342.5,325.5,336.8846,336.8846,328.4583,278.92,RCL
92240.73,2026-05-15,2025-12-31,2026-03-31,US8243481061,317.51,2026-07-24,77856.23,The Sherwin-Williams Company,2026-07-28,2026-06-30,2026-12-31,2026-06-30,333.13,331.32,340.21,337.7,268.02,331.32,285.97,348.52,344.32,344.32,379.6,372.95,378.9,369.6518,379.9048,386.2857,420.0,420.0,420.0,420.0,420.0,420.0,420.0,422.0,330.0,330.0,258.0,268.0,261.0,330.0,330.0,261.0,369.5,379.0,382.5,385.0,390.0,374.0,374.0,390.0,374.2,374.2,385.9524,324.03,SHW
97838.48,2026-05-15,2025-12-31,2026-03-31,US6092071058,60.52,2026-07-24,77686.48,Mondelez International Inc.,2026-07-28,2026-06-30,2026-12-31,2026-06-30,61.74,61.0,70.18,57.61,74.32,61.0,64.89,58.4,57.84,57.84,67.2727,67.2083,67.2727,73.6969,66.32,67.0208,75.0,75.0,81.0,75.0,84.0,75.0,75.0,84.0,55.0,55.0,66.0,55.0,60.0,55.0,55.0,61.5,67.5,68.0,74.0,67.0,67.0,67.5,67.5,69.0,67.25,67.25,68.1458,53.83,MDLZ
131079.64,2026-03-31,2025-12-31,2025-12-31,FR0010208488,27.79,2026-07-24,76843.14,Engie SA,2026-07-31,2026-03-31,2026-12-31,2026-12-31,26.5,26.86,19.645,28.28,15.394,26.86,11.464,24.1,27.59,27.59,30.5944,30.5944,30.5944,21.1294,30.3471,24.6421,33.5,33.5,23.4,34.0,26.5,33.5,33.5,26.4,24.5,24.5,17.5,24.5,19.5,24.5,24.5,17.5,31.0,31.0,21.5,30.0,25.0,31.0,31.0,24.0,30.5944,30.5944,23.3,22.41,ENGI
107214.1,2026-05-15,2025-12-31,2026-03-31,IT0003132476,22.96,2026-07-24,76647.87,Eni S.p.A.,2026-07-29,2026-06-30,2026-12-31,2026-06-30,20.795,21.645,14.4,22.95,13.808,21.645,9.669,16.794,20.62,20.62,24.8045,25.3091,24.8727,14.9932,25.1857,16.6391,30.0,30.0,17.5,30.0,20.0,30.0,30.0,20.0,19.0,19.0,13.0,18.0,14.5,19.0,19.0,14.5,25.65,25.25,15.0,26.0,16.6,25.65,25.65,16.5,25.3091,25.3091,16.5364,16.14,ENI
99880.65,2026-05-15,2025-12-31,2026-03-31,US1255231003,289.57,2026-07-24,76600.65,The Cigna Group,2026-07-30,2026-06-30,2026-12-31,2026-06-30,279.46,281.45,293.93,275.64,292.06,281.45,232.88,279.2,275.68,275.68,340.9167,340.5,340.9167,374.28,338.2917,326.9196,400.0,400.0,407.0,378.0,378.0,400.0,400.0,378.0,290.0,290.0,330.6,290.0,270.0,290.0,290.0,270.0,340.0,340.0,374.5,336.5,325.0,340.0,340.0,325.0,340.5,340.5,324.9196,275.23,CI
68684.26,2026-08-14,2026-03-31,2026-06-30,JP3371200001,6702.0,2026-07-24,76066.2,Shin-Etsu Chemical Co. Ltd.,2026-07-24,2026-09-30,2027-03-31,2026-09-30,6835.0,7157.0,4530.0,6949.0,4606.0,7157.0,3576.0,5476.0,7008.0,7008.0,8074.7059,7958.125,8086.4706,5612.5,6649.375,5564.7059,9520.0,9610.0,6200.0,7400.0,6300.0,9520.0,9520.0,6100.0,5750.0,7000.0,4600.0,5000.0,4600.0,5750.0,5750.0,4600.0,7930.0,7800.0,5600.0,7000.0,5500.0,7930.0,7930.0,5500.0,7958.125,7958.125,5470.5882,4873.0,4063
84411.13,2026-05-15,2025-12-31,2026-03-31,US2788651006,268.75,2026-07-24,75636.33,Ecolab Inc.,2026-07-28,2026-06-30,2026-12-31,2026-06-30,276.29,272.83,269.83,269.49,189.43,272.83,217.89,281.9,278.61,278.61,319.4286,317.1429,319.4,276.211,318.9524,295.3809,345.0,345.0,320.0,352.0,330.0,345.0,345.0,325.0,270.0,275.0,230.0,270.0,248.0,270.0,270.0,248.0,325.0,326.5,275.0,325.0,300.0,325.0,325.0,297.0,317.3809,317.3809,292.15,262.52,ECL
68591.93,2026-08-14,2025-12-31,2026-06-30,JP3519400000,7416.0,2026-07-24,74466.54,Chugai Pharmaceutical Co. Ltd.,2026-07-24,2026-09-30,2026-12-31,2026-09-30,7434.0,7325.0,7341.0,7445.0,4099.0,7325.0,4160.0,8642.0,7534.0,7534.0,9700.0,9973.3333,9853.3333,8367.8571,10043.3333,8892.8571,13500.0,13500.0,12000.0,13300.0,11400.0,13500.0,13500.0,11400.0,8000.0,8000.0,6100.0,7600.0,6400.0,8000.0,8000.0,6400.0,9800.0,9800.0,8600.0,9800.0,9100.0,9800.0,9800.0,8700.0,9973.3333,9973.3333,8621.4286,8243.0,4519
82152.17,2026-03-31,2025-12-31,2025-12-31,GB0002634946,19.71,2026-07-24,74368.46,BAE Systems plc,2026-07-30,2026-03-31,2026-12-31,2026-12-31,18.245,18.8,18.5,20.205,9.196,18.8,5.52,20.27,18.44,18.44,22.91,23.0489,22.91,19.705,23.225,21.3511,26.5,26.0,24.0,26.62,26.0,26.5,26.5,25.0,17.0,17.0,13.0,17.0,17.0,17.0,17.0,13.7,23.75,23.75,21.475,23.5,21.5,23.75,23.75,21.96,23.0489,23.0489,21.04,17.14,BA
86510.89,2026-05-15,2025-12-31,2026-03-31,US43300A2033,324.97,2026-07-24,73978.89,Hilton Worldwide Holdings Inc.,2026-07-28,2026-06-30,2026-12-31,2026-06-30,343.42,321.32,267.57,335.63,150.46,321.32,125.26,298.11,330.46,330.46,351.2083,347.3333,349.1667,267.1324,340.75,296.44,390.0,397.0,306.0,390.0,339.0,390.0,390.0,332.0,260.0,260.0,225.0,250.0,234.0,260.0,260.0,234.0,354.0,354.0,270.0,347.5,300.0,354.0,354.0,287.0,347.3333,347.3333,286.44,287.25,HLT
126210.0,2026-05-15,2025-12-31,2026-03-31,US0255371017,135.54,2026-07-24,73748.0,American Electric Power Company Inc.,2026-07-30,2026-06-30,2026-12-31,2026-06-30,134.96,132.14,108.97,134.73,87.6,132.14,85.98,116.63,136.81,136.81,145.7619,144.4286,145.5238,109.4577,141.381,128.6389,173.0,173.0,120.0,169.0,140.0,173.0,173.0,139.0,129.0,133.0,98.78,130.0,110.0,133.0,133.0,107.0,144.0,145.0,109.0,141.0,129.0,144.0,144.0,131.0,144.7619,144.7619,128.9722,115.31,AEP
124809.61,2026-05-15,2025-12-31,2026-03-31,CA87807B1076,99.59,2026-07-24,73593.02,TC Energy Corporation,2026-07-30,2026-06-30,2026-12-31,2026-06-30,98.67,97.79,64.9,84.79,50.89,97.79,61.02,77.11,93.92,93.92,97.6087,93.6087,96.4348,72.8571,88.7826,79.1818,103.0,109.0,79.0,102.0,92.0,103.0,103.0,92.0,78.0,78.0,57.0,68.0,63.0,78.0,78.0,63.0,95.0,97.0,75.0,89.0,80.0,95.0,95.0,80.0,93.6087,93.6087,78.7727,75.58,TRP
79512.18,2026-05-15,2025-12-31,2026-03-31,US1941621039,90.75,2026-07-24,72617.18,Colgate-Palmolive Company,2026-07-31,2026-06-30,2026-12-31,2026-06-30,91.88,92.98,88.45,84.65,77.48,92.98,83.28,86.66,91.68,91.68,97.65,95.85,96.6,98.009,95.3684,88.7895,105.0,110.0,108.0,105.0,95.0,105.0,105.0,95.0,80.0,80.0,84.18,79.0,81.0,80.0,80.0,77.0,98.0,98.0,100.0,98.0,88.0,98.0,98.0,88.0,95.85,95.85,87.3158,79.02,CL
69766.82,2026-05-15,2025-12-31,2026-03-31,CA0084741085,145.13,2026-07-24,72570.26,Agnico Eagle Mines Limited,2026-07-29,2026-06-30,2026-12-31,2026-06-30,153.46,136.97,125.79,200.23,51.79,136.97,59.95,214.54,155.13,155.13,220.1193,243.8571,223.4764,139.8308,252.9921,209.5454,310.0,300.0,173.0,332.89,256.0,310.0,310.0,255.0,93.0,87.0,66.0,93.0,80.0,93.0,93.0,70.0,251.5,233.835,143.5,254.0,219.0,251.5,251.5,199.0,243.8571,243.8571,197.0833,169.53,AEM
80843.55,2026-05-15,2025-12-31,2026-03-31,US67103H1077,87.4,2026-07-24,72429.7,O'Reilly Automotive Inc.,2026-07-29,2026-06-30,2026-12-31,2026-06-30,87.82,86.05,98.16,93.13,63.8653,86.05,41.3947,99.23,92.09,92.09,109.375,110.25,109.7917,98.0074,105.6667,108.72,120.0,120.0,113.0,115.0,125.0,120.0,120.0,125.0,89.0,89.0,62.0,64.0,64.0,89.0,89.0,64.0,110.0,110.0,100.0,108.5,110.0,110.0,110.0,112.0,110.25,110.25,109.84,91.21,ORLY
69224.6,2026-06-29,2026-03-31,2026-03-31,JP3902400005,5650.0,2026-07-24,70583.16,Mitsubishi Electric Corporation,2026-07-31,2026-06-30,2027-03-31,2027-03-31,5858.0,5370.0,3309.0,6048.0,2070.0,5370.0,1506.5,4886.0,5876.0,5876.0,6635.7143,6571.4286,6635.7143,3144.8931,5609.2857,4326.2667,8000.0,8000.0,3800.0,7000.0,5850.0,8000.0,8000.0,5200.0,3100.0,3100.0,1700.0,2800.0,2100.0,3100.0,3100.0,2100.0,6750.0,6900.0,3284.145,5950.0,4800.0,6750.0,6750.0,4500.0,6571.4286,6571.4286,4156.2667,4585.0,6503
76923.83,2026-05-15,2025-12-31,2026-03-31,JP3726800000,6461.0,2026-07-24,70000.77,Japan Tobacco Inc.,2026-07-30,2026-06-30,2026-12-31,2026-06-30,6072.0,6347.0,4234.0,5781.0,3106.0,6347.0,2179.5,5574.0,6012.0,6012.0,6706.6667,6638.1818,6674.5454,4630.9091,6131.6667,5831.6667,7300.0,7300.0,5400.0,6900.0,7000.0,7300.0,7300.0,7000.0,5800.0,5800.0,4200.0,4800.0,4800.0,5800.0,5800.0,4800.0,6500.0,6500.0,4600.0,6250.0,5950.0,6500.0,6500.0,5415.0,6638.1818,6638.1818,5548.3333,5640.0,2914
70898.95,2026-05-15,2025-12-31,2026-03-31,NL0011585146,318.15,2026-07-24,69627.36,Ferrari N.V.,2026-07-30,2026-06-30,2026-12-31,2026-06-30,307.5,328.85,439.1,299.55,287.0,328.85,179.2,284.3,324.35,324.35,374.2474,371.0278,374.2474,444.4417,368.75,373.9722,430.0,430.0,548.0,430.0,435.0,430.0,430.0,435.0,290.0,290.0,360.0,300.0,300.0,290.0,290.0,300.0,380.0,380.0,437.5,375.0,379.5,380.0,380.0,385.0,370.75,370.75,379.0471,318.7,RACE
76047.99,2026-05-15,2025-12-31,2026-03-31,US6937181088,132.24,2026-07-24,69596.09,PACCAR Inc,2026-07-28,2026-06-30,2026-12-31,2026-06-30,117.03,126.2,101.43,127.0,88.7,126.2,58.3867,122.0,120.12,120.12,128.4356,126.3731,128.1856,105.5747,127.9624,117.3224,140.0,155.0,131.0,150.0,150.0,140.0,140.0,133.0,109.0,109.0,86.0,109.0,92.0,109.0,109.0,92.0,125.5,126.5,105.0,125.0,118.51,125.5,125.5,110.0,126.3731,126.3731,111.208,109.51,PCAR
76336.31,2026-05-13,2025-12-31,2026-03-29,NL0009538784,269.24,2026-07-24,67975.31,NXP Semiconductors N.V.,2026-07-28,2026-06-29,2026-12-31,2026-06-29,294.06,266.53,224.43,244.04,210.88,266.53,196.35,232.475,281.03,281.03,314.1035,307.3793,310.6552,257.6739,258.8387,264.5125,380.0,400.0,289.0,313.0,324.4,400.0,400.0,324.4,200.0,200.0,210.0,188.0,210.0,200.0,200.0,210.0,310.0,310.0,265.0,255.0,265.0,310.0,310.0,265.0,308.069,308.069,260.6687,217.06,NXPI
66719.35,2026-05-15,2025-12-31,2026-03-31,KR7009150004,1326000.0,2026-07-24,66890.85,Samsung Electro-Mechanics Co. Ltd.,2026-07-30,2026-06-30,2026-12-31,2026-06-30,1993000.0,1275000.0,134900.0,794000.0,146800.0,1275000.0,186000.0,277000.0,2184000.0,2184000.0,2612592.5926,2103407.4074,2612592.5926,175250.0,642888.8889,347035.7143,3300000.0,3300000.0,210000.0,1100000.0,420000.0,3300000.0,3300000.0,350000.0,400000.0,900000.0,125000.0,360000.0,305000.0,900000.0,900000.0,225000.0,2300000.0,2800000.0,180000.0,600000.0,344000.0,2300000.0,2300000.0,309000.0,2121925.9259,2121925.9259,302037.037,255000.0,A009150
50908.32,2026-05-15,2025-12-31,2026-03-31,US75886F1075,656.01,2026-07-24,66741.82,Regeneron Pharmaceuticals Inc.,2026-07-30,2026-06-30,2026-12-31,2026-06-30,623.43,676.69,564.64,751.57,727.13,676.69,586.35,753.55,623.54,623.54,819.2527,833.3061,820.7248,722.3783,875.4489,830.0385,1000.0,1000.0,940.0,1057.0,1057.0,1000.0,1000.0,1057.0,641.0,641.0,504.0,730.0,630.0,641.0,641.0,627.0,852.5,825.0,747.565,877.5,836.5,852.5,852.5,800.0,833.3061,833.3061,797.2692,771.87,REGN
46937.8,2026-05-15,2025-12-31,2026-03-31,US1468691027,60.46,2026-07-24,66735.29,Carvana Co.,2026-07-29,2026-06-30,2026-12-31,2026-06-30,67.91,67.34,65.218,81.816,9.248,67.34,67.784,94.662,65.82,65.82,90.5952,92.0952,91.9048,65.6844,85.0636,96.2545,120.0,120.0,83.0,103.8,120.0,120.0,120.0,110.0,67.0,67.0,46.0,60.0,66.0,67.0,67.0,66.0,93.0,93.0,66.9,87.0,100.0,93.0,93.0,90.0,92.0952,92.0952,89.287,84.404,CVNA
85396.16,2026-05-15,2025-12-31,2026-03-31,IE0001827041,99.87,2026-07-24,66733.16,CRH plc,2026-07-30,2026-06-30,2026-12-31,2026-06-30,112.02,102.92,97.17,118.0,58.515,102.92,48.8,122.84,107.0,107.0,142.6068,142.9476,142.6067,111.0888,142.9546,140.0042,165.0,165.0,130.0,163.0,164.0,165.6,165.6,165.0,105.0,105.0,90.0,105.0,96.0,105.0,105.0,96.0,144.5,142.5,111.5,144.5,139.5,144.5,144.5,139.0,143.7021,143.7021,139.0,124.8,CRH
86317.8,2026-05-30,2025-09-30,2026-03-31,US0091581068,297.87,2026-07-24,66329.9,Air Products and Chemicals Inc.,2026-07-30,2026-06-30,2026-09-30,2026-09-30,278.73,295.62,297.22,301.76,302.1,295.62,290.29,261.35,293.18,293.18,337.0526,327.8567,332.0495,320.8026,316.5233,292.9086,360.0,360.0,375.0,351.0,341.0,360.0,360.0,340.0,275.0,275.99,260.0,275.0,250.0,275.0,275.0,245.0,330.0,340.5,323.13,319.0,290.0,330.0,330.0,290.0,327.8567,327.8567,292.8571,247.02,APD
75587.22,2026-05-15,2025-12-31,2026-03-31,US1011371077,44.25,2026-07-24,65771.22,Boston Scientific Corporation,2026-07-29,2026-06-30,2026-12-31,2026-06-30,44.46,44.03,106.21,62.07,52.17,44.03,44.12,92.51,42.68,42.68,72.4286,76.4828,72.4286,121.4,86.0313,124.4063,106.0,106.0,135.0,106.0,140.0,106.0,106.0,140.0,55.0,55.0,98.34,69.0,99.0,55.0,55.0,99.0,75.0,70.0,124.0,85.0,127.0,74.0,74.0,127.0,75.0,75.0,125.8578,95.35,BSX
64182.94,2026-05-15,2025-12-31,2026-03-31,US6098391054,1333.81,2026-07-24,65530.09,Monolithic Power Systems Inc.,2026-07-30,2026-06-30,2026-12-31,2026-06-30,1434.95,1312.0,713.0,1632.06,533.22,1312.0,414.26,1063.74,1382.36,1382.36,1776.9231,1789.2308,1789.2308,807.0236,1410.4286,1197.8571,2000.0,2000.0,940.0,1650.0,1375.0,2000.0,2000.0,1375.0,1500.0,1500.0,720.0,1000.0,920.0,1500.0,1500.0,920.0,1805.0,1805.0,800.0,1398.0,1250.0,1805.0,1805.0,1250.0,1789.2308,1789.2308,1196.0714,906.36,MPWR
119947.34,2026-05-15,2025-12-31,2026-03-31,US25746U1097,71.1,2026-07-24,62533.34,Dominion Energy Inc.,2026-07-31,2026-06-30,2026-12-31,2026-06-30,69.26,71.04,58.75,62.58,53.89,71.04,75.32,59.6,68.29,68.29,71.0,69.1667,70.0,58.7114,66.3529,63.4375,76.0,79.0,62.0,69.0,69.0,76.0,76.0,70.0,64.0,64.0,51.96,59.0,54.0,64.0,64.0,54.0,68.5,69.0,60.0,67.0,63.5,69.0,69.0,64.0,69.3333,69.3333,63.7333,58.59,D
64433.85,2026-05-15,2025-12-31,2026-03-31,CA4530384086,181.29,2026-07-24,62173.71,Imperial Oil Limited,2026-07-31,2026-06-30,2026-12-31,2026-06-30,160.39,171.89,114.54,169.79,68.98,171.89,34.06,138.55,159.26,159.26,154.8235,152.5625,153.5294,104.5294,148.6875,112.1176,212.0,214.0,125.0,212.0,140.0,212.0,212.0,131.0,123.0,123.0,80.0,120.0,92.0,123.0,123.0,92.0,149.5,150.0,105.0,145.0,110.0,150.0,150.0,110.0,153.1875,153.1875,113.0,118.58,IMO
61302.18,2026-05-15,2025-12-31,2026-03-31,US22052L1044,89.25,2026-07-24,59692.18,Corteva Inc.,2026-07-30,2026-06-30,2026-12-31,2026-06-30,80.09,87.3,73.12,79.8,56.7,87.3,42.13,71.7,84.69,84.69,91.1,90.0476,90.2,78.7,85.7619,78.5238,100.0,100.0,92.0,96.0,86.0,100.0,100.0,86.0,77.0,77.0,60.0,74.0,65.0,77.0,77.0,65.0,90.0,90.5,82.0,86.0,80.0,90.0,90.0,80.0,90.0476,90.0476,77.8571,67.03,CTVA
57447.49,2026-05-15,2025-12-31,2026-03-31,SA0007879543,43.1,2026-07-26,57286.88,Saudi Telecom Company,2026-07-29,2026-06-30,2026-12-31,2026-06-30,43.7,43.18,41.98,42.6,45.8,43.18,,43.94,43.24,43.24,47.9823,47.9,47.8941,47.44,47.7313,48.5938,55.0,55.0,55.0,55.0,55.0,55.0,55.0,55.0,41.1,41.1,42.0,41.1,44.0,41.1,41.1,44.0,47.0,47.0,47.3,47.2,48.0,47.0,47.0,47.8,47.9,47.9,48.0562,42.98,7010
195023.03,2026-05-15,2025-12-31,2026-03-31,US3453708600,14.37,2026-07-24,57260.03,Ford Motor Company,2026-07-28,2026-06-30,2026-12-31,2026-06-30,13.84,14.23,11.26,12.38,13.96,14.23,13.82,13.56,13.9,13.9,15.051,14.851,15.001,10.807,13.85,13.7616,20.0,20.0,16.0,18.0,16.0,20.0,20.0,16.0,10.0,11.0,8.0,10.0,11.0,11.0,11.0,9.8,14.25,14.25,10.5,13.9,13.67,14.25,14.25,13.0,14.901,14.901,12.9984,13.12,F
68761.38,2026-05-15,2025-12-31,2026-03-31,US14448C1045,68.88,2026-07-24,57210.38,Carrier Global Corporation,2026-07-28,2026-06-30,2026-12-31,2026-06-30,74.06,68.69,79.44,60.97,53.81,68.69,51.9,57.3,73.35,73.35,77.2752,76.2513,76.9419,82.3987,71.0339,70.8425,90.0,90.0,100.0,90.0,90.0,90.0,90.0,90.0,60.0,60.0,60.0,55.0,55.0,60.0,60.0,59.0,75.0,76.0,84.0,70.0,70.0,76.0,76.0,72.0,76.4657,76.4657,71.9425,52.84,CARR
57201.93,2026-05-15,2025-12-31,2026-03-31,US05722G1004,57.25,2026-07-24,56795.93,Baker Hughes Company,2026-07-26,2026-06-30,2026-12-31,2026-06-30,56.38,55.95,45.72,68.94,35.84,55.95,20.21,53.92,55.5,55.5,70.3182,71.2381,70.3182,47.0173,63.4762,53.4743,85.0,85.0,56.0,70.0,61.0,85.0,85.0,61.0,48.0,48.0,39.0,44.0,40.0,48.0,48.0,40.0,74.0,71.0,46.0,66.0,54.96,74.0,74.0,54.0,71.2381,71.2381,53.1429,45.54,BKR
62117.55,2026-05-19,2025-12-31,2026-04-04,US6703461052,247.56,2026-07-24,56379.55,Nucor Corporation,2026-07-27,2026-07-04,2026-12-31,2026-07-04,240.52,236.61,141.43,214.29,166.65,236.61,94.33,181.65,222.75,222.75,267.125,259.878,267.125,150.3715,192.5515,182.3846,290.0,285.0,176.0,225.0,200.0,290.0,290.0,200.0,138.17,224.0,130.0,138.17,162.0,138.17,138.17,162.0,270.0,274.0,150.0,190.0,180.0,272.0,272.0,176.0,260.7606,260.7606,177.0769,163.11,NUE
66694.61,2026-05-18,2026-01-31,2026-04-03,US5024311095,300.21,2026-07-24,55927.61,L3Harris Technologies Inc.,2026-07-29,2026-07-03,2027-01-31,2026-07-03,287.27,282.01,273.22,317.51,200.67,282.01,227.25,354.73,290.59,290.59,375.1111,381.9474,378.1667,273.2167,392.1579,364.3158,443.0,443.0,324.0,443.0,443.0,443.0,443.0,369.0,300.0,285.0,229.0,326.0,283.0,300.0,300.0,283.0,390.0,387.0,269.0,393.0,367.0,390.0,390.0,341.5,381.0,381.0,335.15,293.57,LHX
61458.84,2026-06-29,2026-03-31,2026-03-31,JP3866800000,3883.0,2026-07-24,55333.22,Panasonic Holdings Corporation,2026-07-30,2026-06-30,2027-03-31,2027-03-31,4540.0,3993.0,1467.0,3103.0,1736.0,3993.0,1325.0,2187.5,4502.0,4502.0,4472.5333,3719.5333,4327.2,2133.8667,2906.0,2346.6667,5200.0,5320.0,2700.0,3500.0,3000.0,5200.0,5200.0,2700.0,2585.0,2600.0,1500.0,1835.0,1600.0,2585.0,2585.0,1600.0,3800.0,4600.0,2200.0,3000.0,2450.0,3800.0,3800.0,2100.0,3826.2,3826.2,2190.0,2023.5,6752
84838.27,2026-06-29,2026-03-31,2026-03-31,JP3463000004,5648.0,2026-07-24,55040.15,Takeda Pharmaceutical Company Limited,2026-07-30,2026-06-30,2027-03-31,2027-03-31,5087.0,5480.0,4327.0,5218.0,4401.0,5480.0,3697.0,5130.0,5155.0,5155.0,6262.6875,6086.8667,6126.8667,4946.5625,6036.8667,5143.0667,7900.0,7900.0,5800.0,7800.0,6200.0,7900.0,7900.0,5500.0,4900.0,4900.0,4500.0,4700.0,4600.0,4900.0,4900.0,4300.0,6000.0,6000.0,4855.0,6000.0,5000.0,6000.0,6000.0,4850.0,6086.8667,6086.8667,4946.1429,4835.0,4502
62752.05,2026-05-15,2025-12-31,2026-03-31,CA15135U1093,41.3,2026-07-24,54814.25,Cenovus Energy Inc.,2026-07-29,2026-06-30,2026-12-31,2026-06-30,35.09,39.2,19.62,35.95,23.64,39.2,10.12,25.72,35.19,35.19,46.2059,45.8438,45.7941,26.3529,41.5,28.9118,57.0,57.0,32.0,57.0,33.5,57.0,57.0,33.5,40.0,40.0,19.0,34.0,24.0,40.0,40.0,24.0,46.0,46.0,26.0,41.0,29.0,46.0,46.0,29.0,45.6563,45.6563,29.6765,23.22,CVE
54465.66,2026-05-13,2025-12-31,2026-03-29,US8807701029,349.92,2026-07-24,54777.23,Teradyne Inc.,2026-07-28,2026-06-29,2026-12-31,2026-06-29,427.2,322.355,91.33,418.08,115.14,322.355,128.8,229.18,483.84,483.84,429.8823,380.4706,423.4118,96.6929,344.5882,211.25,470.0,550.0,133.0,470.0,275.0,550.0,550.0,240.0,270.0,270.0,74.0,250.0,140.0,270.0,270.0,140.0,390.0,400.0,95.0,325.0,200.0,400.0,400.0,200.0,406.6471,406.6471,201.875,193.56,TER
61086.26,2026-06-29,2026-03-31,2026-03-31,INE018A01030,3785.25,2026-07-24,54019.42,Larsen & Toubro Limited,2026-07-28,2026-06-30,2027-03-31,2027-03-31,4182.2,3815.0,3478.25,4013.95,2605.35,3815.0,1612.0,3745.05,4143.95,4143.95,4512.1935,4513.8065,4512.1935,3963.1875,4493.1724,4545.7419,5060.0,5060.0,4550.0,5000.0,5020.0,5060.0,5060.0,5000.0,3600.0,3600.0,2900.0,3500.0,3400.0,3600.0,3600.0,3400.0,4550.0,4530.0,4000.0,4538.0,4550.0,4550.0,4550.0,4500.0,4513.8065,4513.8065,4464.0645,4083.1,500510
53110.74,2026-03-31,2025-12-31,2025-12-31,BE0003739530,246.0,2026-07-24,53244.91,UCB SA,2026-07-30,2026-03-31,2026-12-31,2026-12-31,255.0,239.3,178.9,239.0,81.42,239.3,90.22,257.4,262.0,262.0,287.9474,287.6842,287.9474,214.3889,284.65,264.2105,340.0,340.0,250.0,340.0,310.0,340.0,340.0,300.0,195.0,195.0,135.0,195.0,147.0,195.0,195.0,180.0,299.0,300.0,220.0,297.0,280.0,299.0,299.0,267.5,287.6842,287.6842,264.6667,238.6,UCB
83889.18,2026-05-15,2025-12-31,2026-03-31,US29364G1031,115.95,2026-07-24,53091.98,Entergy Corporation,2026-07-29,2026-06-30,2026-12-31,2026-06-30,114.69,113.24,88.15,113.64,52.23,113.24,51.37,93.19,114.86,114.86,124.2619,121.8809,123.3095,89.4306,117.7827,105.1009,135.0,139.0,105.72,131.0,119.0,135.0,135.0,116.0,91.0,91.0,65.0,91.0,86.0,91.0,91.0,86.0,126.0,126.0,91.0,120.25,105.86,126.0,126.0,105.0,122.3095,122.3095,104.261,92.43,ETR
64057.09,2026-05-12,2026-01-31,2026-03-28,CA5394811015,64.35,2026-07-24,52769.16,Loblaw Companies Limited,2026-07-30,2026-06-28,2027-01-31,2026-06-28,66.2,65.49,55.585,62.67,30.15,65.49,20.0625,62.96,64.34,64.34,67.4,67.3636,67.2,58.0,68.4545,63.8182,75.0,75.0,66.75,75.0,72.0,75.0,75.0,68.0,43.0,43.0,37.0,43.0,39.0,43.0,43.0,39.0,70.0,70.0,58.75,70.0,67.0,70.0,70.0,65.0,67.2,67.2,63.1818,62.05,L
52738.93,2026-05-15,2025-12-31,2026-03-31,TW0002383007,4755.0,2026-07-24,52645.43,Elite Material Co. Ltd.,2026-07-29,2026-06-30,2026-12-31,2026-06-30,5255.0,4395.0,994.0,4730.0,389.0,4395.0,231.0,1820.0,5390.0,5390.0,6176.4667,5553.4667,6176.4667,1017.8333,3424.6429,1885.3571,8000.0,9500.0,1250.0,5100.0,2400.0,8000.0,8000.0,2060.0,1985.0,1985.0,835.0,1985.0,1350.0,1985.0,1985.0,1350.0,5850.0,6600.0,1027.0,3090.0,1945.0,6022.0,6022.0,1642.5,5723.1333,5723.1333,1696.6667,1645.0,2383
53078.75,2026-05-15,2025-12-31,2026-03-31,US0937121079,184.89,2026-07-24,52590.83,Bloom Energy Corporation,2026-07-28,2026-06-30,2026-12-31,2026-06-30,326.19,214.96,33.06,231.17,17.8,214.96,21.49,144.89,302.7,302.7,286.2,264.528,283.1615,25.1243,165.9583,116.3636,335.0,390.0,35.0,251.0,176.0,380.0,380.0,157.0,55.0,70.0,10.0,55.0,39.0,55.0,55.0,39.0,281.0,285.0,27.0,170.0,128.0,281.0,281.0,117.5,266.928,266.928,111.1818,86.89,BE
51296.11,2026-06-29,2026-03-31,2026-03-31,US2855121099,209.06,2026-07-24,52422.11,Electronic Arts Inc.,2026-07-28,2026-06-30,2027-03-31,2027-03-31,204.52,208.9,152.64,202.67,137.76,208.9,144.99,204.0,205.04,205.04,205.7857,202.8,205.7857,168.3576,205.625,202.3579,210.0,210.0,210.0,250.0,250.0,210.0,210.0,250.0,160.0,168.0,127.0,160.0,160.0,160.0,160.0,160.0,210.0,210.0,166.0,210.0,210.0,210.0,210.0,210.0,202.8,202.8,202.3579,204.33,EA
51737.94,2026-06-29,2026-03-31,2026-03-31,INE030A01027,2145.0,2026-07-24,52282.14,Hindustan Unilever Limited,2026-07-28,2026-06-30,2027-03-31,2027-03-31,2157.8,2143.8,2437.8,2327.3,2580.25,2143.8,2358.1,2409.5,2118.2,2118.2,2563.0,2557.7297,2563.0,2552.5897,2610.25,2760.4667,3090.0,3090.0,3055.0,3200.0,3200.0,3090.0,3090.0,3200.0,1759.0,1759.0,1943.0,1799.0,1966.0,1759.0,1759.0,1966.0,2550.0,2550.0,2550.0,2600.0,2800.0,2550.0,2550.0,2831.0,2557.7297,2557.7297,2784.2176,2315.9,HINDUNILVR
60235.49,2026-05-30,2025-09-30,2026-03-31,GB00BD6K4575,30.29,2026-07-24,51502.49,Compass Group PLC,2026-07-29,2026-06-30,2026-09-30,2026-09-30,32.45,31.59,35.721,30.075,27.2533,31.59,20.4292,30.3931,32.3,32.3,38.15,37.65,37.75,37.1475,37.847,38.079,42.5,42.5,41.1962,42.0,42.246,42.5,42.5,42.825,30.0,31.0,30.043,28.37,29.112,31.0,31.0,29.112,39.225,39.225,37.244,39.892,39.7443,39.225,39.225,39.6232,37.75,37.75,37.851,31.817,CPG
60883.56,2026-03-31,2025-12-31,2025-12-31,FR0000120644,70.0,2026-07-24,51106.41,Danone S.A.,2026-07-29,2026-03-31,2026-12-31,2026-12-31,69.54,72.98,67.3,67.56,56.29,72.98,58.19,67.54,71.74,71.74,79.6818,80.0909,80.5,73.6,79.8818,79.9268,95.0,95.0,85.0,95.0,95.0,95.0,95.0,90.0,59.0,63.0,61.0,65.0,66.0,59.0,59.0,66.0,79.0,79.5,75.0,79.0,80.7,79.5,79.5,78.5,80.0909,80.0909,79.02,76.78,BN
62191.78,2026-05-15,2025-12-31,2026-03-31,LU1598757687,58.94,2026-07-24,51007.11,ArcelorMittal S.A.,2026-07-30,2026-06-30,2026-12-31,2026-06-30,54.22,57.98,28.88,50.48,25.22,57.98,27.165,45.97,52.7,52.7,62.3191,58.2309,62.1255,31.2188,54.9816,43.3515,73.8402,73.1587,40.1819,65.9376,54.9998,74.273,74.273,44.522,44.9137,45.9479,26.9509,39.3412,34.9206,44.9792,44.9792,27.3672,58.3406,62.54,30.6923,57.376,44.2236,58.6826,58.6826,36.3403,58.3627,58.3627,36.9015,39.09,MT
88459.09,2026-05-15,2025-12-31,2026-03-31,US98389B1008,81.67,2026-07-24,50984.09,Xcel Energy Inc.,2026-07-30,2026-06-30,2026-12-31,2026-06-30,81.47,78.77,72.78,79.15,65.08,78.77,68.27,75.01,80.3,80.3,92.8333,91.2222,92.9444,75.25,91.0556,86.8235,99.0,102.0,80.0,99.0,96.0,99.0,99.0,97.0,74.0,74.0,62.0,73.0,65.0,74.0,74.0,65.0,92.0,93.5,77.0,92.0,87.0,92.0,92.0,89.0,91.5556,91.5556,87.5294,73.86,XEL
46983.39,2026-06-29,2026-03-31,2026-03-31,JP3837800006,24560.0,2026-07-24,50140.53,HOYA Corporation,2026-07-31,2026-06-30,2027-03-31,2027-03-31,25575.0,25215.0,19335.0,28940.0,15895.0,25215.0,15015.0,25125.0,25950.0,25950.0,30380.0,30380.0,30380.0,21862.5,29253.3333,25326.6667,34000.0,34000.0,25000.0,35000.0,30000.0,34000.0,34000.0,30000.0,23100.0,23100.0,17200.0,23100.0,21000.0,23100.0,23100.0,21000.0,31000.0,31000.0,22000.0,30000.0,25000.0,31000.0,31000.0,23800.0,30380.0,30380.0,24768.75,23685.0,7741
55544.54,2026-03-31,2025-12-31,2025-12-31,CH0012214059,74.02,2026-07-24,50030.94,Holcim AG,2026-07-31,2026-03-31,2026-12-31,2026-12-31,74.64,75.2,64.98,72.8,59.2,75.2,53.3,78.0,72.88,72.88,81.7214,80.19,81.6738,62.3529,78.409,79.425,93.0,93.0,70.0,93.0,93.0,93.0,93.0,91.0,58.0,58.0,47.0,58.0,55.0,58.0,58.0,55.0,81.59,84.0,65.0,78.0,80.0,81.59,81.59,78.0,80.19,80.19,75.42,77.76,HOLN
47944.06,2026-05-15,2025-12-31,2026-03-31,TW0002303005,128.0,2026-07-24,49742.12,United Microelectronics Corporation,2026-07-29,2026-06-30,2026-12-31,2026-06-30,164.0,130.0,43.5,72.7,46.15,130.0,53.1,76.2,164.5,164.5,118.4917,89.4909,111.9043,47.0913,63.5048,46.2682,168.0,258.0,60.0,100.0,60.0,235.0,235.0,60.0,38.3,38.3,32.0,38.3,31.5,38.3,38.3,31.5,80.5,84.0,48.0,65.0,45.75,84.0,84.0,45.75,105.2636,105.2636,46.0,49.25,2303
63311.39,2026-05-15,2025-12-31,2026-03-31,ES0130670112,41.16,2026-07-24,49045.33,Endesa S.A.,2026-07-29,2026-06-30,2026-12-31,2026-06-30,38.77,40.27,25.53,38.45,19.3,40.27,21.35,30.33,39.88,39.88,34.5596,33.9335,34.5596,26.3114,32.8932,28.62,40.7,41.5,30.2,40.7,33.5,41.5,41.5,33.5,27.0,27.4,20.0,23.7,20.4,27.0,27.0,20.0,34.3,35.0,27.0,34.15,29.0,34.3,34.3,28.8,33.9683,33.9683,27.8459,30.63,ELE
87405.36,2026-03-31,2025-12-31,2025-12-31,FR0000133308,16.16,2026-07-24,48861.87,Orange S.A.,2026-07-28,2026-03-31,2026-12-31,2026-12-31,16.89,16.465,13.3,17.65,10.858,16.465,9.524,14.985,16.505,16.505,19.0412,19.0176,19.0412,14.1056,18.2059,16.1167,21.8,21.8,16.2,21.0,20.0,21.8,21.8,20.0,15.5,15.5,8.8,13.0,13.0,15.5,15.5,13.0,19.2,19.2,14.1,18.2,15.65,19.2,19.2,15.2,19.0176,19.0176,15.6882,14.2,ORA
99161.08,2026-05-15,2025-12-31,2026-03-31,US30161N1019,47.53,2026-07-24,48633.08,Exelon Corporation,2026-07-30,2026-06-30,2026-12-31,2026-06-30,46.9,46.26,43.735,46.92,42.83,46.26,46.52,44.06,46.62,46.62,49.5556,49.3333,49.5,47.1669,50.1667,49.0,58.0,58.0,52.0,58.0,57.0,58.0,58.0,57.0,41.0,41.0,37.0,43.0,39.0,41.0,41.0,39.0,49.0,49.0,48.0,50.0,49.0,49.0,49.0,49.5,49.4444,49.4444,49.25,43.59,EXC
48206.44,2026-05-15,2025-12-31,2026-03-31,US6795801009,232.99,2026-07-24,48454.53,Old Dominion Freight Line Inc.,2026-07-29,2026-06-30,2026-12-31,2026-06-30,219.04,233.84,167.79,219.98,194.73,233.84,130.54,174.3,216.6,216.6,230.9546,221.9546,229.8636,168.353,202.625,167.7917,260.0,280.0,196.0,232.0,196.0,260.0,260.0,190.0,155.0,155.0,144.0,155.0,114.0,155.0,155.0,114.0,226.5,233.5,170.0,204.5,167.0,228.5,228.5,158.0,223.5909,223.5909,157.5417,156.8,ODFL
45349.19,2026-06-29,2026-03-31,2026-03-31,INE044A01036,1941.1,2026-07-24,48313.95,Sun Pharmaceutical Industries Limited,2026-07-31,2026-06-30,2027-03-31,2027-03-31,1874.4,1932.6,1692.0,1620.4,1100.4,1932.6,694.0,1631.9,1862.5,1862.5,2055.0,2047.3529,2055.0,1974.4865,1958.9167,1965.2895,2366.0,2366.0,2450.0,2392.0,2450.0,2366.0,2366.0,2450.0,1650.0,1650.0,1475.0,1575.0,1575.0,1650.0,1650.0,1570.0,2070.0,2072.0,1993.0,1976.5,1982.5,2070.0,2070.0,1975.0,2047.3529,2047.3529,1950.6842,1719.7,SUNPHARMA
48295.77,2026-05-15,2025-12-31,2026-03-31,NL0009805522,187.77,2026-07-24,48077.57,Nebius Group N.V.,2026-07-28,2026-06-30,2026-12-31,2026-06-30,259.66,177.71,52.16,147.16,,177.71,70.34,94.5,276.17,276.17,258.1333,244.0714,244.2143,66.5,170.2857,148.6667,380.0,380.0,84.0,291.0,211.0,380.0,380.0,211.0,120.0,120.0,47.0,85.0,70.0,120.0,120.0,70.0,257.5,255.0,67.5,172.0,150.0,257.5,257.5,152.5,245.4286,245.4286,151.5,83.705,NBIS
44452.61,2026-08-14,2025-12-31,2026-06-30,CNE100000PM8,35.49,2026-07-24,48025.35,Hangzhou Hikvision Digital Technology Co. Ltd.,2026-07-25,2026-09-30,2026-12-31,2026-09-30,33.32,34.28,28.66,33.97,34.69,34.28,60.71,31.9,34.2,34.2,38.6986,38.6986,38.6986,34.0167,38.0,36.875,50.0,50.0,39.96,50.0,45.0,50.0,50.0,43.1,33.7,33.7,30.0,33.0,31.0,33.7,33.7,31.0,35.8,35.8,35.0,36.5,36.05,35.8,35.8,36.05,38.6986,38.6986,36.6375,29.84,002415
46734.54,2026-05-15,2025-12-31,2026-03-31,NL0000334118,859.4,2026-07-24,47768.76,ASM International NV,2026-07-28,2026-06-30,2026-12-31,2026-06-30,969.2,869.4,440.8,867.4,379.75,869.4,304.5,711.6,1000.5,1000.5,1053.4737,1018.2632,1044.8421,592.9,901.85,740.05,1300.0,1435.0,750.0,1095.0,900.0,1300.0,1300.0,700.0,658.0,658.0,440.0,639.0,495.0,658.0,658.0,495.0,1000.0,1015.0,583.5,950.0,793.5,1000.0,1000.0,639.0,1018.2632,1018.2632,627.4737,517.6,ASM
44608.25,2026-05-15,2025-12-31,2026-03-31,BRABEVACNOR1,15.64,2026-07-24,47722.77,Ambev S.A.,2026-07-30,2026-06-30,2026-12-31,2026-06-30,16.38,15.63,13.5,14.5,15.12,15.63,16.75,14.9,16.29,16.29,16.2083,16.1444,16.2083,14.5056,15.3722,14.1167,20.0,20.0,17.7,20.0,17.7,20.0,20.0,17.7,12.5,12.5,11.5,11.0,11.0,12.5,12.5,10.6,16.0,16.25,14.75,15.65,14.0,16.0,16.0,14.0,16.1722,16.1722,14.0,13.86,ABEV3
72201.74,2026-05-15,2025-12-31,2026-03-31,DE000BASF111,48.57,2026-07-24,47552.51,BASF SE,2026-07-29,2026-06-30,2026-12-31,2026-06-30,48.89,48.545,45.74,54.32,47.33,48.545,67.02,46.1,46.78,46.78,52.2619,52.9762,52.4524,49.5952,51.6429,48.6905,63.0,63.0,65.0,63.0,60.0,63.0,63.0,60.0,40.0,40.0,38.0,36.0,38.0,40.0,40.0,38.0,53.0,55.0,50.0,52.0,52.0,53.0,53.0,46.5,52.7381,52.7381,47.825,44.43,BAS
59404.78,2026-05-15,2025-12-31,2026-03-31,AEE000401019,20.08,2026-07-24,47539.29,Emirates Telecommunications Group Company PJSC,2026-07-30,2026-06-30,2026-12-31,2026-06-30,19.58,20.28,18.82,19.12,22.36,20.28,,19.66,19.2,19.2,21.7813,21.575,21.5313,19.2071,21.0786,20.6308,23.1,23.0,23.1,23.1,22.8,23.1,23.1,22.8,19.0,19.0,17.4,19.0,18.0,19.0,19.0,18.0,21.8,21.8,18.6,21.45,20.9,21.8,21.8,20.0,21.575,21.575,20.2857,18.34,EAND
140120.29,2026-05-15,2025-12-31,2026-03-31,DE0007100000,44.775,2026-07-24,47058.32,Mercedes-Benz Group AG,2026-07-28,2026-06-30,2026-12-31,2026-06-30,44.405,45.51,54.08,49.775,71.4,45.51,75.27,58.3,43.92,43.92,58.2955,60.0391,58.5682,62.2095,61.5654,63.4071,75.0,75.0,90.0,75.0,79.0,75.0,75.0,79.0,42.0,35.0,38.0,42.0,43.0,42.0,42.0,41.0,60.0,58.8,58.0,61.0,63.335,60.0,60.0,63.0,59.6913,59.6913,62.803,60.07,MBG
50327.17,2026-06-29,2026-03-31,2026-03-31,JP3407400005,2469.0,2026-07-24,47008.53,Sumitomo Electric Industries Ltd.,2026-07-31,2026-06-30,2027-03-31,2027-03-31,2983.75,2249.0,886.75,2515.0,445.125,2249.0,392.75,1669.75,2927.0,2927.0,3777.0,3749.5,3777.0,894.4444,2974.0,1676.25,5150.0,5150.0,1075.0,4175.0,1875.0,5150.0,5150.0,1875.0,3000.0,3000.0,750.0,2500.0,1000.0,3000.0,3000.0,1000.0,3810.0,3810.0,900.0,2850.0,1762.5,3810.0,3810.0,1725.0,3749.5,3749.5,1652.7778,1581.25,5802
42772.68,2026-05-12,2025-12-31,2026-03-28,CH0114405324,243.03,2026-07-24,46869.84,Garmin Ltd.,2026-07-29,2026-06-28,2026-12-31,2026-06-28,240.02,249.56,231.71,259.39,105.87,249.56,154.13,206.17,237.54,237.54,262.4286,262.4286,262.4286,204.1914,262.4286,235.25,325.0,325.0,285.0,320.0,310.0,325.0,325.0,310.0,220.0,220.0,152.0,220.0,185.0,220.0,220.0,185.0,249.0,249.0,197.34,252.0,233.5,249.0,249.0,230.0,262.4286,262.4286,234.125,202.85,GRMN
56228.34,2026-05-15,2025-12-31,2026-03-31,US4448591028,389.32,2026-07-24,46742.34,Humana Inc.,2026-07-29,2026-06-30,2026-12-31,2026-06-30,361.64,400.0,229.21,215.23,453.44,400.0,471.22,266.5,397.22,397.22,347.9583,301.625,346.7083,286.4396,210.4583,288.4167,441.0,502.0,348.0,333.0,353.0,441.0,441.0,353.0,195.0,195.0,224.0,146.0,215.0,195.0,195.0,215.0,303.0,342.0,285.0,203.0,287.5,303.0,303.0,287.5,304.3333,304.3333,287.8333,256.13,HUM
69594.95,2026-06-29,2026-03-31,2026-03-31,JP3404600003,1604.0,2026-07-24,46523.78,Sumitomo Corporation,2026-07-31,2026-06-30,2027-03-31,2027-03-31,1550.25,1514.0,971.25,1423.25,749.25,1514.0,370.0,1557.5,1549.0,1549.0,1945.3182,1957.5,1960.2917,1086.8182,1775.2083,1495.625,2262.5,2263.0,1325.0,2025.0,1837.5,2262.5,2262.5,1550.0,1625.0,1625.0,960.0,1250.0,1075.0,1625.0,1625.0,1075.0,1913.75,1914.0,1057.5,1840.0,1483.75,1913.75,1913.75,1411.25,1960.2083,1960.2083,1374.7917,1353.0,8053
55015.21,2026-03-31,2025-12-31,2025-12-31,NL0015001FS8,55.7,2026-07-24,45638.29,Ferrovial N.V.,2026-07-28,2026-03-31,2026-12-31,2026-12-31,61.84,55.76,45.71,58.66,30.17,55.76,24.6,56.7,59.98,59.98,62.2204,61.0643,61.7432,46.8605,59.8341,56.9833,80.0,80.0,56.0,70.0,70.0,80.0,80.0,67.0,43.4,43.4,38.8,43.0,41.05,43.4,43.4,41.05,63.7,64.35,47.0,60.65,60.0,63.7,63.7,57.5,61.0643,61.0643,55.7675,55.34,FER
50690.79,2026-05-15,2025-12-31,2026-03-31,ES0105046017,26.7,2026-07-24,45537.24,Aena S.M.E. S.A.,2026-07-29,2026-06-30,2026-12-31,2026-06-30,27.22,26.16,23.6,24.2,14.19,26.16,13.505,25.39,26.66,26.66,26.837,26.0935,26.537,23.5143,26.3196,24.6864,31.5,31.5,28.0,31.5,28.9,31.5,31.5,28.9,20.0,20.0,17.5,20.0,19.1,20.0,20.0,17.5,26.8,27.0,23.5,26.8,24.6,26.8,26.8,24.3,26.0935,26.0935,24.3762,23.82,AENA
50155.93,2026-05-15,2025-12-31,2026-03-31,DE000PAG9113,43.74,2026-07-24,45306.58,Dr. Ing. h.c. F. Porsche AG,2026-07-29,2026-06-30,2026-12-31,2026-06-30,45.08,45.0,44.32,41.11,111.55,45.0,,42.32,43.51,43.51,45.7,44.8429,45.4143,48.4778,41.8905,45.7952,60.0,60.0,64.0,53.0,60.0,60.0,60.0,60.0,36.0,36.0,37.0,34.0,38.0,36.0,36.0,38.0,43.0,43.7,47.0,41.0,45.0,43.0,43.0,44.5,44.8429,44.8429,45.86,45.62,P911
59677.77,2026-05-30,2025-09-30,2026-03-31,DE000SHL1006,35.06,2026-07-24,44374.76,Siemens Healthineers AG,2026-07-31,2026-06-30,2026-09-30,2026-09-30,34.23,35.12,47.9,35.43,51.24,35.12,54.8,43.3,34.2,34.2,45.65,48.625,45.65,59.7105,53.4725,56.26,60.0,58.0,66.0,63.0,65.0,60.0,60.0,65.0,37.0,37.0,50.0,41.0,45.0,37.0,37.0,45.0,49.5,45.35,60.5,54.5,56.0,49.5,49.5,56.0,48.625,48.625,56.41,44.92,SHL
42052.57,2026-06-29,2026-03-31,2026-03-31,INE585B01010,13442.0,2026-07-24,43841.33,Maruti Suzuki India Limited,2026-07-31,2026-06-30,2027-03-31,2027-03-31,13248.0,13803.0,12557.0,13048.0,9694.8,13803.0,7293.85,15469.0,14115.0,14115.0,16009.0789,15794.3421,15994.6053,13590.1026,16589.75,18071.125,18500.0,18500.0,15970.0,18821.0,20200.0,18500.0,18500.0,20000.0,12500.0,12396.0,11100.0,12500.0,13941.0,12500.0,12500.0,12810.0,15938.5,16198.0,13682.0,16307.5,18327.5,16032.0,16032.0,17800.0,15865.3947,15865.3947,17586.3658,16697.0,MARUTI
49003.31,2026-05-15,2025-12-31,2026-03-31,JP3164720009,3928.0,2026-07-24,43493.56,Renesas Electronics Corporation,2026-07-31,2026-06-30,2026-12-31,2026-06-30,4800.0,3822.0,1826.5,3124.0,2771.0,3822.0,1139.0,2390.0,4807.0,4807.0,4857.6923,4066.1539,4634.6154,2627.8571,3077.6923,2487.6923,6300.0,6300.0,3200.0,3800.0,3000.0,6300.0,6300.0,3000.0,2000.0,2000.0,2000.0,2000.0,1950.0,2000.0,2000.0,1900.0,4100.0,5300.0,2700.0,3300.0,2500.0,5200.0,5200.0,2450.0,4503.8462,4503.8462,2417.1429,2140.0,6723
45495.45,2026-06-29,2026-03-31,2026-03-31,SG9999000020,118.51,2026-07-24,43419.45,Flex Ltd.,2026-07-29,2026-06-30,2027-03-31,2027-03-31,150.72,119.25,49.67,91.41,28.17,119.25,16.64,63.775,162.07,162.07,170.7,168.6,168.6,53.54,79.4444,73.6975,203.0,203.0,64.0,95.0,75.0,203.0,203.0,78.0,144.0,144.0,45.0,70.0,69.58,144.0,144.0,69.58,165.0,165.0,54.0,80.0,75.0,165.0,165.0,75.0,168.6,168.6,74.5114,60.42,FLEX
55210.28,2026-03-31,2025-12-31,2025-12-31,AU0000224040,32.37,2026-07-24,42955.89,Woodside Energy Group Ltd,2026-07-29,2026-03-31,2026-12-31,2026-12-31,27.65,30.9,26.2,32.13,37.89,30.9,22.46,24.32,28.21,28.21,33.0306,34.2447,33.0687,27.6895,33.1747,27.0544,45.5418,44.9485,42.873,42.5234,45.1213,45.5418,45.5418,44.2072,25.3249,24.7444,23.1922,25.2019,22.6731,25.3249,25.3249,23.0278,32.8569,31.7502,25.8353,32.5344,24.8758,32.8569,32.8569,25.0426,34.2447,34.2447,27.4869,23.59,WDS
52436.29,2026-03-31,2025-12-31,2025-12-31,GB00BMX86B70,3.635,2026-07-24,42655.69,Haleon plc,2026-07-30,2026-03-31,2026-12-31,2026-12-31,3.48,3.733,3.65,3.552,3.363,3.733,,3.798,3.477,3.477,4.1424,4.1365,4.1424,4.1823,4.2541,4.2244,5.12,5.12,5.03,5.12,5.17,5.12,5.12,5.17,3.15,3.15,3.15,3.35,3.35,3.15,3.15,3.35,4.15,4.15,4.2,4.3,4.3,4.15,4.15,4.2,4.1365,4.1365,4.176,3.748,HLN
42571.76,2026-05-15,2025-12-31,2026-03-31,TW0003037008,839.0,2026-07-24,42526.05,Unimicron Technology Corp.,2026-07-28,2026-06-30,2026-12-31,2026-06-30,975.0,750.0,131.0,839.0,190.5,750.0,142.0,354.0,1070.0,1070.0,1189.4118,946.1177,1154.6471,133.1563,602.8823,276.2206,1350.0,1575.0,252.0,875.0,418.0,1575.0,1575.0,300.0,440.0,650.0,82.5,400.0,120.75,630.0,630.0,120.75,990.0,1140.0,126.0,600.0,270.0,1000.0,1000.0,202.0,1062.2941,1062.2941,212.1471,220.0,3037
48398.1,2026-06-29,2026-03-31,2026-03-31,INE742F01042,1768.3,2026-07-24,42263.41,Adani Ports and Special Economic Zone Limited,2026-07-29,2026-06-30,2027-03-31,2027-03-31,1813.3,1837.4,1411.6,1585.1,735.3,1837.4,680.05,1308.4,1810.2,1810.2,1982.72,1956.32,1982.72,1669.5882,1833.0435,1775.2381,2178.0,2200.0,1810.0,1960.0,1920.0,2178.0,2178.0,1920.0,1764.0,1764.0,1450.0,1710.0,1540.0,1764.0,1764.0,1540.0,1950.0,1970.0,1720.0,1825.0,1770.0,1950.0,1950.0,1770.0,1956.32,1956.32,1773.0952,1469.8,ADANIPORTS
50679.02,2026-03-31,2025-12-31,2025-12-31,GB00BSZBP530,49.5,2026-07-24,41876.22,Reckitt Benckiser Group plc,2026-07-29,2026-03-31,2026-12-31,2026-12-31,47.78,50.86,57.7292,47.73,61.4167,50.86,65.25,62.6875,49.11,49.11,61.9574,61.8153,61.7995,62.2059,62.4758,68.7946,75.0,75.0,80.2083,75.0,82.2917,75.0,75.0,81.25,51.79,51.79,52.0833,54.42,58.8229,51.79,51.79,56.25,62.0,62.0,61.6667,62.0,67.7083,62.0,62.0,67.7083,61.7995,61.7995,66.2849,62.5208,RKT
49186.57,2026-05-15,2025-12-31,2026-03-31,SA0007879121,52.25,2026-07-26,41754.35,Saudi Basic Industries Corporation,2026-07-30,2026-06-30,2026-12-31,2026-06-30,53.45,52.4,54.3,57.3,85.2,52.4,,56.05,51.55,51.55,60.8777,62.4333,61.0175,65.4923,64.8571,64.0571,67.8,65.0,99.0,99.0,99.0,67.8,67.8,99.0,56.0,56.0,52.0,56.0,52.6,56.0,56.0,52.6,63.0,60.755,59.0,63.0,61.95,63.0,63.0,60.25,62.4333,62.4333,63.4857,51.3,2010
46027.74,2026-05-15,2025-12-31,2026-03-31,IT0004176001,126.9,2026-07-24,41383.06,Prysmian S.p.A.,2026-07-30,2026-06-30,2026-12-31,2026-06-30,147.9,125.35,66.5,127.4,36.4,125.35,29.73,97.36,146.05,146.05,153.65,147.95,153.05,69.0833,105.325,93.5,178.0,190.0,102.0,135.0,112.0,178.0,178.0,105.0,90.0,90.0,35.0,42.0,42.0,90.0,90.0,42.0,148.5,157.0,69.0,109.0,99.5,148.5,148.5,95.0,147.95,147.95,91.0833,86.38,PRY
44324.52,2026-05-15,2025-12-31,2026-03-31,US5380341090,177.24,2026-07-24,41246.02,Live Nation Entertainment Inc.,2026-07-30,2026-06-30,2026-12-31,2026-06-30,171.47,180.22,152.89,156.64,97.16,180.22,77.71,146.97,183.11,183.11,192.0833,185.4348,187.5217,162.7368,183.2174,169.4762,206.0,222.0,185.0,206.0,190.0,206.0,206.0,190.0,145.0,145.0,125.0,140.0,135.0,145.0,145.0,135.0,190.0,190.0,165.0,190.0,170.0,190.0,190.0,172.0,185.4348,185.4348,170.0,142.5,LYV
53692.84,2026-03-31,2025-12-31,2025-12-31,FR0000125007,74.16,2026-07-24,41101.59,Compagnie de Saint-Gobain S.A.,2026-07-30,2026-03-31,2026-12-31,2026-12-31,79.84,75.98,102.7,77.54,58.41,75.98,59.03,83.2,79.16,79.16,96.9235,97.0737,97.6667,105.8824,98.8368,103.421,127.5,134.6,143.0,127.5,140.0,134.6,134.6,140.0,70.0,70.0,72.0,75.0,72.0,70.0,70.0,72.0,100.0,100.0,108.0,100.0,110.0,100.0,100.0,105.0,97.5526,97.5526,103.7778,86.96,SGO
53500.51,2026-05-15,2025-12-31,2026-03-31,US9884981013,148.92,2026-07-24,41045.51,Yum! Brands Inc.,2026-07-30,2026-06-30,2026-12-31,2026-06-30,153.02,147.92,145.83,160.28,137.94,147.92,122.79,152.97,159.86,159.86,174.3333,173.7143,174.2381,161.0128,172.0417,166.8333,200.0,200.0,200.0,200.0,200.0,200.0,200.0,200.0,147.0,147.0,140.0,147.0,145.0,147.0,147.0,144.0,175.0,177.0,160.0,174.0,164.5,175.0,175.0,164.0,173.7143,173.7143,165.56,151.28,YUM
42274.47,2026-05-15,2025-12-31,2026-03-31,TW0002327004,642.0,2026-07-24,40792.47,Yageo Corporation,2026-07-24,2026-06-30,2026-12-31,2026-06-30,1015.0,630.0,132.5,305.0,95.4105,630.0,152.7339,295.0,1140.0,1140.0,1080.1538,784.4167,1070.1667,151.0208,373.5,270.2308,1515.0,1515.0,180.25,415.0,360.0,1515.0,1515.0,295.0,330.0,350.0,128.0,330.0,132.5,330.0,330.0,132.5,788.5,1040.0,150.0,370.0,284.0,813.5,813.5,280.0,813.5833,813.5833,252.0769,231.0,2327
45152.57,2026-05-15,2025-12-31,2026-03-31,US1696561059,31.79,2026-07-24,40778.11,Chipotle Mexican Grill Inc.,2026-07-29,2026-06-30,2026-12-31,2026-06-30,31.69,34.44,45.74,34.21,41.6598,34.44,36.6184,40.87,34.0,34.0,42.9375,42.8788,43.0625,59.8467,43.7429,45.0882,52.0,52.0,70.0,53.0,55.0,52.0,52.0,55.0,35.0,35.0,45.94,36.0,35.0,35.0,35.0,34.0,42.0,43.0,61.0,44.0,45.0,42.0,42.0,43.0,42.8788,42.8788,43.0909,37.0,CMG
41256.93,2026-05-15,2025-12-31,2026-03-31,GB00BRXH2664,79.67,2026-07-24,40281.93,AngloGold Ashanti plc,2026-07-31,2026-06-30,2026-12-31,2026-06-30,78.59,76.76,50.52,99.3,22.24,76.76,19.21,106.26,80.89,80.89,114.125,120.5714,114.0,51.6667,120.5714,101.2857,155.0,134.0,63.0,155.0,131.0,155.0,155.0,131.0,75.0,75.0,35.0,75.0,75.0,75.0,75.0,67.0,121.0,114.5,53.0,120.0,95.0,114.5,114.5,95.0,118.375,118.375,98.0,85.28,AU
45374.28,2026-05-15,2025-12-31,2026-03-31,FR0010307819,134.3,2026-07-24,40028.29,Legrand SA,2026-07-29,2026-06-30,2026-12-31,2026-06-30,145.75,135.4,125.15,152.5,90.38,135.4,93.72,127.95,147.7,147.7,162.6842,158.5263,162.6842,117.1088,152.7895,145.6667,190.0,200.0,140.0,176.0,167.0,190.0,190.0,167.0,114.0,114.0,82.0,114.0,114.0,114.0,114.0,114.0,160.0,167.0,120.85,151.0,145.0,160.0,160.0,145.5,158.4211,158.4211,145.5472,127.25,LR
52123.42,2026-05-15,2025-12-31,2026-03-31,MXP320321310,222.01,2026-07-24,39363.07,Fomento Económico Mexicano S.A.B. de C.V.,2026-07-28,2026-06-30,2026-12-31,2026-06-30,216.79,225.74,181.02,197.75,181.63,225.74,166.46,185.79,222.95,222.95,239.6615,235.6615,238.9692,236.5846,232.2769,225.7385,316.0,316.0,305.0,316.0,316.0,316.0,316.0,316.0,210.0,215.0,207.0,206.0,181.0,215.0,215.0,188.0,230.0,235.0,230.0,225.0,224.0,230.0,230.0,227.0,236.3538,236.3538,228.3833,181.86,FEMSAUBD
151288.26,2026-05-15,2025-12-31,2026-03-31,DE0005190003,56.96,2026-07-24,39320.1,Bayerische Motoren Werke Aktiengesellschaft,2026-07-30,2026-06-30,2026-12-31,2026-06-30,60.9,58.54,86.62,79.34,108.6,58.54,85.55,87.62,57.26,57.26,73.82,78.35,74.67,86.9667,90.1913,91.5818,98.3,95.0,117.0,108.0,115.0,98.3,98.3,112.0,60.0,58.0,63.0,69.0,69.0,60.0,60.0,78.0,78.0,72.95,89.0,90.0,91.0,78.0,78.0,90.0,78.35,78.35,91.3714,93.14,BMW
40488.4,2026-05-15,2025-12-31,2026-03-31,DE0006070006,447.4,2026-07-24,38275.26,HOCHTIEF Aktiengesellschaft,2026-07-27,2026-06-30,2026-12-31,2026-06-30,509.5,455.6,194.3,459.0,80.15,455.6,65.46,364.4,507.0,507.0,479.0444,463.925,484.2667,167.3143,367.7667,292.7444,605.0,605.0,180.0,469.0,396.0,605.0,605.0,375.0,259.0,259.0,158.0,259.0,163.0,259.0,259.0,163.0,494.0,532.6,164.0,387.0,296.0,494.0,494.0,290.0,463.925,463.925,284.7125,337.0,HOT
38189.59,2026-05-15,2025-12-31,2026-03-31,CA13321L1085,123.87,2026-07-24,38259.59,Cameco Corporation,2026-07-31,2026-06-30,2026-12-31,2026-06-30,151.73,119.93,109.02,167.02,43.44,119.93,21.48,169.89,144.56,144.56,178.7778,178.2778,178.7778,100.8125,176.1176,155.6875,200.0,200.0,115.0,200.0,185.0,200.0,200.0,165.0,149.0,147.0,80.0,150.0,120.0,149.0,149.0,120.0,180.0,180.0,101.0,180.0,156.5,180.0,180.0,150.0,179.1111,179.1111,150.8125,125.68,CCO
41419.2,2026-03-31,2025-12-31,2025-12-31,NL0015000IY2,18.48,2026-07-24,38078.67,Universal Music Group N.V.,2026-07-30,2026-03-31,2026-12-31,2026-12-31,18.35,18.29,28.11,19.94,21.7,18.29,,21.08,18.33,18.33,25.0619,25.8053,25.365,29.9263,25.6158,29.0474,48.1,48.1,40.0,41.0,42.0,48.1,48.1,42.0,15.0,15.0,22.0,15.0,20.0,15.0,15.0,21.0,25.0,24.5,30.0,25.0,29.0,25.0,25.0,29.25,25.8053,25.8053,29.2722,22.23,UMG
33233.73,2026-06-29,2026-03-31,2026-03-31,JP3802400006,6624.0,2026-07-24,37724.31,Fanuc Corporation,2026-07-31,2026-06-30,2027-03-31,2027-03-31,7026.0,6637.0,4220.0,7256.0,4781.0,6637.0,5094.0,6342.0,7355.0,7355.0,7424.5,7379.5,7424.5,4753.3684,6802.5,6301.4286,9000.0,9000.0,6000.0,8300.0,8000.0,9000.0,9000.0,7400.0,5600.0,5600.0,3300.0,5000.0,4300.0,5600.0,5600.0,4300.0,7380.0,7450.0,4800.0,7000.0,6000.0,7380.0,7380.0,5500.0,7379.5,7379.5,5731.5,6084.0,6954
60419.76,2026-05-15,2025-12-31,2026-03-31,US92939U1060,115.77,2026-07-24,37709.26,WEC Energy Group Inc.,2026-07-29,2026-06-30,2026-12-31,2026-06-30,115.61,113.35,109.54,114.6,92.21,113.35,94.03,109.1,116.77,116.77,123.75,124.1944,124.75,109.4547,125.0833,120.2059,140.0,140.0,124.0,140.0,140.0,140.0,140.0,140.0,108.0,108.0,100.0,108.0,106.0,108.0,108.0,105.0,124.5,124.5,110.0,125.5,117.0,124.5,124.5,124.0,124.1944,124.1944,121.3824,105.46,WEC
41521.0,2026-05-15,2025-12-31,2026-03-31,KR7028260008,342000.0,2026-07-24,37414.68,Samsung C&T Corporation,2026-07-29,2026-06-30,2026-12-31,2026-06-30,494500.0,317500.0,168600.0,312000.0,103000.0,317500.0,138500.0,298000.0,468500.0,468500.0,539166.6667,514166.6667,534166.6667,188285.7143,373750.0,298529.4118,700000.0,700000.0,260000.0,450000.0,430000.0,700000.0,700000.0,320000.0,320000.0,320000.0,138000.0,285000.0,140000.0,320000.0,320000.0,140000.0,550000.0,560000.0,189000.0,370000.0,285000.0,560000.0,560000.0,270000.0,534166.6667,534166.6667,260882.3529,239500.0,A028260
34586.12,2026-06-29,2026-03-31,2026-03-31,INE154A01025,283.45,2026-07-24,36841.97,ITC Limited,2026-07-31,2026-06-30,2027-03-31,2027-03-31,290.35,280.7,409.95,301.6,471.35,280.7,212.4,323.4,286.95,286.95,343.5152,345.2727,343.5152,500.3947,359.0606,411.8056,486.0,486.0,567.0,486.0,550.0,486.0,486.0,567.0,290.0,290.0,425.0,290.0,320.0,290.0,290.0,425.0,335.0,330.0,498.5,350.0,395.0,335.0,335.0,490.0,345.2727,345.2727,493.3889,403.0,ITC
43231.18,2026-06-29,2026-03-31,2026-03-31,JP3635000007,6425.0,2026-07-24,36768.32,Toyota Tsusho Corporation,2026-07-31,2026-06-30,2027-03-31,2027-03-31,5958.0,6076.0,3480.0,6205.0,2533.6667,6076.0,1750.0,5657.0,5978.0,5978.0,7887.7778,7765.5556,7887.7778,3376.0,7655.7143,5591.6667,8480.0,9200.0,4700.0,8260.0,7050.0,8480.0,8480.0,6030.0,7100.0,7100.0,2700.0,7000.0,4700.0,7100.0,7100.0,4200.0,7590.0,7590.0,3250.0,8000.0,5370.0,7590.0,7590.0,5270.0,7765.5556,7765.5556,5221.6667,5274.0,8015
47255.46,2026-06-29,2026-03-31,2026-03-31,INE101A01026,3161.4,2026-07-24,36651.17,Mahindra & Mahindra Limited,2026-07-30,2026-06-30,2027-03-31,2027-03-31,3064.5,3179.2,3260.9,3038.4,1546.85,3179.2,764.2,3543.4,3068.8,3068.8,4122.9697,4111.5294,4119.0588,3593.8889,4156.5882,4216.0922,4590.0,4590.0,4000.0,4767.0,4521.0,4590.0,4590.0,4500.0,3508.0,3508.0,2760.0,3600.0,3600.0,3508.0,3508.0,3600.0,4089.0,4083.0,3621.5,4102.5,4240.0,4089.0,4089.0,4150.0,4111.5294,4111.5294,4132.3056,3709.2,MM
41367.94,2026-05-15,2025-12-31,2026-03-31,US9291601097,279.7,2026-07-24,36292.44,Vulcan Materials Company,2026-07-29,2026-06-30,2026-12-31,2026-06-30,307.29,288.33,271.42,292.07,222.6,288.33,178.14,300.07,295.01,295.01,325.8636,326.7273,326.3182,294.7179,323.5,325.913,365.0,365.0,340.0,365.0,370.0,365.0,365.0,370.0,198.0,198.0,188.0,198.0,198.0,198.0,198.0,198.0,337.5,337.5,303.0,327.5,327.0,337.5,337.5,325.0,326.5,326.5,320.4348,285.22,VMC
36245.72,2026-05-15,2025-12-31,2026-03-31,US02043Q1076,271.77,2026-07-24,36284.71,Alnylam Pharmaceuticals Inc.,2026-07-30,2026-06-30,2026-12-31,2026-06-30,294.06,267.47,328.0,305.54,192.32,267.47,182.41,357.98,301.03,301.03,432.0435,436.32,434.8261,333.7116,449.12,485.7596,550.0,550.0,500.0,566.0,580.0,550.0,550.0,580.0,310.0,310.0,212.0,310.0,310.0,310.0,310.0,310.0,429.0,425.0,343.5,450.0,495.0,429.0,429.0,500.0,434.72,434.72,495.042,397.65,ALNY
43369.81,2026-06-29,2026-03-31,2026-03-31,JP3304200003,6642.0,2026-07-24,36138.6,Komatsu Ltd.,2026-07-29,2026-06-30,2027-03-31,2027-03-31,6329.0,6251.0,5397.0,7053.0,3975.0,6251.0,2775.5,5681.0,6282.0,6282.0,6389.1667,6380.8333,6389.1667,4870.9091,6340.0,5100.0,8520.0,8520.0,5720.0,9280.0,5700.0,8520.0,8520.0,5700.0,5000.0,5000.0,3800.0,4900.0,4600.0,5000.0,5000.0,4600.0,6100.0,6150.0,5000.0,6150.0,5150.0,6100.0,6100.0,5100.0,6380.8333,6380.8333,5091.6667,5000.0,6301
49064.0,2026-05-15,2025-12-31,2026-03-31,US8816242098,30.81,2026-07-24,35876.0,Teva Pharmaceutical Industries Limited,2026-07-29,2026-06-30,2026-12-31,2026-06-30,34.22,32.03,16.33,30.64,8.64,32.03,8.81,31.81,33.88,33.88,40.9,40.9,40.9,23.338,38.1818,35.3182,50.0,50.0,30.0,45.0,40.0,50.0,50.0,40.0,33.0,33.0,18.07,28.0,25.0,33.0,33.0,25.0,40.0,40.0,23.0,40.0,36.0,40.0,40.0,35.0,40.9,40.9,33.5,31.21,TEVA
34068.63,2026-05-15,2025-12-31,2026-03-31,JP3188220002,11155.0,2026-07-24,35763.52,Otsuka Holdings Co. Ltd.,2026-07-31,2026-06-30,2026-12-31,2026-06-30,10895.0,11000.0,7061.0,10645.0,5351.0,11000.0,4487.0,9144.0,10805.0,10805.0,13162.5,12900.0,13095.8333,9127.2727,11966.6667,10212.5,15700.0,15700.0,11000.0,15100.0,12600.0,15700.0,15700.0,11250.0,11000.0,11000.0,7200.0,10000.0,8000.0,11000.0,11000.0,8000.0,12700.0,13075.0,9500.0,11950.0,10750.0,12700.0,12700.0,9500.0,12900.0,12900.0,9731.8182,8873.0,4578
40159.77,2026-05-13,2025-12-31,2026-03-29,US4278661081,174.3,2026-07-24,35355.6,The Hershey Company,2026-07-30,2026-06-29,2026-12-31,2026-06-29,183.04,171.42,183.9,191.48,245.82,171.42,179.26,191.2,175.45,175.45,207.7143,217.1364,213.4762,166.4263,225.4783,197.7391,255.0,255.0,211.0,260.0,233.0,255.0,255.0,220.0,166.0,166.0,123.0,166.0,137.0,166.0,166.0,137.0,213.5,208.0,165.0,225.0,200.0,211.0,211.0,193.0,216.2273,216.2273,192.3913,181.98,HSY
35624.2,2026-05-15,2025-12-31,2026-03-31,CA15101Q2071,430.07,2026-07-24,35066.19,Celestica Inc.,2026-07-27,2026-06-30,2026-12-31,2026-06-30,515.77,421.82,223.81,561.01,21.39,421.82,9.23,415.53,517.24,517.24,654.2269,654.2269,654.2269,198.3395,568.5841,546.9033,768.3935,768.3935,198.3395,588.8323,574.2531,768.3935,768.3935,564.9964,597.6872,597.6872,198.3395,533.5938,497.8648,597.6872,597.6872,494.7164,645.2305,645.2305,198.3395,575.9551,568.5921,645.2305,645.2305,529.8564,654.2269,654.2269,529.8564,406.01,CLS
33712.11,2026-06-29,2026-03-31,2026-03-31,JP3538800008,3021.0,2026-07-24,34996.76,TDK Corporation,2026-07-31,2026-06-30,2027-03-31,2027-03-31,3575.0,2968.0,1815.5,2718.0,1073.0,2968.0,898.0,1933.5,3570.0,3570.0,3942.3529,3807.0588,3942.3529,2011.1765,2719.4118,2582.3529,5500.0,5500.0,2300.0,3500.0,3200.0,5500.0,5500.0,3200.0,1900.0,1900.0,1450.0,1600.0,1450.0,1900.0,1900.0,1900.0,3500.0,4400.0,2000.0,2800.0,2600.0,4400.0,4400.0,2600.0,3942.3529,3942.3529,2612.6471,2211.0,6762
63030.25,2026-08-14,2026-03-31,2026-06-30,INE733E01010,347.2,2026-07-24,34924.96,NTPC Limited,2026-07-24,2026-09-30,2027-03-31,2026-09-30,357.05,341.85,338.9,401.85,195.9,341.85,118.5,336.7,356.65,356.65,437.1071,436.9286,437.1071,417.92,424.8846,414.8,485.0,485.0,490.0,490.0,490.0,485.0,485.0,490.0,335.0,345.0,320.0,325.0,325.0,335.0,335.0,325.0,445.0,445.0,409.0,423.0,413.0,445.0,445.0,410.0,437.1071,437.1071,413.28,329.55,NTPC
48845.54,2026-05-15,2025-12-31,2026-03-31,US46266C1053,208.05,2026-07-24,34723.54,IQVIA Holdings Inc.,2026-07-28,2026-06-30,2026-12-31,2026-06-30,185.62,206.26,200.82,162.28,228.16,206.26,249.08,235.31,193.22,193.22,232.0,225.4737,232.0,196.5215,231.6,261.15,284.0,284.0,268.43,287.0,290.0,284.0,284.0,273.0,195.0,200.0,159.0,185.0,230.0,195.0,195.0,215.0,220.0,230.0,189.0,229.0,262.5,220.0,220.0,255.5,225.4737,225.4737,253.95,225.41,IQV
32899.83,2026-06-29,2026-03-31,2026-03-31,JP3818000006,3279.0,2026-07-24,34716.09,Fujitsu Limited,2026-07-30,2026-06-30,2027-03-31,2027-03-31,3199.0,3298.0,3290.0,3825.0,1883.5,3298.0,2035.0,4087.0,3247.0,3247.0,4566.1538,4622.3077,4566.1538,3680.0,4689.2308,4965.3846,6000.0,6000.0,4200.0,6000.0,6000.0,6000.0,6000.0,6000.0,3960.0,3830.0,2000.0,3960.0,4000.0,3960.0,3960.0,4000.0,4330.0,4300.0,3800.0,4600.0,4900.0,4300.0,4300.0,4800.0,4576.1538,4576.1538,4786.3636,4329.0,6702
20293.62,2026-05-15,2025-12-31,2026-03-31,KR7000270009,130500.0,2026-07-24,34713.53,Kia Corporation,2026-07-24,2026-06-30,2026-12-31,2026-06-30,135300.0,140000.0,104100.0,152600.0,83100.0,140000.0,86400.0,153500.0,138000.0,138000.0,228566.6667,230066.6667,232733.3333,131481.4815,219833.3333,177724.1379,300000.0,300000.0,179000.0,300000.0,300000.0,300000.0,300000.0,180000.0,190000.0,190000.0,105000.0,145000.0,105000.0,190000.0,190000.0,105000.0,220000.0,240000.0,130000.0,214000.0,170000.0,220000.0,220000.0,150000.0,230066.6667,230066.6667,146689.6552,121800.0,A000270
38544.09,2026-05-15,2025-12-31,2026-03-31,ES0167050915,114.7,2026-07-24,34582.75,ACS Actividades de Construcción y Servicios S.A.,2026-07-27,2026-06-30,2026-12-31,2026-06-30,129.9,117.7,61.15,122.3,30.45,117.7,22.02,94.3,128.7,128.7,128.0059,118.6094,129.0029,57.1643,100.0529,82.3307,159.0,159.0,67.5,150.0,111.0,159.0,159.0,107.0,67.5,78.1,50.0,67.5,53.1,78.1,78.1,53.1,128.35,145.95,55.5,86.7,80.0,129.6,129.6,79.05,122.1719,122.1719,80.5286,84.85,ACS
44781.5,2026-05-15,2025-12-31,2026-03-31,KR7012450003,979000.0,2026-07-24,34477.86,Hanwha Aerospace Co. Ltd.,2026-07-31,2026-06-30,2026-12-31,2026-06-30,1011000.0,875000.0,945000.0,1454000.0,138068.2026,875000.0,56537.9848,1230000.0,995000.0,995000.0,1648913.0435,1735000.0,1666304.3478,1066000.0,1644523.8095,1386304.3478,2100000.0,2100000.0,1320000.0,2000000.0,1620000.0,2100000.0,2100000.0,1600000.0,1345000.0,1345000.0,830000.0,1300000.0,1000000.0,1345000.0,1345000.0,1000000.0,1750000.0,1650000.0,1050000.0,1650000.0,1380000.0,1750000.0,1750000.0,1345000.0,1735000.0,1735000.0,1326739.1304,941000.0,A012450
40609.69,2026-05-15,2025-12-31,2026-03-31,DE000A1EWWW0,173.6,2026-07-24,34423.22,adidas AG,2026-07-30,2026-06-30,2026-12-31,2026-06-30,176.0,181.1,198.5,136.25,174.8,181.1,317.8,143.75,179.4,179.4,207.5862,199.9607,207.5862,256.6645,196.7714,224.8448,268.0,255.0,300.0,268.0,278.0,268.0,268.0,278.0,163.0,163.0,181.0,140.0,160.0,163.0,163.0,174.0,190.0,210.0,264.0,190.0,230.0,197.5,197.5,230.0,201.7464,201.7464,227.2704,169.05,ADS
33878.68,2026-06-29,2026-03-31,2026-03-31,JP3733000008,4249.0,2026-07-24,34394.45,NEC Corporation,2026-07-29,2026-06-30,2027-03-31,2027-03-31,3795.0,4354.0,4172.0,4625.0,1379.4,4354.0,1142.0,5687.0,3925.0,3925.0,6074.1667,6007.5,6074.1667,4269.0909,6062.5,6458.3333,8000.0,8000.0,4800.0,8000.0,8000.0,8000.0,8000.0,7000.0,5000.0,5000.0,3500.0,5000.0,5000.0,5000.0,5000.0,4800.0,5950.0,6000.0,4200.0,6050.0,6500.0,5950.0,5950.0,6150.0,5990.8333,5990.8333,6050.0,5310.0,6701
39133.72,2026-05-15,2025-12-31,2026-03-31,IT0003856405,52.26,2026-07-24,34282.09,Leonardo S.p.a.,2026-07-31,2026-06-30,2026-12-31,2026-06-30,48.03,50.75,47.57,52.7,11.575,50.75,6.4,58.06,46.925,46.925,68.3333,68.6667,68.3333,52.9867,68.4778,58.1632,83.0,80.0,63.0,79.5,71.0,83.0,83.0,65.0,61.5,60.0,35.3,61.0,40.0,61.5,61.5,40.0,67.5,68.0,52.5,69.5,60.0,67.5,67.5,55.0,68.6667,68.6667,55.8611,49.16,LDO
32612.79,2026-05-15,2025-12-31,2026-03-31,US7710491033,47.55,2026-07-24,34044.79,Roblox Corporation,2026-07-30,2026-06-30,2026-12-31,2026-06-30,47.94,51.68,118.12,56.09,39.55,51.68,81.83,74.12,54.38,54.38,66.2903,64.8125,65.9677,94.7213,101.3411,131.91,105.0,105.0,152.0,166.94,180.0,105.0,105.0,180.0,45.0,45.0,45.0,54.0,65.0,45.0,45.0,65.0,61.0,62.0,85.46,90.0,133.5,61.0,61.0,150.0,65.4688,65.4688,140.6356,81.03,RBLX
50904.96,2026-03-31,2025-12-31,2025-12-31,FR0000121485,242.3,2026-07-24,33781.59,Kering SA,2026-07-28,2026-03-31,2026-12-31,2026-12-31,265.35,252.3,212.4,240.05,532.6,252.3,747.6,274.95,247.3,247.3,282.25,282.4583,282.4583,188.0435,284.3478,300.3333,360.0,360.0,360.0,400.0,400.0,360.0,360.0,370.0,175.0,175.0,145.0,190.0,147.0,175.0,175.0,147.0,280.0,280.0,171.0,280.0,314.5,280.0,280.0,310.0,282.375,282.375,294.0,301.0,KER
39018.69,2026-05-15,2025-12-31,2026-03-31,US5732841060,559.6,2026-07-24,33601.69,Martin Marietta Materials Inc.,2026-07-30,2026-06-30,2026-12-31,2026-06-30,616.62,562.59,581.44,615.3,458.51,562.59,356.23,649.48,576.7,576.7,680.6087,683.087,681.4783,592.3284,694.087,681.25,800.0,800.0,660.0,804.0,758.0,800.0,800.0,754.0,440.0,440.0,400.0,440.0,440.0,440.0,440.0,440.0,700.0,700.0,609.0,704.0,690.0,700.0,700.0,685.5,683.087,683.087,673.2917,622.66,MLM
41415.48,2026-03-31,2025-12-31,2025-12-31,DE0006047004,168.3,2026-07-24,33588.76,Heidelberg Materials AG,2026-07-30,2026-03-31,2026-12-31,2026-12-31,184.15,173.95,198.2,185.95,70.5,173.95,74.34,237.2,166.9,166.9,218.95,225.1053,218.75,184.8647,225.7368,239.3684,292.0,292.0,224.0,285.0,300.0,292.0,292.0,300.0,140.0,140.0,91.0,140.0,140.0,140.0,140.0,140.0,225.0,225.0,201.0,230.0,255.0,225.0,225.0,230.0,224.8947,224.8947,226.0556,223.0,HEI
32702.48,2026-05-15,2025-12-31,2026-03-31,US29084Q1004,744.85,2026-07-24,33101.34,EMCOR Group Inc.,2026-07-30,2026-06-30,2026-12-31,2026-06-30,847.17,744.16,578.8,869.9,190.47,744.16,121.44,694.21,829.88,829.88,991.5714,1000.1429,1000.1429,533.0163,887.0,758.5,1123.0,1123.0,597.0,1000.0,900.0,1123.0,1123.0,900.0,885.0,885.0,435.0,808.0,675.0,885.0,885.0,675.0,975.0,975.0,542.5,874.5,731.5,975.0,975.0,731.5,1000.1429,1000.1429,758.5,611.79,EME
36753.13,2026-05-15,2025-12-31,2026-03-31,US45687V1061,84.4,2026-07-24,33028.83,Ingersoll Rand Inc.,2026-07-30,2026-06-30,2026-12-31,2026-06-30,78.32,82.24,86.89,83.81,65.27,82.24,48.61,87.21,81.99,81.99,93.4615,93.2,93.5385,93.0694,98.9333,90.17,115.0,115.0,108.0,115.0,100.0,115.0,115.0,100.0,80.0,80.0,83.0,82.0,78.0,80.0,80.0,78.0,92.0,92.0,92.5,96.0,91.0,92.0,92.0,87.0,93.5385,93.5385,88.3033,79.22,IR
47958.64,2026-05-15,2025-12-31,2026-03-31,US5949724083,91.67,2026-07-24,32923.54,Strategy Inc,2026-07-30,2026-06-30,2026-12-31,2026-06-30,94.13,94.85,414.92,171.02,43.0935,94.85,53.971,163.11,86.93,86.93,303.6429,351.5385,303.6429,536.7143,372.5,469.3077,570.0,570.0,680.0,705.0,705.0,570.0,570.0,705.0,163.0,130.0,175.0,185.0,229.0,163.0,163.0,229.0,345.0,250.0,556.5,322.5,450.0,345.0,345.0,475.0,351.5385,351.5385,489.6154,151.95,MSTR
29732.71,2026-05-15,2025-12-31,2026-03-31,US75734B1008,168.73,2026-07-24,32482.05,Reddit Inc.,2026-07-30,2026-06-30,2026-12-31,2026-06-30,160.72,181.18,148.13,154.89,,181.18,,218.88,173.58,173.58,227.2969,224.9194,226.6719,152.7485,225.5968,251.9259,300.0,300.0,220.0,300.0,325.0,300.0,300.0,325.0,120.0,120.0,75.0,125.0,135.0,120.0,120.0,115.0,230.0,234.75,152.0,240.0,250.0,230.0,230.0,250.0,224.9194,224.9194,246.32,229.87,RDDT
31792.69,2026-06-29,2026-03-31,2026-03-31,JP3551500006,1977.0,2026-07-24,32480.13,DENSO Corporation,2026-07-31,2026-06-30,2027-03-31,2027-03-31,1875.0,1964.0,2077.0,1883.5,2410.0,1964.0,1835.25,2126.0,1876.0,1876.0,2134.4444,2192.3529,2134.4444,2418.0,2266.875,2418.125,2600.0,2500.0,2700.0,2600.0,2800.0,2600.0,2600.0,2800.0,1800.0,1800.0,1970.0,2000.0,2100.0,1800.0,1800.0,2100.0,2200.0,2100.0,2400.0,2250.0,2400.0,2200.0,2200.0,2400.0,2192.3529,2192.3529,2427.5,2158.0,6902
37682.11,2026-06-29,2026-03-31,2026-03-31,GB00B19NLV48,27.44,2026-07-24,32333.24,Experian plc,2026-07-27,2026-06-30,2027-03-31,2027-03-31,25.51,27.19,40.5,27.42,30.12,27.19,31.44,30.29,25.43,25.43,37.1544,38.9814,37.3902,43.3211,40.6077,42.3109,47.5713,46.9577,54.7284,46.3816,54.5009,47.5713,47.5713,54.4062,23.7107,23.5513,30.2193,28.4425,28.1101,23.7107,23.7107,30.9805,39.9097,38.105,44.3744,40.6174,43.3891,39.9097,39.9097,43.8372,38.9814,38.9814,42.8321,33.63,EXPN
37252.05,2026-05-15,2025-12-31,2026-03-31,KR7034020008,72100.0,2026-07-24,31609.18,Doosan Enerbility Co. Ltd.,2026-07-30,2026-06-30,2026-12-31,2026-06-30,81100.0,64800.0,65900.0,128900.0,16860.0,64800.0,22950.0,93600.0,86800.0,86800.0,139678.7,139360.6667,140478.7,67363.6364,123105.2632,101388.8889,195000.0,195000.0,100000.0,157000.0,125000.0,195000.0,195000.0,125000.0,92000.0,100000.0,38000.0,92000.0,77000.0,92000.0,92000.0,77000.0,145000.0,145000.0,62000.0,120000.0,101500.0,145000.0,145000.0,97000.0,139598.7619,139598.7619,97529.4118,75300.0,A034020
52908.8,2026-05-15,2025-12-31,2026-03-31,US0236081024,113.78,2026-07-24,31488.8,Ameren Corporation,2026-07-31,2026-06-30,2026-12-31,2026-06-30,113.32,111.55,100.04,111.12,87.28,111.55,83.39,102.32,113.04,113.04,121.5625,119.8667,122.0,103.8213,120.5333,110.9231,136.0,137.0,115.0,136.0,124.0,136.0,136.0,125.0,105.0,105.0,89.32,105.0,98.0,105.0,105.0,98.0,121.0,121.0,104.0,122.0,111.0,121.0,121.0,112.0,120.2,120.2,111.6154,99.86,AEE
26518.67,2026-05-15,2025-12-31,2026-03-31,US15135B1017,63.41,2026-07-24,31311.67,Centene Corporation,2026-07-28,2026-06-30,2026-12-31,2026-06-30,62.97,66.44,26.76,41.82,70.86,66.44,73.46,46.09,64.19,64.19,65.1667,61.3529,65.1667,52.3824,43.4706,43.8824,80.0,80.0,91.5,70.0,70.0,80.0,80.0,70.0,40.0,40.0,30.0,32.0,32.0,40.0,40.0,32.0,61.0,68.5,47.0,41.0,43.0,62.0,62.0,38.0,61.8333,61.8333,40.4118,41.15,CNC
57830.91,2026-05-15,2025-12-31,2026-03-31,US2333311072,149.46,2026-07-24,31091.91,DTE Energy Company,2026-07-28,2026-06-30,2026-12-31,2026-06-30,151.1,148.19,139.02,146.88,115.01,148.19,116.36,134.33,152.37,152.37,161.9,159.25,161.7667,142.9667,160.1071,147.5,168.0,173.0,154.0,170.0,158.0,168.0,168.0,158.0,146.0,149.0,125.0,149.0,139.0,149.0,149.0,138.0,160.0,165.0,146.0,160.0,149.0,160.0,160.0,149.0,159.5357,159.5357,148.4231,128.98,DTE
29834.23,2026-06-29,2026-03-31,2026-03-31,INE263A01024,405.05,2026-07-24,30714.73,Bharat Electronics Limited,2026-07-27,2026-06-30,2027-03-31,2027-03-31,413.75,409.4,398.15,444.5,126.0,409.4,60.8667,409.9,412.15,412.15,490.1786,490.1786,490.1786,416.0833,488.3929,463.8148,585.0,585.0,550.0,565.0,550.0,585.0,585.0,550.0,346.0,346.0,246.0,300.0,260.0,346.0,346.0,260.0,501.0,501.0,420.0,506.0,480.0,501.0,501.0,485.0,490.1786,490.1786,463.8148,399.7,500049
74863.32,2026-05-15,2025-12-31,2026-03-31,US2810201077,79.75,2026-07-24,30687.32,Edison International,2026-07-30,2026-06-30,2026-12-31,2026-06-30,74.22,77.63,51.42,68.86,72.54,77.63,56.23,60.77,74.45,74.45,76.3214,74.9643,75.9643,67.5547,75.75,66.7143,86.0,86.0,86.0,86.0,86.0,86.0,86.0,86.0,62.0,62.0,50.5,62.0,55.0,62.0,62.0,55.0,77.5,78.5,67.0,78.0,65.5,77.5,77.5,65.5,75.1071,75.1071,66.2857,60.02,EIX
30951.57,2026-05-15,2025-12-31,2026-03-31,GB00BDSFG982,76.75,2026-07-24,30600.37,TechnipFMC plc,2026-07-30,2026-06-30,2026-12-31,2026-06-30,64.29,72.07,37.54,74.76,17.81,72.07,6.94,54.26,66.3,66.3,75.7143,76.1905,75.6191,37.2174,67.8571,49.1667,90.0,87.0,45.0,83.0,57.5,90.0,90.0,53.0,45.0,45.0,30.0,45.0,35.0,45.0,45.0,35.0,80.0,80.0,38.0,69.0,49.0,80.0,80.0,48.0,76.1905,76.1905,46.7,44.56,FTI
36353.17,2026-03-31,2025-12-31,2025-12-31,CH0418792922,155.85,2026-07-24,30555.09,Sika AG,2026-07-28,2026-03-31,2026-12-31,2026-12-31,164.75,158.4,206.4,144.65,257.4,158.4,320.2,147.4,166.75,166.75,188.0,180.685,187.5486,256.2,180.1396,196.8571,250.0,250.0,350.0,250.0,255.0,250.0,250.0,300.0,122.0,150.0,190.0,125.0,143.0,150.0,150.0,160.0,178.0,186.535,267.0,178.0,192.0,178.0,178.0,192.0,183.0941,183.0941,202.0,162.6,SIKA
29944.22,2026-06-29,2026-03-31,2026-03-31,JP3475350009,2799.5,2026-07-24,30553.03,Daiichi Sankyo Company Limited,2026-07-31,2026-06-30,2027-03-31,2027-03-31,2535.5,2791.0,3630.0,2602.5,4168.0,2791.0,2251.0,3044.0,2608.5,2608.5,4205.2941,4205.2941,4205.2941,5628.8235,4684.7059,5325.8823,5500.0,5500.0,6800.0,6000.0,6300.0,5500.0,5500.0,6300.0,2750.0,2750.0,4500.0,3050.0,3450.0,2750.0,2750.0,4500.0,4100.0,4100.0,5700.0,4600.0,5600.0,4100.0,4100.0,5600.0,4205.2941,4205.2941,5468.125,3348.0,4568
55233.26,2026-03-31,2025-12-31,2025-12-31,FR0000124141,36.59,2026-07-24,30468.05,Veolia Environnement SA,2026-07-30,2026-03-31,2026-12-31,2026-12-31,35.63,37.51,30.7,35.56,29.6,37.51,26.23,30.25,36.44,36.44,39.2944,39.2824,39.4,35.2278,38.2765,35.6778,45.3,45.3,45.3,45.3,45.3,45.3,45.3,45.3,33.0,33.0,25.3,32.5,26.5,33.0,33.0,26.5,40.0,40.0,36.35,38.5,35.5,40.0,40.0,36.0,39.2824,39.2824,35.4823,29.72,VIE
30399.21,2026-05-15,2025-06-30,2026-03-31,US1442851036,603.69,2026-07-24,29994.71,Carpenter Technology Corporation,2026-07-30,2026-06-30,2026-06-30,2026-06-30,580.95,557.77,272.97,427.48,56.58,557.77,37.81,335.77,616.84,616.84,571.3333,469.5,571.3333,316.4317,439.3333,382.37,580.0,722.0,375.0,495.0,425.0,580.0,580.0,425.0,400.0,400.0,275.0,375.0,338.59,400.0,400.0,338.59,468.0,644.0,305.0,453.0,380.0,468.0,468.0,380.0,469.5,469.5,382.37,314.84,CRS
57465.8,2026-05-15,2025-12-31,2026-03-31,CA3495531079,82.99,2026-07-24,29964.72,Fortis Inc.,2026-07-31,2026-06-30,2026-12-31,2026-06-30,81.29,82.42,66.94,77.03,57.11,82.42,56.06,72.19,81.25,81.25,80.2333,79.4333,79.7,68.125,77.5357,73.7667,85.0,85.0,74.0,85.0,79.0,85.0,85.0,79.0,70.0,70.0,62.0,70.0,65.0,70.0,70.0,65.0,80.5,80.5,69.5,78.25,74.0,80.5,80.5,74.0,79.4333,79.4333,73.7667,71.36,FTS
40840.77,2026-05-15,2025-12-31,2026-03-31,CA7063271034,72.44,2026-07-24,29869.84,Pembina Pipeline Corporation,2026-07-30,2026-06-30,2026-12-31,2026-06-30,66.15,71.81,50.6,59.29,41.86,71.81,39.4,55.48,65.62,65.62,70.5556,67.6667,69.7222,59.5,62.9444,58.3333,75.0,76.0,64.0,69.0,67.0,75.0,75.0,67.0,55.0,58.0,53.0,52.0,50.0,55.0,55.0,50.0,68.5,70.0,60.0,64.0,58.5,68.5,68.5,58.5,67.6667,67.6667,58.7222,52.29,PPL
31664.35,2026-05-15,2025-12-31,2026-03-31,US09062X1037,202.19,2026-07-24,29850.75,Biogen Inc.,2026-07-29,2026-06-30,2026-12-31,2026-06-30,199.59,205.99,132.59,184.38,277.0,205.99,325.4,171.59,216.06,216.06,227.594,220.2523,226.294,170.6671,212.0273,192.1379,300.0,300.0,260.0,275.0,260.0,300.0,300.0,260.0,150.0,157.0,115.0,150.0,143.0,150.0,150.0,130.0,220.0,225.0,160.0,208.5,190.0,220.0,220.0,177.0,220.2845,220.2845,182.069,175.99,BIIB
28648.73,2026-06-29,2026-03-31,2026-03-31,JP3249600002,3689.0,2026-07-24,29440.03,Kyocera Corporation,2026-07-30,2026-06-30,2027-03-31,2027-03-31,3411.0,3556.0,1655.0,2658.0,1890.0,3556.0,1729.5,2323.0,3561.0,3561.0,3252.6667,2859.3333,3252.6667,1892.1429,2466.3333,2130.0,4200.0,4700.0,2400.0,3000.0,2650.0,4200.0,4200.0,2650.0,1500.0,1500.0,1500.0,1500.0,1500.0,1500.0,1500.0,1500.0,2700.0,3600.0,1850.0,2600.0,2100.0,2700.0,2700.0,2000.0,2859.3333,2859.3333,2040.0,2196.5,6971
23441.3,2026-05-15,2025-12-31,2026-03-31,KR7012330007,482000.0,2026-07-24,29423.87,Hyundai Mobis Co.Ltd,2026-07-24,2026-06-30,2026-12-31,2026-06-30,486500.0,472500.0,297500.0,432500.0,234000.0,472500.0,271500.0,460000.0,500000.0,500000.0,683833.3333,685866.6667,690866.6667,352538.4615,555724.1379,459827.5862,1200000.0,1200000.0,420000.0,750000.0,750000.0,1200000.0,1200000.0,460000.0,460000.0,460000.0,300000.0,390000.0,300000.0,460000.0,460000.0,300000.0,585000.0,585000.0,350000.0,560000.0,480000.0,585000.0,585000.0,380000.0,685866.6667,685866.6667,384931.0345,373000.0,A012330
30754.82,2026-05-13,2025-12-31,2026-03-29,US4523271090,194.09,2026-07-24,29365.82,Illumina Inc.,2026-07-30,2026-06-29,2026-12-31,2026-06-29,175.09,186.65,107.64,127.88,188.07,186.65,495.51,150.28,175.83,175.83,172.5263,148.5556,165.7895,108.5787,136.6667,133.2353,185.0,208.0,185.0,170.0,195.0,185.0,185.0,195.0,95.0,95.0,70.0,80.0,80.0,95.0,95.0,80.0,155.0,170.0,106.0,140.0,132.0,155.0,155.0,125.0,151.6842,151.6842,125.2778,131.16,ILMN
52638.79,2026-05-15,2025-12-31,2026-03-31,US15189T1079,44.56,2026-07-24,29149.79,CenterPoint Energy Inc.,2026-07-28,2026-06-30,2026-12-31,2026-06-30,43.86,43.13,37.84,42.47,30.87,43.13,25.18,38.78,44.04,44.04,46.25,46.125,46.375,38.9019,46.1875,42.3125,50.0,50.0,43.0,50.0,49.0,50.0,50.0,49.0,39.0,39.0,32.0,41.0,37.0,39.0,39.0,36.0,47.0,47.0,40.0,47.0,42.0,47.0,47.0,42.0,46.125,46.125,42.3125,38.34,CNP
58335.28,2026-05-15,2025-12-31,2026-03-31,US3379321074,49.92,2026-07-24,28875.28,FirstEnergy Corp.,2026-07-28,2026-06-30,2026-12-31,2026-06-30,47.82,48.53,41.4,49.41,40.0,48.53,38.47,46.56,47.54,47.54,53.0769,52.1538,52.3846,44.765,53.2857,49.8333,56.0,56.0,47.0,56.0,55.0,56.0,56.0,55.0,48.0,48.0,43.0,49.0,46.0,48.0,48.0,46.0,53.0,53.0,44.0,53.0,49.5,53.0,53.0,49.5,52.2308,52.2308,50.0,44.77,FE
32132.93,2026-05-30,2025-09-30,2026-03-31,US3032501047,1237.37,2026-07-24,28695.73,Fair Isaac Corporation,2026-07-29,2026-06-30,2026-09-30,2026-09-30,1140.34,1257.11,1535.8,1004.72,834.78,1257.11,552.88,1544.69,1194.78,1194.78,1534.5525,1534.5025,1534.5525,2094.3148,1676.8205,2034.255,2400.0,2400.0,3700.0,2400.0,2500.0,2400.0,2400.0,2400.0,707.0,707.0,1364.0,1032.0,1302.0,707.0,707.0,1302.0,1546.0,1521.5,2100.0,1604.0,2025.0,1521.5,1521.5,2060.0,1528.5525,1528.5525,2035.7778,1690.62,FICO
27221.05,2026-05-15,2025-12-31,2026-03-31,CA4969024047,33.66,2026-07-24,28504.37,Kinross Gold Corporation,2026-07-29,2026-06-30,2026-12-31,2026-06-30,33.7,31.67,21.61,44.79,6.54,31.67,7.7,50.92,33.58,33.58,54.7362,61.9768,59.2085,24.0735,54.3449,44.3246,67.8475,67.1709,29.3398,64.922,59.8431,67.9621,67.9621,49.7776,51.0387,49.749,9.9354,13.9335,12.3234,51.0082,51.0082,10.7162,63.0507,58.2292,25.3421,57.3325,46.2774,63.1572,63.1572,43.8756,62.0669,62.0669,39.7283,38.66,K
29973.8,2026-05-15,2025-12-31,2026-03-31,US98419M1009,119.75,2026-07-24,28463.8,Xylem Inc.,2026-07-28,2026-06-30,2026-12-31,2026-06-30,112.04,122.78,131.24,121.46,113.96,122.78,123.26,141.23,118.21,118.21,150.3529,150.6471,150.7647,143.7188,154.0,166.5882,183.0,183.0,164.0,186.0,185.0,183.0,183.0,182.0,124.0,124.0,116.0,123.0,129.0,124.0,124.0,129.0,155.0,154.0,148.0,157.0,170.0,155.0,155.0,172.0,151.2353,151.2353,167.4118,136.18,XYL
58397.23,2026-05-15,2025-12-31,2026-03-31,US30040W1080,74.91,2026-07-24,28172.15,Eversource Energy,2026-07-30,2026-06-30,2026-12-31,2026-06-30,71.71,74.62,66.41,68.64,73.7,74.62,86.22,69.58,72.27,72.27,73.0,72.1667,72.8333,69.7693,72.4167,73.2667,85.0,85.0,85.0,87.0,87.0,85.0,85.0,87.0,54.0,54.0,47.0,57.0,60.0,54.0,54.0,60.0,74.0,74.0,72.0,73.5,74.0,74.0,74.0,73.0,72.1667,72.1667,72.7333,67.33,ES
42595.56,2026-06-29,2026-03-31,2026-03-31,INE752E01010,288.2,2026-07-24,27806.02,Power Grid Corporation of India Limited,2026-07-30,2026-06-30,2027-03-31,2027-03-31,290.9,283.55,299.35,316.4,185.5875,283.55,131.0625,254.15,286.3,286.3,329.48,329.48,329.48,322.6957,320.4783,309.1304,400.0,400.0,375.0,390.0,370.0,400.0,400.0,370.0,283.0,283.0,242.0,267.0,238.0,283.0,283.0,238.0,324.0,324.0,325.0,314.0,306.0,324.0,324.0,317.0,329.48,329.48,312.2609,264.6,POWERGRID
46823.81,2026-05-12,2025-12-31,2026-03-28,CA9611485090,103.91,2026-07-24,27682.48,George Weston Limited,2026-07-31,2026-06-28,2026-12-31,2026-06-28,104.79,103.87,87.95,98.03,52.32,103.87,41.5267,97.6,101.8,101.8,107.8571,107.875,106.5714,95.0417,109.625,102.875,121.0,121.0,105.3333,127.0,115.0,121.0,121.0,112.0,74.0,74.0,66.6667,74.0,70.0,74.0,74.0,70.0,114.5,114.0,99.3333,114.5,109.0,114.0,114.0,108.5,106.5714,106.5714,102.125,94.69,WN
26574.95,2026-05-15,2025-12-31,2026-03-31,US2521311074,71.54,2026-07-24,27605.35,DexCom Inc.,2026-07-30,2026-06-30,2026-12-31,2026-06-30,69.75,76.65,86.74,61.57,127.72,76.65,115.18,72.86,67.35,67.35,85.75,85.24,85.75,98.8546,86.875,85.3077,112.0,112.0,110.0,112.0,112.0,112.0,112.0,112.0,65.0,65.0,83.0,72.0,68.0,65.0,65.0,68.0,85.0,85.0,100.0,85.0,85.0,85.0,85.0,84.0,85.24,85.24,85.3846,66.37,DXCM
36103.34,2026-05-15,2025-12-31,2026-03-31,US36266G1076,60.58,2026-07-24,27557.34,GE HealthCare Technologies Inc.,2026-07-29,2026-06-30,2026-12-31,2026-06-30,64.88,63.07,76.77,68.83,80.63,63.07,,79.77,64.01,64.01,79.3333,79.7368,79.3333,86.8585,90.7368,92.0,98.0,98.0,106.0,110.0,108.0,98.0,98.0,108.0,65.0,65.0,73.0,75.0,77.0,65.0,65.0,73.0,80.0,80.0,88.0,89.0,92.0,80.0,80.0,89.5,79.2222,79.2222,90.3,82.02,GEHC
23092.73,2026-06-29,2026-03-31,2026-03-31,INE522F01014,427.4,2026-07-24,27323.81,Coal India Limited,2026-07-27,2026-06-30,2027-03-31,2027-03-31,441.75,427.65,385.55,456.0,230.95,427.65,144.1,418.4,439.05,439.05,467.5,459.2692,467.5,425.0833,431.375,408.3043,550.0,550.0,519.0,535.0,500.0,550.0,550.0,450.0,290.0,350.0,290.0,290.0,290.0,290.0,290.0,290.0,472.5,480.0,432.5,434.5,415.0,475.0,475.0,410.0,460.0,460.0,403.087,399.0,COALINDIA
27094.12,2026-05-15,2025-12-31,2026-03-31,TW0002360005,2080.0,2026-07-24,27228.63,Chroma ATE Inc.,2026-07-30,2026-06-30,2026-12-31,2026-06-30,2035.0,1835.0,405.0,1925.0,270.0,1835.0,204.0,1035.0,2160.0,2160.0,2659.0,2624.2857,2645.7143,442.0833,1602.7333,914.2308,4000.0,4000.0,505.0,2710.0,1180.0,4000.0,4000.0,1050.0,430.0,430.0,350.0,430.0,430.0,430.0,430.0,430.0,2640.0,2725.0,455.0,1650.0,960.0,2640.0,2640.0,900.0,2624.2857,2624.2857,882.3077,775.0,2360
25194.22,2026-06-29,2026-03-31,2026-03-31,JP3198900007,2682.5,2026-07-24,26844.43,Oriental Land Co. Ltd.,2026-07-30,2026-06-30,2027-03-31,2027-03-31,2398.5,2729.5,3127.0,2387.5,5506.0,2729.5,3158.0,2760.0,2490.0,2490.0,2943.4071,3029.1214,2957.6929,3875.3708,3553.6992,3859.8531,5100.0,4500.0,5500.0,5100.0,5600.0,5100.0,5100.0,5600.0,2070.0,2070.0,2700.0,2420.0,2700.0,2070.0,2070.0,2700.0,2853.85,2853.85,4000.0,3378.09,4000.0,2853.85,2853.85,4000.0,3029.1214,3029.1214,3906.0069,2898.5,4661
28987.19,2026-05-15,2025-12-31,2026-03-31,US5926881054,1327.18,2026-07-24,26819.12,Mettler-Toledo International Inc.,2026-07-30,2026-06-30,2026-12-31,2026-06-30,1203.18,1310.02,1260.75,1282.45,1362.02,1310.02,1477.14,1406.36,1277.51,1277.51,1336.5,1327.8333,1336.5,1260.0925,1488.3077,1504.1538,1550.0,1550.0,1450.0,1700.0,1700.0,1550.0,1550.0,1700.0,1194.0,1200.0,1110.0,1200.0,1200.0,1194.0,1194.0,1200.0,1320.0,1324.0,1233.555,1450.0,1500.0,1300.0,1300.0,1500.0,1311.1667,1311.1667,1503.3846,1394.19,MTD
29522.29,2026-03-31,2025-12-31,2025-12-31,FR001400AJ45,34.41,2026-07-24,26700.23,Compagnie Générale des Établissements Michelin Société en commandite par actions,2026-07-27,2026-03-31,2026-12-31,2026-12-31,33.57,35.12,32.15,31.94,28.66,35.12,34.5,31.12,33.75,33.75,33.5214,33.0929,33.2357,36.2154,33.6071,31.8357,40.0,40.0,43.0,40.0,38.0,40.0,40.0,38.0,28.0,28.0,28.0,28.0,25.0,28.0,28.0,25.0,33.15,33.15,37.0,34.25,30.85,33.15,33.15,30.6,33.0929,33.0929,31.35,28.31,ML
30480.74,2026-05-15,2025-12-31,2026-03-31,US92345Y1064,201.34,2026-07-24,26379.94,Verisk Analytics Inc.,2026-07-29,2026-06-30,2026-12-31,2026-06-30,180.06,200.68,296.09,177.59,234.16,200.68,188.39,218.04,179.53,179.53,225.0588,220.4706,221.4118,306.3165,223.8824,249.25,275.0,275.0,340.0,275.0,300.0,275.0,275.0,300.0,185.0,185.0,245.0,183.0,195.0,185.0,185.0,195.0,220.0,222.0,314.0,220.0,250.0,220.0,220.0,250.0,220.4706,220.4706,250.7059,223.69,VRSK
29216.45,2026-05-15,2025-12-31,2026-03-31,US5763231090,337.84,2026-07-24,26349.64,MasTec Inc.,2026-07-30,2026-06-30,2026-12-31,2026-06-30,393.14,329.59,181.75,376.12,116.51,329.59,100.42,241.8,416.06,416.06,488.5,465.65,481.7368,185.8667,371.1111,253.3158,545.0,581.0,214.0,440.0,300.0,545.0,545.0,300.0,108.0,240.0,128.0,205.0,172.0,108.0,108.0,172.0,494.5,500.0,193.5,374.0,252.0,494.5,494.5,249.5,465.65,465.65,249.1111,217.37,MTZ
41822.47,2026-05-15,2025-12-31,2026-03-31,US0304201033,134.66,2026-07-24,26296.47,American Water Works Company Inc.,2026-07-29,2026-06-30,2026-12-31,2026-06-30,129.64,135.11,140.51,132.42,147.72,135.11,167.27,129.71,131.58,131.58,139.3636,135.5454,139.2727,142.4167,139.4546,141.2727,155.0,155.0,159.0,155.0,157.0,155.0,155.0,157.0,124.0,129.0,116.0,124.0,122.0,124.0,124.0,117.0,131.0,134.0,145.5,138.0,142.0,131.0,131.0,144.0,135.5454,135.5454,141.0,130.5,AWK
25830.26,2026-06-29,2026-03-31,2026-03-31,INE021A01026,2637.9,2026-07-24,26248.25,Asian Paints Limited,2026-07-29,2026-06-30,2027-03-31,2027-03-31,2667.5,2689.0,2352.1,2485.1,3543.7,2689.0,3083.75,2703.7,2635.7,2635.7,2903.8857,2848.1429,2903.8857,2324.8286,2656.0,2813.6286,3600.0,3600.0,2900.0,3390.0,3390.0,3600.0,3600.0,3390.0,1886.0,1886.0,1909.0,1886.0,1967.0,1886.0,1886.0,1967.0,2857.0,2930.0,2250.0,2655.0,2800.0,2857.0,2857.0,2800.0,2848.1429,2848.1429,2807.9143,2769.5,ASIANPAINT
32119.4,2026-05-15,2025-12-31,2026-03-31,US6935061076,116.0,2026-07-24,25856.4,PPG Industries Inc.,2026-07-28,2026-06-30,2026-12-31,2026-06-30,120.98,117.36,115.02,109.8,145.87,117.36,162.92,112.29,121.29,121.29,125.5,123.0,125.15,127.5386,122.1,119.15,140.0,138.0,145.0,135.0,130.0,140.0,140.0,130.0,108.0,108.0,105.0,105.0,109.0,108.0,108.0,109.0,125.0,126.5,130.0,124.0,119.0,125.0,125.0,119.0,123.55,123.55,119.0,102.46,PPG
27918.26,2026-05-15,2025-12-31,2026-03-31,US4435106079,486.09,2026-07-24,25685.86,Hubbell Incorporated,2026-07-28,2026-06-30,2026-12-31,2026-06-30,518.18,488.67,437.5,553.07,333.78,488.67,195.48,485.53,523.2,523.2,556.3,550.0833,554.3,422.4615,535.7692,500.3077,605.0,605.0,450.0,585.0,575.0,605.0,605.0,575.0,479.0,479.0,383.0,479.0,405.0,479.0,479.0,405.0,555.0,557.5,425.0,545.0,515.0,557.5,557.5,480.0,554.3,554.3,486.8462,444.11,HUBB
29127.07,2026-05-15,2025-12-31,2026-03-31,CA0977518616,366.24,2026-07-24,25642.59,Bombardier Inc.,2026-07-30,2026-06-30,2026-12-31,2026-06-30,316.18,339.33,160.48,242.46,57.99,339.33,37.0,265.69,326.54,326.54,331.2048,307.349,326.1571,151.2598,274.9306,250.5773,363.8076,385.8126,193.7914,305.6765,299.5433,382.8359,382.8359,263.3018,234.7346,252.3701,87.9025,204.3568,193.2817,239.0739,239.0739,135.402,303.2455,322.8844,156.9851,280.7941,245.7334,308.8514,308.8514,225.3098,317.3067,317.3067,220.1327,233.5,BBDB
31864.96,2026-05-15,2025-12-31,2026-03-31,NL0000009538,23.16,2026-07-24,25576.16,Koninklijke Philips N.V.,2026-07-28,2026-06-30,2026-12-31,2026-06-30,23.64,23.66,22.06,23.29,18.9795,23.66,37.733,24.84,23.76,23.76,27.95,27.925,27.95,25.3956,27.975,26.8053,35.0,35.0,35.0,35.0,35.0,35.0,35.0,35.0,22.6,22.6,15.3,22.6,19.6,22.6,22.6,19.6,27.0,27.0,25.5,27.0,26.0,27.0,27.0,25.7,27.925,27.925,26.6833,23.24,PHIA
32465.49,2026-05-15,2025-12-31,2026-03-31,ES0177542018,4.342,2026-07-24,25506.1,International Consolidated Airlines Group S.A.,2026-07-31,2026-06-30,2026-12-31,2026-06-30,4.809,4.443,3.781,3.763,1.531,4.443,1.6846,4.183,4.775,4.775,5.3658,5.0395,5.3658,4.1075,4.8258,4.929,6.193,6.4352,5.525,5.9661,6.6504,6.193,6.193,6.7003,3.8395,3.7822,2.3748,3.5415,3.6335,3.8395,3.8395,3.4769,4.9782,5.4494,4.2588,4.8176,4.9118,4.9782,4.9782,4.713,5.0395,5.0395,4.761,4.143,IAG
39042.16,2026-05-15,2025-12-31,2026-03-31,IE00028FXN24,48.56,2026-07-24,25436.16,Smurfit Westrock Plc,2026-07-29,2026-06-30,2026-12-31,2026-06-30,46.56,44.3,48.03,39.96,,44.3,56.87,43.8,46.26,46.26,55.1667,53.7,54.8214,54.948,54.5357,52.8214,62.0,65.0,63.0,64.0,63.0,62.0,62.0,63.0,46.0,46.0,45.0,46.0,45.0,46.0,46.0,44.5,53.0,55.5,55.0,54.0,51.5,52.5,52.5,52.0,53.4643,53.4643,53.3333,38.67,SW
53167.12,2026-06-29,2026-03-31,2026-03-31,JP3783600004,3632.0,2026-07-24,25027.17,East Japan Railway Company,2026-07-31,2026-06-30,2027-03-31,2027-03-31,3386.0,3624.0,3189.0,3427.0,2684.6667,3624.0,2549.3333,3922.0,3408.0,3408.0,4027.5,4027.5,4027.5,3404.1667,4039.1667,4090.0,4700.0,4700.0,4300.0,5300.0,5300.0,4700.0,4700.0,5300.0,3400.0,3400.0,2700.0,2900.0,2900.0,3400.0,3400.0,2900.0,4000.0,4000.0,3325.0,4050.0,4150.0,4000.0,4000.0,4050.0,4027.5,4027.5,4065.0,4132.0,9020
28864.5,2026-05-15,2025-12-31,2026-03-31,US9837931008,213.01,2026-07-24,25009.5,XPO Inc.,2026-07-30,2026-06-30,2026-12-31,2026-06-30,196.83,215.02,135.69,223.68,65.27,215.02,143.62,147.27,205.29,205.29,228.6087,225.2727,228.4348,135.1154,207.7826,156.0833,275.0,275.0,155.0,275.0,180.0,275.0,275.0,180.0,105.0,115.0,85.0,95.0,90.0,105.0,105.0,90.0,236.0,236.0,140.0,210.0,160.0,236.0,236.0,156.0,226.0909,226.0909,153.16,135.91,XPO
25633.27,2026-05-30,2025-09-30,2026-03-31,US9807451037,419.0,2026-07-24,24965.22,Woodward Inc.,2026-07-29,2026-06-30,2026-09-30,2026-09-30,432.8,392.88,255.245,364.95,120.38,392.88,119.56,327.02,425.44,425.44,453.1818,437.0909,453.1818,266.98,431.0,375.125,470.0,511.0,320.0,450.0,405.0,511.0,511.0,400.0,390.0,415.0,200.0,390.0,350.0,390.0,390.0,290.0,440.0,450.0,272.0,438.0,372.0,448.0,448.0,329.5,444.5455,444.5455,331.625,302.32,WWD
26685.82,2026-05-15,2025-12-31,2026-03-31,AEA007301012,5.72,2026-07-24,24900.66,ADNOC Drilling Company P.J.S.C.,2026-07-29,2026-06-30,2026-12-31,2026-06-30,5.9,5.62,5.72,5.15,3.89,5.62,,5.28,5.73,5.73,6.7051,6.5903,6.6162,6.4077,6.464,6.6195,7.5005,7.5011,6.8981,7.1993,7.7984,7.5005,7.5005,7.7974,4.1579,4.1583,5.6088,5.6088,5.6091,4.1579,4.1579,5.6084,6.6997,6.7646,6.5014,6.5014,6.6009,6.6997,6.6997,6.6992,6.5903,6.5903,6.6391,5.34,ADNOCDRILL
26054.95,2026-05-15,2025-12-31,2026-03-31,IE00BDVJJQ56,151.79,2026-07-24,24547.55,nVent Electric plc,2026-07-31,2026-06-30,2026-12-31,2026-06-30,167.55,154.92,77.09,142.17,53.14,154.92,31.14,110.29,169.61,169.61,190.6,187.6667,190.6,80.5846,144.5385,124.0031,218.0,220.0,96.0,164.0,145.0,218.0,218.0,145.0,124.0,124.0,62.0,104.0,68.04,124.0,124.0,68.04,187.0,191.0,84.0,147.0,130.0,188.5,188.5,130.0,188.4286,188.4286,122.6954,101.97,NVT
27447.91,2026-05-15,2025-12-31,2026-03-31,ES0109067019,49.73,2026-07-24,24402.55,Amadeus IT Group S.A.,2026-07-31,2026-06-30,2026-12-31,2026-06-30,52.18,49.94,72.3,50.18,67.28,49.94,56.46,58.84,51.08,51.08,67.2576,67.1414,67.205,77.6855,67.0386,76.7059,80.0,80.9,88.0,80.0,87.0,80.0,80.0,88.0,52.0,50.0,65.0,53.0,64.0,50.0,50.0,64.0,66.5,66.5,80.0,66.0,77.5,66.5,66.5,76.0,67.005,67.005,77.1205,62.84,AMS
30665.34,2026-05-15,2025-12-31,2026-03-31,US5049221055,296.77,2026-07-24,24335.14,Labcorp Holdings Inc.,2026-07-30,2026-06-30,2026-12-31,2026-06-30,265.18,283.36,267.69,263.8,218.82,283.36,283.77,266.66,280.0,280.0,312.3529,310.1177,312.3529,278.9506,310.0588,300.0588,340.0,340.0,300.0,347.0,342.0,340.0,340.0,342.0,270.0,270.0,248.0,270.0,260.0,270.0,270.0,260.0,320.0,320.0,282.0,320.0,303.0,320.0,320.0,303.0,310.1177,310.1177,299.7059,250.88,LH
65485.19,2026-05-15,2025-12-31,2026-03-31,NL0000687663,151.3,2026-07-24,23857.76,AerCap Holdings N.V.,2026-07-29,2026-06-30,2026-12-31,2026-06-30,147.89,146.97,112.01,138.08,65.0,146.97,52.25,144.9,145.78,145.78,170.8889,165.5,170.0,128.3333,162.0,152.3333,175.0,179.0,138.0,175.0,162.0,175.0,175.0,159.0,155.0,155.0,114.0,150.0,141.0,155.0,155.0,141.0,166.5,175.0,130.0,162.0,150.0,166.5,166.5,150.0,165.5,165.5,149.2222,143.76,AER
44907.97,2026-05-15,2025-12-31,2026-03-31,IT0003153415,6.244,2026-07-24,23824.4,Snam S.p.A.,2026-07-29,2026-06-30,2026-12-31,2026-06-30,6.288,6.224,5.06,6.684,4.842,6.224,5.01,5.706,6.316,6.316,6.506,6.5,6.5567,5.3667,6.3579,5.6947,7.3,7.3,6.4,7.4,7.0,7.3,7.3,6.5,5.3,5.4,4.4,5.3,5.0,5.3,5.3,5.0,6.6,6.6,5.4,6.4,5.5,6.6,6.6,5.5,6.5,6.5,5.6444,5.656,SRG
31103.09,2026-05-15,2025-12-31,2026-03-31,AT0000743059,63.85,2026-07-24,23667.05,OMV Aktiengesellschaft,2026-07-31,2026-06-30,2026-12-31,2026-06-30,54.75,61.6,46.44,58.15,41.63,61.6,45.85,50.1,55.15,55.15,59.8556,61.0031,60.1412,49.32,57.8937,51.2062,70.2,70.2,62.5,70.2,62.0,70.2,70.2,62.0,50.0,50.0,40.0,46.1,44.0,50.0,50.0,45.0,61.5,60.0,48.0,58.5,49.8,61.5,61.5,50.0,61.0031,61.0031,51.5533,47.52,OMV
32375.26,2026-06-29,2026-03-31,2026-03-31,INE081A01020,182.7,2026-07-24,23659.73,Tata Steel Limited,2026-07-30,2026-06-30,2027-03-31,2027-03-31,190.15,185.9,163.45,210.0,115.45,185.9,128.19,187.55,188.15,188.15,223.1944,225.1667,222.6389,163.0667,214.875,192.4194,275.0,275.0,200.0,250.0,230.0,275.0,275.0,215.0,170.0,170.0,125.0,165.0,145.0,170.0,170.0,145.0,227.0,224.0,166.0,217.5,199.0,227.0,227.0,188.0,225.1667,225.1667,184.9667,180.05,500470
37509.36,2026-05-15,2025-12-31,2026-03-31,IT0003242622,10.37,2026-07-24,23648.76,Terna S.p.A.,2026-07-29,2026-06-30,2026-12-31,2026-06-30,10.165,10.35,8.464,10.2,7.802,10.35,6.696,8.974,10.24,10.24,9.8026,9.7675,9.7658,8.8059,9.6075,9.2316,11.2,11.2,10.0,11.2,10.2,11.2,11.2,10.2,8.15,8.15,7.6,8.15,8.15,8.15,8.15,8.2,9.9,9.8,8.7,9.65,9.25,9.9,9.9,9.25,9.7675,9.7675,9.1382,9.054,TRN
39744.02,2026-05-15,2025-12-31,2026-03-31,CH1300646267,121.53,2026-07-24,23579.02,Bunge Global SA,2026-07-29,2026-06-30,2026-12-31,2026-06-30,108.99,119.15,76.93,124.9,106.08,119.15,74.94,113.6,106.73,106.73,141.4444,142.0,141.4444,89.15,135.0,110.9,150.0,150.0,101.35,150.0,120.0,150.0,150.0,120.0,116.0,116.0,74.0,116.0,80.0,116.0,116.0,80.0,145.0,142.0,90.0,132.0,112.5,142.0,142.0,110.0,141.4444,141.4444,109.3333,89.08,BG
19531.97,2026-05-15,2025-12-31,2026-03-31,US45337C1027,117.67,2026-07-24,23508.37,Incyte Corporation,2026-07-28,2026-06-30,2026-12-31,2026-06-30,108.46,117.25,70.49,94.65,63.46,117.25,79.3,101.99,113.36,113.36,114.5455,110.2609,113.8182,75.4061,107.3636,102.3333,140.0,140.0,107.0,135.0,130.0,140.0,140.0,129.0,71.0,71.0,52.0,71.0,70.0,71.0,71.0,70.0,105.0,111.0,73.0,106.5,103.0,108.5,108.5,102.0,111.2727,111.2727,100.0952,98.77,INCY
28397.97,2026-05-15,2025-12-31,2026-03-31,JP3242800005,4526.0,2026-07-24,23459.79,Canon Inc.,2026-07-27,2026-06-30,2026-12-31,2026-06-30,4258.0,4466.0,4040.0,4005.0,3759.0,4466.0,2639.5,4511.0,4147.0,4147.0,4777.2727,4790.9091,4777.2727,4950.0,4960.0,5120.0,5900.0,5900.0,6300.0,6100.0,6100.0,5900.0,5900.0,6100.0,4100.0,4200.0,3850.0,4200.0,4200.0,4100.0,4100.0,4200.0,4700.0,4700.0,5000.0,4850.0,5000.0,4700.0,4700.0,4900.0,4790.9091,4790.9091,5030.0,4633.0,7751
26470.62,2026-05-15,2025-12-31,2026-03-31,AT0000746409,59.2,2026-07-24,23384.89,VERBUND AG,2026-07-30,2026-06-30,2026-12-31,2026-06-30,54.75,58.6,67.55,65.2,76.7,58.6,84.25,61.4,55.6,55.6,60.0357,60.1786,60.0357,64.7538,60.9333,63.2333,87.2,87.2,87.2,87.2,87.2,87.2,87.2,87.2,54.6,54.0,55.3,53.9,56.0,54.6,54.6,56.0,57.0,57.0,62.0,60.0,62.0,57.0,57.0,62.0,60.1786,60.1786,63.6786,62.0,VER
22816.73,2026-08-14,2026-03-31,2026-06-30,INE267A01025,531.95,2026-07-24,23316.54,Hindustan Zinc Limited,2026-07-24,2026-09-30,2027-03-31,2026-09-30,541.7,518.3,445.9,588.85,316.8,518.3,329.05,698.85,533.15,533.15,648.9333,661.2667,651.6,455.3077,656.0,612.75,765.0,730.0,564.0,765.0,750.0,765.0,765.0,660.0,520.0,515.0,335.0,520.0,436.0,520.0,520.0,380.0,695.0,688.0,463.0,690.5,595.5,695.0,695.0,510.0,661.2667,661.2667,518.5333,612.3,500188
25009.17,2026-05-15,2025-12-31,2026-03-31,US1713401024,97.64,2026-07-24,23135.17,Church & Dwight Co. Inc.,2026-07-31,2026-06-30,2026-12-31,2026-06-30,98.67,98.07,97.28,95.02,98.08,98.07,86.48,92.43,96.88,96.88,103.8421,102.5263,102.9474,101.1053,101.5263,95.8421,115.0,115.0,120.0,115.0,114.0,115.0,115.0,114.0,74.0,77.0,75.0,74.0,74.0,74.0,74.0,74.0,105.0,105.0,103.0,103.0,100.0,105.0,105.0,100.0,102.5263,102.5263,97.2632,83.85,CHD
42791.29,2026-05-15,2025-12-31,2026-03-31,US1258961002,74.7,2026-07-24,23076.29,CMS Energy Corporation,2026-07-28,2026-06-30,2026-12-31,2026-06-30,76.49,73.65,72.89,76.27,62.67,73.65,62.08,70.7,76.5,76.5,80.4615,79.7857,80.0714,75.0893,81.9286,77.2308,88.0,88.0,82.0,90.0,87.0,88.0,88.0,87.0,66.0,66.0,59.0,66.0,66.0,66.0,66.0,66.0,80.5,81.0,78.0,83.0,77.0,80.5,80.5,79.0,79.7857,79.7857,78.3846,69.93,CMS
67976.32,2026-05-15,2025-12-31,2026-03-31,ES0178430E18,3.598,2026-07-24,23033.74,Telefónica S.A.,2026-07-29,2026-06-30,2026-12-31,2026-06-30,3.679,3.618,4.622,3.876,3.777,3.618,3.7605,3.37,3.516,3.516,3.9636,4.0023,3.9705,4.3,3.9326,3.9591,5.0,5.0,5.2,5.0,5.0,5.0,5.0,5.0,3.0,3.0,3.0,3.0,2.9,3.0,3.0,2.9,4.0,3.95,4.5,3.9,3.95,4.0,4.0,4.1,4.0023,4.0023,4.0476,3.493,TEF
24508.04,2026-05-15,2025-12-31,2026-03-31,SE0015961909,83.36,2026-07-24,23030.96,Hexagon AB (publ),2026-07-29,2026-06-30,2026-12-31,2026-06-30,80.38,78.76,104.5,102.15,114.85,78.76,139.7,102.7,80.12,80.12,91.9974,96.0379,91.8062,112.1426,112.4802,114.4339,127.2379,126.09,144.9473,145.2782,140.5046,127.2379,127.2379,149.0859,70.7888,69.6116,87.6413,94.3492,93.8218,70.7888,70.7888,95.9992,95.7084,88.7235,106.3074,106.0389,110.6686,95.7084,95.7084,116.8582,96.0379,96.0379,119.7417,109.5,HEXAB
26901.21,2026-03-31,2025-12-31,2025-12-31,CH1216478797,81.4,2026-07-24,22861.41,DSM-Firmenich AG,2026-07-30,2026-03-31,2026-12-31,2026-12-31,80.98,86.26,88.4,64.4,100.88,86.26,,65.64,83.0,83.0,85.5429,79.37,83.02,122.35,79.82,96.6191,103.0,103.0,146.0,103.0,125.0,103.0,103.0,125.0,60.0,60.0,88.0,63.0,70.0,60.0,60.0,70.0,78.5,84.5,125.0,78.0,97.0,79.0,79.0,103.0,79.57,79.57,101.3,68.76,DSFIR
31252.82,2026-05-15,2025-12-31,2026-03-31,KR7006400006,428000.0,2026-07-24,22816.39,Samsung SDI Co. Ltd.,2026-07-30,2026-06-30,2026-12-31,2026-06-30,455000.0,401000.0,189800.0,635000.0,662000.0,401000.0,760000.0,387500.0,487000.0,487000.0,727048.3871,745080.6452,730274.1935,234737.5,478834.3226,323995.1333,1000000.0,1000000.0,440565.0,880000.0,450000.0,1000000.0,1000000.0,450000.0,182000.0,182000.0,135000.0,135000.0,135000.0,182000.0,182000.0,135000.0,820000.0,810000.0,232500.0,520000.0,350000.0,820000.0,820000.0,350000.0,741854.8387,741854.8387,321161.8,269500.0,A006400
23177.12,2026-05-15,2025-12-31,2026-03-31,US76954A1034,15.84,2026-07-24,22748.12,Rivian Automotive Inc.,2026-07-30,2026-06-30,2026-12-31,2026-06-30,14.64,17.455,13.82,16.52,25.81,17.455,,15.95,17.35,17.35,18.7692,18.1923,18.7692,14.76,18.16,16.96,25.0,25.0,23.0,25.0,25.0,25.0,25.0,25.0,9.0,13.0,7.05,9.0,10.0,9.0,9.0,10.0,18.0,18.0,14.305,18.0,16.0,18.0,18.0,15.0,18.1923,18.1923,16.5833,19.71,RIVN
30910.29,2026-05-15,2025-12-31,2026-03-31,US6819191064,79.66,2026-07-24,22703.59,Omnicom Group Inc.,2026-07-28,2026-06-30,2026-12-31,2026-06-30,73.66,81.73,77.06,75.74,83.09,81.73,72.3,79.79,72.83,72.83,102.75,102.8333,102.75,98.613,100.9,101.1,147.0,146.0,119.13,117.0,120.0,147.0,147.0,115.0,79.0,79.0,78.0,81.0,77.0,79.0,79.0,82.0,100.5,100.5,101.0,102.0,105.5,100.5,100.5,103.0,102.8333,102.8333,100.2,80.75,OMC
29599.78,2026-05-15,2025-12-31,2026-03-31,CA3359341052,38.52,2026-07-24,22623.9,First Quantum Minerals Ltd.,2026-07-28,2026-06-30,2026-12-31,2026-06-30,36.75,36.79,23.94,35.85,34.68,36.79,24.55,40.81,38.74,38.74,48.3678,47.0464,47.8289,24.462,43.5424,38.8716,56.0202,54.4506,29.2256,51.8369,47.5769,56.0202,56.0202,42.4898,33.9529,40.3698,17.4209,28.2624,17.9249,33.9529,33.9529,17.7765,46.6049,46.4774,25.3183,44.606,39.7175,46.6049,46.6049,35.5201,47.0464,47.0464,34.7707,36.8,FM
82689.99,2026-05-15,2025-12-31,2026-03-31,BMG162581083,46.71,2026-07-24,22611.46,Brookfield Renewable Partners L.P.,2026-07-31,2026-06-30,2026-12-31,2026-06-30,50.14,44.56,37.37,46.7,39.46,44.56,48.43,38.85,49.18,49.18,46.0461,46.3264,46.3003,39.1633,43.71,41.8917,51.617,51.5974,42.0145,48.0475,44.8643,51.5974,51.5974,44.5016,41.7761,41.7602,37.0127,39.4882,39.0229,41.7602,41.7602,38.9355,45.9563,45.9218,38.8129,43.6521,41.8399,45.9218,45.9218,41.4173,46.3003,46.3003,41.5679,37.09,BEPUN
24042.04,2026-05-18,2025-12-31,2026-04-03,US92338C1036,92.02,2026-07-24,22600.04,Veralto Corporation,2026-07-28,2026-07-03,2026-12-31,2026-07-03,86.32,93.81,103.27,88.62,,93.81,,101.31,88.68,88.68,108.1176,108.0588,108.0588,109.9181,108.9412,114.9412,132.0,132.0,124.0,138.0,138.0,132.0,132.0,123.0,100.0,98.0,95.0,97.0,100.0,100.0,100.0,100.0,106.0,109.0,109.5,108.0,116.0,106.0,106.0,116.0,108.0588,108.0588,114.1765,99.78,VLTO
47027.5,2026-06-29,2026-03-31,2026-03-31,JP3566800003,3892.0,2026-07-24,22566.78,Central Japan Railway Company,2026-07-31,2026-06-30,2027-03-31,2027-03-31,3420.0,3766.0,3439.0,4052.0,3581.0,3766.0,3306.0,4264.0,3469.0,3469.0,4376.6667,4376.6667,4376.6667,3607.5,4663.3333,4481.6667,5100.0,5100.0,4200.0,5500.0,5200.0,5100.0,5100.0,5200.0,3350.0,3350.0,3000.0,3460.0,3240.0,3350.0,3350.0,3240.0,4400.0,4400.0,3600.0,4800.0,4520.0,4400.0,4400.0,4450.0,4376.6667,4376.6667,4431.6667,4337.0,9022
30847.44,2026-05-15,2025-12-31,2026-03-31,US4601461035,42.16,2026-07-24,22324.44,International Paper Company,2026-07-30,2026-06-30,2026-12-31,2026-06-30,38.3,37.56,54.8,32.65,32.37,37.56,58.08,43.04,38.1,38.1,42.7273,39.3636,42.4545,54.7615,42.7,47.3454,45.0,51.0,65.0,48.0,57.8,45.0,45.0,57.8,32.0,39.0,41.6,38.0,36.0,32.0,32.0,36.0,39.0,42.0,57.8,43.0,47.0,39.0,39.0,47.0,39.3636,39.3636,47.3454,39.39,IP
24416.64,2026-05-15,2025-12-31,2026-03-31,BRVIVTACNOR0,35.47,2026-07-24,22291.13,Telefônica Brasil S.A.,2026-07-27,2026-06-30,2026-12-31,2026-06-30,34.25,35.52,30.75,40.18,20.61,35.52,20.485,37.01,33.95,33.95,39.0857,39.3,39.0857,33.1429,40.7929,37.7714,50.0,50.0,38.0,52.0,48.0,50.0,50.0,50.0,31.0,31.0,26.0,31.0,31.0,31.0,31.0,31.0,39.0,38.85,33.25,40.55,37.75,39.0,39.0,37.25,39.3,39.3,37.8348,33.1,VIVT3
25240.19,2026-05-15,2025-12-31,2026-03-31,KYG3730V1059,215.98,2026-07-24,22155.87,FTAI Aviation Ltd.,2026-07-29,2026-06-30,2026-12-31,2026-06-30,272.14,207.46,109.92,232.85,33.04,207.46,29.96,292.1,270.53,270.53,390.6,350.6,355.6,167.2608,338.9,272.6,408.0,408.0,300.0,375.0,335.0,408.0,408.0,306.0,319.0,319.0,123.0,293.0,205.0,319.0,319.0,200.0,343.0,348.0,160.0,341.0,268.0,343.0,343.0,222.5,350.6,350.6,227.1,196.85,FTAI
20945.24,2026-05-30,2025-09-30,2026-03-31,US3156161024,392.21,2026-07-24,22128.19,F5 Inc.,2026-07-27,2026-06-30,2026-09-30,2026-09-30,384.78,409.095,301.93,303.16,150.21,409.095,192.18,259.26,415.96,415.96,419.5,409.0,413.0,302.6842,311.3,295.3,490.0,490.0,340.0,355.0,345.0,490.0,490.0,330.0,300.0,300.0,260.0,250.0,250.0,300.0,300.0,250.0,404.5,404.5,304.5,320.0,290.0,404.5,404.5,282.5,409.0,409.0,287.5,255.26,FFIV
23468.73,2026-05-15,2025-12-31,2026-03-31,US12541W2098,186.505,2026-07-24,21983.91,C.H. Robinson Worldwide Inc.,2026-07-29,2026-06-30,2026-12-31,2026-06-30,177.28,208.5,103.17,183.03,97.94,208.5,92.88,176.66,188.34,188.34,203.12,197.0417,202.32,110.235,190.32,173.28,230.0,235.0,130.0,224.0,224.0,230.0,230.0,200.0,90.0,91.0,71.0,90.0,85.0,90.0,90.0,85.0,206.0,210.0,111.5,200.0,180.0,206.0,206.0,161.0,197.0417,197.0417,157.72,160.76,CHRW
24733.22,2026-05-15,2025-12-31,2026-03-31,US1651677353,91.52,2026-07-24,21894.22,Expand Energy Corporation,2026-07-28,2026-06-30,2026-12-31,2026-06-30,88.6,88.13,99.6,96.44,83.42,88.13,54.79,109.49,91.19,91.19,124.12,129.84,125.32,132.4815,132.5385,130.6429,160.0,160.0,170.0,165.0,152.0,160.0,160.0,162.0,100.0,92.0,101.0,95.0,86.0,100.0,100.0,86.0,133.0,124.0,134.0,131.5,132.5,131.0,131.0,136.0,129.0,129.0,133.6071,110.36,EXE
19954.25,2026-05-15,2025-12-31,2026-03-31,US3364331070,202.82,2026-07-24,21793.69,First Solar Inc.,2026-07-30,2026-06-30,2026-12-31,2026-06-30,248.36,211.99,180.72,193.76,197.66,211.99,82.95,242.15,235.96,235.96,256.3621,247.3015,254.255,203.3734,246.0331,281.6812,330.0,330.0,281.0,313.0,347.1,330.0,330.0,335.0,150.0,150.0,100.0,150.0,150.0,150.0,150.0,150.0,245.0,254.5,202.5,250.0,285.0,245.0,245.0,282.5,247.3015,247.3015,274.6056,261.23,FSLR
21153.24,2026-06-29,2026-03-31,2026-03-31,INE066A01021,7628.4,2026-07-24,21734.17,Eicher Motors Limited,2026-07-29,2026-06-30,2027-03-31,2027-03-31,7572.1,7565.6,5472.5,7108.65,3308.35,7565.6,2548.5,6974.0,7076.25,7076.25,7976.1389,7863.1667,7956.9722,5566.5588,7807.7273,7266.6857,9100.0,9100.0,6543.0,9694.0,8716.0,9100.0,9100.0,8716.0,6200.0,6200.0,4079.0,6500.0,4700.0,6200.0,6200.0,4700.0,7864.0,7914.0,5695.0,7800.0,7400.0,7864.0,7864.0,7190.0,7863.1667,7863.1667,7023.6571,7312.1,505200
50405.7,2026-05-15,2025-12-31,2026-03-31,PTEDP0AM0009,4.604,2026-07-24,21640.1,EDP S.A.,2026-07-28,2026-06-30,2026-12-31,2026-06-30,4.384,4.518,3.772,4.535,4.276,4.518,4.569,4.213,4.581,4.581,5.0114,4.8909,4.9886,4.1714,4.7595,4.5705,5.95,6.0,5.95,5.95,5.95,6.0,6.0,5.95,3.7,4.0,3.5,3.7,3.7,3.7,3.7,3.7,4.8,4.925,4.1,4.7,4.6,4.8,4.8,4.6,4.9068,4.9068,4.4786,3.915,EDP
25078.41,2026-05-15,2025-12-31,2026-03-31,US1912411089,102.71,2026-07-24,21577.65,Coca-Cola FEMSA S.A.B. de C.V.,2026-07-27,2026-06-30,2026-12-31,2026-06-30,104.69,103.25,87.02,102.28,81.86,103.25,52.6,106.53,106.25,106.25,118.3402,116.283,117.4941,105.674,115.107,103.8012,130.0,130.0,113.528,130.0,115.0,130.0,130.0,115.0,105.0,105.0,97.0,102.0,95.0,105.0,105.0,95.0,115.989,120.0,107.0,116.0,102.5,115.989,115.989,103.0,116.8215,116.8215,103.8149,94.71,KOF
21112.37,2026-05-15,2025-12-31,2026-03-31,US1924461023,45.45,2026-07-24,21537.37,Cognizant Technology Solutions Corporation,2026-07-29,2026-06-30,2026-12-31,2026-06-30,41.44,44.77,76.73,55.11,67.45,44.77,69.29,84.18,38.73,38.73,60.982,69.382,63.902,88.2356,82.2142,89.516,93.0,88.0,103.0,107.0,107.0,93.0,93.0,103.0,42.0,42.0,80.0,61.0,70.0,42.0,42.0,70.0,70.0,65.0,87.89,83.0,87.0,70.0,70.0,84.5,68.782,68.782,86.2042,83.0,CTSH
15296.23,2026-05-15,2025-12-31,2026-03-31,US60770K1079,54.07,2026-07-24,21454.23,Moderna Inc.,2026-07-31,2026-06-30,2026-12-31,2026-06-30,60.42,61.82,34.01,50.73,123.01,61.82,348.83,48.71,70.03,70.03,49.3684,43.45,48.2632,47.5455,46.1,37.7,69.0,79.0,198.0,135.0,135.0,79.0,79.0,135.0,22.0,22.0,20.0,21.0,17.0,22.0,22.0,17.0,45.0,45.0,31.5,42.0,29.0,45.0,45.0,28.0,45.85,45.85,36.75,29.49,MRNA
22214.97,2026-05-15,2025-12-31,2026-03-31,DE000A0D9PT0,342.6,2026-07-24,20951.75,MTU Aero Engines AG,2026-07-30,2026-06-30,2026-12-31,2026-06-30,357.9,341.7,365.6,291.8,229.1,341.7,207.5,378.0,363.9,363.9,396.55,386.1,396.55,379.875,399.85,419.3158,530.0,530.0,450.0,520.0,515.0,530.0,530.0,515.0,275.0,310.0,296.0,275.0,296.0,275.0,275.0,296.0,370.0,405.5,382.5,406.0,410.0,370.0,370.0,415.0,386.1,386.1,413.5,355.3,MTX
32586.78,2026-05-15,2025-12-31,2026-03-31,FR0000120503,47.54,2026-07-24,20900.6,Bouygues SA,2026-07-30,2026-06-30,2026-12-31,2026-06-30,49.54,47.78,38.45,51.78,31.91,47.78,32.4,44.49,48.81,48.81,59.03,59.03,59.03,40.4111,55.28,50.3111,73.0,73.0,54.0,64.0,57.0,73.0,73.0,57.0,53.0,53.0,35.0,43.0,43.0,53.0,53.0,38.0,59.0,59.0,38.0,55.5,49.0,59.0,59.0,46.5,59.03,59.03,48.025,44.35,EN
22774.96,2026-05-15,2025-12-31,2026-03-31,SA1510P1UMH1,222.5,2026-07-26,20743.99,Dr. Sulaiman Al Habib Medical Services Group Company,2026-07-27,2026-06-30,2026-12-31,2026-06-30,214.0,215.1,251.4,243.8,296.4,215.1,,267.0,212.0,212.0,268.88,270.5357,265.7857,306.8154,285.4385,290.9667,320.0,320.0,330.0,320.0,321.0,320.0,320.0,330.0,181.0,181.0,245.0,211.0,192.0,181.0,181.0,194.0,277.5,267.6,305.0,291.7,297.5,277.5,277.5,300.0,270.5357,270.5357,294.6333,257.0,4013
21033.82,2026-05-15,2025-12-31,2026-03-31,KR7010120004,202000.0,2026-07-24,20559.98,LS ELECTRIC Co. Ltd.,2026-07-24,2026-06-30,2026-12-31,2026-06-30,203000.0,179300.0,57500.0,255500.0,19100.0,179300.0,12600.0,107400.0,238000.0,238000.0,256309.0909,233704.7619,240854.5455,63641.2818,203990.4762,100769.9217,350000.0,350000.0,74000.0,260000.0,136000.0,350000.0,350000.0,126000.0,128000.0,128000.0,44000.0,128000.0,49708.2,128000.0,128000.0,49708.2,240000.0,240000.0,70000.0,217000.0,106000.0,240000.0,240000.0,82000.0,233704.7619,233704.7619,89204.7043,92000.0,A010120
19626.93,2026-06-29,2026-03-31,2026-03-31,INE361B01024,7248.5,2026-07-24,19961.59,Divi's Laboratories Limited,2026-08-01,2026-06-30,2027-03-31,2027-03-31,6753.5,7247.5,6618.5,6361.5,3686.0,7247.5,4824.75,6011.5,6579.0,6579.0,7088.8,7059.4667,7088.8,6459.5862,6876.7,6823.0625,9450.0,9450.0,7900.0,9140.0,9140.0,9450.0,9450.0,9140.0,5160.0,5610.0,4381.0,5090.0,5290.0,5160.0,5160.0,4930.0,6981.0,6981.0,6575.0,6822.5,6862.5,6981.0,6981.0,6795.0,7059.4667,7059.4667,6785.0968,6392.5,DIVISLAB
19284.52,2026-05-15,2025-12-31,2026-03-31,KR7267260008,810000.0,2026-07-24,19956.39,HD Hyundai Electric Co. Ltd.,2026-07-28,2026-06-30,2026-12-31,2026-06-30,883000.0,752000.0,489000.0,1306000.0,70600.0,752000.0,23150.0,901000.0,972000.0,972000.0,1350177.4762,1387186.35,1352558.4286,538630.45,1107301.4211,961124.2381,1600000.0,1600000.0,635000.0,1320000.0,1200000.0,1600000.0,1600000.0,1100000.0,588727.0,588727.0,350000.0,588727.0,373609.0,588727.0,588727.0,373609.0,1490000.0,1440000.0,555000.0,1190000.0,1020000.0,1490000.0,1490000.0,920000.0,1387186.35,1387186.35,894457.5714,774000.0,A267260
44385.9,2026-05-15,2025-12-31,2026-03-31,ES0105066007,25.94,2026-07-24,19874.24,Cellnex Telecom S.A.,2026-07-31,2026-06-30,2026-12-31,2026-06-30,29.0,24.79,33.14,28.62,36.7,24.79,55.54,25.77,26.15,26.15,36.2625,36.2625,36.2625,41.9435,36.6583,38.0708,45.8,45.8,53.5,45.9,49.7,45.8,45.8,49.7,21.0,21.0,24.0,21.0,24.0,21.0,21.0,24.0,36.0,36.0,42.5,36.0,37.75,36.0,36.0,41.0,36.2625,36.2625,38.9435,27.43,CLNX
20457.35,2026-03-01,2025-06-30,2025-12-31,AU000000NST8,19.93,2026-07-24,19808.94,Northern Star Resources Limited,2026-07-29,2026-03-31,2026-06-30,2026-06-30,20.59,19.04,15.81,22.14,11.74,19.04,9.81,27.7,18.95,18.95,24.8156,25.9875,24.8156,20.4087,27.8677,28.7781,33.5,33.35,27.0,35.0,39.0,33.5,33.5,35.15,15.0,14.2,13.0,15.0,15.0,15.0,15.0,13.7,25.95,24.525,20.0,29.4,29.5,25.6,25.6,29.625,25.5188,25.5188,28.9194,26.73,NST
32884.17,2026-06-29,2026-03-31,2026-03-31,INE242A01010,138.47,2026-07-24,19782.11,Indian Oil Corporation Limited,2026-07-31,2026-06-30,2027-03-31,2027-03-31,146.3,141.69,151.22,143.47,99.85,141.69,70.6667,156.03,139.38,139.38,158.0323,158.3548,158.0323,156.0667,168.2903,173.1613,203.0,217.0,200.0,225.0,207.0,203.0,203.0,207.0,110.0,110.0,85.0,100.0,125.0,110.0,110.0,100.0,153.0,153.0,160.0,175.0,179.0,153.0,153.0,173.0,158.3548,158.3548,168.9032,166.46,IOC
21823.3,2026-05-15,2025-12-31,2026-03-31,NL00150745D9,26.28,2026-07-24,19710.0,Innio N.V.,2026-07-28,2026-06-30,2026-12-31,2026-06-30,36.48,27.72,,,,27.72,,,39.55,39.55,44.6,,44.6,,,,,50.0,,,,50.0,50.0,,,39.0,,,,39.0,39.0,,,45.0,,,,45.0,45.0,,44.6,44.6,,,INIO
21838.88,2026-06-29,2026-03-31,2026-03-31,INE685A01028,4959.8,2026-07-24,19570.49,Torrent Pharmaceuticals Limited,2026-07-30,2026-06-30,2027-03-31,2027-03-31,4503.45,4766.6,3515.9,4115.8,1941.8,4766.6,1521.925,3926.95,4622.6,4622.6,4912.3793,4878.7857,4912.3793,3689.6539,4540.3214,4080.2222,5423.0,5423.0,4232.0,5100.0,4620.0,5423.0,5423.0,4380.0,4050.0,4050.0,2930.0,3876.0,3530.0,4050.0,4050.0,3530.0,5000.0,5000.0,3715.0,4595.0,4070.0,5000.0,5000.0,4055.0,4879.4483,4879.4483,4024.2692,3841.7,500420
26611.34,2026-05-15,2025-12-31,2026-03-31,KR7066570003,169200.0,2026-07-24,19550.37,LG Electronics Inc.,2026-07-30,2026-06-30,2026-12-31,2026-06-30,195900.0,167200.0,77100.0,130000.0,117500.0,167200.0,163000.0,101300.0,203000.0,203000.0,213692.3077,179769.2308,213692.3077,96423.0769,130600.0,109160.7143,400000.0,400000.0,110000.0,170000.0,150000.0,400000.0,400000.0,130000.0,95000.0,95000.0,75000.0,85000.0,77500.0,95000.0,95000.0,77500.0,162500.0,192500.0,100000.0,130000.0,110000.0,162500.0,162500.0,110000.0,179769.2308,179769.2308,106203.7037,91900.0,A066570
20137.74,2026-05-15,2025-12-31,2026-03-31,US40131M1099,147.33,2026-07-24,19535.95,Guardant Health Inc.,2026-07-30,2026-06-30,2026-12-31,2026-06-30,136.96,155.87,45.49,88.91,36.98,155.87,119.04,114.75,150.03,150.03,171.0833,141.7826,166.7083,59.6739,128.3333,121.1905,190.0,215.0,70.0,180.0,170.0,190.0,190.0,155.0,90.0,90.0,47.0,90.0,60.0,90.0,90.0,60.0,135.0,175.0,60.0,130.0,120.0,135.0,135.0,120.0,144.4167,144.4167,115.0,102.14,GH
20847.71,2026-05-15,2025-12-31,2026-03-31,DE000KBX1006,106.3,2026-07-24,19483.3,Knorr-Bremse AG,2026-07-30,2026-06-30,2026-12-31,2026-06-30,101.3,103.1,89.1,99.2,62.2,103.1,96.18,98.25,101.6,101.6,116.6667,114.9333,116.6667,86.2143,111.4,100.58,133.0,133.0,104.0,125.0,115.0,133.0,133.0,108.0,90.0,92.0,65.0,86.0,86.0,90.0,90.0,80.0,117.0,121.0,91.5,116.0,100.0,117.0,117.0,95.0,115.4667,115.4667,96.18,95.15,KBX
31292.38,2026-05-15,2025-12-31,2026-03-31,NL0009434992,60.32,2026-07-24,19470.38,LyondellBasell Industries N.V.,2026-07-31,2026-06-30,2026-12-31,2026-06-30,56.12,59.17,60.7,69.87,90.81,59.17,96.59,50.99,52.65,52.65,66.7059,80.3529,67.8824,69.3221,75.8235,49.3529,98.0,95.0,105.0,91.0,90.0,98.0,98.0,90.0,63.0,48.0,47.0,50.0,36.0,63.0,63.0,36.0,80.0,65.0,65.0,77.0,48.0,77.0,77.0,49.5,79.5882,79.5882,50.7222,43.3,LYB
22054.13,2026-05-15,2025-12-31,2026-03-31,AEE01072B225,2.4,2026-07-24,19462.39,Borouge plc,2026-07-31,2026-06-30,2026-12-31,2026-06-30,2.56,2.43,2.64,2.53,2.75,2.43,,2.61,2.55,2.55,2.7805,2.8117,2.7924,2.7732,2.5762,2.7941,3.1518,3.1514,3.0487,2.9497,3.1518,3.1518,3.1518,3.0486,2.2995,2.2993,2.2994,2.2995,2.2995,2.2995,2.2995,2.2993,2.924,2.8704,2.8981,2.4795,2.8653,2.924,2.924,2.8815,2.8117,2.8117,2.768,2.63,BOROUGE
31080.28,2026-05-15,2025-12-31,2026-03-31,US0188021085,74.94,2026-07-24,19355.28,Alliant Energy Corporation,2026-07-30,2026-06-30,2026-12-31,2026-06-30,75.59,74.82,65.21,72.31,55.55,74.82,58.61,66.83,76.29,76.29,79.2692,79.125,79.5769,66.0933,77.0909,72.4545,85.0,85.0,70.0,84.0,78.0,85.0,85.0,78.0,74.0,74.0,60.0,71.0,67.0,74.0,74.0,65.0,80.25,81.0,67.0,77.0,71.0,80.25,80.25,71.5,79.125,79.125,72.1,65.01,LNT
114465.97,2026-05-15,2025-12-31,2026-03-31,BMG162521014,40.88,2026-07-24,18928.06,Brookfield Infrastructure Partners L.P.,2026-07-30,2026-06-30,2026-12-31,2026-06-30,36.55,39.26,32.31,36.22,35.99,39.26,36.5867,35.25,36.49,36.49,44.3636,44.1818,44.1818,40.1818,43.5455,42.9091,57.0,57.0,53.0,57.0,55.0,57.0,57.0,55.0,37.0,37.0,31.0,37.0,37.0,37.0,37.0,37.0,44.0,44.0,40.0,44.0,43.0,44.0,44.0,41.0,44.1818,44.1818,42.2727,34.74,BIP
22076.79,2026-05-18,2025-12-31,2026-04-03,US34959J1088,62.31,2026-07-24,18842.49,Fortive Corporation,2026-07-29,2026-07-03,2026-12-31,2026-07-03,60.39,61.78,51.06,61.09,74.03,61.78,69.31,54.59,61.09,61.09,64.2308,63.4667,64.2308,63.2061,62.2667,58.125,72.0,72.0,90.0,73.0,72.0,72.0,72.0,66.0,51.0,51.0,50.0,51.0,50.0,51.0,51.0,52.0,64.0,64.0,61.0,63.0,57.5,64.0,64.0,57.0,63.3846,63.3846,57.75,55.21,FTV
20736.01,2026-05-15,2025-12-31,2026-03-31,US5261071071,541.13,2026-07-24,18831.31,Lennox International Inc.,2026-07-29,2026-06-30,2026-12-31,2026-06-30,551.75,543.93,664.54,490.97,331.91,543.93,320.61,509.76,572.95,572.95,576.4615,570.0667,572.9231,610.2778,546.1177,572.4667,650.0,651.0,754.0,645.0,675.0,651.0,651.0,680.0,450.0,450.0,400.0,450.0,475.0,450.0,450.0,475.0,570.0,570.0,650.0,540.0,563.0,570.0,570.0,560.0,571.0,571.0,569.0714,485.58,LII
19705.07,2026-06-26,2026-03-31,2026-03-28,US75524B1044,595.07,2026-07-24,18770.97,RBC Bearings Incorporated,2026-07-31,2026-06-28,2027-03-31,2027-03-28,638.94,575.22,385.02,589.51,223.06,575.22,206.51,504.07,644.06,644.06,620.0,616.2857,620.0,429.5714,598.7143,512.6667,680.0,680.0,480.0,680.0,550.0,680.0,680.0,527.0,490.0,490.0,390.0,490.0,464.0,490.0,490.0,450.0,640.0,640.0,425.0,600.0,517.5,640.0,640.0,478.0,616.2857,616.2857,482.8333,448.43,RBC
53536.22,2026-03-31,2025-12-31,2025-12-31,BMG507361001,63.62,2026-07-24,18708.22,Jardine Matheson Holdings Limited,2026-07-30,2026-03-31,2026-12-31,2026-12-31,62.31,63.23,56.3,70.94,48.94,63.23,62.59,74.77,61.5,61.5,86.07,88.51,86.07,54.2143,90.7143,78.8667,95.5,95.5,67.2,95.5,83.6,95.5,95.5,80.0,74.0,74.0,46.5,84.0,69.5,74.0,74.0,69.5,92.2,87.0,52.0,91.4,80.0,92.2,92.2,72.15,88.51,88.51,73.5833,68.39,J36
21990.74,2026-05-15,2025-12-31,2026-03-31,KR7042660001,87900.0,2026-07-24,18433.28,Hanwha Ocean Co. Ltd.,2026-07-27,2026-06-30,2026-12-31,2026-06-30,98000.0,83200.0,90000.0,133500.0,42150.0,83200.0,32800.0,140500.0,100300.0,100300.0,146500.0,164750.0,152000.0,87705.5556,161900.0,148150.0,180000.0,180000.0,120000.0,180000.0,180000.0,180000.0,180000.0,179000.0,75000.0,75000.0,56000.0,72000.0,72000.0,75000.0,75000.0,70000.0,170000.0,162500.0,93000.0,168500.0,160000.0,170000.0,170000.0,149500.0,164750.0,164750.0,141450.0,113600.0,A042660
19074.92,2026-06-29,2026-03-31,2026-03-31,SG1V61937297,7.55,2026-07-24,18430.79,Singapore Airlines Limited,2026-07-28,2026-06-30,2027-03-31,2027-03-31,7.5,7.65,7.55,6.39,7.41,7.65,4.91,6.42,7.68,7.68,6.9564,6.5943,6.8636,6.7408,6.6614,6.1571,8.0,8.0,8.04,8.4,7.0,8.0,8.0,7.0,5.71,5.8,6.08,5.5,5.25,5.71,5.71,5.25,6.47,6.7,6.6,6.7,6.02,6.47,6.47,6.095,6.5943,6.5943,6.1693,6.4,C6L
16941.27,2026-06-29,2026-03-31,2026-03-31,JP3494600004,15850.0,2026-07-24,18291.04,SCREEN Holdings Co. Ltd.,2026-07-28,2026-06-30,2027-03-31,2027-03-31,16535.0,16510.0,6110.0,10805.0,3918.75,16510.0,2390.0,9625.0,17805.0,17805.0,18343.75,14620.0,17968.75,6736.6667,11680.0,8400.0,20000.0,29400.0,8900.0,16250.0,12200.0,20000.0,20000.0,12200.0,9500.0,11500.0,5500.0,6000.0,6000.0,9500.0,9500.0,6000.0,15000.0,17500.0,6300.0,11500.0,7500.0,15000.0,15000.0,7500.0,14620.0,14620.0,7923.3333,7620.0,7735
20305.4,2026-05-15,2025-12-31,2026-03-31,MXP554091415,798.24,2026-07-24,18144.55,Industrias Peñoles S.A.B. de C.V.,2026-07-27,2026-06-30,2026-12-31,2026-06-30,752.99,802.36,510.26,967.29,233.28,802.36,277.26,1074.47,764.28,764.28,982.0,982.0,982.0,370.1667,965.0,817.6667,1050.0,1050.0,440.0,1040.0,1000.0,1050.0,1050.0,870.0,850.0,850.0,251.0,850.0,583.0,850.0,850.0,251.0,1000.0,1000.0,385.0,985.0,870.0,1000.0,1000.0,583.0,982.0,982.0,556.8,946.74,PEOLES
14955.81,2026-05-15,2025-12-31,2026-03-31,KR7009540006,372000.0,2026-07-24,18006.72,HD Korea Shipbuilding & Offshore Engineering Co. Ltd.,2026-07-24,2026-06-30,2026-12-31,2026-06-30,345500.0,340000.0,354000.0,479000.0,118500.0,340000.0,130000.0,426500.0,350000.0,350000.0,585428.5714,599714.2857,594714.2857,375117.6471,567000.0,573941.1765,700000.0,700000.0,460000.0,684000.0,640000.0,700000.0,700000.0,640000.0,410000.0,410000.0,283000.0,410000.0,430000.0,410000.0,410000.0,430000.0,600000.0,593000.0,375000.0,570000.0,600000.0,600000.0,600000.0,600000.0,599714.2857,599714.2857,577235.2941,407000.0,A009540
18763.27,2026-05-15,2025-12-31,2026-03-31,CA89156V1067,65.16,2026-07-24,17955.65,Tourmaline Oil Corp.,2026-07-29,2026-06-30,2026-12-31,2026-06-30,59.86,62.49,61.97,59.83,67.99,62.49,34.77,62.51,59.3,59.3,70.5476,71.45,70.5476,76.4737,71.0238,70.087,78.0,78.0,90.0,80.0,77.0,78.0,78.0,85.0,57.0,57.0,69.0,54.0,52.0,57.0,57.0,52.0,71.0,72.0,76.0,72.0,71.0,71.0,71.0,72.0,70.8,70.8,71.6522,61.57,TOU
23266.18,2026-05-15,2025-12-31,2026-03-31,CA5592224011,92.55,2026-07-24,17867.22,Magna International Inc.,2026-07-31,2026-06-30,2026-12-31,2026-06-30,91.2,93.17,58.34,85.96,82.2,93.17,101.73,72.9,93.26,93.26,91.138,90.2314,91.138,60.6748,88.8962,70.6413,111.6618,112.7733,75.4776,110.975,88.6866,111.6618,111.6618,88.2433,67.6705,68.8053,47.8231,67.5592,63.2642,67.6705,67.6705,59.9695,90.0708,91.5813,59.6992,92.2032,68.0215,90.0708,90.0708,65.8575,90.2314,90.2314,69.3791,73.17,MG
20175.52,2025-11-14,2025-03-31,2025-09-30,JP3734800000,2549.0,2026-07-24,17832.71,Nidec Corporation,2026-07-28,2025-12-30,2026-03-31,2025-12-30,2543.0,2482.0,2970.0,2448.0,4201.0,2482.0,6350.0,2260.0,2645.0,2645.0,2622.1111,2622.1111,2622.1111,3569.4118,2596.25,2872.2222,3500.0,3500.0,4800.0,3500.0,3800.0,3500.0,3500.0,4800.0,1800.0,1800.0,2600.0,1800.0,1800.0,1800.0,1800.0,1800.0,2500.0,2500.0,3500.0,2500.0,2800.0,2500.0,2500.0,3200.0,2622.1111,2622.1111,3094.4444,2132.0,6594
31957.34,2026-05-15,2025-12-31,2026-03-31,IT0005712671,7.329,2026-07-24,17723.11,Telecom Italia S.p.A.,2026-07-29,2026-06-30,2026-12-31,2026-06-30,7.952,7.847,4.039,6.61,2.649,7.847,3.717,5.694,7.958,7.958,6.492,6.3333,6.335,3.8333,5.9929,5.4562,8.6,8.6,5.2,7.6,6.8,8.6,8.6,6.8,2.8,2.8,2.8,2.8,3.6,2.8,2.8,3.6,6.45,6.46,3.8,6.3,5.7,6.45,6.45,5.6,6.3333,6.3333,5.3,5.138,TIT
16820.97,2026-05-15,2025-12-31,2026-03-31,US64125C1099,175.77,2026-07-24,17673.67,Neurocrine Biosciences Inc.,2026-07-30,2026-06-30,2026-12-31,2026-06-30,166.06,170.88,131.64,127.68,100.02,170.88,98.52,136.18,168.535,168.535,202.1722,194.3804,199.2732,163.1063,185.0982,179.6263,250.65,250.65,192.0,250.65,203.91,250.65,250.65,203.91,144.0,170.0,115.0,140.0,147.0,144.0,144.0,147.0,189.5,200.0,165.0,185.0,180.0,199.5,199.5,180.0,195.9875,195.9875,179.9596,141.83,NBIX
17670.21,,2026-03-31,2026-03-31,INE1CDF01017,435.6,2026-07-24,17670.2,Vedanta Aluminium Metal Limited,2026-07-30,,2027-03-31,,463.13,442.0,,,,442.0,,,448.46,448.46,570.0,566.6667,565.7143,,,,600.0,630.0,,,,630.0,630.0,,540.0,540.0,,,,540.0,540.0,,560.0,550.0,,,,580.0,580.0,,582.5,582.5,,,VAML
21675.63,2026-05-15,2025-12-31,2026-03-31,US4485791028,187.13,2026-07-24,17620.63,Hyatt Hotels Corporation,2026-07-30,2026-06-30,2026-12-31,2026-06-30,197.32,190.65,145.5,164.26,120.21,190.65,77.47,163.78,193.84,193.84,199.7826,193.8261,196.2174,154.6105,185.443,177.7273,221.0,221.0,198.0,222.0,223.0,221.0,221.0,203.0,165.0,165.0,135.0,157.0,150.0,165.0,165.0,145.0,195.0,200.0,149.605,185.0,177.5,195.0,195.0,168.0,193.8261,193.8261,169.4286,160.32,H
23991.94,2026-05-15,2025-12-31,2026-03-31,US55658T1051,34.73,2026-07-24,17409.04,Madison Air Solutions Corporation,2026-07-30,2026-06-30,,2026-06-30,39.4,34.0,,33.83,,34.0,,,39.0,39.0,47.8,48.0909,47.8,,,,50.0,50.0,,,,50.0,50.0,,45.0,45.0,,,,45.0,45.0,,49.0,48.5,,,,49.0,49.0,,48.2,48.2,,,MAIR
19883.84,2026-05-15,2025-12-31,2026-03-31,US04339D1054,42.4,2026-07-24,17398.19,Arxis Inc.,2026-07-29,2026-06-30,,2026-06-30,43.09,41.825,,35.0,,41.825,,,46.14,46.14,52.8,52.3,52.8,,,,58.0,59.0,,,,58.0,58.0,,46.0,46.0,,,,46.0,46.0,,52.0,53.0,,,,52.0,52.0,,52.3,52.3,,,ARXS
17497.05,2026-06-29,2026-03-31,2026-03-31,INE343H01029,18494.0,2026-07-24,17360.63,Solar Industries India Limited,2026-07-31,2026-06-30,2027-03-31,2027-03-31,17864.0,18467.0,14752.0,15056.0,3764.35,18467.0,1615.05,12658.0,18696.0,18696.0,19375.6154,20131.9167,19375.6154,15939.0,16696.6667,17167.0,22004.0,22004.0,17500.0,18900.0,18360.0,22004.0,22004.0,18215.0,18575.0,10300.0,14815.0,15360.0,15000.0,18575.0,18575.0,15000.0,20182.0,20164.0,15570.0,16600.0,17200.0,20182.0,20182.0,17200.0,20131.9167,20131.9167,17146.2857,12252.0,SOLARINDS
24928.27,2026-03-31,2025-12-31,2025-12-31,FR0000125338,89.88,2026-07-24,17346.69,Capgemini SE,2026-07-30,2026-03-31,2026-12-31,2026-12-31,89.0,91.32,135.35,99.1,171.6,91.32,172.3,136.35,87.96,87.96,143.8124,145.5771,143.8124,179.7143,150.1006,173.1561,208.0,208.0,214.0,208.0,225.0,208.0,208.0,225.0,95.0,95.0,145.0,110.0,140.0,95.0,95.0,130.0,150.0,139.0,180.0,150.0,175.0,150.0,150.0,170.0,145.5771,145.5771,171.9256,142.25,CAP
33589.01,2026-03-31,2025-12-31,2025-12-31,BE0003822393,138.5,2026-07-24,17188.21,Elia Group SA/NV,2026-07-29,2026-03-31,2026-12-31,2026-12-31,134.8,138.9,101.1,139.9,113.7,138.9,95.3,115.1,139.8,139.8,149.5667,149.0333,149.5667,108.7692,145.7,121.4,170.0,170.0,125.0,155.0,140.0,170.0,170.0,131.0,125.0,125.0,95.0,120.0,105.0,125.0,125.0,95.0,150.0,150.0,110.0,145.0,125.0,150.0,150.0,118.0,149.0333,149.0333,117.7692,109.7,ELI
17136.43,2026-08-14,2025-12-31,2026-06-30,US62944T1051,6414.67,2026-07-24,17179.47,NVR Inc.,2026-07-30,2026-09-30,2026-12-31,2026-09-30,6764.83,6490.04,7789.39,6503.95,6230.69,6490.04,5130.03,7645.15,6813.4,6813.4,6782.0,7132.0,7132.0,8100.0,7070.0,8370.5,8096.0,8096.0,8800.0,8096.0,9022.0,8096.0,8096.0,9200.0,5664.0,5664.0,7600.0,5664.0,7910.0,5664.0,5664.0,7910.0,7600.0,7600.0,7900.0,7180.0,8275.0,7600.0,7600.0,8761.0,7132.0,7132.0,8658.0,7292.77,NVR
20990.91,2026-05-15,2025-12-31,2026-03-31,PTGAL0AM0009,20.03,2026-07-24,17160.33,Galp Energia SGPS S.A.,2026-07-27,2026-06-30,2026-12-31,2026-06-30,18.35,18.955,16.785,19.205,11.5,18.955,8.348,15.935,18.645,18.645,21.9833,22.1111,21.9333,18.9125,22.1944,17.3105,26.0,26.0,23.0,26.0,23.0,26.0,26.0,23.0,18.4,18.4,14.0,18.4,12.2,18.4,18.4,15.0,21.85,21.85,19.0,22.0,17.5,21.85,21.85,17.25,22.1111,22.1111,17.36,14.63,GALP
19567.83,2026-05-15,2025-12-31,2026-03-31,US00187Y1001,39.57,2026-07-24,17142.83,APi Group Corporation,2026-07-30,2026-06-30,2026-12-31,2026-06-30,41.95,40.12,34.69,48.6,18.7933,40.12,13.5867,41.83,42.35,42.35,52.3,53.2,52.7,38.9494,52.0,44.9,56.0,56.0,52.11,54.0,49.0,56.0,56.0,46.0,50.0,49.0,34.6667,50.0,41.0,50.0,50.0,41.0,53.0,53.0,38.0,52.0,44.5,53.0,53.0,43.5,53.1111,53.1111,43.4,38.26,APG
17266.64,2026-05-15,2025-12-31,2026-03-31,KR7298040007,2681000.0,2026-07-24,17088.75,Hyosung Heavy Industries Corporation,2026-07-29,2026-06-30,2026-12-31,2026-06-30,3103000.0,2539000.0,1125000.0,3941000.0,126500.0,2539000.0,81700.0,2387000.0,3438000.0,3438000.0,4411764.7059,4437500.0,4411764.7059,1072307.6923,3676875.0,2716250.0,5300000.0,5300000.0,1440000.0,4500000.0,3300000.0,5300000.0,5300000.0,3100000.0,3100000.0,3100000.0,550000.0,2900000.0,1220000.0,3100000.0,3100000.0,1220000.0,4500000.0,4400000.0,1200000.0,3600000.0,2800000.0,4500000.0,4500000.0,2660000.0,4437500.0,4437500.0,2538125.0,1781000.0,A298040
15200.61,2026-05-15,2025-12-31,2026-03-31,ROSNPPACNOR9,1.251,2026-07-24,17007.01,OMV Petrom S.A.,2026-07-31,2026-06-30,2026-12-31,2026-06-30,1.05,1.235,0.7735,1.017,0.5495,1.235,0.4305,1.059,1.06,1.06,0.9625,0.9525,0.9625,0.7938,0.8283,0.8167,1.05,1.1,0.86,0.95,0.88,1.05,1.05,0.88,0.79,0.79,0.75,0.77,0.77,0.79,0.79,0.77,1.0,1.0,0.79,0.795,0.795,1.0,1.0,0.795,0.9525,0.9525,0.8167,0.995,SNP
16560.47,2026-05-15,2025-12-31,2026-03-31,TW0003443008,4070.0,2026-07-24,16852.94,Global Unichip Corp.,2026-07-30,2026-06-30,2026-12-31,2026-06-30,4420.0,3745.0,1225.0,3955.0,1825.0,3745.0,428.0,2585.0,4845.0,4845.0,5454.375,5192.5,5454.375,1339.375,3189.875,2278.3125,7000.0,7500.0,1800.0,4600.0,3680.0,7500.0,7500.0,2850.0,2500.0,2500.0,800.0,2500.0,930.0,2500.0,2500.0,930.0,5227.5,5466.5,1342.5,3125.0,2275.0,5227.5,5227.5,1825.0,5286.25,5286.25,1911.75,2125.0,3443
19317.61,2026-05-19,2026-01-31,2026-04-04,US8832031012,95.53,2026-07-24,16611.61,Textron Inc.,2026-07-28,2026-07-04,2027-01-31,2026-07-04,86.54,91.48,80.93,87.96,67.98,91.48,68.03,95.0,91.73,91.73,101.8894,103.4519,101.8894,87.93,99.3894,98.41,115.0,115.0,107.0,110.0,115.0,115.0,115.0,115.0,90.0,90.0,73.0,89.0,86.0,90.0,90.0,86.0,102.5,99.615,90.0,99.115,95.15,102.5,102.5,91.0,103.2644,103.2644,93.0767,87.17,TXT
36962.47,2026-05-15,2025-12-31,2026-03-31,NL00150001Q9,5.02,2026-07-24,16538.36,Stellantis N.V.,2026-07-30,2026-06-30,2026-12-31,2026-06-30,5.176,5.086,8.246,6.837,16.776,5.086,15.752,8.287,4.9755,4.9755,6.9458,7.756,7.0083,9.8872,8.1,9.9,12.5,12.5,14.0,12.5,14.0,12.5,12.5,14.0,4.0,4.0,6.0,4.0,6.0,4.0,4.0,6.0,7.5,6.3,9.0,7.65,10.0,7.5,7.5,9.5,7.756,7.756,9.7482,9.461,STLAM
17837.04,2026-05-15,2025-12-31,2026-03-31,US45167R1041,223.27,2026-07-24,16525.34,IDEX Corporation,2026-07-29,2026-06-30,2026-12-31,2026-06-30,222.16,224.94,183.66,204.74,214.85,224.94,227.8,195.27,226.95,226.95,239.4286,238.2857,238.9286,210.8461,222.7143,198.6154,260.0,261.0,238.0,250.0,220.0,260.0,260.0,212.0,210.0,210.0,180.0,170.0,170.0,210.0,210.0,170.0,242.5,242.5,215.0,225.0,202.0,242.5,242.5,197.0,238.2857,238.2857,193.7692,177.94,IEX
18032.53,2026-05-15,2025-12-31,2026-03-31,US10806X1028,84.02,2026-07-24,16471.01,BridgeBio Pharma Inc.,2026-07-31,2026-06-30,2026-12-31,2026-06-30,69.36,81.38,45.66,73.28,33.24,81.38,60.6,77.87,74.48,74.48,105.2567,102.2778,104.7805,61.5,100.523,89.8,157.0,157.0,95.0,157.0,110.0,157.0,157.0,110.0,76.0,80.0,41.0,80.0,65.0,76.0,76.0,65.0,100.0,100.0,60.0,98.0,89.5,100.0,100.0,85.0,102.2778,102.2778,86.7368,76.49,BBIO
15477.81,2026-06-29,2026-03-31,2026-03-31,INE0V6F01027,1952.6,2026-07-24,16458.58,Hyundai Motor India Limited,2026-07-30,2026-06-30,2027-03-31,2027-03-31,1942.2,1993.3,2094.7,1783.6,,1993.3,,2263.2,1905.5,1905.5,2223.8846,2203.6,2223.8846,2155.0,2281.6963,2662.6087,2475.0,2475.0,2600.0,2770.0,2853.0,2475.0,2475.0,2970.0,1600.0,1600.0,1625.0,1900.0,2000.0,1600.0,1600.0,2050.0,2200.0,2275.5,2152.5,2200.0,2700.0,2200.0,2200.0,2731.5,2203.6,2203.6,2666.375,2298.0,HYUNDAI
21753.03,2026-05-15,2025-12-31,2026-03-31,ID1000191109,4040.0,2026-07-24,16291.48,PT Amman Mineral Internasional Tbk,2026-07-30,2026-06-30,2026-12-31,2026-06-30,3460.0,3940.0,8250.0,5000.0,2010.0,3940.0,,7200.0,3100.0,3100.0,6831.4975,7359.0343,6831.4975,10000.0,9798.66,9440.48,9550.0,9550.0,10000.0,11000.0,9440.48,9550.0,9550.0,10000.0,5400.0,5400.0,10000.0,8845.98,9440.48,5400.0,5400.0,7866.86,7100.0,6550.99,10000.0,9550.0,9440.48,6550.99,6550.99,8933.43,6831.4975,6831.4975,8933.43,6425.0,AMMN
16910.24,2026-06-29,2026-03-31,2026-03-31,JP3762800005,4935.0,2026-07-24,16253.53,Nomura Research Institute Ltd.,2026-07-30,2026-06-30,2027-03-31,2027-03-31,4301.0,5076.0,5524.0,4409.0,3920.0,5076.0,3625.0,5839.0,4592.0,4592.0,5717.8571,5682.1429,5717.8571,5754.5454,5723.3333,6623.3333,6700.0,6700.0,6800.0,6800.0,7700.0,6700.0,6700.0,7700.0,4900.0,4900.0,4900.0,4900.0,5000.0,4900.0,4900.0,5000.0,5550.0,5550.0,5700.0,5500.0,6700.0,5550.0,5550.0,6600.0,5682.1429,5682.1429,6550.0,6021.0,4307
15604.87,2026-05-15,2025-12-31,2026-03-31,INE117A01022,7369.7,2026-07-24,16200.62,ABB India Limited,2026-07-31,2026-06-30,2026-12-31,2026-06-30,6958.25,7509.85,5701.05,7327.0,4319.55,7509.85,1696.35,4691.75,7030.85,7030.85,6376.4444,6391.0741,6357.9259,6080.8696,6156.5,5275.5385,8030.0,8030.0,7040.0,8030.0,6095.0,8030.0,8030.0,6095.0,4764.0,4620.0,4970.0,4800.0,4504.0,4764.0,4764.0,4504.0,6523.0,6523.0,6100.0,6153.5,5265.0,6523.0,6523.0,5299.5,6391.0741,6391.0741,5274.8077,5170.3,500002
22002.5,2026-05-15,2025-12-31,2026-03-31,US95082P1057,332.48,2026-07-24,16193.4,WESCO International Inc.,2026-07-30,2026-06-30,2026-12-31,2026-06-30,351.97,327.86,211.75,316.68,175.08,327.86,101.63,286.41,345.43,345.43,386.0909,381.0,386.0909,212.51,317.0909,296.4167,440.0,440.0,242.0,352.0,320.0,440.0,440.0,307.0,240.0,240.0,180.0,240.0,240.0,240.0,240.0,240.0,395.0,400.0,216.5,330.0,300.0,395.0,395.0,300.0,381.0,381.0,287.75,244.64,WCC
32121.47,2026-05-15,2025-12-31,2026-03-31,KR7005490008,313000.0,2026-07-24,16118.44,POSCO Holdings Inc.,2026-07-30,2026-06-30,2026-12-31,2026-06-30,305000.0,302500.0,332500.0,417500.0,594000.0,302500.0,364500.0,359500.0,317000.0,317000.0,484800.0,521950.0,484800.0,375130.4348,439000.0,413875.0,620000.0,610000.0,520000.0,550000.0,520000.0,620000.0,620000.0,520000.0,430000.0,350000.0,225000.0,320000.0,310000.0,430000.0,430000.0,310000.0,522500.0,475000.0,370000.0,440000.0,411000.0,496000.0,496000.0,405000.0,518950.0,518950.0,411583.3333,305000.0,A005490
15906.41,2026-05-15,2025-12-31,2026-03-31,US0316521006,64.96,2026-07-24,16101.8,Amkor Technology Inc.,2026-07-27,2026-06-30,2026-12-31,2026-06-30,82.76,62.94,21.14,78.1,27.84,62.94,22.97,49.71,86.23,86.23,77.8889,75.5,78.0,22.0,57.25,44.75,90.0,90.0,30.0,65.0,62.0,90.0,90.0,62.0,60.0,60.0,18.0,43.0,28.0,60.0,60.0,28.0,75.0,82.5,21.0,60.0,46.5,82.5,82.5,32.9468,78.0,78.0,36.4385,39.48,AMKR
37948.73,2026-06-29,2026-03-31,2026-03-31,JP3228600007,2366.5,2026-07-24,16090.09,The Kansai Electric Power Company Incorporated,2026-07-31,2026-06-30,2027-03-31,2027-03-31,2271.5,2297.0,1857.5,2455.5,1855.5,2297.0,1044.0,2446.0,2285.5,2285.5,2562.0,2758.0,2562.0,1957.5,2828.0,2538.0,2900.0,2770.0,2450.0,3250.0,2850.0,2800.0,2800.0,2850.0,2650.0,2220.0,1710.0,2500.0,2050.0,2500.0,2500.0,2050.0,2770.0,2650.0,1835.0,2800.0,2600.0,2670.0,2670.0,2600.0,2678.0,2678.0,2538.0,2455.0,9503
18614.55,2026-05-15,2025-12-31,2026-03-31,US1844961078,303.74,2026-07-24,16051.45,Clean Harbors Inc.,2026-07-29,2026-06-30,2026-12-31,2026-06-30,298.78,310.58,230.93,308.99,169.32,310.58,92.81,259.51,298.75,298.75,330.0729,325.8571,327.1429,255.1982,318.0,260.6923,350.0,350.0,300.0,350.0,295.0,350.0,350.0,275.0,304.0,305.0,220.0,280.0,220.0,304.0,304.0,220.0,325.0,325.0,255.0,310.0,265.0,325.0,325.0,250.0,325.8571,325.8571,250.1192,234.48,CLH
16112.27,2026-05-15,2025-12-31,2026-03-31,INE200M01039,457.2,2026-07-24,16042.55,Varun Beverages Limited,2026-07-28,2026-06-30,2026-12-31,2026-06-30,506.7,463.35,486.0,490.45,327.08,463.35,97.6533,474.1,507.55,507.55,587.2308,587.2308,587.2308,618.7917,536.5,600.3846,657.0,657.0,786.0,657.0,744.0,657.0,657.0,744.0,422.0,422.0,470.0,422.0,500.0,422.0,422.0,500.0,594.0,594.0,611.5,537.5,587.5,594.0,594.0,590.0,587.2308,587.2308,599.12,489.85,VBL
23394.6,2026-03-31,2025-12-31,2025-12-31,SG1U68934629,11.45,2026-07-24,15975.74,Keppel Ltd.,2026-07-30,2026-03-31,2026-12-31,2026-12-31,11.2,11.3,8.23,11.55,6.72,11.3,5.3,11.02,10.94,10.94,12.5938,12.3238,12.5938,8.4949,12.9308,11.2593,16.0,16.0,9.38,16.0,13.25,16.0,16.0,13.17,7.8,9.3,6.4,9.6,7.8,7.8,7.8,7.8,13.0572,13.09,8.695,13.13,11.32,13.0572,13.0572,11.07,12.3238,12.3238,10.9914,10.35,BN4
18208.32,2026-05-15,2025-12-31,2026-03-31,US4039491000,88.3,2026-07-24,15918.32,HF Sinclair Corporation,2026-07-28,2026-06-30,2026-12-31,2026-06-30,65.76,88.59,43.87,60.26,50.28,88.59,28.11,49.99,69.65,69.65,83.2667,76.3571,79.1429,48.6213,65.7143,59.9167,87.0,95.0,61.0,75.0,75.0,87.0,87.0,70.0,62.0,62.0,38.0,54.0,44.0,62.0,62.0,53.0,79.0,79.5,50.0,67.0,62.0,79.0,79.0,60.0,76.2857,76.2857,60.5333,46.08,DINO
18912.9,2026-05-15,2025-12-31,2026-03-31,US5745991068,79.27,2026-07-24,15729.9,Masco Corporation,2026-07-29,2026-06-30,2026-12-31,2026-06-30,78.05,78.65,67.43,74.18,59.38,78.65,59.78,68.73,81.37,81.37,81.8235,80.8235,81.5882,70.9063,80.1579,74.6316,97.0,97.0,82.34,96.0,86.0,97.0,97.0,86.0,67.0,67.0,60.0,67.0,64.0,67.0,67.0,64.0,80.0,80.0,71.0,80.0,73.0,80.0,80.0,73.0,81.0,81.0,74.2632,63.46,MAS
12834.48,2026-05-15,2025-12-31,2026-03-31,SA0007879139,123.4,2026-07-26,15647.63,SABIC Agri-Nutrients Company,2026-07-26,2026-06-30,2026-12-31,2026-06-30,125.0,124.0,116.5,141.0,131.6,124.0,,121.9,123.8,123.8,138.1167,139.0909,137.7273,120.12,142.1889,124.8,176.0,170.0,140.0,175.0,141.0,176.0,176.0,141.0,64.5,64.5,91.0,99.0,99.0,64.5,64.5,99.0,141.0,141.0,124.6,138.0,130.0,141.0,141.0,127.5,139.0909,139.0909,124.02,110.7,2020
20211.37,2026-06-29,2026-03-31,2026-03-31,JP3711600001,5895.0,2026-07-24,15572.93,Nippon Sanso Holdings Corporation,2026-07-29,2026-06-30,2027-03-31,2027-03-31,5938.0,6010.0,5705.0,5626.0,3191.0,6010.0,2424.0,4552.0,5996.0,5996.0,6143.75,6106.25,6143.75,5185.7143,5650.0,5281.25,7600.0,7600.0,6000.0,6800.0,6200.0,7600.0,7600.0,6200.0,5000.0,5000.0,4850.0,4900.0,4400.0,5000.0,5000.0,4400.0,6100.0,6250.0,5100.0,5550.0,5100.0,6100.0,6100.0,5100.0,6106.25,6106.25,5285.7143,4668.0,4091
25887.95,2026-03-31,2025-12-31,2025-12-31,ES0125220311,247.6,2026-07-24,15344.46,Acciona S.A.,2026-07-30,2026-03-31,2026-12-31,2026-12-31,272.0,244.8,169.4,237.2,141.7,244.8,131.5,181.0,277.2,277.2,208.0917,205.0083,208.0917,147.9818,183.4667,171.2167,266.0,266.0,202.0,225.0,200.0,266.0,266.0,200.0,160.0,160.0,95.0,135.0,125.0,160.0,160.0,115.0,204.5,213.5,142.0,188.0,176.95,213.5,213.5,174.9,208.0917,208.0917,166.5091,185.9,ANA
17008.89,2026-05-15,2025-12-31,2026-03-31,US10950A1060,72.91,2026-07-24,15187.37,BrightSpring Health Services Inc.,2026-07-31,2026-06-30,2026-12-31,2026-06-30,67.61,70.69,20.66,48.16,,70.69,,39.64,69.74,69.74,76.2941,66.3125,75.2222,28.1042,52.6,43.0667,90.0,90.0,37.0,60.0,50.0,90.0,90.0,50.0,49.0,49.0,25.0,45.0,38.0,49.0,49.0,38.0,64.5,80.0,27.0,53.0,43.0,64.5,64.5,41.0,66.3125,66.3125,41.9333,37.45,BTSG
14076.46,2026-06-29,2026-03-31,2026-03-31,US65290E1010,100.03,2026-07-24,15169.88,Nextpower Inc.,2026-07-30,2026-06-30,2027-03-31,2027-03-31,116.67,103.1,63.41,121.41,39.41,103.1,,105.0,119.14,119.14,148.6071,150.1923,149.5,65.9446,124.9231,104.2308,182.0,182.0,97.0,145.0,128.0,182.0,182.0,128.0,64.0,64.0,35.56,60.0,52.0,64.0,64.0,52.0,150.0,150.0,67.0,128.5,108.0,152.0,152.0,105.0,150.5,150.5,102.6539,87.11,NXT
19504.51,2026-06-29,2026-03-31,2026-03-31,JP3111200006,1845.5,2026-07-24,15162.89,Asahi Kasei Corporation,2026-07-31,2026-06-30,2027-03-31,2027-03-31,1794.0,1829.5,1041.5,1519.5,962.4,1829.5,1200.5,1496.0,1791.0,1791.0,1944.1667,1906.6667,1944.1667,1329.1667,1805.8333,1503.3333,2300.0,2300.0,1550.0,2180.0,1900.0,2300.0,2300.0,1900.0,1400.0,1400.0,1050.0,1400.0,1300.0,1400.0,1400.0,1300.0,2000.0,2070.0,1350.0,1800.0,1475.0,2000.0,2000.0,1475.0,1906.6667,1906.6667,1503.3333,1389.0,3407
13400.93,2026-06-29,2026-03-31,2026-03-31,JP3300200007,18320.0,2026-07-24,15156.24,Konami Group Corporation,2026-07-30,2026-06-30,2027-03-31,2027-03-31,17280.0,18875.0,20225.0,19805.0,7734.0,18875.0,6280.0,20910.0,17665.0,17665.0,24976.4706,24922.3529,24976.4706,21795.625,25410.5882,25842.3529,30000.0,30000.0,25000.0,29580.0,30200.0,30000.0,30000.0,30200.0,19000.0,19000.0,17000.0,22400.0,19000.0,19000.0,19000.0,19000.0,24400.0,25320.0,22000.0,25900.0,26300.0,24400.0,24400.0,26200.0,24922.3529,24922.3529,25812.9412,21330.0,9766
13456.63,2026-06-29,2026-03-31,2026-03-31,CH0025751329,85.96,2026-07-24,15077.25,Logitech International S.A.,2026-07-28,2026-06-30,2027-03-31,2027-03-31,83.94,83.04,76.52,74.92,54.96,83.04,110.6,72.28,75.74,75.74,91.039,90.8673,91.3174,77.759,89.6893,92.2292,116.283,119.3342,101.8648,112.6683,108.1175,116.283,116.283,115.1004,66.6267,68.3749,59.6412,67.3418,63.3381,66.6267,66.6267,64.3306,93.0678,95.0989,78.5249,93.7053,93.9506,93.0678,93.0678,103.8512,90.8673,90.8673,99.6875,81.54,LOGN
13394.47,2026-05-15,2025-12-31,2026-03-31,TW0002301009,214.5,2026-07-24,15039.02,Lite-On Technology Corporation,2026-07-29,2026-06-30,2026-12-31,2026-06-30,201.5,193.5,117.5,172.0,145.0,193.5,58.7,169.5,222.0,222.0,235.75,230.125,235.75,121.6625,206.1111,200.7222,300.0,300.0,138.0,245.0,245.0,300.0,300.0,245.0,176.0,176.0,96.5,117.0,117.0,176.0,176.0,117.0,227.5,227.5,121.9,216.0,212.0,227.5,227.5,212.0,230.125,230.125,200.7222,163.5,2301
43312.25,2026-05-15,2025-12-31,2026-03-31,KR7096770003,130100.0,2026-07-24,15031.42,SK Innovation Co. Ltd.,2026-07-31,2026-06-30,2026-12-31,2026-06-30,89500.0,116900.0,114400.0,130400.0,187000.0,116900.0,247769.2987,111500.0,94900.0,94900.0,137380.9524,136952.3809,137380.9524,125521.7391,121666.6667,121650.0,190000.0,190000.0,180000.0,190000.0,160000.0,190000.0,190000.0,170000.0,70000.0,70000.0,55000.0,60000.0,60000.0,70000.0,70000.0,50000.0,140000.0,140000.0,130000.0,120000.0,120000.0,140000.0,140000.0,140000.0,136952.3809,136952.3809,127904.7619,101200.0,A096770
16540.2,2026-05-15,2025-12-31,2026-03-31,US98850P1093,43.4,2026-07-24,14997.2,Yum China Holdings Inc.,2026-07-30,2026-06-30,2026-12-31,2026-06-30,41.05,43.87,48.72,48.81,58.17,43.87,66.16,49.08,40.87,40.87,61.3438,61.3438,61.3438,58.8339,62.5354,58.1277,77.0,77.0,76.0,86.4,76.0,77.0,77.0,76.0,54.2,54.2,52.0,55.0,53.0,54.2,54.2,53.0,60.7,60.7,57.0,61.25,56.85,60.7,60.7,56.6,61.3438,61.3438,58.0596,47.74,YUMC
18225.44,2026-05-15,2025-12-31,2026-03-31,US23345M1071,145.69,2026-07-24,14862.44,DT Midstream Inc.,2026-07-30,2026-06-30,2026-12-31,2026-06-30,147.09,145.05,100.71,134.65,52.57,145.05,40.85,122.31,146.74,146.74,156.5,154.2,156.5,107.9364,144.9286,123.2143,176.0,176.0,118.0,165.0,137.0,176.0,176.0,137.0,127.0,130.0,95.0,127.0,102.0,127.0,127.0,102.0,155.0,156.5,108.5,143.5,125.5,155.0,155.0,125.0,154.2,154.2,121.7857,119.68,DTM
14135.31,2026-03-31,2025-12-31,2025-12-31,FR0010259150,158.4,2026-07-24,14766.58,Ipsen S.A.,2026-07-30,2026-03-31,2026-12-31,2026-12-31,163.5,161.4,111.1,163.0,111.4,161.4,86.92,136.6,168.8,168.8,161.6667,160.0,161.3333,126.8571,154.6312,131.4,215.0,235.0,153.0,183.0,154.0,215.0,215.0,154.0,117.0,117.0,105.0,117.0,115.0,117.0,117.0,105.0,170.0,170.0,121.0,159.55,130.0,170.0,170.0,126.5,160.0,160.0,130.0714,119.0,IPN
19863.73,2026-05-15,2025-12-31,2026-03-31,US89400J1079,76.51,2026-07-24,14751.13,TransUnion,2026-07-28,2026-06-30,2026-12-31,2026-06-30,68.0,79.85,98.43,72.61,78.97,79.85,115.74,83.93,72.14,72.14,89.9524,89.7619,89.9524,108.8421,92.2857,105.5,108.0,108.0,130.0,114.0,125.0,108.0,108.0,125.0,72.0,72.0,84.0,74.0,80.0,72.0,72.0,80.0,90.0,90.0,110.0,90.0,104.0,90.0,90.0,106.0,89.6191,89.6191,106.85,85.75,TRU
19727.36,2026-03-31,2025-12-31,2025-12-31,GB00BMJ6DW54,8.81,2026-07-24,14713.17,Informa plc,2026-07-30,2026-03-31,2026-12-31,2026-12-31,8.856,8.846,8.83,8.0,7.462,8.846,4.999,9.138,9.042,9.042,10.4833,10.332,10.4833,9.575,10.2567,10.8433,13.0,12.85,10.1,13.0,13.3,13.0,13.0,13.45,8.5,8.5,9.1,8.5,8.5,8.5,8.5,8.5,10.2,10.55,9.55,10.2,10.8,10.3,10.3,11.2,10.41,10.41,10.9346,8.84,INF
17263.05,2026-03-31,2025-12-31,2025-12-31,IE0004906560,81.5,2026-07-24,14709.33,Kerry Group plc,2026-07-28,2026-03-31,2026-12-31,2026-12-31,80.9,82.85,90.05,67.45,89.42,82.85,124.4,72.55,80.35,80.35,95.1667,92.2083,94.7273,107.8182,92.8077,98.1818,111.0,111.0,115.0,111.0,111.0,111.0,111.0,111.0,75.5,81.0,98.0,71.5,84.0,75.5,75.5,84.0,93.0,96.0,110.0,96.0,100.0,93.0,93.0,101.0,92.2083,92.2083,99.8182,78.0,KRZ
17316.29,2026-05-15,2025-12-31,2026-03-31,ID1000129000,2630.0,2026-07-24,14480.19,Perusahaan Perseroan (Persero) PT Telekomunikasi Indonesia Tbk,2026-07-29,2026-06-30,2026-12-31,2026-06-30,2500.0,2660.0,2840.0,2810.0,3900.0,2660.0,3170.0,3770.0,2350.0,2350.0,3533.4091,3628.8636,3606.1364,3247.8261,3898.5714,3891.8182,4150.0,4150.0,3720.0,4500.0,4500.0,4150.0,4150.0,4500.0,3000.0,2800.0,2700.0,3000.0,3000.0,3000.0,3000.0,3000.0,3640.0,3640.0,3200.0,4000.0,4000.0,3640.0,3640.0,3920.0,3628.8636,3628.8636,3801.8182,3480.0,TLKM
20476.58,2026-05-15,2025-12-31,2026-03-31,CA36168Q1046,56.01,2026-07-24,14350.02,GFL Environmental Inc.,2026-07-29,2026-06-30,2026-12-31,2026-06-30,53.02,55.4,65.54,55.21,49.25,55.4,41.07,60.88,52.15,52.15,70.5455,70.5455,70.5455,72.6875,68.1818,74.7,90.0,90.0,87.0,86.0,89.0,90.0,90.0,89.0,55.0,55.0,58.0,55.0,60.0,55.0,55.0,58.0,68.0,68.0,75.75,65.0,74.5,68.0,68.0,71.0,70.5455,70.5455,73.7273,58.96,GFL
23558.2,2026-05-15,2025-12-31,2026-03-31,US70959W1036,217.35,2026-07-24,14290.6,Penske Automotive Group Inc.,2026-07-29,2026-06-30,2026-12-31,2026-06-30,183.44,202.66,170.8,160.42,167.74,202.66,81.45,159.36,178.95,178.95,197.875,184.7,194.6,170.7862,177.2222,180.3333,206.0,238.0,195.0,193.0,200.0,206.0,206.0,200.0,160.0,166.0,155.0,155.0,155.0,160.0,160.0,155.0,190.0,191.0,167.145,180.0,180.0,190.0,190.0,180.0,184.7,184.7,180.8889,158.29,PAG
18009.98,2026-03-31,2025-12-31,2025-12-31,GB00B082RF11,4.26,2026-07-24,14279.49,Rentokil Initial plc,2026-07-30,2026-03-31,2026-12-31,2026-12-31,4.397,4.5,3.764,4.979,6.402,4.5,5.292,4.807,4.266,4.266,5.3163,5.2926,5.3136,4.2257,5.2905,4.7684,6.3,6.3,5.5,6.3,5.7,6.3,6.3,5.7,4.54,4.54,3.0,4.54,3.0,4.54,4.54,3.0,5.4,5.4,4.25,5.4,5.0,5.4,5.4,4.77,5.2926,5.2926,4.6518,4.475,RTO
16626.14,2026-05-15,2025-12-31,2026-03-31,CA96467A2002,16.46,2026-07-24,14192.96,Whitecap Resources Inc.,2026-07-29,2026-06-30,2026-12-31,2026-06-30,14.98,15.99,10.79,14.77,10.26,15.99,5.59,12.0,14.73,14.73,19.6875,19.4,19.4375,12.8654,17.5333,13.5938,25.0,26.0,15.0,25.0,15.0,25.0,25.0,15.0,16.0,16.0,11.0,15.0,13.0,16.0,16.0,13.0,19.0,19.0,13.0,17.0,13.25,19.0,19.0,13.5,19.3333,19.3333,13.625,11.5,WCP
20819.67,2026-05-19,2026-01-31,2026-04-04,US8545021011,91.26,2026-07-24,14186.87,Stanley Black & Decker Inc.,2026-07-29,2026-07-04,2027-01-31,2026-07-04,89.66,90.17,72.69,76.64,96.43,90.17,204.19,82.48,94.12,94.12,91.0,92.55,90.1818,86.802,89.225,87.5107,120.15,110.0,120.15,120.15,120.15,120.15,120.15,120.15,80.0,80.0,60.0,65.0,69.0,80.0,80.0,69.0,90.0,86.0,90.0,86.0,88.0,88.0,88.0,86.5,92.6792,92.6792,86.6536,74.28,SWK
13903.5,2026-08-14,2026-03-31,2026-06-30,INE067A01029,867.7,2026-07-24,14177.11,CG Power and Industrial Solutions Limited,2026-07-24,2026-09-30,2027-03-31,2026-09-30,919.45,905.0,680.35,823.15,401.85,905.0,76.95,549.1,952.15,952.15,903.95,889.1579,889.6842,722.5833,719.7647,770.375,1100.0,1100.0,930.0,900.0,880.0,1100.0,1100.0,940.0,502.0,502.0,531.0,472.0,539.0,502.0,502.0,539.0,930.0,920.0,719.5,729.0,819.5,930.0,930.0,825.0,891.7895,891.7895,789.5333,647.9,CGPOWER
16877.38,2026-03-31,2025-12-31,2025-12-31,DE0006062144,59.9,2026-07-24,14141.73,Covestro AG,2026-07-31,2026-03-31,2026-12-31,2026-12-31,59.9,59.9,60.32,59.7,48.77,59.9,56.16,60.74,59.8,59.8,62.0,62.0,62.0,61.875,62.0,62.0,62.0,62.0,62.0,62.0,62.0,62.0,62.0,62.0,62.0,62.0,61.0,62.0,62.0,62.0,62.0,62.0,62.0,62.0,62.0,62.0,62.0,62.0,62.0,62.0,62.0,62.0,62.0,60.32,1COV
14422.73,2026-05-15,2025-12-31,2026-03-31,US9426222009,362.01,2026-07-24,14076.36,Watsco Inc.,2026-07-29,2026-06-30,2026-12-31,2026-06-30,400.98,371.91,484.69,440.64,366.99,371.91,295.14,383.94,416.73,416.73,428.7,420.7,430.2,468.1842,415.4167,391.5455,485.0,485.0,550.0,475.0,450.0,485.0,485.0,460.0,370.0,385.0,333.0,362.0,348.0,370.0,370.0,349.0,427.5,427.5,477.0,418.5,382.0,427.5,427.5,400.0,420.7,420.7,406.6,336.95,WSO
16522.69,2026-05-30,2025-09-30,2026-03-31,CA12532H1047,93.59,2026-07-24,13898.51,CGI Inc.,2026-07-29,2026-06-30,2026-09-30,2026-09-30,89.8,95.39,138.43,99.34,135.19,95.39,115.85,122.39,91.67,91.67,117.3077,119.8461,119.8461,171.3077,149.0,154.25,147.0,147.0,185.0,185.0,185.0,147.0,147.0,185.0,95.0,95.0,134.0,112.0,139.0,95.0,95.0,139.0,119.0,119.0,180.0,149.0,151.0,119.0,119.0,151.0,119.8461,119.8461,154.25,126.78,GIBA
33768.26,2026-06-29,2026-03-31,2026-03-31,JP3526600006,2999.5,2026-07-24,13828.21,Chubu Electric Power Company Incorporated,2026-07-29,2026-06-30,2027-03-31,2027-03-31,2999.5,2863.0,1877.5,2572.5,1757.0,2863.0,1323.0,2208.0,3060.0,3060.0,3104.0,2952.0,3104.0,1955.0,2750.0,2616.0,3600.0,3600.0,2200.0,3000.0,3000.0,3600.0,3600.0,3000.0,1960.0,2220.0,1660.0,1960.0,1960.0,1960.0,1960.0,1960.0,3000.0,3300.0,1980.0,2900.0,2700.0,3000.0,3000.0,2700.0,2952.0,2952.0,2616.0,2412.0,9502
14843.25,2026-05-15,2025-12-31,2026-03-31,US5339001068,251.47,2026-07-24,13777.31,Lincoln Electric Holdings Inc.,2026-07-30,2026-06-30,2026-12-31,2026-06-30,268.91,252.735,223.89,260.0,206.94,252.735,135.91,258.64,265.51,265.51,297.0,296.7,296.7,219.322,290.4444,265.3333,340.0,340.0,250.0,340.0,300.0,340.0,340.0,290.0,229.0,229.0,180.0,224.0,208.0,229.0,229.0,209.0,310.0,310.0,222.5,280.0,280.0,310.0,310.0,277.5,296.7,296.7,262.6,239.64,LECO
14631.69,2026-05-30,2025-09-30,2026-03-31,US69370C1009,118.52,2026-07-24,13689.75,PTC Inc.,2026-07-29,2026-06-30,2026-09-30,2026-09-30,112.93,124.37,202.06,137.17,143.09,124.37,152.69,162.14,113.61,113.61,175.35,180.1,177.5,197.3215,186.2105,211.2778,230.0,230.0,240.0,230.0,250.0,230.0,230.0,255.0,130.0,130.0,160.0,158.0,151.0,130.0,130.0,175.0,180.0,177.5,200.0,189.0,219.5,180.0,180.0,219.5,179.25,179.25,214.7778,174.21,PTC
15610.33,2026-03-31,2025-12-31,2025-12-31,FR0006174348,26.98,2026-07-24,13610.22,Bureau Veritas SA,2026-07-29,2026-03-31,2026-12-31,2026-12-31,26.29,27.4,28.12,26.0,24.14,27.4,27.41,27.32,26.78,26.78,31.4676,31.4676,31.4676,33.9533,32.5853,33.5441,36.0,36.0,38.5,38.5,39.5,36.0,36.0,39.5,26.0,26.0,28.5,26.5,26.5,26.0,26.0,26.5,31.0,31.0,35.0,34.0,34.0,31.0,31.0,34.5,31.4676,31.4676,33.5781,27.18,BVI
15683.93,2026-05-15,2025-12-31,2026-03-31,US1423391002,336.04,2026-07-24,13566.63,Carlisle Companies Incorporated,2026-07-29,2026-06-30,2026-12-31,2026-06-30,378.53,345.39,429.54,360.07,266.69,345.39,199.67,349.15,362.75,362.75,403.2857,410.1429,406.1429,454.6875,386.1429,371.25,450.0,450.0,500.0,420.0,405.0,450.0,450.0,402.0,360.0,340.0,390.0,340.0,329.0,360.0,360.0,329.0,425.0,425.0,462.5,402.0,373.0,425.0,425.0,367.5,410.1429,410.1429,369.5,319.86,CSL
15394.09,2026-03-31,2025-12-31,2025-12-31,DE000SYM9999,86.9,2026-07-24,13526.2,Symrise AG,2026-07-30,2026-03-31,2026-12-31,2026-12-31,89.3,88.64,88.22,73.98,96.08,88.64,122.85,72.58,87.82,87.82,94.8944,92.5611,94.6529,113.8658,91.7611,95.8474,110.0,110.0,130.0,110.0,130.0,110.0,110.0,130.0,75.0,75.0,90.0,70.0,69.0,75.0,75.0,69.0,93.75,98.0,115.0,94.25,99.0,93.75,93.75,102.5,92.7833,92.7833,98.9472,68.88,SY1
11277.1,2026-06-29,2026-03-31,2026-03-31,JP3684000007,3322.0,2026-07-24,13466.44,Nitto Denko Corporation,2026-07-28,2026-06-30,2027-03-31,2027-03-31,3152.0,3222.0,3110.0,3302.0,1966.4,3222.0,1612.0,3509.0,3170.0,3170.0,3528.3333,3467.2727,3528.3333,3017.5,3871.8182,3990.0,4190.0,4200.0,3800.0,5000.0,5000.0,4190.0,4190.0,5000.0,3000.0,3000.0,2350.0,2700.0,2700.0,3000.0,3000.0,2700.0,3400.0,3500.0,3050.0,3900.0,4200.0,3400.0,3400.0,3950.0,3467.2727,3467.2727,3786.6667,3715.0,6988
13173.18,2026-05-15,2025-12-31,2026-03-31,KR7010140002,22900.0,2026-07-24,13389.13,Samsung Heavy Industries Co. Ltd.,2026-07-24,2026-06-30,2026-12-31,2026-06-30,23000.0,20950.0,18870.0,33450.0,8200.0,20950.0,6540.0,30300.0,23300.0,23300.0,36636.3636,37045.4546,37181.8182,20031.8182,35833.3333,31152.1739,43000.0,43000.0,24000.0,43000.0,40000.0,43000.0,43000.0,38000.0,27000.0,27000.0,16000.0,23000.0,21000.0,27000.0,27000.0,21000.0,37000.0,37500.0,20000.0,37000.0,31000.0,37000.0,37000.0,30000.0,37045.4546,37045.4546,29282.6087,24100.0,A010140
10925.08,2026-05-15,2025-12-31,2026-03-31,IL0010824113,130.57,2026-07-24,13331.28,Check Point Software Technologies Ltd.,2026-07-30,2026-06-30,2026-12-31,2026-06-30,124.68,137.1,222.01,134.67,127.28,137.1,125.9,181.23,131.43,131.43,148.0323,144.3226,147.5484,236.103,197.1333,225.159,201.0,201.0,285.0,260.0,285.0,201.0,201.0,285.0,120.0,120.0,173.0,153.0,195.0,120.0,120.0,200.0,135.0,142.0,240.0,200.0,220.0,135.0,135.0,225.0,144.3226,144.3226,228.4021,185.56,CHKP
10874.68,2026-05-15,2025-12-31,2026-03-31,CNE100005576,125.82,2026-07-24,13231.92,Eastroc Beverage (Group) Co. Ltd.,2026-07-30,2026-06-30,2026-12-31,2026-06-30,110.9,126.57,230.7154,152.1154,107.9882,126.57,109.7041,189.0846,123.43,123.43,189.3699,188.9313,190.9949,240.4342,220.6831,253.7622,285.0,285.0,270.0,284.6154,269.6154,285.0,285.0,269.6154,140.0,140.0,203.0769,153.8461,223.0769,140.0,140.0,223.0769,181.1538,178.5,230.7692,223.0769,256.1538,181.1538,181.1538,262.3077,188.9313,188.9313,256.9091,205.6846,605499
40002.97,2026-05-15,2025-12-31,2026-03-31,KR7051910008,259000.0,2026-07-24,13149.49,LG Chem Ltd.,2026-07-31,2026-06-30,2026-12-31,2026-06-30,271000.0,253000.0,307000.0,379500.0,658000.0,253000.0,835000.0,344000.0,280000.0,280000.0,430800.0,446840.0,430240.0,325333.3333,423423.0769,435629.6296,540000.0,540000.0,500000.0,520000.0,540000.0,540000.0,540000.0,540000.0,298000.0,298000.0,275000.0,298000.0,310000.0,298000.0,298000.0,250000.0,460000.0,440000.0,310000.0,420000.0,450000.0,460000.0,460000.0,480000.0,445640.0,445640.0,432333.3333,333000.0,A051910
15793.59,2026-05-15,2025-12-31,2026-03-31,CA00208D4084,32.69,2026-07-24,13133.41,ARC Resources Ltd.,2026-07-30,2026-06-30,2026-12-31,2026-06-30,29.94,32.27,27.26,25.77,19.36,32.27,9.7,25.33,29.8,29.8,32.8611,33.1765,32.7778,34.3056,31.2105,30.4474,43.0,39.0,38.0,43.0,35.0,43.0,43.0,35.0,31.0,31.0,31.0,26.0,27.0,31.0,31.0,28.0,32.8,32.4,34.0,31.0,30.0,32.8,32.8,31.0,33.0588,33.0588,31.0526,25.75,ARX
14618.44,2026-08-14,2025-12-31,2026-06-30,SA000A0DM9P2,63.9,2026-07-26,13063.92,Etihad Etisalat Company,2026-07-26,2026-09-30,2026-12-31,2026-09-30,60.5,61.35,60.25,65.5,49.05,61.35,,70.8,60.45,60.45,77.1769,77.0692,76.9692,66.5917,76.1417,75.2357,85.0,85.0,75.0,85.0,85.0,85.0,85.0,80.0,68.3,68.3,59.0,67.8,68.5,68.3,68.3,59.5,79.0,79.0,66.25,76.9,74.9,79.0,79.0,74.9,77.0692,77.0692,74.0643,66.0,7020
12834.35,2026-05-15,2025-12-31,2026-03-31,CA8911021050,225.77,2026-07-24,13058.68,Toromont Industries Ltd.,2026-07-28,2026-06-30,2026-12-31,2026-06-30,228.78,235.76,132.45,209.56,108.64,235.76,103.95,179.29,233.22,233.22,246.3333,239.7778,244.1111,132.5556,209.5556,176.5556,259.0,259.0,140.0,232.0,184.0,259.0,259.0,184.0,215.0,235.0,122.0,180.0,172.0,215.0,215.0,150.0,240.0,240.0,132.0,208.0,176.0,240.0,240.0,176.0,239.7778,239.7778,174.1111,166.05,TIH
13920.41,2026-05-15,2025-12-31,2026-03-31,US2244081046,226.14,2026-07-24,13058.61,Crane Company,2026-07-28,2026-06-30,2026-12-31,2026-06-30,213.87,217.49,189.17,180.08,91.03,217.49,92.33,204.24,223.07,223.07,230.3,219.6667,224.7778,193.48,217.6667,213.1667,235.0,248.0,228.0,235.0,235.0,245.0,245.0,235.0,185.0,185.0,161.0,182.0,173.0,185.0,185.0,173.0,225.0,225.0,200.0,225.0,220.0,225.0,225.0,215.0,221.8889,221.8889,213.6667,184.43,CR
14431.51,2026-05-15,2025-12-31,2026-03-31,NGMTNN000002,850.0,2026-07-24,13048.85,MTN Nigeria Communications PLC,2026-07-29,2026-06-30,2026-12-31,2026-06-30,830.0,826.5,395.0,820.0,270.0,826.5,165.0,580.0,720.0,720.0,965.474,965.474,965.474,300.7038,850.7783,552.9229,1047.85,1047.85,395.47,1115.9,622.01,1047.85,1047.85,622.01,742.25,742.25,190.0,595.64,371.91,742.25,742.25,371.91,1015.5,1015.5,296.64,878.875,595.64,1015.5,1015.5,595.64,965.474,965.474,552.9229,511.0,MTNN
14122.1,2026-05-12,2025-09-30,2026-03-28,US6153942023,410.13,2026-07-24,12971.88,Moog Inc.,2026-07-31,2026-06-28,2026-09-30,2026-06-28,404.9,393.31,185.85,312.91,109.61,393.31,79.45,291.59,423.84,423.84,413.8,353.25,387.25,213.75,324.5,282.25,450.0,450.0,230.0,350.0,300.0,450.0,450.0,270.0,269.0,344.0,205.0,269.0,269.0,269.0,269.0,225.0,347.0,377.5,210.0,339.5,280.0,347.0,347.0,265.5,353.25,353.25,256.5,243.55,MOGA
13355.68,2026-06-29,2026-03-31,2026-03-31,US6078281002,241.79,2026-07-24,12840.78,Modine Manufacturing Company,2026-07-29,2026-06-30,2027-03-31,2027-03-31,276.7,229.34,97.87,251.7,35.64,229.34,15.93,145.99,267.02,267.02,340.8571,340.8571,340.8571,131.74,265.5714,183.0,370.0,370.0,155.0,310.0,200.0,370.0,370.0,200.0,325.0,325.0,122.0,250.0,173.0,325.0,325.0,173.0,340.0,340.0,127.5,263.0,180.0,340.0,340.0,180.0,340.8571,340.8571,183.0,133.51,MOD
12774.26,2026-05-15,2025-12-31,2026-03-31,US52661A1088,48.1,2026-07-24,12831.26,Leonardo DRS Inc.,2026-07-30,2026-06-30,2026-12-31,2026-06-30,44.69,44.14,47.45,39.98,16.9,44.14,,40.99,42.67,42.67,52.9,52.9,52.9,47.8889,52.0,48.1,59.0,59.0,51.0,59.0,55.0,59.0,59.0,51.0,47.0,47.0,43.0,47.0,40.0,47.0,47.0,40.0,53.5,53.5,49.0,52.0,50.0,53.5,53.5,48.5,52.9,52.9,46.9,34.09,DRS
18022.95,2026-06-29,2026-03-31,2026-03-31,JP3180400008,5523.0,2026-07-24,12818.5,Osaka Gas Co. Ltd.,2026-07-30,2026-06-30,2027-03-31,2027-03-31,5378.0,5367.0,3810.0,5804.0,2226.0,5367.0,2046.0,5732.0,5456.0,5456.0,6291.6667,6291.6667,6291.6667,4368.0,6182.0,5472.0,7420.0,7420.0,5000.0,7300.0,6300.0,7420.0,7420.0,6300.0,4430.0,4430.0,3910.0,4110.0,4130.0,4430.0,4430.0,4130.0,6650.0,6650.0,4200.0,6500.0,5800.0,6650.0,6650.0,5800.0,6291.6667,6291.6667,5472.0,5430.0,9532
15546.79,2026-03-01,2025-06-30,2025-12-31,AU000000ORG5,10.62,2026-07-24,12760.95,Origin Energy Limited,2026-07-31,2026-03-31,2026-06-30,2026-06-30,10.96,10.5,12.04,12.13,8.47,10.5,4.5,11.82,10.98,10.98,11.7909,12.1945,11.7909,10.885,12.34,12.0536,13.6,13.4,13.0,14.3,14.0,13.6,13.6,14.1,10.4,10.16,8.7,10.0,10.0,10.4,10.4,10.0,12.75,12.25,10.72,13.0,11.55,12.75,12.75,11.8,12.1945,12.1945,12.1536,11.49,ORG
16833.35,2026-05-15,2025-12-31,2026-03-31,CNE100000619,36.24,2026-07-24,12751.18,Western Mining Co.Ltd.,2026-07-27,2026-06-30,2026-12-31,2026-06-30,29.2,31.65,17.65,29.08,11.49,31.65,16.16,31.73,27.14,27.14,34.8225,33.5967,34.8225,17.8467,32.98,27.66,36.0,38.5,18.7,36.0,34.82,36.0,36.0,34.82,32.32,32.32,16.84,30.62,20.0,32.32,32.32,20.0,32.47,34.235,18.0,32.32,28.16,32.47,32.47,28.16,33.5967,33.5967,27.66,27.64,601168
15475.29,2026-05-15,2025-12-31,2026-03-31,IE0005711209,165.76,2026-07-24,12697.47,ICON Public Limited Company,2026-07-29,2026-06-30,2026-12-31,2026-06-30,158.17,170.0,195.01,102.17,242.63,170.0,218.0,186.7,173.71,173.71,181.8125,154.1875,181.8125,176.0,132.0769,206.375,180.0,220.0,243.0,180.0,243.0,197.0,197.0,243.0,125.0,150.0,144.0,75.0,175.0,150.0,150.0,172.0,157.0,186.0,170.0,130.0,210.5,177.5,177.5,212.5,175.3125,175.3125,206.375,182.22,ICLR
18639.67,2026-05-15,2025-12-31,2026-03-31,GB00BVMN1558,10.8,2026-07-24,12696.75,Verisure plc,2026-07-30,2026-06-30,2026-12-31,2026-06-30,10.33,11.04,,11.56,,11.04,,14.258,9.76,9.76,16.41,16.5682,16.5682,,16.6227,18.725,22.0,22.0,,22.0,20.5,22.0,22.0,20.1,13.0,13.0,,12.6,17.0,13.0,13.0,17.0,16.3,16.3,,17.0,18.5,16.3,16.3,18.75,16.5682,16.5682,18.8125,14.0,VSURE
12949.17,2026-05-15,2025-12-31,2026-03-31,NGDANGCEM008,1034.0,2026-07-24,12680.71,Dangote Cement Plc,2026-07-29,2026-06-30,2026-12-31,2026-06-30,963.0,1047.0,490.0,890.0,352.0,1047.0,248.0,635.0,963.0,963.0,1238.24,1176.392,1238.24,541.0014,729.7883,654.0629,1359.79,1359.79,667.16,846.9,693.01,1359.79,1359.79,693.01,846.9,1077.8,457.55,641.25,570.12,846.9,846.9,570.12,1294.18,1294.18,542.98,703.89,667.16,1294.18,1294.18,667.16,1176.392,1176.392,654.0629,609.0,DANGCEM
20704.29,2026-05-15,2025-12-31,2026-03-31,CA0213611001,57.18,2026-07-24,12651.61,AltaGas Ltd.,2026-07-30,2026-06-30,2026-12-31,2026-06-30,54.4,55.26,40.26,49.82,24.81,55.26,26.41,40.89,52.39,52.39,57.5455,55.8182,56.3636,42.6364,50.6364,47.0909,60.0,60.0,46.0,55.0,50.0,60.0,60.0,50.0,52.0,53.0,35.0,42.0,40.0,52.0,52.0,40.0,55.0,56.0,43.0,51.0,48.0,55.0,55.0,48.0,55.8182,55.8182,47.0909,41.85,ALA
16793.72,2026-03-31,2025-12-31,2025-12-31,IT0003874101,38.7,2026-07-24,12627.52,Prada S.p.A.,2026-07-30,2026-03-31,2026-12-31,2026-12-31,36.78,41.16,48.6,37.52,58.1,41.16,52.0,41.76,39.72,39.72,48.3309,48.9444,48.5639,68.6191,53.2533,60.9946,64.5854,64.9838,90.328,75.0093,90.3006,64.7899,64.7899,89.6215,33.1143,33.3186,52.4247,37.2797,40.7214,33.2192,33.2192,40.4152,48.0416,47.381,66.204,49.7185,59.3078,47.2397,47.2397,59.644,48.7569,48.7569,61.5093,45.0,1913
17232.05,2026-03-31,2025-12-31,2025-12-31,FR0010451203,37.63,2026-07-24,12588.05,Rexel S.A.,2026-07-27,2026-03-31,2026-12-31,2026-12-31,36.85,38.59,26.9,35.3,22.6,38.59,17.8,35.11,38.21,38.21,40.0154,38.4,40.0154,27.3,37.0769,34.6769,45.0,46.0,31.0,43.1,42.0,45.0,45.0,41.0,25.0,29.0,18.0,25.0,25.0,25.0,25.0,25.0,40.0,42.0,28.0,38.0,35.0,40.0,40.0,32.0,38.4769,38.4769,32.3333,33.59,RXL
19585.72,2026-06-29,2026-03-31,2026-03-31,JP3573000001,6226.0,2026-07-24,12557.09,Tokyo Gas Co.Ltd.,2026-07-30,2026-06-30,2027-03-31,2027-03-31,6111.0,6087.0,4999.0,6473.0,3235.0,6087.0,2056.5,6584.0,6121.0,6121.0,6648.0,6648.0,6648.0,5038.0,6608.0,5760.0,7460.0,7460.0,5260.0,7750.0,6600.0,7460.0,7460.0,6600.0,5680.0,5680.0,4680.0,5290.0,4640.0,5680.0,5680.0,4640.0,6700.0,6700.0,5100.0,6700.0,5900.0,6700.0,6700.0,5900.0,6648.0,6648.0,5760.0,6205.0,9531
12088.58,2026-05-15,2025-12-31,2026-03-31,US5588681057,544.51,2026-07-24,12554.04,Madrigal Pharmaceuticals Inc.,2026-07-30,2026-06-30,2026-12-31,2026-06-30,509.76,553.48,299.17,512.39,205.68,553.48,88.69,480.45,536.95,536.95,679.6429,678.7143,678.7143,425.0,672.7857,635.2143,964.0,964.0,541.0,964.0,900.0,964.0,964.0,900.0,542.0,542.0,248.0,529.0,510.0,542.0,542.0,502.0,649.5,649.5,417.5,647.0,629.0,649.5,649.5,581.0,678.7143,678.7143,603.4667,582.34,MDGL
12136.62,2026-05-15,2025-12-31,2026-03-31,US70975L1070,318.73,2026-07-24,12536.11,Penumbra Inc.,2026-07-31,2026-06-30,2026-12-31,2026-06-30,316.36,318.32,230.18,329.89,302.65,318.32,266.4,359.26,315.75,315.75,361.5833,363.3571,362.5385,311.9375,365.7857,348.5333,374.0,374.0,340.0,374.0,374.0,374.0,374.0,388.0,326.0,320.0,260.0,326.0,186.0,326.0,326.0,186.0,374.0,374.0,320.0,374.0,374.0,374.0,374.0,333.5,364.4286,364.4286,327.9444,310.91,PEN
12231.67,2026-05-15,2025-12-31,2026-03-31,US9022521051,297.15,2026-07-24,12530.06,Tyler Technologies Inc.,2026-07-29,2026-06-30,2026-12-31,2026-06-30,286.03,319.51,559.92,342.03,402.7,319.51,497.85,434.76,292.46,292.46,437.6364,437.5238,437.5238,669.5263,438.7143,617.6667,543.0,543.0,775.0,650.0,800.0,543.0,543.0,800.0,335.0,335.0,570.0,325.0,470.0,335.0,335.0,510.0,435.0,435.0,675.0,430.0,600.0,435.0,435.0,655.0,437.5238,437.5238,640.85,453.95,TYL
12323.06,2026-05-30,2025-09-30,2026-03-31,US44951W1062,626.07,2026-07-24,12473.75,IES Holdings Inc.,2026-07-31,2026-06-30,2026-09-30,2026-09-30,747.49,613.02,328.31,599.8,56.51,613.02,50.18,461.51,734.66,734.66,700.0,700.0,700.0,340.0,458.0,440.0,700.0,700.0,340.0,458.0,440.0,700.0,700.0,440.0,700.0,700.0,340.0,458.0,440.0,700.0,700.0,440.0,700.0,700.0,340.0,458.0,440.0,700.0,700.0,440.0,700.0,700.0,440.0,389.02,IESC
19980.26,2026-06-29,2026-03-31,2026-03-31,INE245A01021,374.55,2026-07-24,12415.4,The Tata Power Company Limited,2026-07-27,2026-06-30,2027-03-31,2027-03-31,392.85,377.1,400.6,434.65,217.35,377.1,122.9,345.3,385.85,385.85,424.7826,428.9924,426.5417,423.2609,410.8261,418.3636,525.0,525.0,560.0,510.0,510.0,525.0,525.0,510.0,300.0,300.0,265.0,300.0,285.0,300.0,300.0,285.0,426.5,426.5,440.0,410.0,422.5,426.5,426.5,422.5,428.9924,428.9924,418.5455,379.55,500400
11926.78,2026-05-15,2025-12-31,2026-03-31,CA0115321089,41.73,2026-07-24,12406.09,Alamos Gold Inc.,2026-07-29,2026-06-30,2026-12-31,2026-06-30,42.78,39.59,35.13,61.72,16.28,39.59,9.82,59.52,43.0,43.0,70.01,75.7104,71.1944,50.3056,82.5325,67.1938,93.7242,82.0545,54.9178,90.3363,74.3909,81.9652,81.9652,73.8311,61.1993,54.9732,47.6498,77.0755,62.11,61.0454,61.0454,53.976,74.7038,74.1508,49.7747,79.5029,65.5082,74.5114,74.5114,64.5492,73.7429,73.7429,64.3805,53.0,AGI
15346.0,2026-05-15,2025-12-31,2026-03-31,CA87241L1094,212.43,2026-07-24,12381.32,TFI International Inc.,2026-07-27,2026-06-30,2026-12-31,2026-06-30,203.75,218.58,121.47,189.57,161.41,218.58,130.4,149.68,204.15,204.15,219.3211,212.6635,214.1427,138.5,169.4285,153.1945,265.409,256.0176,164.544,197.3448,181.1887,267.1217,267.1217,169.7758,155.2925,158.8673,104.8565,134.3041,121.337,156.2946,156.2946,102.8087,208.8063,213.525,140.7857,170.7149,153.2234,214.7744,214.7744,144.1796,216.5526,216.5526,140.4666,141.87,TFII
14871.6,2026-05-15,2025-12-31,2026-03-31,US3802371076,93.16,2026-07-24,12335.3,GoDaddy Inc.,2026-07-30,2026-06-30,2026-12-31,2026-06-30,81.33,94.35,166.29,86.04,74.92,94.35,86.13,103.7,84.88,84.88,111.9333,112.1429,111.9333,210.7844,117.6667,175.0,190.0,190.0,250.0,195.0,240.0,190.0,190.0,240.0,83.0,83.0,150.0,77.0,130.0,83.0,83.0,145.0,100.0,100.0,215.5,100.0,172.5,100.0,100.0,177.0,112.1429,112.1429,178.1429,124.08,GDDY
15795.7,2026-05-15,2025-12-31,2026-03-31,US0536111091,160.9,2026-07-24,12307.3,Avery Dennison Corporation,2026-07-30,2026-06-30,2026-12-31,2026-06-30,163.15,160.41,178.45,165.5,177.61,160.41,202.25,187.43,162.35,162.35,199.6,200.3,199.6,191.1285,205.0,206.8,221.0,218.0,217.0,223.0,234.0,221.0,221.0,218.0,175.0,175.0,167.67,185.0,185.0,175.0,175.0,180.0,201.0,204.5,188.0,203.0,210.0,201.0,201.0,210.0,200.3,200.3,202.8182,181.88,AVY
23396.67,2026-05-15,2025-12-31,2026-03-31,KR7000150003,1191000.0,2026-07-24,12306.59,Doosan Corporation,2026-07-27,2026-06-30,2026-12-31,2026-06-30,1442000.0,1119000.0,570000.0,1582000.0,86700.0,1119000.0,99800.0,899000.0,1487000.0,1487000.0,2265000.0,2155000.0,2265000.0,616833.3333,1521000.0,1152500.0,2800000.0,2800000.0,810000.0,1920000.0,1430000.0,2800000.0,2800000.0,1370000.0,1200000.0,1950000.0,350000.0,1200000.0,700000.0,1200000.0,1200000.0,700000.0,2160000.0,2210000.0,685500.0,1525000.0,1225000.0,2210000.0,2210000.0,1180000.0,2185000.0,2185000.0,1111250.0,781000.0,A000150
25722.43,2026-06-29,2026-03-31,2026-03-31,GB00B1FH8J72,30.2,2026-07-24,12150.56,Severn Trent PLC,2026-07-27,2026-06-30,2027-03-31,2027-03-31,29.34,30.66,26.8,31.53,25.72,30.66,27.4,28.14,29.56,29.56,32.47,31.6931,32.47,28.4642,31.9746,30.0669,35.0,36.2,32.0,35.0,33.85,35.0,35.0,33.85,25.5,27.5,24.5,25.5,25.5,27.0,27.0,25.5,32.25,32.6,28.625,33.0,30.0,32.6,32.6,29.125,32.2392,32.2392,29.3042,27.89,SVT
16669.68,2026-05-15,2025-12-31,2026-03-31,PTJMT0AE0001,16.81,2026-07-24,12011.35,Jerónimo Martins SGPS S.A.,2026-07-29,2026-06-30,2026-12-31,2026-06-30,17.5,16.84,21.7,20.5,26.86,16.84,16.68,20.22,16.76,16.76,23.0318,24.7525,23.0318,25.26,24.7875,25.08,29.0,29.0,29.0,29.0,29.0,29.0,29.0,29.0,20.0,15.5,22.0,20.0,21.0,20.0,20.0,21.0,24.9,23.2,25.45,25.05,25.1,24.9,24.9,25.2,24.7525,24.7525,25.571,20.26,JMT
22944.28,2026-03-31,2025-12-31,2025-12-31,FR0010340141,106.4,2026-07-24,11969.86,Aeroports de Paris SA,2026-07-29,2026-03-31,2026-12-31,2026-12-31,114.3,106.5,111.7,109.7,127.2,106.5,105.4,109.4,114.0,114.0,122.6765,121.9412,122.3824,124.8667,123.5294,122.1719,138.0,140.0,150.0,143.0,147.0,138.0,138.0,150.0,109.0,109.0,109.0,109.0,109.0,109.0,109.0,105.0,119.0,119.0,125.0,122.0,120.5,119.0,119.0,127.0,121.9412,121.9412,125.6,111.4,ADP
11017.51,2026-05-15,2025-12-31,2026-03-31,US0162551016,167.015,2026-07-24,11961.3,Align Technology Inc.,2026-07-29,2026-06-30,2026-12-31,2026-06-30,170.9,176.76,202.18,189.61,337.01,176.76,638.28,168.73,168.66,168.66,210.2857,209.0714,209.0667,233.8087,205.5,183.8667,240.0,240.0,275.0,240.0,220.0,240.0,240.0,220.0,175.0,175.0,180.0,169.0,150.0,175.0,175.0,150.0,214.0,210.0,245.0,205.0,181.0,214.0,214.0,175.0,209.0714,209.0714,179.8,156.15,ALGN
13717.18,2026-03-31,2025-12-31,2025-12-31,GB0031638363,58.2,2026-07-24,11900.67,Intertek Group plc,2026-07-31,2026-03-31,2026-12-31,2026-12-31,58.0,58.2,49.0,48.1,42.21,58.2,55.92,45.34,58.05,58.05,58.4385,58.4385,58.4385,56.9767,53.1367,55.959,62.0,62.0,65.6,62.0,66.1,62.0,62.0,68.1,54.5,54.5,45.0,44.75,45.0,54.5,54.5,45.0,60.0,60.0,57.0,54.5,56.3,60.0,60.0,57.0,58.4385,58.4385,57.1484,46.26,ITRK
13020.61,2026-05-15,2025-12-31,2026-03-31,US3687361044,202.01,2026-07-24,11892.06,Generac Holdings Inc.,2026-07-29,2026-06-30,2026-12-31,2026-06-30,284.14,214.91,153.39,220.93,146.6,214.91,449.64,173.01,292.81,292.81,293.75,284.0,290.2667,153.5067,247.4,202.9412,338.0,338.0,205.0,300.0,236.0,338.0,338.0,240.0,212.0,212.0,95.0,197.0,172.0,212.0,212.0,172.0,280.0,285.0,146.06,238.0,202.0,282.0,282.0,207.0,287.8,287.8,206.5294,136.37,GNRC
14141.72,2026-05-15,2025-12-31,2026-03-31,IT0003828271,51.35,2026-07-24,11877.23,Recordati Industria Chimica e Farmaceutica S.p.A.,2026-07-28,2026-06-30,2026-12-31,2026-06-30,51.55,51.4,54.05,49.5,45.06,51.4,51.24,46.9,51.3,51.3,58.8889,58.8889,59.0625,58.97,59.125,59.5,71.0,71.0,69.0,71.0,73.0,71.0,71.0,73.0,48.0,48.0,50.0,48.0,48.0,48.0,48.0,50.0,57.5,56.75,56.35,57.5,57.5,57.5,57.5,59.0,58.8889,58.8889,60.6,48.54,REC
10196.76,2026-08-14,2025-12-31,2026-06-30,KR7064350002,158400.0,2026-07-24,11833.98,Hyundai Rotem Company,2026-07-24,2026-09-30,2026-12-31,2026-09-30,169800.0,147200.0,196700.0,231000.0,30400.0,147200.0,23800.0,211500.0,173000.0,173000.0,304050.0,314050.0,312050.0,237266.6667,309000.0,299473.6842,400000.0,400000.0,300000.0,400000.0,350000.0,400000.0,400000.0,360000.0,280000.0,270000.0,150000.0,270000.0,240000.0,280000.0,280000.0,240000.0,310000.0,308000.0,250000.0,300000.0,300000.0,310000.0,310000.0,300000.0,314050.0,314050.0,299473.6842,187900.0,A064350
13883.19,2026-05-15,2025-12-31,2026-03-31,QA0007227737,13.29,2026-07-26,11693.59,Ooredoo Q.P.S.C.,2026-07-28,2026-06-30,2026-12-31,2026-06-30,13.5,,12.81,13.2,11.31,,,14.05,13.25,13.25,17.0375,17.0429,17.0429,14.2167,16.95,17.1625,19.0,19.0,15.1,19.0,19.0,19.0,19.0,18.0,13.7,13.7,13.0,13.7,15.0,13.7,13.7,15.0,17.5,17.5,14.35,17.25,17.05,17.5,17.5,17.05,17.0429,17.0429,17.0375,13.03,ORDS
10523.16,2026-05-15,2025-12-31,2026-03-31,US0517741072,5.95,2026-07-24,11669.16,Aurora Innovation Inc.,2026-07-29,2026-06-30,2026-12-31,2026-06-30,6.23,6.06,6.52,4.91,2.96,6.06,9.96,4.58,6.82,6.82,11.2158,11.2158,11.2158,10.51,10.5875,9.7878,18.0,18.0,15.0,15.0,15.0,18.0,18.0,15.0,3.59,3.59,3.59,4.7,3.59,3.59,3.59,3.59,12.0,12.0,12.0,12.0,12.0,12.0,12.0,12.0,11.2158,11.2158,9.7878,3.84,AUR
41738.67,2026-05-15,2025-12-31,2026-03-31,US5529531015,45.54,2026-07-24,11651.47,MGM Resorts International,2026-07-29,2026-06-30,2026-12-31,2026-06-30,47.09,46.13,37.36,39.54,49.0,46.13,38.76,34.03,47.81,47.81,49.7944,46.6111,49.2389,46.5605,42.8333,41.8333,59.0,59.0,59.0,62.0,62.0,59.0,59.0,62.0,33.0,35.0,34.0,30.0,31.0,33.0,33.0,29.0,48.5,49.5,48.0,43.0,41.5,48.5,48.5,44.0,46.6111,46.6111,42.3333,36.49,MGM
23786.84,2026-05-15,2025-12-31,2026-03-31,IT0005211237,10.055,2026-07-24,11611.97,Italgas S.p.A.,2026-07-27,2026-06-30,2026-12-31,2026-06-30,10.33,10.13,7.09,10.305,5.365,10.13,5.636,9.865,10.135,10.135,10.8067,10.7533,10.8067,7.4417,10.5313,9.6937,11.8,11.8,8.5,11.8,11.0,11.8,11.8,10.6,9.8,9.8,6.8,9.2,7.0,9.8,9.8,7.0,10.7,11.0,7.35,10.6,10.0,10.7,10.7,10.0,10.7533,10.7533,9.6733,9.515,IG
13977.19,2026-06-29,2026-03-31,2026-03-31,INE129A01019,170.02,2026-07-24,11596.75,GAIL (India) Limited,2026-07-31,2026-06-30,2027-03-31,2027-03-31,174.93,171.2,187.97,165.61,112.05,171.2,94.9333,160.81,173.46,173.46,185.3548,183.4516,185.3548,215.1613,187.6452,205.9032,210.0,210.0,270.0,270.0,270.0,210.0,210.0,270.0,147.0,147.0,150.0,145.0,155.0,147.0,147.0,155.0,185.0,185.0,215.0,185.0,205.0,185.0,185.0,205.0,183.4516,183.4516,206.2903,172.16,GAIL
19211.91,2026-05-15,2025-12-31,2026-03-31,US0718131099,22.4,2026-07-24,11568.91,Baxter International Inc.,2026-07-30,2026-06-30,2026-12-31,2026-06-30,21.04,22.61,28.77,18.16,48.28,22.61,81.14,19.84,21.32,21.32,21.9546,21.5417,21.9546,38.03,22.1154,23.1333,40.0,40.0,55.0,40.0,42.0,40.0,40.0,42.0,17.0,17.0,27.0,17.0,15.0,17.0,17.0,15.0,19.5,20.0,35.5,20.0,22.0,19.5,19.5,22.0,21.5417,21.5417,23.6667,19.11,BAX
11860.22,2026-06-29,2026-03-31,2026-03-31,JP3820000002,12925.0,2026-07-24,11516.07,Fuji Electric Co. Ltd.,2026-07-30,2026-06-30,2027-03-31,2027-03-31,13680.0,12110.0,7281.0,13040.0,6018.0,12110.0,5160.0,11545.0,13515.0,13515.0,15690.0,15180.0,15530.0,8381.8182,13400.0,12770.0,20500.0,20500.0,10000.0,15000.0,15000.0,20500.0,20500.0,14000.0,11300.0,11400.0,6700.0,9600.0,8300.0,11300.0,11300.0,8300.0,14050.0,15450.0,9000.0,13900.0,13450.0,14050.0,14050.0,13200.0,15180.0,15180.0,12360.0,11850.0,6504
11610.7,2026-05-15,2025-12-31,2026-03-31,GB00BL6K5J42,67.02,2026-07-24,11485.08,Endeavour Mining plc,2026-07-30,2026-06-30,2026-12-31,2026-06-30,69.64,64.67,42.3,82.85,32.63,64.67,28.3,81.34,71.11,71.11,92.4,99.7923,94.0923,51.85,98.8917,82.5667,122.0,122.0,63.0,119.0,100.0,122.0,122.0,88.0,37.5,37.5,37.5,37.5,37.5,37.5,37.5,37.5,100.0,92.0,52.5,102.5,85.15,100.0,100.0,80.5,99.7923,99.7923,77.0,70.68,EDV
35405.38,2026-05-15,2025-12-31,2026-03-31,CA11285B1085,33.53,2026-07-24,11471.38,Brookfield Renewable Corporation,2026-07-31,2026-06-30,2026-12-31,2026-06-30,37.65,33.91,36.54,41.21,32.08,33.91,42.3,39.79,37.12,37.12,40.8333,41.0,41.0,34.3333,42.1667,43.0,50.0,50.0,38.0,50.0,50.0,50.0,50.0,50.0,33.0,33.0,31.0,33.0,33.0,33.0,33.0,33.0,42.0,42.0,34.0,42.5,48.0,42.0,42.0,48.0,41.0,41.0,42.8,38.34,BEPC
10684.73,2026-05-15,2025-12-31,2026-03-31,US09061G1013,59.33,2026-07-24,11467.57,BioMarin Pharmaceutical Inc.,2026-07-31,2026-06-30,2026-12-31,2026-06-30,57.33,59.59,59.76,53.18,87.41,59.59,77.04,56.21,57.22,57.22,87.92,87.8461,87.6923,95.6589,88.8696,90.7391,120.0,120.0,122.0,120.0,122.0,120.0,120.0,122.0,50.0,50.0,65.0,55.0,60.0,50.0,50.0,60.0,85.5,85.5,95.0,94.0,95.0,85.5,85.5,94.0,87.8461,87.8461,89.7391,59.43,BMRN
16264.55,2026-05-15,2025-12-31,2026-03-31,US8175651046,82.33,2026-07-24,11359.15,Service Corporation International,2026-07-29,2026-06-30,2026-12-31,2026-06-30,74.04,78.72,76.22,87.73,66.16,78.72,58.0,81.18,75.96,75.96,96.3333,96.3333,96.3333,88.875,98.3333,97.8333,100.0,100.0,98.0,110.0,110.0,100.0,100.0,100.0,90.0,90.0,84.25,90.0,90.0,90.0,90.0,90.0,97.5,97.5,87.0,97.5,96.5,97.5,97.5,95.0,96.3333,96.3333,95.4,77.97,SCI
14047.2,2026-05-15,2025-12-31,2026-03-31,US4464131063,287.59,2026-07-24,11332.2,Huntington Ingalls Industries Inc.,2026-07-30,2026-06-30,2026-12-31,2026-06-30,279.62,269.13,263.33,359.29,231.22,269.13,203.75,418.58,279.89,279.89,364.0,387.9091,368.5455,262.4192,407.0909,380.6,435.0,431.0,316.0,460.0,450.0,435.0,435.0,384.0,298.0,280.0,180.0,307.0,292.0,298.0,298.0,282.0,400.0,375.0,263.9554,419.0,388.0,400.0,400.0,351.5,387.9091,387.9091,344.0,340.07,HII
11493.38,2026-05-15,2025-12-31,2026-03-31,US78709Y1055,423.68,2026-07-24,11270.7,Saia Inc.,2026-07-30,2026-06-30,2026-12-31,2026-06-30,428.44,436.85,311.79,442.44,396.58,436.85,206.99,351.31,421.16,421.16,464.8571,455.6,464.8571,299.5352,397.05,354.95,550.0,550.0,380.0,550.0,431.0,550.0,550.0,400.0,265.0,295.0,250.0,250.0,250.0,265.0,265.0,250.0,478.5,490.0,295.0,401.0,367.0,478.5,478.5,349.0,456.75,456.75,332.5714,326.52,SAIA
11607.29,2026-06-29,2026-03-31,2026-03-31,JP3738600000,9438.0,2026-07-24,11249.97,Niterra Co. Ltd.,2026-07-31,2026-06-30,2027-03-31,2027-03-31,10845.0,9358.0,5189.0,8233.0,2966.5,9358.0,1618.0,7022.0,10705.0,10705.0,9496.5,9076.5,9496.5,5211.6667,7583.5,6351.5,12600.0,13300.0,5800.0,9100.0,8400.0,12600.0,12600.0,7600.0,4425.0,4425.0,4425.0,4425.0,4425.0,4425.0,4425.0,4425.0,9300.0,10050.0,5280.0,7605.0,6655.0,9300.0,9300.0,5650.0,9076.5,9076.5,5831.5,6891.0,5334
12201.36,2026-05-12,2025-09-30,2026-03-28,US8010561020,208.43,2026-07-24,11171.38,Sanmina Corporation,2026-07-27,2026-06-28,2026-09-30,2026-06-28,248.81,197.24,95.79,192.16,58.9,197.24,36.8,177.83,253.08,253.08,240.0,223.75,223.75,107.5,173.75,195.0,280.0,280.0,120.0,200.0,200.0,280.0,280.0,200.0,185.0,185.0,95.0,145.0,190.0,185.0,185.0,180.0,215.0,215.0,107.5,175.0,195.0,215.0,215.0,190.0,223.75,223.75,190.0,150.07,SANM
11159.7,2026-08-14,2026-03-31,2026-06-30,INE192A01025,1088.0,2026-07-24,11169.79,Tata Consumer Products Limited,2026-07-24,2026-09-30,2027-03-31,2026-09-30,1098.1,1088.6,1072.8,1174.0,863.1,1088.6,775.15,1153.5,1075.6,1075.6,1348.5357,1347.8276,1348.1786,1216.1481,1293.6071,1289.1724,1460.0,1505.0,1340.0,1500.0,1475.0,1460.0,1460.0,1470.0,1124.0,1124.0,1065.0,1124.0,1097.0,1124.0,1124.0,1097.0,1350.0,1347.5,1220.0,1300.0,1300.0,1350.0,1350.0,1300.0,1347.8276,1347.8276,1284.1379,1192.0,TATACONSUM
18155.3,2026-05-15,2025-12-31,2026-03-31,ID1000122807,4980.0,2026-07-24,11110.87,PT Astra International Tbk,2026-07-30,2026-06-30,2026-12-31,2026-06-30,4640.0,5100.0,5050.0,6325.0,6550.0,5100.0,4950.0,6825.0,4520.0,4520.0,6768.913,6818.6956,6768.913,5514.5,7084.4737,6806.8182,7750.0,7500.0,6300.0,8200.0,8200.0,7750.0,7750.0,8100.0,5475.0,5475.0,4800.0,5400.0,5200.0,5475.0,5475.0,5200.0,7000.0,7000.0,5460.0,7200.0,6912.5,7000.0,7000.0,6700.0,6818.6956,6818.6956,6675.2381,6700.0,ASII
7372.01,2026-05-15,2025-12-31,2026-03-31,KR7018260000,209500.0,2026-07-24,11092.46,Samsung SDS Co. Ltd.,2026-07-30,2026-06-30,2026-12-31,2026-06-30,189900.0,185800.0,159600.0,169800.0,124600.0,185800.0,185000.0,176500.0,190800.0,190800.0,249250.0,232352.9412,249250.0,186944.4444,210500.0,206222.2222,400000.0,400000.0,247000.0,240000.0,240000.0,400000.0,400000.0,240000.0,175000.0,175000.0,140000.0,170000.0,170000.0,175000.0,175000.0,170000.0,220000.0,245000.0,180000.0,215000.0,205000.0,220000.0,220000.0,200000.0,237812.5,237812.5,203611.1111,171500.0,A018260
11535.27,2026-05-12,2025-12-31,2026-03-28,US78473E1038,220.07,2026-07-24,11017.77,SPX Technologies Inc.,2026-07-30,2026-06-28,2026-12-31,2026-06-28,237.22,211.73,175.41,222.82,81.83,211.73,64.57,211.03,245.17,245.17,272.9167,266.25,272.25,186.1125,257.9167,236.0,310.0,310.0,198.0,280.0,265.0,310.0,310.0,258.0,225.0,225.0,160.0,225.0,216.0,225.0,225.0,216.0,267.5,275.5,194.0,262.5,240.0,271.0,271.0,240.0,268.8333,268.8333,234.7778,200.06,SPXC
14364.34,2026-03-31,2025-12-31,2025-12-31,NL0015002MS2,15.762,2026-07-24,10972.64,The Magnum Ice Cream Company N.V.,2026-07-30,2026-03-31,2026-12-31,2026-12-31,15.0,16.426,,11.276,,16.426,,14.22,15.236,15.236,15.4067,14.8933,15.4067,,14.92,15.4786,17.0,17.6,,17.0,17.6,17.0,17.0,17.6,13.0,13.0,,13.0,13.6,13.0,13.0,13.7,15.0,15.5,,14.9,15.35,15.3,15.3,14.5,14.9867,14.9867,15.4,13.616,MICC
13812.07,2026-05-15,2025-12-31,2026-03-31,PHY5764J1483,600.0,2026-07-24,10962.16,Manila Electric Company,2026-07-29,2026-06-30,2026-12-31,2026-06-30,573.0,585.0,533.0,641.0,347.0,585.0,269.0,583.0,570.0,570.0,663.6727,663.6727,663.6727,581.2571,637.05,615.4,760.0,760.0,620.0,700.0,640.0,760.0,760.0,640.0,530.0,530.0,540.0,570.0,597.0,530.0,530.0,540.0,665.4,665.4,585.0,631.0,620.0,665.4,665.4,605.0,663.6727,663.6727,601.1444,574.0,MER
12755.89,2026-08-14,2026-03-31,2026-06-30,INE749A01030,1035.8,2026-07-24,10960.93,Jindal Steel Limited,2026-07-24,2026-09-30,2027-03-31,2026-09-30,1089.7,1025.0,1000.45,1256.0,629.35,1025.0,397.7,1063.6,1060.1,1060.1,1277.0606,1294.75,1274.9394,988.1786,1230.2759,1147.9655,1450.0,1450.0,1220.0,1430.0,1393.0,1450.0,1450.0,1324.0,595.0,595.0,480.0,600.0,600.0,595.0,595.0,600.0,1326.0,1303.0,1022.5,1280.0,1160.0,1326.0,1326.0,1150.0,1294.75,1294.75,1133.037,1053.8,JINDALSTEL
12245.97,2026-06-29,2026-03-31,2026-03-31,INE079A01024,424.95,2026-07-24,10953.83,Ambuja Cements Limited,2026-07-28,2026-06-30,2027-03-31,2027-03-31,426.85,438.7,620.15,450.65,422.55,438.7,402.25,518.85,421.7,421.7,504.8205,511.85,508.6,625.7179,579.3659,657.5,656.0,656.0,845.0,784.0,810.0,656.0,656.0,832.0,325.0,325.0,360.0,370.0,400.0,325.0,325.0,400.0,512.5,509.0,627.0,580.0,660.0,512.5,512.5,660.0,511.85,511.85,659.8781,556.3,500425
15841.85,2026-05-15,2025-12-31,2026-03-31,US03674X1063,35.28,2026-07-24,10931.01,Antero Resources Corporation,2026-07-29,2026-06-30,2026-12-31,2026-06-30,34.71,33.57,33.26,37.84,24.42,33.57,13.68,34.29,35.14,35.14,48.2,50.15,48.4,45.1429,49.3809,43.3,57.0,59.0,58.0,56.0,55.0,59.0,59.0,55.0,38.0,36.0,22.0,36.0,26.0,38.0,38.0,26.0,52.5,49.0,46.0,50.0,46.0,51.0,51.0,46.0,49.75,49.75,44.8,34.46,AR
8387.08,2026-05-15,2025-12-31,2026-03-31,KYG1674K1013,6.45,2026-07-24,10871.43,Budweiser Brewing Company APAC Limited,2026-07-29,2026-06-30,2026-12-31,2026-06-30,6.38,6.54,8.86,7.55,18.4,6.54,24.2,7.68,6.1,6.1,8.8578,9.079,8.8581,10.2881,9.2172,9.419,11.606,11.6018,15.1424,11.6259,14.4496,11.6043,11.6043,14.4159,6.7048,6.7024,7.9912,7.513,7.4938,6.7038,6.7038,7.8264,9.026,8.9992,10.0949,9.0171,9.1158,9.0247,9.0247,9.3124,9.0413,9.0413,9.7079,7.59,1876
14518.32,2026-05-15,2025-12-31,2026-03-31,US03676B1026,22.75,2026-07-24,10805.8,Antero Midstream Corporation,2026-07-29,2026-06-30,2026-12-31,2026-06-30,22.15,22.59,17.08,21.37,12.03,22.59,9.98,18.75,22.75,22.75,24.1429,23.2857,24.1429,16.9286,23.2857,18.9286,26.0,26.0,19.0,26.0,20.0,26.0,26.0,20.0,20.0,23.0,15.0,20.0,17.0,22.0,22.0,17.0,23.0,24.0,17.0,23.0,19.0,23.0,23.0,19.0,23.5714,23.5714,18.7857,17.79,AM
12379.24,2026-06-29,2026-03-31,2026-03-31,INE121J01017,394.6,2026-07-24,10795.24,Indus Towers Limited,2026-07-27,2026-06-30,2027-03-31,2027-03-31,398.6,403.5,401.55,402.2,169.45,403.5,220.5,413.15,391.7,391.7,448.8,448.8,448.8,429.0435,454.9583,442.7826,580.0,580.0,595.0,560.0,565.0,580.0,580.0,565.0,345.0,345.0,308.0,345.0,300.0,345.0,345.0,300.0,434.0,434.0,407.0,464.0,463.0,434.0,434.0,425.0,448.8,448.8,422.913,418.75,INDUSTOWER
20198.08,2026-05-15,2025-12-31,2026-03-31,CA1367178326,55.85,2026-07-24,10785.91,Canadian Utilities Limited,2026-07-29,2026-06-30,2026-12-31,2026-06-30,52.59,54.83,38.96,48.28,34.23,54.83,35.31,43.81,52.72,52.72,51.4286,50.7143,50.7143,40.1429,49.0,42.7143,55.0,55.0,41.0,55.0,45.0,55.0,55.0,44.0,48.0,48.0,39.0,45.0,40.0,48.0,48.0,40.0,50.0,50.0,40.0,48.0,43.0,50.0,50.0,43.0,50.7143,50.7143,42.5714,42.73,CU
9229.01,2026-05-15,2025-12-31,2026-03-31,DE000A0D6554,40.04,2026-07-24,10764.61,Nordex SE,2026-07-29,2026-06-30,2026-12-31,2026-06-30,43.34,39.58,20.54,44.94,12.755,39.58,16.14,33.46,46.2,46.2,47.9333,47.0,47.9333,20.3,44.1933,30.0067,59.0,61.0,23.0,58.0,38.0,59.0,59.0,33.0,15.8,15.8,14.9,15.8,15.8,15.8,15.8,15.8,49.0,50.0,21.0,47.0,32.0,49.0,49.0,29.0,47.0,47.0,27.75,29.12,NDX1
11194.36,2026-06-29,2026-03-31,2026-03-31,INE634S01028,2507.2,2026-07-24,10741.59,Mankind Pharma Limited,2026-07-30,2026-06-30,2027-03-31,2027-03-31,2483.0,2484.2,2589.5,2267.4,1901.8,2484.2,,2107.6,2545.6,2545.6,2667.6842,2656.4,2667.6842,2715.9412,2535.85,2632.0,3100.0,3100.0,3300.0,3100.0,3110.0,3100.0,3100.0,3260.0,1990.0,2057.0,2150.0,1990.0,1990.0,1990.0,1990.0,2150.0,2727.0,2734.0,2750.0,2500.0,2590.0,2727.0,2727.0,2626.0,2656.4,2656.4,2677.0,2196.5,MANKIND
11027.32,2026-05-15,2025-12-31,2026-03-31,CA46579R1047,10.61,2026-07-24,10732.06,Ivanhoe Mines Ltd.,2026-07-29,2026-06-30,2026-12-31,2026-06-30,10.27,9.81,11.54,11.72,12.7,9.81,9.2,16.96,11.11,11.11,14.5146,14.7254,14.4339,15.3981,14.3339,18.5508,19.7215,19.4993,20.87,19.047,22.9398,19.7215,19.7215,23.0196,12.4553,11.8696,12.3839,11.8681,15.0666,12.4553,12.4553,15.2093,14.9901,14.8352,14.4694,14.8043,17.8643,14.9901,14.9901,17.6078,14.7254,14.7254,17.9131,15.61,IVN
14454.36,2026-06-29,2026-03-31,2026-03-31,INE205A01025,264.65,2026-07-24,10720.24,Vedanta Limited,2026-07-30,2026-06-30,2027-03-31,2027-03-31,282.55,253.05,451.35,720.95,271.3,253.05,267.8,684.15,280.75,280.75,316.0,316.6,316.0,511.2,856.9286,640.0769,350.0,350.0,607.0,960.0,835.0,350.0,350.0,686.0,265.0,265.0,435.0,729.0,480.0,265.0,265.0,480.0,318.0,317.0,510.0,850.0,590.0,318.5,318.5,585.0,317.0,317.0,575.4615,604.4,VEDL
48567.26,2026-05-15,2025-12-31,2026-03-31,US00130H1059,14.84,2026-07-24,10583.26,The AES Corporation,2026-07-31,2026-06-30,2026-12-31,2026-06-30,14.68,14.77,13.8,14.49,21.62,14.77,23.9,14.25,14.66,14.66,15.0,15.0,15.0,13.7169,15.1111,15.2083,15.0,15.0,23.0,16.0,24.0,15.0,15.0,24.0,15.0,15.0,5.0,15.0,8.5,15.0,15.0,8.5,15.0,15.0,14.0,15.0,15.5,15.0,15.0,15.5,15.0,15.0,15.2917,14.34,AES
11395.73,2026-03-31,2025-12-31,2025-12-31,ES0105777017,16.49,2026-07-24,10561.48,Puig Brands S.A.,2026-07-30,2026-03-31,2026-12-31,2026-12-31,16.08,16.74,16.34,18.38,,16.74,,16.73,16.13,16.13,19.5688,19.6938,19.7937,22.4937,19.8462,19.5794,23.6,23.6,30.4,23.7,26.6,23.6,23.6,26.6,16.0,16.0,17.6,16.0,15.0,16.0,16.0,14.0,19.25,19.7,22.0,19.0,19.0,19.7,19.7,19.0,19.7875,19.7875,19.2824,14.87,PUIG
10630.01,2026-05-15,2025-12-31,2026-03-31,US54951L1098,32.63,2026-07-24,10546.4,Luckin Coffee Inc.,2026-07-30,2026-06-30,2026-12-31,2026-06-30,31.55,30.6,36.85,31.5,26.755,30.6,13.17,33.42,27.67,27.67,45.7139,45.7017,45.8677,42.2025,45.542,50.1025,54.68,54.68,43.2,54.68,55.0,54.68,54.68,55.0,38.5,38.5,40.61,35.1,45.0,38.5,38.5,45.0,44.5,45.0,42.5,44.5,50.2,44.0,44.0,48.4,45.5164,45.5164,49.6314,33.5,LKNCY
13933.48,2026-06-26,2026-03-31,2026-03-28,GB0031274896,3.805,2026-07-24,10482.69,Marks and Spencer Group plc,2026-07-27,2026-06-28,2027-03-31,2027-03-28,3.778,3.791,3.544,3.47,2.058,3.791,1.404,3.61,3.72,3.72,4.3283,4.3117,4.3117,4.2067,4.2287,4.2188,5.0,5.0,4.62,4.8,4.62,5.0,5.0,4.62,3.6,3.6,3.42,3.42,3.42,3.6,3.6,3.42,4.395,4.395,4.4,4.355,4.355,4.395,4.395,4.35,4.3117,4.3117,4.1973,3.3,MKS
11438.2,2026-05-15,2025-12-31,2026-03-31,DE000HAG0005,79.8,2026-07-24,10479.7,Hensoldt AG,2026-07-31,2026-06-30,2026-12-31,2026-06-30,68.96,76.32,96.95,73.02,32.2,76.32,14.2,87.55,67.76,67.76,90.1667,90.9667,90.1667,89.7273,90.9667,90.8071,110.0,105.0,120.0,114.0,114.0,110.0,110.0,114.0,62.0,62.0,48.0,57.0,65.0,62.0,62.0,65.0,91.0,91.0,88.0,90.0,90.5,91.0,91.0,90.0,90.9667,90.9667,91.6154,73.4,HAG
10020.73,2026-06-29,2026-03-31,2026-03-31,JP3695200000,6085.0,2026-07-24,10448.99,NGK Corporation,2026-07-30,2026-06-30,2027-03-31,2027-03-31,7509.0,6005.0,1913.5,4613.0,1718.0,6005.0,1791.0,3786.0,7532.0,7532.0,6911.4286,6325.7143,6911.4286,1971.6667,4378.5714,3100.0,7100.0,9000.0,2300.0,4900.0,4300.0,9000.0,9000.0,4300.0,4900.0,5530.0,1640.0,3740.0,1910.0,5530.0,5530.0,1910.0,6500.0,6800.0,1945.0,4400.0,3300.0,6800.0,6800.0,3170.0,6911.4286,6911.4286,3000.0,3351.0,5333
9619.5,2026-05-15,2025-12-31,2026-03-31,US7509171069,96.01,2026-07-24,10382.23,Rambus Inc.,2026-07-27,2026-06-30,2026-12-31,2026-06-30,124.52,101.44,64.21,158.4,59.79,101.44,23.11,115.31,132.74,132.74,149.0,144.5714,149.0,74.0344,122.0,120.0,180.0,180.0,90.0,150.0,130.0,180.0,180.0,130.0,100.0,100.0,62.0,90.0,100.0,100.0,100.0,100.0,145.0,155.0,71.31,120.0,122.0,145.0,145.0,122.0,144.5714,144.5714,120.0,91.89,RMBS
48360.82,2026-05-15,2025-12-31,2026-03-31,FR0013258662,11.62,2026-07-24,10351.73,Ayvens,2026-07-30,2026-06-30,2026-12-31,2026-06-30,11.5,11.57,9.54,10.96,9.855,11.57,12.26,12.02,11.52,11.52,12.5267,12.4933,12.5267,10.8143,12.36,12.4556,14.0,14.0,12.2,13.5,14.5,14.0,14.0,13.2,11.0,11.0,9.0,10.8,10.3,11.0,11.0,10.0,12.5,13.0,11.2,12.5,12.5,12.5,12.5,12.35,12.4933,12.4933,11.9625,11.44,AYV
16170.2,2026-05-15,2025-12-31,2026-03-31,US6708371033,49.95,2026-07-24,10308.4,OGE Energy Corp.,2026-07-29,2026-06-30,2026-12-31,2026-06-30,48.6,48.7,44.92,47.1,36.58,48.7,33.63,42.69,48.66,48.66,50.6667,50.0,50.6667,44.895,49.0455,46.2273,59.0,59.0,50.0,59.0,53.0,59.0,59.0,55.0,44.0,44.0,39.0,41.0,39.0,44.0,44.0,40.0,50.0,50.5,45.5,51.0,47.0,50.0,50.0,47.5,50.0,50.0,47.05,42.7,OGE
12264.56,2026-05-30,2025-09-30,2026-03-31,GB00B8C3BL03,8.582,2026-07-24,10261.02,The Sage Group plc,2026-07-27,2026-06-30,2026-09-30,2026-09-30,8.084,8.456,12.48,9.028,9.194,8.456,7.048,10.29,8.16,8.16,10.71,10.7916,10.71,13.4428,11.3753,12.9905,13.34,13.34,16.0,16.0,16.2,13.34,13.34,16.2,8.5,8.5,10.5,8.5,10.0,8.5,8.5,10.0,10.5,10.5,13.6,11.0,13.0,10.5,10.5,13.0,10.7916,10.7916,13.0317,10.83,SGE
10466.7,2026-05-12,2025-12-31,2026-03-28,US5370081045,404.86,2026-07-24,10238.47,Littelfuse Inc.,2026-07-29,2026-06-28,2026-12-31,2026-06-28,463.69,397.75,228.31,407.14,296.55,397.75,250.23,290.35,455.33,455.33,482.5,486.25,482.5,261.224,385.0,321.25,535.0,520.0,296.12,430.0,360.0,535.0,535.0,325.0,390.0,390.0,200.0,320.0,300.0,390.0,390.0,275.0,510.0,510.0,275.0,395.0,312.5,510.0,510.0,305.0,486.25,486.25,302.5,252.92,LFUS
9731.24,2026-05-15,2025-12-31,2026-03-31,US2183521028,95.36,2026-07-24,10237.05,Corcept Therapeutics Incorporated,2026-07-29,2026-06-30,2026-12-31,2026-06-30,81.56,90.52,67.59,46.06,24.29,90.52,20.29,43.98,86.95,86.95,106.0,88.0,106.0,138.25,67.4,94.2,135.0,135.0,145.0,110.0,121.0,135.0,135.0,145.0,50.0,88.0,131.0,44.0,50.0,50.0,50.0,95.0,88.0,95.0,138.5,60.0,100.0,88.0,88.0,135.0,88.0,88.0,127.2,34.8,CORT
10021.81,2026-05-15,2025-12-31,2026-03-31,LU0075646355,329.6,2026-07-24,10187.37,Subsea 7 S.A.,2026-07-30,2026-06-30,2026-12-31,2026-06-30,335.2,319.0,205.6,316.0,137.3,319.0,79.96,236.4,338.0,338.0,351.7996,330.3145,344.3543,222.7769,288.2984,236.2058,438.354,455.6139,262.8456,400.7173,351.4458,468.6071,468.6071,265.1645,233.2023,240.1663,160.092,183.8276,156.2759,249.2969,249.2969,157.1308,330.5958,360.2302,226.5683,278.5221,236.9928,362.3891,362.3891,236.7062,354.2334,354.2334,228.6514,203.2,SUBC
11616.51,2026-06-29,2026-03-31,2026-03-31,JP3358800005,2457.0,2026-07-24,10184.64,Shimizu Corporation,2026-07-30,2026-06-30,2027-03-31,2027-03-31,2556.5,2417.5,1686.5,2913.5,949.6,2417.5,900.0,2735.5,2549.5,2549.5,3014.2857,3114.2857,3014.2857,1647.1429,3101.4286,2478.5714,3800.0,3400.0,1900.0,3800.0,3100.0,3400.0,3400.0,2900.0,2300.0,2300.0,880.0,1900.0,1900.0,2300.0,2300.0,1900.0,3100.0,3100.0,1780.0,3450.0,2300.0,3100.0,3100.0,2300.0,3014.2857,3014.2857,2392.8571,2668.5,1803
10687.39,2026-05-15,2025-12-31,2026-03-31,KR7011070000,625000.0,2026-07-24,10124.18,LG Innotek Co. Ltd.,2026-07-27,2026-06-30,2026-12-31,2026-06-30,931000.0,602000.0,153300.0,536000.0,269500.0,602000.0,231500.0,257500.0,981000.0,981000.0,1127500.0,896346.1539,1127500.0,198200.0,358153.8461,293814.8148,2000000.0,2000000.0,320000.0,600000.0,380000.0,2000000.0,2000000.0,380000.0,190000.0,190000.0,120000.0,190000.0,120000.0,190000.0,190000.0,120000.0,690000.0,1150000.0,200000.0,361500.0,300000.0,700000.0,700000.0,295000.0,922115.3846,922115.3846,286653.8461,271000.0,A011070
12216.17,2026-05-15,2025-12-31,2026-03-31,BRTIMSACNOR5,21.47,2026-07-24,10085.69,TIM S.A.,2026-07-27,2026-06-30,2026-12-31,2026-06-30,22.18,22.6,19.94,26.1,14.19,22.6,11.81,24.56,21.87,21.87,26.25,26.8429,26.25,22.7692,27.6714,25.6643,31.0,30.0,26.0,33.0,28.0,31.0,31.0,29.0,22.0,22.0,19.0,22.0,21.0,22.0,22.0,21.0,26.0,26.0,22.0,27.0,26.0,26.0,26.0,26.0,26.8429,26.8429,25.8071,21.34,TIMS3
12049.9,2026-05-15,2025-12-31,2026-03-31,IE00BLS09M33,62.88,2026-07-24,10036.0,Pentair plc,2026-07-28,2026-06-30,2026-12-31,2026-06-30,74.81,62.45,102.85,91.75,66.26,62.45,68.46,107.55,76.66,76.66,80.1333,101.1667,84.8,114.8225,110.0,118.5263,125.0,115.0,130.0,130.0,140.0,125.0,125.0,135.0,75.0,60.0,95.0,85.0,90.0,75.0,75.0,100.0,104.5,83.0,116.5,112.0,124.0,106.0,106.0,124.0,101.7059,101.7059,122.0,104.14,PNR
19913.27,2026-05-15,2025-12-31,2026-03-31,US8299331004,29.8,2026-07-24,10031.27,Sirius XM Holdings Inc.,2026-07-30,2026-06-30,2026-12-31,2026-06-30,27.9,30.59,24.17,26.61,60.0,30.59,64.3,20.51,29.54,29.54,28.3846,28.0,28.0,24.0747,24.2308,24.0,45.0,45.0,30.0,31.0,30.0,45.0,45.0,30.0,18.0,18.0,19.0,18.0,18.0,18.0,18.0,18.0,28.0,28.0,24.0,24.0,23.5,28.0,28.0,23.5,28.0,28.0,24.0,19.995,SIRI
11679.31,2026-05-15,2025-12-31,2026-03-31,US29358P1012,172.99,2026-07-24,10026.4,The Ensign Group Inc.,2026-07-31,2026-06-30,2026-12-31,2026-06-30,164.07,171.28,137.77,189.16,92.6,171.28,86.27,175.46,160.3,160.3,217.8,220.4,217.8,166.0,220.4,208.2,230.0,230.0,177.0,230.0,220.0,230.0,230.0,220.0,210.0,202.0,155.0,210.0,200.0,210.0,210.0,200.0,222.0,222.0,166.5,222.0,206.0,222.0,222.0,206.0,220.4,220.4,207.2,174.2,ENSG
9325.54,2026-06-29,2026-03-31,2026-03-31,INE070A01015,26740.0,2026-07-24,10008.54,Shree Cement Limited,2026-07-31,2026-06-30,2027-03-31,2027-03-31,26070.0,26515.0,31745.0,24950.0,23237.0,26515.0,27986.4,27000.0,25250.0,25250.0,27509.1538,27370.075,27448.8974,30401.4048,27727.85,30079.1905,31600.0,31600.0,35700.0,35697.0,35697.0,31600.0,31600.0,35697.0,19900.0,19900.0,19550.0,20000.0,21150.0,19900.0,19900.0,21150.0,27650.0,27700.0,30803.5,27800.0,30115.0,27600.0,27600.0,30309.5,27307.2564,27307.2564,30269.6667,26575.0,SHREECEM
14232.1,2026-05-19,2026-01-31,2026-04-04,US2372661015,62.5,2026-07-24,9932.96,Darling Ingredients Inc.,2026-07-30,2026-07-04,2027-01-31,2026-07-04,52.65,63.1,35.19,60.18,67.49,63.1,67.01,42.74,54.62,54.62,75.4167,74.9167,75.25,48.0969,70.1667,47.6154,85.0,85.0,60.0,78.0,60.0,85.0,85.0,60.0,58.0,62.0,34.0,58.0,36.0,58.0,58.0,36.0,75.0,75.0,46.0,70.0,46.0,75.0,75.0,45.0,74.9167,74.9167,47.0,36.0,DAR
10562.04,2026-05-15,2025-12-31,2026-03-31,CA4436281022,31.54,2026-07-24,9932.36,Hudbay Minerals Inc.,2026-07-29,2026-06-30,2026-12-31,2026-06-30,32.65,28.58,13.82,33.18,6.95,28.58,8.42,34.24,33.49,33.49,43.5428,45.057,43.6053,16.3133,41.297,32.953,59.2811,57.9711,17.3053,48.1557,47.3211,59.3813,59.3813,30.7542,37.1654,36.7467,14.1091,36.4438,25.2385,37.2282,37.2282,24.1721,43.278,42.9786,16.8417,41.0425,32.535,43.0066,43.0066,27.2184,44.7341,44.7341,27.3646,27.25,HBM
12243.0,2026-06-29,2026-03-31,2026-03-31,JP3102000001,2305.5,2026-07-24,9868.14,Aisin Corporation,2026-07-31,2026-06-30,2027-03-31,2027-03-31,2204.5,2256.0,1992.5,2207.0,1559.6667,2256.0,1560.0,2771.5,2186.5,2186.5,2746.6667,2857.1429,2746.6667,2042.3077,2922.5,2944.6154,4100.0,4100.0,2500.0,3600.0,3600.0,4100.0,4100.0,3500.0,2300.0,2200.0,1500.0,2300.0,2200.0,2300.0,2300.0,2200.0,2775.0,2700.0,2100.0,2850.0,3000.0,2775.0,2775.0,2820.0,2857.1429,2857.1429,2744.6154,2926.0,7259
22164.57,2026-06-29,2026-03-31,2026-03-31,JP3897700005,1189.0,2026-07-24,9858.28,Mitsubishi Chemical Group Corporation,2026-07-31,2026-06-30,2027-03-31,2027-03-31,1094.5,1168.0,812.5,909.8,836.0,1168.0,933.0,1004.0,1128.5,1128.5,1189.0909,1069.0909,1189.0909,922.0,987.5,941.8182,1300.0,1700.0,1300.0,1300.0,1300.0,1700.0,1700.0,1300.0,800.0,800.0,700.0,790.0,790.0,800.0,800.0,700.0,1100.0,1200.0,890.0,940.0,860.0,1100.0,1100.0,860.0,1146.3636,1146.3636,930.9091,915.1,4188
11371.15,2026-03-31,2025-12-31,2025-12-31,GB0006776081,12.26,2026-07-24,9817.87,Pearson plc,2026-07-31,2026-03-31,2026-12-31,2026-12-31,11.46,12.555,10.515,10.715,8.622,12.555,8.572,9.69,11.96,11.96,12.2391,11.83,12.0436,12.7688,11.7027,12.0727,14.3,14.2,15.0,14.3,14.6,14.3,14.3,14.6,10.0,10.0,11.05,10.0,10.0,10.0,10.0,10.0,11.3,12.1,12.8,11.2,11.7,11.3,11.3,11.75,11.83,11.83,12.5056,10.5,PSON
9751.87,2026-05-15,2025-12-31,2026-03-31,IT0005495657,4.408,2026-07-24,9724.58,Saipem SpA,2026-07-27,2026-06-30,2026-12-31,2026-06-30,4.377,4.202,2.385,4.337,1.491,4.202,92.7857,2.955,4.409,4.409,5.0089,4.7712,4.92,3.1193,4.53,3.1256,6.0,6.0,3.54,6.0,3.54,6.0,6.0,3.54,3.4,3.4,2.0,3.4,2.0,3.4,3.4,2.0,4.96,5.0,3.15,4.61,3.3,5.0,5.0,3.3,4.8412,4.8412,3.1035,2.425,SPM
10569.68,2026-05-15,2025-12-31,2026-03-31,US6882392011,155.14,2026-07-24,9673.18,Oshkosh Corporation,2026-07-28,2026-06-30,2026-12-31,2026-06-30,143.35,143.66,127.83,150.33,91.33,143.66,119.9,153.91,153.48,153.48,163.0135,162.19,163.0135,130.0567,170.9065,156.5112,197.0,197.0,169.0,204.0,185.0,197.0,197.0,185.0,138.0,138.0,91.0,138.0,125.0,138.0,138.0,125.0,168.0,168.0,130.0,170.0,152.5,168.0,168.0,150.0,162.19,162.19,151.6987,125.63,OSK
16000.87,2026-05-15,2025-12-31,2026-03-31,ES0173093024,15.72,2026-07-24,9668.41,Redeia Corporación S.A.,2026-07-29,2026-06-30,2026-12-31,2026-06-30,15.3,15.59,17.38,14.91,15.31,15.59,16.33,14.46,14.89,14.89,16.4891,16.4982,16.4891,19.11,16.4959,16.8627,19.4,19.4,22.5,19.4,20.33,19.4,19.4,20.33,13.5,13.5,16.0,13.5,13.8,13.5,13.5,14.0,16.5,16.5,18.9,16.5,17.0,16.5,16.5,17.0,16.4891,16.4891,17.0181,15.17,RED
6912.0,2026-05-15,2025-12-31,2026-03-31,JP3358000002,18570.0,2026-07-24,9631.9,Shimano Inc.,2026-07-28,2026-06-30,2026-12-31,2026-06-30,17700.0,18755.0,21360.0,16275.0,22730.0,18755.0,28735.0,17350.0,17345.0,17345.0,17695.6364,17248.3636,17604.7273,22495.0,17566.5455,18409.8182,21000.0,21000.0,26300.0,21000.0,24000.0,21000.0,21000.0,24000.0,15000.0,15000.0,19500.0,15000.0,15800.0,15000.0,15000.0,16000.0,17000.0,17000.0,22075.0,17500.0,18000.0,17000.0,17000.0,18004.0,17248.3636,17248.3636,18670.8,16535.0,7309
10334.55,2026-03-31,2025-12-31,2025-12-31,GB00BGLP8L22,30.5,2026-07-24,9630.11,IMI plc,2026-07-31,2026-03-31,2026-12-31,2026-12-31,29.34,29.68,21.92,28.78,16.18,29.68,17.29,27.12,29.64,29.64,30.7719,30.6071,31.09,22.5857,30.2533,28.1643,33.5,33.8,24.5,33.5,32.0,33.5,33.5,32.0,25.6,25.6,18.6,25.0,25.0,25.6,25.6,23.3,31.4,32.3,22.75,31.0,27.55,31.4,31.4,27.6,30.6071,30.6071,27.8077,24.88,IMI
11390.01,2026-05-15,2025-12-31,2026-03-31,US83443Q1031,60.54,2026-07-24,9614.01,Solstice Advanced Materials Inc.,2026-07-30,2026-06-30,2026-12-31,2026-06-30,86.66,58.38,,81.3,,58.38,,62.84,88.6,88.6,81.2857,90.5714,84.4286,,83.8333,63.3333,101.0,102.0,,94.0,75.0,102.0,102.0,72.0,80.0,70.0,,70.0,54.0,80.0,80.0,50.0,90.0,78.0,,84.5,60.5,90.0,90.0,57.5,90.8571,90.8571,58.5,48.58,SOLS
8310.09,2026-06-29,2026-03-31,2026-03-31,INE249Z01020,2293.8,2026-07-24,9598.51,Mazagon Dock Shipbuilders Limited,2026-07-30,2026-06-30,2027-03-31,2027-03-31,2493.0,2342.8,2959.5,2680.4,977.5,2342.8,131.7,2301.8,2496.6,2496.6,2751.1818,2831.3,2751.1818,2958.4,2768.1667,2975.0,3380.0,3380.0,3858.0,3407.0,3489.0,3380.0,3380.0,3856.0,2100.0,1950.0,2100.0,2100.0,2100.0,2100.0,2100.0,2100.0,2885.0,2770.0,3027.0,2717.0,3193.0,2885.0,2885.0,3193.0,2831.3,2831.3,3049.8333,2490.2,MAZDOCK
14574.95,2026-05-15,2025-12-31,2026-03-31,US9139031002,155.75,2026-07-24,9428.54,Universal Health Services Inc.,2026-07-27,2026-06-30,2026-12-31,2026-06-30,145.41,151.16,155.46,174.35,148.32,151.16,152.67,205.09,148.69,148.69,205.2353,213.8235,206.1765,224.2435,247.3529,250.3529,310.0,310.0,280.0,320.0,302.0,310.0,310.0,302.0,165.0,166.0,185.0,212.0,190.0,165.0,165.0,190.0,211.0,204.0,222.14,241.0,245.0,211.0,211.0,251.0,213.8235,213.8235,252.1765,218.02,UHS
13455.5,2026-05-15,2025-12-31,2026-03-31,US53190C1027,42.33,2026-07-24,9422.77,Life Time Group Holdings Inc.,2026-07-30,2026-06-30,2026-12-31,2026-06-30,38.87,42.15,29.09,27.26,21.53,42.15,,29.7,40.84,40.84,45.2143,41.3571,44.1429,38.0992,40.0,40.3636,45.0,60.0,45.0,45.0,45.0,60.0,60.0,45.0,34.0,34.0,28.0,33.0,33.0,34.0,34.0,33.0,42.5,43.0,38.0,40.5,41.0,43.0,43.0,41.0,43.6429,43.6429,39.9091,26.58,LTH
9255.82,2026-03-31,2025-12-31,2025-12-31,FR0013280286,69.9,2026-07-24,9374.64,bioMérieux S.A.,2026-07-28,2026-03-31,2026-12-31,2026-12-31,68.15,73.0,125.6,70.95,95.4,73.0,94.86,103.7,68.7,68.7,82.1857,84.7571,82.1857,123.5385,104.4692,122.2692,110.0,105.0,135.0,138.0,138.0,110.0,110.0,138.0,64.0,64.0,90.0,71.6,110.0,64.0,64.0,112.0,80.0,80.0,127.0,100.0,120.0,80.0,80.0,125.5,84.7571,84.7571,125.1786,110.3,BIM
11928.47,2026-03-31,2025-12-31,2025-12-31,FR0012757854,48.38,2026-07-24,9361.1,SPIE SA,2026-07-30,2026-03-31,2026-12-31,2026-12-31,50.55,47.7,48.1,48.66,28.74,47.7,20.68,46.92,50.4,50.4,57.1091,56.5455,56.6,45.65,54.4091,54.2273,61.0,61.0,50.0,60.0,60.0,61.0,61.0,60.0,50.0,50.0,33.0,46.0,46.0,50.0,50.0,46.0,56.0,57.5,46.75,56.0,55.0,56.0,56.0,54.0,56.5455,56.5455,53.35,49.26,SPIE
9978.18,2026-05-15,2025-12-31,2026-03-31,US4622221004,56.55,2026-07-24,9345.6,Ionis Pharmaceuticals Inc.,2026-07-29,2026-06-30,2026-12-31,2026-06-30,76.52,54.39,42.15,73.27,39.24,54.39,38.03,80.285,79.29,79.29,91.65,104.913,92.95,57.5815,98.7391,90.6255,130.0,125.0,83.0,130.0,116.76,130.0,130.0,116.76,74.0,68.0,37.0,47.0,47.0,75.0,75.0,47.0,105.0,91.0,58.0,104.0,95.0,106.0,106.0,93.0,105.913,105.913,87.9891,79.11,IONS
9149.76,2026-03-01,2025-06-30,2025-12-31,AU000000PLS0,4.14,2026-07-24,9313.37,PLS Group Limited,2026-07-30,2026-03-31,2026-06-30,2026-06-30,5.04,4.19,1.925,5.93,5.01,4.19,1.77,4.96,5.02,5.02,5.45,5.6912,5.5059,1.8559,4.8844,4.0559,7.7,7.3,3.0,6.5,5.45,7.7,7.7,4.8,3.0,3.0,1.1,2.5,2.4,3.0,3.0,2.1,6.1,6.0,1.9,5.225,4.15,6.0,6.0,3.25,5.6294,5.6294,3.3912,4.22,PLS
17820.13,2026-05-15,2025-12-31,2026-03-31,CLP371861061,85.49,2026-07-24,9283.73,Enel Américas S.A.,2026-07-29,2026-06-30,2026-12-31,2026-06-30,81.76,84.04,91.71,84.0,110.35,84.04,105.8,85.6,82.6,82.6,117.0585,109.5294,115.4316,107.3035,106.9871,108.593,120.5313,130.179,119.0195,122.7301,116.919,120.5313,120.5313,120.3061,96.0625,98.5641,99.4929,95.3586,98.3183,96.0625,96.0625,97.5209,110.5625,119.0208,101.3526,107.2784,111.6045,110.5625,110.5625,114.8377,109.5294,109.5294,109.916,85.66,ENELAM
13956.88,2026-05-13,2025-12-31,2026-03-29,CA3759161035,70.48,2026-07-24,9255.83,Gildan Activewear Inc.,2026-07-30,2026-06-29,2026-12-31,2026-06-29,77.02,75.74,71.14,80.05,41.5,75.74,43.32,91.69,73.12,73.12,106.5423,106.8241,106.0596,76.6459,103.5317,100.8814,131.5879,130.4886,83.4936,128.9882,129.2537,131.5879,131.5879,129.2537,87.3118,86.5824,68.8828,82.8069,88.3915,87.3118,87.3118,88.3915,106.5251,106.0192,78.2961,103.3866,95.3296,106.5251,106.5251,95.3296,106.8241,106.8241,100.8814,85.79,GIL
10419.15,2026-05-15,2025-12-31,2026-03-31,US34354P1057,72.4,2026-07-24,9253.23,Flowserve Corporation,2026-07-29,2026-06-30,2026-12-31,2026-06-30,72.93,68.46,54.36,83.22,37.47,68.46,41.7,77.88,74.16,74.16,88.5,90.0,88.5,64.7,96.1,82.2,100.0,100.0,75.0,102.0,90.0,100.0,100.0,85.0,83.0,70.0,60.0,86.0,74.0,70.0,70.0,60.0,91.0,91.0,64.5,97.5,81.5,91.0,91.0,80.0,88.5,88.5,78.2,69.38,FLS
9049.96,2026-05-15,2025-12-31,2026-03-31,US82706C1080,270.9,2026-07-24,9185.63,Silicon Motion Technology Corporation,2026-07-29,2026-06-30,2026-12-31,2026-06-30,321.66,264.325,73.84,153.46,52.37,264.325,61.99,112.93,333.33,333.33,298.2,273.7,281.2,79.0,157.2,119.0909,450.0,450.0,90.0,180.0,145.0,450.0,450.0,130.0,145.0,145.0,65.0,140.0,80.0,145.0,145.0,80.0,255.0,255.0,80.0,155.0,120.0,250.0,250.0,120.0,256.7,256.7,114.0,92.7,SIMO
11118.75,2026-05-15,2025-12-31,2026-03-31,US28618M1062,37.44,2026-07-24,9120.65,Element Solutions Inc,2026-07-27,2026-06-30,2026-12-31,2026-06-30,46.12,37.4,23.69,40.34,19.79,37.4,23.19,28.69,47.75,47.75,47.375,47.3,47.125,27.9636,40.1,32.7,52.0,50.0,31.0,43.0,35.0,52.0,52.0,35.0,44.0,44.0,24.6,37.0,29.0,44.0,44.0,29.0,47.0,47.5,28.0,40.0,33.5,47.0,47.0,32.0,47.3,47.3,32.0,24.99,ESI
8809.14,2026-05-18,2025-10-31,2026-04-03,US83088M1027,60.21,2026-07-24,9055.94,Skyworks Solutions Inc.,2026-07-28,2026-07-03,2026-10-31,2026-07-03,71.4,59.35,72.34,63.65,112.59,59.35,192.66,58.96,67.8,67.8,72.9375,73.0,72.9375,71.0325,66.9474,78.4,85.0,85.0,100.0,106.0,140.0,85.0,85.0,140.0,55.0,55.0,52.0,46.0,60.0,55.0,55.0,70.0,75.0,74.0,70.0,65.0,73.0,75.0,75.0,76.0,73.0,73.0,83.6316,63.41,SWKS
7950.68,2026-06-29,2026-03-31,2026-03-31,JP3263000006,7474.0,2026-07-24,9031.02,Kinden Corporation,2026-07-29,2026-06-30,2027-03-31,2027-03-31,8095.0,7084.0,4667.0,6932.0,1989.0,7084.0,1854.0,7485.0,7946.0,7946.0,9125.0,8325.0,8325.0,3951.6667,7542.8571,6542.8571,10200.0,10200.0,4900.0,9600.0,9600.0,10200.0,10200.0,7100.0,4500.0,4500.0,3100.0,4500.0,4500.0,4500.0,4500.0,4500.0,8825.0,8825.0,4055.0,8000.0,6700.0,8825.0,8825.0,6100.0,8325.0,8325.0,6033.3333,6793.0,1944
8845.23,2026-05-15,2025-12-31,2026-03-31,US3773221029,153.58,2026-07-24,9016.05,Glaukos Corporation,2026-07-29,2026-06-30,2026-12-31,2026-06-30,137.76,156.83,94.38,121.48,73.03,156.83,49.92,119.98,139.76,139.76,165.0,157.5,162.9167,122.3077,138.9167,130.7692,170.0,190.0,165.0,165.0,165.0,170.0,170.0,165.0,138.0,138.0,72.0,120.0,72.0,138.0,138.0,72.0,161.0,165.0,117.0,135.0,130.0,161.0,161.0,123.5,157.5,157.5,124.0714,112.91,GKOS
8682.09,2026-05-15,2025-12-31,2026-03-31,DE000A13SX22,71.3,2026-07-24,9007.64,HELLA GmbH & Co. KGaA,2026-07-30,2026-06-30,2026-12-31,2026-06-30,71.0,71.7,88.3,68.5,73.0,71.7,58.34,81.1,71.4,71.4,65.0,65.0,65.0,70.0,65.0,65.0,70.0,70.0,70.0,70.0,70.0,70.0,70.0,70.0,60.0,60.0,70.0,60.0,60.0,60.0,60.0,70.0,65.0,65.0,70.0,65.0,65.0,65.0,65.0,70.0,65.0,65.0,70.0,82.6,HLE
10698.99,2026-03-31,2025-12-31,2025-12-31,GB0009465807,26.16,2026-07-24,8989.31,The Weir Group PLC,2026-07-29,2026-03-31,2026-12-31,2026-12-31,23.82,24.82,26.66,29.96,17.72,24.82,18.995,31.78,24.04,24.04,32.5167,32.6929,32.5167,27.05,34.09,31.6905,40.0,40.0,30.1,40.0,36.5,40.0,40.0,35.0,25.0,25.0,23.2,26.0,25.9,25.0,25.0,25.9,33.0,33.0,27.1,34.95,32.8,33.0,33.0,31.75,32.6929,32.6929,31.229,28.46,WEIR
8803.05,2026-05-15,2025-12-31,2026-03-31,US5627501092,151.67,2026-07-24,8973.5,Manhattan Associates Inc.,2026-07-28,2026-06-30,2026-12-31,2026-06-30,130.87,163.19,220.28,142.35,192.17,163.19,149.16,174.02,139.25,139.25,185.4546,184.0,184.0,225.212,188.3636,219.5454,240.0,240.0,250.0,240.0,250.0,240.0,240.0,250.0,145.0,145.0,200.0,145.0,165.0,145.0,145.0,180.0,186.0,186.0,225.5,186.0,225.0,186.0,186.0,230.0,184.0,184.0,223.0909,173.31,MANH
9230.3,2026-08-14,2026-03-31,2026-06-30,INE947Q01028,1601.2,2026-07-24,8967.22,Laurus Labs Limited,2026-07-24,2026-09-30,2027-03-31,2026-09-30,1454.2,1529.8,836.5,1113.45,348.65,1529.8,647.8,1016.4,1517.4,1517.4,1162.4615,1055.1538,1089.7692,597.6923,974.2143,903.4667,1370.0,1720.0,860.0,1270.0,1230.0,1370.0,1370.0,1115.0,510.0,510.0,293.0,510.0,293.0,510.0,510.0,293.0,1130.0,1130.0,641.0,1042.5,900.0,1130.0,1130.0,845.0,1055.1538,1055.1538,821.9286,1108.0,LAURUSLABS
9525.91,2026-05-15,2025-12-31,2026-03-31,GRS260333000,20.02,2026-07-24,8956.04,Hellenic Telecommunications Organization S.A.,2026-07-29,2026-06-30,2026-12-31,2026-06-30,19.11,19.8,15.25,18.3,14.41,19.8,14.72,16.4,19.43,19.43,20.2385,19.9077,19.9077,17.6615,19.8429,19.0,23.0,23.0,20.3,23.0,23.0,23.0,23.0,23.0,17.2,17.2,15.1,17.2,16.1,17.2,17.2,16.1,20.0,20.0,17.2,19.75,19.15,20.0,20.0,18.35,19.9077,19.9077,18.8,16.86,HTO
24790.57,2026-05-15,2025-12-31,2026-03-31,BMG667211046,19.37,2026-07-24,8892.96,Norwegian Cruise Line Holdings Ltd.,2026-07-30,2026-06-30,2026-12-31,2026-06-30,21.01,19.46,23.5,18.51,20.81,19.46,24.87,20.93,21.11,21.11,21.76,21.3333,21.72,26.6044,24.6591,27.7046,32.0,32.0,36.0,38.0,40.0,32.0,32.0,40.0,14.0,15.0,18.0,18.0,19.0,14.0,14.0,19.0,20.5,22.0,26.0,25.0,27.0,20.5,20.5,26.0,21.3333,21.3333,27.3864,22.32,NCLH
7329.73,2026-06-29,2026-03-31,2026-03-31,JP3862400003,5623.0,2026-07-24,8842.06,Makita Corporation,2026-07-29,2026-06-30,2027-03-31,2027-03-31,5813.0,5568.0,4676.0,5367.0,3998.0,5568.0,5680.0,4762.0,5791.0,5791.0,6626.9231,6626.9231,6626.9231,5259.2308,6086.4286,5540.7143,8100.0,8100.0,6000.0,7000.0,6400.0,8100.0,8100.0,6400.0,4500.0,4500.0,4400.0,4500.0,4200.0,4500.0,4500.0,4500.0,7000.0,7000.0,5300.0,6320.0,5710.0,7000.0,7000.0,5710.0,6626.9231,6626.9231,5583.5714,4737.0,6586
9885.28,2026-05-15,2025-12-31,2026-03-31,IE00B56GVS15,52.89,2026-07-24,8815.48,Alkermes plc,2026-07-28,2026-06-30,2026-12-31,2026-06-30,50.45,52.72,26.53,33.31,31.79,52.72,24.48,33.61,52.395,52.395,53.5882,47.6875,51.5882,41.4375,44.2353,43.6875,60.0,65.0,54.0,58.0,58.0,65.0,65.0,58.0,34.0,34.0,30.0,30.0,30.0,34.0,34.0,30.0,46.5,48.0,41.5,43.0,44.5,48.0,48.0,45.0,49.4375,49.4375,43.875,27.98,ALKS
8594.41,2026-05-15,2025-12-31,2026-03-31,KYG014081064,1425.0,2026-07-24,8806.08,Airtac International Group,2026-07-28,2026-06-30,2026-12-31,2026-06-30,1360.0,1335.0,868.0,1410.0,952.0,1335.0,939.0,1025.0,1335.0,1335.0,1716.3333,1708.1667,1708.1667,1053.6843,1313.1111,1115.6667,2000.0,2000.0,1240.0,1710.0,1300.0,2000.0,2000.0,1300.0,980.0,980.0,830.0,900.0,860.0,980.0,980.0,860.0,1787.5,1787.5,1060.0,1305.0,1130.0,1787.5,1787.5,1130.0,1708.1667,1708.1667,1109.5556,930.0,1590
8615.95,2026-01-14,2025-06-30,2025-11-30,GB0003718474,199.4,2026-07-24,8777.54,Games Workshop Group PLC,2026-07-28,2026-02-28,2026-06-30,2026-02-28,218.0,202.6,156.0,194.6,113.1,202.6,119.4,178.3,216.0,216.0,202.8333,202.8333,202.8333,150.35,196.1667,196.1667,220.0,220.0,167.55,218.5,218.5,220.0,220.0,210.0,170.0,170.0,118.5,170.0,170.0,170.0,170.0,170.0,218.5,218.5,165.0,200.0,200.0,218.5,218.5,180.0,202.8333,202.8333,186.6667,189.2,GAW
11299.14,2026-05-15,2025-12-31,2026-03-31,US0010841023,121.21,2026-07-24,8776.64,AGCO Corporation,2026-07-30,2026-06-30,2026-12-31,2026-06-30,114.58,115.33,110.51,116.13,138.06,115.33,125.44,113.79,119.7,119.7,129.8667,128.0,129.7333,110.8929,128.2857,118.5,152.0,160.0,140.0,152.0,145.0,152.0,152.0,145.0,105.0,105.0,84.0,102.0,93.0,105.0,105.0,93.0,127.5,130.0,112.25,130.0,117.5,127.5,127.5,117.5,128.0,128.0,117.6429,104.32,AGCO
8822.05,2026-06-29,2026-03-31,2026-03-31,INE935N01020,13846.0,2026-07-24,8774.03,Dixon Technologies (India) Limited,2026-07-30,2026-06-30,2027-03-31,2027-03-31,12086.0,14329.0,16768.0,10815.5,4014.85,14329.0,4550.4,10360.0,11920.0,11920.0,13192.5517,11946.6207,13192.5517,17347.5667,12302.9643,15958.4333,15200.0,16700.0,22100.0,16600.0,20600.0,15200.0,15200.0,23000.0,8157.0,8157.0,9085.0,8157.0,9085.0,8157.0,8157.0,9085.0,12092.0,13500.0,18055.5,12562.5,16599.0,12092.0,12092.0,18500.0,11946.6207,11946.6207,17784.4,12102.0,DIXON
8187.74,2026-05-15,2025-12-31,2026-03-31,CA26139R1091,52.45,2026-07-24,8757.42,DPM Metals Inc.,2026-07-30,2026-06-30,2026-12-31,2026-06-30,44.68,46.99,23.19,49.16,9.58,46.99,7.19,50.29,46.06,46.06,62.4282,65.0171,63.7699,26.964,62.8131,50.1198,79.7301,78.8318,34.1797,79.0073,59.8431,79.8648,79.8648,52.0437,53.1728,52.5554,23.3022,54.0443,42.4887,53.0079,53.0079,41.421,63.4442,61.4699,26.3353,62.4015,49.6544,63.5514,63.5514,45.3633,65.1057,65.1057,46.2293,42.42,DPM
8571.39,2026-05-15,2025-12-31,2026-03-31,KYG0535Q1331,163.4,2026-07-24,8738.87,ASMPT Limited,2026-07-28,2026-06-30,2026-12-31,2026-06-30,200.8,161.3,70.2,165.2,76.8,161.3,102.5,104.2,238.8,238.8,199.3944,178.9667,199.3944,78.4944,165.85,100.35,310.0,310.0,100.0,200.0,135.0,310.0,310.0,125.0,73.7,73.7,67.0,73.7,73.7,73.7,73.7,73.7,182.5,200.0,75.8,180.0,96.5,182.5,182.5,95.0,178.9667,178.9667,94.5722,77.45,522
9792.65,2026-05-15,2025-12-31,2026-03-31,KR7272210006,68200.0,2026-07-24,8729.57,Hanwha Systems Co. Ltd.,2026-07-28,2026-06-30,2026-12-31,2026-06-30,73600.0,61100.0,57100.0,126100.0,14800.0,61100.0,16950.0,87600.0,73000.0,73000.0,119318.1818,130318.1818,119318.1818,47192.3077,86875.0,63607.1429,169000.0,160000.0,68500.0,160000.0,94500.0,169000.0,169000.0,76000.0,65000.0,65000.0,34000.0,48000.0,38000.0,65000.0,65000.0,38000.0,145000.0,125000.0,44000.0,71500.0,63500.0,145000.0,145000.0,63500.0,130318.1818,130318.1818,61642.8571,54400.0,A272210
11336.67,2026-05-15,2025-12-31,2026-03-31,KR7003670007,141600.0,2026-07-24,8621.31,Posco Future M Co. Ltd.,2026-07-29,2026-06-30,2026-12-31,2026-06-30,160600.0,136800.0,148600.0,249500.0,486000.0,136800.0,152500.0,229500.0,175600.0,175600.0,196111.1111,199423.0769,197222.2222,138769.2308,196423.0769,182019.2308,320000.0,320000.0,200000.0,370000.0,300000.0,320000.0,320000.0,300000.0,96000.0,96000.0,70000.0,96000.0,96000.0,96000.0,96000.0,80000.0,195000.0,190000.0,140000.0,205000.0,175000.0,195000.0,195000.0,185000.0,199423.0769,199423.0769,186500.0,187000.0,A003670
7918.6,2026-05-15,2025-12-31,2026-03-31,AT0000730007,77.3,2026-07-24,8613.2,Andritz AG,2026-07-30,2026-06-30,2026-12-31,2026-06-30,78.4,73.9,66.65,68.6,48.82,73.9,46.96,71.8,75.6,75.6,84.5,82.8333,84.5,71.125,80.0,75.6,92.0,92.0,80.0,90.0,82.3,92.0,92.0,82.3,72.0,72.0,43.0,72.0,71.0,72.0,72.0,71.0,83.0,86.5,73.5,78.5,74.0,83.0,83.0,74.0,82.8333,82.8333,75.6,66.75,ANDR
7715.22,2026-06-29,2026-03-31,2026-03-31,JP3218900003,3364.0,2026-07-24,8587.29,Capcom Co. Ltd.,2026-07-28,2026-06-30,2027-03-31,2027-03-31,2947.5,3412.0,4315.0,3465.0,3260.0,3412.0,1562.5,3555.0,3012.0,3012.0,4186.4706,4236.4706,4186.4706,4611.3333,4325.2941,4536.25,4950.0,4780.0,5400.0,4950.0,5000.0,4950.0,4950.0,5300.0,3500.0,3500.0,3800.0,3400.0,3700.0,3500.0,3500.0,3700.0,4300.0,4200.0,4550.0,4440.0,4600.0,4300.0,4300.0,4600.0,4218.8235,4218.8235,4580.0,3651.0,9697
8714.66,2026-06-25,2026-03-31,2026-03-27,US01749D1054,46.03,2026-07-24,8575.81,Allegro MicroSystems Inc.,2026-07-30,2026-06-27,2027-03-31,2027-03-27,55.42,46.48,32.76,44.13,47.88,46.48,26.17,32.99,69.62,69.62,56.5455,55.7273,56.5455,34.6746,46.0833,38.9167,70.0,67.0,45.0,51.0,49.0,70.0,70.0,49.0,48.0,48.0,23.0,44.0,35.0,48.0,48.0,35.0,55.0,55.0,37.0,45.0,38.0,55.0,55.0,37.0,56.9091,56.9091,38.4167,26.38,ALGM
9191.27,2026-05-15,2025-12-31,2026-03-31,US7672921050,22.53,2026-07-24,8519.75,Riot Platforms Inc.,2026-07-29,2026-06-30,2026-12-31,2026-06-30,27.42,18.26,14.69,18.61,17.43,18.26,28.1,17.28,27.38,27.38,29.76,28.548,29.498,16.4333,25.4389,26.4695,45.0,45.0,25.0,42.0,42.0,45.0,45.0,42.0,20.0,20.0,11.0,12.9,13.92,20.0,20.0,16.0,28.0,28.25,16.0,25.0,26.0,28.25,28.25,26.0,29.148,29.148,26.4444,12.67,RIOT
9699.24,2026-05-15,2025-12-31,2026-03-31,US0383361039,132.36,2026-07-24,8447.26,AptarGroup Inc.,2026-07-30,2026-06-30,2026-12-31,2026-06-30,124.28,132.61,161.82,124.08,119.73,132.61,136.24,126.0,125.2,125.2,165.4286,160.4286,165.4286,176.8333,162.7143,159.1429,220.0,220.0,205.0,220.0,220.0,220.0,220.0,220.0,140.0,140.0,160.0,144.0,133.0,140.0,140.0,133.0,150.0,160.0,175.0,156.0,150.0,150.0,150.0,158.0,160.4286,160.4286,161.4286,121.96,ATR
9989.18,2026-06-29,2026-03-31,2026-03-31,FR0010220475,16.01,2026-07-24,8421.24,Alstom SA,2026-07-30,2026-06-30,2027-03-31,2027-03-31,15.905,15.705,22.07,16.52,27.42,15.705,36.98,26.78,15.215,15.215,21.5714,21.6786,21.75,22.76,22.4333,26.275,28.0,28.0,33.0,28.0,33.4,28.0,28.0,33.4,10.0,10.0,9.0,10.0,11.5,10.0,10.0,10.0,22.0,22.0,22.5,23.0,26.0,22.0,22.0,25.0,21.6786,21.6786,24.86,25.17,ALO
16349.24,2026-05-15,2025-12-31,2026-03-31,KW0EQ0601058,0.602,2026-07-26,8402.87,Mobile Telecommunications Company K.S.C.P.,2026-07-30,2026-06-30,2026-12-31,2026-06-30,0.599,0.599,0.519,0.562,0.521,0.599,,0.512,0.61,0.61,0.6423,0.6423,0.6423,0.595,0.6407,0.6333,0.8,0.8,0.7,0.85,0.8,0.8,0.8,0.738,0.53,0.53,0.5,0.53,0.53,0.53,0.53,0.53,0.63,0.63,0.585,0.61,0.59,0.63,0.63,0.59,0.6423,0.6423,0.6161,0.519,ZAIN
8830.22,2026-05-15,2025-12-31,2026-03-31,US8318652091,60.78,2026-07-24,8377.22,A. O. Smith Corporation,2026-07-30,2026-06-30,2026-12-31,2026-06-30,60.18,58.85,73.94,64.38,75.42,58.85,69.63,72.46,62.72,62.72,70.5455,70.4545,70.4545,75.6246,78.3,78.2727,84.0,84.0,84.0,100.0,100.0,84.0,84.0,100.0,59.0,59.0,61.0,61.0,63.0,59.0,59.0,62.0,70.0,70.0,76.0,75.5,76.0,70.0,70.0,76.0,70.4545,70.4545,78.5,66.88,AOS
15291.61,2026-05-15,2025-12-31,2026-03-31,IT0001233417,2.353,2026-07-24,8370.63,A2A S.p.A.,2026-07-30,2026-06-30,2026-12-31,2026-06-30,2.265,2.348,2.175,2.391,1.7095,2.348,1.763,2.48,2.26,2.26,2.8343,2.82,2.82,2.4667,2.7925,2.7429,3.14,3.14,2.7,3.14,3.2,3.14,3.14,3.2,2.5,2.5,2.4,2.4,2.4,2.5,2.5,2.4,2.8,2.8,2.4,2.8,2.7,2.8,2.8,2.7,2.82,2.82,2.6833,2.31,A2A
9262.11,2026-05-15,2025-12-31,2026-03-31,US4282911084,110.28,2026-07-24,8318.11,Hexcel Corporation,2026-07-29,2026-06-30,2026-12-31,2026-06-30,95.48,103.81,62.36,89.39,74.7,103.81,57.72,84.15,100.06,100.06,98.9286,94.6429,98.9286,61.3569,88.2,81.0714,105.0,116.0,71.0,104.0,99.0,113.0,113.0,92.0,79.0,81.0,52.0,71.0,60.0,79.0,79.0,60.0,96.0,97.5,60.855,90.0,83.5,96.0,96.0,79.5,95.2143,95.2143,76.8571,73.9,HXL
8909.51,2026-05-15,2025-12-31,2026-03-31,CA2849025093,44.99,2026-07-24,8312.6,Eldorado Gold Corporation,2026-07-30,2026-06-30,2026-12-31,2026-06-30,42.25,39.16,27.93,43.78,14.43,39.16,11.55,63.3,44.14,44.14,58.2776,60.9706,61.0417,33.0454,68.215,62.2926,82.0589,82.0677,39.7428,83.9572,75.4346,82.0589,82.0589,63.0529,43.8377,46.6149,28.3229,52.0506,45.7007,43.8377,43.8377,39.8394,61.0437,60.1796,31.8699,66.4577,66.1527,61.0437,61.0437,53.3743,60.9706,60.9706,52.6328,49.33,ELD
7238.61,2026-03-31,2025-12-31,2025-12-31,IT0001347308,40.7,2026-07-24,8272.47,Buzzi S.p.A.,2026-07-31,2026-03-31,2026-12-31,2026-12-31,45.57,42.38,45.52,46.76,24.5,42.38,22.14,49.6,44.79,44.79,52.7437,53.16,52.7437,49.0,53.56,53.86,59.0,59.0,58.0,60.0,65.0,59.0,59.0,58.0,45.0,45.0,26.0,45.4,45.0,45.0,45.0,44.0,54.0,54.0,50.0,54.0,55.0,54.0,54.0,55.0,53.16,53.16,52.5692,52.0,BZU
22615.55,2026-03-31,2025-12-31,2025-12-31,SG1B51001017,26.95,2026-07-24,8252.4,Jardine Cycle & Carriage Limited,2026-07-30,2026-03-31,2026-12-31,2026-12-31,26.72,27.12,27.06,33.2,33.29,27.12,20.89,34.93,26.92,26.92,30.1802,32.3364,30.2118,23.3944,33.3825,29.1106,39.442,35.5292,24.7862,38.7891,34.0353,39.442,39.442,34.0259,24.7074,24.8727,21.5341,29.7293,23.485,24.7074,24.7074,23.5836,33.3104,30.1945,23.97,32.8437,29.461,33.3104,33.3104,29.4633,32.3364,32.3364,29.134,33.84,C07
10492.01,2026-05-15,2025-12-31,2026-03-31,BE0974464977,71.05,2026-07-24,8237.32,Syensqo SA/NV,2026-07-30,2026-06-30,2026-12-31,2026-06-30,65.2,68.35,70.88,55.6,,68.35,,72.58,64.6,64.6,71.3529,68.6667,69.8824,81.9375,63.9722,80.8889,79.0,79.0,95.0,82.0,93.0,79.0,79.0,94.0,50.0,50.0,70.0,50.0,70.0,50.0,50.0,70.0,70.5,72.0,79.5,65.5,80.0,71.5,71.5,79.0,69.0,69.0,81.5882,68.56,SYENS
11910.43,2026-05-15,2025-12-31,2026-03-31,US4511071064,148.57,2026-07-24,8232.0,IDACORP Inc.,2026-07-30,2026-06-30,2026-12-31,2026-06-30,147.27,148.73,122.77,146.06,105.82,148.73,104.75,132.16,151.3,151.3,158.9,152.5,153.8,126.2857,152.4444,141.1111,167.0,167.0,133.0,166.0,157.0,167.0,167.0,157.0,121.0,121.0,120.0,121.0,118.0,121.0,121.0,129.0,156.5,156.5,127.0,158.0,144.0,156.5,156.5,139.5,153.0,153.0,140.5,126.56,IDA
9116.02,2026-05-13,2025-09-30,2026-03-29,US88162G1031,31.71,2026-07-24,8229.53,Tetra Tech Inc.,2026-07-29,2026-06-29,2026-09-30,2026-06-29,28.58,31.59,38.27,31.24,33.72,31.59,25.972,36.97,28.89,28.89,39.5,40.8333,40.3333,42.0,41.1667,42.5,48.0,48.0,48.0,48.0,48.0,48.0,48.0,48.0,35.0,35.0,39.0,34.0,38.0,35.0,35.0,38.0,40.5,40.0,41.0,42.0,42.5,40.5,40.5,42.5,40.8333,40.8333,42.5,33.54,TTEK
7969.16,2026-03-31,2025-12-31,2025-12-31,FR0011726835,195.0,2026-07-24,8217.83,Gaztransport & Technigaz SA,2026-07-28,2026-03-31,2026-12-31,2026-12-31,186.3,186.3,159.4,197.8,99.0,186.3,65.4,179.1,185.9,185.9,217.0909,217.0909,217.0909,174.3333,206.3636,192.0,245.0,245.0,196.0,238.0,225.0,245.0,245.0,210.0,177.0,177.0,145.0,150.0,145.0,177.0,177.0,145.0,225.0,225.0,177.5,210.0,196.0,225.0,225.0,193.0,217.0909,217.0909,186.3333,156.6,GTT
10526.18,2026-05-15,2025-12-31,2026-03-31,LU2910446546,31.15,2026-07-24,8197.24,Zabka Group S.A.,2026-07-30,2026-06-30,2026-12-31,2026-06-30,26.32,33.67,21.15,24.3,,33.67,,22.14,27.2,27.2,27.5313,27.0733,27.5938,26.34,26.9643,26.9846,34.0,34.0,35.0,34.0,34.0,34.0,34.0,34.0,19.6,19.6,22.0,19.6,19.6,19.6,19.6,19.6,27.5,27.75,26.0,27.0,27.0,27.5,27.5,27.0,27.0733,27.0733,26.8462,22.9,ZAB
9686.16,2026-05-15,2025-12-31,2026-03-31,KR7000720003,106200.0,2026-07-24,8130.68,Hyundai Engineering & Construction Co.Ltd.,2026-07-28,2026-06-30,2026-12-31,2026-06-30,103300.0,91000.0,66800.0,171400.0,37250.0,91000.0,54700.0,105900.0,114200.0,114200.0,191190.4762,199000.0,190333.3333,84475.0,180315.7895,107578.9474,300000.0,300000.0,110000.0,300000.0,140000.0,300000.0,300000.0,100000.0,121000.0,121000.0,39000.0,86000.0,62000.0,121000.0,121000.0,62000.0,200000.0,190000.0,90500.0,191000.0,110000.0,200000.0,200000.0,86500.0,199000.0,199000.0,86500.0,70100.0,A000720
7839.02,2026-05-12,2025-12-31,2026-03-28,US3463751087,104.04,2026-07-24,8110.41,FormFactor Inc.,2026-07-29,2026-06-28,2026-12-31,2026-06-28,141.42,105.57,34.24,155.08,34.26,105.57,36.32,73.2,159.93,159.93,144.6667,144.6667,144.6667,37.375,96.0,65.375,175.0,175.0,45.0,150.0,96.0,175.0,175.0,78.0,64.0,64.0,30.0,64.0,44.0,64.0,64.0,42.0,155.0,155.0,34.5,80.0,60.0,155.0,155.0,55.0,144.6667,144.6667,56.7778,55.78,FORM
10465.19,2026-05-15,2025-12-31,2026-03-31,SA0007870054,32.98,2026-07-26,8107.31,The National Shipping Company of Saudi Arabia,2026-07-30,2026-06-30,2026-12-31,2026-06-30,33.4,33.14,22.4,33.3,17.744,33.14,,30.52,31.9,31.9,42.3667,40.7,42.3667,,37.2,32.0,49.1,49.1,,43.6,33.0,49.1,49.1,31.0,35.0,38.0,,33.0,31.0,35.0,35.0,31.0,38.0,40.0,,35.0,32.0,38.0,38.0,31.0,40.7,40.7,31.0,28.98,4030
66633.57,2026-03-31,2025-12-31,2025-12-31,FR0000131906,26.14,2026-07-24,8083.26,Renault SA,2026-07-30,2026-03-31,2026-12-31,2026-12-31,26.61,26.14,33.75,29.76,40.0,26.14,31.215,32.32,25.08,25.08,38.385,39.635,38.385,52.0556,40.085,43.27,64.8,64.8,80.0,64.8,64.8,64.8,64.8,63.7,28.0,25.0,38.0,28.0,28.0,28.0,28.0,28.0,38.2,36.5,48.0,39.2,42.3,38.2,38.2,45.0,39.635,39.635,45.7368,35.42,RNO
8351.96,2026-05-15,2025-12-31,2026-03-31,US98983L1089,48.38,2026-07-24,8073.26,Zurn Elkay Water Solutions Corporation,2026-07-28,2026-06-30,2026-12-31,2026-06-30,50.2,47.73,37.83,52.47,27.1,47.73,52.78,46.8,50.53,50.53,56.2,56.2222,56.5,38.5714,55.6667,51.2222,65.0,65.0,43.0,65.0,58.0,65.0,65.0,58.0,52.0,52.0,36.0,50.0,45.0,52.0,52.0,45.0,56.0,56.0,39.0,56.0,52.0,56.0,56.0,51.5,56.2222,56.2222,51.25,46.49,ZWS
7689.06,2026-06-29,2026-03-31,2026-03-31,INE377N01017,2702.0,2026-07-24,8062.79,Waaree Energies Limited,2026-07-29,2026-06-30,2027-03-31,2027-03-31,3028.8,2840.7,3242.5,3305.7,,2840.7,,2599.3,2947.0,2947.0,3490.4,3605.6667,3490.4,2607.25,3457.5385,3461.4545,4400.0,4375.0,3622.0,4416.0,4400.0,4400.0,4400.0,4400.0,2395.0,2395.0,2087.0,2109.0,2109.0,2395.0,2395.0,2087.0,3718.0,3713.0,2360.0,3600.0,3691.0,3718.0,3718.0,3943.0,3582.4,3582.4,3530.0909,2968.1,WAAREEENER
7890.96,2026-06-29,2026-03-31,2026-03-31,INE262H01021,5200.5,2026-07-24,8051.8,Persistent Systems Limited,2026-08-01,2026-06-30,2027-03-31,2027-03-31,4928.5,5183.9,5174.0,4747.3,2386.95,5183.9,1519.575,6155.0,4326.5,4326.5,5090.7059,5596.6471,5090.7059,5848.0,5610.7273,6817.5429,6600.0,6566.0,7637.0,6600.0,8865.0,6566.0,6566.0,8270.0,3611.0,3145.0,3675.0,3611.0,4375.0,3749.0,3749.0,3694.0,5900.0,5175.0,5956.0,5900.0,6800.0,5500.0,5500.0,6140.0,5411.9394,5411.9394,6106.3429,6272.0,PERSISTENT
7649.81,2026-05-15,2025-12-31,2026-03-31,CA32076V1031,22.99,2026-07-24,8050.38,First Majestic Silver Corp.,2026-07-30,2026-06-30,2026-12-31,2026-06-30,22.82,22.17,11.82,28.07,8.73,22.17,16.15,34.82,24.08,24.08,34.75,38.5,36.5,13.625,38.5,31.5,45.0,42.0,15.0,45.0,36.0,45.0,45.0,29.0,35.0,32.0,11.5,35.0,26.0,35.0,35.0,22.0,37.0,36.0,14.0,37.0,32.0,37.0,37.0,24.75,38.5,38.5,25.125,22.9,AG
13690.3,2026-03-31,2025-12-31,2025-12-31,ES0105563003,21.68,2026-07-24,8001.84,Corporación Acciona Energías Renovables S.A.,2026-07-30,2026-03-31,2026-12-31,2026-12-31,23.5,21.34,24.48,22.02,29.0,21.34,29.61,21.34,23.14,23.14,23.2238,23.1476,23.2238,22.4762,22.6225,22.7548,28.1,28.3,29.1,26.7,28.0,28.3,28.3,28.0,17.0,17.0,17.5,17.0,18.0,17.0,17.0,18.0,23.0,23.0,23.0,22.2,22.6,23.0,23.0,22.6,23.2238,23.2238,22.5024,22.4,ANE
13182.99,2026-05-15,2025-12-31,2026-03-31,CA14042M1023,71.74,2026-07-24,7981.9,Capital Power Corporation,2026-07-29,2026-06-30,2026-12-31,2026-06-30,74.44,71.46,61.94,67.25,41.88,71.46,41.08,58.8,73.91,73.91,77.7308,74.6539,76.7308,65.8182,74.625,74.7083,82.0,88.0,76.0,82.0,82.0,82.0,82.0,81.0,52.5,52.5,60.0,51.5,51.5,52.5,52.5,51.5,78.0,80.0,65.0,77.0,77.0,78.0,78.0,77.0,74.6539,74.6539,74.4583,58.55,CPX
8116.63,2026-05-15,2025-12-31,2026-03-31,US8290731053,193.88,2026-07-24,7975.9,Simpson Manufacturing Co. Inc.,2026-07-27,2026-06-30,2026-12-31,2026-06-30,206.58,189.2,163.55,181.57,149.8,189.2,111.6,182.25,209.35,209.35,217.8,217.8,217.8,185.6667,210.2,194.75,230.0,230.0,195.0,230.0,212.0,230.0,230.0,212.0,210.0,210.0,180.0,200.0,187.0,210.0,210.0,187.0,217.0,217.0,182.0,205.0,190.0,217.0,217.0,190.0,217.8,217.8,194.75,161.47,SSD
10779.21,2026-05-15,2025-12-31,2026-03-31,IT0005278236,6.465,2026-07-24,7974.71,Pirelli & C. S.p.A.,2026-07-29,2026-06-30,2026-12-31,2026-06-30,6.45,6.965,5.874,5.91,4.7,6.965,5.09,6.49,6.615,6.615,7.1,7.06,7.1,6.7154,7.0407,6.9673,7.6,7.6,7.4,7.6,8.0,7.6,7.6,7.6,6.4,6.4,5.2,6.4,6.1,6.4,6.4,5.2,7.0,7.0,6.8,7.0,7.0,7.0,7.0,6.9,7.06,7.06,6.6842,5.856,PIRC
10331.59,2026-05-15,2025-12-31,2026-03-31,US8807791038,69.83,2026-07-24,7974.59,Terex Corporation,2026-07-30,2026-06-30,2026-12-31,2026-06-30,70.1,65.39,52.0,62.59,61.12,65.39,45.8,59.59,72.39,72.39,79.4583,76.4583,79.0417,52.2273,75.875,64.753,95.0,100.0,66.0,95.0,77.0,95.0,95.0,77.0,65.0,65.0,33.0,60.0,50.0,65.0,65.0,50.0,77.0,80.0,52.0,76.0,64.015,77.0,77.0,63.0,76.4583,76.4583,61.203,53.38,TEX
9082.2,2026-05-15,2025-12-31,2026-03-31,US4972661064,148.65,2026-07-24,7952.77,Kirby Corporation,2026-07-29,2026-06-30,2026-12-31,2026-06-30,137.13,144.16,115.99,150.6,76.91,144.16,59.21,128.7,135.97,135.97,170.1667,166.3333,170.1667,131.0,154.0,138.5,175.0,182.0,141.0,160.0,148.0,175.0,175.0,131.0,158.0,158.0,124.0,138.0,122.0,158.0,158.0,119.0,167.5,170.5,125.0,156.5,141.0,167.5,167.5,126.0,166.3333,166.3333,125.8333,110.18,KEX
8001.37,2026-05-15,2025-12-31,2026-03-31,US2044481040,30.91,2026-07-24,7850.73,Compañía de Minas Buenaventura S.A.A.,2026-07-30,2026-06-30,2026-12-31,2026-06-30,29.75,30.24,17.78,32.76,7.49,30.24,8.6,37.1,29.29,29.29,37.7833,40.1167,38.1167,17.3167,40.08,28.65,50.0,50.0,20.0,50.0,32.0,50.0,50.0,32.0,27.4,27.4,14.4,27.4,24.0,27.4,27.4,24.0,42.65,37.25,17.25,44.0,28.7,42.65,42.65,26.5,40.1167,40.1167,27.1667,27.83,BVN
7389.19,2026-06-29,2026-03-31,2026-03-31,JP3429800000,2951.0,2026-07-24,7844.48,ANA Holdings Inc.,2026-07-29,2026-06-30,2027-03-31,2027-03-31,3000.0,3027.0,2941.0,2667.0,3397.0,3027.0,2659.0,3000.0,2968.0,2968.0,3402.5,3265.0,3402.5,3419.1667,3375.8333,3582.7273,3600.0,4100.0,4100.0,3900.0,4300.0,3600.0,3600.0,4300.0,2700.0,2700.0,3000.0,2800.0,3000.0,2700.0,2700.0,3000.0,3250.0,3450.0,3440.0,3300.0,3400.0,3250.0,3250.0,3400.0,3277.5,3277.5,3525.8333,2979.0,9202
10239.05,2026-05-30,2025-09-30,2026-03-31,US6361801011,82.49,2026-07-24,7839.47,National Fuel Gas Company,2026-07-29,2026-06-30,2026-09-30,2026-09-30,76.63,80.94,87.18,88.18,51.87,80.94,51.14,81.67,77.21,77.21,98.5,101.5,98.5,94.5,102.0,97.3333,110.0,110.0,107.0,110.0,101.0,110.0,110.0,106.0,93.0,87.0,86.0,97.0,92.0,93.0,93.0,96.0,101.5,98.5,92.5,99.0,99.0,101.5,101.5,102.0,101.5,101.5,101.3333,80.06,NFG
13030.39,2026-05-15,2025-12-31,2026-03-31,US12008R1077,72.86,2026-07-24,7836.81,Builders FirstSource Inc.,2026-07-30,2026-06-30,2026-12-31,2026-06-30,85.41,74.26,132.79,90.04,138.25,74.26,45.36,122.36,89.48,89.48,97.1429,97.3809,98.1905,143.4211,118.0952,130.5714,133.0,133.0,181.0,150.0,150.0,133.0,133.0,166.0,76.0,70.0,118.0,84.0,95.0,76.0,76.0,103.0,95.0,95.0,140.0,114.0,136.0,95.0,95.0,135.0,97.3809,97.3809,132.0952,102.89,BLDR
4172.68,2026-04-14,2025-05-31,2026-02-28,US6475812060,49.24,2026-07-24,7836.34,New Oriental Education & Technology Group Inc.,2026-07-29,2026-05-28,2026-05-31,2026-05-28,44.97,49.15,45.52,51.7,48.99,49.15,29.3,57.67,45.91,45.91,70.6076,70.6076,70.6076,62.9441,69.4014,64.4874,86.26,86.26,77.0,82.0,78.6,86.26,86.26,78.6,49.0,49.0,33.0,50.0,46.9,49.0,49.0,46.9,72.0,72.0,63.1,69.9,67.31,72.0,72.0,67.31,70.6076,70.6076,64.4874,55.03,EDU
21096.48,2026-03-31,2025-12-31,2025-12-31,CH0023405456,46.8,2026-07-24,7814.72,Avolta AG,2026-07-30,2026-03-31,2026-12-31,2026-12-31,54.25,47.78,43.46,45.96,42.0,47.78,48.2,48.2,54.0,54.0,52.75,51.9375,52.75,48.1615,53.125,50.2067,60.0,60.0,58.0,63.0,61.0,60.0,60.0,61.0,45.0,45.0,41.0,45.0,41.0,45.0,45.0,41.0,51.0,54.5,48.0,52.5,50.0,52.5,52.5,49.5,52.3125,52.3125,49.7214,47.14,AVOL
11347.72,2026-05-15,2025-12-31,2026-03-31,US05352A1007,11.44,2026-07-24,7810.72,Avantor Inc.,2026-07-29,2026-06-30,2026-12-31,2026-06-30,9.69,11.07,14.01,7.9,22.84,11.07,37.18,11.8,9.9,9.9,10.4375,9.6667,10.4375,16.9233,10.5769,13.0357,19.0,19.0,30.0,19.0,19.0,19.0,19.0,19.0,7.0,7.0,14.0,7.0,9.0,7.0,7.0,9.0,9.0,10.5,15.75,10.0,12.25,9.0,9.0,13.0,9.7813,9.7813,13.3214,11.46,AVTR
10132.16,2026-03-31,2025-12-31,2025-12-31,GB00BNGDN821,4.704,2026-07-24,7808.9,Melrose Industries PLC,2026-07-31,2026-03-31,2026-12-31,2026-12-31,4.778,4.658,5.2,5.004,5.33,4.658,5.2767,6.35,4.749,4.749,6.8353,6.8353,6.8353,6.4286,7.0237,7.0219,8.3,8.3,8.25,8.3,8.4,8.3,8.3,8.4,4.3,4.6,3.9,4.3,4.3,4.3,4.3,4.1,7.3,7.2,6.475,7.4,7.325,7.3,7.3,7.35,6.8353,6.8353,7.0767,5.884,MRO
8052.71,2026-05-15,2025-12-31,2026-03-31,CNE000000JK6,34.15,2026-07-24,7803.44,Hongfa Technology Co. Ltd.,2026-07-30,2026-06-30,2026-12-31,2026-06-30,32.89,31.7,23.6,28.92,24.0357,31.7,32.1378,31.15,34.49,34.49,39.1292,37.25,38.4792,30.1152,33.972,35.8709,45.0,45.0,36.5,45.0,45.0,45.0,45.0,45.0,24.0,24.0,20.0,21.0,24.0,24.0,24.0,24.0,37.2,41.775,30.0,35.15,35.0,37.2,37.2,34.0,37.25,37.25,34.9982,30.4,600885
12660.2,2026-05-15,2025-12-31,2026-03-31,US2774321002,68.2,2026-07-24,7795.2,Eastman Chemical Company,2026-07-30,2026-06-30,2026-12-31,2026-06-30,70.4,68.6,77.33,72.0,86.5,68.6,110.05,68.71,66.98,66.98,81.1333,84.3333,82.3333,96.3394,79.7333,72.9375,100.0,100.0,122.11,100.0,100.0,100.0,100.0,100.0,74.0,69.0,76.0,67.0,60.0,74.0,74.0,60.0,83.0,82.0,92.5,79.0,72.0,83.0,83.0,73.0,84.1333,84.1333,73.3529,63.83,EMN
7427.19,2026-06-29,2026-03-31,2026-03-31,INE016A01026,423.2,2026-07-24,7787.92,Dabur India Limited,2026-07-29,2026-06-30,2027-03-31,2027-03-31,424.1,427.2,512.55,451.1,565.3,427.2,590.15,519.0,422.2,422.2,523.5676,525.0811,523.5676,521.8,519.4324,543.3243,620.0,620.0,615.0,620.0,625.0,620.0,620.0,625.0,410.0,375.0,396.0,412.0,400.0,410.0,410.0,400.0,521.0,521.0,520.0,515.0,539.0,521.0,521.0,539.0,525.0811,525.0811,542.0513,503.6,DABUR
23767.24,2026-05-15,2025-12-31,2026-03-31,US5367971034,340.95,2026-07-24,7775.64,Lithia Motors Inc.,2026-07-29,2026-06-30,2026-12-31,2026-06-30,305.3,335.28,309.78,274.92,295.21,335.28,379.74,322.5,290.49,290.49,376.1875,370.25,375.875,396.0227,364.6,396.7143,449.0,449.0,500.0,426.0,500.0,449.0,449.0,500.0,300.0,300.0,310.0,293.0,310.0,300.0,300.0,310.0,373.0,388.0,400.0,376.0,399.5,373.0,373.0,400.0,370.25,370.25,394.7857,332.33,LAD
8729.72,2026-05-18,2025-12-31,2026-04-03,US7509401086,69.43,2026-07-24,7771.52,Ralliant Corporation,2026-07-30,2026-07-03,2026-12-31,2026-07-03,72.2,70.17,46.92,44.63,,70.17,,53.73,73.63,73.63,71.1818,67.0,70.5,54.7143,48.0909,57.3636,80.0,85.0,64.0,55.0,65.0,85.0,85.0,64.0,50.0,50.0,48.0,42.0,50.0,50.0,50.0,50.0,68.0,70.0,53.0,49.0,60.0,69.0,69.0,59.0,68.7,68.7,56.7273,50.91,RAL
9853.34,2026-04-14,2025-05-31,2026-02-28,US0381692070,27.19,2026-07-24,7770.07,Applied Digital Corporation,2026-07-27,2026-05-28,2026-05-31,2026-05-28,41.98,25.79,11.2,34.98,8.78,25.79,7.56,37.69,37.3,37.3,73.0455,73.3636,76.7,14.6111,52.1818,43.8182,106.0,106.0,18.0,97.0,58.0,106.0,106.0,56.0,40.0,48.0,12.0,36.0,36.0,40.0,40.0,39.0,79.0,80.5,14.0,46.0,41.0,79.0,79.0,42.5,73.3636,73.3636,43.7,24.52,APLD
10851.87,2026-05-15,2025-12-31,2026-03-31,TW0002912003,241.0,2026-07-24,7741.59,President Chain Store Corporation,2026-07-30,2026-06-30,2026-12-31,2026-06-30,223.0,243.5,264.0,226.0,281.0,243.5,268.0,211.0,223.0,223.0,263.1,263.1,263.1,290.2727,270.5556,277.1,320.0,320.0,320.0,320.0,320.0,320.0,320.0,320.0,190.0,190.0,232.0,190.0,190.0,190.0,190.0,223.0,277.5,277.5,295.0,291.0,298.0,277.5,277.5,295.0,263.1,263.1,287.8182,221.5,2912
8366.25,2026-05-15,2025-12-31,2026-03-31,US88023B1035,42.69,2026-07-24,7686.79,Tempus AI Inc.,2026-07-30,2026-06-30,2026-12-31,2026-06-30,51.94,52.47,63.34,52.12,,52.47,,65.32,57.93,57.93,66.5714,66.5333,67.0625,66.7727,72.4,87.9167,100.0,100.0,75.0,100.0,105.0,100.0,100.0,105.0,35.0,35.0,55.0,35.0,76.0,35.0,35.0,80.0,64.0,66.0,67.5,70.0,85.0,64.0,64.0,86.5,66.5333,66.5333,88.9167,59.05,TEM
9547.92,2026-05-15,2025-12-31,2026-03-31,MXP369181377,100.36,2026-07-24,7679.77,El Puerto de Liverpool S.A.B. de C.V.,2026-07-27,2026-06-30,2026-12-31,2026-06-30,99.62,100.74,95.37,105.74,105.61,100.74,92.17,102.92,102.61,102.61,121.2375,121.2375,121.2375,123.7375,121.05,119.2375,195.0,195.0,195.0,195.0,195.0,195.0,195.0,195.0,100.0,100.0,95.0,98.0,95.0,100.0,100.0,95.0,110.5,110.5,113.5,111.0,111.0,110.5,110.5,111.0,121.2375,121.2375,119.2375,100.26,LIVEPOLC1
8018.96,2026-06-26,2026-03-31,2026-03-28,US74736K1016,86.51,2026-07-24,7631.74,Qorvo Inc.,2026-07-28,2026-06-28,2027-03-31,2027-03-28,97.18,85.5,86.19,87.8,106.75,85.5,193.09,80.91,93.27,93.27,91.4615,91.4615,91.4615,84.1459,88.9333,98.4706,120.0,120.0,111.0,128.0,128.0,120.0,120.0,128.0,66.0,66.0,67.0,66.0,85.0,66.0,66.0,88.0,91.0,91.0,83.5,85.0,95.0,91.0,91.0,100.0,91.4615,91.4615,101.6471,84.51,QRVO
9850.07,2026-03-31,2025-12-31,2025-12-31,NL0015435975,5.57,2026-07-24,7592.08,Davide Campari-Milano N.V.,2026-07-29,2026-03-31,2026-12-31,2026-12-31,5.484,5.69,6.468,6.228,12.535,5.69,11.495,6.022,5.448,5.448,6.859,6.95,6.9024,6.615,7.0929,6.819,10.2,10.9,10.0,10.5,10.8,10.2,10.2,11.0,5.3,5.3,3.8,5.3,4.2,5.3,5.3,4.2,6.7,6.6,6.55,6.7,6.3,6.6,6.6,6.45,6.8643,6.8643,6.8775,5.538,CPR
7603.9,2026-05-15,2025-12-31,2026-03-31,DE0006452907,57.15,2026-07-24,7504.6,Nemetschek SE,2026-07-30,2026-06-30,2026-12-31,2026-06-30,53.75,55.75,126.2,63.55,64.4,55.75,73.0,77.75,53.1,53.1,85.0781,91.6167,87.8906,117.0882,96.0833,119.8824,138.0,138.0,155.0,140.0,150.0,138.0,138.0,150.0,56.0,53.0,77.0,56.0,90.0,56.0,56.0,90.0,90.0,86.0,120.0,91.0,125.0,90.0,90.0,125.0,89.6167,89.6167,121.2647,92.8,NEM
7359.72,2026-06-29,2026-03-31,2026-03-31,INE040H01021,52.28,2026-07-24,7453.78,Suzlon Energy Limited,2026-07-28,2026-06-30,2027-03-31,2027-03-31,57.91,51.99,65.32,53.91,20.0,51.99,7.35,45.7,58.9,58.9,65.8461,65.8623,65.8461,76.6667,63.5385,72.5455,75.21,75.0,82.0,78.0,82.0,75.0,75.0,82.0,52.0,52.0,68.0,52.0,60.0,52.0,52.0,60.0,65.0,65.0,77.0,64.0,74.0,65.0,65.0,75.0,65.8461,65.8461,73.8,52.67,SUZLON
8503.52,2026-05-15,2025-12-31,2026-03-31,US62955J1034,20.76,2026-07-24,7450.52,NOV Inc.,2026-07-28,2026-06-30,2026-12-31,2026-06-30,18.35,19.52,13.71,20.5,18.8,19.52,13.57,18.39,18.55,18.55,21.75,21.8,21.75,16.1818,20.65,17.55,26.0,26.0,22.0,23.0,22.0,26.0,26.0,19.0,17.0,17.0,10.0,17.0,14.0,17.0,17.0,12.0,22.0,22.0,16.0,20.5,17.0,22.0,22.0,16.75,21.8,21.8,16.575,15.63,NOV
7085.08,2026-06-29,2026-03-31,2026-03-31,JP3596200000,7422.0,2026-07-24,7447.5,TOTO LTD.,2026-07-31,2026-06-30,2027-03-31,2027-03-31,8533.0,7451.0,3944.0,5373.0,4410.0,7451.0,5730.0,5212.0,8611.0,8611.0,7886.6667,6858.8889,7886.6667,4201.1111,6152.2222,4471.25,8500.0,11100.0,5100.0,7900.0,6100.0,8500.0,8500.0,5100.0,5430.0,5500.0,3600.0,4570.0,3800.0,5430.0,5430.0,3800.0,6900.0,7900.0,4010.0,5900.0,4060.0,6900.0,6900.0,4060.0,6858.8889,6858.8889,4308.75,4334.0,5332
7350.33,2026-05-15,2025-12-31,2026-03-31,US7599161095,131.96,2026-07-24,7447.24,Repligen Corporation,2026-07-28,2026-06-30,2026-12-31,2026-06-30,138.4,147.25,121.87,117.6,176.51,147.25,209.92,162.33,136.44,136.44,178.05,176.1053,178.05,179.749,179.7778,190.8889,220.0,220.0,220.0,220.0,220.0,220.0,220.0,220.0,142.0,142.0,130.0,140.0,160.0,142.0,142.0,160.0,180.0,180.0,180.0,180.0,192.5,180.0,180.0,190.0,176.1053,176.1053,189.2222,163.86,RGEN
7606.16,2026-05-15,2025-12-31,2026-03-31,TW0002337003,124.0,2026-07-24,7391.29,Macronix International Co. Ltd.,2026-07-28,2026-06-30,2026-12-31,2026-06-30,162.5,117.5,20.1,145.0,30.6,117.5,42.9,76.2,155.5,155.5,193.5,193.5,193.5,20.1667,176.4286,41.0,300.0,300.0,25.0,300.0,72.5,300.0,300.0,48.0,80.0,80.0,16.0,67.0,20.0,80.0,80.0,20.0,186.0,186.0,19.75,170.0,40.0,186.0,186.0,40.0,193.5,193.5,34.5,39.45,2337
11093.79,2026-03-01,2025-06-30,2025-12-31,AU000000MIN4,53.54,2026-07-24,7376.77,Mineral Resources Limited,2026-07-29,2026-03-31,2026-06-30,2026-06-30,63.14,54.59,32.32,59.01,72.9,54.59,61.36,63.98,62.07,62.07,68.2286,70.2286,69.1571,27.0967,60.1192,50.7462,90.0,85.0,58.0,75.0,68.0,87.0,87.0,68.0,27.0,27.0,14.0,22.0,20.0,27.0,27.0,17.3,74.0,71.5,22.0,65.0,51.5,71.5,71.5,47.4,69.4429,69.4429,47.1923,54.38,MIN
10483.25,2026-05-15,2025-12-31,2026-03-31,US69318G1067,61.63,2026-07-24,7344.4,PBF Energy Inc.,2026-07-30,2026-06-30,2026-12-31,2026-06-30,40.34,62.75,23.33,40.74,45.46,62.75,9.01,33.41,45.52,45.52,56.8462,45.0,47.5,22.3846,41.8333,31.1538,62.0,62.0,29.0,62.0,42.0,62.0,62.0,42.0,30.0,30.0,16.0,27.0,22.0,30.0,30.0,23.0,45.0,45.5,23.0,43.0,31.0,45.0,45.0,29.0,45.2727,45.2727,29.7692,27.12,PBF
3100.18,2026-05-15,2025-12-31,2026-03-31,US7820111000,31.43,2026-07-24,7314.64,Rush Street Interactive Inc.,2026-07-29,2026-06-30,2026-12-31,2026-06-30,29.83,32.5,14.7,23.65,3.42,32.5,9.7,17.17,29.74,29.74,34.3636,30.1818,30.8182,16.25,25.0909,23.625,33.0,33.0,18.0,30.0,30.0,33.0,33.0,30.0,26.0,29.0,14.0,21.0,20.0,26.0,26.0,18.0,30.0,30.0,16.5,25.0,23.5,30.0,30.0,23.5,30.1818,30.1818,23.5,19.43,RSI
5475.53,2026-05-15,2025-12-31,2026-03-31,KR7259960003,242500.0,2026-07-24,7278.77,KRAFTON Inc.,2026-07-29,2026-06-30,2026-12-31,2026-06-30,204000.0,222500.0,338500.0,276000.0,170700.0,222500.0,,265500.0,236000.0,236000.0,361043.4783,373130.4348,364000.0,476720.0,352708.3333,383653.8461,500000.0,415000.0,560000.0,470000.0,520000.0,415000.0,415000.0,530000.0,297000.0,297000.0,380000.0,250000.0,272000.0,297000.0,297000.0,310000.0,380000.0,370000.0,498000.0,360000.0,370000.0,370000.0,370000.0,405000.0,364434.7826,364434.7826,414500.0,246000.0,A259960
6948.02,2026-06-29,2026-03-31,2026-03-31,JP3230600003,5974.0,2026-07-24,7255.95,Kandenko Co.Ltd.,2026-07-31,2026-06-30,2027-03-31,2027-03-31,6720.0,5845.0,3458.0,5982.0,1218.0,5845.0,898.0,5472.0,6722.0,6722.0,7450.0,6992.8571,6992.8571,3513.3333,5928.5714,5128.5714,8200.0,8200.0,3800.0,8000.0,5750.0,8200.0,8200.0,5750.0,3300.0,3300.0,3300.0,3300.0,3300.0,3300.0,3300.0,3300.0,7700.0,7700.0,3515.0,5750.0,5500.0,7700.0,7700.0,5500.0,6992.8571,6992.8571,5128.5714,5028.0,1942
7763.96,2026-05-15,2025-12-31,2026-03-31,US3138551086,118.89,2026-07-24,7252.56,Federal Signal Corporation,2026-07-30,2026-06-30,2026-12-31,2026-06-30,121.68,116.63,107.48,116.01,62.64,116.63,38.5,111.95,128.49,128.49,143.5714,142.1429,143.5714,110.75,138.0,133.8333,155.0,155.0,120.0,150.0,145.0,155.0,155.0,145.0,132.0,132.0,100.0,125.0,112.0,132.0,132.0,112.0,140.0,145.0,112.5,140.0,138.0,140.0,140.0,138.0,142.1429,142.1429,133.8333,108.59,FSS
8966.22,2026-05-15,2025-12-31,2026-03-31,KR7247540008,108300.0,2026-07-24,7252.02,EcoPro BM Co. Ltd.,2026-07-31,2026-06-30,2026-12-31,2026-06-30,133700.0,104100.0,114600.0,207500.0,376500.0,104100.0,70875.0,213500.0,142500.0,142500.0,185270.8333,193304.3478,189645.8333,104166.6667,162847.8261,130977.2727,300000.0,300000.0,180000.0,270000.0,220000.0,300000.0,300000.0,220000.0,76000.0,76000.0,60000.0,76000.0,72500.0,76000.0,76000.0,55000.0,220000.0,212500.0,93000.0,130000.0,111000.0,220000.0,220000.0,111000.0,193304.3478,193304.3478,129272.7273,146600.0,A247540
9925.26,2026-05-19,2025-12-31,2026-04-04,US5218652049,143.6,2026-07-24,7193.66,Lear Corporation,2026-07-31,2026-07-04,2026-12-31,2026-07-04,135.58,141.72,108.14,128.32,151.26,141.72,167.04,119.87,134.06,134.06,150.2143,147.9286,150.2143,111.8631,140.0,127.6364,179.0,179.0,136.0,177.0,146.0,179.0,179.0,146.0,130.0,130.0,88.0,115.0,112.0,130.0,130.0,99.0,145.0,147.5,115.0,136.0,127.0,145.0,145.0,117.0,148.2143,148.2143,119.5455,114.6,LEA
6714.24,2026-05-19,2026-01-31,2026-04-04,US8269191024,216.88,2026-07-24,7153.1,Silicon Laboratories Inc.,2026-07-29,2026-07-04,2027-01-31,2026-07-04,218.0,217.47,135.85,215.5,155.85,217.47,145.65,145.35,218.56,218.56,222.8571,222.8571,222.8571,150.7778,222.8571,152.2,231.0,231.0,180.0,231.0,180.0,231.0,231.0,180.0,200.0,200.0,100.0,200.0,130.0,200.0,200.0,130.0,231.0,231.0,157.0,231.0,155.0,231.0,231.0,150.0,222.8571,222.8571,151.3333,130.7,SLAB
6786.77,2026-05-15,2025-12-31,2026-03-31,KR7307950006,379000.0,2026-07-24,7114.63,Hyundai Autoever Corporation,2026-07-28,2026-06-30,2026-12-31,2026-06-30,507000.0,371500.0,157100.0,441000.0,139600.0,371500.0,121500.0,443000.0,530000.0,530000.0,579692.3077,589692.3077,589692.3077,191250.0,489333.3333,331666.6667,880000.0,880000.0,240000.0,700000.0,700000.0,880000.0,880000.0,260000.0,400000.0,400000.0,110000.0,160000.0,150000.0,400000.0,400000.0,150000.0,550000.0,550000.0,200000.0,540000.0,240000.0,550000.0,550000.0,240000.0,589692.3077,589692.3077,220083.3333,332000.0,A307950
8851.67,2026-05-13,2025-12-31,2026-03-29,US85208M1027,74.89,2026-07-24,7042.98,Sprouts Farmers Market Inc.,2026-07-29,2026-06-29,2026-12-31,2026-06-29,85.385,75.78,164.4,72.96,39.96,75.78,24.74,71.44,84.58,84.58,92.7857,92.4286,92.2857,182.9286,92.1429,115.8571,140.0,140.0,211.0,140.0,152.0,140.0,140.0,203.0,70.0,70.0,155.0,70.0,88.0,70.0,70.0,90.0,92.5,92.5,180.0,91.0,116.0,92.5,92.5,126.0,92.4286,92.4286,124.2857,79.67,SFM
8708.62,2026-05-15,2025-12-31,2026-03-31,CA14071L1085,12.95,2026-07-24,7015.97,Capstone Copper Corp.,2026-07-30,2026-06-30,2026-12-31,2026-06-30,12.91,12.21,8.16,11.61,6.23,12.21,5.22,15.37,13.03,13.03,16.7803,16.3705,16.5303,11.0781,15.8514,16.4269,22.94,21.0,13.0,20.0,18.5,22.94,22.94,18.5,13.0,13.0,7.5,12.27,14.0,13.0,13.0,11.4,16.0,16.75,11.5,15.9,17.0,16.0,16.0,15.3,16.3705,16.3705,15.4258,13.78,CS
9595.25,2026-05-15,2025-12-31,2026-03-31,BMG0750C1082,32.76,2026-07-24,7011.25,Axalta Coating Systems Ltd.,2026-07-28,2026-06-30,2026-12-31,2026-06-30,34.66,32.34,29.51,29.67,32.36,32.34,28.98,33.62,34.22,34.22,36.8571,35.7143,36.7143,38.2684,36.0,37.1333,44.0,44.0,47.0,42.0,45.0,44.0,44.0,43.0,30.0,30.0,32.0,30.0,30.0,30.0,30.0,30.0,35.0,36.5,38.0,37.0,36.0,35.0,35.0,37.0,35.7143,35.7143,37.0667,32.31,AXTA
6310.35,2026-06-29,2026-03-31,2026-03-31,JP3197600004,2435.0,2026-07-24,6983.24,Ono Pharmaceutical Co. Ltd.,2026-07-31,2026-06-30,2027-03-31,2027-03-31,2377.5,2425.5,1630.5,2304.5,2664.0,2425.5,2540.0,2323.0,2388.0,2388.0,2500.0,2483.3333,2500.0,1608.3333,2145.8333,1895.8333,3200.0,3200.0,2500.0,2950.0,2950.0,3200.0,3200.0,2200.0,1800.0,1900.0,1300.0,1600.0,1300.0,1800.0,1800.0,1300.0,2450.0,2450.0,1600.0,2075.0,1775.0,2450.0,2450.0,1600.0,2483.3333,2483.3333,1709.0909,2172.5,4528
17379.41,2026-05-15,2025-12-31,2026-03-31,US05329W1027,208.18,2026-07-24,6966.01,AutoNation Inc.,2026-07-31,2026-06-30,2026-12-31,2026-06-30,194.85,205.72,200.25,203.07,150.16,205.72,116.72,214.26,185.79,185.79,242.4615,242.75,242.4615,209.5933,236.6364,239.3,300.0,300.0,255.0,300.0,300.0,300.0,300.0,300.0,208.0,202.0,185.0,207.0,200.0,208.0,208.0,200.0,237.5,240.0,202.06,235.0,234.0,237.5,237.5,234.0,242.75,242.75,238.1,206.48,AN
9902.12,2026-06-29,2026-03-31,2026-03-31,JP3787000003,5352.0,2026-07-24,6949.48,Hitachi Construction Machinery Co. Ltd.,2026-07-30,2026-06-30,2027-03-31,2027-03-31,5347.0,5114.0,4643.0,5432.0,4240.0,5114.0,3225.0,5108.0,5254.0,5254.0,5836.6667,5836.6667,5836.6667,4345.4546,5945.5556,4966.6667,8030.0,8030.0,5270.0,8820.0,5900.0,8030.0,8030.0,5900.0,4300.0,4300.0,3700.0,4300.0,4100.0,4300.0,4300.0,4100.0,5900.0,5900.0,4200.0,5600.0,4900.0,5900.0,5900.0,4900.0,5836.6667,5836.6667,4955.5556,4630.0,6305
10154.04,2026-08-14,2026-03-31,2026-06-30,INE114A01011,161.45,2026-07-24,6917.95,Steel Authority of India Limited,2026-07-24,2026-09-30,2027-03-31,2026-09-30,171.42,163.04,136.17,178.46,89.9,163.04,126.55,149.03,173.49,173.49,179.3103,181.069,179.6552,120.72,148.4444,131.4615,270.0,240.0,155.0,250.0,190.0,270.0,270.0,155.0,125.0,125.0,80.0,90.0,90.0,125.0,125.0,90.0,170.0,170.0,120.0,140.0,139.0,170.0,170.0,125.0,181.069,181.069,124.4615,146.99,SAIL
8559.46,2026-05-19,2025-12-31,2026-04-04,US6081901042,113.27,2026-07-24,6904.16,Mohawk Industries Inc.,2026-07-30,2026-07-04,2026-12-31,2026-07-04,119.09,111.5,116.0,107.74,111.38,111.5,191.84,120.61,121.33,121.33,122.7143,119.9286,122.7143,127.8418,127.5333,135.3333,146.0,146.0,150.0,155.0,155.0,146.0,146.0,155.0,96.0,109.0,111.0,96.0,110.0,96.0,96.0,110.0,116.0,117.5,128.0,130.0,134.0,116.0,116.0,138.5,119.9286,119.9286,136.4375,109.3,MHK
8196.52,2026-05-15,2025-12-31,2026-03-31,GB00BMXNWH07,43.26,2026-07-24,6901.96,Noble Corporation plc,2026-07-27,2026-06-30,2026-12-31,2026-06-30,39.17,41.5,28.7,49.54,52.03,41.5,21.71,33.73,37.3,37.3,48.7273,50.0,48.8182,33.9091,44.3,33.8,59.0,60.0,40.0,55.0,38.0,59.0,59.0,38.0,32.0,35.0,30.0,32.0,30.0,35.0,35.0,30.0,52.0,51.0,34.0,43.0,34.0,52.0,52.0,34.0,50.3,50.3,34.0,28.24,NE
6908.13,2026-03-31,2025-12-31,2025-12-31,CH1176493729,75.05,2026-07-24,6872.34,Bachem Holding AG,2026-07-30,2026-03-31,2026-12-31,2026-12-31,70.35,71.15,75.0,67.9,74.45,71.15,118.2,69.9,75.65,75.65,81.4,79.3,79.9,71.0,78.8,73.39,110.0,110.0,100.0,110.0,100.0,110.0,110.0,100.0,46.0,52.0,55.0,46.0,49.3,46.0,46.0,49.3,80.0,80.0,69.0,80.0,76.5,80.0,80.0,76.5,79.3,79.3,74.89,59.9,BANB
7349.72,2026-05-15,2025-12-31,2026-03-31,US04247X1028,160.71,2026-07-24,6858.92,Armstrong World Industries Inc.,2026-07-28,2026-06-30,2026-12-31,2026-06-30,157.7,155.97,167.65,178.27,76.13,155.97,105.6,187.28,160.42,160.42,201.5,204.1,204.1,170.5556,206.8,211.1,235.0,235.0,200.0,235.0,240.0,235.0,235.0,240.0,173.0,173.0,152.0,176.0,185.0,173.0,173.0,185.0,205.0,205.0,162.0,204.5,210.5,205.0,205.0,210.5,204.1,204.1,211.1,191.1,AWI
14220.95,2026-06-29,2026-03-31,2026-03-31,JP3663900003,5390.0,2026-07-24,6844.2,Sojitz Corporation,2026-07-31,2026-06-30,2027-03-31,2027-03-31,5283.0,5072.0,3737.0,5825.0,3299.0,5072.0,1690.0,5707.0,5171.0,5171.0,6610.0,6576.6667,6610.0,4118.3333,6706.25,5022.5,9100.0,9100.0,5000.0,7700.0,6100.0,9100.0,9100.0,5200.0,5100.0,5200.0,3860.0,5100.0,4000.0,5100.0,5100.0,4000.0,6400.0,6400.0,3975.0,6770.0,5055.0,6400.0,6400.0,4890.0,6576.6667,6576.6667,4754.2857,4867.0,2768
8769.76,2026-05-12,2025-12-31,2026-03-28,BMG391041073,26.89,2026-07-24,6830.06,Gates Industrial Corporation Ltd.,2026-07-31,2026-06-28,2026-12-31,2026-06-28,27.25,26.61,24.96,25.53,13.43,26.61,18.14,23.09,27.97,27.97,31.7273,31.0833,31.7273,26.5454,31.5833,27.1725,37.0,37.0,32.0,39.0,32.0,37.0,37.0,32.0,26.0,26.0,23.0,27.0,23.0,26.0,26.0,23.0,31.5,33.0,27.0,31.5,27.0,32.0,32.0,28.5,31.3636,31.3636,27.9225,21.47,GTES
3813.82,2026-05-15,2025-12-31,2026-03-31,NL0014559478,34.36,2026-07-24,6828.03,Technip Energies N.V.,2026-07-30,2026-06-30,2026-12-31,2026-06-30,34.5,33.08,37.04,40.26,21.16,33.08,11.335,32.52,33.12,33.12,44.1765,44.2353,44.1765,34.5,43.2118,42.8133,54.0,54.0,40.0,54.0,50.0,54.0,54.0,50.0,36.0,36.0,31.0,32.6,32.2,36.0,36.0,35.0,45.0,45.0,34.0,45.0,43.0,45.0,45.0,42.5,43.9412,43.9412,42.9286,32.48,TE
9643.54,2026-05-13,2025-12-31,2026-03-29,US72147K1088,28.68,2026-07-24,6823.6,Pilgrim's Pride Corporation,2026-07-29,2026-06-29,2026-12-31,2026-06-29,27.56,29.11,47.29,33.63,24.38,29.11,21.53,42.03,28.11,28.11,33.5625,39.25,33.5625,47.5678,42.8571,43.5714,56.0,42.0,57.0,56.0,56.0,56.0,56.0,56.0,30.0,30.0,40.0,39.0,40.0,30.0,30.0,40.0,37.5,31.5,48.0,40.0,42.0,36.5,36.5,42.0,38.5,38.5,43.5714,38.99,PPC
6794.56,2026-06-29,2026-03-31,2026-03-31,INE591G01025,1484.7,2026-07-24,6818.25,Coforge Limited,2026-07-27,2026-06-30,2027-03-31,2027-03-31,1497.9,1508.4,1676.0,1150.9,945.14,1508.4,937.69,1636.4,1465.7,1465.7,1716.2857,1703.7143,1716.2857,1888.2581,1677.5484,2028.2727,2410.0,2370.0,2400.0,2405.0,2500.0,2410.0,2410.0,2500.0,1190.0,1117.0,1140.0,1115.0,1170.0,1190.0,1190.0,1170.0,1690.0,1725.0,2000.0,1650.0,2045.0,1700.0,1700.0,2034.0,1709.4286,1709.4286,1994.3438,1663.0,COFORGE
6772.71,2026-06-03,2025-09-30,2026-04-04,US7291321005,254.45,2026-07-24,6808.17,Plexus Corp.,2026-07-29,2026-07-04,2026-09-30,2026-10-04,286.59,250.63,118.29,254.08,101.44,250.63,86.35,174.02,300.67,300.67,293.25,293.25,293.25,153.4,210.8,159.0,330.0,330.0,165.0,250.0,165.0,330.0,330.0,165.0,258.0,258.0,135.0,173.0,150.0,258.0,258.0,150.0,292.5,292.5,160.0,206.0,165.0,292.5,292.5,165.0,293.25,293.25,159.0,147.0,PLXS
5904.76,2026-06-29,2026-03-31,2026-03-31,INE00H001014,251.42,2026-07-24,6797.0,Swiggy Limited,2026-07-30,2026-06-30,2027-03-31,2027-03-31,244.2,276.87,419.25,287.1,,276.87,,311.75,239.35,239.35,370.5185,372.7037,370.5185,429.0909,415.88,483.5,520.0,520.0,740.0,740.0,740.0,520.0,520.0,740.0,230.0,230.0,260.0,270.0,290.0,230.0,230.0,290.0,370.0,370.0,427.5,400.0,496.5,370.0,370.0,496.5,372.7037,372.7037,495.2917,386.25,SWIGGY
6508.44,2026-05-12,2025-12-31,2026-03-28,US5150981018,200.28,2026-07-24,6795.14,Landstar System Inc.,2026-07-28,2026-06-28,2026-12-31,2026-06-28,207.68,211.56,140.9,179.02,203.05,211.56,152.54,153.94,206.81,206.81,198.0667,181.2857,196.6667,141.4807,154.5,150.2667,240.0,240.0,166.0,185.0,170.0,240.0,240.0,147.0,145.0,145.0,125.0,135.0,133.0,145.0,145.0,110.0,180.0,198.0,140.0,152.5,150.0,183.0,183.0,135.0,183.7857,183.7857,134.3333,143.7,LSTR
9673.47,2026-05-12,2025-12-31,2026-03-28,US4571521065,29.44,2026-07-24,6784.29,Ingram Micro Holding Corporation,2026-07-30,2026-06-28,2026-12-31,2026-06-28,27.63,29.28,21.19,30.35,,29.28,,21.01,27.43,27.43,32.5833,31.4231,31.8462,24.3077,27.0069,24.9167,36.0,36.0,31.0,33.0,32.0,36.0,36.0,32.0,26.0,26.0,19.0,23.0,21.0,26.0,26.0,21.0,32.0,33.0,25.0,26.0,24.0,33.0,33.0,24.5,31.8462,31.8462,25.1667,21.34,INGM
6976.89,2026-05-15,2025-12-31,2026-03-31,US16359R1032,511.13,2026-07-24,6756.81,Chemed Corporation,2026-07-28,2026-06-30,2026-12-31,2026-06-30,447.29,510.03,463.02,421.11,562.99,510.03,479.78,446.77,465.74,465.74,474.0,446.5,474.0,646.6667,443.0,555.5,500.0,510.0,650.0,500.0,595.0,500.0,500.0,595.0,400.0,436.0,640.0,400.0,475.0,400.0,400.0,550.0,443.0,475.0,650.0,436.0,576.0,443.0,443.0,576.0,446.5,446.5,574.25,427.86,CHE
7223.58,2026-05-15,2025-12-31,2026-03-31,US5534981064,174.64,2026-07-24,6741.82,MSA Safety Incorporated,2026-07-30,2026-06-30,2026-12-31,2026-06-30,165.29,171.03,176.87,169.85,167.37,171.03,162.77,181.39,174.58,174.58,205.7143,205.7143,205.7143,182.2,208.1429,189.5,225.0,225.0,203.0,235.0,200.0,225.0,225.0,200.0,190.0,190.0,165.0,180.0,184.0,190.0,190.0,184.0,206.0,206.0,182.0,210.0,186.5,206.0,206.0,186.5,205.7143,205.7143,189.5,160.14,MSA
8288.75,2026-05-15,2025-12-31,2026-03-31,US2270461096,134.72,2026-07-24,6694.19,Crocs Inc.,2026-07-30,2026-06-30,2026-12-31,2026-06-30,121.4,137.13,107.775,102.32,122.66,137.13,131.29,85.83,120.64,120.64,131.6667,121.4167,126.0,123.7423,109.6667,89.75,150.0,150.0,150.0,135.0,112.0,150.0,150.0,112.0,86.0,86.0,87.0,84.0,71.0,86.0,86.0,71.0,127.5,131.0,127.0,109.5,88.0,131.0,131.0,88.0,126.0,126.0,89.75,85.52,CROX
15600.46,2026-06-29,2026-03-31,2026-03-31,JP3774200004,4719.0,2026-07-24,6692.01,Hankyu Hanshin Holdings Inc.,2026-07-31,2026-06-30,2027-03-31,2027-03-31,4139.0,4679.0,3881.0,4535.0,4704.0,4679.0,3440.0,4264.0,4272.0,4272.0,5220.0,5220.0,5220.0,4400.0,5060.0,4666.6667,5500.0,5500.0,4600.0,5500.0,5000.0,5500.0,5500.0,5000.0,4500.0,4500.0,4200.0,4200.0,4200.0,4500.0,4500.0,4200.0,5500.0,5500.0,4400.0,5100.0,4800.0,5500.0,5500.0,4800.0,5220.0,5220.0,4666.6667,3943.0,9042
10339.02,2026-05-15,2025-12-31,2026-03-31,AEE01362P238,2.21,2026-07-24,6684.69,Pure Health Holding PJSC,2026-07-31,2026-06-30,2026-12-31,2026-06-30,2.29,2.23,3.1,2.18,,2.23,,2.82,2.21,2.21,3.6114,3.7771,3.7771,4.13,4.0429,4.0714,5.45,5.45,5.45,5.45,5.45,5.45,5.45,5.45,2.8,2.8,3.2,2.8,2.8,2.8,2.8,3.2,3.75,3.75,3.9,3.9,3.9,3.75,3.75,3.9,3.7771,3.7771,4.0667,2.55,PUREHEALTH
10841.08,2026-06-26,2026-03-31,2026-03-28,US9182041080,17.03,2026-07-24,6681.67,V.F. Corporation,2026-07-29,2026-06-28,2027-03-31,2027-03-28,17.22,16.98,12.68,19.79,19.52,16.98,83.08,19.74,16.68,16.68,20.2143,20.2143,20.2143,14.6148,20.65,16.8611,40.0,40.0,40.0,39.5,25.0,40.0,40.0,25.0,14.0,14.0,9.0,14.0,10.0,14.0,14.0,10.0,18.0,18.0,14.0,20.0,16.0,18.0,18.0,15.0,20.2143,20.2143,15.6944,18.08,VFC
5995.63,2026-05-15,2025-12-31,2026-03-31,US45867G1013,258.3,2026-07-24,6675.77,InterDigital Inc.,2026-07-30,2026-06-30,2026-12-31,2026-06-30,274.05,260.45,224.59,368.5,93.05,260.45,64.21,330.52,283.13,283.13,462.6667,462.6667,462.6667,220.4125,462.6667,462.6667,488.0,488.0,241.0,488.0,488.0,488.0,488.0,488.0,425.0,425.0,195.65,425.0,425.0,425.0,425.0,260.0,475.0,475.0,222.5,475.0,475.0,475.0,475.0,450.0,462.6667,462.6667,412.0,318.38,IDCC
8786.74,2026-05-15,2025-12-31,2026-03-31,VN000000HPG4,20800.0,2026-07-24,6670.01,Hoa Phat Group Joint Stock Company,2026-07-29,2026-06-30,2026-12-31,2026-06-30,23500.0,21850.0,23636.3636,25363.6364,19455.9229,21850.0,24263.6152,24318.1818,23300.0,23300.0,33579.5454,33624.7934,33579.5454,26279.4613,32011.8881,32137.5291,37500.0,37500.0,32545.4545,34909.0909,38000.0,37500.0,37500.0,38000.0,30800.0,30800.0,22727.2727,29272.7273,25378.7879,30800.0,30800.0,25378.7879,32727.2727,33168.1818,25636.3636,32363.6364,32454.5455,32727.2727,32727.2727,30909.0909,33624.7934,33624.7934,31564.1026,24000.0,HPG
8862.9,2026-05-15,2025-12-31,2026-03-31,GB00BFMBMT84,45.71,2026-07-24,6647.7,Sensata Technologies Holding plc,2026-07-29,2026-06-30,2026-12-31,2026-06-30,48.2,45.05,32.49,41.69,46.48,45.05,54.88,34.45,47.74,47.74,51.5,51.0,51.5,36.282,42.8462,39.8,60.0,60.0,51.0,50.0,48.0,60.0,60.0,48.0,43.0,43.0,27.0,37.0,32.0,43.0,43.0,32.0,50.5,51.0,35.0,43.0,39.0,51.0,51.0,39.0,51.0833,51.0833,39.1333,33.29,ST
19518.99,2026-05-15,2025-12-31,2026-03-31,ES0171996087,9.656,2026-07-24,6607.1,Grifols S.A.,2026-07-28,2026-06-30,2026-12-31,2026-06-30,8.99,9.078,12.2,8.95,13.285,9.078,20.8,10.9,8.96,8.96,14.5083,14.3958,14.3625,16.2192,14.8542,15.075,21.2,20.8,24.0,21.2,22.2,21.2,21.2,22.2,9.0,9.0,9.0,9.0,9.0,9.0,9.0,9.0,13.75,13.75,15.8,15.125,15.0,13.75,13.75,15.25,14.3958,14.3958,15.2,10.7,GRF
8096.59,2026-06-29,2026-03-31,2026-03-31,US26969P1084,213.55,2026-07-24,6597.73,Eagle Materials Inc.,2026-07-29,2026-06-30,2027-03-31,2027-03-31,233.65,205.93,220.04,208.76,189.45,205.93,136.43,223.74,225.0,225.0,226.2222,223.5556,226.2222,242.4,222.9,236.8,246.0,240.0,280.0,246.0,269.0,246.0,246.0,269.0,200.0,210.0,220.0,193.0,210.0,200.0,200.0,210.0,225.0,225.0,241.5,224.5,233.5,225.0,225.0,234.0,223.5556,223.5556,236.9,206.68,EXP
11824.83,2026-05-15,2025-12-31,2026-03-31,IT0001250932,3.924,2026-07-24,6595.95,Hera S.p.A.,2026-07-29,2026-06-30,2026-12-31,2026-06-30,3.65,3.928,3.894,4.088,2.798,3.928,3.54,4.044,3.652,3.652,4.52,4.52,4.52,4.175,4.52,4.52,4.8,4.8,4.3,4.8,4.8,4.8,4.8,4.7,4.3,4.3,4.0,4.3,4.3,4.3,4.3,4.1,4.4,4.4,4.2,4.4,4.4,4.4,4.4,4.3,4.52,4.52,4.35,4.02,HER
6720.13,2026-05-15,2025-12-31,2026-03-31,US80689H1023,37.61,2026-07-24,6586.43,Schneider National Inc.,2026-07-30,2026-06-30,2026-12-31,2026-06-30,34.97,38.19,25.99,30.28,29.79,38.19,21.37,29.98,36.53,36.53,36.5714,34.0,36.1429,27.142,29.1429,30.7333,39.0,45.0,38.0,38.0,36.0,39.0,39.0,36.0,27.0,27.0,23.0,25.0,26.0,27.0,27.0,19.0,33.5,36.5,26.0,28.5,31.0,34.5,34.5,27.5,34.2143,34.2143,26.8929,26.53,SNDR
11503.7,2026-05-15,2025-12-31,2026-03-31,US5018892084,25.82,2026-07-24,6578.7,LKQ Corporation,2026-07-30,2026-06-30,2026-12-31,2026-06-30,26.23,25.38,31.73,31.6,56.92,25.38,50.76,34.035,26.33,26.33,39.5,40.8125,40.8125,52.5286,40.8125,41.1875,47.5,47.5,60.0,47.5,50.0,47.5,47.5,50.0,33.0,33.0,48.0,33.0,33.0,33.0,33.0,33.0,41.0,41.0,50.0,41.0,41.0,41.0,41.0,41.0,40.8125,40.8125,41.1875,30.2,LKQ
6899.46,2026-03-31,2025-12-31,2025-12-31,FR0000044448,132.2,2026-07-24,6575.42,Nexans S.A.,2026-07-29,2026-03-31,2026-12-31,2026-12-31,148.7,135.3,120.6,137.5,81.15,135.3,79.85,127.7,145.3,145.3,168.0,164.7333,168.0,117.4286,140.4,137.6,190.0,191.0,136.0,170.0,160.0,190.0,190.0,160.0,130.0,130.0,91.0,100.0,100.0,130.0,130.0,100.0,164.0,165.0,122.0,140.0,137.0,164.0,164.0,135.0,164.7333,164.7333,133.9286,125.8,NEX
9007.04,2026-03-31,2025-12-31,2025-12-31,CH0435377954,14.08,2026-07-24,6574.2,SIG Group AG,2026-07-28,2026-03-31,2026-12-31,2026-12-31,12.88,13.94,14.9,11.03,24.8,13.94,25.42,11.97,13.53,13.53,15.3171,14.6664,15.2192,21.3517,14.0718,12.347,18.4004,18.0352,25.9817,18.3356,20.0426,18.4004,18.4004,20.0748,13.1036,13.1079,14.3563,9.4875,9.0084,13.1036,13.1036,9.0239,14.5205,15.2151,21.2642,13.5118,12.0237,14.5205,14.5205,11.2866,14.6664,14.6664,12.1867,11.34,SIGN
11844.1,2026-05-15,2025-12-31,2026-03-31,KR7047050000,56300.0,2026-07-24,6568.62,Posco International Corporation,2026-07-31,2026-06-30,2026-12-31,2026-06-30,45650.0,50600.0,54700.0,81300.0,66600.0,50600.0,26250.0,63500.0,49150.0,49150.0,93750.0,99500.0,95416.6667,62000.0,87000.0,68900.0,112000.0,112000.0,70000.0,110000.0,75000.0,112000.0,112000.0,75000.0,75000.0,75000.0,57000.0,75000.0,60000.0,75000.0,75000.0,60000.0,102500.0,99500.0,60000.0,88000.0,69500.0,102500.0,102500.0,70000.0,99500.0,99500.0,68888.8889,49600.0,A047050
6338.37,2026-05-15,2025-12-31,2026-03-31,IT0003115950,38.6,2026-07-24,6562.36,De'Longhi S.p.A.,2026-07-30,2026-06-30,2026-12-31,2026-06-30,36.82,40.04,28.3,33.36,20.96,40.04,37.3,37.34,37.14,37.14,44.39,43.2111,44.39,37.1444,43.2111,43.2667,49.1,51.0,46.6,49.1,50.5,49.1,49.1,50.5,40.0,40.0,30.0,40.0,40.0,40.0,40.0,30.0,42.0,42.4,38.0,42.0,42.0,42.0,42.0,41.0,43.2111,43.2111,41.8444,36.5,DLG
19330.67,2026-05-15,2025-12-31,2026-03-31,US3614481030,184.63,2026-07-24,6554.87,GATX Corporation,2026-07-30,2026-06-30,2026-12-31,2026-06-30,179.45,178.48,152.28,198.16,132.7,178.48,89.97,183.35,177.19,177.19,218.75,218.0,218.75,180.3333,215.75,203.5,222.0,222.0,182.0,221.0,221.0,222.0,222.0,192.0,211.0,214.0,179.0,211.0,192.0,211.0,211.0,182.0,219.5,219.5,180.0,215.5,200.5,219.5,219.5,188.5,218.0,218.0,187.75,169.6,GATX
5655.87,2026-06-29,2026-03-31,2026-03-31,INE139A01034,343.9,2026-07-24,6552.24,National Aluminium Company Limited,2026-07-31,2026-06-30,2027-03-31,2027-03-31,348.55,339.9,198.9,437.05,92.15,339.9,82.45,370.65,339.6,339.6,403.6667,409.25,403.6667,220.5556,383.5833,314.0909,480.0,480.0,265.0,455.0,420.0,480.0,480.0,308.0,345.0,340.0,190.0,293.0,225.0,345.0,345.0,225.0,405.0,397.5,210.0,403.5,320.0,405.0,405.0,273.0,409.25,409.25,269.8182,314.3,NATIONALUM
7015.84,2026-06-29,2026-03-31,2026-03-31,JP3419400001,2655.5,2026-07-24,6542.7,Sekisui Chemical Co. Ltd.,2026-07-31,2026-06-30,2027-03-31,2027-03-31,2577.0,2665.0,2651.0,2428.0,2065.0,2665.0,1922.0,2777.0,2591.5,2591.5,2606.0,2606.0,2606.0,2800.0,2872.5,2892.0,3000.0,3000.0,3220.0,3200.0,3200.0,3000.0,3000.0,3200.0,2200.0,2200.0,2400.0,2590.0,2590.0,2200.0,2200.0,2590.0,2510.0,2510.0,2790.0,2850.0,2970.0,2510.0,2510.0,2970.0,2606.0,2606.0,2892.0,2635.0,4204
12279.24,2026-05-15,2025-12-31,2026-03-31,IT0005090300,6.365,2026-07-24,6542.27,Infrastrutture Wireless Italiane S.p.A.,2026-07-28,2026-06-30,2026-12-31,2026-06-30,6.35,6.31,10.48,7.255,11.655,6.31,10.035,7.375,6.16,6.16,7.8947,7.9579,7.8947,11.7722,8.7158,10.4632,9.5,9.5,13.5,12.3,12.5,9.5,9.5,12.9,7.0,6.5,10.1,6.5,8.0,7.0,7.0,8.5,7.5,7.4,11.8,8.6,10.5,7.5,7.5,10.75,7.9579,7.9579,10.9667,7.885,INW
8915.24,2026-05-15,2025-12-31,2026-03-31,IT0005541336,24.35,2026-07-24,6519.99,Lottomatica Group S.p.A.,2026-07-27,2026-06-30,2026-12-31,2026-06-30,25.26,25.1,24.16,26.1,9.376,25.1,,20.72,24.3,24.3,31.5813,31.5813,31.5813,25.8723,29.8188,28.4962,33.5,33.5,32.0,33.0,33.0,33.5,33.5,33.0,30.0,30.0,22.44,26.4,26.0,30.0,30.0,26.0,31.1,31.1,26.0,30.0,27.85,31.1,31.1,27.7,31.5813,31.5813,28.5293,22.4,LTMC
12285.14,2026-05-15,2025-12-31,2026-03-31,US69349H1077,58.4,2026-07-24,6465.3,TXNM Energy Inc.,2026-07-31,2026-06-30,2026-12-31,2026-06-30,57.47,57.41,56.98,59.02,45.6,57.41,48.67,59.24,56.78,56.78,60.7917,61.15,60.7917,58.8929,60.7917,60.7917,61.25,61.25,61.25,61.25,61.25,61.25,61.25,61.25,61.0,59.0,55.0,59.0,59.0,59.0,59.0,59.0,61.25,61.125,59.0,61.125,61.125,61.125,61.125,61.125,60.7917,60.7917,60.7917,58.88,TXNM
5964.1,2026-05-15,2025-12-31,2026-03-31,US74275K1088,42.83,2026-07-24,6462.63,Procore Technologies Inc.,2026-07-29,2026-06-30,2026-12-31,2026-06-30,39.0,45.95,74.31,55.4,70.55,45.95,98.89,65.64,40.62,40.62,66.0526,69.3158,68.2105,79.2268,71.0,87.5263,95.0,95.0,95.0,95.0,100.0,95.0,95.0,95.0,55.0,50.0,60.0,55.0,70.0,55.0,55.0,70.0,70.0,69.0,78.31,73.0,90.0,69.0,69.0,88.0,69.0,69.0,86.5263,72.74,PCOR
6031.52,2026-05-15,2025-12-31,2026-03-31,KR7443060009,209500.0,2026-07-24,6429.38,HD Hyundai Marine Solution CO.LTD.,2026-07-27,2026-06-30,2026-12-31,2026-06-30,216500.0,198100.0,197500.0,280500.0,,198100.0,,186800.0,224500.0,224500.0,316250.0,322727.2727,320818.1818,231111.1111,284444.4444,264444.4444,433000.0,412000.0,250000.0,320000.0,300000.0,433000.0,433000.0,320000.0,250000.0,250000.0,210000.0,240000.0,220000.0,250000.0,250000.0,220000.0,320000.0,320000.0,230000.0,300000.0,270000.0,320000.0,320000.0,275000.0,322727.2727,322727.2727,270700.0,193500.0,A443060
6356.52,2026-06-29,2026-03-31,2026-03-31,INE935A01035,2192.0,2026-07-24,6417.01,Glenmark Pharmaceuticals Limited,2026-07-31,2026-06-30,2027-03-31,2027-03-31,2180.6,2235.5,2144.2,2299.5,788.3,2235.5,649.9,1967.7,2204.3,2204.3,2497.2727,2496.5,2497.2727,2124.1818,2227.3636,2198.6667,2750.0,2750.0,2934.0,2735.0,2735.0,2750.0,2750.0,2735.0,2100.0,2100.0,1500.0,1500.0,1500.0,2100.0,2100.0,1500.0,2582.5,2575.0,2300.0,2300.0,2270.0,2582.5,2582.5,2202.5,2496.5,2496.5,2112.0,2035.2,GLENMARK
10992.13,2026-03-31,2025-12-31,2025-12-31,ES0122060314,11.88,2026-07-24,6388.39,Fomento de Construcciones y Contratas S.A.,2026-07-30,2026-03-31,2026-12-31,2026-12-31,12.1,11.84,11.66,11.14,12.14,11.84,9.3,11.16,12.66,12.66,13.8,13.7167,13.8,13.1833,13.6333,13.55,15.0,15.0,14.5,15.0,14.5,15.0,15.0,14.5,11.5,11.5,11.5,11.5,11.5,11.5,11.5,11.5,14.05,14.05,13.4,13.95,13.95,14.05,14.05,13.95,13.7167,13.7167,13.55,11.02,FCC
3762.17,2026-05-15,2025-12-31,2026-03-31,KR7028050003,47600.0,2026-07-24,6386.24,Samsung E&A Co. Ltd.,2026-07-24,2026-06-30,2026-12-31,2026-06-30,41450.0,39200.0,24250.0,54300.0,33800.0,39200.0,23850.0,30200.0,47600.0,47600.0,65842.1053,62078.9474,62342.1053,29159.0909,47476.1905,34318.1818,74000.0,74000.0,34500.0,72000.0,40000.0,74000.0,74000.0,40000.0,32000.0,32000.0,20000.0,28000.0,28000.0,32000.0,32000.0,27000.0,65000.0,65000.0,30000.0,45000.0,34750.0,65000.0,65000.0,33750.0,62078.9474,62078.9474,33954.5454,24050.0,A028050
6003.4,2026-05-15,2025-12-31,2026-03-31,SA15CIBJGH12,201.3,2026-07-26,6383.13,Arabian Internet and Communication Services Company,2026-07-29,2026-06-30,2026-12-31,2026-06-30,211.7,203.1,251.8,219.8,364.0,203.1,,232.9,204.3,204.3,250.7357,249.6214,249.1571,327.1643,247.3231,299.5071,322.0,322.0,400.0,322.0,400.0,322.0,322.0,400.0,209.2,209.2,268.0,206.0,236.0,209.2,209.2,238.0,242.0,242.0,330.0,240.0,288.3,242.0,242.0,292.5,249.6214,249.6214,307.2214,225.1,7202
7373.84,2026-05-15,2025-12-31,2026-03-31,TW0006239007,279.5,2026-07-24,6380.35,Powertech Technology Inc.,2026-07-28,2026-06-30,2026-12-31,2026-06-30,314.0,266.5,140.0,217.0,111.5,266.5,112.5,263.5,337.5,337.5,332.375,323.625,323.625,124.375,280.25,187.0,500.0,500.0,145.0,340.0,326.0,500.0,500.0,220.0,240.0,240.0,109.0,125.0,109.0,240.0,240.0,109.0,305.0,305.0,122.5,303.5,188.0,305.0,305.0,188.0,323.625,323.625,171.875,173.0,6239
7202.02,2026-05-15,2025-12-31,2026-03-31,US69366J2006,76.82,2026-07-24,6372.17,PTC Therapeutics Inc.,2026-07-30,2026-06-30,2026-12-31,2026-06-30,84.41,78.59,46.32,68.23,38.67,78.59,41.22,75.25,81.57,81.57,96.0714,93.9286,95.9286,62.8125,87.8667,83.5714,124.0,130.0,112.0,124.0,124.0,124.0,124.0,118.0,65.0,65.0,40.0,60.0,55.0,65.0,65.0,55.0,92.5,94.5,63.0,86.0,86.5,92.5,92.5,83.0,93.9286,93.9286,81.8571,75.96,PTCT
17589.0,2026-05-15,2025-12-31,2026-03-31,CA0467894006,79.75,2026-07-24,6364.18,ATCO Ltd.,2026-07-29,2026-06-30,2026-12-31,2026-06-30,72.69,78.45,51.26,67.79,38.98,78.45,43.79,58.6,74.1,74.1,74.1429,72.4286,72.4286,55.8571,68.8571,60.4286,82.0,82.0,63.0,82.0,69.0,82.0,82.0,68.0,69.0,69.0,50.0,57.0,54.0,69.0,69.0,54.0,71.0,71.0,56.0,67.0,60.0,71.0,71.0,60.0,72.4286,72.4286,60.2857,56.38,ACOX
4830.06,2026-06-29,2026-03-31,2026-03-31,JP3613000003,10695.0,2026-07-24,6328.24,Toyo Suisan Kaisha Ltd.,2026-07-31,2026-06-30,2027-03-31,2027-03-31,10245.0,10850.0,10105.0,10875.0,6144.0,10850.0,4280.0,11140.0,10385.0,10385.0,11567.1818,11663.6364,11567.1818,11600.0,12400.0,11872.7273,14200.0,14200.0,13200.0,14300.0,14000.0,14200.0,14200.0,14000.0,9000.0,8039.0,8000.0,9000.0,9000.0,9000.0,9000.0,9000.0,11700.0,11600.0,11950.0,12700.0,12300.0,11600.0,11600.0,12300.0,11654.5454,11654.5454,11827.2727,10750.0,2875
7447.21,2026-03-31,2025-12-31,2025-12-31,IT0004764699,81.58,2026-07-24,6307.49,Brunello Cucinelli S.p.A.,2026-07-30,2026-03-31,2026-12-31,2026-12-31,82.42,82.3,101.45,83.9,76.5,82.3,51.55,82.0,82.6,82.6,100.8889,102.1176,100.8889,113.0267,103.375,109.5,130.0,130.0,125.0,130.0,130.0,130.0,130.0,130.0,70.0,70.0,68.0,70.0,70.0,70.0,70.0,70.0,100.0,99.0,116.0,104.0,112.5,100.0,100.0,113.75,101.8222,101.8222,110.3929,98.42,BC
7789.37,2026-05-15,2025-12-31,2026-03-31,US70202L1026,58.73,2026-07-24,6282.85,Parsons Corporation,2026-07-29,2026-06-30,2026-12-31,2026-06-30,48.84,56.05,75.55,53.45,47.45,56.05,39.24,72.73,52.39,52.39,69.1818,69.6364,69.1818,82.1,74.8,84.4545,80.0,80.0,95.0,90.0,104.0,80.0,80.0,107.0,55.0,58.0,65.0,60.0,70.0,55.0,55.0,70.0,70.0,69.0,80.5,72.0,82.0,68.0,68.0,83.0,68.5455,68.5455,83.8182,61.8,PSN
10418.57,2026-03-31,2025-12-31,2025-12-31,FR0012435121,25.12,2026-07-24,6185.03,Elis SA,2026-07-29,2026-03-31,2026-12-31,2026-12-31,27.0,25.48,25.36,26.04,19.1,25.48,15.19,24.04,27.1,27.1,29.4875,29.45,29.6133,27.24,29.025,27.9187,32.0,32.0,30.0,32.0,30.0,32.0,32.0,30.0,27.0,27.4,25.0,26.0,26.0,27.0,27.0,26.0,29.5,30.0,27.0,29.0,28.0,29.5,29.5,28.0,29.45,29.45,27.78,24.26,ELIS
5746.75,2026-05-15,2025-12-31,2026-03-31,KR7352820005,212000.0,2026-07-24,6162.67,HYBE Co. Ltd.,2026-07-27,2026-06-30,2026-12-31,2026-06-30,177800.0,203000.0,256500.0,250000.0,261500.0,203000.0,298500.0,379000.0,192100.0,192100.0,364375.0,387833.3333,368541.6667,333875.0,416076.9231,398346.1539,450000.0,450000.0,390000.0,520000.0,440000.0,450000.0,450000.0,420000.0,300000.0,300000.0,210000.0,300000.0,310000.0,300000.0,300000.0,300000.0,386500.0,362500.0,340000.0,400000.0,410000.0,386500.0,386500.0,380000.0,387833.3333,387833.3333,372040.0,330000.0,A352820
4810.33,2026-05-15,2025-12-31,2026-03-31,VN000000GAS3,67200.0,2026-07-24,6158.62,Petrovietnam Gas Joint Stock Corporation,2026-07-30,2026-06-30,2026-12-31,2026-06-30,79300.0,76200.0,67087.3786,78300.0,78129.9575,76200.0,69801.3833,100800.0,77400.0,77400.0,85365.2706,85365.2706,85365.2706,71779.0016,82493.8421,80719.6981,96800.0,96800.0,76990.2913,93600.0,98200.0,96800.0,96800.0,86000.0,72656.8945,72656.8945,62126.2136,72656.8945,72656.8945,72656.8945,72656.8945,62126.2136,86000.0,86000.0,72656.8945,83400.0,78700.0,86000.0,86000.0,76699.0291,85365.2706,85365.2706,76422.6107,72400.0,GAS
9346.31,2026-05-15,2025-12-31,2026-03-31,NL0009432491,47.02,2026-07-24,6127.21,Koninklijke Vopak N.V.,2026-07-30,2026-06-30,2026-12-31,2026-06-30,45.36,47.28,40.02,41.32,35.74,47.28,38.25,40.46,45.64,45.64,51.9,51.9,51.9,51.75,51.9,50.3,64.0,64.0,59.0,64.0,59.0,64.0,64.0,59.0,44.5,44.5,40.0,44.5,40.0,44.5,44.5,40.0,50.0,50.0,54.0,50.0,50.0,50.0,50.0,54.0,51.9,51.9,51.75,37.88,VPK
6582.96,2026-06-29,2026-03-31,2026-03-31,INE220G01021,714.25,2026-07-24,6104.11,Jindal Stainless Limited,2026-07-24,2026-06-30,2027-03-31,2027-03-31,695.0,737.5,664.2,766.3,360.15,737.5,154.7,745.95,692.65,692.65,876.6,869.9286,868.5,734.75,882.8333,869.3333,970.0,970.0,810.0,1020.0,1020.0,970.0,970.0,925.0,790.0,790.0,675.0,770.0,770.0,790.0,790.0,675.0,853.5,853.5,733.5,865.5,860.5,853.5,853.5,819.5,869.9286,869.9286,820.0833,839.25,JSL
31406.09,2026-05-15,2025-12-31,2026-03-31,US12769G1004,29.94,2026-07-24,6098.09,Caesars Entertainment Inc.,2026-07-28,2026-06-30,2026-12-31,2026-06-30,29.6,29.86,28.66,28.12,57.77,29.86,90.31,23.35,30.18,30.18,31.2667,31.8667,31.9333,43.9633,32.8333,32.1579,41.0,41.0,62.0,41.0,41.0,41.0,41.0,41.0,27.0,31.0,28.0,24.0,22.0,27.0,27.0,21.0,31.0,31.0,45.0,34.0,33.0,31.0,31.0,33.0,31.8667,31.8667,32.0,23.39,CZR
5750.06,2026-06-29,2026-03-31,2026-03-31,JP3399310006,1124.5,2026-07-24,6051.65,ZOZO Inc.,2026-07-31,2026-06-30,2027-03-31,2027-03-31,1123.5,1193.0,1527.0,1051.5,935.5,1193.0,1131.6667,1223.0,1149.0,1149.0,1227.4118,1235.6471,1227.4118,1495.8824,1371.5882,1424.5294,1700.0,1700.0,2100.0,1900.0,1900.0,1700.0,1700.0,1900.0,880.0,880.0,1000.0,1010.0,1000.0,880.0,880.0,1000.0,1200.0,1200.0,1490.0,1350.0,1407.0,1200.0,1200.0,1407.0,1235.6471,1235.6471,1437.4706,1291.0,3092
14076.87,2026-05-15,2025-12-31,2026-03-31,DE000KGX8881,40.55,2026-07-24,6045.6,KION GROUP AG,2026-07-30,2026-06-30,2026-12-31,2026-06-30,39.42,40.88,52.3,43.38,34.8,40.88,89.96,65.4,38.77,38.77,58.4667,58.6667,58.4667,54.4375,61.8667,66.22,71.0,76.0,67.0,78.0,79.0,71.0,71.0,79.0,42.0,42.0,36.0,46.0,48.5,42.0,42.0,48.5,59.0,61.0,54.5,63.0,68.0,59.0,59.0,68.0,58.3333,58.3333,65.7133,68.25,KGX
10890.78,2026-05-15,2025-12-31,2026-03-31,US1714841087,86.5,2026-07-24,6028.78,Churchill Downs Incorporated,2026-07-29,2026-06-30,2026-12-31,2026-06-30,84.61,83.95,113.75,101.55,130.45,83.95,94.5,102.54,89.64,89.64,135.5833,137.25,136.0,132.8425,135.5833,138.0,155.0,155.0,154.0,155.0,152.0,155.0,155.0,152.0,110.0,110.0,115.0,110.0,124.0,110.0,110.0,115.0,138.5,137.0,132.555,138.0,140.5,138.5,138.5,139.0,137.25,137.25,136.4167,113.78,CHDN
11352.75,2026-05-15,2025-12-31,2026-03-31,US7365088472,52.05,2026-07-24,6023.75,Portland General Electric Company,2026-07-31,2026-06-30,2026-12-31,2026-06-30,52.08,52.43,39.73,50.98,49.12,52.43,48.47,49.33,51.83,51.83,53.0909,52.5455,53.0909,46.7692,52.7727,49.6667,62.0,62.0,58.0,62.0,58.0,62.0,62.0,58.0,43.0,43.0,40.0,42.5,41.0,43.0,43.0,41.0,53.0,55.0,45.0,54.0,51.0,53.0,53.0,48.5,52.5455,52.5455,48.6667,47.99,POR
7242.6,2026-05-15,2025-12-31,2026-03-31,DE000A2LQ884,23.78,2026-07-24,5970.95,AUTO1 Group SE,2026-07-29,2026-06-30,2026-12-31,2026-06-30,24.74,25.38,25.0,18.23,9.65,25.38,41.08,29.86,23.16,23.16,31.0036,30.9679,31.0036,25.8846,30.375,34.2923,38.0,38.0,30.0,37.0,42.0,38.0,38.0,42.0,20.45,20.45,14.0,20.45,22.4,20.45,20.45,20.0,32.85,32.85,28.0,31.5,36.0,32.85,32.85,34.5,30.9679,30.9679,32.9857,27.3,AG1
8117.07,2026-05-15,2025-12-31,2026-03-31,TW0002409000,25.5,2026-07-24,5946.45,AUO Corporation,2026-07-30,2026-06-30,2026-12-31,2026-06-30,27.95,25.4,12.2,17.35,21.4,25.4,25.625,14.45,32.7,32.7,19.825,18.2,19.825,14.3286,15.0,14.5125,23.5,27.0,16.0,17.3,18.2,23.5,23.5,14.7,14.0,15.0,13.6,13.0,12.6,14.0,14.0,12.5,19.25,19.55,14.0,15.0,13.35,19.25,19.25,13.0,18.2,18.2,13.2625,12.25,2409
7160.35,2026-05-15,2025-12-31,2026-03-31,US7818462092,76.57,2026-07-24,5941.4,Rush Enterprises Inc.,2026-07-28,2026-06-30,2026-12-31,2026-06-30,72.23,76.89,54.25,74.92,41.9133,76.89,31.2067,63.01,72.985,72.985,85.0,83.75,85.0,60.5,78.6667,62.5,89.0,90.0,61.0,83.0,70.0,89.0,89.0,60.0,78.0,78.0,60.0,73.0,55.0,78.0,78.0,55.0,84.0,86.0,60.5,80.0,62.5,84.0,84.0,57.5,83.75,83.75,57.5,53.94,RUSHA
7687.09,2026-03-31,2025-12-31,2025-12-31,NL0010801007,88.22,2026-07-24,5921.41,IMCD N.V.,2026-07-29,2026-03-31,2026-12-31,2026-12-31,81.94,88.2,113.35,96.38,136.9,88.2,144.4,77.96,79.0,79.0,112.5,112.0,112.5,153.9286,108.4643,113.4333,150.0,150.0,187.0,150.0,160.0,150.0,150.0,178.0,75.0,75.0,122.0,75.0,82.0,75.0,75.0,82.0,117.5,111.5,150.5,109.0,116.5,117.5,117.5,123.5,112.5,112.5,126.4643,77.34,IMCD
9687.21,2026-05-15,2025-12-31,2026-03-31,CL0002266774,81.01,2026-07-24,5908.16,Enel Chile S.A.,2026-07-28,2026-06-30,2026-12-31,2026-06-30,78.0,81.01,63.8,81.0,62.5,81.01,41.25,75.97,81.0,81.0,85.1429,82.75,85.1429,74.3333,82.1429,78.9167,87.0,90.0,80.0,87.0,85.0,87.0,87.0,85.0,71.0,79.0,70.0,71.0,71.0,71.0,71.0,71.0,85.0,85.0,75.0,85.0,80.0,85.0,85.0,80.0,82.75,82.75,78.9167,73.99,ENELCHILE
5802.4,2026-05-15,2025-12-31,2026-03-31,US55405W1045,379.17,2026-07-24,5904.07,MYR Group Inc.,2026-07-29,2026-06-30,2026-12-31,2026-06-30,470.08,391.51,195.34,339.28,149.37,391.51,96.39,244.6,500.4,500.4,445.5,455.0,445.5,194.25,314.6667,250.1667,564.0,564.0,205.0,351.0,285.0,564.0,564.0,253.0,295.0,295.0,168.0,295.0,235.0,295.0,295.0,230.0,459.5,459.5,202.0,307.0,245.5,459.5,459.5,237.0,455.0,455.0,240.6,218.5,MYRG
7225.31,2026-05-15,2025-12-31,2026-03-31,US3665051054,31.51,2026-07-24,5898.31,Garrett Motion Inc.,2026-07-29,2026-06-30,2026-12-31,2026-06-30,33.32,31.77,12.19,21.01,7.41,31.77,7.17,17.815,36.23,36.23,35.6667,35.6667,35.6667,14.0,22.1667,21.2,42.0,42.0,14.0,24.0,23.0,42.0,42.0,23.0,33.0,33.0,14.0,19.0,19.0,33.0,33.0,17.0,35.0,35.0,14.0,22.5,21.0,35.0,35.0,21.0,35.6667,35.6667,20.8,17.43,GTX
5913.53,2026-06-29,2026-03-31,2026-03-31,US2041661024,142.31,2026-07-24,5894.72,Commvault Systems Inc.,2026-07-28,2026-06-30,2027-03-31,2027-03-31,130.76,147.81,165.97,93.92,75.43,147.81,82.16,123.85,141.73,141.73,159.1506,135.2,149.3381,188.991,132.4286,174.5833,175.0,200.0,210.0,175.0,205.0,175.0,175.0,220.0,100.0,100.0,170.0,100.0,144.0,100.0,100.0,144.0,133.0,155.0,190.055,130.0,177.5,133.0,133.0,190.0,135.2,135.2,189.9167,125.36,CVLT
5748.98,2026-06-29,2026-03-31,2026-03-31,INE259A01022,2088.25,2026-07-24,5891.99,Colgate-Palmolive (India) Limited,2026-07-29,2026-06-30,2027-03-31,2027-03-31,1966.7,2041.95,2259.85,2172.6,1889.6,2041.95,1795.4,2164.95,1998.55,1998.55,2253.6539,2254.6154,2253.6539,2518.8125,2157.6429,2392.2667,2745.0,2745.0,3135.0,2740.0,2870.0,2745.0,2745.0,2900.0,1930.0,1900.0,1800.0,1650.0,1800.0,1930.0,1930.0,1800.0,2250.0,2250.0,2542.5,2125.0,2400.0,2250.0,2250.0,2402.5,2254.6154,2254.6154,2425.0667,2075.7,500830
7364.99,2026-05-15,2025-12-31,2026-03-31,AEF000901015,2.63,2026-07-24,5861.85,Fertiglobe plc,2026-07-28,2026-06-30,2026-12-31,2026-06-30,2.83,2.65,2.69,3.25,3.48,2.65,,2.64,2.76,2.76,3.6176,3.6141,3.5833,2.9406,3.2392,2.9687,4.4004,4.1987,3.3612,3.7502,3.1995,4.4006,4.4006,3.1993,3.0009,3.0012,2.3987,2.8981,2.5897,3.0011,3.0011,2.5895,3.5996,3.5008,3.1003,3.1662,3.0508,3.5007,3.5007,3.0009,3.6077,3.6077,2.9434,2.49,FERTIGLB
8136.89,2026-05-15,2025-12-31,2026-03-31,TRAOTOSN91H6,79.0,2026-07-24,5855.63,Ford Otomotiv Sanayi A.S.,2026-07-28,2026-06-30,2026-12-31,2026-06-30,86.45,83.6,94.3,104.5,90.0,83.6,16.99,105.1,84.55,84.55,143.5364,145.4454,145.4454,141.4217,145.83,144.16,227.0,227.0,224.0,227.0,227.0,227.0,227.0,227.0,120.0,120.0,106.5,113.0,113.0,120.0,120.0,113.0,140.0,140.0,139.55,140.0,141.5,140.0,140.0,143.0,145.4454,145.4454,145.2558,92.65,FROTO
6166.9,2026-03-31,2025-12-31,2025-12-31,CH0038388911,141.3,2026-07-24,5825.35,Sulzer AG,2026-07-28,2026-03-31,2026-12-31,2026-12-31,139.3,143.0,159.6,144.5,81.1,143.0,131.2,172.6,134.2,134.2,184.6,184.6,184.6,165.1667,187.4,173.5714,210.0,210.0,200.0,220.0,200.0,210.0,210.0,200.0,130.0,130.0,89.0,130.0,130.0,130.0,130.0,130.0,196.0,196.0,186.0,196.0,177.0,196.0,196.0,171.0,184.6,184.6,171.6667,147.4,SUN
7523.04,2026-05-10,2025-12-31,2026-03-26,US3397501012,53.75,2026-07-24,5810.06,Floor & Decor Holdings Inc.,2026-07-30,2026-06-26,2026-12-31,2026-06-26,56.94,56.79,78.69,51.08,110.0,56.79,120.18,75.24,59.36,59.36,54.5455,53.9091,54.6364,83.7104,70.5455,77.1818,75.0,75.0,105.0,90.0,92.0,75.0,75.0,92.0,37.0,37.0,59.0,45.0,58.0,37.0,37.0,58.0,53.5,55.5,80.0,70.0,75.5,53.5,53.5,76.5,53.9091,53.9091,77.7273,60.89,FND
5161.17,2026-06-29,2026-03-31,2026-03-31,JP3885400006,3583.0,2026-07-24,5788.51,MISUMI Group Inc.,2026-07-31,2026-06-30,2027-03-31,2027-03-31,3814.0,3632.0,2116.5,3393.0,2736.0,3632.0,3905.0,2551.0,3994.0,3994.0,4620.0,4000.0,4380.0,2841.6667,3660.0,3020.0,5600.0,5600.0,3750.0,4500.0,3300.0,5600.0,5600.0,3300.0,3200.0,3200.0,1900.0,3200.0,2400.0,3200.0,3200.0,2300.0,3500.0,4400.0,2900.0,3300.0,3200.0,4400.0,4400.0,3200.0,4380.0,4380.0,3000.0,2447.0,9962
5806.07,2026-08-14,2026-03-31,2026-06-30,INE372A01015,13889.0,2026-07-24,5787.46,APAR Industries Limited,2026-07-24,2026-09-30,2027-03-31,2026-09-30,16665.0,13836.0,9146.0,11532.0,3812.3,13836.0,612.8,7033.0,15695.0,15695.0,13673.0,13547.1429,13547.2857,8743.2,10773.4286,10563.5,15171.0,15171.0,10500.0,12750.0,11148.0,15171.0,15171.0,11148.0,10740.0,10740.0,6672.0,9568.0,9431.0,10740.0,10740.0,6672.0,13880.0,13880.0,8919.0,10600.0,10745.0,13880.0,13880.0,10740.0,13547.1429,13547.1429,10052.2857,8367.5,APARINDS
5822.1,2026-05-15,2025-12-31,2026-03-31,FR0013506730,22.11,2026-07-24,5770.82,Vallourec S.A.,2026-07-30,2026-06-30,2026-12-31,2026-06-30,21.5,20.73,16.625,25.17,11.99,20.73,7.78,17.985,20.49,20.49,27.2455,27.4364,27.3364,21.0444,24.5909,19.9727,31.5,31.5,22.6,30.0,23.6,31.5,31.5,22.6,18.5,18.5,18.8,15.5,14.8,18.5,18.5,14.8,28.0,28.0,21.0,27.5,20.8,28.0,28.0,20.9,27.4364,27.4364,20.22,15.69,VK
10640.19,2026-05-15,2025-12-31,2026-03-31,CA0717051076,16.17,2026-07-24,5765.19,Bausch + Lomb Corporation,2026-07-29,2026-06-30,2026-12-31,2026-06-30,15.51,16.26,13.97,15.82,19.65,16.26,,16.98,16.56,16.56,18.1364,17.875,18.1364,14.4643,18.3462,17.3929,21.0,21.0,18.0,21.0,21.0,21.0,21.0,21.0,16.0,16.0,11.0,15.0,13.0,16.0,16.0,13.0,18.0,18.0,15.0,18.0,17.25,18.0,18.0,17.0,17.875,17.875,17.25,17.08,BLCO
6338.63,2026-08-14,2025-12-31,2026-06-30,MYL5246OO003,6.85,2026-07-24,5754.05,Westports Holdings Berhad,2026-07-24,2026-09-30,2026-12-31,2026-09-30,6.05,6.15,5.71,5.65,3.57,6.15,4.24,5.9,6.06,6.06,6.7329,6.3753,6.4241,5.6382,6.16,5.97,7.4,7.49,6.5,7.4,6.73,7.4,7.4,6.73,4.5,4.5,4.4,4.5,4.5,4.5,4.5,4.5,6.37,6.48,6.0,6.32,6.345,6.37,6.37,6.225,6.3753,6.3753,5.9367,5.67,WPRTS
8298.11,2026-05-15,2025-12-31,2026-03-31,US03168L1052,17.92,2026-07-24,5716.89,Amneal Pharmaceuticals Inc.,2026-07-30,2026-06-30,2026-12-31,2026-06-30,17.27,17.85,8.0,12.52,3.28,17.85,4.83,13.39,17.31,17.31,18.75,17.25,18.25,11.75,17.0,14.4,19.0,23.0,12.0,19.0,15.0,19.0,19.0,15.0,16.0,16.0,11.0,15.0,13.0,16.0,16.0,13.0,17.0,17.0,12.0,17.0,15.0,17.0,17.0,14.0,17.25,17.25,14.0,12.6,AMRX
2860.31,2026-05-29,2026-02-28,2026-02-28,US8740801043,10.3,2026-07-24,5712.91,TAL Education Group,2026-07-30,2026-05-28,2027-02-28,2027-02-28,9.16,10.24,9.82,11.24,6.31,10.24,6.0,11.19,9.57,9.57,15.5894,15.6172,15.5894,12.2645,15.6467,14.65,18.67,18.67,14.9,19.5,17.7,18.67,18.67,17.7,11.54,11.54,9.55,11.54,11.54,11.54,11.54,11.2,16.0,16.0,12.0,15.6,14.8,16.0,16.0,14.7,15.5894,15.5894,14.4583,10.91,TAL
5726.97,2026-06-29,2026-03-31,2026-03-31,INE944F01028,4091.3,2026-07-24,5684.3,Radico Khaitan Limited,2026-07-28,2026-06-30,2027-03-31,2027-03-31,3757.7,4097.9,2726.3,3187.2,1403.75,4097.9,861.7,2962.0,3945.5,3945.5,3978.7,3894.25,3978.7,2782.5,3560.1667,3548.0,4304.0,4550.0,3090.0,4177.0,3850.0,4500.0,4500.0,3800.0,3700.0,3700.0,2483.0,3200.0,3235.0,3700.0,3700.0,2650.0,3850.0,3926.5,2759.5,3504.0,3544.0,3887.5,3887.5,3550.0,3926.75,3926.75,3502.5263,3298.4,RADICO
32910.63,2026-05-15,2025-12-31,2026-03-31,US0537741052,159.48,2026-07-24,5633.63,Avis Budget Group Inc.,2026-07-28,2026-06-30,2026-12-31,2026-06-30,175.29,160.57,207.55,204.0,224.44,160.57,79.46,121.68,147.83,147.83,138.8571,134.1429,134.1429,125.0,120.2857,142.8571,170.0,170.0,196.0,165.0,178.0,170.0,170.0,178.0,85.0,85.0,87.0,85.0,105.0,85.0,85.0,105.0,140.0,140.0,116.0,112.0,142.0,140.0,140.0,142.0,134.1429,134.1429,142.8571,128.32,CAR
5403.59,2026-05-15,2025-12-31,2026-03-31,DE000A3E5D64,41.06,2026-07-24,5630.99,Fuchs SE,2026-07-31,2026-06-30,2026-12-31,2026-06-30,39.6,39.66,42.82,37.94,37.7,39.66,41.04,39.32,38.24,38.24,47.4778,46.88,47.08,50.6222,47.6,48.9,52.0,52.0,58.0,55.0,55.0,52.0,52.0,55.0,36.0,36.0,39.0,34.0,43.0,36.0,36.0,45.0,47.5,47.5,53.0,49.5,49.5,47.5,47.5,50.0,46.88,46.88,49.625,38.14,FPE3
6477.05,2026-03-31,2025-12-31,2025-12-31,SGXE34184239,2.13,2026-07-24,5591.71,Seatrium Limited,2026-07-31,2026-03-31,2026-12-31,2026-12-31,1.98,1.99,2.43,2.41,2.9,1.99,2.06,2.11,1.97,1.97,2.745,2.745,2.745,2.7756,2.7794,2.7289,3.15,3.15,3.0,3.15,3.05,3.15,3.15,3.05,1.85,1.85,2.5,1.85,1.85,1.85,1.85,2.57,2.75,2.75,2.8,2.82,2.8,2.75,2.75,2.8,2.745,2.745,2.8089,2.16,5E2
7042.41,2026-03-31,2025-12-31,2025-12-31,BE0974320526,20.28,2026-07-24,5547.01,Umicore SA,2026-07-31,2026-03-31,2026-12-31,2026-12-31,21.02,19.33,15.22,17.05,27.37,19.33,53.88,20.86,20.24,20.24,25.4786,24.58,25.4786,13.3733,18.9143,18.0333,33.0,33.0,20.0,22.5,25.0,33.0,33.0,25.0,15.0,18.5,10.0,14.0,12.0,15.0,15.0,10.0,24.0,24.5,13.0,19.5,18.0,24.0,24.0,16.0,24.58,24.58,16.0,17.9,UMI
5483.76,2026-05-15,2025-12-31,2026-03-31,TW0003081006,1760.0,2026-07-24,5534.33,LandMark Optoelectronics Corporation,2026-07-29,2026-06-30,2026-12-31,2026-06-30,1850.0,1435.0,350.4545,2309.0909,99.5455,1435.0,224.0909,744.5455,1836.3636,1836.3636,2376.3944,2601.4773,2376.3944,300.303,2681.0227,499.8701,4307.2727,3915.7,394.5455,4307.2727,788.1818,4307.2727,4307.2727,692.7273,586.3636,586.3636,201.8182,586.3636,236.3636,586.3636,586.3636,236.3636,2788.6364,2500.0005,276.3636,3038.6364,436.3636,2788.6364,2788.6364,409.0909,2601.4773,2601.4773,429.3506,557.2727,3081
9129.95,2026-06-29,2026-03-31,2026-03-31,JP3417200007,3560.0,2026-07-24,5522.47,Seibu Holdings Inc.,2026-07-31,2026-06-30,2027-03-31,2027-03-31,2993.5,3619.0,4166.0,3845.0,1522.0,3619.0,1289.0,4059.0,3173.0,3173.0,3192.8571,3374.2857,3307.1429,3575.0,4110.0,4023.3333,5000.0,5000.0,4500.0,5000.0,5100.0,5000.0,5000.0,5100.0,2380.0,2380.0,2180.0,2320.0,2340.0,2380.0,2380.0,2340.0,3100.0,3100.0,3635.0,4500.0,4400.0,3100.0,3100.0,4400.0,3374.2857,3374.2857,4023.3333,4304.0,9024
6783.85,2026-05-15,2025-12-31,2026-03-31,US71385M1071,33.73,2026-07-24,5502.28,Perimeter Solutions Inc.,2026-07-31,2026-06-30,2026-12-31,2026-06-30,35.74,34.42,16.79,30.85,5.6,34.42,,28.22,35.65,35.65,45.0,40.6667,45.0,18.5,32.5,33.0,48.0,50.0,20.0,35.0,35.0,48.0,48.0,35.0,34.0,40.0,17.0,30.0,31.0,34.0,34.0,30.0,40.0,45.0,18.5,32.5,33.0,40.0,40.0,32.5,40.6667,40.6667,32.5,27.53,PRM
6182.69,2026-03-31,2025-12-31,2025-12-31,GB00BJFFLV09,29.32,2026-07-24,5464.93,Croda International Plc,2026-07-28,2026-03-31,2026-12-31,2026-12-31,31.79,29.28,28.77,29.13,56.62,29.28,79.32,27.64,30.24,30.24,36.2893,36.1893,36.2893,38.4462,35.7964,34.0214,52.0,52.0,52.0,52.0,52.0,52.0,52.0,52.0,28.65,28.65,26.0,28.65,23.0,28.65,28.65,23.0,35.0,35.0,36.0,34.5,31.25,35.0,35.0,31.5,36.1893,36.1893,34.3769,26.95,CRDA
6415.69,2026-05-15,2025-12-31,2026-03-31,US3873281071,124.47,2026-07-24,5445.15,Granite Construction Incorporated,2026-07-30,2026-06-30,2026-12-31,2026-06-30,151.88,124.03,94.87,123.37,42.99,124.03,37.88,120.28,158.08,158.08,169.0,167.2,169.0,101.75,153.25,132.2,185.0,185.0,118.0,161.0,147.0,185.0,185.0,147.0,141.0,139.0,76.0,132.0,109.0,141.0,141.0,109.0,170.0,172.5,106.5,160.0,135.0,172.5,172.5,130.0,169.3333,169.3333,130.2,115.35,GVA
15029.38,2026-05-15,2025-12-31,2026-03-31,US42704L1044,162.59,2026-07-24,5429.38,Herc Holdings Inc.,2026-07-28,2026-06-30,2026-12-31,2026-06-30,143.23,149.47,147.29,122.45,135.79,149.47,117.48,159.7,143.34,143.34,174.8333,170.0909,174.8333,180.1818,162.3,173.2,206.0,220.0,285.0,200.0,205.0,206.0,206.0,200.0,115.0,115.0,100.0,115.0,120.0,115.0,115.0,120.0,175.0,175.0,170.0,162.5,172.0,170.0,170.0,170.0,169.25,169.25,168.2,148.38,HRI
6957.75,2026-05-15,2025-12-31,2026-03-31,US76171L1061,25.61,2026-07-24,5397.75,Reynolds Consumer Products Inc.,2026-07-29,2026-06-30,2026-12-31,2026-06-30,25.73,26.24,22.17,21.06,27.8,26.24,28.7,24.05,26.85,26.85,26.4286,25.1429,25.1429,25.875,25.1429,27.2857,30.0,30.0,30.0,30.0,30.0,30.0,30.0,30.0,23.0,23.0,21.0,23.0,25.0,23.0,23.0,25.0,24.0,24.0,25.5,24.0,27.0,24.0,24.0,27.5,25.1429,25.1429,27.75,22.92,REYN
8415.53,2026-03-31,2025-12-31,2025-12-31,FR0000077919,21.96,2026-07-24,5314.56,JCDecaux SE,2026-07-30,2026-03-31,2026-12-31,2026-12-31,18.98,21.94,15.65,18.72,16.58,21.94,23.78,17.16,19.24,19.24,23.9846,23.5769,23.9846,19.5154,22.9615,19.1077,29.0,30.0,24.0,29.0,24.0,29.0,29.0,24.0,19.9,19.9,15.6,16.6,16.0,19.9,19.9,16.0,23.0,23.0,18.1,22.5,18.5,23.0,23.0,18.0,23.5769,23.5769,18.5539,15.48,DEC
5265.69,2026-06-29,2026-03-31,2026-03-31,INE152A01029,4514.0,2026-07-24,5274.58,Thermax Limited,2026-07-30,2026-06-30,2027-03-31,2027-03-31,4757.4,4662.0,3850.4,4006.5,2447.25,4662.0,1430.15,2920.6,5159.5,5159.5,4438.9091,4409.3636,4438.9091,3506.8571,3471.5,3475.4,5930.0,5930.0,4465.0,4900.0,5100.0,5930.0,5930.0,5100.0,2893.0,2893.0,2400.0,2700.0,2644.0,2893.0,2893.0,2400.0,4362.5,4362.5,3497.0,3374.5,3436.5,4362.5,4362.5,3433.0,4409.3636,4409.3636,3474.2381,3022.6,THERMAX
7712.06,2026-06-29,2026-03-31,2026-03-31,INE628A01036,602.1,2026-07-24,5272.69,UPL Limited,2026-07-31,2026-06-30,2027-03-31,2027-03-31,599.3,616.4,726.35,631.5,632.5,616.4,819.15,702.25,571.3,571.3,764.7778,760.9412,764.7778,725.6608,811.5,791.7829,890.0,890.0,1000.0,947.0,944.0,890.0,890.0,944.0,600.0,600.0,470.0,630.0,580.0,600.0,600.0,580.0,762.0,786.0,720.0,833.0,815.0,762.0,762.0,814.0,760.9412,760.9412,788.5438,794.7,512070
5218.34,2026-06-29,2026-03-31,2026-03-31,INE702C01027,1825.7,2026-07-24,5258.65,APL Apollo Tubes Limited,2026-08-01,2026-06-30,2027-03-31,2027-03-31,1825.0,1793.7,1688.35,2004.3,1435.15,1793.7,810.6,2001.0,1788.35,1788.35,2213.3912,2230.0526,2213.3912,1837.3529,2261.2105,2175.4706,2810.0,2810.0,2109.0,2617.0,2638.0,2810.0,2810.0,2286.0,1490.0,1481.0,1210.0,1400.0,1400.0,1490.0,1490.0,1320.0,2250.0,2198.0,1859.0,2350.0,2260.0,2231.0,2231.0,2020.0,2224.7895,2224.7895,1955.4706,1914.45,533758
4874.25,2026-05-15,2025-12-31,2026-03-31,US9222801022,45.74,2026-07-24,5251.6,Varonis Systems Inc.,2026-07-28,2026-06-30,2026-12-31,2026-06-30,37.29,47.54,53.38,24.53,26.35,47.54,63.01,34.95,41.96,41.96,47.4091,36.5,39.0909,54.7671,33.4286,49.6,47.0,52.0,65.0,50.0,62.0,47.0,47.0,62.0,28.0,28.0,39.0,27.0,37.0,28.0,28.0,40.0,36.0,37.0,58.0,30.0,48.5,36.5,36.5,51.0,37.0455,37.0455,51.25,32.8,VRNS
5342.9,2026-05-15,2025-12-31,2026-03-31,US0576652004,162.81,2026-07-24,5231.06,Balchem Corporation,2026-07-31,2026-06-30,2026-12-31,2026-06-30,169.28,163.35,149.2,173.78,129.75,163.35,131.87,167.54,168.95,168.95,200.75,200.75,200.75,196.6667,200.5,191.0,234.0,234.0,218.0,234.0,220.0,234.0,234.0,220.0,164.0,164.0,180.0,163.0,162.0,164.0,164.0,162.0,202.5,202.5,192.0,202.5,191.0,202.5,202.5,191.0,200.75,200.75,191.0,153.36,BCPC
5333.6,2026-05-15,2025-12-31,2026-03-31,MYL4707OO005,90.62,2026-07-24,5194.42,Nestlé (Malaysia) Berhad,2026-07-31,2026-06-30,2026-12-31,2026-06-30,95.66,93.44,82.32,99.3,131.8,93.44,133.3,115.2,93.46,93.46,113.2667,113.2667,113.2667,86.5333,112.375,107.6846,135.0,135.0,102.8,131.0,135.0,135.0,135.0,129.0,91.8,91.8,74.9,91.8,73.0,91.8,91.8,73.0,113.0,113.0,83.55,113.0,103.0,113.0,113.0,100.0,113.2667,113.2667,103.9923,114.0,NESTLE
7355.86,2026-05-19,2025-12-31,2026-04-04,US1170431092,79.92,2026-07-24,5192.76,Brunswick Corporation,2026-07-30,2026-07-04,2026-12-31,2026-07-04,84.85,80.45,59.39,79.37,87.27,80.45,99.96,86.66,84.24,84.24,90.1765,90.1176,90.1765,60.645,89.5294,81.3529,120.0,120.0,88.0,120.0,115.0,120.0,120.0,90.0,76.0,76.0,42.0,76.0,68.0,76.0,76.0,65.0,90.0,90.0,60.0,90.0,79.0,90.0,90.0,74.0,90.1176,90.1176,75.4118,74.24,BC
7957.45,2026-03-31,2025-12-31,2025-12-31,IT0005599938,12.775,2026-07-24,5183.69,Fincantieri S.p.A.,2026-07-29,2026-03-31,2026-12-31,2026-12-31,10.61,12.585,16.81,12.16,4.995,12.585,7.19,17.05,9.95,9.95,17.3444,16.5556,17.3444,15.7286,18.4667,21.4444,19.0,20.5,18.8,23.0,25.0,19.0,19.0,26.0,13.5,13.5,12.5,16.2,18.5,13.5,13.5,18.5,16.3,17.8,16.0,18.5,22.0,16.3,16.3,22.6,16.5556,16.5556,22.1875,16.7,FCT
5635.11,2026-05-18,2025-12-31,2026-04-03,CA9528451052,93.34,2026-07-24,5183.27,West Fraser Timber Co. Ltd.,2026-07-29,2026-07-03,2026-12-31,2026-07-03,98.95,98.54,96.82,89.5,115.27,98.54,90.0,98.81,96.01,96.01,105.5382,106.6123,106.6123,119.8697,106.2619,103.7259,110.119,110.119,121.7512,110.4388,111.3216,110.119,110.119,111.3216,103.1055,103.1055,117.9882,102.085,96.1301,103.1055,103.1055,96.1301,106.6123,106.6123,119.8697,106.2619,103.7259,106.6123,106.6123,103.7259,106.6123,106.6123,103.7259,83.97,WFG
5745.38,2026-05-15,2025-12-31,2026-03-31,US5186132032,37.0,2026-07-24,5179.2,Laureate Education Inc.,2026-07-30,2026-06-30,2026-12-31,2026-06-30,36.85,36.45,23.01,30.99,12.56,36.45,14.53,34.65,36.32,36.32,40.9286,40.25,40.25,26.5,40.0833,38.1667,43.0,43.0,27.0,43.0,43.0,43.0,43.0,40.0,36.5,36.5,26.0,36.5,32.0,36.5,36.5,32.0,40.0,40.0,26.5,40.25,39.0,40.0,40.0,37.0,40.25,40.25,36.8333,33.67,LAUR
5904.69,2026-06-29,2026-03-31,2026-03-31,BE0974256852,38.0,2026-07-24,5175.3,Colruyt Group N.V.,2026-07-31,2026-06-30,2027-03-31,2027-03-31,35.3,38.3,37.7,33.3,35.28,38.3,47.97,31.4,35.96,35.96,34.9982,34.598,34.9982,41.7375,34.6278,36.0822,39.0,40.0,47.0,39.0,47.0,39.0,39.0,47.0,25.18,25.18,34.0,24.85,27.94,25.18,25.18,27.94,36.25,36.5,42.45,37.5,37.5,36.25,36.25,36.75,34.598,34.598,36.4675,31.5,COLR
5097.58,2026-05-15,2025-12-31,2026-03-31,IT0004931058,13.94,2026-07-24,5171.47,Maire S.p.A.,2026-07-30,2026-06-30,2026-12-31,2026-06-30,14.53,13.77,12.23,14.69,3.716,13.77,2.996,14.34,14.32,14.32,17.4625,17.4625,17.4625,12.3143,16.3875,14.4125,19.0,19.0,13.0,17.5,15.5,19.0,19.0,15.5,16.0,16.0,11.0,14.0,13.0,16.0,16.0,13.0,17.5,17.5,12.5,16.6,14.4,17.5,17.5,14.3,17.4625,17.4625,14.3286,13.05,MAIRE
4852.36,2026-05-15,2025-12-31,2026-03-31,DE000A0WMPJ6,40.23,2026-07-24,5159.04,AIXTRON SE,2026-07-30,2026-06-30,2026-12-31,2026-06-30,53.34,39.46,15.4,46.57,30.84,39.46,21.21,21.18,52.62,52.62,51.8067,51.8067,51.8067,15.4214,36.2867,19.4267,73.0,73.0,22.0,48.3,26.0,73.0,73.0,25.1,39.0,39.0,10.9,23.5,13.5,39.0,39.0,13.5,50.0,50.0,13.75,35.0,20.0,50.0,50.0,15.75,51.8067,51.8067,17.5,17.305,AIXA
25684.13,2026-06-29,2026-03-31,2026-03-31,JP3246400000,1781.5,2026-07-24,5143.58,Kyushu Electric Power Company Incorporated,2026-07-31,2026-06-30,2027-03-31,2027-03-31,1664.0,1767.5,1359.5,1701.0,954.9,1767.5,836.0,1676.5,1642.5,1642.5,2233.3333,2154.0,2233.3333,1776.0,1976.0,1974.0,3230.0,3230.0,2190.0,2800.0,2790.0,3230.0,3230.0,2790.0,1540.0,1540.0,1440.0,1540.0,1540.0,1540.0,1540.0,1540.0,2100.0,2150.0,1700.0,1800.0,1800.0,2100.0,2100.0,1800.0,2154.0,2154.0,1974.0,1679.0,9508
12719.15,2026-05-15,2025-12-31,2026-03-31,US00090Q1031,7.04,2026-07-24,5105.87,ADT Inc.,2026-07-30,2026-06-30,2026-12-31,2026-06-30,6.55,7.0,8.67,7.26,6.3,7.0,10.44,8.03,6.5,6.5,8.16,8.16,8.16,9.24,8.1,9.48,9.0,9.0,10.2,9.0,10.4,9.0,9.0,10.4,7.0,7.0,9.0,7.0,9.0,7.0,7.0,9.0,8.5,8.5,9.0,8.5,9.0,8.5,8.5,9.0,8.16,8.16,9.48,8.07,ADT
11207.46,2026-06-29,2026-03-31,2026-03-31,JP3583900000,1435.0,2026-07-24,5084.78,Tokyo Metro Co. Ltd.,2026-07-31,2026-06-30,2027-03-31,2027-03-31,1386.5,1472.0,1612.0,1575.0,,1472.0,,1653.5,1421.5,1421.5,1519.0,1519.0,1519.0,1838.0,1667.0,1685.0,1800.0,1800.0,2300.0,2000.0,2000.0,1800.0,1800.0,2000.0,1250.0,1250.0,1500.0,1400.0,1500.0,1250.0,1250.0,1500.0,1500.0,1500.0,1750.0,1625.0,1600.0,1500.0,1500.0,1600.0,1519.0,1519.0,1685.0,1594.5,9023
5670.27,2026-05-15,2025-12-31,2026-03-31,ID1000058407,25500.0,2026-07-24,5073.49,PT United Tractors Tbk,2026-07-30,2026-06-30,2026-12-31,2026-06-30,22000.0,26550.0,24225.0,31850.0,25400.0,26550.0,19750.0,27275.0,23000.0,23000.0,31671.875,31768.75,31671.875,27358.3333,33825.0,31011.8421,42000.0,42000.0,33000.0,42000.0,40000.0,42000.0,42000.0,39200.0,27500.0,27000.0,21400.0,27500.0,24100.0,27500.0,27500.0,24100.0,31500.0,31500.0,26500.0,33000.0,30200.0,31500.0,31500.0,29387.5,31768.75,31768.75,30376.3889,29500.0,UNTR
6820.36,2026-05-15,2025-12-31,2026-03-31,PLTLKPL00017,14.56,2026-07-24,5032.37,Orange Polska S.A.,2026-07-27,2026-06-30,2026-12-31,2026-06-30,14.495,14.52,9.03,14.445,7.28,14.52,7.67,11.03,14.32,14.32,13.7767,13.7556,13.7767,9.3837,12.3778,10.2444,16.3,16.6,10.8,15.7,12.0,16.3,16.3,12.0,6.1,6.1,6.1,6.1,6.1,6.1,6.1,6.1,15.5,15.5,9.9,14.0,10.4,15.5,15.5,10.4,13.7556,13.7556,10.2444,10.19,OPL
3736.33,2026-05-15,2025-12-31,2026-03-31,AEN000401010,21.86,2026-07-24,5024.81,NMDC Group PJSC,2026-07-29,2026-06-30,2026-12-31,2026-06-30,22.3,22.56,24.74,19.38,21.4,22.56,,20.6,22.0,22.0,31.0333,32.5,31.0333,33.2,29.55,29.55,34.0,34.0,33.2,31.0,31.0,34.0,34.0,31.0,31.0,28.1,33.2,28.1,28.1,31.0,31.0,28.1,32.5,31.0,33.2,29.55,29.55,32.5,32.5,29.55,32.5,32.5,29.55,20.3,NMDC
6288.63,2026-05-15,2025-12-31,2026-03-31,DE000WCH8881,88.65,2026-07-24,5007.34,Wacker Chemie AG,2026-07-30,2026-06-30,2026-12-31,2026-06-30,93.3,89.75,70.3,95.5,138.0,89.75,123.2,72.95,90.9,90.9,90.05,88.7571,88.9714,78.9286,80.0714,69.9286,110.0,110.0,113.0,96.0,88.0,110.0,110.0,88.0,60.0,60.0,52.0,50.0,50.0,60.0,60.0,50.0,91.3,91.3,76.5,85.5,68.5,91.3,91.3,66.5,88.7571,88.7571,67.3571,69.35,WCH
5573.74,2026-05-15,2025-12-31,2026-03-31,MX01OM000018,226.26,2026-07-24,4996.75,Grupo Aeroportuario del Centro Norte S.A.B. de C.V.,2026-07-27,2026-06-30,2026-12-31,2026-06-30,236.46,230.62,251.58,253.82,179.65,230.62,118.58,250.58,247.62,247.62,263.2429,260.8143,261.8143,243.8077,262.3857,258.0714,320.0,320.0,294.5,309.0,297.0,320.0,320.0,297.0,214.0,214.0,200.0,214.0,212.0,214.0,214.0,212.0,259.0,262.0,240.0,268.0,262.5,259.0,259.0,262.5,260.8143,260.8143,256.4286,243.53,OMAB
5291.0,2026-03-31,2025-12-31,2025-12-31,KYG9828G1082,8.85,2026-07-24,4992.7,Xinyi Glass Holdings Limited,2026-07-31,2026-03-31,2026-12-31,2026-12-31,8.59,8.77,8.89,10.03,11.24,8.77,31.9,9.01,8.53,8.53,10.695,10.6318,10.695,8.047,10.235,8.7658,14.6,14.6,9.7,13.0,10.5,14.6,14.6,10.5,6.44,6.44,6.44,6.44,6.44,6.44,6.44,6.44,10.2,11.1,8.0,10.0,9.105,10.2,10.2,8.75,10.6318,10.6318,8.6108,8.27,868
5294.81,2026-05-15,2025-12-31,2026-03-31,US3846371041,1154.88,2026-07-24,4974.17,Graham Holdings Company,2026-07-29,2026-06-30,2026-12-31,2026-06-30,1172.86,1177.86,904.31,1127.82,583.17,1177.86,653.76,1172.12,1141.42,1141.42,990.0,990.0,990.0,785.0,1040.0,995.0,990.0,990.0,785.0,1040.0,995.0,990.0,990.0,945.0,990.0,990.0,785.0,1040.0,995.0,990.0,990.0,945.0,990.0,990.0,785.0,1040.0,995.0,990.0,990.0,945.0,990.0,990.0,945.0,1098.6,GHC
4596.82,2026-05-12,2025-12-31,2026-03-28,US90278Q1085,87.94,2026-07-24,4966.87,UFP Industries Inc.,2026-07-29,2026-06-28,2026-12-31,2026-06-28,89.8,85.93,103.74,94.9,99.4,85.93,72.77,105.42,90.74,90.74,103.0,103.0,103.0,120.0,111.0,109.8,115.0,115.0,135.0,125.0,125.0,115.0,115.0,125.0,87.0,87.0,110.0,100.0,98.0,87.0,87.0,98.0,105.0,105.0,117.5,110.0,112.0,105.0,105.0,110.0,103.0,103.0,109.4,91.05,UFPI
9131.73,2026-05-15,2025-12-31,2026-03-31,US8270481091,46.43,2026-07-24,4906.71,Silgan Holdings Inc.,2026-07-29,2026-06-30,2026-12-31,2026-06-30,44.67,47.18,55.37,39.02,48.07,47.18,39.04,43.37,46.39,46.39,54.7692,53.1667,54.5833,61.2333,53.9167,49.0,61.0,61.0,75.0,61.0,54.0,61.0,61.0,54.0,44.0,47.0,47.0,46.0,43.0,44.0,44.0,42.0,53.0,55.0,62.5,53.5,50.0,53.0,53.0,51.0,53.1667,53.1667,49.8182,40.37,SLGN
5186.31,2026-05-15,2025-12-31,2026-03-31,US55826T1025,136.26,2026-07-24,4877.05,Sphere Entertainment Co.,2026-07-30,2026-06-30,2026-12-31,2026-06-30,155.12,142.62,45.16,131.38,39.01,142.62,70.82,96.2,173.03,173.03,176.5454,170.6667,175.1818,51.2727,136.3636,105.7273,200.0,200.0,75.0,160.0,136.0,200.0,200.0,105.0,150.0,150.0,35.0,111.0,45.0,150.0,150.0,45.0,174.0,175.0,45.0,135.0,110.0,175.0,175.0,90.5,170.4546,170.4546,87.1,95.08,SPHR
6001.37,2026-05-15,2025-12-31,2026-03-31,US59001A1025,72.95,2026-07-24,4865.94,Meritage Homes Corporation,2026-07-29,2026-06-30,2026-12-31,2026-06-30,82.39,74.17,71.05,69.07,70.7,74.17,48.16,72.0,83.85,83.85,81.625,80.25,81.625,90.5333,79.2222,85.375,90.0,93.0,107.0,95.0,104.0,90.0,90.0,101.0,69.0,69.0,70.0,62.0,74.0,69.0,69.0,74.0,81.0,83.0,89.0,80.0,85.0,81.0,81.0,78.0,80.25,80.25,82.1429,65.8,MTH
7384.12,2026-05-15,2025-12-31,2026-03-31,US12653C1080,34.29,2026-07-24,4851.27,CNX Resources Corporation,2026-07-30,2026-06-30,2026-12-31,2026-06-30,33.72,33.28,32.24,38.45,18.43,33.28,12.29,36.64,33.93,33.93,37.8182,38.8182,38.0909,32.1538,38.4167,35.2143,49.0,49.0,41.0,48.0,49.0,49.0,49.0,49.0,34.0,32.0,25.0,33.0,24.0,32.0,32.0,24.0,38.0,36.0,32.0,37.0,34.0,38.0,38.0,34.0,38.6364,38.6364,35.0714,36.77,CNX
4485.53,2026-06-29,2026-03-31,2026-03-31,JP3931600005,2746.0,2026-07-24,4837.9,Yakult Honsha Co.Ltd.,2026-07-31,2026-06-30,2027-03-31,2027-03-31,2753.0,2834.5,2599.0,2732.5,4467.5,2834.5,3200.0,2510.0,2746.0,2746.0,2480.0,2500.0,2480.0,3075.0,2510.0,2450.0,3700.0,3600.0,4400.0,3900.0,3600.0,3600.0,3600.0,3600.0,2000.0,2000.0,2350.0,1800.0,1900.0,2000.0,2000.0,1900.0,2300.0,2250.0,3050.0,2450.0,2300.0,2300.0,2300.0,2450.0,2490.0,2490.0,2540.0,2448.5,2267
4518.48,2026-05-15,2025-12-31,2026-03-31,US29355A1079,36.7,2026-07-24,4836.99,Enphase Energy Inc.,2026-07-28,2026-06-30,2026-12-31,2026-06-30,47.82,41.57,35.515,35.77,177.81,41.57,178.18,39.46,49.24,49.24,48.9346,47.9346,48.9346,46.8382,45.4964,39.4517,85.0,85.0,86.0,85.0,85.0,85.0,85.0,85.0,27.0,27.0,28.0,27.0,26.0,27.0,27.0,26.0,49.5,50.5,43.35,42.5,36.0,52.0,52.0,33.5,48.5115,48.5115,38.6817,32.05,ENPH
4375.72,2026-05-15,2025-12-31,2026-03-31,GB00BRXB0C07,62.84,2026-07-24,4834.78,Kiniksa Pharmaceuticals International plc,2026-07-28,2026-06-30,2026-12-31,2026-06-30,59.13,63.95,26.9,42.79,14.94,63.95,14.5,42.2,63.95,63.95,70.0,63.5,68.125,40.8333,58.0,55.0,72.0,78.0,47.0,68.0,62.0,72.0,72.0,62.0,57.0,60.0,35.0,50.0,50.0,57.0,57.0,48.0,62.0,68.5,41.0,58.0,55.0,64.5,64.5,55.0,65.125,65.125,54.7143,41.25,KNSA
4754.94,2026-03-31,2025-12-31,2025-12-31,CH1431598916,161.8,2026-07-24,4833.67,INFICON Holding AG,2026-07-30,2026-03-31,2026-12-31,2026-12-31,176.0,159.2,107.8,138.0,98.6,159.2,112.0,127.8,182.2,182.2,177.1642,167.521,174.7633,113.3465,123.4274,116.3732,200.4905,220.1476,136.696,159.7904,136.4321,200.4905,200.4905,129.5338,115.6346,115.3132,77.8468,76.8352,72.1318,115.6346,115.6346,73.5854,168.4011,171.3517,120.4069,127.5916,120.5089,168.4011,168.4011,114.5716,167.521,167.521,107.8058,98.8,IFCN
7901.82,2026-05-15,2025-12-31,2026-03-31,FR0010313833,55.8,2026-07-24,4800.63,Arkema S.A.,2026-07-30,2026-06-30,2026-12-31,2026-06-30,57.55,55.75,64.7,61.7,93.18,55.75,102.75,52.1,55.15,55.15,62.0,63.8125,63.3333,79.875,63.0625,61.5882,83.0,83.0,100.0,83.0,85.0,83.0,83.0,90.0,50.0,50.0,56.0,50.0,44.0,50.0,50.0,47.0,63.0,63.0,82.0,62.0,61.0,63.0,63.0,63.0,63.8125,63.8125,64.0625,52.15,AKE
4926.24,2026-06-29,2026-03-31,2026-03-31,INE0BS701011,1019.3,2026-07-24,4800.04,Premier Energies Limited,2026-07-29,2026-06-30,2027-03-31,2027-03-31,1053.4,1086.2,1101.6,1007.55,,1086.2,,683.1,1051.0,1051.0,1113.3333,1112.2222,1113.3333,1003.25,976.5294,1100.3846,1340.0,1340.0,1320.0,1340.0,1340.0,1340.0,1340.0,1340.0,814.0,814.0,780.0,718.0,718.0,814.0,814.0,780.0,1127.5,1127.5,956.5,928.0,1106.0,1127.5,1127.5,1220.0,1112.2222,1112.2222,1124.25,842.15,PREMIERENE
4396.31,2026-06-29,2026-03-31,2026-03-31,JP3344400001,3785.0,2026-07-24,4796.58,Sanwa Holdings Corporation,2026-07-31,2026-06-30,2027-03-31,2027-03-31,3729.0,3768.0,4882.0,3596.0,1896.0,3768.0,1349.0,4044.0,3789.0,3789.0,4485.7143,4485.7143,4485.7143,5128.5714,4635.7143,4985.7143,5800.0,5800.0,5800.0,5800.0,5800.0,5800.0,5800.0,5800.0,3800.0,3800.0,4100.0,4100.0,4200.0,3800.0,3800.0,4200.0,4300.0,4300.0,5200.0,4500.0,4900.0,4300.0,4300.0,4900.0,4485.7143,4485.7143,4985.7143,4079.0,5929
3699.53,2026-06-29,2026-03-31,2026-03-31,JP3940400009,13140.0,2026-07-24,4791.77,Yamato Kogyo Co. Ltd.,2026-07-31,2026-06-30,2027-03-31,2027-03-31,12150.0,12785.0,9440.0,11960.0,6490.0,12785.0,3790.0,11585.0,12135.0,12135.0,13325.0,12950.0,13325.0,9025.0,11900.0,10050.0,14700.0,14700.0,9800.0,14300.0,11000.0,14700.0,14700.0,11000.0,11000.0,11000.0,8200.0,9800.0,9300.0,11000.0,11000.0,9300.0,13050.0,13800.0,9050.0,11750.0,9950.0,13050.0,13050.0,9950.0,12950.0,12950.0,10050.0,10690.0,5444
5533.71,2026-05-15,2025-12-31,2026-03-31,US3029411093,159.79,2026-07-24,4725.0,FTI Consulting Inc.,2026-07-30,2026-06-30,2026-12-31,2026-06-30,144.35,162.55,173.49,184.23,193.14,162.55,137.9,182.41,149.01,149.01,172.0,174.5,172.0,178.0,176.5,177.5,180.0,180.0,178.0,188.0,190.0,180.0,180.0,167.0,169.0,164.0,178.0,165.0,165.0,169.0,169.0,165.0,174.5,172.0,178.0,176.5,177.5,174.5,174.5,166.0,174.5,174.5,166.0,170.83,FCN
4081.28,2026-03-01,2025-06-30,2025-12-31,AU0000397705,10.03,2026-07-24,4723.52,Greatland Resources Limited,2026-07-29,2026-03-31,2026-06-30,2026-06-30,12.12,10.04,6.97,14.17,,10.04,,13.98,11.45,11.45,14.0591,14.7546,14.0591,8.8143,14.43,10.9063,19.0,17.7,13.2,19.0,13.5,17.7,17.7,13.0,8.5,8.5,6.2,8.3,5.2,8.5,8.5,5.0,15.0,15.0,8.0,14.75,11.25,15.0,15.0,10.7,14.5,14.5,9.8938,10.49,GGP
4180.75,2026-05-11,2025-09-30,2026-03-27,US25659T1079,49.86,2026-07-24,4716.66,Dolby Laboratories Inc.,2026-07-30,2026-06-27,2026-09-30,2026-06-27,52.64,49.07,76.33,64.08,88.57,49.07,97.92,62.05,52.58,52.58,78.3333,78.3333,78.3333,102.3333,81.0,90.5,90.0,90.0,112.0,90.0,114.0,90.0,90.0,114.0,60.0,60.0,95.0,68.0,68.0,60.0,60.0,68.0,85.0,85.0,100.0,85.0,90.0,85.0,85.0,90.0,78.3333,78.3333,90.5,64.22,DLB
5641.76,2026-06-29,2026-03-31,2026-03-31,US1264021064,289.18,2026-07-24,4712.55,CSW Industrials Inc.,2026-07-30,2026-06-30,2027-03-31,2027-03-31,280.46,279.27,283.38,296.18,173.225,279.27,116.53,319.54,278.3,278.3,326.4286,324.5714,326.4286,334.6667,322.7143,321.1667,378.0,378.0,405.0,378.0,350.0,378.0,378.0,350.0,285.0,285.0,305.0,280.0,271.0,285.0,285.0,271.0,315.0,315.0,320.5,307.0,333.0,315.0,315.0,306.5,324.5714,324.5714,312.3333,293.53,CSW
6523.91,2026-03-31,2025-12-31,2025-12-31,FR0013451333,22.41,2026-07-24,4703.1,FDJ United,2026-07-29,2026-03-31,2026-12-31,2026-12-31,21.91,23.11,30.36,24.72,35.42,23.11,49.56,22.62,21.39,21.39,26.8091,26.9,26.8091,37.7222,27.55,30.6818,39.0,39.0,43.0,39.0,42.0,39.0,39.0,41.0,20.0,20.0,29.5,22.0,22.5,20.0,20.0,22.5,26.0,26.0,37.5,27.0,29.0,26.0,26.0,31.0,26.9,26.9,31.08,23.62,FDJU
7602.59,2026-05-15,2025-12-31,2026-03-31,DE0006969603,27.99,2026-07-24,4684.91,PUMA SE,2026-07-31,2026-06-30,2026-12-31,2026-06-30,26.66,28.68,24.63,25.0,56.62,28.68,105.85,18.5,26.58,26.58,29.4421,29.3111,29.4421,28.8738,26.9118,23.6474,40.5,40.5,60.0,40.0,40.0,40.5,40.5,40.0,22.0,22.0,19.1,17.5,16.0,22.0,22.0,16.0,26.25,27.0,25.0,25.0,21.0,26.25,26.25,22.0,29.3111,29.3111,24.8579,22.3,PUM
7106.35,2026-05-18,2026-01-31,2026-04-03,US48242W1062,36.93,2026-07-24,4682.35,KBR Inc.,2026-07-30,2026-07-03,2027-01-31,2026-07-03,33.19,35.07,47.09,35.23,63.46,35.07,39.2,44.37,34.53,34.53,45.8571,46.5714,46.5714,64.625,51.125,55.2222,60.0,60.0,78.0,61.0,65.0,60.0,60.0,65.0,36.0,36.0,54.0,40.0,45.0,36.0,36.0,45.0,45.0,45.0,64.0,51.5,58.0,45.0,45.0,57.0,46.5714,46.5714,54.7778,40.2,KBR
4512.94,2026-03-01,2025-06-30,2025-12-31,AU000000GMD9,5.87,2026-07-24,4680.63,Genesis Minerals Limited,2026-07-28,2026-03-31,2026-06-30,2026-06-30,5.39,5.52,3.92,6.42,1.49,5.52,0.72,7.93,5.21,5.21,8.5182,8.9409,8.625,4.68,9.0088,7.9636,10.15,10.15,5.7,10.15,9.6,10.15,10.15,9.2,7.5,7.0,4.1,7.5,5.4,7.5,7.5,5.4,9.0,8.325,4.375,9.1,8.4,9.0,9.0,7.6,8.8773,8.8773,7.5046,7.25,GMD
4742.07,2026-06-29,2026-03-31,2026-03-31,FR0013227113,115.25,2026-07-24,4677.14,Soitec SA,2026-07-27,2026-06-30,2027-03-31,2027-03-31,107.3,87.34,41.66,112.65,162.85,87.34,200.2,27.55,117.3,117.3,138.6842,137.5789,139.3889,56.5,47.0833,32.1111,250.0,250.0,99.0,100.0,55.0,250.0,250.0,55.0,30.0,55.0,32.0,22.0,20.0,55.0,55.0,20.0,150.0,144.0,51.5,41.5,28.5,150.0,150.0,30.0,141.7895,141.7895,32.4118,23.19,SOI
4260.47,2026-08-14,2025-12-31,2026-06-30,VN000000VNM8,58900.0,2026-07-24,4675.39,Vietnam Dairy Products Joint Stock Company,2026-07-29,2026-09-30,2026-12-31,2026-09-30,58300.0,59000.0,63700.0,61400.0,73600.0,59000.0,87600.0,67200.0,54800.0,54800.0,73331.6667,73331.6667,73331.6667,69146.1539,73644.6154,68252.9333,86600.0,86600.0,80100.0,88000.0,79200.0,86600.0,86600.0,79200.0,53000.0,53000.0,59500.0,53000.0,50000.0,53000.0,53000.0,50000.0,73690.0,73690.0,70300.0,73680.0,70300.0,73690.0,73690.0,70300.0,73331.6667,73331.6667,68126.2667,61200.0,VNM
4880.08,2026-05-15,2025-12-31,2026-03-31,US3535141028,105.59,2026-07-24,4665.2,Franklin Electric Co. Inc.,2026-07-28,2026-06-30,2026-12-31,2026-06-30,104.88,105.66,92.32,101.94,106.41,105.66,82.02,100.2,107.19,107.19,113.25,113.25,113.25,97.25,111.75,109.25,120.0,120.0,105.0,120.0,120.0,120.0,120.0,120.0,100.0,100.0,90.0,100.0,90.0,100.0,100.0,90.0,116.5,116.5,97.0,113.5,113.5,116.5,116.5,113.5,113.25,113.25,109.25,95.53,FELE
4183.7,2026-05-15,2025-12-31,2026-03-31,ID1000074008,720.0,2026-07-24,4663.86,PT Hanjaya Mandala Sampoerna Tbk,2026-07-28,2026-06-30,2026-12-31,2026-06-30,650.0,690.0,600.0,715.0,985.0,690.0,1130.0,800.0,670.0,670.0,857.7778,857.7778,857.7778,855.5556,873.3333,900.625,1060.0,1060.0,1700.0,1100.0,1100.0,1060.0,1060.0,1100.0,480.0,480.0,480.0,480.0,480.0,480.0,480.0,480.0,900.0,900.0,750.0,950.0,972.5,900.0,900.0,972.5,857.7778,857.7778,900.625,725.0,HMSP
6863.42,2026-03-31,2025-12-31,2025-12-31,BMG2624N1535,3.43,2026-07-24,4643.02,DFI Retail Group Holdings Limited,2026-07-28,2026-03-31,2026-12-31,2026-12-31,3.81,3.6,3.55,4.22,2.76,3.6,4.07,4.08,3.79,3.79,5.1045,5.1136,5.1136,3.7616,5.0611,4.3625,5.7,5.7,4.3,5.7,5.3,5.7,5.7,4.5,4.3,4.3,2.94,4.1,3.45,4.3,4.3,3.45,5.04,5.04,3.8815,5.0,4.4,5.04,5.04,4.3,5.1136,5.1136,4.2375,3.95,D01
4571.14,2026-05-15,2025-12-31,2026-03-31,ID1000117609,585.0,2026-07-24,4619.02,PT Bumi Resources Minerals Tbk,2026-07-30,2026-06-30,2026-12-31,2026-06-30,550.0,545.0,438.0,810.0,184.0,545.0,97.0,1250.0,474.0,474.0,1074.6467,1074.6467,1074.6467,536.6667,1175.265,1129.1767,1350.0,1350.0,610.0,1350.0,1350.0,1350.0,1350.0,1135.0,717.88,717.88,480.0,950.0,950.0,717.88,717.88,550.0,1050.0,1050.0,525.0,1170.795,1107.5,1050.0,1050.0,1050.0,1074.6467,1074.6467,977.3114,1100.0,BRMS
4007.41,2026-08-14,2025-12-31,2026-06-30,SA000A0HNF36,30.78,2026-07-26,4611.96,Yanbu National Petrochemical Company,2026-07-27,2026-09-30,2026-12-31,2026-09-30,29.4,31.5,29.16,33.0,46.7,31.5,,26.58,29.42,29.42,31.6,32.0625,31.475,32.8714,31.675,32.4556,37.0,37.0,38.0,37.0,42.0,37.0,37.0,42.0,27.0,27.0,27.0,27.0,24.5,27.0,27.0,28.0,31.5,31.5,31.0,31.5,30.0,31.5,31.5,31.0,32.0625,32.0625,33.0556,27.48,2290
5201.06,2026-05-15,2025-12-31,2026-03-31,NGSEPLAT0008,5.73,2026-07-24,4579.49,Seplat Energy Plc,2026-07-30,2026-06-30,2026-12-31,2026-06-30,5.0,5.54,2.4,5.44,1.342,5.54,1.025,3.35,5.15,5.15,6.7753,6.8572,6.7753,3.0114,5.5214,4.7814,7.0776,6.9115,4.6504,6.969,5.5039,7.0776,7.0776,5.495,6.6767,6.6374,1.9078,4.0986,4.0589,6.6767,6.6767,4.145,6.8172,6.7771,2.476,5.4966,4.7814,6.8172,6.8172,4.82,6.8572,6.8572,4.82,2.84,SEPL
4500.04,2026-06-29,2026-03-31,2026-03-31,INE195A01028,3458.9,2026-07-24,4557.93,The Supreme Industries Limited,2026-07-28,2026-06-30,2027-03-31,2027-03-31,3560.4,3433.7,4242.7,3664.0,3638.1,3433.7,2101.4,3488.5,3157.8,3157.8,4027.5517,4065.8621,4027.5517,4418.7083,3944.3929,3860.6207,4700.0,4700.0,5350.0,5000.0,4770.0,4700.0,4700.0,5186.0,3050.0,3050.0,3265.0,2750.0,2750.0,3050.0,3050.0,2950.0,4044.0,4000.0,4490.0,3890.0,3890.0,4040.0,4040.0,4200.0,4045.1724,4045.1724,4201.4138,3353.8,SUPREMEIND
5181.59,2026-06-26,2026-03-31,2026-03-28,US0994061002,149.98,2026-07-24,4549.15,Boot Barn Holdings Inc.,2026-07-29,2026-06-28,2027-03-31,2027-03-28,177.48,152.47,167.43,168.69,91.82,152.47,82.06,183.98,164.27,164.27,224.7857,225.1429,224.7857,183.9286,237.1429,231.8571,282.0,282.0,210.0,282.0,282.0,282.0,282.0,282.0,195.0,195.0,132.0,195.0,185.0,195.0,195.0,180.0,222.5,222.5,184.5,235.5,232.5,222.5,222.5,225.5,225.1429,225.1429,227.1429,176.47,BOOT
3695.34,2026-08-14,2025-12-31,2026-06-30,JP3243600008,3574.0,2026-07-24,4531.08,Canon Marketing Japan Inc.,2026-07-24,2026-09-30,2026-12-31,2026-09-30,3371.0,3500.0,2733.0,3640.0,1794.5,3500.0,1314.0,3380.0,3442.0,3442.0,4137.5,4112.5,4137.5,3150.0,4050.0,3900.0,4500.0,4500.0,3250.0,4500.0,4100.0,4500.0,4500.0,4000.0,3700.0,3700.0,3050.0,3700.0,3700.0,3700.0,3700.0,3900.0,4125.0,4175.0,3150.0,4000.0,3900.0,4175.0,4175.0,3950.0,4137.5,4137.5,3950.0,3440.5,8060
6622.93,2026-05-15,2025-12-31,2026-03-31,ID1000116700,6975.0,2026-07-24,4529.81,PT Indofood CBP Sukses Makmur Tbk,2026-07-31,2026-06-30,2026-12-31,2026-06-30,6500.0,6850.0,10350.0,6825.0,11525.0,6850.0,8650.0,8275.0,6800.0,6800.0,9389.25,9977.8571,9486.75,13932.1053,10534.25,11791.75,14500.0,14500.0,18700.0,15800.0,16500.0,14500.0,14500.0,16500.0,6850.0,6850.0,12400.0,7500.0,9810.0,6850.0,6850.0,10000.0,10150.0,9525.0,13800.0,10200.0,11500.0,10150.0,10150.0,11500.0,9977.8571,9977.8571,12157.25,8200.0,ICBP
9386.11,2026-05-15,2025-12-31,2026-03-31,PTSON0AM0001,2.045,2026-07-24,4521.97,Sonae SGPS S.A.,2026-07-29,2026-06-30,2026-12-31,2026-06-30,2.02,2.08,1.254,1.928,1.006,2.08,0.792,1.75,2.015,2.015,2.0143,1.904,1.9743,1.4333,1.7446,1.5639,2.2,2.9,1.8,2.12,2.0,2.2,2.2,2.0,1.2,1.2,1.2,1.2,1.2,1.2,1.2,1.2,2.12,2.12,1.4,1.7737,1.6,1.985,1.985,1.5,1.82,1.82,1.5417,1.612,SON
4117.33,2026-05-15,2025-12-31,2026-03-31,US92337F1075,56.61,2026-07-24,4517.06,Veracyte Inc.,2026-07-30,2026-06-30,2026-12-31,2026-06-30,56.76,59.13,23.59,34.33,27.54,59.13,39.25,42.27,58.73,58.73,56.5455,49.1,56.5455,40.3333,46.5455,47.6667,57.0,70.0,45.0,53.0,51.0,57.0,57.0,53.0,37.0,45.0,29.0,37.0,43.0,37.0,37.0,43.0,50.5,55.0,42.0,48.0,48.0,50.5,50.5,48.0,49.1,49.1,47.5,42.1,VCYT
7918.4,2026-05-15,2025-12-31,2026-03-31,US6680743050,72.86,2026-07-24,4481.47,NorthWestern Energy Group Inc.,2026-07-29,2026-06-30,2026-12-31,2026-06-30,71.75,72.06,52.11,71.19,57.6,72.06,62.99,66.49,71.62,71.62,73.0833,71.4167,71.9167,60.375,69.1,62.6,78.5,78.5,66.0,78.5,69.0,78.5,78.5,69.0,54.0,54.0,56.0,54.0,53.0,54.0,54.0,58.0,74.0,75.5,59.5,71.0,64.0,74.0,74.0,61.0,71.4167,71.4167,62.2,64.54,NWE
4675.26,2026-05-15,2025-12-31,2026-03-31,TW0003105003,341.5,2026-07-24,4473.35,WIN Semiconductors Corp.,2026-07-31,2026-06-30,2026-12-31,2026-06-30,424.0,313.5,88.9,492.5,166.0,313.5,356.0,241.0,426.0,426.0,384.1538,387.0769,387.0769,96.1932,225.75,110.9333,640.0,640.0,135.0,336.0,215.0,640.0,640.0,192.0,90.0,90.0,70.0,90.0,75.0,90.0,90.0,75.0,336.0,336.0,92.1021,250.0,98.0,336.0,336.0,98.0,387.0769,387.0769,105.2667,183.0,3105
4187.07,2026-06-29,2026-03-31,2026-03-31,JP3104890003,3490.0,2026-07-24,4469.26,TISI Inc.,2026-07-30,2026-06-30,2027-03-31,2027-03-31,3085.0,3526.0,4641.0,3530.0,3546.0,3526.0,2873.0,4700.0,3167.0,3167.0,3772.7273,3704.5455,3772.7273,4772.5,3903.6364,5349.0,5200.0,5200.0,5250.0,5000.0,6050.0,5200.0,5200.0,6050.0,3100.0,3100.0,3800.0,3200.0,4500.0,3100.0,3100.0,4500.0,3500.0,3600.0,4840.0,3590.0,5315.0,3500.0,3500.0,5200.0,3704.5455,3704.5455,5232.2222,5257.0,3626
5047.47,2026-03-01,2025-06-30,2025-12-31,AU000000WHC8,7.75,2026-07-24,4448.56,Whitehaven Coal Limited,2026-07-28,2026-03-31,2026-06-30,2026-06-30,8.07,7.63,6.95,7.7,7.08,7.63,2.21,9.1,7.63,7.63,8.7216,8.7966,8.7216,6.983,8.8357,8.1929,10.0,10.6,9.0,10.1,9.5,10.0,10.0,9.0,6.0,6.9,5.5,5.9,6.1,6.0,6.0,5.6,9.15,8.75,7.1,9.225,8.35,9.15,9.15,7.975,8.7824,8.7824,7.6214,7.75,WHC
4925.8,2026-05-15,2025-12-31,2026-03-31,CA87505Y4094,13.18,2026-07-24,4447.99,Tamarack Valley Energy Ltd.,2026-07-28,2026-06-30,2026-12-31,2026-06-30,12.27,13.21,5.23,11.88,3.67,13.21,2.43,8.78,12.37,12.37,15.6364,15.75,15.5909,6.1667,12.9722,9.3,17.5,16.5,7.5,15.0,11.0,17.0,17.0,11.0,15.0,15.0,5.25,11.5,8.0,15.0,15.0,8.0,15.0,15.0,6.0,12.25,9.0,15.0,15.0,9.0,15.65,15.65,9.175,7.98,TVE
4767.03,2026-05-15,2025-12-31,2026-03-31,US5898891040,74.32,2026-07-24,4433.55,Merit Medical Systems Inc.,2026-07-30,2026-06-30,2026-12-31,2026-06-30,69.2,73.99,84.22,68.58,80.19,73.99,64.23,81.66,69.34,69.34,90.0909,89.5455,90.0909,108.7273,98.3636,104.0,110.0,110.0,122.0,122.0,122.0,110.0,110.0,122.0,74.0,74.0,100.0,78.0,90.0,74.0,74.0,90.0,85.0,89.0,108.0,100.0,105.0,85.0,85.0,105.0,89.5455,89.5455,103.6,88.14,MMSI
5500.26,2026-05-13,2025-12-31,2026-03-29,US82982L1035,99.87,2026-07-24,4425.06,SiteOne Landscape Supply Inc.,2026-07-29,2026-06-29,2026-12-31,2026-06-29,111.53,103.73,131.25,145.09,163.0,103.73,177.94,147.5,114.41,114.41,157.0833,160.7273,157.0833,136.7,169.0909,154.4,200.0,200.0,182.0,200.0,185.0,200.0,200.0,185.0,140.0,129.0,106.0,140.0,134.0,140.0,140.0,134.0,160.0,158.5,135.0,167.0,150.5,160.0,160.0,149.0,160.7273,160.7273,153.7,124.56,SITE
4045.84,2026-05-15,2025-12-31,2026-03-31,US1272031071,55.12,2026-07-24,4419.35,Cactus Inc.,2026-07-29,2026-06-30,2026-12-31,2026-06-30,50.98,54.5,46.33,56.78,49.24,54.5,36.66,53.47,51.23,51.23,63.8889,63.7778,63.8889,50.75,58.2222,50.625,72.0,73.0,57.0,69.0,56.0,72.0,72.0,56.0,50.0,50.0,39.0,50.0,42.0,50.0,50.0,42.0,67.0,67.0,52.5,59.0,51.0,67.0,67.0,50.5,63.7778,63.7778,50.5,45.68,WHD
3940.1,2026-03-01,2025-06-30,2025-12-31,AU000000PRU3,4.76,2026-07-24,4409.57,Perseus Mining Limited,2026-07-29,2026-03-31,2026-06-30,2026-06-30,5.15,4.64,3.56,5.59,1.785,4.64,1.56,6.29,4.8,4.8,6.2555,6.4731,6.2555,4.0513,6.5981,5.9413,8.8,8.8,5.8,8.8,7.8,8.8,8.8,7.55,3.2,3.0,2.55,3.2,3.0,3.2,3.2,2.75,6.6925,6.375,3.9,6.6925,6.174,6.5175,6.5175,6.174,6.3981,6.3981,5.7247,5.68,PRU
4181.35,2026-06-26,2026-03-31,2026-03-28,US1495681074,569.77,2026-07-24,4391.52,Cavco Industries Inc.,2026-07-30,2026-06-28,2027-03-31,2027-03-28,611.6,566.22,412.03,539.59,291.93,566.22,217.85,667.29,614.38,614.38,625.0,625.0,625.0,551.6667,587.5,605.0,700.0,700.0,560.0,600.0,610.0,700.0,700.0,610.0,575.0,575.0,545.0,575.0,600.0,575.0,575.0,600.0,600.0,600.0,550.0,587.5,605.0,600.0,600.0,605.0,625.0,625.0,605.0,590.74,CVCO
4249.91,2026-08-14,2026-03-31,2026-06-30,INE191B01025,1596.95,2026-07-24,4370.03,Welspun Corp Limited,2026-07-24,2026-09-30,2027-03-31,2026-09-30,1403.75,1582.45,896.55,1208.25,319.4,1582.45,146.15,731.3,1519.75,1519.75,1608.3333,1536.6667,1608.3333,1004.3333,1209.5,1096.2,1610.0,1930.0,1141.0,1422.0,1225.0,1610.0,1610.0,1225.0,1458.0,1458.0,892.0,1082.0,892.0,1458.0,1458.0,892.0,1545.0,1556.0,980.0,1167.0,1146.0,1545.0,1545.0,1146.0,1536.6667,1536.6667,1096.2,813.15,532144
4323.39,2026-06-29,2026-03-31,2026-03-31,INE031B01049,3369.5,2026-07-24,4365.35,Ajanta Pharma Limited,2026-07-30,2026-06-30,2027-03-31,2027-03-31,3255.7,3419.4,2796.4,2765.3,1425.0,3419.4,1444.2,2699.6,3422.7,3422.7,3343.2857,3303.2857,3343.2857,2920.1667,3203.4167,3048.5,3829.0,3950.0,3293.0,3742.0,3530.0,3829.0,3829.0,3293.0,2605.0,2615.0,1853.0,2605.0,2474.0,2605.0,2605.0,2450.0,3362.5,3362.5,3139.0,3227.5,3207.5,3362.5,3362.5,3140.0,3303.2857,3303.2857,2999.7692,2768.9,AJANTPHARM
13527.4,2026-05-15,2025-12-31,2026-03-31,ES0182870214,4.8,2026-07-24,4364.59,Sacyr S.A.,2026-07-29,2026-06-30,2026-12-31,2026-06-30,4.786,4.722,3.626,4.678,3.036,4.722,2.022,3.948,4.676,4.676,5.16,4.989,5.074,4.2091,4.7546,4.525,5.65,5.65,4.95,5.6,5.1,5.65,5.65,5.0,4.05,4.05,3.7,3.9,3.9,4.05,4.05,3.9,5.075,5.2,4.16,4.8,4.55,5.075,5.075,4.5,4.989,4.989,4.4682,3.866,SCYR
5279.18,2026-05-15,2025-12-31,2026-03-31,BE0974338700,51.15,2026-07-24,4350.87,Titan S.A.,2026-07-30,2026-06-30,2026-12-31,2026-06-30,53.0,49.5,37.1,46.42,18.44,49.5,16.0,55.4,51.95,51.95,62.475,62.475,62.475,49.5143,62.1,58.0875,70.0,70.0,53.5,70.0,66.7,70.0,70.0,66.7,52.0,52.0,45.0,52.0,53.5,52.0,52.0,48.5,63.7,63.7,50.0,63.3,56.65,63.7,63.7,56.0,62.475,62.475,56.5429,52.5,TITC
5131.85,2026-05-15,2025-12-31,2026-03-31,KR7267270007,132700.0,2026-07-24,4341.97,HD Construction Equipment Co. Ltd.,2026-07-27,2026-06-30,2026-12-31,2026-06-30,110200.0,121100.0,93000.0,198100.0,76300.0,121100.0,55900.0,114100.0,124800.0,124800.0,199500.0,217000.0,199500.0,114833.3333,160333.3333,132857.1429,250000.0,250000.0,130000.0,192000.0,150000.0,250000.0,250000.0,130000.0,145000.0,145000.0,86000.0,125000.0,123000.0,145000.0,145000.0,115000.0,235000.0,191000.0,119000.0,155000.0,130000.0,211000.0,211000.0,126000.0,206166.6667,206166.6667,125000.0,98400.0,A267270
3924.84,2026-06-29,2026-03-31,2026-03-31,JP3879250003,57560.0,2026-07-24,4334.87,Maruwa Co.Ltd.,2026-07-29,2026-06-30,2027-03-31,2027-03-31,68570.0,54630.0,42900.0,73830.0,21990.0,54630.0,11320.0,49130.0,70800.0,70800.0,82420.0,84020.0,82420.0,51300.0,72800.0,53900.0,93000.0,93000.0,59000.0,85000.0,57000.0,93000.0,93000.0,57000.0,68000.0,68000.0,45000.0,68000.0,51000.0,68000.0,68000.0,48000.0,85100.0,85100.0,51000.0,71000.0,54000.0,85100.0,85100.0,52500.0,84020.0,84020.0,52700.0,42600.0,5344
8013.03,2026-05-15,2025-12-31,2026-03-31,CA89346D1078,19.3,2026-07-24,4325.32,TransAlta Corporation,2026-07-31,2026-06-30,2026-12-31,2026-06-30,19.47,18.61,16.81,17.03,13.51,18.61,12.47,17.41,19.62,19.62,23.8636,23.5,23.5909,17.7727,23.5454,23.5454,28.0,28.0,20.0,28.0,27.0,28.0,28.0,27.0,14.0,14.0,13.5,14.0,14.0,14.0,14.0,14.0,24.0,24.0,18.0,24.0,25.0,24.0,24.0,27.0,23.5,23.5,24.2727,17.36,TA
5643.81,2026-05-15,2025-12-31,2026-03-31,US9467841055,22.51,2026-07-24,4317.71,Waystar Holding Corp.,2026-07-29,2026-06-30,2026-12-31,2026-06-30,19.0,22.27,36.98,25.42,,22.27,,29.98,20.53,20.53,33.4783,33.8261,33.5652,48.2143,36.0,46.9048,44.0,44.0,51.0,44.0,54.0,44.0,44.0,54.0,25.0,25.0,45.0,27.0,40.0,25.0,25.0,40.0,33.0,33.0,48.5,36.0,46.0,33.0,33.0,49.5,33.6522,33.6522,48.35,32.75,WAY
4262.28,2026-03-31,2025-12-31,2025-12-31,GB00BGDT3G23,4.373,2026-07-24,4309.87,Rightmove plc,2026-07-31,2026-03-31,2026-12-31,2026-12-31,4.263,4.51,7.95,4.36,5.5,4.51,6.73,5.07,4.382,4.382,5.5324,5.6019,5.5324,7.4071,5.5665,6.2459,7.65,7.65,9.87,7.65,8.85,7.65,7.65,8.85,4.04,4.04,4.85,4.2,4.65,4.04,4.04,4.65,5.395,5.23,7.9,5.0,5.85,5.395,5.395,6.6,5.6019,5.6019,6.57,5.196,RMV
7842.67,2026-03-31,2025-12-31,2025-12-31,GB00BMWC6P49,7.294,2026-07-24,4283.08,Mondi plc,2026-07-30,2026-03-31,2026-12-31,2026-12-31,7.072,7.52,11.775,7.482,14.3605,7.52,21.89,8.742,6.842,6.842,7.7222,8.2559,7.7222,14.6267,9.9163,9.838,10.3317,9.9833,18.0092,14.9798,12.3857,10.3317,10.3317,14.1164,6.3904,6.3231,11.7328,7.4996,7.6127,6.3904,6.3904,7.5787,7.8632,7.7032,14.6015,9.8124,9.6532,7.8632,7.8632,10.0693,8.2559,8.2559,10.4667,9.082,MNDI
3409.13,2026-05-15,2025-12-31,2026-03-31,KR7064400005,64500.0,2026-07-24,4277.63,LG CNS Co. Ltd.,2026-07-31,2026-06-30,2026-12-31,2026-06-30,75100.0,61800.0,71700.0,66900.0,,61800.0,,72000.0,78800.0,78800.0,102923.0769,99500.0,102923.0769,75250.0,87142.8571,77500.0,150000.0,150000.0,100000.0,93000.0,90000.0,150000.0,150000.0,90000.0,80000.0,80000.0,65000.0,65000.0,65000.0,80000.0,80000.0,65000.0,92000.0,100000.0,68000.0,90000.0,77000.0,98000.0,98000.0,77000.0,103166.6667,103166.6667,77500.0,61400.0,A064400
5786.99,2026-05-15,2025-12-31,2026-03-31,KR7047040001,15300.0,2026-07-24,4253.85,Daewoo Engineering & Construction Co. Ltd.,2026-07-28,2026-06-30,2026-12-31,2026-06-30,18190.0,14540.0,3920.0,33200.0,4225.0,14540.0,7300.0,4805.0,18840.0,18840.0,19484.6154,20323.0769,18169.2308,4492.8571,12014.2857,4914.2857,45000.0,36000.0,6000.0,42000.0,6500.0,45000.0,45000.0,6000.0,6600.0,6600.0,3100.0,5500.0,3500.0,6600.0,6600.0,3500.0,20000.0,20000.0,4450.0,7350.0,4750.0,20000.0,20000.0,4400.0,20323.0769,20323.0769,4542.8571,3820.0,A047040
3182.71,2026-06-29,2026-03-31,2026-03-31,JP3732200005,2850.5,2026-07-24,4247.69,Nippon Television Holdings Inc.,2026-07-31,2026-06-30,2027-03-31,2027-03-31,2722.0,2933.5,3311.0,3031.0,1355.0,2933.5,1271.0,3755.0,2794.5,2794.5,3656.6667,3810.0,3656.6667,3365.0,3960.0,4004.0,4300.0,4300.0,4000.0,4300.0,4300.0,4300.0,4300.0,4300.0,3000.0,3000.0,2700.0,3300.0,3620.0,3000.0,3000.0,3400.0,4000.0,3700.0,3435.0,4000.0,4000.0,3700.0,3700.0,3900.0,3656.6667,3656.6667,3903.3333,3805.0,9404
4617.92,2026-05-15,2025-12-31,2026-03-31,JP3293200006,4258.0,2026-07-24,4243.79,Coca-Cola Bottlers Japan Holdings Inc.,2026-07-30,2026-06-30,2026-12-31,2026-06-30,4318.0,4289.0,2325.5,3336.0,1656.5,4289.0,1891.0,3383.0,4292.0,4292.0,4020.0,3885.0,4020.0,2762.8571,4025.0,3029.0,5000.0,5000.0,3200.0,5000.0,3500.0,5000.0,5000.0,3500.0,2750.0,2800.0,2400.0,2750.0,2550.0,2750.0,2750.0,2550.0,3900.0,4050.0,2750.0,4100.0,2945.0,3900.0,3900.0,2945.0,3885.0,3885.0,3029.0,3169.0,2579
3791.72,2026-06-29,2026-03-31,2026-03-31,JP3379900008,3800.0,2026-07-24,4243.62,NS Solutions Corporation,2026-07-30,2026-06-30,2027-03-31,2027-03-31,3254.0,3837.0,3854.0,3584.0,1967.5,3837.0,1792.5,4483.0,3398.0,3398.0,3468.8889,3468.8889,3468.8889,3708.5714,3609.0,3886.6667,4200.0,4200.0,4100.0,4200.0,4500.0,4200.0,4200.0,4400.0,2670.0,2670.0,3100.0,2640.0,3030.0,2670.0,2670.0,3030.0,3500.0,3500.0,4000.0,3625.0,4100.0,3500.0,3500.0,4000.0,3468.8889,3468.8889,3768.5714,4422.0,2327
3706.25,2026-05-15,2025-12-31,2026-03-31,IT0005282865,99.9,2026-07-24,4234.33,Reply S.p.A.,2026-07-30,2026-06-30,2026-12-31,2026-06-30,91.3,97.8,136.9,91.7,99.75,97.8,147.1,114.1,91.45,91.45,150.0909,150.0909,150.0909,174.8,150.25,165.3333,187.0,187.0,190.0,187.0,187.0,187.0,187.0,187.0,120.0,120.0,151.0,114.0,133.0,120.0,120.0,133.0,153.0,153.0,176.0,151.5,172.5,153.0,153.0,175.0,150.0909,150.0909,166.3636,114.7,REY
4494.43,2026-05-15,2025-12-31,2026-03-31,US3020811044,27.67,2026-07-24,4227.5,ExlService Holdings Inc.,2026-07-28,2026-06-30,2026-12-31,2026-06-30,26.34,28.16,42.4,30.4,32.246,28.16,21.372,42.64,25.86,25.86,40.125,41.75,40.125,54.1238,41.7143,52.1429,46.0,46.0,56.0,46.0,56.0,46.0,46.0,56.0,35.0,32.0,52.0,35.0,49.0,35.0,35.0,49.0,41.5,40.0,54.0,42.0,51.0,41.5,41.5,52.0,41.75,41.75,52.2857,42.44,EXLS
5932.4,2026-05-15,2025-12-31,2026-03-31,NL0015000LU4,13.92,2026-07-24,4215.52,Iveco Group N.V.,2026-07-30,2026-06-30,2026-12-31,2026-06-30,13.925,13.95,19.0,13.975,8.206,13.95,,18.82,13.915,13.915,17.7,18.0667,17.7,18.04,20.0033,19.8875,20.4,20.4,20.3,20.4,20.4,20.4,20.4,20.4,14.1,14.1,13.0,19.9,19.0,14.1,14.1,19.0,19.9,19.9,19.0,19.91,19.95,19.9,19.9,20.0,18.0667,18.0667,19.8857,18.775,IVG
4331.45,2026-06-29,2026-03-31,2026-03-31,INE914M01019,785.65,2026-07-24,4212.08,Aster DM Quality Care Limited,2026-07-30,2026-06-30,2027-03-31,2027-03-31,769.7,819.9,595.05,705.25,305.2,819.9,159.8,555.25,784.45,784.45,820.3636,795.2727,820.3636,619.8,717.1,780.5556,890.0,1070.0,776.0,860.0,900.0,890.0,890.0,860.0,743.0,743.0,410.0,635.0,700.0,743.0,743.0,740.0,785.0,800.0,627.5,717.5,760.0,785.0,785.0,760.0,795.2727,795.2727,780.5556,616.85,ASTERDM
6115.99,2026-05-15,2025-12-31,2026-03-31,US1630721017,84.72,2026-07-24,4209.34,The Cheesecake Factory Incorporated,2026-07-28,2026-06-30,2026-12-31,2026-06-30,78.17,85.77,65.48,61.72,36.95,85.77,51.79,58.88,79.54,79.54,71.6667,66.1875,69.0667,62.4118,64.2778,59.6111,76.0,90.0,75.0,76.0,70.0,76.0,76.0,70.0,50.0,50.0,45.0,50.0,50.0,50.0,50.0,48.0,67.0,68.0,65.0,62.5,59.0,67.0,67.0,57.0,66.1875,66.1875,59.0526,50.48,CAKE
8579.61,2026-05-15,2025-12-31,2026-03-31,NL0015000X07,8.66,2026-07-24,4206.67,Banijay Group N.V.,2026-07-29,2026-06-30,2026-12-31,2026-06-30,8.58,8.6,8.8,8.48,9.1,8.6,,8.5,8.42,8.42,11.6167,11.6167,11.6167,12.275,11.6833,12.15,14.4,14.4,14.0,13.5,14.0,14.4,14.4,14.0,9.2,9.2,11.0,9.2,11.0,9.2,9.2,11.0,11.25,11.25,12.05,11.7,11.7,11.25,11.25,11.9,11.6167,11.6167,12.38,8.3,BNJ
9581.4,2026-05-15,2025-12-31,2026-03-31,US0434361046,225.24,2026-07-24,4193.7,Asbury Automotive Group Inc.,2026-07-28,2026-06-30,2026-12-31,2026-06-30,206.33,220.36,232.57,203.06,232.94,220.36,196.51,238.04,201.08,201.08,234.7,232.3,234.7,254.75,240.6667,255.5,312.0,312.0,335.0,297.0,297.0,312.0,312.0,297.0,202.0,212.0,225.0,212.0,230.0,202.0,202.0,230.0,225.0,223.0,240.5,235.0,250.0,225.0,225.0,250.5,232.3,232.3,255.625,232.53,ABG
4623.03,2026-06-29,2026-03-31,2026-03-31,GB0003096442,6.825,2026-07-24,4184.35,RS Group plc,2026-07-29,2026-06-30,2027-03-31,2027-03-31,6.05,6.705,5.825,6.1,7.656,6.705,10.52,6.51,5.815,5.815,7.1406,7.0313,7.1406,7.0821,6.9233,7.2294,8.3,8.3,8.7,8.3,8.7,8.3,8.3,8.7,5.05,5.2,5.6,5.05,5.5,5.2,5.2,4.95,7.0,7.35,7.175,7.0,7.235,7.0,7.0,7.0,7.0406,7.0406,7.128,6.24,RS1
6083.27,2026-05-15,2025-12-31,2026-03-31,US7310681025,73.04,2026-07-24,4154.97,Polaris Inc.,2026-07-28,2026-06-30,2026-12-31,2026-06-30,70.92,73.2,49.61,60.04,134.53,73.2,134.22,69.09,68.44,68.44,68.8,68.0,68.3333,42.2767,65.4286,67.8461,84.0,84.0,70.0,80.0,83.0,84.0,84.0,79.0,43.0,43.0,27.0,41.0,41.0,43.0,43.0,41.0,70.0,70.0,38.5,67.0,70.0,70.0,70.0,68.5,68.0,68.0,65.8333,63.25,PII
4925.81,2026-05-15,2025-12-31,2026-03-31,US60471A1016,16.54,2026-07-24,4141.95,Mirion Technologies Inc.,2026-07-28,2026-06-30,2026-12-31,2026-06-30,18.21,15.97,21.75,19.71,7.68,15.97,10.1,25.51,17.93,17.93,27.4,27.9,27.4,20.6,28.1,30.5,29.0,29.0,24.0,29.0,34.0,29.0,29.0,34.0,26.0,25.0,17.0,26.0,28.0,26.0,26.0,28.0,28.0,28.0,22.0,28.5,29.5,28.0,28.0,29.5,27.9,27.9,30.625,23.42,MIR
4479.18,2026-06-29,2026-03-31,2026-03-31,INE410P01011,1961.5,2026-07-24,4132.68,Narayana Hrudayalaya Limited,2026-07-31,2026-06-30,2027-03-31,2027-03-31,1958.5,2029.5,1980.6,1768.3,1036.3,2029.5,500.2,1746.7,1971.7,1971.7,2151.5714,2149.4286,2151.5714,1703.3846,2037.1538,2038.0909,2500.0,2500.0,2059.0,2500.0,2520.0,2500.0,2500.0,2520.0,1670.0,1700.0,1013.0,1630.0,1575.0,1670.0,1670.0,1540.0,2130.0,2130.0,1770.0,2000.0,2010.0,2130.0,2130.0,2090.0,2149.4286,2149.4286,2042.6364,1892.0,NH
3799.24,2026-05-15,2025-12-31,2026-03-31,NGWAPCO00002,349.5,2026-07-24,4121.31,HBM Nigeria Plc,2026-07-28,2026-06-30,2026-12-31,2026-06-30,317.4,335.0,122.5,294.9,28.75,335.0,21.75,156.0,310.0,310.0,293.7629,293.7629,293.7629,108.3,226.1667,164.9083,404.32,404.32,192.86,249.84,199.14,404.32,404.32,199.14,192.5,192.5,81.95,192.5,130.28,192.5,192.5,130.28,249.84,249.84,98.19,229.51,160.86,249.84,249.84,160.86,293.7629,293.7629,164.9083,134.5,HBMNG
13976.36,2026-06-29,2026-03-31,2026-03-31,JP3551200003,3834.0,2026-07-24,4118.42,Electric Power Development Co. Ltd.,2026-07-31,2026-06-30,2027-03-31,2027-03-31,3636.0,3655.0,2576.5,3807.0,2254.5,3655.0,1642.0,3257.0,3662.0,3662.0,3498.3333,3335.0,3398.3333,2644.0,3150.0,3076.6667,4030.0,4030.0,2940.0,3790.0,3790.0,4030.0,4030.0,3790.0,2290.0,2670.0,1960.0,2290.0,2310.0,2290.0,2290.0,2310.0,3400.0,3400.0,2720.0,3100.0,3100.0,3400.0,3400.0,3100.0,3335.0,3335.0,3076.6667,3163.0,9513
5310.15,2026-05-15,2025-12-31,2026-03-31,LU0569974404,49.74,2026-07-24,4091.27,Aperam S.A.,2026-07-30,2026-06-30,2026-12-31,2026-06-30,44.78,46.64,28.12,40.78,28.98,46.64,49.29,36.3,42.56,42.56,51.1118,47.7358,50.7482,30.19,43.3909,35.3546,65.0,65.0,37.0,63.0,42.0,65.0,65.0,42.0,30.0,38.0,25.0,30.0,30.0,36.0,36.0,25.0,50.0,50.0,29.3,42.0,35.0,50.0,50.0,34.0,49.3482,49.3482,33.65,35.24,APAM
3709.67,2026-05-15,2025-12-31,2026-03-31,VN000000FPT1,62900.0,2026-07-24,4069.68,FPT Corporation,2026-07-31,2026-06-30,2026-12-31,2026-06-30,70800.0,67000.0,111100.0,73400.0,61247.637,67000.0,49587.6825,101000.0,70200.0,70200.0,98717.5833,98717.5833,98717.5833,125557.3896,110706.4545,122413.9239,126541.0,126541.0,140434.7826,126541.0,145000.0,126541.0,126541.0,145000.0,74100.0,74100.0,107826.087,98730.0,110000.0,74100.0,74100.0,110000.0,94750.0,94750.0,126808.6871,105800.0,118197.8261,94750.0,94750.0,118197.8261,98717.5833,98717.5833,122413.9239,95800.0,FPT
3740.7,2026-06-29,2026-03-31,2026-03-31,INE068V01023,2379.8,2026-07-24,4067.4,Gland Pharma Limited,2026-07-28,2026-06-30,2027-03-31,2027-03-31,2326.2,2449.0,2018.1,1713.5,1239.35,2449.0,4016.85,1682.5,2495.0,2495.0,2325.2857,2189.5714,2286.0,1774.4615,1966.6154,1935.75,2645.0,2900.0,3120.0,2500.0,2360.0,2645.0,2645.0,2360.0,1630.0,1630.0,1138.0,1575.0,1555.0,1630.0,1630.0,1680.0,2280.0,2337.0,1680.0,2000.0,1920.0,2280.0,2280.0,2025.0,2189.5714,2189.5714,2007.8333,1722.0,GLAND
3517.02,2026-05-15,2025-12-31,2026-03-31,DE0006335003,113.0,2026-07-24,4059.14,Krones AG,2026-07-29,2026-06-30,2026-12-31,2026-06-30,113.6,110.4,140.0,125.2,109.9,110.4,85.0,142.0,112.2,112.2,154.5556,156.1111,154.5556,160.4444,152.7778,151.1111,189.0,188.0,195.0,187.0,174.0,189.0,189.0,174.0,105.0,105.0,145.0,105.0,105.0,105.0,105.0,136.0,151.0,150.0,160.0,151.0,153.0,151.0,151.0,152.0,156.1111,156.1111,153.7778,135.8,KRN
3436.35,2026-05-15,2025-12-31,2026-03-31,US92686J1060,34.79,2026-07-24,4039.32,Viking Therapeutics Inc.,2026-07-29,2026-06-30,2026-12-31,2026-06-30,37.87,37.08,33.5,32.75,14.51,37.08,5.77,32.22,39.01,39.01,92.579,92.579,92.579,90.2632,92.7222,93.3889,125.0,125.0,125.0,125.0,125.0,125.0,125.0,125.0,34.0,34.0,30.0,35.0,36.0,34.0,34.0,36.0,95.0,95.0,100.0,99.5,100.5,95.0,95.0,100.5,92.579,92.579,93.3889,35.18,VKTX
4321.32,2026-06-29,2026-03-31,2026-03-31,INE787D01026,2014.0,2026-07-24,4038.91,Balkrishna Industries Limited,2026-07-29,2026-06-30,2027-03-31,2027-03-31,2224.95,2067.3,2726.95,2231.2,2376.6,2067.3,2329.1,2409.2,2182.6,2182.6,2314.5,2310.2222,2314.5,2542.4737,2281.2353,2356.8333,2761.0,2761.0,3195.0,2640.0,3195.0,2761.0,2761.0,3195.0,1830.0,1875.0,1985.0,1931.0,1976.0,1830.0,1830.0,1960.0,2317.0,2317.0,2525.0,2300.0,2341.5,2317.0,2317.0,2306.5,2310.2222,2310.2222,2324.9444,2318.95,502355
3932.83,2026-05-15,2025-12-31,2026-03-31,JP3935600001,3359.0,2026-07-24,4036.57,Yamazaki Baking Co. Ltd.,2026-07-31,2026-06-30,2026-12-31,2026-06-30,3206.0,3372.0,3239.0,3142.0,2154.0,3372.0,1561.0,3382.0,3207.0,3207.0,3731.25,3731.25,3731.25,3442.8571,3643.75,3575.0,4350.0,4350.0,3900.0,4250.0,4200.0,4350.0,4350.0,4200.0,3200.0,3200.0,2950.0,3200.0,3200.0,3200.0,3200.0,3200.0,3650.0,3650.0,3500.0,3550.0,3350.0,3650.0,3650.0,3350.0,3731.25,3731.25,3562.5,3293.0,2212
6691.99,2026-05-12,2025-09-30,2026-03-28,US8101861065,69.31,2026-07-24,4032.59,The Scotts Miracle-Gro Company,2026-07-29,2026-06-28,2026-09-30,2026-06-28,68.54,70.98,68.38,67.2,68.24,70.98,182.55,62.73,68.11,68.11,74.1667,72.6667,73.0,76.125,74.5,72.8333,80.0,80.0,90.0,82.0,90.0,80.0,80.0,90.0,63.0,63.0,65.0,67.0,66.0,63.0,63.0,61.0,73.5,74.5,75.0,75.5,70.0,73.5,73.5,70.0,72.6667,72.6667,73.1429,58.35,SMG
4944.55,2026-03-31,2025-12-31,2025-12-31,NL0006237562,41.4,2026-07-24,4028.13,Arcadis NV,2026-07-30,2026-03-31,2026-12-31,2026-12-31,33.24,34.66,42.64,31.22,39.02,34.66,36.24,37.6,33.62,33.62,44.2687,44.6437,44.6437,59.9286,42.5625,53.2222,49.0,49.0,75.0,49.0,62.0,49.0,49.0,62.0,36.15,36.15,47.0,34.5,40.0,36.15,36.15,40.0,45.0,45.0,58.0,43.0,53.0,45.0,45.0,53.0,44.6437,44.6437,53.625,35.54,ARCAD
4830.32,2026-05-15,2025-12-31,2026-03-31,IT0003492391,66.74,2026-07-24,4021.9,DiaSorin S.p.A.,2026-07-31,2026-06-30,2026-12-31,2026-06-30,66.48,69.32,90.92,59.8,94.02,69.32,172.35,73.28,67.76,67.76,70.45,70.5214,70.1643,107.1083,69.775,80.5583,81.3,81.3,122.0,81.3,96.0,81.3,81.3,105.0,58.0,58.0,82.0,58.0,58.0,58.0,58.0,58.0,72.5,72.5,106.65,71.5,83.0,72.5,72.5,87.7,70.5214,70.5214,85.9,68.62,DIA
3892.77,2026-06-29,2026-03-31,2026-03-31,INE572A01036,2412.25,2026-07-16,4019.14,J. B. Chemicals & Pharmaceuticals Limited,2026-07-30,2026-06-30,2027-03-31,2027-03-31,2232.0,,1695.4,2003.95,1220.025,,907.15,1841.0,2295.4,2295.4,2307.125,2262.5556,2284.1111,2021.3333,2243.0,2121.5833,2550.0,2744.0,2457.0,2550.0,2320.0,2550.0,2550.0,2250.0,1900.0,1900.0,1595.0,1900.0,1752.0,1900.0,1900.0,1752.0,2320.0,2320.0,2034.0,2270.0,2160.0,2320.0,2320.0,2119.5,2262.5556,2262.5556,2050.0833,1820.45,506943
3641.22,2026-05-15,2025-12-31,2026-03-31,US01625V1044,19.43,2026-07-24,4016.84,Alignment Healthcare Inc.,2026-07-30,2026-06-30,2026-12-31,2026-06-30,21.69,20.6,11.64,21.13,6.18,20.6,20.3,23.81,23.81,23.81,24.9231,24.9231,24.9231,18.4,25.3846,24.1667,30.0,30.0,22.0,30.0,30.0,30.0,30.0,25.0,16.0,16.0,9.0,18.0,18.0,16.0,16.0,18.0,25.0,25.0,19.5,26.0,24.0,25.0,25.0,21.5,24.9231,24.9231,21.4583,19.75,ALHC
3402.29,2026-03-31,2025-12-31,2025-12-31,CH0002432174,331.0,2026-07-24,4008.27,Bucher Industries AG,2026-07-30,2026-03-31,2026-12-31,2026-12-31,314.5,325.0,405.5,326.5,396.0,325.0,497.0,357.0,318.0,318.0,343.0,364.8333,343.0,421.75,389.5,389.2,400.0,366.0,462.0,410.0,410.0,400.0,400.0,448.0,338.0,330.0,389.0,365.0,359.0,338.0,338.0,391.0,363.0,339.5,418.0,391.0,397.0,352.5,352.5,412.5,358.0,358.0,416.0,368.5,BUCN
5060.94,2026-05-15,2025-12-31,2026-03-31,US3976241071,78.62,2026-07-24,4005.94,Greif Inc.,2026-07-28,2026-06-30,,2026-06-30,72.68,76.32,67.01,66.5,72.26,76.32,58.29,72.03,74.49,74.49,77.4,76.2,77.4,76.4,78.2,76.2,90.0,90.0,93.0,96.0,96.0,90.0,90.0,96.0,68.0,70.0,68.0,70.0,60.0,68.0,68.0,60.0,75.0,75.0,72.0,75.0,74.0,75.0,75.0,68.0,76.2,76.2,72.6,67.7,GEF
3951.39,2026-05-15,2025-12-31,2026-03-31,ID1000106602,2990.0,2026-07-24,4002.42,PT Antam (Persero) Tbk,2026-07-29,2026-06-30,2026-12-31,2026-06-30,2750.0,3070.0,3030.0,4050.0,1975.0,3070.0,2620.0,4290.0,2590.0,2590.0,4811.7647,4933.3333,4852.9412,3181.25,4846.6667,3856.6667,6100.0,6100.0,4600.0,6000.0,5600.0,6100.0,6100.0,5600.0,2500.0,3300.0,1900.0,2500.0,2100.0,3300.0,3300.0,2100.0,4800.0,4800.0,3150.0,4800.0,3800.0,4800.0,4800.0,3550.0,4864.7059,4864.7059,3500.0,3150.0,ANTM
5106.91,2026-05-13,2025-12-31,2026-03-29,US0774541066,102.76,2026-07-24,4001.89,Belden Inc.,2026-07-30,2026-06-29,2026-12-31,2026-06-29,118.49,101.39,127.16,134.37,95.63,101.39,47.79,115.26,119.91,119.91,152.4,152.0,152.4,132.8333,171.75,144.4,155.0,155.0,145.0,184.0,150.0,155.0,155.0,150.0,150.0,150.0,125.0,158.0,138.0,150.0,150.0,138.0,151.5,152.0,131.0,172.5,145.0,150.0,150.0,145.0,151.6,151.6,144.4,116.55,BDC
5724.22,2026-05-15,2025-12-31,2026-03-31,US1091941005,75.77,2026-07-24,3986.01,Bright Horizons Family Solutions Inc.,2026-07-30,2026-06-30,2026-12-31,2026-06-30,67.92,76.58,113.28,81.02,94.4,76.58,154.24,93.43,70.88,70.88,91.0,91.1111,91.1111,138.45,97.1111,127.3333,105.0,105.0,160.0,115.0,160.0,105.0,105.0,160.0,70.0,70.0,106.0,70.0,93.0,70.0,70.0,93.0,95.0,95.0,143.5,99.0,130.0,95.0,95.0,130.0,91.1111,91.1111,128.7778,101.4,BFAM
3329.97,2026-05-15,2025-12-31,2026-03-31,VN000000GVR1,26200.0,2026-07-24,3980.4,Vietnam Rubber Group - Joint Stock Company,2026-07-30,2026-06-30,2026-12-31,2026-06-30,33650.0,29700.0,31650.0,33350.0,22200.0,29700.0,31000.0,36900.0,32800.0,32800.0,36800.0,36533.3333,36533.3333,33866.6667,35640.0,33633.3333,42200.0,42200.0,36100.0,42200.0,36100.0,42200.0,42200.0,36100.0,30500.0,30500.0,31200.0,30500.0,30500.0,30500.0,30500.0,31200.0,36150.0,36150.0,34300.0,35500.0,34300.0,36150.0,36150.0,34300.0,36533.3333,36533.3333,33866.6667,26200.0,GVR
7299.32,2026-05-15,2025-12-31,2026-03-31,US2057683029,13.52,2026-07-24,3970.77,Comstock Resources Inc.,2026-07-29,2026-06-30,2026-12-31,2026-06-30,13.46,13.34,21.21,16.94,12.18,13.34,5.99,24.22,14.92,14.92,15.5833,17.0833,15.8333,21.5,19.9231,21.1429,25.0,21.0,28.0,29.0,29.0,25.0,25.0,32.0,13.0,9.0,12.0,13.0,8.0,10.0,10.0,8.0,16.5,16.0,22.0,19.0,22.0,16.0,16.0,22.0,16.6667,16.6667,21.1429,23.18,CRK
5798.17,2026-05-15,2025-12-31,2026-03-31,FR0013467479,29.05,2026-07-24,3955.17,Constellium SE,2026-07-29,2026-06-30,2026-12-31,2026-06-30,32.66,28.12,13.81,31.38,17.59,28.12,17.55,22.94,31.87,31.87,37.2464,37.4516,37.0397,16.5916,31.6011,24.265,39.7674,40.0914,18.9133,34.9305,25.0151,39.9909,39.9909,22.3546,33.7,33.1185,11.9593,29.2189,22.1542,32.9828,32.9828,17.2741,37.9872,36.9878,17.7469,31.1275,24.9453,37.9481,37.9481,22.0738,37.4043,37.4043,20.9441,18.85,CSTM
5423.52,2026-05-15,2025-12-31,2026-03-31,ES0137650018,18.29,2026-07-24,3948.95,Fluidra S.A.,2026-07-30,2026-06-30,2026-12-31,2026-06-30,18.85,18.13,23.18,20.78,17.78,18.13,36.1,25.5,19.8,19.8,26.0633,25.7964,26.0633,25.6367,27.056,26.9119,31.0,31.0,31.5,31.0,31.0,31.0,31.0,31.0,20.0,20.0,22.0,20.5,19.2,20.0,20.0,23.0,26.25,26.8,26.0,27.0,26.775,26.75,26.75,26.55,26.0107,26.0107,27.026,23.16,FDR
2638.44,2026-06-29,2026-03-31,2026-03-31,JP3284600008,2460.5,2026-07-24,3940.44,Koito Manufacturing Co. Ltd.,2026-07-29,2026-06-30,2027-03-31,2027-03-31,2593.0,2472.0,1868.0,2543.0,2590.0,2472.0,3425.0,2392.0,2549.5,2549.5,2667.2727,2630.9091,2667.2727,1817.0,2508.1818,2012.0,3100.0,3100.0,2500.0,3000.0,2500.0,3100.0,3100.0,2500.0,2200.0,2300.0,1500.0,2200.0,1500.0,2200.0,2200.0,1500.0,2600.0,2600.0,1750.0,2500.0,2050.0,2600.0,2600.0,2050.0,2630.9091,2630.9091,2012.0,2310.0,7276
4634.5,2026-06-29,2026-03-31,2026-03-31,JP3292200007,2025.5,2026-07-24,3935.12,JTEKT Corporation,2026-07-31,2026-06-30,2027-03-31,2027-03-31,2029.0,2039.5,1282.0,1674.0,1331.0,2039.5,1145.0,1845.0,1991.5,1991.5,2492.5,2387.5,2492.5,1350.0,2242.5,2005.0,2950.0,2950.0,1400.0,2700.0,2440.0,2950.0,2950.0,2100.0,1440.0,1440.0,1320.0,1440.0,1440.0,1440.0,1440.0,1440.0,2580.0,2790.0,1340.0,2415.0,2070.0,2580.0,2580.0,1905.0,2387.5,2387.5,1837.5,1735.0,6473
4226.95,2026-06-26,2026-03-31,2026-03-28,GB0002318888,54.8,2026-07-24,3906.17,Cranswick plc,2026-07-27,2026-06-28,2027-03-31,2027-03-28,56.1,55.2,53.6,53.9,33.36,55.2,40.02,51.0,55.0,55.0,62.695,62.5722,62.695,57.9333,58.7813,58.7,67.5,67.5,62.0,62.0,62.0,67.5,67.5,62.0,57.7,57.7,52.0,55.0,55.0,57.7,57.7,55.0,62.15,62.475,59.0,59.275,58.95,62.15,62.15,58.85,62.5722,62.5722,58.525,49.55,CWK
3959.69,2026-06-29,2026-03-31,2026-03-31,INE302A01020,442.95,2026-07-24,3905.78,Exide Industries Limited,2026-07-30,2026-06-30,2027-03-31,2027-03-31,399.55,435.05,391.1,342.85,251.65,435.05,178.7,325.2,387.5,387.5,384.0,369.9333,384.0,393.1765,367.0714,403.3333,450.0,485.0,534.0,440.0,534.0,450.0,450.0,534.0,300.0,300.0,290.0,289.0,315.0,300.0,300.0,315.0,365.0,378.0,390.0,384.5,400.0,365.0,365.0,408.0,369.9333,369.9333,406.0625,362.3,500086
9459.4,2026-05-15,2025-12-31,2026-03-31,US3989051095,330.87,2026-07-24,3894.2,Group 1 Automotive Inc.,2026-07-30,2026-06-30,2026-12-31,2026-06-30,317.51,326.06,416.06,341.39,254.2,326.06,168.71,391.91,291.17,291.17,416.4167,434.5,416.4167,470.75,430.2727,463.0,500.0,500.0,565.0,500.0,520.0,500.0,500.0,520.0,338.0,329.0,401.0,366.0,390.0,338.0,338.0,390.0,443.0,417.5,475.0,425.0,490.0,443.0,443.0,475.0,434.5,434.5,460.875,393.3,GPI
4018.3,2026-05-15,2025-12-31,2026-03-31,US4532041096,127.55,2026-07-24,3885.07,Impinj Inc.,2026-07-29,2026-06-30,2026-12-31,2026-06-30,127.98,138.37,120.8,123.91,81.85,138.37,43.23,159.77,143.23,143.23,175.0,175.0,175.0,127.8571,163.875,241.1111,200.0,200.0,145.0,180.0,273.0,200.0,200.0,273.0,144.0,144.0,100.0,112.0,200.0,144.0,144.0,200.0,175.0,175.0,133.0,172.5,246.0,175.0,175.0,246.0,175.0,175.0,241.1111,174.01,PI
4812.2,2026-05-15,2025-12-31,2026-03-31,US7034811015,10.2,2026-07-24,3872.1,Patterson-UTI Energy Inc.,2026-07-30,2026-06-30,2026-12-31,2026-06-30,9.52,10.02,6.1,11.33,15.19,10.02,7.85,7.3,9.18,9.18,13.0,13.25,13.0,7.8333,10.7143,7.2679,19.0,19.0,12.0,14.0,9.0,19.0,19.0,9.0,8.0,8.0,6.25,7.0,6.0,8.0,8.0,6.0,13.25,12.75,7.0,11.0,7.0,13.25,13.25,7.0,13.2143,13.2143,7.1964,6.11,PTEN
4723.64,2026-05-11,2025-12-31,2026-03-27,US1630861011,94.86,2026-07-24,3868.17,The Chefs' Warehouse Inc.,2026-07-29,2026-06-27,2026-12-31,2026-06-27,95.63,97.085,61.89,65.47,37.7,97.085,26.37,63.89,96.1,96.1,102.4444,88.25,99.6667,71.4286,76.75,76.5,100.0,114.0,76.0,85.0,85.0,100.0,100.0,85.0,80.0,80.0,68.0,66.0,66.0,80.0,80.0,66.0,87.5,100.0,73.0,76.5,76.5,87.5,87.5,76.5,88.25,88.25,76.125,62.33,CHEF
3434.26,2026-03-31,2025-12-31,2025-12-31,GB0008782301,0.8278,2026-07-24,3841.36,Taylor Wimpey plc,2026-07-31,2026-03-31,2026-12-31,2026-12-31,0.829,0.8326,1.11,0.8398,1.1555,0.8326,1.6625,1.061,0.8068,0.8068,0.908,0.923,0.9085,1.4369,1.1647,1.2559,1.37,1.37,1.77,1.72,1.72,1.37,1.37,1.72,0.61,0.61,1.2,0.8,0.9,0.61,0.61,1.05,0.9,0.9,1.41,1.2,1.22,0.9,0.9,1.275,0.923,0.923,1.2806,1.075,TW
11107.62,2026-05-15,2025-12-31,2026-03-31,US43283X1054,48.89,2026-07-24,3838.62,Hilton Grand Vacations Inc.,2026-07-30,2026-06-30,2026-12-31,2026-06-30,54.67,49.94,50.24,46.13,46.6,49.94,40.02,45.36,52.37,52.37,58.3,57.7,58.1,49.5,55.1,52.0,75.0,75.0,73.0,69.0,73.0,75.0,75.0,73.0,51.0,51.0,34.0,43.0,40.0,51.0,51.0,40.0,55.0,55.0,48.0,53.0,49.0,55.0,55.0,49.0,57.7,57.7,51.0,44.75,HGV
3122.74,2026-05-15,2025-12-31,2026-03-31,AEE01456N241,2.82,2026-07-24,3838.41,NMDC Energy - P.J.S.C.,2026-07-27,2026-06-30,2026-12-31,2026-06-30,2.96,2.84,2.56,2.81,,2.84,,2.49,2.98,2.98,3.565,3.5867,3.565,3.48,3.5525,3.5525,3.8,3.8,3.5,4.0,4.0,3.8,3.8,3.5,3.46,3.46,3.46,3.25,3.25,3.46,3.46,3.25,3.5,3.5,3.48,3.48,3.48,3.5,3.5,3.46,3.5867,3.5867,3.4033,2.33,NMDCENR
4076.44,2026-05-15,2025-12-31,2026-03-31,US55305B1017,149.83,2026-07-24,3834.17,M/I Homes Inc.,2026-07-29,2026-06-30,2026-12-31,2026-06-30,158.83,149.53,121.1,133.64,93.06,149.53,58.96,133.45,160.79,160.79,163.3333,160.0,163.3333,158.6667,160.0,157.0,165.0,170.0,185.0,165.0,165.0,170.0,170.0,155.0,155.0,155.0,140.0,155.0,151.0,155.0,155.0,151.0,160.0,165.0,151.0,160.0,155.0,165.0,165.0,153.0,163.3333,163.3333,153.0,127.95,MHO
7098.9,2026-03-31,2025-12-31,2025-12-31,GB00B61TVQ02,8.255,2026-07-24,3832.48,Inchcape plc,2026-07-28,2026-03-31,2026-12-31,2026-12-31,8.02,7.98,8.08,8.028,7.64,7.98,8.485,8.1,7.71,7.71,10.2356,10.2356,10.2356,9.3637,10.128,9.463,12.74,12.74,11.61,13.3,11.2,12.74,12.74,11.2,8.2,8.2,7.6,8.0,8.0,8.2,8.2,7.9,10.5,10.5,9.0,10.2,9.1,10.5,10.5,9.1,10.2356,10.2356,9.428,7.69,INCH
3717.46,2026-06-29,2026-03-31,2026-03-31,JP3247050002,8869.0,2026-07-24,3828.72,Kraftia Corporation,2026-07-30,2026-06-30,2027-03-31,2027-03-31,9336.0,8546.0,6676.0,9169.0,4160.0,8546.0,3765.0,8325.0,9306.0,9306.0,11233.3333,11233.3333,11233.3333,6540.0,10300.0,9300.0,13600.0,13600.0,7500.0,12300.0,11700.0,13600.0,13600.0,11700.0,7700.0,7700.0,5800.0,7700.0,7700.0,7700.0,7700.0,7700.0,11500.0,11500.0,6400.0,10500.0,9100.0,11500.0,11500.0,9100.0,11233.3333,11233.3333,9300.0,7697.0,1959
3832.55,2026-06-29,2026-03-31,2026-03-31,INE474Q01031,1371.0,2026-07-24,3823.99,Global Health Limited,2026-07-30,2026-06-30,2027-03-31,2027-03-31,1318.4,1316.9,1326.2,1105.55,707.05,1316.9,,1030.0,1313.8,1313.8,1439.0588,1420.8235,1439.0588,1280.2,1301.5,1362.6875,1570.0,1570.0,1536.0,1500.0,1707.0,1570.0,1570.0,1707.0,1210.0,1210.0,965.0,1120.0,1040.0,1210.0,1210.0,1040.0,1424.0,1450.0,1325.0,1289.0,1355.0,1424.0,1424.0,1355.0,1420.8235,1420.8235,1364.25,1186.4,MEDANTA
3951.56,2026-05-15,2025-12-31,2026-03-31,CA55027C1068,20.94,2026-07-24,3810.84,Lumine Group Inc.,2026-07-31,2026-06-30,2026-12-31,2026-06-30,22.18,23.05,52.95,20.14,20.51,23.05,,24.59,21.5,21.5,40.5,40.5,40.5,52.6667,44.25,51.75,52.0,52.0,55.0,57.0,57.0,52.0,52.0,57.0,35.0,35.0,50.0,39.0,48.0,35.0,35.0,48.0,37.5,37.5,53.0,40.5,51.0,37.5,37.5,51.0,40.5,40.5,51.75,27.14,LMN
5685.81,2026-05-15,2025-12-31,2026-03-31,CA3748252069,31.11,2026-07-24,3805.33,Gibson Energy Inc.,2026-07-27,2026-06-30,2026-12-31,2026-06-30,29.79,30.8,24.66,28.27,21.18,30.8,22.8,26.2,28.73,28.73,31.1538,30.4615,30.6923,25.7308,29.6667,27.4615,34.0,34.0,30.5,34.0,30.0,34.0,34.0,30.0,27.0,27.0,23.0,27.0,24.0,27.0,27.0,23.0,30.0,30.0,26.0,29.5,28.0,30.0,30.0,28.0,30.4615,30.4615,27.1538,25.12,GEI
3568.85,2026-05-15,2025-12-31,2026-03-31,SG2D54973185,3.26,2026-07-24,3797.49,Sheng Siong Group Ltd,2026-07-28,2026-06-30,2026-12-31,2026-06-30,3.22,3.28,2.16,3.02,1.6,3.28,1.59,2.75,3.23,3.23,3.1133,3.0978,3.1133,2.15,2.8425,2.5137,3.45,3.59,2.35,3.4,2.72,3.45,3.45,2.72,2.25,2.25,1.89,2.2,2.24,2.25,2.25,2.24,3.22,3.22,2.165,2.86,2.55,3.22,3.22,2.55,3.0978,3.0978,2.5137,2.63,OV8
4059.55,2026-05-15,2025-12-31,2026-03-31,US0773472016,233.15,2026-07-24,3796.08,Bel Fuse Inc.,2026-07-29,2026-06-30,2026-12-31,2026-06-30,257.19,228.73,91.4,252.89,63.59,228.73,14.0,180.98,291.23,291.23,322.0,322.0,322.0,,,,322.0,322.0,,,,322.0,322.0,,322.0,322.0,,,,322.0,322.0,,322.0,322.0,,,,322.0,322.0,,322.0,322.0,,151.8,BELFA
3592.63,2026-05-15,2025-12-31,2026-03-31,MX01GC2M0006,203.43,2026-07-24,3794.48,GCC S.A.B. de C.V.,2026-07-28,2026-06-30,2026-12-31,2026-06-30,200.29,211.66,175.25,204.38,155.28,211.66,156.35,190.09,209.0,209.0,256.3722,250.5781,255.3201,235.9663,243.6766,225.7652,298.5519,301.9272,287.9152,300.3646,289.4485,298.5519,298.5519,295.5051,230.0081,232.6084,210.196,215.6215,201.4676,230.0081,230.0081,205.6833,245.558,248.1424,235.5433,240.5102,218.8218,245.558,245.558,221.0653,250.5781,250.5781,228.3831,182.62,GCC
3121.58,2026-05-15,2025-12-31,2026-03-31,VN000000MWG0,68000.0,2026-07-24,3792.5,Mobile World Investment Corporation,2026-07-29,2026-06-30,2026-12-31,2026-06-30,77800.0,76700.0,69500.0,83500.0,54500.0,76700.0,53900.0,85800.0,78100.0,78100.0,109343.5714,109829.2857,109343.5714,75869.2308,107508.4615,90196.6667,128000.0,128000.0,86000.0,118300.0,102000.0,128000.0,128000.0,102000.0,93000.0,93000.0,66700.0,93800.0,70400.0,93000.0,93000.0,70400.0,108755.0,108155.0,75300.0,107510.0,93000.0,108755.0,108755.0,93000.0,109829.2857,109829.2857,89943.3333,88400.0,MWG
6515.65,2026-05-15,2025-12-31,2026-03-31,US17243V1026,32.71,2026-07-24,3780.55,Cinemark Holdings Inc.,2026-07-30,2026-06-30,2026-12-31,2026-06-30,33.16,30.42,28.99,28.48,15.39,30.42,15.82,24.01,31.73,31.73,35.1818,35.1818,35.9091,34.1818,33.4545,31.8182,40.0,40.0,37.0,37.0,37.0,40.0,40.0,37.0,23.0,30.0,22.0,23.0,20.0,23.0,23.0,23.0,36.0,36.0,35.0,35.0,32.0,36.0,36.0,35.0,35.1818,35.1818,33.3636,23.24,CNK
3522.74,2026-08-14,2026-03-31,2026-06-30,INE111A01025,477.55,2026-07-24,3773.03,Container Corporation of India Limited,2026-07-24,2026-09-30,2027-03-31,2026-09-30,473.95,486.9,606.05,502.8,544.44,486.9,530.8,479.75,475.25,475.25,525.25,522.125,525.25,625.175,560.4706,583.7059,625.0,625.0,950.0,715.0,730.0,625.0,625.0,730.0,456.0,456.0,490.0,457.0,477.0,456.0,456.0,465.0,510.0,520.0,604.0,550.0,592.0,510.0,510.0,590.0,522.125,522.125,583.5882,524.95,CONCOR
8962.02,2026-05-15,2025-12-31,2026-03-31,IT0003027817,2.584,2026-07-24,3769.72,Iren SpA,2026-07-30,2026-06-30,2026-12-31,2026-06-30,2.47,2.56,2.594,2.604,1.8,2.56,2.554,2.652,2.478,2.478,3.0,2.98,2.98,2.7625,2.9,2.92,3.15,3.15,2.85,3.0,3.0,3.15,3.15,3.0,2.75,2.75,2.7,2.75,2.85,2.75,2.75,2.85,3.0,3.0,2.75,2.9,2.9,3.0,3.0,2.925,2.98,2.98,2.925,2.556,IRE
3677.46,2026-06-29,2026-03-31,2026-03-31,INE930H01031,1061.5,2026-07-24,3763.95,K.P.R. Mill Limited,2026-07-31,2026-06-30,2027-03-31,2027-03-31,1218.45,1140.3,1243.0,930.6,625.35,1140.3,369.21,848.9,1177.3,1177.3,1157.1,1065.5455,1157.1,1089.4286,1032.0,1104.4,1200.0,1360.0,1291.0,1200.0,1375.0,1200.0,1200.0,1375.0,865.0,1021.0,865.0,865.0,865.0,865.0,865.0,865.0,1098.0,1130.0,1067.0,1030.0,1092.0,1099.5,1099.5,1042.5,1076.75,1076.75,1094.5,942.4,KPRMILL
3776.5,2026-05-15,2025-12-31,2026-03-31,CA04682R1073,10.96,2026-07-24,3748.21,Athabasca Oil Corporation,2026-07-29,2026-06-30,2026-12-31,2026-06-30,10.08,10.76,5.85,11.22,3.54,10.76,0.8,7.56,10.22,10.22,12.5909,12.6667,12.5,6.5278,11.75,7.9167,14.0,14.0,7.5,13.0,9.0,14.0,14.0,8.5,11.0,11.0,5.5,10.0,6.5,11.0,11.0,7.0,13.0,12.5,6.5,12.25,8.0,13.0,13.0,8.0,12.6,12.6,7.8611,7.03,ATH
3594.55,2026-05-15,2025-12-31,2026-03-31,KR7353200009,109500.0,2026-07-24,3736.0,DAEDUCK ELECTRONICS Co. Ltd.,2026-07-30,2026-06-30,2026-12-31,2026-06-30,133200.0,120700.0,20250.0,108800.0,36300.0,120700.0,16450.0,50900.0,153600.0,153600.0,191200.0,164200.0,181700.0,24000.0,96888.8889,59000.0,190000.0,230000.0,28000.0,120000.0,68000.0,190000.0,190000.0,62000.0,130000.0,130000.0,22000.0,70000.0,49000.0,130000.0,130000.0,49000.0,166000.0,185000.0,23000.0,95000.0,62000.0,166000.0,166000.0,54000.0,164200.0,164200.0,54333.3333,47100.0,A353200
4645.25,2026-05-15,2025-12-31,2026-03-31,US4657411066,84.22,2026-07-24,3734.26,Itron Inc.,2026-07-28,2026-06-30,2026-12-31,2026-06-30,81.61,85.99,133.99,88.55,75.43,85.99,95.23,97.67,86.53,86.53,126.7,126.7,126.7,136.9091,135.0,139.7,145.0,145.0,155.0,150.0,155.0,145.0,145.0,155.0,112.0,112.0,110.0,113.0,118.0,112.0,112.0,118.0,130.0,130.0,136.0,132.5,141.5,130.0,130.0,143.0,126.7,126.7,140.2,92.86,ITRI
8240.67,2026-03-31,2025-12-31,2025-12-31,FR0000051807,56.32,2026-07-24,3723.34,Teleperformance SE,2026-07-30,2026-03-31,2026-12-31,2026-12-31,51.38,54.86,87.92,54.16,156.85,54.86,360.6,58.74,45.98,45.98,73.1071,78.1539,74.8571,131.5333,81.8667,100.4375,140.0,140.0,195.0,140.0,147.0,140.0,140.0,147.0,50.0,44.0,92.0,50.0,70.0,50.0,50.0,70.0,68.0,61.5,125.0,85.0,100.0,68.0,68.0,105.0,78.1539,78.1539,105.4,61.84,TEP
3211.65,2026-05-15,2025-12-31,2026-03-31,US91347P1057,79.27,2026-07-24,3705.94,Universal Display Corporation,2026-07-30,2026-06-30,2026-12-31,2026-06-30,87.56,80.18,149.51,99.03,141.91,80.18,222.85,120.1,86.59,86.59,125.8889,127.5556,127.5556,179.743,140.375,165.8889,168.0,168.0,213.0,180.0,194.0,168.0,168.0,194.0,100.0,100.0,160.0,105.0,140.0,100.0,100.0,140.0,130.0,130.0,176.5,140.0,170.0,130.0,130.0,170.0,127.5556,127.5556,165.8889,116.78,OLED
6118.08,2026-05-15,2025-12-31,2026-03-31,IT0001157020,22.42,2026-07-24,3705.35,ERG S.p.A.,2026-07-31,2026-06-30,2026-12-31,2026-06-30,23.28,22.84,19.18,22.58,27.5,22.84,25.78,22.64,23.92,23.92,23.475,23.2875,23.475,21.8562,22.5333,23.9,27.8,27.8,29.4,27.8,30.1,27.8,27.8,29.4,17.0,17.0,19.5,17.0,20.0,17.0,17.0,20.0,23.95,23.95,20.0,23.0,23.4,23.95,23.95,23.2,23.2875,23.2875,23.425,21.98,ERG
3625.03,2026-05-15,2025-12-31,2026-03-31,MYQ0097OO004,8.0,2026-07-24,3705.34,ViTrox Corporation Berhad,2026-07-31,2026-06-30,2026-12-31,2026-06-30,7.35,7.28,3.79,5.52,4.035,7.28,4.855,4.55,7.76,7.76,7.2938,6.4738,6.8823,3.3382,5.4967,4.4031,9.0,10.0,5.3,6.6,5.5,9.0,9.0,5.5,4.27,4.27,2.1,4.27,2.75,4.27,4.27,2.75,6.68,6.68,3.08,5.65,4.53,6.68,6.68,4.4,6.4738,6.4738,4.3492,3.98,VITROX
3945.37,2026-05-19,2026-01-31,2026-04-04,US48282T1043,312.36,2026-07-24,3688.49,Kadant Inc.,2026-07-28,2026-07-04,2027-01-31,2026-07-04,308.39,311.01,339.36,312.76,209.93,311.01,177.57,323.28,314.23,314.23,343.0,343.0,343.0,335.0,341.0,338.3333,380.0,380.0,380.0,380.0,380.0,380.0,380.0,380.0,306.0,306.0,275.0,303.0,295.0,306.0,306.0,295.0,343.0,343.0,350.0,340.0,340.0,343.0,343.0,340.0,343.0,343.0,338.3333,285.02,KAI
4823.44,2026-05-12,2025-12-31,2026-03-28,US9741551033,135.2,2026-07-24,3681.84,Wingstop Inc.,2026-07-29,2026-06-28,2026-12-31,2026-06-28,155.79,142.33,299.63,189.37,183.39,142.33,169.84,271.39,173.41,173.41,227.9259,233.8929,231.4815,350.0358,281.0667,323.1786,305.0,305.0,440.0,400.0,400.0,305.0,305.0,400.0,140.0,143.0,178.0,140.0,186.0,140.0,140.0,186.0,232.5,234.0,358.5,287.5,322.5,232.0,232.0,320.0,232.8214,232.8214,319.4444,238.49,WING
4140.79,2026-05-15,2025-06-30,2026-03-31,US8542311076,303.65,2026-07-24,3678.7,Standex International Corporation,2026-07-30,2026-06-30,2026-06-30,2026-06-30,317.84,302.72,163.2,273.33,142.77,302.72,90.91,242.05,357.67,357.67,299.8,290.8,290.8,197.0,281.8,261.4,323.0,323.0,220.0,323.0,272.0,323.0,323.0,272.0,260.0,260.0,175.0,250.0,245.0,260.0,260.0,245.0,290.0,290.0,200.0,286.0,260.0,290.0,290.0,260.0,290.8,290.8,261.4,217.28,SXI
3521.75,2026-05-15,2025-12-31,2026-03-31,US38526M1062,139.94,2026-07-24,3669.27,Grand Canyon Education Inc.,2026-07-30,2026-06-30,2026-12-31,2026-06-30,144.65,140.44,168.69,163.49,108.38,140.44,92.1,177.99,143.11,143.11,205.0,209.3333,205.0,213.3333,213.0,222.6667,230.0,230.0,215.0,230.0,242.0,230.0,230.0,242.0,198.0,185.0,210.0,196.0,196.0,198.0,198.0,196.0,200.0,200.0,215.0,213.0,230.0,200.0,200.0,230.0,209.3333,209.3333,222.6667,166.31,LOPE
2656.36,2026-05-15,2025-12-31,2026-03-31,US24823R1059,23.11,2026-07-24,3667.78,Denali Therapeutics Inc.,2026-07-31,2026-06-30,2026-12-31,2026-06-30,24.82,23.29,14.31,19.87,28.4,23.29,63.9,20.25,25.72,25.72,34.3125,33.9333,34.25,32.1875,35.6429,32.8571,42.0,42.0,45.0,42.0,40.0,42.0,42.0,40.0,20.0,25.0,24.0,25.0,25.0,20.0,20.0,24.0,35.0,35.0,31.0,37.0,32.0,35.0,35.0,32.0,33.9333,33.9333,32.2143,16.51,DNLI
5820.3,2026-06-29,2026-03-31,2026-03-31,JP3278600006,1246.0,2026-07-24,3667.13,Keisei Electric Railway Co. Ltd.,2026-07-31,2026-06-30,2027-03-31,2027-03-31,1127.0,1268.5,1260.5,1139.5,1958.0,1268.5,1151.6667,1243.5,1161.0,1161.0,1222.0,1222.0,1222.0,1478.0,1414.0,1418.0,1500.0,1500.0,1590.0,1500.0,1540.0,1500.0,1500.0,1540.0,1100.0,1100.0,1400.0,1300.0,1300.0,1100.0,1100.0,1300.0,1100.0,1100.0,1500.0,1400.0,1400.0,1100.0,1100.0,1400.0,1222.0,1222.0,1418.0,1289.0,9009
6686.51,2026-05-15,2025-12-31,2026-03-31,BRISAEACNPR9,26.46,2026-07-24,3662.44,ISA Energía Brasil S.A.,2026-07-30,2026-06-30,2026-12-31,2026-06-30,27.83,28.01,22.4,29.49,25.13,28.01,24.74,27.99,28.11,28.11,30.4986,30.0736,30.1523,25.8821,28.4379,26.4971,35.0,35.0,33.4,35.0,31.51,35.0,35.0,31.51,25.9,25.9,21.0,22.0,22.0,25.9,25.9,22.0,29.615,30.0,25.0,28.615,26.0,29.615,29.615,26.0,30.0736,30.0736,26.4074,27.54,ISAE4
3239.15,2026-05-15,2025-12-31,2026-03-31,MHY7542C1306,79.49,2026-07-24,3642.24,Scorpio Tankers Inc.,2026-07-30,2026-06-30,2026-12-31,2026-06-30,78.39,76.49,44.64,78.37,42.75,76.49,16.42,58.53,69.26,69.26,95.6,99.2222,96.0,61.3333,82.875,73.125,120.0,120.0,75.0,93.0,80.0,120.0,120.0,80.0,87.0,78.0,47.0,72.0,56.0,90.0,90.0,67.0,100.0,97.5,62.0,82.0,74.5,100.0,100.0,74.0,99.5556,99.5556,73.75,50.83,STNG
4444.09,2026-03-31,2025-12-31,2025-12-31,GB0033986497,0.7305,2026-07-24,3639.47,ITV plc,2026-07-28,2026-03-31,2026-12-31,2026-12-31,0.799,0.731,0.878,0.8025,0.68,0.731,1.21,0.8145,0.806,0.806,0.8433,0.8617,0.8433,0.8013,0.87,0.7867,1.04,0.95,1.1,1.04,1.03,1.04,1.04,1.03,0.62,0.7,0.61,0.62,0.62,0.62,0.62,0.62,0.88,0.855,0.795,0.88,0.75,0.88,0.88,0.755,0.8617,0.8617,0.7967,0.8235,ITV
4427.27,2026-05-15,2025-12-31,2026-03-31,CA8139211038,23.51,2026-07-24,3635.12,SECURE Waste Infrastructure Corp.,2026-07-29,2026-06-30,2026-12-31,2026-06-30,22.5,23.29,16.49,23.3,6.65,23.29,4.18,17.78,22.16,22.16,23.9444,23.8056,23.8611,17.6667,22.9167,20.2222,24.75,24.75,20.0,24.75,23.0,24.75,24.75,23.0,22.0,22.5,15.0,21.0,18.0,22.5,22.5,18.0,24.0,24.0,17.75,23.0,20.0,24.0,24.0,20.5,23.8611,23.8611,20.4688,17.27,SES
3493.65,2026-05-15,2025-12-31,2026-03-31,TW0006147002,158.0,2026-07-24,3635.08,Chipbond Technology Corporation,2026-07-30,2026-06-30,2026-12-31,2026-06-30,216.5,164.0,56.0,131.0,67.4,164.0,73.3,58.1,211.5,211.5,235.6667,235.6667,235.6667,56.0,87.0,55.0,340.0,340.0,60.0,188.0,60.0,340.0,340.0,60.0,171.0,171.0,53.0,50.0,50.0,171.0,171.0,50.0,217.5,217.5,55.0,55.0,55.0,217.5,217.5,55.0,235.6667,235.6667,55.0,53.9,6147
4397.34,2026-05-15,2025-12-31,2026-03-31,NL0015001KT6,9.955,2026-07-24,3600.7,Brembo N.V.,2026-07-29,2026-06-30,2026-12-31,2026-06-30,10.5,10.16,8.7,8.275,13.33,10.16,10.79,10.1,10.24,10.24,11.13,10.92,11.13,9.5111,9.48,10.52,12.6,12.6,11.2,12.0,13.0,12.6,12.6,12.0,8.2,9.0,7.6,7.8,9.0,8.2,8.2,9.0,11.5,11.5,10.0,9.0,10.0,11.5,11.5,10.0,10.92,10.92,10.3556,9.415,BRE
3540.3,2026-06-29,2026-03-31,2026-03-31,INE148O01028,462.55,2026-07-24,3594.23,Delhivery Limited,2026-07-31,2026-06-30,2027-03-31,2027-03-31,481.05,492.15,437.85,449.7,398.35,492.15,,387.1,472.05,472.05,565.2857,552.0909,565.2857,419.7083,527.2727,498.7826,630.0,650.0,515.0,600.0,600.0,630.0,630.0,600.0,450.0,480.0,277.0,420.0,360.0,450.0,450.0,378.0,562.5,570.0,430.0,525.5,510.0,562.5,562.5,510.0,552.0909,552.0909,500.3043,403.85,DELHIVERY
3970.98,2026-05-15,2025-12-31,2026-03-31,CA89055A2039,32.68,2026-07-24,3588.8,Topaz Energy Corp.,2026-07-27,2026-06-30,2026-12-31,2026-06-30,29.79,31.99,25.84,30.09,21.28,31.99,16.2,28.59,29.78,29.78,35.5,35.0417,35.1923,31.5,34.1667,31.7308,39.0,40.0,35.0,37.5,35.0,40.0,40.0,35.0,29.0,29.0,29.0,29.0,29.0,29.0,29.0,29.0,35.0,35.0,31.0,34.5,31.5,35.0,35.0,31.5,35.125,35.125,31.75,27.54,TPZ
3818.5,2026-06-29,2026-03-31,2026-03-31,JP3634200004,5011.0,2026-07-24,3585.86,Toyoda Gosei Co. Ltd.,2026-07-31,2026-06-30,2027-03-31,2027-03-31,5225.0,4920.0,3180.0,4021.0,2807.0,4920.0,2633.0,4224.0,5113.0,5113.0,5445.0,5408.5714,5445.0,3271.4286,5030.0,4402.8571,6300.0,6300.0,3700.0,6300.0,5200.0,6300.0,6300.0,5200.0,4600.0,4600.0,2800.0,4600.0,3720.0,4600.0,4600.0,3720.0,5500.0,5600.0,3200.0,4900.0,4600.0,5500.0,5500.0,4600.0,5408.5714,5408.5714,4402.8571,3943.0,7282
3804.44,2026-03-31,2025-12-31,2025-12-31,FR001400Q9V2,62.1,2026-07-24,3579.5,Exosens,2026-07-28,2026-03-31,2026-12-31,2026-12-31,55.15,56.35,39.6,63.75,,56.35,,54.8,57.1,57.1,67.03,67.13,67.13,38.9286,66.83,51.92,75.0,75.0,49.0,75.0,61.0,75.0,75.0,60.0,59.3,59.3,33.5,59.3,37.0,59.3,59.3,37.0,66.25,66.25,38.0,66.25,52.0,66.25,66.25,52.0,67.13,67.13,51.3333,48.45,EXENS
3058.95,2026-03-31,2025-12-31,2025-12-31,ES0129743318,37.1,2026-07-24,3572.93,Elecnor S.A.,2026-07-27,2026-03-31,2026-12-31,2026-12-31,37.5,37.05,23.25,37.35,13.4,37.05,10.3,25.9,39.75,39.75,41.8833,42.0167,42.0167,25.5375,31.45,27.7875,50.5,50.5,28.15,34.95,28.15,50.5,50.5,28.15,34.95,34.95,18.5,26.9,26.9,34.95,34.95,26.9,40.6,40.6,27.75,32.5,28.05,40.6,40.6,28.05,42.0167,42.0167,27.7875,24.45,ENO
3543.05,2026-05-15,2025-12-31,2026-03-31,US00650F1093,22.27,2026-07-24,3564.19,Adaptive Biotechnologies Corporation,2026-07-29,2026-06-30,2026-12-31,2026-06-30,19.34,22.92,10.66,14.14,7.8,22.92,38.73,18.55,21.45,21.45,22.2857,20.1429,21.1429,11.8571,20.5714,20.0,22.0,25.0,15.0,22.0,21.0,22.0,22.0,21.0,18.0,19.0,9.0,19.0,18.0,18.0,18.0,18.0,20.0,20.0,12.0,21.0,20.0,20.0,20.0,20.0,20.2857,20.2857,19.8571,16.24,ADPT
3296.15,2026-05-15,2025-12-31,2026-03-31,ID1000095706,1685.0,2026-07-24,3563.98,PT Unilever Indonesia Tbk,2026-07-28,2026-06-30,2026-12-31,2026-06-30,1685.0,1700.0,1585.0,1575.0,4290.0,1700.0,4800.0,2250.0,1805.0,1805.0,2093.1579,2232.6316,2148.421,1515.2632,2365.2941,2287.7778,3400.0,2800.0,2100.0,3400.0,3400.0,3400.0,3400.0,3400.0,1060.0,1240.0,1170.0,1500.0,1300.0,1060.0,1060.0,1300.0,2200.0,2100.0,1500.0,2480.0,2400.0,2200.0,2200.0,2375.0,2232.6316,2232.6316,2304.0,2600.0,UNVR
3617.81,2026-05-15,2025-12-31,2026-03-31,US88025T1025,32.25,2026-07-24,3556.27,Tenable Holdings Inc.,2026-07-29,2026-06-30,2026-12-31,2026-06-30,27.92,39.88,33.07,20.02,43.34,39.88,46.02,22.45,36.88,36.88,35.4,28.85,32.4,37.2957,29.05,35.6316,38.0,50.0,45.0,40.0,45.0,38.0,38.0,45.0,20.0,23.0,28.0,19.0,27.0,20.0,20.0,29.0,28.5,30.0,39.0,29.0,36.0,28.5,28.5,38.0,28.85,28.85,37.4737,23.53,TENB
7167.0,2026-05-15,2025-12-31,2026-03-31,US91822M5022,51.01,2026-07-24,3532.0,VEON Ltd.,2026-07-31,2026-06-30,2026-12-31,2026-06-30,51.56,51.62,55.73,53.0,18.05,51.62,43.25,54.04,52.21,52.21,82.8747,81.5176,82.8747,64.7,79.4,76.68,100.0,100.0,69.0,100.0,100.0,100.0,100.0,100.0,70.0,70.0,60.0,65.9,65.9,70.0,70.0,65.9,80.0,81.0,65.0,74.5,75.0,81.0,81.0,75.0,82.8747,82.8747,76.68,52.57,VEON
3756.88,2026-08-14,2026-03-31,2026-06-30,INE00R701025,1810.8,2026-07-24,3523.37,Dalmia Bharat Limited,2026-07-24,2026-09-30,2027-03-31,2026-09-30,1733.0,1823.2,2269.1,1962.5,1900.25,1823.2,2291.45,2084.9,1700.6,1700.6,2170.5294,2186.6765,2180.3823,2262.8286,2307.6061,2389.5588,2522.0,2522.0,2700.0,2650.0,2740.0,2522.0,2522.0,2900.0,1800.0,1800.0,1709.0,1870.0,1800.0,1800.0,1800.0,1740.0,2200.0,2166.5,2350.0,2300.0,2455.0,2200.0,2200.0,2425.0,2186.6765,2186.6765,2359.6177,2130.9,DALBHARAT
4614.65,2026-06-29,2026-03-31,2026-03-31,JP3495000006,1284.5,2026-07-24,3516.68,Sumitomo Pharma Co. Ltd.,2026-07-31,2026-06-30,2027-03-31,2027-03-31,1444.0,1261.0,1146.0,1935.0,657.9,1261.0,2226.0,2349.5,1501.0,1501.0,2128.5714,2128.5714,2128.5714,797.5,2200.0,2158.3333,2700.0,2700.0,1300.0,2700.0,2700.0,2700.0,2700.0,2700.0,1500.0,1500.0,430.0,1500.0,1520.0,1500.0,1500.0,1520.0,2200.0,2200.0,725.0,2250.0,2125.0,2200.0,2200.0,2125.0,2128.5714,2128.5714,2158.3333,2318.0,4506
14457.03,2026-05-15,2025-12-31,2026-03-31,KR7009830001,30000.0,2026-07-24,3510.31,Hanwha Solutions Corporation,2026-07-29,2026-06-30,2026-12-31,2026-06-30,30650.0,26750.0,39000.0,50200.0,38450.0,26750.0,47070.6059,28250.0,33950.0,33950.0,51405.5556,51281.8333,51405.5556,37450.0,41625.0,30794.1177,80000.0,80000.0,51000.0,67000.0,38000.0,80000.0,80000.0,43000.0,16173.0,18400.0,15000.0,17000.0,17000.0,16173.0,16173.0,17000.0,50500.0,50500.0,38000.0,43000.0,32000.0,50500.0,50500.0,33000.0,51281.8333,51281.8333,32105.2632,26800.0,A009830
3439.43,2026-05-15,2025-12-31,2026-03-31,JP3651210001,4907.0,2026-07-24,3509.68,Nabtesco Corporation,2026-07-31,2026-06-30,2026-12-31,2026-06-30,5102.0,4771.0,2790.0,5032.0,3073.0,4771.0,4255.0,4063.0,5141.0,5141.0,5404.5454,5254.5454,5377.2727,2753.0,4952.7273,3831.6667,6300.0,6300.0,3590.0,6300.0,5100.0,6300.0,6300.0,4400.0,3200.0,3200.0,2250.0,3070.0,3050.0,3200.0,3200.0,3050.0,5200.0,5700.0,2700.0,5000.0,3780.0,5200.0,5200.0,3400.0,5254.5454,5254.5454,3561.8182,3748.0,6268
5810.27,2026-05-15,2025-12-31,2026-03-31,VN000000MSN4,63900.0,2026-07-24,3509.21,Masan Group Corporation,2026-07-28,2026-06-30,2026-12-31,2026-06-30,71500.0,68000.0,76000.0,77200.0,84000.0,68000.0,99166.6667,79000.0,72100.0,72100.0,104064.4545,105628.0909,104064.4545,87022.2222,104133.3333,96689.0909,127800.0,127800.0,101200.0,124700.0,108900.0,127800.0,127800.0,108900.0,97909.0,93600.0,62000.0,95000.0,82500.0,97909.0,97909.0,82500.0,101200.0,101000.0,89200.0,98300.0,97800.0,101200.0,101200.0,95000.0,105628.0909,105628.0909,96252.7273,77000.0,MSN
16267.04,2026-05-15,2025-12-31,2026-03-31,FR001400J770,11.735,2026-07-24,3504.11,Air France-KLM SA,2026-07-30,2026-06-30,2026-12-31,2026-06-30,13.545,12.41,11.215,9.22,15.905,12.41,39.21,10.685,13.67,13.67,12.215,11.36,12.075,9.32,10.9375,11.5975,18.0,18.0,15.0,16.0,20.0,18.0,18.0,20.0,8.1,9.3,5.4,8.1,8.5,8.1,8.1,8.5,11.0,12.0,8.5,10.35,11.025,11.0,11.0,11.025,11.36,11.36,11.5844,11.565,AF
6421.11,2026-05-15,2025-12-31,2026-03-31,ID1000097405,1950.0,2026-07-24,3502.2,PT Indosat Tbk,2026-07-30,2026-06-30,2026-12-31,2026-06-30,1770.0,1900.0,2290.0,1970.0,2231.25,1900.0,1487.5,2400.0,1730.0,1730.0,2728.9474,2763.8889,2728.9474,2666.0476,2763.9474,2663.75,3300.0,3300.0,3600.0,3300.0,3300.0,3300.0,3300.0,3300.0,2000.0,2000.0,1600.0,2000.0,2000.0,2000.0,2000.0,2000.0,2800.0,2700.0,2600.0,2800.0,2790.0,2800.0,2800.0,2660.0,2763.8889,2763.8889,2633.75,2320.0,ISAT
3563.29,2026-06-29,2026-03-31,2026-03-31,JP3676800000,2049.0,2026-07-24,3496.61,Nisshin Seifun Group Inc.,2026-07-30,2026-06-30,2027-03-31,2027-03-31,1994.5,2053.5,1743.0,1962.5,1738.0,2053.5,1722.0,1997.5,1985.5,1985.5,2090.0,2110.0,2090.0,2200.0,2170.0,2060.0,2200.0,2150.0,2500.0,2450.0,2300.0,2200.0,2200.0,2300.0,2000.0,2000.0,2000.0,2000.0,1800.0,2000.0,2000.0,1800.0,2100.0,2100.0,2100.0,2100.0,2100.0,2100.0,2100.0,2050.0,2110.0,2110.0,2050.0,1922.0,2002
3345.25,2026-05-15,2025-12-31,2026-03-31,INE093A01041,551.85,2026-07-24,3488.32,Hexaware Technologies Limited,2026-07-29,2026-06-30,2026-12-31,2026-06-30,494.45,570.2,826.6,444.75,,570.2,,716.7,514.85,514.85,554.0,540.3125,554.0,945.0,555.3125,852.3333,620.0,610.0,1000.0,830.0,1100.0,620.0,620.0,950.0,440.0,440.0,830.0,450.0,710.0,440.0,440.0,700.0,542.5,575.0,955.0,540.0,840.0,542.5,542.5,820.0,540.3125,540.3125,808.3333,765.55,HEXT
20869.39,2026-06-29,2026-03-31,2026-03-31,JP3605400005,1142.0,2026-07-24,3486.98,Tohoku Electric Power Company Incorporated,2026-07-29,2026-06-30,2027-03-31,2027-03-31,1042.0,1127.0,1104.0,1122.0,930.0,1127.0,853.0,1114.0,1064.5,1064.5,1273.3333,1421.6667,1273.3333,1555.0,1485.0,1378.3333,1600.0,1560.0,1930.0,1740.0,1540.0,1600.0,1600.0,1540.0,1150.0,1100.0,1300.0,1150.0,1150.0,1150.0,1150.0,1150.0,1460.0,1265.0,1495.0,1520.0,1390.0,1460.0,1460.0,1390.0,1421.6667,1421.6667,1378.3333,1153.0,9506
3188.26,2026-03-01,2025-06-30,2025-12-31,AU000000IGO4,6.56,2026-07-24,3460.5,IGO Limited,2026-07-28,2026-03-31,2026-06-30,2026-06-30,7.31,6.6,5.36,7.32,14.36,6.6,9.08,9.37,7.37,7.37,8.2321,8.4393,8.3893,4.4454,8.5929,7.725,10.5,10.5,6.5,10.8,11.5,10.5,10.5,10.2,6.2,6.2,3.0,5.5,5.0,6.2,6.2,4.5,8.475,8.15,4.1,9.025,7.625,8.475,8.475,6.05,8.4321,8.4321,6.335,8.2,IGO
3054.48,2026-06-29,2026-03-31,2026-03-31,INE671A01010,37481.05,2026-07-24,3437.74,Honeywell Automation India Limited,2026-07-29,2026-06-30,2027-03-31,2027-03-31,39013.35,38958.85,39778.85,31333.8,42041.75,38958.85,42557.1,31372.2,39771.5,39771.5,38354.75,37881.3333,38354.75,37968.25,36163.4,37297.2,44000.0,44000.0,39975.0,39780.0,39780.0,44000.0,44000.0,39780.0,34369.0,34369.0,33650.0,32000.0,32000.0,34369.0,34369.0,32000.0,35275.0,37525.0,39124.0,36262.0,37625.0,35275.0,35275.0,37625.0,37881.3333,37881.3333,37297.2,32826.65,517174
3808.94,2026-05-15,2025-12-31,2026-03-31,US03937C1053,154.3,2026-07-24,3435.3,ArcBest Corporation,2026-07-29,2026-06-30,2026-12-31,2026-06-30,145.18,159.81,84.15,122.5,109.57,159.81,57.69,89.68,143.54,143.54,171.0769,153.3636,166.8461,93.5833,104.2727,91.6667,202.0,205.0,140.0,125.0,120.0,202.0,202.0,120.0,117.0,134.0,73.0,85.0,74.0,122.0,122.0,64.0,150.0,165.0,89.5,102.0,93.0,150.0,150.0,83.5,157.7273,157.7273,83.4167,74.19,ARCB
4458.73,2026-03-31,2025-12-31,2025-12-31,GB00B1VNSX38,7.64,2026-07-24,3425.65,Drax Group plc,2026-07-30,2026-03-31,2026-12-31,2026-12-31,7.53,7.72,6.805,8.568,6.15,7.72,4.126,8.98,7.59,7.59,9.2989,9.5367,9.2989,8.15,9.675,9.2911,11.2,11.0,10.0,11.2,11.2,11.2,11.2,10.82,7.45,7.45,5.29,7.2,6.8,7.45,7.45,6.8,9.4,9.2,8.375,9.55,9.5,9.4,9.4,9.0,9.5367,9.5367,8.7689,8.37,DRX
3383.62,2026-05-15,2025-12-31,2026-03-31,US74736L1098,54.61,2026-07-24,3418.61,Q2 Holdings Inc.,2026-07-29,2026-06-30,2026-12-31,2026-06-30,45.03,54.86,89.41,49.46,34.45,54.86,104.87,68.48,48.1,48.1,72.1818,72.5833,72.1818,101.344,75.4615,89.4286,82.0,82.0,115.0,86.0,110.0,82.0,82.0,110.0,60.0,60.0,71.0,67.0,78.0,60.0,60.0,74.0,74.5,74.0,105.0,75.0,90.0,74.5,74.5,90.0,72.5833,72.5833,89.7143,72.16,QTWO
4765.21,2026-05-15,2025-12-31,2026-03-31,US12510Q1004,5.82,2026-07-24,3415.99,CCC Intelligent Solutions Holdings Inc.,2026-07-30,2026-06-30,2026-12-31,2026-06-30,4.49,6.05,9.88,4.98,10.76,6.05,9.98,7.88,5.16,5.16,8.8,8.6364,8.8,11.9342,9.0833,11.2692,14.0,14.0,14.0,14.0,14.0,14.0,14.0,14.0,6.0,6.0,10.0,6.0,8.0,6.0,6.0,8.0,8.0,8.5,12.0,9.0,11.0,8.0,8.0,11.5,8.6364,8.6364,11.625,7.95,CCC
3609.41,2026-05-15,2025-12-31,2026-03-31,KR7128940004,392000.0,2026-07-24,3404.86,Hanmi Pharm. Co. Ltd.,2026-07-28,2026-06-30,2026-12-31,2026-06-30,366000.0,372000.0,282000.0,494500.0,273039.2157,372000.0,307668.2422,475000.0,397500.0,397500.0,643333.3333,624615.3846,624615.3846,361333.3333,569333.3333,488750.0,740000.0,740000.0,400000.0,720000.0,560000.0,740000.0,740000.0,560000.0,510000.0,510000.0,290000.0,370000.0,360000.0,510000.0,510000.0,360000.0,600000.0,600000.0,360000.0,560000.0,515000.0,600000.0,600000.0,510000.0,624615.3846,624615.3846,476000.0,452000.0,A128940
4489.54,2026-05-15,2025-12-31,2026-03-31,US68404L2016,21.66,2026-07-24,3401.22,Option Care Health Inc.,2026-07-29,2026-06-30,2026-12-31,2026-06-30,22.01,21.74,29.47,28.4,32.78,21.74,21.24,36.27,20.97,20.97,28.0833,28.5833,28.5833,38.5556,40.0909,38.4545,39.0,39.0,41.0,45.0,43.0,39.0,39.0,40.0,22.0,22.0,34.0,37.0,27.0,22.0,22.0,30.0,29.0,29.0,39.0,40.0,40.0,29.0,29.0,36.0,28.5833,28.5833,36.4545,31.86,OPCH
3371.81,2026-03-31,2025-12-31,2025-12-31,CH0360826991,355.8,2026-07-24,3378.27,Comet Holding AG,2026-07-31,2026-03-31,2026-12-31,2026-12-31,389.8,352.0,269.0,304.8,223.2,352.0,280.5,287.4,409.0,409.0,473.0,427.2,473.0,344.0,330.3,273.0,500.0,550.0,390.0,390.0,350.0,500.0,500.0,310.0,286.0,374.0,315.0,220.0,172.0,286.0,286.0,156.0,451.0,475.0,343.0,336.5,280.0,451.0,451.0,256.0,427.2,427.2,241.875,225.0,COTN
2809.53,2026-06-29,2026-03-31,2026-03-31,JP3560200002,2708.0,2026-07-24,3376.68,Toei Animation Co.Ltd.,2026-07-31,2026-06-30,2027-03-31,2027-03-31,2309.0,2801.0,3260.0,2612.0,2462.0,2801.0,2884.0,2678.0,2434.0,2434.0,3214.2857,3214.2857,3214.2857,3742.8571,3300.0,3787.1429,3900.0,3900.0,4370.0,3900.0,4300.0,3900.0,3900.0,4300.0,2700.0,2700.0,3000.0,2900.0,3300.0,2700.0,2700.0,3300.0,3200.0,3200.0,3600.0,3200.0,3700.0,3200.0,3200.0,3700.0,3214.2857,3214.2857,3787.1429,2725.0,4816
3722.4,2026-06-29,2026-03-31,2026-03-31,JP3902000003,1617.5,2026-07-24,3375.52,Mitsubishi Logistics Corporation,2026-07-31,2026-06-30,2027-03-31,2027-03-31,1509.5,1561.5,1271.0,1341.0,702.8,1561.5,667.0,1344.5,1543.5,1543.5,1490.0,1490.0,1490.0,1290.0,1360.0,1280.0,1700.0,1700.0,1400.0,1550.0,1400.0,1700.0,1700.0,1400.0,1250.0,1250.0,1100.0,1100.0,1100.0,1250.0,1250.0,1100.0,1400.0,1400.0,1300.0,1400.0,1300.0,1400.0,1400.0,1300.0,1490.0,1490.0,1280.0,1197.5,9301
4848.75,2026-05-15,2025-12-31,2026-03-31,US12662P1084,33.45,2026-07-24,3362.75,CVR Energy Inc.,2026-07-29,2026-06-30,2026-12-31,2026-06-30,26.8,35.13,27.31,31.52,35.03,35.13,13.15,24.54,27.54,27.54,29.4,31.0,28.8,24.3333,31.0,26.3333,35.0,35.0,30.0,35.0,35.0,35.0,35.0,35.0,27.0,25.0,19.0,28.0,22.0,27.0,27.0,23.0,31.0,28.0,25.5,31.0,24.5,31.0,31.0,27.5,31.0,31.0,27.6667,25.44,CVI
6963.25,2026-05-15,2025-12-31,2026-03-31,ID1000057003,6850.0,2026-07-24,3349.44,PT Indofood Sukses Makmur Tbk,2026-07-31,2026-06-30,2026-12-31,2026-06-30,6750.0,6700.0,8350.0,6900.0,7275.0,6700.0,6475.0,6825.0,6675.0,6675.0,8476.9231,8695.8333,8526.9231,9329.1667,8942.3077,9223.0769,11500.0,11500.0,13350.0,11500.0,12650.0,11500.0,11500.0,12650.0,7600.0,7500.0,7150.0,7600.0,8300.0,7600.0,7600.0,8300.0,8375.0,8200.0,9325.0,8900.0,9000.0,8375.0,8375.0,9300.0,8695.8333,8695.8333,9400.0,6775.0,INDF
4950.99,2026-05-15,2025-12-31,2026-03-31,OM0000010120,0.247,2026-07-26,3341.71,Asyad Shipping Company SAOG,2026-07-29,2026-06-30,2026-12-31,2026-06-30,0.287,0.273,0.122,0.283,,0.273,,0.191,0.282,0.282,0.2482,0.2408,0.2482,0.1377,0.203,0.1629,0.338,0.319,0.18,0.338,0.201,0.338,0.338,0.185,0.15,0.15,0.12,0.13,0.13,0.15,0.15,0.13,0.225,0.23,0.1325,0.178,0.156,0.225,0.225,0.147,0.2408,0.2408,0.1545,0.179,ASCO
5016.43,2026-05-15,2025-12-31,2026-03-31,IT0004056880,11.03,2026-07-24,3326.5,Amplifon S.p.A.,2026-07-30,2026-06-30,2026-12-31,2026-06-30,10.145,10.74,20.17,9.522,31.17,10.74,41.37,13.91,9.476,9.476,13.0375,12.8406,12.9656,25.7333,12.0875,17.2031,17.0,17.0,29.0,17.0,23.0,17.0,17.0,23.0,9.85,9.85,21.0,8.0,14.0,9.85,9.85,14.0,11.8,11.8,26.0,10.7,16.95,11.8,11.8,17.0,12.8406,12.8406,17.2367,13.75,AMP
10085.52,2026-05-15,2025-12-31,2026-03-31,LU0088087324,7.01,2026-07-24,3323.72,SES S.A.,2026-07-30,2026-06-30,2026-12-31,2026-06-30,6.93,7.37,6.255,6.655,5.815,7.37,6.868,6.5,7.165,7.165,8.245,7.82,8.245,6.7,7.14,7.0,10.5,10.5,9.6,9.5,10.0,10.5,10.5,10.0,5.2,5.2,3.0,5.0,5.2,5.2,5.2,5.2,8.4,8.75,6.75,6.8,6.5,8.4,8.4,6.0,7.82,7.82,7.0111,5.53,SESG
4399.65,2026-06-29,2026-03-31,2026-03-31,JP3720800006,1107.5,2026-07-24,3307.37,NSK Ltd.,2026-07-30,2026-06-30,2027-03-31,2027-03-31,1161.0,1097.5,712.6,1188.0,910.0,1097.5,943.0,1079.5,1136.0,1136.0,1373.3333,1373.3333,1373.3333,655.0,1293.3333,848.3333,1700.0,1700.0,750.0,1700.0,900.0,1700.0,1700.0,900.0,1090.0,1090.0,570.0,1000.0,750.0,1090.0,1090.0,750.0,1340.0,1340.0,650.0,1320.0,875.0,1340.0,1340.0,875.0,1373.3333,1373.3333,848.3333,975.8,6471
4101.24,2026-03-31,2025-12-31,2025-12-31,FR0000050809,154.9,2026-07-24,3267.7,Sopra Steria Group SA,2026-07-29,2026-03-31,2026-12-31,2026-12-31,143.3,148.7,199.8,112.5,183.6,148.7,168.6,148.0,139.6,139.6,194.3333,194.3333,194.3333,224.7,194.9091,198.9167,242.0,242.0,262.0,248.0,250.0,242.0,242.0,250.0,132.0,132.0,168.0,132.0,142.0,132.0,132.0,142.0,205.0,205.0,226.5,206.0,207.5,205.0,205.0,207.5,194.3333,194.3333,197.6,154.6,SOP
2717.78,2026-05-15,2025-12-31,2026-03-31,CA1520061021,22.87,2026-07-24,3220.98,Centerra Gold Inc.,2026-07-28,2026-06-30,2026-12-31,2026-06-30,22.06,21.16,10.14,25.92,8.1,21.16,9.41,25.19,22.49,22.49,30.9581,33.6712,32.8682,12.7314,32.7383,28.1668,40.5303,40.1689,14.8609,40.0387,35.9058,40.5303,40.5303,28.0229,20.3438,24.5146,8.9443,19.7687,17.3393,20.3438,20.3438,12.4216,35.1601,32.9838,13.1642,34.0711,29.3504,35.1601,35.1601,20.3172,33.6712,33.6712,20.4881,19.76,CG
2645.63,2026-03-31,2025-12-31,2025-12-31,NL0000337319,11.0,2026-07-24,3216.86,Koninklijke BAM Groep nv,2026-07-30,2026-03-31,2026-12-31,2026-12-31,12.39,11.28,7.755,9.285,2.078,11.28,2.214,8.84,12.27,12.27,12.475,11.225,12.475,6.7,9.475,9.4,13.5,14.0,7.5,10.5,10.5,13.5,13.5,10.0,9.0,10.3,5.9,8.1,8.1,9.0,9.0,7.5,11.2,12.8,6.7,9.65,9.5,11.2,11.2,9.0,11.225,11.225,8.8333,9.3,BAMNB
2365.88,2026-05-15,2025-12-31,2026-03-31,TW0002474004,189.5,2026-07-24,3206.26,Catcher Technology Co. Ltd.,2026-07-31,2026-06-30,2026-12-31,2026-06-30,200.0,190.0,215.0,225.0,178.0,190.0,189.0,204.0,209.0,209.0,199.25,199.25,199.25,206.6,197.75,199.2,270.0,270.0,225.0,240.0,240.0,270.0,270.0,211.0,160.0,160.0,185.0,160.0,160.0,160.0,160.0,160.0,183.5,183.5,203.0,195.5,205.0,183.5,183.5,200.0,199.25,199.25,191.2,208.0,2474
3124.31,2026-05-15,2025-12-31,2026-03-31,US1985161066,62.32,2026-07-24,3187.09,Columbia Sportswear Company,2026-07-30,2026-06-30,2026-12-31,2026-06-30,64.51,63.5,60.44,60.26,77.6,63.5,99.25,52.89,61.82,61.82,70.8333,70.6667,70.6667,66.0,65.0,59.3333,92.0,92.0,84.0,75.0,75.0,92.0,92.0,75.0,47.0,47.0,51.0,44.0,39.0,47.0,47.0,38.0,69.0,69.0,63.0,66.5,57.5,69.0,69.0,57.5,70.6667,70.6667,59.1667,55.09,COLM
6448.83,2026-06-29,2026-03-31,2026-03-31,JP3626800001,1813.5,2026-07-24,3183.03,LIXIL Corporation,2026-07-31,2026-06-30,2027-03-31,2027-03-31,1771.0,1874.5,1761.5,1603.5,1938.5,1874.5,2970.0,1813.5,1804.0,1804.0,1855.5556,1800.0,1822.2222,1791.1111,1832.2222,1957.7778,2200.0,2200.0,2100.0,2200.0,2300.0,2200.0,2200.0,2300.0,1600.0,1600.0,1700.0,1600.0,1700.0,1600.0,1600.0,1700.0,1800.0,1800.0,1770.0,1800.0,1900.0,1800.0,1800.0,1900.0,1800.0,1800.0,1980.0,1894.5,5938
3675.52,2026-05-15,2025-12-31,2026-03-31,US01877R1086,24.71,2026-07-24,3179.16,Alliance Resource Partners L.P.,2026-07-27,2026-06-30,2026-12-31,2026-06-30,24.24,24.42,27.97,24.9,19.25,24.42,7.31,24.6,23.98,23.98,31.0,31.0,31.0,30.0,30.3333,31.0,33.0,33.0,31.0,33.0,33.0,33.0,33.0,33.0,29.0,29.0,29.0,29.0,29.0,29.0,29.0,29.0,31.0,31.0,30.0,29.0,31.0,31.0,31.0,31.0,31.0,31.0,31.0,23.23,ARLP
2796.52,2026-05-15,2025-12-31,2026-03-31,US9119221029,110.99,2026-07-24,3176.06,United States Lime & Minerals Inc.,2026-07-31,2026-06-30,2026-12-31,2026-06-30,107.18,104.97,107.48,131.49,41.158,104.97,27.882,127.885,104.67,104.67,130.0,130.0,130.0,105.0,138.0,125.0,130.0,130.0,105.0,138.0,125.0,130.0,130.0,125.0,130.0,130.0,105.0,138.0,125.0,130.0,130.0,125.0,130.0,130.0,105.0,138.0,125.0,130.0,130.0,125.0,130.0,130.0,125.0,119.74,USLM
5917.91,2026-05-15,2025-12-31,2026-03-31,US00404A1097,34.51,2026-07-24,3173.78,Acadia Healthcare Company Inc.,2026-07-28,2026-06-30,2026-12-31,2026-06-30,24.96,34.5,21.74,27.38,74.01,34.5,61.58,15.23,29.53,29.53,32.2143,28.8571,31.7143,41.8571,23.6071,19.0714,39.0,40.0,66.0,31.0,27.0,39.0,39.0,34.0,13.0,13.0,28.0,13.0,13.0,13.0,13.0,13.0,30.0,31.5,40.0,24.25,17.0,30.0,30.0,21.5,28.8571,28.8571,21.2143,14.19,ACHC
3462.4,2026-05-15,2025-12-31,2026-03-31,ES0112501012,18.08,2026-07-24,3163.03,Ebro Foods S.A.,2026-07-29,2026-06-30,2026-12-31,2026-06-30,17.94,18.18,17.36,18.3,16.38,18.18,17.5,18.3,17.88,17.88,20.446,20.446,20.446,20.8656,20.581,20.284,21.7,21.7,22.05,21.7,21.7,21.7,21.7,21.7,19.0,19.0,19.4,19.0,18.1,19.0,19.0,19.4,20.3,20.3,21.1,20.705,20.25,20.3,20.3,21.0,20.446,20.446,20.6933,18.42,EBRO
3388.8,2026-05-15,2025-12-31,2026-03-31,BE6360403164,17.15,2026-07-24,3161.82,Titan America SA,2026-07-28,2026-06-30,2026-12-31,2026-06-30,18.77,16.95,14.45,16.46,,16.95,,17.71,18.66,18.66,18.2143,17.7857,18.2143,15.875,17.2857,17.4286,20.0,22.0,18.0,20.0,20.0,20.0,20.0,20.0,15.0,15.0,13.0,14.0,14.0,15.0,15.0,14.0,18.0,18.0,16.0,17.0,17.0,18.0,18.0,17.0,17.7857,17.7857,17.0,16.48,TTAM
3404.83,2026-05-15,2025-12-31,2026-03-31,BE0165385973,70.65,2026-07-24,3161.23,Melexis NV,2026-07-29,2026-06-30,2026-12-31,2026-06-30,79.35,69.95,67.7,70.2,93.15,69.95,86.9,63.5,78.1,78.1,75.1539,71.2857,74.5714,74.1364,63.6786,71.6429,92.0,96.0,92.0,92.0,92.0,92.0,92.0,92.0,52.0,52.0,56.5,48.0,52.0,52.0,52.0,52.0,71.0,73.0,78.0,62.5,73.5,71.0,71.0,74.5,71.2857,71.2857,71.9167,57.5,MELE
2626.6,2026-03-01,2025-06-30,2025-12-31,AU000000RRL8,5.97,2026-07-24,3156.22,Regis Resources Limited,2026-07-24,2026-03-31,2026-06-30,2026-06-30,6.59,5.65,4.21,7.41,1.865,5.65,2.46,8.37,6.03,6.03,7.4691,8.6859,7.9434,4.445,8.877,7.935,11.1,9.45,5.3,11.1,10.0,11.1,11.1,9.6,7.0,5.6,3.1,7.0,5.15,6.0,6.0,5.0,8.7,8.35,4.55,8.925,7.825,8.7,8.7,6.875,8.499,8.499,7.0271,7.55,RRL
7202.42,2026-05-15,2025-12-31,2026-03-31,US83545G1022,99.82,2026-07-24,3154.72,Sonic Automotive Inc.,2026-07-30,2026-06-30,2026-12-31,2026-06-30,83.62,100.37,75.43,71.84,50.26,100.37,48.97,61.23,84.79,84.79,89.2727,83.5833,88.9167,74.3333,76.0909,77.6,96.0,109.0,92.0,92.0,92.0,96.0,96.0,92.0,70.0,70.0,60.0,67.0,67.0,70.0,70.0,68.0,85.0,89.5,74.0,73.0,77.5,85.0,85.0,77.5,83.5833,83.5833,78.1,61.86,SAH
3030.31,2026-05-15,2025-12-31,2026-03-31,ID1000128705,1375.0,2026-07-24,3146.48,PT Sumber Alfaria Trijaya Tbk,2026-07-31,2026-06-30,2026-12-31,2026-06-30,1385.0,1335.0,2190.0,1410.0,2840.0,1335.0,1240.0,1935.0,1370.0,1370.0,2212.7778,2306.6667,2235.0,2814.8125,2334.7059,2592.3529,2820.0,2700.0,3700.0,2820.0,3100.0,2820.0,2820.0,3100.0,1510.0,1510.0,2100.0,1510.0,2280.0,1510.0,1510.0,2280.0,2300.0,2300.0,2860.0,2400.0,2500.0,2300.0,2300.0,2675.0,2306.6667,2306.6667,2648.125,1975.0,AMRT
5143.98,2026-05-15,2025-12-31,2026-03-31,BE0003470755,26.42,2026-07-24,3142.85,Solvay SA,2026-07-29,2026-06-30,2026-12-31,2026-06-30,27.06,26.14,29.94,27.5,104.45,26.14,110.8,26.04,26.28,26.28,25.0133,25.1,24.88,30.6667,25.3438,27.0625,32.0,30.0,37.0,32.0,37.0,32.0,32.0,37.0,18.0,20.0,25.0,20.0,20.0,20.0,20.0,20.0,26.0,26.0,30.0,26.0,26.5,26.0,26.0,26.0,25.225,25.225,27.2667,27.16,SOLB
3147.73,2026-06-29,2026-03-31,2026-03-31,INE115Q01022,1759.8,2026-07-24,3132.84,Inventurus Knowledge Solutions Limited,2026-07-31,2026-06-30,2027-03-31,2027-03-31,1717.6,1897.1,1607.0,1438.0,,1897.1,,1651.1,1679.4,1679.4,1897.875,1886.625,1897.875,1588.75,1852.6667,1965.2222,2070.0,2070.0,1820.0,2120.0,2107.0,2070.0,2070.0,2107.0,1660.0,1670.0,1400.0,1500.0,1700.0,1660.0,1660.0,1700.0,1940.0,1940.0,1567.5,1825.0,2010.0,1940.0,1940.0,2000.0,1886.625,1886.625,1926.3333,1657.8,IKS
3908.09,2026-05-12,2025-12-31,2026-03-28,US4212981009,14.43,2026-07-24,3130.78,Hayward Holdings Inc.,2026-07-29,2026-06-28,2026-12-31,2026-06-28,15.76,14.36,15.05,15.36,12.63,14.36,24.19,16.49,17.31,17.31,17.2143,17.2143,17.2143,15.9286,17.3571,17.8571,19.5,19.5,19.0,19.5,21.0,19.5,19.5,21.0,15.0,15.0,13.0,15.0,16.0,15.0,15.0,16.0,17.0,17.0,16.0,18.0,18.0,17.0,17.0,18.0,17.2143,17.2143,17.7143,15.45,HAYW
3379.62,2026-05-15,2025-12-31,2026-03-31,US3927091013,72.48,2026-07-24,3127.12,Green Brick Partners Inc.,2026-07-29,2026-06-30,2026-12-31,2026-06-30,80.22,72.75,65.47,70.82,55.17,72.75,23.16,69.95,80.04,80.04,62.0,62.0,62.0,62.0,62.0,62.0,62.0,62.0,62.0,62.0,62.0,62.0,62.0,62.0,62.0,62.0,62.0,62.0,62.0,62.0,62.0,62.0,62.0,62.0,62.0,62.0,62.0,62.0,62.0,62.0,62.0,62.0,62.0,62.66,GRBK
3621.66,2026-05-15,2025-12-31,2026-03-31,US5562691080,42.75,2026-07-24,3124.4,Steven Madden Ltd.,2026-07-30,2026-06-30,2026-12-31,2026-06-30,42.29,43.42,26.18,38.58,33.25,43.42,42.33,45.49,42.1,42.1,46.7778,46.7778,46.7778,28.375,43.5556,47.7778,54.0,54.0,38.0,50.0,53.0,54.0,54.0,52.0,31.0,31.0,23.0,30.0,37.0,31.0,31.0,37.0,50.0,50.0,27.5,45.0,50.0,50.0,50.0,47.5,46.7778,46.7778,46.125,41.64,SHOO
3298.67,2026-05-15,2025-12-31,2026-03-31,QA000A0Q5NE9,2.683,2026-07-26,3115.24,Vodafone Qatar P.Q.S.C.,2026-07-28,2026-06-30,2026-12-31,2026-06-30,2.689,,2.4,2.612,1.901,,,2.6,2.65,2.65,3.0267,3.0267,3.0267,2.5067,2.8867,2.88,3.1,3.1,2.62,3.0,3.0,3.1,3.1,3.0,2.98,2.98,2.4,2.8,2.8,2.98,2.98,2.6,3.0,3.0,2.5,2.86,2.84,3.0,3.0,2.84,3.0267,3.0267,2.8133,2.436,VFQS
3387.95,2026-05-15,2025-12-31,2026-03-31,FI0009002422,5.81,2026-07-24,3113.93,Outokumpu Oyj,2026-07-30,2026-06-30,2026-12-31,2026-06-30,5.395,5.46,3.578,5.215,4.783,5.46,5.446,4.882,5.035,5.035,5.6273,5.65,5.6455,3.575,5.425,4.6167,7.2,7.2,4.5,7.0,5.7,7.2,7.2,5.5,3.8,3.9,2.5,3.8,3.0,3.8,3.8,2.7,5.85,5.6,3.55,5.5,4.55,5.9,5.9,4.4,5.8,5.8,4.275,4.48,OUT1V
2928.15,2026-03-31,2025-12-31,2025-12-31,IT0005162406,13.66,2026-07-24,3095.3,Technogym S.p.A.,2026-07-30,2026-03-31,2026-12-31,2026-12-31,15.33,14.57,12.71,19.79,8.335,14.57,10.63,18.01,15.2,15.2,18.77,19.5778,19.22,12.982,17.6444,16.2333,24.5,24.5,14.5,20.7,18.6,24.5,24.5,18.6,16.0,16.0,11.3,15.8,14.5,16.0,16.0,13.0,19.0,18.5,13.15,17.2,16.0,19.0,19.0,16.0,19.5778,19.5778,16.0333,16.14,TGYM
3141.57,2026-05-15,2025-12-31,2026-03-31,BMG5331N1011,13.4,2026-07-24,3093.57,Kyivstar Group Ltd.,2026-07-31,2026-06-30,2026-12-31,2026-06-30,14.52,14.21,10.61,11.72,,14.21,,12.31,16.17,16.17,17.7462,17.6524,17.635,,17.8098,17.1627,19.8158,19.9315,,20.2855,19.6297,19.8158,19.8158,19.9339,14.8729,14.8115,,12.4698,14.0487,14.8729,14.8729,14.2664,17.8979,18.0001,,18.3675,16.7894,17.8979,17.8979,17.0348,17.6524,17.6524,17.0849,12.98,KYIV
3831.65,2026-05-15,2025-12-31,2026-03-31,US2536512021,89.33,2026-07-24,3093.35,Diebold Nixdorf Incorporated,2026-07-29,2026-06-30,2026-12-31,2026-06-30,83.36,85.67,57.78,85.64,,85.67,,70.01,85.02,85.02,98.3333,98.3333,98.3333,72.3333,96.6667,79.0,100.0,100.0,80.0,100.0,80.0,100.0,100.0,80.0,95.0,95.0,60.0,90.0,77.0,95.0,95.0,77.0,100.0,100.0,77.0,100.0,80.0,100.0,100.0,80.0,98.3333,98.3333,79.0,67.89,DBD
3119.85,2026-05-15,2025-12-31,2026-03-31,TW0001560001,672.0,2026-07-24,3092.25,Kinik Company,2026-07-27,2026-06-30,2026-12-31,2026-06-30,703.0,647.0,350.0,525.0,141.5,647.0,69.4,431.5,762.0,762.0,733.3,690.3333,721.3,355.8333,519.875,425.625,855.0,900.0,400.0,564.0,490.0,855.0,855.0,400.0,485.0,485.0,300.0,485.0,370.0,485.0,485.0,360.0,723.0,780.0,360.0,510.0,400.0,723.0,723.0,390.0,690.3333,690.3333,382.0,396.5,1560
2809.33,2026-06-29,2026-03-31,2026-03-31,JP3128800004,3950.0,2026-07-24,3085.5,Anritsu Corporation,2026-07-30,2026-06-30,2027-03-31,2027-03-31,4375.0,3654.0,1811.0,3755.0,1235.0,3654.0,2074.0,2325.5,4396.0,4396.0,4163.3333,3782.7778,4163.3333,1602.5,2502.7778,2008.3333,5500.0,5500.0,2100.0,4000.0,2800.0,5500.0,5500.0,2800.0,1670.0,1670.0,1160.0,1380.0,1380.0,1670.0,1670.0,1380.0,4600.0,4600.0,1595.0,2700.0,1775.0,4600.0,4600.0,1775.0,3782.7778,3782.7778,1986.1111,2244.5,6754
2643.55,2026-05-15,2025-12-31,2026-03-31,CA07317Q1054,6.09,2026-07-24,3077.6,Baytex Energy Corp.,2026-07-30,2026-06-30,2026-12-31,2026-06-30,5.55,5.88,2.89,6.26,4.87,5.88,2.07,4.54,5.69,5.69,7.5454,7.5682,7.5,3.95,6.6364,5.0773,8.5,8.5,5.0,8.0,6.0,8.5,8.5,6.0,6.5,6.5,2.5,5.0,4.0,6.5,6.5,4.0,7.5,7.5,4.0,6.5,5.0,7.5,7.5,5.0,7.5227,7.5227,5.0545,4.44,BTE
2361.72,2026-06-29,2026-03-31,2026-03-31,JP3283460008,1503.0,2026-07-24,3064.53,Koei Tecmo Holdings Co. Ltd.,2026-07-27,2026-06-30,2027-03-31,2027-03-31,1507.5,1574.0,2084.5,1611.5,2403.5,1574.0,2630.0,1737.0,1514.5,1514.5,1908.8889,2003.3333,1997.7778,2351.4286,2105.5556,2257.7778,2500.0,2500.0,2690.0,2700.0,2700.0,2500.0,2500.0,2700.0,1300.0,1300.0,1900.0,1400.0,1700.0,1300.0,1300.0,1700.0,2000.0,2000.0,2400.0,2000.0,2250.0,2000.0,2000.0,2250.0,2003.3333,2003.3333,2282.2222,1905.5,3635
6042.38,2026-03-31,2025-12-31,2025-12-31,FR001400T0D6,2.342,2026-07-24,3059.2,Canal+ SA,2026-07-28,2026-03-31,2026-12-31,2026-12-31,2.52,2.268,2.31,2.31,,2.268,,2.721,2.444,2.444,3.4278,3.3157,3.4278,3.2245,3.3676,3.4222,5.0,5.0,4.5,4.5,4.0,5.0,5.0,3.9,2.25,2.25,2.396,2.25,2.8,2.25,2.25,2.8,3.225,3.3,3.1,3.5,3.45,3.225,3.225,3.575,3.3157,3.3157,3.4562,2.666,CAN
2701.42,2026-06-29,2026-03-31,2026-03-31,INE382Z01011,2565.8,2026-07-24,3049.01,Garden Reach Shipbuilders & Engineers Limited,2026-07-29,2026-06-30,2027-03-31,2027-03-31,2782.7,2581.2,2617.9,2878.7,608.4,2581.2,203.05,2234.8,2726.2,2726.2,3146.0,3146.0,3146.0,2341.3333,3263.0,2347.0,3500.0,3500.0,3500.0,3500.0,3500.0,3500.0,3500.0,3500.0,2660.0,2660.0,515.0,3026.0,515.0,2660.0,2660.0,515.0,3108.0,3108.0,3009.0,3263.0,3026.0,3108.0,3108.0,3047.0,3146.0,3146.0,2354.0,2444.1,GRSE
2934.79,2026-08-14,2026-03-31,2026-06-30,INE600L01024,1759.2,2026-07-24,3048.76,Dr. Lal PathLabs Limited,2026-07-24,2026-09-30,2027-03-31,2026-09-30,1660.0,1687.4,1546.35,1408.9,1173.175,1687.4,1720.925,1376.4,1646.2,1646.2,1745.3462,1686.0,1719.6538,1547.94,1719.5417,1692.5192,2072.0,2072.0,1965.5,2995.0,2080.0,2072.0,2072.0,2000.0,1180.0,1180.0,1055.0,1180.0,1097.0,1180.0,1180.0,1200.0,1710.0,1720.0,1574.5,1720.0,1755.0,1710.0,1710.0,1774.5,1686.0,1686.0,1714.9423,1482.6,LALPATHLAB
4687.7,2026-03-31,2025-12-31,2025-12-31,FR0000031775,60.2,2026-07-24,3048.02,Vicat S.A.,2026-07-29,2026-03-31,2026-12-31,2026-12-31,66.2,61.5,59.4,64.4,29.8,61.5,42.25,79.0,63.5,63.5,85.2,85.6,85.2,62.5,86.8,91.0,97.0,97.0,73.0,97.0,103.0,97.0,97.0,86.0,65.0,65.0,52.0,72.0,80.0,65.0,65.0,66.0,91.0,91.0,62.5,91.0,93.0,91.0,91.0,72.0,85.6,85.6,74.0,76.0,VCT
4325.01,2026-05-15,2025-12-31,2026-03-31,MX01ME090003,62.05,2026-07-24,3044.46,Megacable Holdings S. A. B. de C. V.,2026-07-30,2026-06-30,2026-12-31,2026-06-30,58.33,63.17,55.56,59.99,40.87,63.17,70.19,64.24,62.73,62.73,70.4692,70.4692,70.4692,59.8462,70.1385,67.2308,84.0,84.0,84.0,84.0,84.0,84.0,84.0,84.0,52.1,52.1,45.0,51.8,45.0,52.1,52.1,45.0,74.0,74.0,58.0,74.0,70.0,74.0,74.0,70.0,70.4692,70.4692,66.9231,51.72,MEGACPO
4175.31,2026-05-30,2025-09-30,2026-03-31,US0441861046,66.4,2026-07-24,3040.31,Ashland Inc.,2026-07-28,2026-06-30,2026-09-30,2026-09-30,63.44,68.64,50.71,57.4,90.66,68.64,87.54,63.32,65.89,65.89,70.0,67.2727,70.0,65.1111,67.5,65.2,90.0,90.0,81.0,73.0,77.0,90.0,90.0,77.0,50.0,50.0,50.0,60.0,51.0,50.0,50.0,51.0,66.0,74.0,62.0,70.0,70.0,66.0,66.0,66.0,67.9091,67.9091,65.2,58.67,ASH
2732.37,2026-05-15,2025-12-31,2026-03-31,TW0006526007,587.0,2026-07-24,3038.12,Airoha Technology Corp.,2026-07-30,2026-06-30,2026-12-31,2026-06-30,626.0,548.0,540.0,581.0,615.0,548.0,,464.0,670.0,670.0,709.6667,709.6667,709.6667,720.75,614.0,602.5,810.0,810.0,800.0,690.0,650.0,810.0,810.0,650.0,620.0,620.0,600.0,560.0,560.0,620.0,620.0,560.0,695.0,695.0,741.5,600.0,600.0,695.0,695.0,600.0,709.6667,709.6667,602.5,442.5,6526
4683.11,2026-05-15,2025-12-31,2026-03-31,US1307881029,50.72,2026-07-24,3035.76,California Water Service Group,2026-07-30,2026-06-30,2026-12-31,2026-06-30,47.3,51.88,45.05,46.38,52.9,51.88,60.72,44.16,48.65,48.65,51.6667,51.6667,51.6667,56.4,52.0,53.0,54.0,54.0,60.0,55.0,57.0,54.0,54.0,57.0,49.0,49.0,52.0,49.0,49.0,49.0,49.0,49.0,52.0,52.0,57.0,52.0,53.0,52.0,52.0,53.0,51.6667,51.6667,53.0,43.33,CWT
4129.83,2026-05-15,2025-12-31,2026-03-31,MXP8728U1671,29.41,2026-07-24,3027.4,Organización Soriana S. A. B. de C. V.,2026-07-31,2026-06-30,2026-12-31,2026-06-30,,30.27,25.38,31.63,27.45,30.27,18.0,34.0,30.25,30.25,22.9286,22.8571,22.7857,23.4286,23.0,22.2857,30.0,30.0,33.0,30.0,30.0,30.0,30.0,30.0,17.0,17.0,19.0,17.0,17.0,17.0,17.0,17.0,22.0,22.0,21.0,22.0,21.0,22.0,22.0,21.0,22.8571,22.8571,22.5714,40.93,SORIANAB
3098.52,2026-05-15,2025-12-31,2026-03-31,CA04040Y1097,20.68,2026-07-24,3027.01,Aris Mining Corporation,2026-07-29,2026-06-30,2026-12-31,2026-06-30,20.95,19.5,10.01,25.86,3.45,19.5,4.55,27.74,21.15,21.15,36.48,41.3812,40.6969,14.6151,39.7193,31.2217,46.044,46.266,17.3869,41.4684,34.9087,46.044,46.044,30.8624,36.8744,34.824,12.3839,35.8942,27.5999,36.8744,36.8744,25.5057,41.3031,40.8489,13.9106,40.7574,31.7624,41.3031,41.3031,27.8756,41.3812,41.3812,28.1353,22.26,ARIS
3050.04,2026-05-15,2025-12-31,2026-03-31,US00246W1036,47.23,2026-07-24,3013.99,AXT Inc.,2026-07-30,2026-06-30,2026-12-31,2026-06-30,70.14,45.86,2.37,76.16,3.0,45.86,9.82,17.4,72.08,72.08,96.5,96.5,96.5,3.96,54.75,18.125,125.0,125.0,5.0,90.0,26.0,125.0,125.0,20.0,73.0,73.0,2.75,28.0,8.5,73.0,73.0,8.5,94.0,94.0,4.25,50.5,19.0,94.0,94.0,10.0,96.5,96.5,11.5,16.35,AXTI
3445.84,2025-11-14,2024-12-31,2025-09-30,US4433201062,49.28,2026-07-24,3013.64,Hub Group Inc.,2026-07-30,2025-12-30,2025-12-31,2025-12-30,43.0,51.22,36.69,42.9,42.2,51.22,32.6,47.43,43.79,43.79,40.6154,42.2,41.6429,39.3129,42.7333,48.0,55.0,55.0,46.0,55.0,55.0,55.0,55.0,49.0,29.0,29.0,35.0,29.0,37.0,29.0,29.0,36.0,42.0,41.5,38.0,46.0,48.0,42.0,42.0,40.0,42.2,42.2,41.2941,42.61,HUBG
4225.1,2026-08-14,2025-12-31,2026-06-30,SA000A0HNGZ6,112.8,2026-07-26,3004.71,Aldrees Petroleum and Transport Services Company,2026-07-30,2026-09-30,2026-12-31,2026-09-30,115.3,111.9,124.0,120.0,91.35,111.9,,121.8,114.0,114.0,134.7611,137.7312,134.7611,145.0333,137.7763,142.7111,167.0,167.0,167.5,167.0,167.0,167.0,167.0,167.0,110.0,110.0,115.0,110.0,110.0,110.0,110.0,110.0,138.925,135.0,150.0,138.5,150.0,138.925,138.925,148.25,137.7312,137.7312,141.8,127.9,4200
4645.74,2026-05-19,2026-01-31,2026-04-04,US4042511000,41.62,2026-07-24,2996.34,HNI Corporation,2026-07-30,2026-07-04,2027-01-31,2026-07-04,37.33,41.73,51.8,37.7,28.73,41.73,39.66,47.58,40.41,40.41,69.0,69.0,69.0,64.0,72.0,70.75,73.0,73.0,70.0,75.0,75.0,73.0,73.0,73.0,65.0,65.0,60.0,70.0,65.0,65.0,65.0,60.0,69.0,69.0,63.0,71.5,71.5,69.0,69.0,67.5,69.0,69.0,67.0,42.04,HNI
4904.93,2026-03-31,2025-12-31,2025-12-31,CH0012142631,7.425,2026-07-24,2983.97,Clariant AG,2026-07-31,2026-03-31,2026-12-31,2026-12-31,7.505,7.7,8.905,7.96,13.76,7.7,19.045,7.335,7.05,7.05,8.4625,8.5687,8.5313,11.3562,8.8438,8.7375,11.0,11.0,16.0,13.0,13.0,11.0,11.0,13.5,6.0,6.0,9.0,5.7,5.7,6.0,6.0,5.7,8.4,8.2,11.0,8.15,7.95,8.4,8.4,8.0,8.5687,8.5687,8.81,7.16,CLN
3636.22,2026-05-15,2025-12-31,2026-03-31,ID1000188006,850.0,2026-07-24,2981.55,PT Trimegah Bangun Persada Tbk,2026-07-31,2026-06-30,2026-12-31,2026-06-30,815.0,845.0,710.0,1115.0,900.0,845.0,,1470.0,780.0,780.0,1631.2727,1629.5,1631.2727,1115.3333,1569.5385,1441.0769,1900.0,1900.0,1430.0,1900.0,1760.0,1900.0,1900.0,1600.0,1200.0,1200.0,870.0,1200.0,1200.0,1200.0,1200.0,1200.0,1677.0,1594.0,1100.0,1594.0,1500.0,1594.0,1594.0,1430.0,1631.2727,1631.2727,1401.4615,1125.0,NCKL
2943.04,2026-05-18,2026-01-31,2026-04-03,US30214U1025,61.44,2026-07-24,2980.55,Exponent Inc.,2026-07-30,2026-07-03,2027-01-31,2026-07-03,57.94,62.88,72.13,65.88,95.63,62.88,95.14,74.26,58.76,58.76,81.6667,81.6667,81.6667,92.0,90.0,85.5,90.0,90.0,100.0,95.0,90.0,90.0,90.0,90.0,75.0,75.0,84.0,85.0,81.0,75.0,75.0,81.0,80.0,80.0,92.0,90.0,85.5,80.0,80.0,85.5,81.6667,81.6667,85.5,69.46,EXPO
8289.5,2026-05-15,2025-12-31,2026-03-31,US8965221091,37.41,2026-07-24,2974.3,Trinity Industries Inc.,2026-07-30,2026-06-30,2026-12-31,2026-06-30,35.32,36.47,26.07,31.75,25.7,36.47,26.29,27.03,34.58,34.58,35.0,35.5,35.5,27.5,33.5,26.0,36.0,36.0,29.0,34.0,29.0,36.0,36.0,28.0,35.0,35.0,26.0,33.0,23.0,35.0,35.0,23.0,35.5,35.5,27.5,33.5,26.0,35.5,35.5,25.5,35.5,35.5,25.5,26.44,TRN
3986.2,2026-05-15,2025-12-31,2026-03-31,TRATOASO91H3,281.0,2026-07-24,2967.75,Tofas Türk Otomobil Fabrikasi Anonim Sirketi,2026-07-30,2026-06-30,2026-12-31,2026-06-30,341.0,307.75,222.8,295.5,260.8,307.75,30.32,301.25,308.0,308.0,404.7318,401.1864,401.1864,331.3242,393.6708,381.8273,451.0,451.0,546.0,442.45,485.0,451.0,451.0,485.0,320.0,320.0,220.0,320.0,324.0,320.0,320.0,284.7,415.0,415.0,297.5,403.5,382.0,415.0,415.0,324.5,401.1864,401.1864,350.48,247.0,TOASO
2939.25,2026-05-15,2025-12-31,2026-03-31,HRKOEIRA0009,1024.0,2026-07-24,2967.31,KONCAR - Elektroindustrija d.d.,2026-07-30,2026-06-30,2026-12-31,2026-06-30,1010.0,1016.0,580.0,795.0,180.0,1016.0,98.8666,750.0,1032.0,1032.0,1088.6052,1075.3492,1093.6083,558.7621,990.5552,904.7371,1250.0619,1252.3999,560.0298,1013.2462,904.7371,1250.0619,1250.0619,904.7371,965.8228,991.4541,557.4944,967.8642,904.7371,965.8228,965.8228,904.7371,1010.1629,1036.9709,558.7621,990.5552,904.7371,1010.1629,1010.1629,904.7371,1075.3492,1075.3492,904.7371,700.0,KOEI
2908.51,2026-08-14,2025-12-31,2026-06-30,NL0009269109,94.95,2026-07-24,2966.5,Koninklijke Heijmans N.V.,2026-07-24,2026-09-30,2026-12-31,2026-09-30,114.7,95.3,56.75,86.75,12.34,95.3,12.4,70.3,114.0,114.0,121.5,121.5,121.5,49.125,95.0,70.375,123.0,123.0,54.5,98.0,72.25,123.0,123.0,72.25,120.0,120.0,43.75,92.0,68.5,120.0,120.0,68.5,121.5,121.5,49.125,95.0,70.375,121.5,121.5,70.375,121.5,121.5,70.375,67.6,HEIJM
1936.89,2026-05-15,2025-12-31,2026-03-31,ID1000166903,50.0,2026-07-24,2952.5,PT GoTo Gojek Tokopedia Tbk,2026-07-29,2026-06-30,2026-12-31,2026-06-30,50.0,50.0,59.0,52.0,111.0,50.0,,60.0,50.0,50.0,78.0619,78.5381,78.0619,98.4,84.8182,89.08,102.0,102.0,140.0,120.0,120.0,102.0,102.0,120.0,60.0,60.0,73.0,64.0,62.0,60.0,60.0,62.0,78.0,75.0,100.0,80.0,90.0,78.0,78.0,90.0,78.5381,78.5381,89.08,64.0,GOTO
2882.11,2026-05-15,2025-12-31,2026-03-31,ID1000117708,3230.0,2026-07-24,2949.58,PT Charoen Pokphand Indonesia Tbk,2026-07-31,2026-06-30,2026-12-31,2026-06-30,3120.0,3120.0,4950.0,4140.0,5075.0,3120.0,6225.0,4360.0,3400.0,3400.0,4915.0,5361.1111,4915.0,5956.25,5371.4286,5807.5,6200.0,6200.0,6800.0,6200.0,6200.0,6200.0,6200.0,6800.0,4000.0,2600.0,5000.0,4000.0,5060.0,4000.0,4000.0,5060.0,5600.0,5325.0,5950.0,5900.0,5900.0,5600.0,5600.0,6000.0,5361.1111,5361.1111,5982.5,4510.0,CPIN
3136.85,2026-04-14,2025-08-31,2026-02-28,ZAE000134854,212.27,2026-07-24,2947.82,Clicks Group Limited,2026-07-28,2026-05-28,2026-08-31,2026-05-28,229.9,229.34,367.7,265.95,258.99,229.34,263.74,314.7,227.47,227.47,327.875,338.5,327.875,423.1429,386.625,431.5,392.0,392.0,441.0,458.0,472.0,392.0,392.0,458.0,275.0,235.0,400.0,320.0,400.0,275.0,275.0,400.0,332.5,331.5,430.0,388.0,429.0,332.5,332.5,430.0,338.5,338.5,427.5,336.57,CLS
3485.16,2026-05-15,2025-12-31,2026-03-31,US5805891091,119.76,2026-07-24,2941.52,McGrath RentCorp,2026-07-29,2026-06-30,2026-12-31,2026-06-30,121.79,118.27,115.96,115.82,92.59,118.27,77.09,113.8,121.03,121.03,145.4,145.4,145.4,144.0,144.6,147.0,150.0,150.0,150.0,150.0,150.0,150.0,150.0,150.0,140.0,140.0,139.0,140.0,143.0,140.0,140.0,143.0,146.0,146.0,143.5,143.0,147.5,146.0,146.0,147.5,145.4,145.4,147.0,104.93,MGRC
4793.61,2026-03-31,2025-12-31,2025-12-31,BE0974400328,10.62,2026-07-24,2938.06,Azelis Group NV,2026-07-31,2026-03-31,2026-12-31,2026-12-31,9.93,10.59,14.34,11.04,22.8,10.59,,8.325,9.305,9.305,12.9714,12.9,12.9714,20.6357,12.2929,13.5333,16.0,16.0,25.0,16.0,19.0,16.0,16.0,20.5,9.5,10.0,17.0,7.5,7.5,9.5,9.5,10.0,13.2,12.95,20.0,13.0,13.0,13.2,13.2,15.5,12.9,12.9,15.7143,9.35,AZE
3907.33,2026-06-29,2026-03-31,2026-03-31,JP3491000000,2405.0,2026-07-24,2933.41,Daido Steel Co. Ltd.,2026-07-28,2026-06-30,2027-03-31,2027-03-31,2913.0,2293.0,1041.0,1823.0,1284.4,2293.0,1118.0,2010.0,2757.5,2757.5,2512.0,2076.0,2512.0,1075.0,1610.0,1422.0,3200.0,3200.0,1150.0,2030.0,1740.0,3200.0,3200.0,1570.0,1150.0,1150.0,1000.0,1150.0,1150.0,1150.0,1150.0,1150.0,2000.0,2730.0,1075.0,1570.0,1350.0,2730.0,2730.0,1325.0,2416.0,2416.0,1342.5,1599.5,5471
2946.69,2026-06-29,2026-03-31,2026-03-31,INE777K01022,2493.6,2026-07-24,2925.8,R R Kabel Limited,2026-07-27,2026-06-30,2027-03-31,2027-03-31,2438.0,2293.3,1446.2,1442.4,,2293.3,,1351.6,2395.2,2395.2,2106.3077,2081.6923,2106.3077,1539.25,1867.8182,1763.0,2650.0,2694.0,1803.0,2200.0,2105.0,2650.0,2650.0,2050.0,1770.0,1770.0,1326.0,1530.0,1326.0,1770.0,1770.0,1326.0,2000.0,2000.0,1467.5,1844.0,1737.5,2000.0,2000.0,1705.0,2081.6923,2081.6923,1700.1,1452.7,RRKABEL
2177.9,2026-06-29,2026-03-31,2026-03-31,JP3756200006,5138.0,2026-07-24,2920.18,Nifco Inc.,2026-07-31,2026-06-30,2027-03-31,2027-03-31,4789.0,5022.0,3697.0,4541.0,3969.0,5022.0,3705.0,4877.0,4834.0,4834.0,5592.8571,5364.2857,5592.8571,4385.7143,5435.7143,5235.7143,6000.0,6000.0,5300.0,6400.0,5650.0,6000.0,6000.0,5650.0,4300.0,4800.0,3800.0,4300.0,4100.0,4300.0,4300.0,4100.0,5600.0,5650.0,4200.0,5400.0,5400.0,5600.0,5600.0,5400.0,5364.2857,5364.2857,5235.7143,4844.0,7988
2905.28,2026-05-15,2025-12-31,2026-03-31,US08160H1014,81.1,2026-07-24,2909.63,Benchmark Electronics Inc.,2026-07-29,2026-06-30,2026-12-31,2026-06-30,91.88,78.45,38.57,69.52,26.44,78.45,24.93,49.24,98.67,98.67,78.0,78.0,78.0,45.0,60.0,50.0,92.0,92.0,48.0,62.0,55.0,92.0,92.0,51.0,62.0,62.0,41.0,56.0,44.0,62.0,62.0,44.0,80.0,80.0,46.0,62.0,51.0,80.0,80.0,47.0,78.0,78.0,47.3333,42.76,BHE
3164.16,2026-06-27,2026-03-31,2026-03-29,US4202611095,139.03,2026-07-24,2906.62,Hawkins Inc.,2026-07-29,2026-06-29,2027-03-31,2027-03-29,165.33,144.41,154.97,170.7,48.83,144.41,31.51,154.72,142.1,142.1,184.5,189.3333,184.5,148.3333,188.0,188.0,200.0,200.0,160.0,200.0,200.0,200.0,200.0,200.0,175.0,170.0,131.0,180.0,180.0,175.0,175.0,180.0,193.0,184.0,154.0,184.0,184.0,193.0,193.0,184.0,189.3333,189.3333,188.0,142.06,HWKN
3613.04,2026-05-15,2025-12-31,2026-03-31,US71880K1016,78.39,2026-07-24,2902.04,PHINIA Inc.,2026-07-30,2026-06-30,2026-12-31,2026-06-30,83.49,80.14,49.9,73.69,28.83,80.14,,68.84,82.37,82.37,93.0,92.0,93.0,51.4,86.75,78.0,105.0,105.0,55.0,93.0,82.0,105.0,105.0,79.0,76.0,81.0,46.0,76.0,71.0,76.0,76.0,59.0,95.0,95.0,52.0,89.0,79.5,95.0,95.0,63.0,92.0,92.0,67.0,62.69,PHIN
2983.22,2026-06-29,2026-03-31,2026-03-31,INE317I01021,1021.9,2026-07-24,2889.24,Metro Brands Limited,2026-07-31,2026-06-30,2027-03-31,2027-03-31,1039.4,1071.3,1205.7,1042.45,1084.2,1071.3,,1021.3,1004.8,1004.8,1246.7619,1244.3809,1246.7619,1263.2727,1198.2381,1272.0952,1400.0,1400.0,1400.0,1372.0,1400.0,1400.0,1400.0,1475.0,1040.0,1040.0,980.0,980.0,1000.0,1040.0,1040.0,1050.0,1250.0,1250.0,1294.5,1200.0,1300.0,1250.0,1250.0,1300.0,1244.3809,1244.3809,1285.3809,1207.1,METROBRAND
3197.42,2026-05-15,2025-12-31,2026-03-31,ES0184262212,55.7,2026-07-24,2881.16,Viscofan S.A.,2026-07-29,2026-06-30,2026-12-31,2026-06-30,58.8,56.2,59.2,58.8,61.9,56.2,58.9,56.0,58.4,58.4,70.4046,71.2318,70.4046,71.3227,71.2318,69.0292,76.3,76.0,75.3,76.3,75.0,76.3,76.3,75.0,60.0,58.7,63.0,60.0,58.3,60.0,60.0,60.0,73.5,73.5,72.0,73.5,69.5,73.5,73.5,70.0,71.2318,71.2318,69.6864,53.4,VIS
2653.39,2026-05-15,2025-12-31,2026-03-31,ID1000109309,4870.0,2026-07-24,2858.43,PT Vale Indonesia Tbk,2026-07-27,2026-06-30,2026-12-31,2026-06-30,4590.0,4910.0,3710.0,6700.0,6575.0,4910.0,5375.0,6775.0,4120.0,4120.0,7909.4725,7963.2955,7994.5675,3752.334,7715.5121,6632.9065,10110.354,10200.434,4495.764,10020.37,8959.986,10110.354,10110.354,5936.934,6357.132,6413.772,2899.442,4560.996,3473.253,6357.132,6357.132,3471.597,8063.142,8089.687,3738.3255,7757.1485,6904.5585,8063.142,8063.142,5048.071,7963.2955,7963.2955,4915.077,5175.0,INCO
8120.75,2026-03-31,2025-12-31,2025-12-31,FR0000130213,17.74,2026-07-24,2857.53,Lagardere SA,2026-07-28,2026-03-31,2026-12-31,2026-12-31,19.32,18.62,20.65,18.66,21.35,18.62,21.08,18.82,19.24,19.24,27.1667,27.1667,27.1667,28.3333,27.1667,27.8333,34.5,34.5,36.0,34.5,34.5,34.5,34.5,34.5,23.5,23.5,23.5,23.5,23.5,23.5,23.5,23.5,23.5,23.5,25.5,23.5,25.5,23.5,23.5,25.5,27.1667,27.1667,27.8333,18.94,MMB
3443.08,2026-05-15,2025-12-31,2026-03-31,US8962881079,61.75,2026-07-24,2837.08,TriNet Group Inc.,2026-07-30,2026-06-30,2026-12-31,2026-06-30,47.21,59.56,65.72,40.11,97.84,59.56,73.31,62.72,49.49,49.49,56.2,51.8,53.8,80.0,54.0,70.2,70.0,70.0,97.0,75.0,97.0,70.0,70.0,97.0,45.0,45.0,73.0,40.0,62.0,45.0,45.0,62.0,48.0,50.0,75.0,50.0,64.0,49.0,49.0,65.0,52.4,52.4,70.4,59.13,TNET
4238.54,2026-05-15,2025-12-31,2026-03-31,DE000WAF3001,82.95,2026-07-24,2829.45,Siltronic AG,2026-07-30,2026-06-30,2026-12-31,2026-06-30,87.2,85.8,42.22,73.95,73.25,85.8,142.0,53.4,81.5,81.5,79.9,74.3,79.9,45.285,56.7,54.15,105.0,108.0,64.0,75.0,70.0,105.0,105.0,70.0,33.0,33.0,35.35,35.0,39.0,33.0,33.0,40.0,72.5,77.5,43.5,58.5,52.75,72.5,72.5,57.0,74.3,74.3,54.6111,48.9,WAF
3176.81,2026-06-29,2026-03-31,2026-03-31,JP3326000001,9230.0,2026-07-24,2823.75,Sankyu Inc.,2026-07-31,2026-06-30,2027-03-31,2027-03-31,8666.0,8673.0,8705.0,8417.0,4883.0,8673.0,5030.0,9054.0,8627.0,8627.0,10233.3333,10233.3333,10233.3333,8366.6667,10216.6667,9600.0,11000.0,11000.0,10400.0,10900.0,10400.0,11000.0,11000.0,10400.0,9500.0,9500.0,6400.0,9500.0,8800.0,9500.0,9500.0,8800.0,10300.0,10300.0,8400.0,10400.0,9600.0,10300.0,10300.0,9600.0,10233.3333,10233.3333,9600.0,8456.0,9065
5539.17,2026-05-15,2025-12-31,2026-03-31,PTREL0AM0008,3.735,2026-07-24,2816.9,REN - Redes Energéticas Nacionais SGPS S.A.,2026-07-30,2026-06-30,2026-12-31,2026-06-30,3.665,3.64,3.2,3.74,2.51,3.64,2.36,3.355,3.775,3.775,3.5812,3.5833,3.5812,3.0333,3.5667,3.35,4.45,4.45,3.5,4.45,3.95,4.45,4.45,3.85,2.7,2.7,2.4,2.7,2.7,2.7,2.7,2.7,3.4,3.6,3.1,3.4,3.35,3.8,3.8,3.35,3.65,3.65,3.3389,3.215,RENE
6020.24,2026-05-15,2025-12-31,2026-03-31,TRASISEW91Q3,43.42,2026-07-24,2809.43,Türkiye Sise Ve Cam Fabrikalari A.S.,2026-07-30,2026-06-30,2026-12-31,2026-06-30,45.1,44.2,37.8,47.88,47.92,44.2,7.45,40.28,44.3,44.3,57.6638,57.7375,57.6638,50.3567,57.2111,51.1778,65.0,65.0,60.0,65.0,60.0,65.0,65.0,60.0,40.0,40.0,40.0,40.0,40.0,40.0,40.0,40.0,59.0,58.705,49.0,60.0,49.0,59.0,59.0,49.0,57.7375,57.7375,50.2556,38.38,SISE
4369.95,2026-05-13,2025-12-31,2026-03-29,US7033431039,84.5,2026-07-24,2801.75,Patrick Industries Inc.,2026-07-30,2026-06-29,2026-12-31,2026-06-29,90.28,88.09,97.58,97.07,55.5733,88.09,52.0,128.28,89.78,89.78,115.7,119.5,116.9,98.0,131.5,118.4,140.0,140.0,110.0,155.0,140.0,140.0,140.0,120.0,90.0,90.0,80.0,95.0,95.0,90.0,90.0,95.0,125.5,116.5,100.0,140.0,115.0,125.5,125.5,114.5,119.5,119.5,110.7,108.43,PATK
2505.09,2026-06-29,2026-03-31,2026-03-31,SG1I53882771,3.23,2026-07-24,2800.35,SIA Engineering Company Limited,2026-07-29,2026-06-30,2027-03-31,2027-03-31,3.42,3.27,3.3,3.18,2.46,3.27,2.08,3.43,3.46,3.46,3.8525,3.8775,3.8775,3.1133,4.015,4.015,4.06,4.06,3.41,4.14,4.14,4.06,4.06,4.14,3.8,3.8,2.83,3.92,3.92,3.8,3.8,3.92,3.825,3.825,3.1,4.0,4.0,3.825,3.825,4.0,3.8775,3.8775,4.015,3.6,S59
3459.88,2026-03-31,2025-12-31,2025-12-31,ES0126775008,42.15,2026-07-24,2782.26,Distribuidora Internacional de Alimentación S.A.,2026-07-30,2026-03-31,2026-12-31,2026-12-31,39.35,40.95,29.05,40.85,14.4,40.95,23.6,38.4,41.3,41.3,49.7833,48.5833,49.7833,34.9,47.98,43.35,52.3,53.6,41.4,51.0,49.0,52.3,52.3,49.0,43.8,43.8,25.0,43.8,33.0,43.8,43.8,33.0,48.75,50.75,38.3,47.6,45.7,48.75,48.75,43.0,48.5833,48.5833,42.0,36.65,DIA
2759.04,2026-05-15,2025-12-31,2026-03-31,US7045511000,22.8,2026-07-24,2777.04,Peabody Energy Corporation,2026-07-29,2026-06-30,2026-12-31,2026-06-30,23.29,22.44,17.28,26.6,22.11,22.44,10.93,37.96,23.12,23.12,32.8333,34.3333,32.8333,17.9286,39.0833,36.3833,40.0,40.0,23.0,42.0,44.0,40.0,40.0,42.0,30.0,30.0,14.0,33.5,32.0,30.0,30.0,29.0,33.0,31.0,18.0,40.0,35.9,33.0,33.0,33.9,34.3333,34.3333,34.8,29.7,BTU
2673.45,2026-06-29,2026-03-31,2026-03-31,US00847J1051,98.54,2026-07-24,2771.3,Agilysys Inc.,2026-07-27,2026-06-30,2027-03-31,2027-03-31,92.31,106.68,113.49,66.76,67.82,106.68,54.58,107.63,104.5,104.5,127.3333,127.3333,127.3333,129.4,128.0,142.0,159.0,159.0,152.0,155.0,155.0,159.0,159.0,155.0,100.0,100.0,120.0,90.0,135.0,100.0,100.0,135.0,127.5,127.5,125.0,135.0,140.0,127.5,127.5,140.0,127.3333,127.3333,142.0,118.84,AGYS
2754.62,2026-08-14,2026-03-31,2026-06-30,INE00FF01025,3259.5,2026-07-24,2768.32,Acutaas Chemicals Limited,2026-07-24,2026-09-30,2027-03-31,2026-09-30,3268.6,3619.4,1178.0,2395.0,573.375,3619.4,,1653.4,3526.2,3526.2,2704.1,2390.7778,2637.9,1395.8333,2233.2222,1899.7143,3000.0,3707.0,1570.0,2820.0,2300.0,3000.0,3000.0,2290.0,1358.0,1423.0,1097.0,1170.0,1154.0,1358.0,1358.0,1125.0,2350.0,2940.0,1425.0,2350.0,1880.0,2350.0,2350.0,1841.5,2390.7778,2390.7778,1831.5,1704.9,ACUTAAS
2593.32,2026-03-31,2025-12-31,2025-12-31,FR0000120966,60.1,2026-07-24,2765.58,Société BIC SA,2026-07-29,2026-03-31,2026-12-31,2026-12-31,57.3,61.1,54.3,59.4,52.3,61.1,55.25,55.2,57.0,57.0,58.05,57.55,58.05,62.5,58.0167,57.4167,71.8,71.8,71.0,74.6,70.0,71.8,71.8,70.0,51.0,51.0,55.0,51.0,51.0,51.0,51.0,49.0,55.75,57.25,63.5,55.75,55.75,55.75,55.75,58.5,57.55,57.55,57.9,51.5,BB
2341.41,2026-05-15,2025-12-31,2026-03-31,PK0053401011,533.52,2026-07-24,2764.77,Fauji Fertilizer Company Limited,2026-07-29,2026-06-30,2026-12-31,2026-06-30,558.68,551.96,463.22,524.75,99.85,551.96,107.96,650.82,573.48,573.48,686.5,671.4,671.4,473.9167,652.1667,615.8333,801.0,801.0,597.0,801.0,801.0,801.0,801.0,631.0,618.0,618.0,414.5,530.0,490.0,618.0,618.0,490.0,643.0,643.0,451.0,626.0,621.5,643.0,643.0,609.0,671.4,671.4,581.8333,590.71,FFC
4556.21,2026-03-31,2025-12-31,2025-12-31,GB00BJVQC708,2.03,2026-07-24,2754.12,Helios Towers plc,2026-07-30,2026-03-31,2026-12-31,2026-12-31,2.138,1.947,1.204,1.955,0.95,1.947,1.598,1.678,2.002,2.002,2.7968,2.6944,2.7968,1.7372,2.3153,2.0678,2.9955,3.0148,2.4598,2.6617,2.519,2.9955,2.9955,2.5426,1.7883,2.4018,1.4131,1.7827,1.7572,1.7883,1.7883,1.7736,2.825,2.8553,1.615,2.3092,1.9628,2.825,2.825,1.9812,2.6944,2.6944,2.0889,1.646,HTWS
2514.04,2026-08-14,2026-03-31,2026-06-30,INE342J01019,2320.6,2026-07-24,2739.66,ZF Commercial Vehicle Control Systems India Limited,2026-07-24,2026-09-30,2027-03-31,2026-09-30,2660.0,2410.3,2264.5,2500.3333,2009.2167,2410.3,1189.8417,2259.5,2566.0,2566.0,3013.7083,3034.5417,3013.7083,2469.9,3014.75,2765.7,3285.6667,3285.6667,2875.8333,3285.6667,3033.3333,3285.6667,3285.6667,3033.3333,2833.3333,2750.0,2175.0,2725.0,2408.3333,2833.3333,2833.3333,2408.3333,3009.5833,3009.5833,2451.6667,3024.1667,2750.0,3009.5833,3009.5833,2624.3333,3034.5417,3034.5417,2699.0333,2479.6667,ZFCVINDIA
3491.33,2026-06-29,2026-03-31,2026-03-31,FR0000130395,45.44,2026-07-24,2705.55,Rémy Cointreau SA,2026-07-31,2026-06-30,2027-03-31,2027-03-31,44.62,45.92,57.7,40.62,145.55,45.92,182.4,40.4,43.08,43.08,44.3111,43.7833,44.3111,53.5444,44.1,44.6263,54.0,55.0,75.2,66.3,66.3,54.0,54.0,66.3,33.0,35.0,40.0,32.0,33.0,33.0,33.0,32.0,43.5,43.0,48.0,43.0,43.0,43.5,43.5,42.0,43.7833,43.7833,44.2722,36.64,RCO
2480.43,2026-05-15,2025-12-31,2026-03-31,US63942X1063,10.92,2026-07-24,2695.1,Navitas Semiconductor Corporation,2026-07-27,2026-06-30,2026-12-31,2026-06-30,18.32,11.46,8.98,17.28,9.53,11.46,9.94,10.17,17.92,17.92,14.4625,14.4625,14.4625,5.225,8.15,8.275,21.0,21.0,10.0,13.0,13.0,21.0,21.0,13.0,8.0,8.0,2.5,4.2,4.2,8.0,8.0,4.2,13.35,13.35,4.4,8.0,8.0,13.35,13.35,8.0,14.4625,14.4625,8.275,7.14,NVTS
2568.19,2026-06-29,2026-03-31,2026-03-31,INE258G01013,520.45,2026-07-24,2694.88,Sumitomo Chemical India Limited,2026-07-27,2026-06-30,2027-03-31,2027-03-31,446.05,538.55,590.95,434.7,411.15,538.55,428.1,418.85,420.85,420.85,564.7778,555.3333,555.8889,587.8333,523.5714,578.2857,600.0,600.0,659.0,575.0,659.0,600.0,600.0,659.0,435.0,435.0,530.0,435.0,530.0,435.0,435.0,530.0,570.0,570.0,586.5,550.0,575.0,570.0,570.0,575.0,555.3333,555.3333,583.8333,471.0,SUMICHEM
4107.77,2026-06-29,2026-03-31,2026-03-31,INE622W01025,365.85,2026-07-24,2682.74,ACME Solar Holdings Limited,2026-07-29,2026-06-30,2027-03-31,2027-03-31,359.3,385.25,280.06,305.3,,385.25,,198.96,380.55,380.55,362.2,358.2,362.2,322.6667,334.0,355.5714,410.0,450.0,350.0,372.0,384.0,410.0,410.0,385.0,329.0,329.0,270.0,289.0,330.0,329.0,329.0,330.0,343.0,343.0,327.5,336.0,350.0,343.0,343.0,350.0,358.2,358.2,354.2857,237.49,ACMESOLAR
2638.46,2026-05-15,2025-12-31,2026-03-31,NL0010696654,38.97,2026-07-24,2679.35,uniQure N.V.,2026-07-29,2026-06-30,2026-12-31,2026-06-30,48.85,40.25,15.21,18.03,9.73,40.25,26.01,25.08,46.06,46.06,64.7413,58.7484,64.467,35.4707,38.5774,55.2403,92.7316,92.3518,69.6258,96.4309,96.1577,92.7422,92.7422,96.361,34.4967,35.8209,13.4096,9.068,32.9576,35.9723,35.9723,33.356,60.1222,64.4385,29.756,35.3671,54.318,64.7109,64.7109,54.636,64.6427,64.6427,55.4373,23.93,QURE
4392.22,2026-05-15,2025-12-31,2026-03-31,US7843051043,63.84,2026-07-24,2671.08,H2O America,2026-07-27,2026-06-30,2026-12-31,2026-06-30,59.17,65.43,49.31,59.72,72.15,65.43,67.79,52.33,60.77,60.77,65.4286,63.7143,64.7143,61.5,64.3333,62.25,67.0,67.0,66.0,67.0,66.0,67.0,67.0,66.0,60.0,60.0,59.0,60.0,59.0,60.0,60.0,59.0,64.0,66.0,60.5,65.0,62.0,64.0,64.0,61.0,63.7143,63.7143,62.0,48.99,HTO
2745.14,2026-05-15,2025-12-31,2026-03-31,BSP736841136,26.29,2026-07-24,2668.83,OneSpaWorld Holdings Limited,2026-07-29,2026-06-30,2026-12-31,2026-06-30,27.62,26.41,22.12,24.14,11.7,26.41,9.71,20.0,28.24,28.24,29.4,29.4,29.4,22.0,26.8,25.25,35.0,35.0,23.0,30.0,27.0,35.0,35.0,28.0,27.0,27.0,21.0,25.0,24.0,27.0,27.0,24.0,28.0,28.0,22.0,26.0,25.0,28.0,28.0,27.0,29.4,29.4,26.5,20.74,OSW
2452.51,2026-06-29,2026-03-31,2026-03-31,KYG7215M1006,56.75,2026-07-24,2667.5,Precision Tsugami (China) Corporation Limited,2026-07-30,2026-06-30,2027-03-31,2027-03-31,58.8,53.45,21.8,43.12,8.23,53.45,11.0,38.26,70.25,70.25,65.6872,54.6786,65.6872,22.7991,42.6201,42.6201,76.9786,79.8837,22.7991,46.9403,46.9403,76.9786,76.9786,40.972,38.5471,38.3912,22.7991,39.2524,39.2524,38.5471,38.5471,38.5971,48.5102,72.237,22.7991,41.6676,41.6676,48.5102,48.5102,39.7845,54.6786,54.6786,39.7845,33.62,1651
2619.2,2026-06-29,2026-03-31,2026-03-31,INE0IX101010,4584.5,2026-07-24,2662.5,Data Patterns (India) Limited,2026-07-30,2026-06-30,2027-03-31,2027-03-31,4620.1,4085.8,2780.7,4077.7,2012.25,4085.8,,2182.5,4501.8,4501.8,4249.3,4165.3,4165.3,3171.0,3588.1111,3498.5,4875.0,4875.0,3700.0,3800.0,3710.0,4875.0,4875.0,3710.0,3523.0,3523.0,2700.0,3000.0,2950.0,3523.0,3523.0,2950.0,4070.0,4070.0,3210.0,3650.0,3586.5,4070.0,4070.0,3586.5,4165.3,4165.3,3498.5,2626.6,DATAPATTNS
3033.26,2026-06-29,2026-03-31,2026-03-31,INE371P01015,7261.5,2026-07-24,2653.06,Amber Enterprises India Limited,2026-07-24,2026-06-30,2027-03-31,2027-03-31,7843.5,7804.5,7375.0,7753.5,2246.85,7804.5,3012.1,5565.5,7530.0,7530.0,8500.24,8387.8,8500.24,7667.64,8422.76,8235.9583,9770.0,9770.0,10129.0,10116.0,10129.0,9770.0,9770.0,10129.0,5467.0,6879.0,5208.0,5463.0,5591.0,5467.0,5467.0,5591.0,8500.0,8500.0,7700.0,8550.0,8331.5,8500.0,8500.0,8400.0,8367.8,8367.8,8267.375,6387.0,AMBER
5763.49,2026-05-15,2025-12-31,2026-03-31,US6806652052,23.2,2026-07-24,2644.39,Olin Corporation,2026-07-30,2026-06-30,2026-12-31,2026-06-30,20.99,21.99,20.72,26.77,54.15,21.99,43.41,24.0,19.82,19.82,26.0714,30.1429,26.7143,23.8667,26.7857,23.3333,39.0,39.0,32.0,35.0,29.0,39.0,39.0,29.0,25.0,21.0,20.0,18.0,20.0,23.0,23.0,20.0,30.0,25.0,24.0,28.5,23.0,30.0,30.0,23.0,29.9286,29.9286,23.2667,20.83,OLN
2007.76,2026-05-15,2025-12-31,2026-03-31,KR7051900009,248500.0,2026-07-24,2637.86,LG H&H Co. Ltd.,2026-07-29,2026-06-30,2026-12-31,2026-06-30,215000.0,245000.0,327000.0,254000.0,455500.0,245000.0,1476000.0,276500.0,229500.0,229500.0,258450.0,258500.0,258450.0,342391.3043,256304.3478,275521.7391,310000.0,310000.0,420000.0,320000.0,370000.0,310000.0,310000.0,370000.0,190000.0,190000.0,260000.0,180000.0,190000.0,190000.0,190000.0,190000.0,258500.0,258000.0,340000.0,250000.0,277000.0,258500.0,258500.0,280000.0,258500.0,258500.0,277478.2609,258500.0,A051900
3373.04,2026-05-15,2025-12-31,2026-03-31,US7473161070,151.43,2026-07-24,2629.8,Quaker Chemical Corporation,2026-07-30,2026-06-30,2026-12-31,2026-06-30,153.66,150.61,121.09,140.84,193.01,150.61,239.8,155.78,158.87,158.87,173.4286,169.8571,170.5714,151.8,175.8,169.8,180.0,180.0,165.0,184.0,190.0,180.0,180.0,175.0,157.0,157.0,138.0,170.0,160.0,157.0,157.0,160.0,172.0,172.0,150.0,175.0,164.0,172.0,172.0,164.0,170.5714,170.5714,166.0,137.31,KWR
3040.79,2026-03-01,2025-06-30,2025-12-31,AU000000LTR4,1.185,2026-07-24,2629.66,Liontown Limited,2026-07-29,2026-03-31,2026-06-30,2026-06-30,1.66,1.275,0.94,2.28,2.79,1.275,0.835,2.15,1.685,1.685,1.9682,2.1223,2.0455,0.5509,1.8741,1.5327,2.9,2.9,0.9,2.85,2.48,2.9,2.9,1.85,0.9456,1.0,0.3,0.6457,0.58,0.9456,0.9456,0.5,2.2,2.2,0.5,1.8,1.6,2.2,2.2,1.0,2.0814,2.0814,1.1718,1.575,LTR
12756.47,2026-05-15,2025-12-31,2026-03-31,US9129321009,10.82,2026-07-24,2627.27,Uniti Group Inc.,2026-07-30,2026-06-30,2026-12-31,2026-06-30,11.32,11.04,9.587,11.98,8.5089,11.04,18.4442,7.4,11.47,11.47,10.4722,10.25,10.4722,9.5491,8.5,7.3667,16.0,16.0,14.9278,11.0,11.0,16.0,16.0,11.0,6.0,6.0,5.8053,6.0,5.0,6.0,6.0,5.0,11.0,11.75,8.7908,8.0,7.0,11.0,11.0,7.0,10.25,10.25,7.2,7.01,UNIT
1673.47,2026-05-15,2025-12-31,2026-03-31,BMG8726X1065,75.81,2026-07-24,2626.35,Teekay Tankers Ltd.,2026-07-29,2026-06-30,2026-12-31,2026-06-30,76.34,70.07,44.87,75.94,38.84,70.07,12.39,61.78,64.87,64.87,88.0,87.2,87.0,53.6667,84.8,65.4,96.0,96.0,63.0,96.0,70.0,96.0,96.0,69.0,75.0,75.0,41.0,69.0,60.0,75.0,75.0,60.0,85.0,85.0,54.5,90.0,66.0,85.0,85.0,66.0,87.0,87.0,65.2,53.42,TNK
2459.99,2026-05-15,2025-12-31,2026-03-31,TW0006510001,2590.0,2026-07-24,2624.01,Chunghwa Precision Test Tech. Co. Ltd.,2026-07-29,2026-06-30,2026-12-31,2026-06-30,3250.0,2565.0,821.0,3570.0,554.0,2565.0,651.0,3280.0,3035.0,3035.0,4500.7143,4500.7143,4500.7143,793.1667,4573.3333,2750.0,5000.0,5000.0,950.0,5665.0,3200.0,5000.0,5000.0,2800.0,3000.0,3000.0,575.0,3200.0,2050.0,3000.0,3000.0,777.0,4750.0,4750.0,776.0,4625.0,2875.0,4750.0,4750.0,2050.0,4500.7143,4500.7143,1733.4,2285.0,6510
2489.96,2026-08-14,2025-12-31,2026-06-30,HRKODTRA0007,4550.0,2026-07-24,2616.87,Koncar - distributivni i specijalni transformatori d.d.,2026-07-29,2026-09-30,,2026-09-30,4320.0,4470.0,3900.0,3800.0,710.0,4470.0,248.2433,4100.0,4560.0,4560.0,4474.2533,4377.5165,4377.5165,2396.7238,4402.4218,3554.2867,4888.2638,4888.2638,2396.7238,4936.73,3554.2867,4888.2638,4888.2638,3554.2867,3866.7692,3866.7692,2396.7238,3868.1136,3554.2867,3866.7692,3866.7692,3554.2867,4377.5165,4377.5165,2396.7238,4402.4218,3554.2867,4377.5165,4377.5165,3554.2867,4377.5165,4377.5165,3554.2867,3760.0,KODT
5509.91,2026-05-15,2025-12-31,2026-03-31,ES0176252718,10.44,2026-07-24,2613.75,Meliá Hotels International S.A.,2026-07-30,2026-06-30,2026-12-31,2026-06-30,12.18,10.59,7.66,11.36,6.355,10.59,5.704,7.57,12.15,12.15,11.3909,11.0833,11.2167,8.9669,10.3818,8.9346,13.5,13.5,11.0,13.5,11.0,13.5,13.5,11.0,9.3,9.3,5.76,8.6,6.65,9.3,9.3,6.7,10.4,10.45,9.0,9.8,9.3,10.4,10.4,9.45,11.0833,11.0833,9.325,7.92,MEL
2601.24,2026-08-14,2026-03-31,2026-06-30,INE012A01025,1340.9,2026-07-24,2612.14,ACC Limited,2026-07-24,2026-09-30,2027-03-31,2026-09-30,1347.0,1377.7,1890.0,1412.7,1804.6,1377.7,2337.55,1669.1,1327.2,1327.2,1636.4615,1696.8621,1691.0,2212.1539,1864.9375,2082.9118,2447.0,2447.0,2875.0,2447.0,2750.0,2447.0,2447.0,2750.0,1200.0,1200.0,1670.0,1200.0,1600.0,1200.0,1200.0,1600.0,1600.0,1595.0,2200.0,1877.5,2065.0,1600.0,1600.0,2074.0,1696.8621,1696.8621,2105.1765,1737.7,ACC
3876.14,2026-05-11,2025-09-30,2026-03-27,IE0003864109,2.472,2026-07-24,2610.74,Greencore Group plc,2026-07-28,2026-06-27,2026-09-30,2026-06-27,1.979,2.182,2.785,2.554,0.847,2.182,1.265,2.65,1.989,1.989,3.1763,3.1325,3.1325,2.5625,2.93,3.0843,3.6,3.6,3.0,3.51,3.51,3.6,3.6,3.0,2.2,2.2,1.85,1.85,2.08,2.2,2.2,1.85,3.225,3.225,2.7,3.225,3.25,3.225,3.225,2.9,3.1325,3.1325,2.5833,2.54,GNC
2540.44,2026-05-15,2025-12-31,2026-03-31,SA15QGU1UNH6,138.9,2026-07-26,2589.97,Jamjoom Pharmaceuticals Factory Company,2026-07-30,2026-06-30,2026-12-31,2026-06-30,161.5,146.9,176.7,155.0,129.8,146.9,,141.5,155.0,155.0,164.2433,164.2433,164.2433,178.2,162.6867,169.625,172.0,172.0,187.0,172.0,173.0,172.0,172.0,173.0,160.0,160.0,167.2,156.0,166.3,160.0,160.0,166.3,160.73,160.73,178.0,160.06,169.6,160.73,160.73,169.6,164.2433,164.2433,169.625,142.3,4015
2189.84,2026-05-15,2025-12-31,2026-03-31,ES0178165017,29.14,2026-07-24,2588.02,Técnicas Reunidas S.A.,2026-07-30,2026-06-30,2026-12-31,2026-06-30,31.8,29.44,20.76,35.94,8.66,29.44,9.23,30.44,28.9,28.9,37.93,37.7744,37.93,20.5063,37.7744,32.3544,49.0,49.0,24.0,49.0,37.0,49.0,49.0,36.0,25.0,25.0,12.0,25.0,23.0,25.0,25.0,23.0,37.3,38.7,22.0,37.3,34.5,37.3,37.3,33.5,37.7744,37.7744,31.2712,27.64,TRE
2513.24,2026-06-29,2026-03-31,2026-03-31,JP3725400000,2215.0,2026-07-24,2586.65,Zeon Corporation,2026-07-29,2026-06-30,2027-03-31,2027-03-31,2396.0,2220.5,1606.5,1776.5,1447.0,2220.5,1486.0,1956.5,2355.0,2355.0,2451.1111,2213.3333,2424.4444,1661.1111,2000.0,1835.5556,3000.0,3000.0,2170.0,2500.0,2200.0,3000.0,3000.0,2200.0,1700.0,1700.0,1350.0,1600.0,1350.0,1700.0,1700.0,1350.0,2100.0,2400.0,1610.0,2000.0,1800.0,2360.0,2360.0,1800.0,2357.7778,2357.7778,1835.5556,1789.5,4205
2216.3,2026-06-29,2026-03-31,2026-03-31,JP3126400005,2166.0,2026-07-24,2579.25,Alps Alpine Co. Ltd.,2026-07-31,2026-06-30,2027-03-31,2027-03-31,1981.5,2058.5,1571.0,2300.5,1232.0,2058.5,1157.0,1968.0,2045.0,2045.0,2279.2857,2276.4286,2279.2857,1454.1667,2225.3846,1856.0714,3000.0,3000.0,1700.0,2900.0,2230.0,3000.0,3000.0,2230.0,1350.0,1350.0,1200.0,1350.0,1350.0,1350.0,1350.0,1350.0,2275.0,2275.0,1475.0,2250.0,2000.0,2275.0,2275.0,1650.0,2276.4286,2276.4286,1756.0714,1993.5,6770
2645.05,2026-06-29,2026-03-31,2026-03-31,JP3399400005,3433.0,2026-07-24,2575.88,Stanley Electric Co. Ltd.,2026-07-30,2026-06-30,2027-03-31,2027-03-31,3546.0,3504.0,2872.5,2957.0,2728.0,3504.0,3020.0,3056.0,3515.0,3515.0,3841.0,3811.0,3811.0,3129.0,3416.0,3332.2222,4500.0,4500.0,3500.0,3800.0,3800.0,4500.0,4500.0,3800.0,3100.0,3100.0,2400.0,3100.0,3000.0,3100.0,3100.0,3000.0,3705.0,3705.0,3195.0,3400.0,3300.0,3705.0,3705.0,3350.0,3811.0,3811.0,3361.25,3078.0,6923
2553.08,2026-06-29,2026-03-31,2026-03-31,INE0DYJ01015,1288.3,2026-07-24,2574.33,Syrma SGS Technology Limited,2026-07-29,2026-06-30,2027-03-31,2027-03-31,1424.7,1359.1,706.1,969.6,473.7,1359.1,,665.35,1396.3,1396.3,1255.24,1184.6667,1255.24,716.7391,961.2273,906.9091,1372.0,1750.0,887.0,1100.0,1044.0,1372.0,1372.0,1255.0,940.0,940.0,432.0,820.0,685.0,940.0,940.0,685.0,1192.5,1240.0,750.0,947.5,943.5,1192.5,1192.5,950.0,1184.6667,1184.6667,924.4546,733.15,SYRMA
4177.37,2026-05-15,2025-12-31,2026-03-31,CLP3615W1037,138.99,2026-07-24,2570.02,Colbún S.A.,2026-07-28,2026-06-30,2026-12-31,2026-06-30,130.0,135.29,142.7,139.0,135.38,135.29,109.99,147.9,133.0,133.0,162.503,157.9211,160.7806,163.171,165.1836,158.553,167.461,166.4874,174.011,173.5291,167.085,167.461,167.461,170.6702,147.8645,153.5384,154.0426,157.4285,146.6438,147.8645,147.8645,149.7903,159.4442,161.8627,164.5022,165.926,160.8637,159.4442,159.4442,164.3154,157.9211,157.9211,161.2288,144.02,COLBUN
2287.81,2026-06-29,2026-03-31,2026-03-31,JP3433500000,2392.5,2026-07-24,2559.65,Socionext Inc.,2026-07-29,2026-06-30,2027-03-31,2027-03-31,2519.5,2266.0,2865.5,2100.0,3140.0,2266.0,,2241.5,2551.5,2551.5,2400.0,2300.0,2320.0,2500.0,2390.0,2930.0,3200.0,3200.0,3000.0,3100.0,3600.0,3200.0,3200.0,3600.0,1700.0,1700.0,2200.0,2000.0,2550.0,1700.0,1700.0,2550.0,2200.0,2200.0,2400.0,2300.0,2600.0,2200.0,2200.0,2600.0,2300.0,2300.0,2930.0,2189.5,6526
3696.77,2026-05-15,2025-12-31,2026-03-31,US45688C1071,73.26,2026-07-24,2547.37,Ingevity Corporation,2026-07-29,2026-06-30,2026-12-31,2026-06-30,74.75,76.53,45.76,76.41,61.96,76.53,80.04,69.44,74.67,74.67,89.0,85.5,89.0,54.25,80.5,69.5,92.0,92.0,66.0,87.0,77.0,92.0,92.0,77.0,75.0,85.0,47.0,75.0,60.0,75.0,75.0,60.0,87.5,90.0,52.0,80.0,70.5,87.5,87.5,70.5,85.5,85.5,69.5,59.18,NGVT
3552.47,2026-05-15,2025-12-31,2026-03-31,US9507551086,42.42,2026-07-24,2543.08,Werner Enterprises Inc.,2026-07-28,2026-06-30,2026-12-31,2026-06-30,40.99,46.04,28.9,33.83,45.96,46.04,44.73,33.84,43.61,43.61,42.8667,38.7857,42.5333,28.4,34.8571,31.1333,47.0,55.0,45.0,45.0,39.0,48.0,48.0,39.0,30.0,30.0,21.0,27.0,25.0,30.0,30.0,20.0,37.0,43.0,27.0,34.0,31.0,38.5,38.5,25.0,39.4286,39.4286,26.9333,30.01,WERN
2551.08,2026-05-30,2025-09-30,2026-03-31,MYL3689OO006,28.3,2026-07-24,2537.24,Fraser & Neave Holdings Bhd,2026-07-31,2026-06-30,2026-09-30,2026-09-30,27.4,29.2,28.84,30.3,24.9,29.2,26.18,35.86,27.92,27.92,35.026,35.026,35.026,34.374,38.376,35.9,38.7,38.7,36.5,41.6,41.6,38.7,38.7,41.6,28.43,28.43,31.95,32.08,32.08,28.43,28.43,32.08,37.0,37.0,34.44,40.0,32.97,37.0,37.0,32.97,35.026,35.026,35.9,35.5,FN
3910.24,2026-03-31,2025-12-31,2025-12-31,AU0000018236,0.835,2026-07-24,2530.72,Nickel Industries Limited,2026-07-29,2026-03-31,2026-12-31,2026-12-31,0.9,0.865,0.785,1.015,0.815,0.865,1.175,0.95,0.95,0.95,1.282,1.2051,1.2651,0.9699,1.198,1.1077,2.0,2.0,1.65,1.95,1.9,2.05,2.05,1.9,0.65,0.65,0.65,0.65,0.65,0.65,0.65,0.65,1.15,1.206,0.825,1.15,1.05,1.15,1.15,0.9,1.2123,1.2123,1.0291,0.835,NIC
11961.0,2026-03-31,2025-12-31,2025-12-31,FR001400NLM4,13.77,2026-07-24,2524.99,emeis Société anonyme,2026-07-29,2026-03-31,2026-12-31,2026-12-31,13.96,14.06,10.51,14.26,1819.988,14.06,107649.992,13.71,14.05,14.05,16.5333,16.5333,16.5333,11.88,12.9,12.7333,17.5,17.5,15.0,17.5,17.5,17.5,17.5,17.5,15.5,15.5,7.9,7.9,7.9,15.5,15.5,7.9,16.6,16.6,12.5,12.75,12.75,16.6,16.6,15.5,16.5333,16.5333,13.28,14.33,EMEIS
2397.86,2026-06-29,2026-03-31,2026-03-31,INE699H01024,188.16,2026-07-24,2524.5,AWL Agri Business Limited,2026-07-30,2026-06-30,2027-03-31,2027-03-31,183.09,188.66,276.6,197.74,398.55,188.66,,209.06,183.61,183.61,267.3333,267.3333,267.3333,318.0,281.6667,309.1667,340.0,340.0,397.0,360.0,386.0,340.0,340.0,386.0,190.0,190.0,260.0,176.0,265.0,190.0,190.0,265.0,267.0,267.0,313.0,282.0,295.0,267.0,267.0,315.0,267.3333,267.3333,317.5,237.3,AWL
2878.4,2026-06-29,2026-03-31,2026-03-31,INE00LO01017,9284.0,2026-07-24,2518.92,Craftsman Automation Limited,2026-07-29,2026-06-30,2027-03-31,2027-03-31,9384.5,9105.0,6336.0,7570.0,4756.0,9105.0,2032.55,7198.5,9460.0,9460.0,9764.0,9161.875,9282.75,5945.25,8395.1429,8177.75,11000.0,11400.0,7700.0,9700.0,9700.0,11000.0,11000.0,9300.0,7750.0,7750.0,5000.0,6736.0,7000.0,7750.0,7750.0,6542.0,9100.0,9100.0,5750.0,8350.0,8100.0,9100.0,9100.0,7635.0,9161.875,9161.875,7814.0,7689.5,CRAFTSMAN
2133.51,2026-05-15,2025-12-31,2026-03-31,NL0013995087,14.23,2026-07-24,2516.26,Cementir Holding N.V.,2026-07-29,2026-06-30,2026-12-31,2026-06-30,14.81,14.86,13.0,15.94,7.9,14.86,9.07,20.25,14.55,14.55,17.2857,17.2857,17.2857,15.15,17.875,17.3375,20.0,20.0,17.5,22.0,20.7,20.0,20.0,18.0,14.1,14.1,13.5,14.1,14.1,14.1,14.1,14.1,17.0,17.0,14.9,17.7,17.3,17.0,17.0,16.2,17.2857,17.2857,16.2143,18.78,CEM
4665.48,2026-03-31,2025-12-31,2025-12-31,FR0013447729,18.66,2026-07-24,2499.93,Verallia Société Anonyme,2026-07-28,2026-03-31,2026-12-31,2026-12-31,18.56,20.0,28.34,19.97,35.06,20.0,31.2,21.72,18.84,18.84,21.94,22.4178,22.3067,31.3118,24.561,27.261,25.0,25.0,41.0,41.0,41.0,25.0,25.0,41.0,20.0,20.0,26.5,20.0,22.0,20.0,20.0,22.0,22.0,22.0,30.0,23.0,24.805,22.0,22.0,24.5,22.4178,22.4178,27.0678,22.98,VRLA
4968.43,2026-03-31,2025-12-31,2025-12-31,SG1U48933923,0.53,2026-07-24,2499.18,Keppel Infrastructure Trust,2026-07-28,2026-03-31,2026-12-31,2026-12-31,0.55,0.53,0.44,0.53,0.51,0.53,0.55,0.515,0.535,0.535,0.582,0.582,0.582,0.47,0.5667,0.5,0.61,0.61,0.51,0.6,0.55,0.61,0.61,0.55,0.52,0.52,0.45,0.52,0.45,0.52,0.52,0.45,0.6,0.6,0.45,0.58,0.5,0.6,0.6,0.5,0.582,0.582,0.5,0.49,A7RU
2596.25,2026-06-29,2026-03-31,2026-03-31,JP3919800007,9020.0,2026-07-24,2497.26,Meidensha Corporation,2026-07-31,2026-06-30,2027-03-31,2027-03-31,9750.0,8470.0,5510.0,8520.0,2035.0,8470.0,2400.0,6210.0,9770.0,9770.0,10183.3333,9466.6667,10183.3333,6060.0,7966.6667,6783.3333,11600.0,11600.0,7200.0,9000.0,8000.0,11600.0,11600.0,8000.0,7200.0,8000.0,4500.0,5900.0,5500.0,7200.0,7200.0,5500.0,9500.0,10600.0,6500.0,8400.0,7100.0,9500.0,9500.0,7100.0,9466.6667,9466.6667,6891.6667,5570.0,6508
2947.59,2026-06-29,2026-03-31,2026-03-31,INE0DK501011,181.27,2026-07-24,2495.65,Piramal Pharma Limited,2026-07-29,2026-06-30,2027-03-31,2027-03-31,172.44,179.42,203.19,165.47,105.05,179.42,,151.41,168.09,168.09,205.2727,203.0,205.2727,265.0,200.1,234.9,255.0,255.0,320.0,265.0,310.0,255.0,255.0,310.0,170.0,170.0,230.0,150.0,195.0,170.0,170.0,195.0,200.0,210.0,255.0,205.0,222.5,200.0,200.0,240.0,203.0,203.0,244.3333,172.21,PPLPHARMA
4760.09,2026-05-15,2025-12-31,2026-03-31,ES0105884011,13.0,2026-07-24,2482.63,Cirsa Enterprises S.A.,2026-07-30,2026-06-30,2026-12-31,2026-06-30,12.22,13.78,14.15,13.56,,13.78,,14.39,12.4,12.4,19.7,19.7,19.7,,19.67,20.2182,23.0,23.0,,23.0,23.8,23.0,23.0,23.8,18.0,18.0,,18.0,18.0,18.0,18.0,18.0,20.0,20.0,,19.65,20.0,20.0,20.0,20.0,19.7,19.7,20.28,14.8,CIRSA
2450.52,2026-05-15,2025-12-31,2026-03-31,JP3733400000,5517.0,2026-07-24,2480.68,Nippon Electric Glass Co. Ltd.,2026-07-31,2026-06-30,2026-12-31,2026-06-30,6470.0,5576.0,3723.0,8196.0,2560.0,5576.0,2547.0,6700.0,6547.0,6547.0,7221.6667,7221.6667,7221.6667,3880.0,6976.6667,5908.3333,8000.0,8000.0,4200.0,8700.0,7100.0,8000.0,8000.0,7100.0,6430.0,6430.0,3380.0,5560.0,5150.0,6430.0,6430.0,5150.0,7050.0,7050.0,4000.0,6950.0,5850.0,7050.0,7050.0,5850.0,7221.6667,7221.6667,5908.3333,6155.0,5214
3222.36,2026-05-15,2025-12-31,2026-03-31,HRADRSRA0007,159.0,2026-07-24,2478.97,Adris grupa d. d.,2026-07-29,2026-06-30,2026-12-31,2026-06-30,144.0,156.0,125.0,125.0,70.5,156.0,60.7797,121.0,150.0,150.0,128.6758,128.527,128.527,98.0387,128.482,97.788,128.527,128.527,98.0387,128.482,97.788,128.527,128.527,97.788,128.527,128.527,98.0387,128.482,97.788,128.527,128.527,97.788,128.527,128.527,98.0387,128.482,97.788,128.527,128.527,97.788,128.527,128.527,97.788,119.0,ADRS
4297.82,2026-03-31,2025-12-31,2025-12-31,KYG9829N1025,2.11,2026-07-24,2461.1,Xinyi Solar Holdings Limited,2026-07-31,2026-03-31,2026-12-31,2026-12-31,2.0,2.01,3.27,3.06,7.87,2.01,15.72,3.59,2.06,2.06,3.6393,3.7318,3.6389,3.919,3.8115,3.8587,4.7,4.59,7.2,4.7,7.2,4.7,4.7,7.2,2.3,1.9,1.9,2.3,1.9,2.3,2.3,1.9,3.875,3.725,4.0,3.875,3.6,3.875,3.875,3.6,3.732,3.732,3.8569,2.97,968
2423.03,2026-06-29,2026-03-31,2026-03-31,INE0NT901020,4156.0,2026-07-24,2454.89,Netweb Technologies India Limited,2026-07-28,2026-06-30,2027-03-31,2027-03-31,5074.0,4244.3,1967.6,3824.8,,4244.3,,3100.1,4538.2,4538.2,4756.0,4674.6667,4756.0,1999.5,3863.0,3863.0,5414.0,5414.0,2175.0,4150.0,4150.0,5414.0,5414.0,4110.0,4110.0,4110.0,1824.0,3629.0,3629.0,4110.0,4110.0,4005.0,4500.0,4750.0,1999.5,3810.0,3810.0,4500.0,4500.0,4110.0,4674.6667,4674.6667,4075.0,3110.8,NETWEB
2549.73,2026-05-15,2025-12-31,2026-03-31,CA00762V1094,50.31,2026-07-24,2445.04,Aecon Group Inc.,2026-07-30,2026-06-30,2026-12-31,2026-06-30,44.09,53.93,19.02,47.55,12.31,53.93,20.52,33.88,45.52,45.52,56.6,52.1818,56.2,22.3636,45.5,33.1818,62.0,65.0,30.0,52.0,40.0,61.0,61.0,40.0,46.0,46.0,17.0,39.0,28.0,46.0,46.0,28.0,52.0,60.0,22.0,45.0,33.0,53.0,53.0,33.0,53.1,53.1,33.1818,31.28,ARE
2159.04,2026-06-29,2026-03-31,2026-03-31,JP3635400009,2234.0,2026-07-24,2435.88,Toyota Boshoku Corporation,2026-07-31,2026-06-30,2027-03-31,2027-03-31,2139.5,2215.0,2167.0,2347.5,2558.0,2215.0,2285.0,2625.0,2126.0,2126.0,2501.25,2530.0,2501.25,2151.4286,2672.8571,2590.0,2950.0,2950.0,2500.0,3200.0,3300.0,2950.0,2950.0,3300.0,2200.0,2200.0,1910.0,2350.0,2350.0,2200.0,2200.0,2350.0,2500.0,2425.0,2050.0,2630.0,2500.0,2500.0,2500.0,2500.0,2530.0,2530.0,2590.0,2513.0,3116
4375.9,2026-05-15,2025-12-31,2026-03-31,US7244791007,17.88,2026-07-24,2421.69,Pitney Bowes Inc.,2026-07-29,2026-06-30,2026-12-31,2026-06-30,17.37,18.51,12.12,15.58,3.83,18.51,8.37,10.22,17.52,17.52,17.14,17.14,17.14,17.0,14.625,13.0,20.0,20.0,17.0,20.0,17.0,20.0,20.0,17.0,15.0,15.0,17.0,9.5,11.0,15.0,15.0,11.0,16.5,16.5,17.0,14.5,12.0,16.5,16.5,12.0,17.14,17.14,13.0,10.57,PBI
3256.87,2026-03-31,2025-12-31,2025-12-31,IT0003865570,2.13,2026-07-24,2412.32,Webuild S.p.A.,2026-07-29,2026-03-31,2026-12-31,2026-12-31,2.402,2.152,3.926,2.464,1.772,2.152,2.114,3.506,2.278,2.278,3.3667,3.4333,3.3667,4.1,3.4667,4.3167,4.5,4.5,4.2,4.5,4.6,4.5,4.5,4.6,2.8,2.7,4.0,2.8,3.8,2.8,2.8,4.1,3.35,3.35,4.1,3.45,4.45,3.35,3.35,4.5,3.4333,3.4333,4.36,3.422,WBD
2710.31,2026-05-15,2025-12-31,2026-03-31,ES0121975009,61.9,2026-07-24,2410.57,Construcciones y Auxiliar de Ferrocarriles S.A.,2026-07-30,2026-06-30,2026-12-31,2026-06-30,61.4,62.1,54.3,62.3,31.95,62.1,35.0,57.3,63.5,63.5,69.0389,66.1611,69.0389,52.37,63.7833,58.9944,78.0,78.65,62.0,78.0,66.0,78.0,78.0,66.0,52.75,56.0,42.0,52.75,50.0,52.75,52.75,42.0,66.0,70.1,51.5,63.0,61.0,66.0,66.0,61.0,66.1611,66.1611,57.0833,58.9,CAF
2233.17,2026-05-12,2025-12-31,2026-03-28,US1925761066,50.7,2026-07-24,2391.79,Cohu Inc.,2026-07-30,2026-06-28,2026-12-31,2026-06-28,63.66,51.19,18.97,46.93,40.04,51.19,37.33,28.23,73.91,73.91,64.0,60.2857,63.375,24.75,35.5,29.6,80.0,80.0,28.0,50.0,32.0,80.0,80.0,30.0,50.0,53.0,22.0,26.0,26.0,50.0,50.0,26.0,60.0,62.5,24.5,34.5,30.0,60.0,60.0,30.0,60.2857,60.2857,29.0,23.27,COHU
3996.37,2026-05-15,2025-06-30,2026-03-31,IE00BKYC3F77,97.78,2026-07-24,2369.41,Cimpress plc,2026-07-29,2026-06-30,2026-06-30,2026-06-30,90.2,102.85,48.47,81.97,63.58,102.85,118.76,78.85,101.7,101.7,111.5,111.5,111.5,62.5,97.5,86.5,113.0,113.0,65.0,100.0,90.0,113.0,113.0,90.0,110.0,110.0,60.0,95.0,83.0,110.0,110.0,83.0,111.5,111.5,62.5,97.5,86.5,111.5,111.5,86.5,111.5,111.5,86.5,66.59,CMPR
5832.6,2026-03-31,2025-12-31,2025-12-31,NL0011872650,32.12,2026-07-24,2366.89,Basic-Fit N.V.,2026-07-28,2026-03-31,2026-12-31,2026-12-31,31.98,31.06,27.36,30.14,31.58,31.06,36.62,31.4,32.6,32.6,40.55,40.35,40.35,25.7875,36.875,30.9444,49.0,49.0,32.0,46.0,43.0,49.0,49.0,35.0,29.5,29.5,19.8,23.5,21.0,29.5,29.5,21.0,41.0,41.0,26.0,38.5,28.0,41.0,41.0,27.0,40.35,40.35,28.6875,29.56,BFIT
2634.88,2026-05-15,2025-12-31,2026-03-31,CA0565331026,98.37,2026-07-24,2348.14,Badger Infrastructure Solutions Ltd.,2026-07-30,2026-06-30,2026-12-31,2026-06-30,88.38,94.59,53.78,63.71,31.39,94.59,34.26,78.02,93.02,93.02,100.39,90.5011,100.1678,54.6563,76.7778,81.8333,110.0,115.0,60.0,83.0,88.0,112.0,112.0,88.0,74.0,85.0,50.0,70.0,75.0,74.0,74.0,72.0,90.0,103.0,54.125,78.0,82.0,92.0,92.0,81.5,92.9456,92.9456,80.0625,73.13,BDGI
2166.63,2026-05-15,2025-12-31,2026-03-31,US7751331015,130.69,2026-07-24,2332.63,Rogers Corporation,2026-07-28,2026-06-30,2026-12-31,2026-06-30,162.14,132.24,65.5,131.46,170.49,132.24,194.36,94.9,163.73,163.73,183.3333,161.6667,183.3333,82.5,124.3333,104.0,200.0,200.0,85.0,133.0,127.0,200.0,200.0,105.0,135.0,150.0,80.0,120.0,85.0,150.0,150.0,85.0,150.0,200.0,82.5,120.0,100.0,200.0,200.0,100.0,183.3333,183.3333,96.6667,91.57,ROG
1704.57,2026-06-29,2026-03-31,2026-03-31,JP3209000003,1720.5,2026-07-24,2327.48,Casio Computer Co.Ltd.,2026-07-31,2026-06-30,2027-03-31,2027-03-31,1990.5,1799.5,1194.5,1612.0,1204.5,1799.5,1808.0,1299.0,1918.5,1918.5,1656.25,1656.25,1656.25,1283.75,1550.0,1291.25,2200.0,2200.0,1700.0,1900.0,1500.0,2200.0,2200.0,1500.0,1200.0,1200.0,1070.0,1200.0,1200.0,1200.0,1200.0,1200.0,1725.0,1725.0,1250.0,1525.0,1275.0,1725.0,1725.0,1275.0,1656.25,1656.25,1291.25,1270.0,6952
2576.75,2026-03-31,2025-12-31,2025-12-31,BE0974258874,42.05,2026-07-24,2324.8,NV Bekaert SA,2026-07-30,2026-03-31,2026-12-31,2026-12-31,40.1,40.9,37.4,41.95,42.78,40.9,37.9,40.05,39.05,39.05,43.8333,43.8333,43.8333,44.1,43.1667,40.6667,55.0,55.0,55.0,55.0,55.0,55.0,55.0,55.0,34.5,34.5,35.0,34.5,32.0,34.5,34.5,32.0,42.0,42.0,43.5,40.25,37.25,42.0,42.0,37.0,43.8333,43.8333,41.3,37.9,BEKB
2348.55,2026-05-12,2025-12-31,2026-03-28,CA4085491039,274.54,2026-07-24,2317.85,Hammond Power Solutions Inc.,2026-07-30,2026-06-28,2026-12-31,2026-06-28,312.77,278.9,139.67,277.73,54.81,278.9,10.75,168.11,347.21,347.21,370.5,362.7143,370.5,148.25,241.2,215.25,430.0,430.0,157.0,250.0,250.0,430.0,430.0,250.0,345.0,348.0,140.0,226.0,195.0,345.0,345.0,195.0,350.0,358.0,148.0,245.0,208.0,352.5,352.5,208.0,368.0,368.0,215.25,159.48,HPSA
2322.32,2026-05-15,2025-12-31,2026-03-31,CA29258Y1034,11.02,2026-07-24,2313.81,Endeavour Silver Corp.,2026-07-29,2026-06-30,2026-12-31,2026-06-30,10.94,10.4,7.76,13.17,4.61,10.4,6.1,19.33,11.77,11.77,20.3,22.7,20.3,9.0,23.1,18.4583,27.0,25.0,10.0,28.0,21.0,27.0,27.0,21.0,20.0,15.0,7.5,20.0,14.25,20.0,20.0,12.5,21.5,21.5,9.5,21.5,19.25,21.5,21.5,14.875,22.7,22.7,15.875,12.91,EDR
2991.55,2026-05-20,2025-12-31,2026-04-05,US6031581068,74.6,2026-07-24,2313.25,Minerals Technologies Inc.,2026-07-30,2026-07-05,2026-12-31,2026-07-05,78.67,74.91,59.2,71.85,56.76,74.91,76.44,69.07,73.97,73.97,94.25,94.25,94.25,81.3333,87.25,81.75,105.0,105.0,84.0,100.0,88.0,105.0,105.0,88.0,90.0,90.0,80.0,75.0,75.0,90.0,90.0,75.0,91.0,91.0,80.0,87.0,82.0,91.0,91.0,82.0,94.25,94.25,81.75,60.95,MTX
2250.33,2026-05-15,2025-12-31,2026-03-31,US92346J1088,45.05,2026-07-24,2300.62,Vericel Corporation,2026-07-30,2026-06-30,2026-12-31,2026-06-30,41.69,46.64,39.72,35.64,38.39,46.64,53.24,37.85,44.49,44.49,57.1429,55.4286,55.4286,58.125,54.5714,55.0,70.0,70.0,67.0,64.0,62.0,70.0,70.0,62.0,42.0,42.0,49.0,42.0,45.0,42.0,42.0,45.0,55.0,55.0,58.5,55.0,56.5,55.0,55.0,55.0,55.4286,55.4286,55.0,36.01,VCEL
2301.43,2026-05-15,2025-12-31,2026-03-31,ID1000186505,985.0,2026-07-24,2298.33,PT Pertamina Geothermal Energy Tbk,2026-07-24,2026-06-30,2026-12-31,2026-06-30,860.0,1005.0,1600.0,1000.0,775.0,1005.0,,1205.0,900.0,900.0,1542.42,1527.6025,1542.4286,1372.056,1688.6102,1766.0334,2531.15,2555.716,1633.4,2435.8254,2418.31,2531.15,2531.15,2418.31,909.075,917.898,1192.382,909.1461,1284.206,909.075,909.075,1284.206,1426.0,1439.84,1372.056,1749.6774,1784.546,1426.0,1426.0,1784.546,1527.6025,1527.6025,1766.0334,1125.0,PGEO
3821.47,2026-06-29,2026-03-31,2026-03-31,JP3485800001,1472.0,2026-07-24,2294.37,Daicel Corporation,2026-07-31,2026-06-30,2027-03-31,2027-03-31,1341.0,1456.0,1308.5,1218.5,1289.5,1456.0,913.0,1464.5,1371.0,1371.0,1486.25,1462.5,1486.25,1551.25,1507.5,1483.3333,2400.0,2400.0,2400.0,2300.0,2300.0,2400.0,2400.0,2300.0,1070.0,1260.0,1170.0,1070.0,1150.0,1070.0,1070.0,1170.0,1335.0,1335.0,1450.0,1440.0,1380.0,1335.0,1335.0,1380.0,1462.5,1462.5,1485.5556,1399.0,4202
1563.54,2026-08-14,2025-12-31,2026-06-30,VN000000SAB4,46500.0,2026-07-24,2265.15,Saigon Beer - Alcohol - Beverage Corporation,2026-07-24,2026-09-30,2026-12-31,2026-09-30,47800.0,46900.0,49000.0,47000.0,77500.0,46900.0,76800.0,49300.0,48500.0,48500.0,54928.5714,54928.5714,54928.5714,59614.2857,53025.0,53487.5,59000.0,59000.0,67000.0,59000.0,59000.0,59000.0,59000.0,64000.0,49900.0,49900.0,54000.0,48000.0,48000.0,49900.0,49900.0,48000.0,55000.0,55000.0,58000.0,53600.0,54050.0,55000.0,55000.0,53100.0,54928.5714,54928.5714,53988.8889,49000.0,SAB
7501.49,2026-05-15,2025-12-31,2026-03-31,BE0003810273,6.115,2026-07-24,2246.23,Proximus PLC,2026-07-31,2026-06-30,2026-12-31,2026-06-30,6.135,6.14,8.2,6.65,7.26,6.14,16.97,7.45,5.85,5.85,8.1462,8.2846,8.1462,8.3615,8.1077,8.0462,13.3,13.3,12.5,10.9,10.9,13.3,13.3,10.88,6.4,6.4,6.5,6.4,6.4,6.4,6.4,6.4,7.4,7.4,7.8,7.4,7.2,7.4,7.4,8.0,8.2846,8.2846,8.1292,7.075,PROX
2097.7,2026-05-15,2025-12-31,2026-03-31,US78463M1071,61.16,2026-07-24,2245.35,SPS Commerce Inc.,2026-07-30,2026-06-30,2026-12-31,2026-06-30,55.54,65.59,137.79,54.65,177.89,65.59,100.7,90.61,57.17,57.17,67.4545,68.0909,68.0909,178.3783,78.8182,99.8182,103.0,103.0,210.0,110.0,125.0,103.0,103.0,125.0,55.0,55.0,159.0,60.0,80.0,55.0,55.0,80.0,60.0,60.0,175.0,70.0,100.0,60.0,60.0,100.0,68.0909,68.0909,99.8182,89.13,SPSC
4583.93,2026-05-15,2025-12-31,2026-03-31,US4470111075,12.8,2026-07-24,2244.93,Huntsman Corporation,2026-07-30,2026-06-30,2026-12-31,2026-06-30,11.32,11.79,10.88,13.62,28.41,11.79,25.74,11.85,10.62,10.62,13.5833,14.5833,13.8333,12.9615,12.6154,10.8077,18.0,18.0,20.0,15.0,14.0,18.0,18.0,14.0,10.0,11.0,11.0,9.0,8.0,10.0,10.0,8.0,15.0,14.0,12.0,13.0,11.0,15.0,15.0,10.0,14.5833,14.5833,10.1539,10.0,HUN
2071.28,2026-03-31,2025-12-31,2025-12-31,CH0100837282,236.0,2026-07-24,2224.76,Kardex Holding AG,2026-07-30,2026-03-31,2026-12-31,2026-12-31,229.5,240.0,307.5,276.5,215.5,240.0,235.5,286.0,226.5,226.5,324.7087,324.4723,324.7087,321.974,352.5227,350.1981,402.0,402.0,398.0,375.0,401.0,402.0,402.0,401.0,218.0,218.0,280.0,330.0,270.0,218.0,218.0,270.0,325.0,325.0,304.948,360.0,360.0,325.0,325.0,356.51,324.4723,324.4723,348.17,276.5,KARN
4185.04,2026-05-15,2025-12-31,2026-03-31,US1248051021,42.63,2026-07-24,2222.12,CBIZ Inc.,2026-07-29,2026-06-30,2026-12-31,2026-06-30,31.22,42.42,76.56,30.67,54.07,42.42,31.24,40.93,32.08,32.08,44.4,41.0,42.6,95.0,41.0,77.6667,45.0,45.0,98.0,60.0,98.0,45.0,45.0,98.0,37.0,37.0,92.0,31.0,60.0,37.0,37.0,85.0,41.0,44.0,95.0,36.5,75.0,42.0,42.0,91.5,41.8,41.8,91.5,50.45,CBZ
3198.64,2026-05-15,2025-12-31,2026-03-31,KR7066970005,81900.0,2026-07-24,2211.33,L&F Co. Ltd.,2026-07-30,2026-06-30,2026-12-31,2026-06-30,98900.0,83600.0,65500.0,204000.0,239000.0,83600.0,111500.0,127200.0,111500.0,111500.0,193040.0,202000.0,200750.0,84125.0,172187.5,131979.1667,300000.0,300000.0,130000.0,280000.0,181000.0,300000.0,300000.0,190000.0,90000.0,90000.0,40000.0,54000.0,54000.0,90000.0,90000.0,45000.0,205000.0,205000.0,90000.0,175000.0,138500.0,205000.0,205000.0,142000.0,202000.0,202000.0,133217.3913,95200.0,A066970
4009.3,2026-05-30,2025-09-30,2026-03-31,DE0007257503,3.98,2026-07-24,2195.77,Ceconomy AG,2026-07-30,2026-06-30,2026-09-30,2026-09-30,3.7,3.995,4.2,4.21,2.682,3.995,4.066,4.37,3.83,3.83,4.6,4.6,4.6,3.7071,4.6,4.6,4.6,4.6,4.4,4.6,4.6,4.6,4.6,4.6,4.6,4.6,3.0,4.6,4.6,4.6,4.6,4.25,4.6,4.6,3.6,4.6,4.6,4.6,4.6,4.6,4.6,4.6,4.53,4.41,CEC
1881.14,2026-06-29,2026-03-31,2026-03-31,INE182A01018,4623.6,2026-07-24,2194.24,Pfizer Limited,2026-07-28,2026-06-30,2027-03-31,2027-03-31,4507.2,4566.9,5289.0,4733.2,3855.95,4566.9,5625.35,4591.0,4439.4,4439.4,6331.25,6246.0,6246.0,6247.0,6444.6667,6550.0,7500.0,7500.0,6900.0,7500.0,7175.0,7500.0,7500.0,7175.0,5734.0,5734.0,5466.0,5734.0,6100.0,5734.0,5734.0,6100.0,5875.0,5875.0,6375.0,6100.0,6375.0,5875.0,5875.0,6375.0,6246.0,6246.0,6550.0,4987.7,PFIZER
3301.57,2026-05-15,2025-12-31,2026-03-31,OM0000009072,0.195,2026-07-26,2192.27,OQ Gas Networks SAOG,2026-07-31,2026-06-30,2026-12-31,2026-06-30,0.212,0.208,0.145,0.262,,0.208,,0.204,0.222,0.222,0.2506,0.254,0.2506,0.1676,0.2275,0.1886,0.306,0.29,0.2,0.306,0.2,0.306,0.306,0.2,0.22,0.22,0.15,0.17,0.17,0.22,0.22,0.17,0.245,0.25,0.166,0.217,0.189,0.245,0.245,0.189,0.254,0.254,0.1886,0.194,OQGN
2167.73,2026-06-29,2026-03-31,2026-03-31,JP3220580009,2940.5,2026-07-24,2182.01,Calbee Inc.,2026-07-30,2026-06-30,2027-03-31,2027-03-31,2897.5,3003.0,2774.5,3042.0,2751.5,3003.0,2576.0,3070.0,2954.0,2954.0,2983.3333,3016.6667,2983.3333,3150.0,3016.6667,2958.3333,3600.0,3600.0,3600.0,3600.0,3600.0,3600.0,3600.0,3600.0,2600.0,2600.0,2600.0,2600.0,2500.0,2600.0,2600.0,2600.0,3000.0,2950.0,3000.0,3000.0,2900.0,3000.0,3000.0,2900.0,3016.6667,3016.6667,3008.3333,2990.0,2229
1731.81,2026-06-29,2026-03-31,2026-03-31,INE203G01027,149.33,2026-07-24,2168.75,Indraprastha Gas Limited,2026-07-30,2026-06-30,2027-03-31,2027-03-31,167.94,153.11,207.23,164.61,235.275,153.11,269.075,174.86,164.78,164.78,193.9333,194.7333,193.9333,236.6333,205.5333,225.3929,255.0,255.0,648.0,255.0,270.0,255.0,255.0,270.0,120.0,120.0,144.0,125.0,160.0,120.0,120.0,160.0,195.0,189.0,220.0,207.5,233.0,195.0,195.0,235.0,194.7333,194.7333,225.2414,194.57,IGL
1152.64,2026-05-15,2025-12-31,2026-03-31,US00847X1046,36.36,2026-07-24,2162.39,Agios Pharmaceuticals Inc.,2026-07-30,2026-06-30,2026-12-31,2026-06-30,36.28,39.61,39.65,25.32,26.33,39.61,50.19,28.54,37.11,37.11,42.375,40.75,42.625,51.5714,41.5,36.75,59.0,59.0,71.0,60.0,62.0,59.0,59.0,62.0,28.0,31.0,38.0,28.0,25.0,28.0,28.0,20.0,38.0,43.5,51.0,40.0,36.5,38.0,38.0,36.0,40.75,40.75,36.0,27.22,AGIO
7651.63,2026-05-15,2025-12-31,2026-03-31,US6512291062,5.08,2026-07-24,2158.63,Newell Brands Inc.,2026-07-31,2026-06-30,2026-12-31,2026-06-30,5.51,5.23,6.15,4.23,10.06,5.23,27.33,4.32,6.14,6.14,5.5938,4.9375,5.0313,7.23,4.7188,4.9375,9.0,9.0,11.0,9.0,7.0,9.0,9.0,8.0,3.5,3.5,5.5,3.0,4.0,3.5,3.5,3.75,4.5,4.625,6.5,4.0,4.5,4.5,4.5,4.375,4.9375,4.9375,5.05,3.72,NWL
2243.87,2026-05-15,2025-06-30,2026-03-31,EGS37091C013,36.82,2026-07-26,2153.29,Eastern Company S.A.E,2026-07-30,2026-06-30,2026-06-30,2026-06-30,38.43,36.9,33.0,41.24,13.8483,36.9,,37.7,37.5,37.5,51.2333,51.2333,51.2333,47.6033,53.3,51.8525,55.7,55.7,54.7,61.9,59.3,55.7,55.7,59.3,47.5,47.5,40.0,47.5,47.0,47.5,47.5,47.0,50.5,50.5,48.11,50.5,50.555,50.5,50.5,50.555,51.2333,51.2333,51.8525,37.1,EAST
2686.84,2026-03-27,2025-12-31,2025-12-27,GB00B63QSB39,15.82,2026-07-24,2148.65,Greggs plc,2026-07-29,2026-03-27,2026-12-31,2026-12-27,16.64,15.93,17.17,16.325,26.9,15.93,26.83,16.63,16.0,16.0,17.006,17.006,17.006,20.9808,17.3136,18.3913,22.0,22.0,30.4,22.0,25.0,22.0,22.0,26.7,13.3,13.3,13.3,13.3,13.15,13.3,13.3,12.46,16.51,16.51,20.225,16.905,18.6,16.51,16.51,18.6,17.006,17.006,19.4287,16.8,GRG
2566.95,2026-05-15,2025-12-31,2026-03-31,TW0005904007,651.0,2026-07-24,2141.11,POYA International Co. Ltd.,2026-07-27,2026-06-30,2026-12-31,2026-06-30,636.0,611.0,488.5,522.0,501.9116,611.0,515.9438,394.0,667.0,667.0,625.0,566.6667,566.6667,607.5249,535.0,576.8936,630.0,630.0,693.0693,565.0,700.0,630.0,630.0,700.0,505.0,505.0,542.5743,505.0,500.0,505.0,505.0,542.5743,565.0,565.0,594.06,535.0,553.7871,565.0,565.0,594.0,566.6667,566.6667,606.3148,439.5,5904
2757.68,2026-05-15,2025-12-31,2026-03-31,SA15L1I156H7,90.0,2026-07-26,2133.67,Arabian Drilling Company,2026-07-29,2026-06-30,2026-12-31,2026-06-30,93.35,89.35,84.35,87.6,162.2,89.35,,105.5,90.55,90.55,99.0333,98.2833,98.5333,99.2636,97.6467,100.1725,121.0,121.0,135.0,121.0,118.0,121.0,121.0,118.0,68.0,68.0,76.0,62.0,71.0,68.0,68.0,71.0,100.0,100.0,97.9,102.5,105.0,100.0,100.0,104.5,98.2833,98.2833,99.5892,98.75,2381
2016.48,2026-08-14,2025-12-31,2026-06-30,TW0003023008,285.0,2026-07-24,2114.07,SINBON Electronics Co. Ltd.,2026-07-29,2026-09-30,2026-12-31,2026-09-30,306.5,301.0,239.0,277.0,334.5,301.0,257.5,230.0,328.5,328.5,358.0,356.5714,356.5714,288.375,297.0,258.5,400.0,400.0,360.0,345.0,336.0,400.0,400.0,336.0,235.0,235.0,250.0,235.0,200.0,235.0,235.0,200.0,370.0,370.0,275.0,315.0,250.0,370.0,370.0,250.0,356.5714,356.5714,258.5,192.5,3023
1962.15,2026-06-29,2026-03-31,2026-03-31,INE00WC01027,1445.3,2026-07-24,2108.83,Affle 3i Limited,2026-07-31,2026-06-30,2027-03-31,2027-03-31,1455.8,1532.5,1855.5,1406.7,1050.65,1532.5,871.49,1579.8,1419.5,1419.5,1981.2727,1975.2727,1981.2727,1833.1818,1980.0,2048.1818,2180.0,2180.0,2115.0,2280.0,2295.0,2180.0,2180.0,2295.0,1800.0,1820.0,1180.0,1590.0,1520.0,1800.0,1800.0,1520.0,2000.0,2000.0,1900.0,2000.0,2120.0,2000.0,2000.0,2080.0,1975.2727,1975.2727,2036.6667,1799.4,AFFLE
2084.62,2026-06-29,2026-03-31,2026-03-31,INE120A01034,1064.3,2026-07-24,2103.19,Carborundum Universal Limited,2026-07-31,2026-06-30,2027-03-31,2027-03-31,1162.5,1059.8,982.55,926.15,1189.45,1059.8,666.3,818.2,1178.2,1178.2,975.1667,960.1667,960.1667,966.1,845.1429,917.625,1032.0,1032.0,1170.0,955.0,1050.0,1032.0,1032.0,1050.0,870.0,870.0,738.0,696.0,732.0,870.0,870.0,732.0,964.5,964.5,962.5,825.0,910.0,964.5,964.5,910.0,960.1667,960.1667,917.625,855.9,CARBORUNIV
2116.43,2026-05-15,2025-12-31,2026-03-31,ID1000060007,1705.0,2026-07-24,2101.0,PT Mayora Indah Tbk,2026-07-29,2026-06-30,2026-12-31,2026-06-30,1855.0,1750.0,2040.0,1815.0,2500.0,1750.0,2240.0,2280.0,1835.0,1835.0,2569.375,2658.6667,2630.0,2812.3333,2724.6667,2739.375,4300.0,4300.0,4000.0,4200.0,3700.0,4300.0,4300.0,3700.0,2000.0,2000.0,2360.0,2000.0,2300.0,2000.0,2000.0,2300.0,2580.0,2540.0,2800.0,2700.0,2700.0,2580.0,2580.0,2700.0,2658.6667,2658.6667,2730.625,2130.0,MYOR
2307.8,2026-06-29,2026-03-31,2026-03-31,INE891D01026,259.05,2026-07-24,2100.87,Redington Limited,2026-07-29,2026-06-30,2027-03-31,2027-03-31,283.85,275.05,303.5,216.48,180.85,275.05,161.1,250.7,276.18,276.18,326.0,326.0,326.0,262.5,313.75,289.0,379.0,379.0,320.0,330.0,330.0,379.0,379.0,330.0,290.0,290.0,170.0,300.0,170.0,290.0,290.0,170.0,317.5,317.5,280.0,312.5,320.0,317.5,317.5,312.5,326.0,326.0,281.25,272.35,REDINGTON
8421.63,2026-05-15,2025-12-31,2026-03-31,US5854641009,5.41,2026-07-24,2100.66,Melco Resorts & Entertainment Limited,2026-07-31,2026-06-30,2026-12-31,2026-06-30,5.47,5.45,8.81,5.63,12.86,5.45,14.48,6.35,5.27,5.27,7.5667,7.9667,7.5667,9.2,8.7,10.275,10.5,10.2,12.2,12.5,12.5,10.5,10.5,13.0,6.0,5.7,7.3,6.0,7.3,6.0,6.0,8.5,8.0,8.0,8.9,8.9,10.125,8.0,8.0,11.375,7.9667,7.9667,10.9179,7.57,MLCO
2019.03,2026-05-15,2025-12-31,2026-03-31,US05463X1063,39.49,2026-07-24,2099.99,Axogen Inc.,2026-07-29,2026-06-30,2026-12-31,2026-06-30,42.52,39.85,13.21,39.25,8.7,39.85,19.85,32.83,46.19,46.19,50.7778,50.7778,50.7778,24.2857,41.2222,37.0,55.0,55.0,30.0,49.0,40.0,55.0,55.0,40.0,48.0,48.0,21.0,39.0,27.0,48.0,48.0,27.0,50.0,50.0,24.0,40.0,39.0,50.0,50.0,36.0,50.7778,50.7778,35.4444,32.73,AXGN
2130.54,2026-08-29,2026-05-31,2026-05-31,MYL5337OO000,1.49,2026-07-24,2096.73,Eco-Shop Marketing Berhad,2026-07-28,2026-08-31,2027-05-31,2027-05-31,1.34,1.49,1.32,1.29,,1.49,,1.57,1.32,1.32,1.7663,1.6511,1.7075,1.35,1.7112,1.6025,1.88,1.88,1.45,2.0,1.94,1.88,1.88,1.7,1.2,1.4,1.2,1.2,1.2,1.4,1.4,1.2,1.75,1.76,1.375,1.825,1.64,1.76,1.76,1.615,1.7075,1.7075,1.535,1.46,ECOSHOP
3682.59,2026-05-15,2025-12-31,2026-03-31,FR0000120859,21.76,2026-07-24,2088.5,Imerys S.A.,2026-07-29,2026-06-30,2026-12-31,2026-06-30,22.26,22.12,26.26,21.94,32.68,22.12,37.92,26.1,21.08,21.08,24.9833,24.8167,24.9833,33.6,25.0667,27.1667,30.0,30.0,45.0,30.0,35.0,30.0,30.0,38.0,20.0,21.0,26.0,21.0,22.0,20.0,20.0,22.0,24.25,24.25,32.0,24.5,25.0,24.25,24.25,24.0,24.8167,24.8167,26.4,23.94,NK
1911.74,2026-06-29,2026-03-31,2026-03-31,INE0CAZ01013,129.76,2026-07-24,2075.92,Urban Company Limited,2026-07-31,2026-06-30,2027-03-31,2027-03-31,133.09,130.35,,142.42,,130.35,,124.85,131.33,131.33,134.8571,133.8571,134.5714,,123.5,126.3333,155.0,155.0,,139.0,140.0,155.0,155.0,140.0,99.0,99.0,,97.0,119.0,99.0,99.0,119.0,135.0,135.0,,125.0,120.0,135.0,135.0,120.0,133.8571,133.8571,126.3333,133.55,URBANCO
3072.84,2026-05-15,2025-12-31,2026-03-31,ID1000164205,456.0,2026-07-24,2057.44,PT Dayamitra Telekomunikasi Tbk.,2026-07-28,2026-06-30,2026-12-31,2026-06-30,494.0,460.0,595.0,530.0,665.0,460.0,,585.0,540.0,540.0,690.7692,697.1429,690.7692,793.4615,730.3846,756.5385,850.0,850.0,955.0,825.0,850.0,850.0,850.0,955.0,400.0,400.0,700.0,400.0,700.0,400.0,400.0,700.0,722.5,705.0,800.0,750.0,750.0,705.0,705.0,755.0,690.7692,690.7692,770.7143,700.0,MTEL
2233.97,2026-05-15,2025-12-31,2026-03-31,PHY9297P1004,59.45,2026-07-24,2055.55,Universal Robina Corporation,2026-07-30,2026-06-30,2026-12-31,2026-06-30,64.0,60.5,94.5,62.3,126.6,60.5,134.0,71.1,62.0,62.0,75.4,75.9,75.9,99.3333,89.2,92.9167,96.0,96.0,127.0,104.0,116.0,96.0,96.0,116.0,55.0,55.0,77.0,75.0,75.0,55.0,55.0,75.0,76.5,76.5,99.0,89.5,93.5,76.5,76.5,93.5,75.9,75.9,92.9167,67.3,URC
1645.04,2026-05-15,2025-12-31,2026-03-31,US69318J1007,81.23,2026-07-24,2049.11,PC Connection Inc.,2026-07-29,2026-06-30,2026-12-31,2026-06-30,70.46,78.97,64.86,64.38,46.64,78.97,44.6,56.86,72.99,72.99,76.0,76.0,76.0,76.0,76.0,76.0,76.0,76.0,76.0,76.0,76.0,76.0,76.0,76.0,76.0,76.0,76.0,76.0,76.0,76.0,76.0,76.0,76.0,76.0,76.0,76.0,76.0,76.0,76.0,76.0,76.0,76.0,76.0,57.76,CNXN
2681.33,2026-04-14,2025-05-31,2026-02-28,US6404911066,9.4,2026-07-24,2046.13,Neogen Corporation,2026-07-30,2026-05-28,2026-05-31,2026-05-28,9.18,10.27,5.12,9.54,22.07,10.27,43.38,9.8,8.99,8.99,12.0,12.0,12.0,7.5,12.0,11.6667,13.0,13.0,10.0,13.0,13.0,13.0,13.0,10.0,11.0,11.0,5.0,11.0,10.0,11.0,11.0,6.5,12.0,12.0,7.5,12.0,12.0,12.0,12.0,8.0,12.0,12.0,8.1667,6.99,NEOG
1953.95,2026-05-15,2025-12-31,2026-03-31,DE000A2YNT30,176.6,2026-07-24,2032.8,AlzChem Group AG,2026-07-30,2026-06-30,2026-12-31,2026-06-30,182.0,174.2,156.6,173.1,19.15,174.2,24.7,156.0,173.6,173.6,203.925,201.2,207.3429,124.4,189.05,176.94,256.0,256.0,145.0,200.0,186.7,256.0,256.0,186.7,177.0,177.0,97.0,173.0,165.0,177.0,177.0,173.0,197.0,200.0,121.0,193.65,175.0,200.0,200.0,180.0,204.4857,204.4857,179.925,155.0,ACT
19582.62,2026-06-29,2026-03-31,2026-03-31,JP3522200009,926.2,2026-07-24,2032.55,The Chugoku Electric Power Co. Inc.,2026-07-31,2026-06-30,2027-03-31,2027-03-31,884.3,931.3,823.4,930.4,1019.5,931.3,1010.0,980.3,888.7,888.7,975.0,1017.5,987.5,940.0,1017.5,1017.5,1140.0,1170.0,1050.0,1140.0,1140.0,1140.0,1140.0,1140.0,890.0,890.0,780.0,890.0,890.0,890.0,890.0,890.0,1020.0,945.0,990.0,1020.0,1020.0,1020.0,1020.0,1020.0,1017.5,1017.5,1017.5,995.0,9504
1795.1,2026-05-15,2025-12-31,2026-03-31,ID1000164700,4580.0,2026-07-24,2023.77,PT Cisarua Mountain Dairy Tbk,2026-07-24,2026-06-30,2026-12-31,2026-06-30,4350.0,4490.0,4600.0,4500.0,4070.0,4490.0,,5250.0,4450.0,4450.0,6534.6154,6603.8462,6534.6154,5929.1667,6788.4615,6969.2308,9250.0,9250.0,6800.0,9150.0,7700.0,9250.0,9250.0,7700.0,5800.0,5500.0,5100.0,5800.0,6400.0,5800.0,5800.0,6400.0,6300.0,6200.0,5900.0,6400.0,6800.0,6300.0,6300.0,6800.0,6603.8462,6603.8462,6969.2308,5650.0,CMRY
1960.4,2026-06-29,2026-03-31,2026-03-31,INE152M01016,611.6,2026-07-24,2016.9,Triveni Turbine Limited,2026-07-31,2026-06-30,2027-03-31,2027-03-31,676.35,615.05,624.15,569.65,399.85,615.05,128.65,463.3,689.85,689.85,687.3333,684.0,687.3333,726.6667,625.875,657.8,840.0,840.0,900.0,840.0,840.0,840.0,840.0,840.0,585.0,585.0,630.0,540.0,570.0,585.0,585.0,594.0,660.0,660.0,719.0,589.0,638.5,660.0,660.0,640.0,684.0,684.0,667.5556,538.1,533655
2250.27,2026-06-29,2026-03-31,2026-03-31,INE406M01024,1400.6,2026-07-24,2013.3,Eris Lifesciences Limited,2026-07-29,2026-06-30,2027-03-31,2027-03-31,1466.4,1455.4,1785.3,1373.5,753.9,1455.4,762.75,1385.6,1433.5,1433.5,1700.1,1696.6,1700.1,1707.0,1712.6,1786.2,1940.0,1940.0,1880.0,1940.0,1940.0,1940.0,1940.0,1940.0,1435.0,1470.0,1520.0,1405.0,1530.0,1435.0,1435.0,1530.0,1720.5,1720.5,1685.0,1743.0,1795.0,1720.5,1720.5,1795.0,1696.6,1696.6,1786.2,1505.6,ERIS
1955.7,2026-06-29,2026-03-31,2026-03-31,INE217B01036,1212.65,2026-07-24,2003.59,Kajaria Ceramics Limited,2026-07-31,2026-06-30,2027-03-31,2027-03-31,1206.7,1240.0,1179.3,1210.35,1422.8,1240.0,990.65,934.45,1209.0,1209.0,1290.4074,1269.7407,1290.4074,1232.6667,1122.9231,1319.5556,1700.0,1700.0,1600.0,1400.0,1600.0,1700.0,1700.0,1600.0,912.0,990.0,731.0,819.0,949.0,912.0,912.0,949.0,1300.0,1300.0,1250.0,1129.0,1325.0,1300.0,1300.0,1340.0,1269.7407,1269.7407,1333.8148,968.4,500233
3947.56,2026-05-15,2025-12-31,2026-03-31,TRETAVH00018,259.5,2026-07-24,1991.27,TAV Havalimanlari Holding A.S.,2026-07-28,2026-06-30,2026-12-31,2026-06-30,286.5,265.5,256.25,308.25,113.5,265.5,23.56,329.75,282.25,282.25,431.2792,432.0029,432.4729,423.3191,460.2655,446.4401,511.7587,516.9355,496.9505,578.6308,567.332,511.7587,511.7587,575.2376,378.7758,379.3363,343.6541,400.2781,347.919,378.7758,378.7758,340.6443,425.8109,430.1182,428.824,453.0296,441.3498,425.8109,425.8109,432.1216,432.0029,432.0029,432.8654,298.25,TAVHL
2051.24,2026-03-31,2025-12-31,2025-12-31,ES0105521001,30.6,2026-07-24,1984.53,Arteche Lantegi Elkartea S.A.,2026-07-28,2026-03-31,2026-12-31,2026-12-31,36.5,29.9,11.7,32.0,3.96,29.9,3.995,22.4,33.7,33.7,34.25,34.25,34.25,9.55,24.8333,20.8667,37.0,37.0,10.0,31.5,24.0,37.0,37.0,24.0,31.5,31.5,9.1,19.0,19.0,31.5,31.5,19.0,34.25,34.25,9.55,24.0,19.6,34.25,34.25,19.6,34.25,34.25,20.8667,22.6,ART
2187.06,2026-05-15,2025-12-31,2026-03-31,CA3565001086,16.96,2026-07-24,1972.05,Freehold Royalties Ltd.,2026-07-29,2026-06-30,2026-12-31,2026-06-30,16.17,16.68,13.54,17.35,14.26,16.68,8.79,16.08,16.13,16.13,18.9,19.0,18.9,15.7308,19.0,16.6667,22.0,22.0,22.0,22.0,22.0,22.0,22.0,22.0,18.0,18.0,14.0,17.5,15.0,18.0,18.0,15.0,18.25,18.0,15.0,18.0,16.5,18.25,18.25,16.5,18.95,18.95,16.5625,15.19,FRU
3320.27,2026-08-14,2025-12-31,2026-06-30,NL0011821392,14.57,2026-07-24,1968.36,Signify N.V.,2026-07-24,2026-09-30,2026-12-31,2026-09-30,17.75,16.44,23.0,19.79,27.52,16.44,48.0,21.38,16.69,16.69,18.1833,18.575,18.5167,24.8083,19.6,23.85,25.0,25.0,33.0,26.0,30.0,25.0,25.0,30.0,13.0,13.0,17.2,13.7,16.7,13.0,13.0,17.2,18.7,19.1,23.5,20.0,23.5,18.7,18.7,23.5,18.575,18.575,23.8083,20.96,LIGHT
2112.31,2026-08-14,2026-03-31,2026-06-30,INE013P01021,1653.9,2026-07-24,1966.99,OneSource Specialty Pharma Limited,2026-07-24,2026-09-30,2027-03-31,2026-09-30,1564.0,1653.2,1981.7,1824.3,,1653.2,,1432.4,1647.8,1647.8,2036.75,2036.75,2036.75,2279.25,1943.5,2335.75,2300.0,2300.0,2529.0,2200.0,2621.0,2300.0,2300.0,2621.0,1699.0,1699.0,2000.0,1477.0,2022.0,1699.0,1699.0,2475.0,2074.0,2074.0,2294.0,2048.5,2350.0,2074.0,2074.0,2514.5,2036.75,2036.75,2531.25,1810.6,ONESOURCE
2012.19,2026-06-29,2026-03-31,2026-03-31,INE0BWX01014,1427.5,2026-07-24,1965.27,Aether Industries Limited,2026-07-31,2026-06-30,2027-03-31,2027-03-31,1357.2,1475.3,808.0,1113.8,1063.3,1475.3,,968.35,1359.1,1359.1,1379.3333,1226.8,1329.5,1036.75,1154.2,1049.4,1373.0,1558.0,1140.0,1241.0,1200.0,1373.0,1373.0,1170.0,1060.0,1070.0,920.0,1050.0,870.0,1060.0,1060.0,870.0,1230.0,1325.0,1043.5,1140.0,1075.0,1230.0,1230.0,1075.0,1226.8,1226.8,1034.6,860.1,AETHER
3905.91,2026-05-15,2025-12-31,2026-03-31,ES0175438003,3.24,2026-07-24,1962.54,Prosegur Compañía de Seguridad S.A.,2026-07-31,2026-06-30,2026-12-31,2026-06-30,2.68,2.91,2.975,2.64,1.626,2.91,2.8,2.805,2.705,2.705,3.2975,3.2538,3.2725,3.1412,3.2388,3.1867,3.8,3.8,4.0,3.7,4.03,3.8,3.8,4.03,2.6,2.75,1.9,2.8,2.0,2.6,2.6,2.0,3.275,3.275,3.05,3.255,3.1,3.275,3.275,3.05,3.2538,3.2538,3.16,2.6,PSG
-73.25,2026-05-15,2025-12-31,2026-03-31,KR7035250000,14460.0,2026-07-24,1961.74,Kangwon Land Inc.,2026-07-31,2026-06-30,2026-12-31,2026-06-30,14130.0,14260.0,19480.0,17160.0,16010.0,14260.0,26000.0,17550.0,14300.0,14300.0,20013.3333,20380.0,20013.3333,20873.3333,20592.3077,21000.0,23000.0,23000.0,24000.0,23000.0,24000.0,23000.0,23000.0,24000.0,17700.0,15200.0,16800.0,17700.0,18000.0,17700.0,17700.0,19000.0,21000.0,21000.0,21000.0,21000.0,21400.0,21000.0,21000.0,21000.0,20380.0,20380.0,21133.3333,18950.0,A035250
9125.54,2026-05-15,2025-12-31,2026-03-31,US4771431016,5.27,2026-07-24,1960.54,JetBlue Airways Corporation,2026-07-28,2026-06-30,2026-12-31,2026-06-30,5.79,5.42,4.36,5.27,8.35,5.42,15.53,5.28,5.73,5.73,5.56,4.8767,5.56,4.1429,4.7125,4.5714,8.0,8.0,8.0,8.0,7.0,8.0,8.0,7.0,2.0,3.5,3.0,2.0,3.0,2.0,2.0,3.0,5.0,6.0,4.0,4.5,4.5,5.0,5.0,4.05,5.0567,5.0567,4.3679,4.55,JBLU
10811.03,2026-03-31,2025-12-31,2025-12-31,FR0000121147,8.736,2026-07-24,1956.56,Forvia SE,2026-07-31,2026-03-31,2026-12-31,2026-12-31,9.546,8.706,10.19,10.16,24.87,8.706,39.57,14.445,8.734,8.734,14.6786,14.9643,14.6786,11.5846,15.025,14.85,39.0,39.0,39.0,39.0,39.0,39.0,39.0,39.0,11.0,10.5,7.0,11.0,8.5,11.0,11.0,8.5,13.0,13.0,9.1,13.5,13.0,13.0,13.0,11.0,14.9643,14.9643,14.0,13.62,FRVIA
1799.37,2026-08-14,2026-03-31,2026-06-30,INE100A01010,6394.95,2026-07-24,1953.15,Atul Ltd,2026-07-24,2026-09-30,2027-03-31,2026-09-30,6610.85,6145.15,6603.85,6692.15,6703.3,6145.15,9254.3,5826.45,6472.3,6472.3,7744.0,7642.9091,7682.5454,7753.2727,7248.7,7532.6667,8500.0,8500.0,8975.0,8500.0,8700.0,8500.0,8500.0,8700.0,6145.0,5900.0,5450.0,5730.0,5720.0,6145.0,6145.0,5470.0,7780.0,7780.0,8073.0,7445.0,7560.0,7780.0,7780.0,7730.0,7642.9091,7642.9091,7537.25,6141.6,500027
1915.18,2026-05-15,2025-12-31,2026-03-31,TW0008454000,238.5,2026-07-24,1952.68,momo.com Inc.,2026-07-31,2026-06-30,2026-12-31,2026-06-30,325.5,253.5,268.5714,170.0,512.0594,253.5,1030.7153,192.5,297.5,297.5,185.5,185.5,185.5,332.8571,217.0,237.0714,243.0,243.0,409.5238,380.0,380.0,243.0,243.0,409.52,144.0,144.0,280.9524,144.0,170.0,144.0,144.0,180.0,177.5,177.5,322.3809,182.5,216.2143,177.5,177.5,245.7143,185.5,185.5,276.9914,207.5,8454
1819.83,2026-05-15,2025-12-31,2026-03-31,KR7383220001,76100.0,2026-07-24,1952.47,F&F Co. Ltd,2026-07-28,2026-06-30,2026-12-31,2026-06-30,73500.0,74400.0,71800.0,66600.0,102500.0,74400.0,120600.0,66700.0,77200.0,77200.0,96750.0,96750.0,96750.0,94800.0,89333.3333,91272.7273,105000.0,105000.0,105000.0,100000.0,100000.0,105000.0,105000.0,100000.0,83000.0,83000.0,67000.0,72000.0,72000.0,83000.0,83000.0,72000.0,100000.0,100000.0,100000.0,90000.0,93000.0,100000.0,100000.0,93000.0,96750.0,96750.0,91272.7273,68500.0,A383220
3781.18,2026-06-29,2026-03-31,2026-03-31,JP3300600008,646.6,2026-07-24,1950.2,Konica Minolta Inc.,2026-07-30,2026-06-30,2027-03-31,2027-03-31,564.7,612.7,472.4,497.3,519.1,612.7,604.0,675.7,549.3,549.3,666.25,647.5,660.0,536.6667,646.25,682.5,700.0,800.0,740.0,700.0,840.0,700.0,700.0,840.0,500.0,500.0,450.0,500.0,500.0,500.0,500.0,500.0,665.0,665.0,500.0,670.0,690.0,665.0,665.0,660.0,647.5,647.5,643.75,680.1,4902
1641.71,2026-05-15,2025-12-31,2026-03-31,TW0007799009,399.5,2026-07-24,1946.35,Heron Neutron Medical Corp.,2026-07-24,2026-06-30,2026-12-31,2026-06-30,379.0,420.5,891.0,377.5,,420.5,,425.0,410.0,410.0,1040.0,1203.3333,1203.3333,,1203.3333,1203.3333,1260.0,1260.0,,1260.0,1260.0,1260.0,1260.0,1260.0,1100.0,1100.0,,1100.0,1100.0,1100.0,1100.0,1100.0,1250.0,1250.0,,1250.0,1250.0,1250.0,1250.0,1250.0,1203.3333,1203.3333,1203.3333,451.5,7799
2267.41,2026-03-31,2025-12-31,2025-12-31,BE0003874915,23.25,2026-07-24,1938.96,Fagron NV,2026-07-30,2026-03-31,2026-12-31,2026-12-31,24.15,23.85,22.45,23.6,16.14,23.85,17.7,22.8,24.1,24.1,28.4167,28.25,28.4167,24.84,28.25,25.8333,30.0,30.0,27.0,30.0,27.5,30.0,30.0,27.0,27.0,27.5,22.7,27.0,24.0,27.0,27.0,24.0,28.0,28.0,25.0,28.0,25.75,28.0,28.0,25.0,28.25,28.25,25.3,21.3,FAGR
3239.77,2026-03-31,2025-12-31,2025-12-31,ES0105836003,3.75,2026-07-24,1938.09,Inmocemento S.A.,2026-07-29,2026-03-31,2026-12-31,2026-12-31,3.85,3.75,3.69,3.72,,3.75,,3.68,3.75,3.75,4.6,4.6,4.6,,4.6,,4.6,4.6,,4.6,,4.6,4.6,,4.6,4.6,,4.6,,4.6,4.6,,4.6,4.6,,4.6,,4.6,4.6,,4.6,4.6,,3.59,IMC
2871.76,2026-03-31,2025-12-31,2025-12-31,GB00B4YZN328,0.758,2026-07-24,1933.05,Coats Group plc,2026-07-28,2026-03-31,2026-12-31,2026-12-31,0.775,0.765,0.765,0.8435,0.677,0.765,0.694,0.861,0.7795,0.7795,1.1874,1.2264,1.1874,1.1862,1.1392,1.1325,1.351,1.3459,1.296,1.3363,1.2701,1.351,1.351,1.3023,1.0995,1.0924,0.9984,0.9237,0.976,1.0995,1.0995,1.0007,1.252,1.1721,1.195,1.1378,1.126,1.252,1.252,1.1442,1.2264,1.2264,1.1595,0.845,COA
7148.07,2026-06-29,2026-03-31,2026-03-31,JP3350800003,1548.0,2026-07-24,1930.82,Shikoku Electric Power Company Incorporated,2026-07-31,2026-06-30,2027-03-31,2027-03-31,1478.0,1505.0,1283.0,1642.5,1035.5,1505.0,769.0,1532.5,1470.0,1470.0,1795.0,1870.0,1855.0,1386.6667,1870.0,1640.0,2050.0,2050.0,1510.0,2050.0,1900.0,2050.0,2050.0,1900.0,1600.0,1540.0,1250.0,1600.0,1430.0,1600.0,1600.0,1430.0,1915.0,1915.0,1400.0,1915.0,1615.0,1915.0,1915.0,1615.0,1870.0,1870.0,1640.0,1550.5,9507
3418.12,2026-05-15,2025-12-31,2026-03-31,CH0363463438,6.165,2026-07-24,1921.36,Idorsia Ltd,2026-07-30,2026-06-30,2026-12-31,2026-06-30,5.87,5.9,2.81,3.758,6.815,5.9,25.42,3.82,6.865,6.865,4.6667,4.6667,4.6667,1.0,4.5,4.8333,5.0,5.0,1.0,5.0,6.0,5.0,5.0,6.0,4.5,4.5,1.0,4.0,4.0,4.5,4.5,4.0,4.5,4.5,1.0,4.5,4.5,4.5,4.5,5.0,4.6667,4.6667,5.0,4.255,IDIA
1745.05,2026-05-15,2025-12-31,2026-03-31,US14167L1035,37.14,2026-07-24,1918.63,CareDx Inc.,2026-07-30,2026-06-30,2026-12-31,2026-06-30,27.13,39.73,12.84,21.23,10.41,39.73,85.49,20.42,28.5,28.5,35.4,25.8,27.8,27.5,24.8,22.0,28.0,38.0,40.0,28.0,26.0,28.0,28.0,28.0,21.0,21.0,19.0,21.0,18.0,21.0,21.0,18.0,26.0,26.0,25.5,26.0,21.0,26.0,26.0,23.0,25.8,25.8,23.0,18.84,CDNA
7705.09,2026-03-31,2025-12-31,2025-12-31,FR001400TL40,1.7,2026-07-24,1916.58,Louis Hachette Group S.A.,2026-07-28,2026-03-31,2026-12-31,2026-12-31,1.772,1.744,1.707,1.709,,1.744,,1.597,1.747,1.747,2.325,2.325,2.325,2.25,2.325,2.2667,2.4,2.4,2.4,2.4,2.4,2.4,2.4,2.4,2.2,2.2,2.1,2.2,2.1,2.2,2.2,2.1,2.35,2.35,2.25,2.35,2.3,2.35,2.35,2.25,2.325,2.325,2.25,1.563,ALHG
2287.58,2026-05-15,2025-12-31,2026-03-31,US05988J1034,59.8,2026-07-24,1914.63,Bandwidth Inc.,2026-07-29,2026-06-30,2026-12-31,2026-06-30,52.28,71.81,15.14,24.12,14.11,71.81,133.56,14.49,63.3,63.3,67.25,55.75,63.25,19.6,24.5,22.75,70.0,85.0,36.0,36.0,36.0,70.0,70.0,36.0,38.0,38.0,12.0,15.0,15.0,38.0,38.0,15.0,57.5,65.0,15.0,23.5,20.0,57.5,57.5,20.0,55.75,55.75,23.6667,15.45,BAND
4824.85,2026-05-15,2025-12-31,2026-03-31,KR7011790003,81800.0,2026-07-24,1907.61,SKC Co. Ltd.,2026-07-27,2026-06-30,2026-12-31,2026-06-30,104000.0,78400.0,105300.0,124700.0,95300.0,78400.0,164000.0,113900.0,106600.0,106600.0,106419.2177,106419.2177,106419.2177,106636.3636,102225.8699,105875.0,140000.0,140000.0,157000.0,135000.0,135000.0,140000.0,140000.0,135000.0,72000.0,72000.0,80000.0,71034.0,80000.0,72000.0,72000.0,83000.0,110000.0,110000.0,95000.0,105000.0,105000.0,110000.0,110000.0,105000.0,106419.2177,106419.2177,106625.0,104400.0,A011790
1816.83,2026-05-15,2025-12-31,2026-03-31,ID1000160302,1725.0,2026-07-24,1907.09,PT Triputra Agro Persada Tbk,2026-07-24,2026-06-30,2026-12-31,2026-06-30,1460.0,1575.0,1370.0,1995.0,615.0,1575.0,700.0,1525.0,1445.0,1445.0,2066.0,2125.0,2066.0,1128.3333,2280.0,2002.5,2700.0,2700.0,1285.0,2700.0,2300.0,2700.0,2700.0,2300.0,1900.0,1830.0,940.0,1840.0,1840.0,1900.0,1900.0,1840.0,1950.0,1920.0,1160.0,2300.0,1935.0,1950.0,1950.0,1935.0,2125.0,2125.0,2002.5,1500.0,TAPG
5428.0,2026-05-15,2025-12-31,2026-03-31,SE0016589188,22.83,2026-07-24,1906.71,AB Electrolux (publ),2026-07-29,2026-06-30,2026-12-31,2026-06-30,28.52,23.78,62.46,45.1,126.35,23.78,227.0,65.04,30.67,30.67,29.6738,46.2829,39.2465,82.5714,69.0,76.375,84.5,84.5,110.0,103.0,103.0,84.5,84.5,103.0,25.0,22.6,54.0,50.0,50.0,25.0,25.0,50.0,40.0,31.0,71.0,70.0,72.5,39.6117,39.6117,74.0,44.4647,44.4647,74.875,63.78,ELUXB
1887.06,2026-05-15,2025-12-31,2026-03-31,TW0002455003,333.0,2026-07-24,1902.54,Visual Photonics Epitaxy Co. Ltd.,2026-07-27,2026-06-30,2026-12-31,2026-06-30,348.0,277.0,146.5,311.5,117.0,277.0,138.0,171.5,347.0,347.0,404.7,398.5,404.7,144.4449,262.4,181.0003,537.0,600.0,186.0,340.0,236.0,537.0,537.0,236.0,160.0,160.0,99.0038,160.0,130.0,160.0,160.0,130.0,465.5,457.5,150.0,267.5,175.0,465.5,465.5,175.0,398.5,398.5,181.0003,151.5,2455
656.39,2026-03-31,2025-12-31,2025-12-31,KYG4672N1198,1.66,2026-07-24,1901.22,HUTCHMED (China) Limited,2026-07-30,2026-03-31,2026-12-31,2026-12-31,1.6,1.75,2.66,2.01,2.0775,1.75,5.8,2.25,1.62,1.62,3.4236,3.4822,3.4606,3.7253,3.6812,3.6023,5.2028,5.1954,5.4978,5.6351,5.4796,5.2735,5.2735,5.4834,2.2826,2.2727,1.9846,2.2739,2.0372,2.3136,2.3136,2.0422,3.4136,3.4087,3.4048,3.4006,3.4066,3.46,3.46,3.4149,3.5091,3.5091,3.5764,2.08,HCM
2810.32,2026-05-15,2025-12-31,2026-03-31,MHY1771G1026,15.72,2026-07-24,1898.01,Costamare Inc.,2026-07-27,2026-06-30,2026-12-31,2026-06-30,15.07,14.74,9.79,16.5,9.74,14.74,10.31,15.92,14.02,14.02,21.0,21.0,21.0,9.9,17.0,12.5,21.0,21.0,10.0,17.0,12.5,21.0,21.0,12.5,21.0,21.0,9.8,17.0,12.5,21.0,21.0,12.5,21.0,21.0,9.9,17.0,12.5,21.0,21.0,12.5,21.0,21.0,12.5,15.79,CMRE
1662.0,2026-05-15,2025-12-31,2026-03-31,KR7095340006,134600.0,2026-07-24,1885.48,ISC Co. Ltd.,2026-07-27,2026-06-30,2026-12-31,2026-06-30,184000.0,135600.0,58300.0,240500.0,107300.0,135600.0,25650.0,117900.0,181500.0,181500.0,291875.0,291875.0,291875.0,79222.2222,217375.0,94666.6667,350000.0,350000.0,100000.0,330000.0,145000.0,350000.0,350000.0,145000.0,165000.0,165000.0,60000.0,84000.0,70000.0,165000.0,165000.0,70000.0,300000.0,300000.0,80000.0,205000.0,85000.0,300000.0,300000.0,85000.0,291875.0,291875.0,91555.5556,111100.0,A095340
1587.68,2026-05-15,2025-12-31,2026-03-31,ID1000068604,17450.0,2026-07-24,1869.76,PT Gudang Garam Tbk,2026-07-30,2026-06-30,2026-12-31,2026-06-30,16250.0,17000.0,9275.0,13700.0,28900.0,17000.0,36050.0,15925.0,16250.0,16250.0,16818.75,15138.8889,16818.75,11212.5,14044.4444,14787.5,21000.0,21000.0,22500.0,20000.0,22500.0,21000.0,21000.0,22500.0,5600.0,8500.0,5500.0,5600.0,5600.0,5600.0,5600.0,5600.0,17150.0,17750.0,9000.0,14100.0,15550.0,17150.0,17150.0,15550.0,15138.8889,15138.8889,14787.5,14000.0,GGRM
1827.59,2026-05-15,2025-12-31,2026-03-31,US68213N1090,41.0,2026-07-24,1864.64,Omnicell Inc.,2026-07-30,2026-06-30,2026-12-31,2026-06-30,39.49,45.87,28.13,37.37,62.21,45.87,151.35,50.3,41.52,41.52,61.2857,61.2857,61.2857,43.8333,57.4286,55.0,70.0,70.0,57.0,70.0,63.0,70.0,70.0,63.0,55.0,55.0,32.0,49.0,50.0,55.0,55.0,43.0,60.0,60.0,40.5,58.0,53.0,60.0,60.0,51.5,61.2857,61.2857,51.5,45.3,OMCL
1706.27,2026-05-15,2025-12-31,2026-03-31,US7437131094,78.24,2026-07-24,1861.65,Proto Labs Inc.,2026-07-31,2026-06-30,2026-12-31,2026-06-30,79.83,77.62,38.74,64.62,33.9,77.62,86.27,53.75,81.51,81.51,88.0,81.0,88.0,45.0,71.6667,56.6667,91.0,91.0,50.0,75.0,60.0,91.0,91.0,60.0,70.0,82.0,40.0,70.0,55.0,70.0,70.0,55.0,82.0,91.0,45.0,70.0,55.0,82.0,82.0,55.0,81.0,81.0,56.6667,50.59,PRLB
2022.12,2026-06-29,2026-03-31,2026-03-31,JP3695600001,2863.5,2026-07-24,1860.2,Nippon Gas Co. Ltd.,2026-07-30,2026-06-30,2027-03-31,2027-03-31,2830.5,2893.5,2700.0,2868.5,2034.0,2893.5,1949.0,2968.0,2870.0,2870.0,3342.5,3273.3333,3273.3333,2810.0,3236.6667,3317.5,3520.0,3520.0,3180.0,3710.0,3970.0,3520.0,3520.0,3970.0,3100.0,3100.0,2500.0,2500.0,2500.0,3100.0,3100.0,2500.0,3200.0,3200.0,2780.0,3500.0,3400.0,3200.0,3200.0,3400.0,3273.3333,3273.3333,3317.5,2970.5,8174
13578.19,2026-05-15,2025-12-31,2026-03-31,US65342K1051,7.005,2026-07-24,1856.28,NextDecade Corporation,2026-07-30,2026-06-30,2026-12-31,2026-06-30,7.16,7.68,11.5,7.09,6.03,7.68,3.37,5.27,7.54,7.54,9.25,9.4,9.25,13.0,9.0,9.6667,12.0,12.0,15.0,12.0,12.0,12.0,12.0,12.0,7.0,7.0,11.0,7.0,7.0,7.0,7.0,7.0,9.0,8.75,13.0,8.5,10.0,9.0,9.0,10.0,9.4,9.4,9.6667,5.27,NEXT
1866.85,2026-06-29,2026-03-31,2026-03-31,INE864I01014,5805.0,2026-07-24,1852.32,MTAR Technologies Limited,2026-07-29,2026-06-30,2027-03-31,2027-03-31,7777.0,6046.0,1516.6,5139.2,2116.15,6046.0,1472.55,2400.2,7620.5,7620.5,7358.25,7358.25,7358.25,1926.0,4629.0,3198.75,10007.0,10007.0,2190.0,6000.0,3325.0,10007.0,10007.0,3325.0,3650.0,3650.0,1688.0,3650.0,3000.0,3650.0,3650.0,2900.0,7888.0,7888.0,1900.0,4433.0,3235.0,7888.0,7888.0,3270.0,7358.25,7358.25,3165.0,2416.7,MTARTECH
2062.17,2026-06-29,2026-03-31,2026-03-31,INE427F01016,814.4,2026-07-24,1850.14,Chalet Hotels Limited,2026-07-29,2026-06-30,2027-03-31,2027-03-31,826.75,862.6,942.6,797.6,465.0,862.6,171.0,820.05,814.9,814.9,994.0476,992.6191,994.0476,1031.0,1022.3,1115.625,1150.0,1150.0,1150.0,1150.0,1212.0,1150.0,1150.0,1212.0,850.0,850.0,839.0,845.0,1025.0,850.0,850.0,1025.0,974.0,980.0,1026.0,1037.5,1113.0,974.0,974.0,1113.0,992.6191,992.6191,1114.6875,870.55,CHALET
1908.83,2026-05-15,2025-12-31,2026-03-31,MYL5005OO003,4.69,2026-07-24,1849.26,Unisem (M) Berhad,2026-07-30,2026-06-30,2026-12-31,2026-06-30,4.59,4.38,2.22,3.08,3.4,4.38,4.075,3.36,4.75,4.75,3.7278,3.5711,3.7278,1.7337,2.94,2.9263,6.0,6.0,2.93,3.76,3.78,6.0,6.0,3.78,2.18,2.18,1.0,2.18,1.9,2.18,2.18,1.9,3.37,3.45,1.61,2.92,2.88,3.37,3.37,2.88,3.5711,3.5711,2.9263,3.07,UNISEM
3732.64,2026-03-31,2025-12-31,2025-12-31,NL0012650360,29.3,2026-07-24,1847.67,RHI Magnesita N.V.,2026-07-31,2026-03-31,2026-12-31,2026-12-31,28.65,29.55,30.15,26.95,28.9,29.55,41.9,28.6,27.35,27.35,31.5643,31.8863,31.5643,38.6821,33.622,34.8568,39.8192,39.7296,46.8456,43.3711,41.4904,39.8192,39.8192,41.9237,22.2854,21.8922,32.102,22.4454,28.5,22.2854,22.2854,24.9546,31.6229,31.2373,38.3195,34.8961,36.1719,31.6229,31.6229,36.5496,31.8863,31.8863,34.4477,27.8,RHIM
1657.49,2026-05-15,2025-12-31,2026-03-31,US44862P2083,20.22,2026-07-24,1847.31,Hycroft Mining Holding Corporation,2026-07-28,2026-06-30,2026-12-31,2026-06-30,21.7,19.05,3.69,38.04,4.35,19.05,22.8,50.65,23.4,23.4,28.0,,28.0,,,,,28.0,,,,,,,,28.0,,,,,,,,28.0,,,,,,,,,,23.77,HYMC
2817.69,2026-05-15,2025-12-31,2026-03-31,US34965K1079,19.52,2026-07-24,1846.59,Fortrea Holdings Inc.,2026-07-29,2026-06-30,2026-12-31,2026-06-30,17.02,17.76,6.51,9.8,33.79,17.76,,16.83,17.4,17.4,17.2545,16.2091,17.2545,6.6591,12.6636,16.4364,20.0,20.0,15.5,16.0,25.0,20.0,20.0,21.0,9.5,11.0,4.75,8.0,8.0,9.5,9.5,7.0,16.0,18.0,5.0,12.8,15.0,18.0,18.0,13.0,16.3909,16.3909,13.2546,17.25,FTRE
1720.48,2026-05-15,2025-12-31,2026-03-31,US45778Q1076,48.35,2026-07-24,1845.48,Insperity Inc.,2026-07-29,2026-06-30,2026-12-31,2026-06-30,38.11,49.55,59.44,32.77,121.0,49.55,93.88,46.72,41.31,41.31,43.75,39.5,39.5,73.75,40.5,42.75,54.0,54.0,85.0,56.0,62.0,54.0,54.0,71.0,33.0,33.0,68.0,35.0,34.0,33.0,33.0,34.0,35.5,35.5,71.0,35.5,37.5,35.5,35.5,37.5,39.5,39.5,45.0,38.72,NSP
1828.1,2026-05-15,2025-12-31,2026-03-31,US87164F1057,20.81,2026-07-24,1843.97,Syndax Pharmaceuticals Inc.,2026-07-31,2026-06-30,2026-12-31,2026-06-30,19.98,22.8,9.99,21.39,21.77,22.8,14.26,20.25,21.86,21.86,39.4545,39.0,39.0,32.6667,39.3333,39.3077,57.0,57.0,46.0,57.0,56.0,57.0,57.0,56.0,29.0,29.0,17.0,28.0,27.0,29.0,29.0,27.0,37.0,37.0,33.5,39.0,38.0,37.0,37.0,38.0,39.0,39.0,39.3077,21.01,SNDX
1926.48,2026-06-29,2026-03-31,2026-03-31,INE825A01020,612.95,2026-07-24,1839.42,Vardhman Textiles Limited,2026-07-28,2026-06-30,2027-03-31,2027-03-31,645.05,635.9,493.45,590.1,372.7,635.9,357.42,403.15,635.3,635.3,592.5,578.6667,592.5,509.8,472.6,445.6,682.0,700.0,558.0,526.0,506.0,700.0,700.0,565.0,424.0,424.0,394.0,406.0,391.0,424.0,424.0,407.0,596.0,659.0,539.0,501.0,424.0,650.0,650.0,492.0,596.0,596.0,496.4,436.75,502986
3473.94,2026-05-15,2025-12-31,2026-03-31,US85256A1097,7.42,2026-07-24,1839.08,Stagwell Inc.,2026-07-30,2026-06-30,2026-12-31,2026-06-30,7.07,7.51,5.21,6.85,6.82,7.51,,6.64,7.43,7.43,8.5,8.25,8.5,8.3371,8.25,8.25,10.0,10.0,10.0,10.0,10.0,10.0,10.0,10.0,6.5,6.5,6.0,6.5,6.5,6.5,6.5,6.5,8.0,8.0,8.0,8.0,8.0,8.0,8.0,8.0,8.3571,8.3571,8.25,4.89,STGW
2252.64,2026-06-29,2026-03-31,2026-03-31,INE718I01012,132.12,2026-07-24,1838.29,JSW Cement Limited,2026-07-31,2026-06-30,2027-03-31,2027-03-31,133.59,139.93,,123.54,,139.93,,116.5,134.92,134.92,148.4,148.4667,148.4,,141.1429,144.3,175.0,175.0,,173.0,165.0,175.0,175.0,170.0,125.0,125.0,,115.0,126.0,125.0,125.0,126.0,150.0,150.0,,141.0,145.0,150.0,150.0,145.0,148.4667,148.4667,145.8889,118.86,JSWCEMENT
1971.29,2026-05-15,2025-12-31,2026-03-31,US9026731029,237.2,2026-07-24,1835.2,UFP Technologies Inc.,2026-07-31,2026-06-30,2026-12-31,2026-06-30,242.95,242.05,236.09,200.06,195.93,242.05,59.88,258.68,265.13,265.13,324.5,324.5,324.5,311.0,324.5,329.5,360.0,360.0,370.0,360.0,370.0,360.0,360.0,370.0,289.0,289.0,252.0,289.0,289.0,289.0,289.0,289.0,324.5,324.5,311.0,324.5,329.5,324.5,324.5,329.5,324.5,324.5,329.5,222.03,UFPT
2006.15,2026-06-29,2026-03-31,2026-03-31,INE348B01021,792.75,2026-07-24,1827.1,Century Plyboards (India) Limited,2026-07-31,2026-06-30,2027-03-31,2027-03-31,755.5,793.55,743.1,781.2,663.7,793.55,425.95,742.65,749.45,749.45,888.8,885.55,888.8,824.8421,870.2632,876.05,1096.0,1096.0,934.0,1027.0,1028.0,1096.0,1096.0,1028.0,775.0,775.0,690.0,775.0,751.0,775.0,775.0,751.0,903.5,903.5,832.0,854.0,885.0,903.5,903.5,879.0,885.55,885.55,872.2,828.8,532548
5054.28,2026-05-15,2025-12-31,2026-03-31,ID1000053705,1325.0,2026-07-24,1821.12,PT Medco Energi Internasional Tbk,2026-07-31,2026-06-30,2026-12-31,2026-06-30,1060.0,1230.0,1285.0,1725.0,1000.0,1230.0,535.0,1515.0,1025.0,1025.0,2131.8324,2209.1218,2175.9894,1743.9135,2201.4864,1883.2518,2709.704,2745.728,2499.42,2610.7976,2207.4,2730.072,2730.072,2216.046,1604.43,1625.76,1249.71,1855.0404,1443.3,1616.49,1616.49,1416.27,2192.721,2149.616,1736.61,2189.9783,1918.74,2137.359,2137.359,1882.806,2192.6789,2192.6789,1828.3213,1345.0,MEDC
1658.17,2026-05-15,2025-12-31,2026-03-31,ID1000125107,720.0,2026-07-24,1814.29,PT Kalbe Farma Tbk.,2026-07-31,2026-06-30,2026-12-31,2026-06-30,765.0,760.0,1510.0,875.0,1970.0,760.0,1345.0,1220.0,765.0,765.0,1270.2941,1332.9412,1275.2941,1659.0,1548.4375,1685.0,1975.0,1975.0,2200.0,1975.0,2200.0,1975.0,1975.0,2200.0,860.0,820.0,1410.0,1070.0,1350.0,860.0,860.0,1350.0,1250.0,1170.0,1625.0,1600.0,1670.0,1250.0,1250.0,1670.0,1332.9412,1332.9412,1683.0,1205.0,KLBF
2340.39,2026-05-15,2025-12-31,2026-03-31,PTSEM0AM0004,19.96,2026-07-24,1812.61,Semapa - Sociedade de Investimento e Gestão SGPS S.A.,2026-07-31,2026-06-30,2026-12-31,2026-06-30,21.4,20.25,17.62,22.2,13.06,20.25,11.6,21.85,20.3,20.3,28.0,27.7,27.7,26.7333,27.7,27.7333,31.7,31.7,28.7,31.7,33.0,31.7,31.7,33.0,23.4,23.4,24.7,23.4,23.4,23.4,23.4,23.4,28.0,28.0,26.8,28.0,26.8,28.0,28.0,26.8,27.7,27.7,27.7333,20.9,SEM
5125.77,2026-05-15,2025-12-31,2026-03-31,ES0105223004,2.8,2026-07-24,1811.5,Gestamp Automoción S.A.,2026-07-30,2026-06-30,2026-12-31,2026-06-30,3.015,2.84,3.212,3.18,4.364,2.84,4.132,3.094,2.855,2.855,3.4767,3.5092,3.5015,3.2392,3.5015,3.3823,4.47,4.47,4.17,4.47,4.17,4.47,4.47,4.17,2.5,2.5,2.2,2.5,2.5,2.5,2.5,2.5,3.5,3.5,3.275,3.5,3.5,3.5,3.5,3.6,3.5015,3.5015,3.4058,3.042,GEST
2621.65,2026-06-29,2026-03-31,2026-03-31,INE092A01019,684.5,2026-07-24,1808.97,Tata Chemicals Limited,2026-07-27,2026-06-30,2027-03-31,2027-03-31,727.6,698.2,946.65,694.1,989.7,698.2,755.15,714.1,715.8,715.8,712.8889,721.7778,712.8889,814.375,726.625,874.2222,815.0,815.0,984.0,876.0,1082.0,815.0,815.0,1082.0,566.0,566.0,675.0,566.0,780.0,566.0,566.0,780.0,735.0,725.0,804.5,742.5,850.0,735.0,735.0,860.0,721.7778,721.7778,877.5556,765.4,500770
2071.03,2026-05-15,2025-12-31,2026-03-31,US64049M2098,13.89,2026-07-24,1808.64,NeoGenomics Inc.,2026-07-28,2026-06-30,2026-12-31,2026-06-30,12.9,14.61,6.42,8.29,16.71,14.61,45.71,12.81,14.59,14.59,16.7778,15.0556,16.2222,11.05,14.1875,14.4286,25.0,25.0,15.0,17.0,17.0,25.0,25.0,17.0,11.0,11.0,8.0,12.0,12.0,11.0,11.0,12.0,14.0,16.0,12.0,14.0,14.0,14.0,14.0,14.0,15.0556,15.0556,13.9375,11.76,NEO
1630.1,2026-06-29,2026-03-31,2026-03-31,JE00BF50RG45,5.365,2026-07-24,1805.74,Yellow Cake plc,2026-07-30,2026-06-30,2027-03-31,2027-03-31,5.405,5.175,5.1,6.005,4.062,5.175,2.74,6.795,5.27,5.27,7.558,7.7087,7.558,6.3447,7.5394,6.9266,9.7734,9.4887,6.9165,9.6236,8.3836,9.7734,9.7734,8.4578,6.6159,6.4522,5.5893,6.2912,6.1725,6.6159,6.6159,6.2272,7.4006,7.3446,6.4779,7.3791,6.9444,7.4006,7.4006,6.8203,7.7087,7.7087,6.9388,5.92,YCA
2077.42,2026-05-15,2025-12-31,2026-03-31,US01644J1088,16.79,2026-07-24,1796.85,Alkami Technology Inc.,2026-07-29,2026-06-30,2026-12-31,2026-06-30,15.95,17.91,27.42,16.23,16.43,17.91,31.54,20.65,18.12,18.12,21.7143,21.25,21.7143,38.8889,22.6667,32.1111,27.0,27.0,46.0,28.0,40.0,27.0,27.0,40.0,18.0,19.0,28.0,18.0,25.0,18.0,18.0,25.0,21.0,21.0,40.0,21.0,32.0,21.0,21.0,32.0,21.25,21.25,32.5556,23.07,ALKT
2247.51,2026-06-29,2026-03-31,2026-03-31,INE769A01020,477.35,2026-07-24,1795.53,Aarti Industries Limited,2026-07-30,2026-06-30,2027-03-31,2027-03-31,466.5,493.5,433.65,472.25,464.9,493.5,890.95,353.2,459.0,459.0,529.1818,526.0909,529.1818,493.1364,497.8571,458.7727,622.0,622.0,625.0,610.0,610.0,622.0,622.0,610.0,366.0,366.0,350.0,366.0,340.0,366.0,366.0,340.0,530.0,532.5,500.5,500.0,465.0,530.0,530.0,459.5,526.0909,526.0909,458.3636,374.05,524208
1792.12,2026-05-15,2025-12-31,2026-03-31,KYG3314M1096,15.79,2026-07-24,1790.51,Expro Ltd,2026-07-28,2026-06-30,2026-12-31,2026-06-30,13.09,16.48,8.91,17.76,22.52,16.48,,15.95,14.77,14.77,17.4,18.0,17.4,11.6667,17.6,15.8,23.0,20.0,13.0,21.0,19.0,23.0,23.0,16.0,16.0,16.0,10.0,16.0,13.0,16.0,16.0,12.0,16.0,16.0,12.0,16.0,16.0,16.0,16.0,15.0,18.0,18.0,14.4,13.35,XPRO
1721.04,2026-06-29,2026-03-31,2026-03-31,INE738I01010,1861.5,2026-07-24,1788.5,eClerx Services Limited,2026-07-24,2026-06-30,2027-03-31,2027-03-31,1394.1,1979.8,1829.5,1468.0,887.575,1979.8,723.3833,2161.95,1324.9,1324.9,1791.0,1859.4,1791.0,1889.8333,2093.3,2520.4,2220.0,2040.0,2100.0,2625.0,2800.0,2220.0,2220.0,2800.0,1550.0,1550.0,1740.0,1625.0,2075.0,1550.0,1550.0,2075.0,1812.0,1750.0,1860.0,1964.0,2543.75,1812.0,1812.0,2452.5,1859.4,1859.4,2445.2,2347.65,ECLERX
1993.42,2026-06-29,2026-03-31,2026-03-31,INE0LXG01040,37.08,2026-07-24,1780.35,Ola Electric Mobility Limited,2026-07-28,2026-06-30,2027-03-31,2027-03-31,43.17,40.17,42.6,35.79,,40.17,,31.95,43.76,43.76,31.5375,29.6125,31.5375,46.7143,29.625,42.5,38.9,40.0,63.0,45.0,55.0,38.9,38.9,65.0,20.0,20.0,30.0,20.0,25.0,20.0,20.0,25.0,29.5,32.5,45.0,26.0,44.0,29.5,29.5,46.0,29.6125,29.6125,45.875,36.24,OLAELEC
2839.65,2026-03-31,2025-12-31,2025-12-31,ES0105251005,15.86,2026-07-24,1778.6,Neinor Homes S.A.,2026-07-27,2026-03-31,2026-12-31,2026-12-31,16.8,16.08,17.44,17.14,9.38,16.08,11.48,19.18,16.45,16.45,20.33,20.43,20.43,18.63,20.5117,19.9071,23.0,23.0,20.3,23.0,23.8,23.0,23.0,23.8,18.55,18.55,17.0,18.55,18.3,18.55,18.55,18.3,20.06,20.06,18.6,20.46,19.3,20.06,20.06,19.6,20.43,20.43,20.0583,19.0,HOME
1713.42,2026-05-15,2025-12-31,2026-03-31,NGNB00000005,78.0,2026-07-24,1769.18,Nigerian Breweries Plc,2026-07-30,2026-06-30,2026-12-31,2026-06-30,73.3,75.0,72.25,74.65,43.65,75.0,46.4,77.0,72.5,72.5,91.36,90.664,91.36,50.6138,77.9329,76.08,117.34,117.34,72.45,101.51,101.51,117.34,117.34,101.51,70.0,70.0,23.27,23.27,23.27,70.0,70.0,23.27,88.5,91.67,52.94,81.48,80.17,88.5,88.5,80.17,90.664,90.664,76.08,75.3,NB
4565.2,2026-05-15,2025-12-31,2026-03-31,KR7006360002,30250.0,2026-07-24,1757.76,GS Engineering & Construction Corporation,2026-07-30,2026-06-30,2026-12-31,2026-06-30,23300.0,26050.0,20050.0,40750.0,13960.0,26050.0,44000.0,18670.0,25100.0,25100.0,41075.0,41731.25,41606.25,24605.2632,34277.7778,25050.0,53000.0,50000.0,30000.0,56000.0,30000.0,53000.0,53000.0,30000.0,16200.0,16200.0,15500.0,15500.0,15500.0,16200.0,16200.0,15500.0,44500.0,44500.0,25000.0,25500.0,25000.0,44500.0,44500.0,25000.0,41731.25,41731.25,25131.5789,19700.0,A006360
1559.63,2026-05-12,2025-09-30,2026-03-28,US83570H1086,14.69,2026-07-24,1750.0,Sonos Inc.,2026-07-29,2026-06-28,2026-09-30,2026-06-28,14.07,15.11,11.28,14.75,16.57,15.11,33.39,14.91,13.53,13.53,19.125,19.125,19.125,11.625,19.125,18.35,21.0,21.0,15.0,21.0,21.0,21.0,21.0,21.0,16.5,16.5,7.0,16.5,14.4,16.5,16.5,14.4,19.5,19.5,12.25,19.5,19.0,19.5,19.5,18.0,19.125,19.125,17.85,17.56,SONO
1666.73,2026-05-15,2025-12-31,2026-03-31,SA000A0EAXM3,205.2,2026-07-26,1746.92,Saudia Dairy & Foodstuff Company,2026-07-30,2026-06-30,2026-12-31,2026-06-30,219.4,217.5,274.2,213.2,339.6,217.5,,232.7,219.6,219.6,249.0667,248.5,248.5,378.75,273.28,304.4143,317.0,317.0,394.0,317.0,330.0,317.0,317.0,361.0,204.0,204.0,361.0,215.0,272.4,204.0,204.0,272.4,240.0,240.0,380.0,272.4,310.0,240.0,240.0,309.75,248.5,248.5,310.4833,247.0,2270
3357.33,2026-05-15,2025-12-31,2026-03-31,ID1000116908,1375.0,2026-07-24,1729.95,PT Tower Bersama Infrastructure Tbk,2026-07-30,2026-06-30,2026-12-31,2026-06-30,1390.0,1415.0,1955.0,1875.0,2020.0,1415.0,3180.0,2100.0,1415.0,1415.0,1907.5,1952.7778,1907.5,1888.5,1984.375,1986.6667,3550.0,3550.0,2580.0,3550.0,3550.0,3550.0,3550.0,3550.0,1250.0,1250.0,1250.0,1250.0,1250.0,1250.0,1250.0,1250.0,1800.0,1800.0,1900.0,1850.0,1900.0,1800.0,1800.0,1900.0,1952.7778,1952.7778,1978.0,2680.0,TBIG
2641.97,2026-05-15,2025-12-31,2026-03-31,CA9237251058,15.89,2026-07-24,1723.54,Vermilion Energy Inc.,2026-07-29,2026-06-30,2026-12-31,2026-06-30,13.4,13.76,11.56,16.86,18.0,13.76,8.78,12.72,13.27,13.27,20.0,21.7,20.3636,13.5,22.2,14.0909,27.0,27.0,17.0,30.0,16.0,27.0,27.0,16.0,18.0,15.0,10.5,18.0,12.5,16.0,16.0,13.0,22.5,22.0,13.0,22.0,14.0,22.5,22.5,14.0,21.5,21.5,14.1818,11.42,VET
1603.4,2026-05-15,2025-12-31,2026-03-31,US1241551027,6.58,2026-07-24,1721.6,Butterfly Network Inc.,2026-07-30,2026-06-30,2026-12-31,2026-06-30,7.77,6.62,2.08,5.33,2.37,6.62,10.62,4.51,8.42,8.42,7.0625,7.0625,7.0625,3.875,5.5625,5.0625,11.0,11.0,5.0,6.0,5.5,11.0,11.0,5.0,5.25,5.25,3.0,5.25,4.5,5.25,5.25,3.25,6.0,6.0,3.75,5.5,5.125,6.0,6.0,4.25,7.0625,7.0625,4.1875,3.8,BFLY
2270.87,2026-05-15,2025-12-31,2026-03-31,DK0064867972,112.4,2026-07-24,1718.03,BioMar Group A/S,2026-07-31,2026-06-30,2026-12-31,2026-06-30,108.0,116.5,,,,116.5,,,105.0,105.0,133.8,130.0,133.8,,,,130.0,150.0,,,,130.0,130.0,,130.0,121.0,,,,130.0,130.0,,130.0,130.0,,,,130.0,130.0,,130.0,130.0,,,BIOMAR
1710.88,2026-05-15,2025-12-31,2026-03-31,US1265011056,59.99,2026-07-24,1715.29,CTS Corporation,2026-07-28,2026-06-30,2026-12-31,2026-06-30,67.01,59.4,42.0,56.77,42.2,59.4,34.04,49.73,65.19,65.19,58.0,58.0,58.0,43.0,54.0,47.0,58.0,58.0,43.0,54.0,47.0,58.0,58.0,47.0,58.0,58.0,43.0,54.0,47.0,58.0,58.0,47.0,58.0,58.0,43.0,54.0,47.0,58.0,58.0,47.0,58.0,58.0,47.0,42.87,CTS
2569.69,2026-05-15,2025-12-31,2026-03-31,US4474621020,112.3,2026-07-24,1706.83,Huron Consulting Group Inc.,2026-07-28,2026-06-30,2026-12-31,2026-06-30,96.53,114.8,132.48,126.51,82.83,114.8,46.36,171.34,90.16,90.16,184.25,184.25,184.25,170.75,205.5,215.5,215.0,215.0,180.0,240.0,240.0,215.0,215.0,240.0,155.0,155.0,165.0,160.0,200.0,155.0,155.0,165.0,183.5,183.5,169.0,211.0,211.0,183.5,183.5,202.5,184.25,184.25,202.5,172.91,HURN
1598.3,2026-03-31,2025-12-31,2025-12-31,FR0000053225,11.94,2026-07-24,1706.21,Métropole Télévision S.A.,2026-07-28,2026-03-31,2026-12-31,2026-12-31,12.02,11.9,12.9,12.5,12.69,11.9,17.18,11.76,12.04,12.04,12.6714,12.7857,12.6714,14.6167,12.3571,12.9357,18.0,18.0,17.0,15.0,15.5,18.0,18.0,17.0,10.5,10.5,12.0,10.5,10.5,10.5,10.5,11.75,12.5,11.7,14.85,12.5,13.0,12.5,12.5,13.75,12.7857,12.7857,14.025,12.18,MMT
1104.18,2026-05-15,2025-12-31,2026-03-31,KR7012750006,73700.0,2026-07-24,1705.68,S-1 Corporation,2026-07-24,2026-06-30,2026-12-31,2026-06-30,68500.0,71000.0,70900.0,86500.0,51000.0,71000.0,81800.0,74600.0,71300.0,71300.0,93750.0,94312.5,93750.0,75350.0,95687.5,87625.0,110000.0,110000.0,80000.0,110000.0,99000.0,110000.0,110000.0,99000.0,80500.0,76000.0,67000.0,80500.0,80000.0,80500.0,80500.0,79000.0,93500.0,93500.0,76400.0,95500.0,88000.0,93500.0,93500.0,88000.0,94312.5,94312.5,87437.5,72100.0,A012750
1638.49,2026-05-15,2025-12-31,2026-03-31,US86272C1036,75.64,2026-07-24,1691.91,Strategic Education Inc.,2026-07-29,2026-06-30,2026-12-31,2026-06-30,76.91,76.53,77.63,73.53,69.35,76.53,70.81,85.62,76.62,76.62,88.6667,87.0,88.6667,102.6667,95.0,101.6667,95.0,95.0,105.0,105.0,105.0,95.0,95.0,105.0,80.0,80.0,98.0,85.0,95.0,80.0,80.0,95.0,86.0,91.0,105.0,95.0,105.0,86.0,86.0,105.0,87.0,87.0,101.6667,80.2,STRA
3068.03,2026-05-15,2025-12-31,2026-03-31,MX01ES050019,55.39,2026-07-24,1691.56,Esentia Energy Development S. de R. L. de C. V.,2026-07-28,2026-06-30,2026-12-31,2026-06-30,52.37,54.96,,55.98,,54.96,,50.5,53.66,53.66,75.86,75.86,75.86,,74.6,75.18,98.0,98.0,,98.0,98.0,98.0,98.0,98.0,55.0,55.0,,53.0,52.0,55.0,55.0,66.0,77.3,77.3,,75.0,73.9,77.3,77.3,79.95,75.86,75.86,80.975,49.22,ESENTIAII
889.15,2026-05-15,2025-12-31,2026-03-31,KR7375500006,63200.0,2026-07-24,1687.46,DL E&C Co.Ltd.,2026-07-30,2026-06-30,2026-12-31,2026-06-30,59800.0,57900.0,47600.0,98300.0,30550.0,57900.0,73250.0,44150.0,64100.0,64100.0,102000.0,110428.5714,103642.8571,59875.0,86071.4286,55823.5294,144000.0,126000.0,74000.0,140000.0,67000.0,144000.0,144000.0,67000.0,49000.0,49000.0,47000.0,49000.0,45000.0,49000.0,49000.0,45000.0,120000.0,110000.0,62000.0,71000.0,55000.0,120000.0,120000.0,59000.0,110428.5714,110428.5714,57700.0,41150.0,A375500
1593.19,2026-06-29,2026-03-31,2026-03-31,INE398R01022,406.65,2026-07-24,1679.37,Syngene International Limited,2026-07-29,2026-06-30,2027-03-31,2027-03-31,442.95,417.45,669.75,421.2,773.25,417.45,628.15,543.8,439.5,439.5,559.375,562.5,559.375,722.2222,603.75,660.625,735.0,735.0,840.0,835.0,835.0,735.0,735.0,835.0,410.0,410.0,570.0,480.0,480.0,410.0,410.0,550.0,542.5,532.5,730.0,575.0,650.0,542.5,542.5,725.0,562.5,562.5,715.0,651.0,SYNGENE
1582.05,2026-05-15,2025-12-31,2026-03-31,KR7237690003,116700.0,2026-07-24,1667.68,ST Pharm Co.Ltd.,2026-07-24,2026-06-30,2026-12-31,2026-06-30,117400.0,113900.0,89600.0,167500.0,74900.0,113900.0,105100.0,146500.0,132200.0,132200.0,197000.0,197000.0,197000.0,120777.7778,166666.6667,143000.0,210000.0,210000.0,140000.0,200000.0,170000.0,210000.0,210000.0,160000.0,170000.0,170000.0,110000.0,130000.0,120000.0,170000.0,170000.0,120000.0,200000.0,200000.0,120000.0,180000.0,135000.0,200000.0,200000.0,130000.0,197000.0,197000.0,137000.0,119200.0,A237690
1628.74,2026-08-14,2026-03-31,2026-06-30,INE251B01027,1769.5,2026-07-24,1657.39,Zen Technologies Limited,2026-07-25,2026-09-30,2027-03-31,2026-09-30,1840.15,1769.2,1866.4,1676.7,613.4,1769.2,97.0,1286.0,1774.55,1774.55,1760.0,1726.6667,1760.0,2110.0,1654.0,1654.0,1900.0,1900.0,2310.0,2150.0,2150.0,1900.0,1900.0,2150.0,1400.0,1600.0,1850.0,1400.0,1400.0,1400.0,1400.0,1400.0,1775.0,1775.0,2170.0,1520.0,1520.0,1775.0,1775.0,1520.0,1726.6667,1726.6667,1642.8,1368.35,533339
22127.5,2026-05-15,2025-12-31,2026-03-31,CA0717341071,4.43,2026-07-24,1654.5,Bausch Health Companies Inc.,2026-07-29,2026-06-30,2026-12-31,2026-06-30,4.99,4.83,6.78,5.63,9.57,4.83,28.6,5.91,4.93,4.93,7.3,7.4,7.4,7.0833,7.7143,7.4286,9.0,9.0,10.0,10.0,10.0,9.0,9.0,10.0,6.0,6.0,5.0,6.0,5.0,6.0,6.0,5.0,7.0,7.0,7.0,8.0,8.0,7.0,7.0,7.0,7.4,7.4,7.2857,6.95,BHC
1590.56,2026-06-29,2026-03-31,2026-03-31,INE04I401011,583.2,2026-07-24,1646.96,KPIT Technologies Limited,2026-07-29,2026-06-30,2027-03-31,2027-03-31,736.05,554.05,1253.0,709.6,1056.8,554.05,285.0,1114.5,671.55,671.55,732.4286,834.9524,732.4286,1379.9,903.7,1319.05,1030.0,1030.0,1590.0,1265.0,1510.0,1030.0,1030.0,1510.0,670.0,485.0,1000.0,700.0,1050.0,670.0,670.0,1050.0,830.0,715.0,1385.0,855.0,1375.0,830.0,830.0,1380.0,834.9524,834.9524,1317.4762,1172.5,KPITTECH
1802.75,2026-06-29,2026-03-31,2026-03-31,INE0AQ201015,474.7,2026-07-24,1644.54,Leela Palaces Hotels & Resorts Limited,2026-07-30,2026-06-30,2027-03-31,2027-03-31,488.5,485.65,447.3,429.05,,485.65,,408.05,475.45,475.45,560.8667,555.5714,560.8667,530.6667,550.4615,573.75,605.0,610.0,562.0,600.0,605.0,605.0,605.0,605.0,480.0,480.0,510.0,510.0,510.0,480.0,480.0,485.0,567.5,570.0,520.0,565.0,582.0,567.5,567.5,561.0,555.5714,555.5714,556.125,433.55,THELEELA
1522.31,2026-05-15,2025-12-31,2026-03-31,TW0001477008,215.0,2026-07-24,1638.83,Makalot Industrial Co. Ltd.,2026-07-31,2026-06-30,2026-12-31,2026-06-30,216.0,216.0,265.0,215.0,286.2745,216.0,235.2941,320.0,219.0,219.0,289.0,286.8571,289.0,248.4615,313.5,347.0667,380.0,380.0,315.0,390.0,390.0,380.0,380.0,390.0,206.0,206.0,185.0,227.0,206.0,206.0,206.0,185.0,283.0,283.0,230.0,327.5,360.0,283.0,283.0,330.0,286.8571,286.8571,313.4667,288.5,1477
1752.86,2026-06-29,2026-03-31,2026-03-31,INE421D01022,1182.55,2026-07-24,1638.04,CCL Products (India) Limited,2026-07-27,2026-06-30,2027-03-31,2027-03-31,1167.35,1188.95,842.75,1098.05,621.75,1188.95,421.7,926.55,1180.95,1180.95,1279.8182,1279.8182,1279.8182,810.7,1145.4167,1070.5,1502.0,1502.0,1016.0,1350.0,1230.0,1502.0,1502.0,1230.0,1139.0,1139.0,681.0,788.0,916.0,1139.0,1139.0,916.0,1225.0,1225.0,777.0,1177.5,1073.0,1225.0,1225.0,1073.0,1279.8182,1279.8182,1070.5,943.5,519600
1921.02,2026-05-15,2025-12-31,2026-03-31,NGNESTLE0006,2812.5,2026-07-24,1632.04,Nestlé Nigeria Plc,2026-07-28,2026-06-30,2026-12-31,2026-06-30,3125.0,3125.0,1890.0,3249.9,1175.0,3125.0,1540.0,2153.8,3125.0,3125.0,3553.92,3553.92,3553.92,1458.652,2798.716,2433.155,3816.45,3816.45,2649.29,3816.45,2867.59,3816.45,3816.45,2867.59,3403.18,3403.18,981.33,1946.31,1946.31,3403.18,3403.18,1313.33,3442.13,3442.13,1313.33,2801.63,2474.05,3442.13,3442.13,2474.05,3553.92,3553.92,2287.4367,1958.0,NESTLE
1130.33,2026-05-15,2025-12-31,2026-03-31,VN000000PLX1,33800.0,2026-07-24,1631.13,Vietnam National Petroleum Group,2026-07-31,2026-06-30,2026-12-31,2026-06-30,37800.0,35200.0,38100.0,39700.0,40300.0,35200.0,50200.0,54600.0,36950.0,36950.0,48900.0,48900.0,48900.0,45780.0,50800.0,44620.0,61000.0,61000.0,47300.0,61000.0,47300.0,61000.0,61000.0,47300.0,41100.0,41100.0,42800.0,41100.0,41100.0,41100.0,41100.0,41100.0,46750.0,46750.0,46500.0,50300.0,45000.0,46750.0,46750.0,45000.0,48900.0,48900.0,44620.0,35300.0,PLX
4406.91,2026-06-29,2026-03-31,2026-03-31,US23355L1061,10.05,2026-07-24,1628.91,DXC Technology Company,2026-07-30,2026-06-30,2027-03-31,2027-03-31,8.39,9.47,14.59,11.88,27.73,9.47,39.34,15.0,8.85,8.85,11.2857,11.4286,11.2857,16.7644,14.8571,14.625,16.0,16.0,18.88,17.0,16.0,16.0,16.0,16.0,9.0,9.0,15.0,14.0,14.0,9.0,9.0,13.0,11.0,10.0,17.0,14.0,14.5,11.0,11.0,14.5,11.4286,11.4286,14.5,14.65,DXC
2404.42,2026-05-15,2025-12-31,2026-03-31,FI0009007694,8.79,2026-07-24,1623.75,Sanoma Oyj,2026-07-29,2026-06-30,2026-12-31,2026-06-30,8.73,8.83,9.66,9.22,6.72,8.83,15.26,9.85,8.46,8.46,12.14,12.14,12.14,10.9333,12.02,12.24,14.0,14.0,11.5,14.0,14.0,14.0,14.0,14.0,11.4,11.4,10.5,11.1,11.3,11.4,11.4,11.3,11.7,11.7,10.8,11.5,12.1,11.7,11.7,12.1,12.14,12.14,12.375,9.5,SANOMA
1921.96,2026-05-15,2025-12-31,2026-03-31,CA8485101031,22.77,2026-07-24,1621.23,Spin Master Corp.,2026-07-30,2026-06-30,2026-12-31,2026-06-30,18.28,22.39,25.69,18.72,34.67,22.39,46.57,19.46,20.38,20.38,26.9661,26.867,26.8876,32.4998,26.1075,27.6713,39.7597,40.3508,45.3223,39.2197,35.9698,39.7597,39.7597,39.0054,21.3451,21.6624,25.7439,20.0194,21.696,21.3451,21.3451,22.0535,25.7125,25.7655,30.543,25.0831,25.7802,25.7125,25.7125,28.0347,26.867,26.867,29.3115,19.05,TOY
1741.39,2026-03-31,2025-12-31,2025-12-31,IT0005246191,49.8,2026-07-24,1620.8,Comer Industries S.p.A.,2026-07-31,2026-03-31,2026-12-31,2026-12-31,46.8,46.1,30.0,45.3,31.6,46.1,22.0,52.0,46.4,46.4,57.25,57.25,57.25,32.6,48.0,40.6667,60.0,60.0,33.0,49.0,41.5,60.0,60.0,41.5,52.0,52.0,32.0,47.0,40.0,52.0,52.0,40.0,58.5,58.5,32.8,48.0,40.5,58.5,58.5,40.5,57.25,57.25,40.6667,45.4,COM
1766.95,2026-05-15,2025-12-31,2026-03-31,TW0002006004,71.8,2026-07-24,1619.99,Tung Ho Steel Enterprise Corporation,2026-07-28,2026-06-30,2026-12-31,2026-06-30,69.8,70.0,66.6,67.6,56.8,70.0,69.7761,70.3,67.4,67.4,83.0,84.0,83.0,72.0,80.0,72.0,88.0,88.0,75.0,88.0,78.0,88.0,88.0,78.0,79.0,79.0,70.0,62.0,62.0,79.0,79.0,62.0,85.0,82.5,71.0,85.0,74.0,85.0,85.0,74.0,84.0,84.0,72.0,63.6,2006
1961.22,2026-05-15,2025-12-31,2026-03-31,ES0134950F36,4.565,2026-07-24,1615.59,Faes Farma S.A.,2026-07-30,2026-06-30,2026-12-31,2026-06-30,4.6,4.39,4.65,4.8,3.245,4.39,3.306,5.13,4.59,4.59,5.355,5.3925,5.3925,4.875,5.3,5.175,6.0,6.0,5.5,6.0,6.0,6.0,6.0,6.0,4.82,4.82,4.45,4.45,4.45,4.82,4.82,4.45,5.375,5.375,4.775,5.375,5.125,5.375,5.375,5.125,5.3925,5.3925,5.175,5.16,FAE
1751.04,2026-06-29,2026-03-31,2026-03-31,INE192B01031,161.9,2026-07-24,1610.9,Welspun Living Limited,2026-07-28,2026-06-30,2027-03-31,2027-03-31,169.55,164.6,140.85,130.25,100.71,164.6,127.15,120.75,158.85,158.85,176.8,167.8182,176.8,177.3,157.4,153.3636,200.0,228.0,200.0,175.0,189.0,200.0,200.0,189.0,145.0,145.0,153.0,125.0,125.0,145.0,145.0,125.0,166.0,168.0,178.0,158.5,156.0,166.0,166.0,156.0,167.8182,167.8182,153.3636,130.7,514162
1689.43,2026-05-15,2025-12-31,2026-03-31,CA69946Q1046,23.59,2026-07-24,1609.04,Parex Resources Inc.,2026-07-31,2026-06-30,2026-12-31,2026-06-30,22.61,22.6,15.29,26.88,27.6,22.6,19.8,19.48,21.39,21.39,31.4167,32.0833,31.25,16.0167,30.34,21.3333,41.0,41.0,16.1,39.0,24.0,41.0,41.0,24.0,28.0,26.0,16.0,24.7,20.0,26.0,26.0,20.0,31.0,29.5,16.0,29.0,21.0,31.0,31.0,21.0,31.75,31.75,21.25,18.45,PXT
4075.78,2026-05-15,2025-12-31,2026-03-31,SA000A0LE310,23.25,2026-07-26,1600.95,Advanced Petrochemical Company,2026-07-28,2026-06-30,2026-12-31,2026-06-30,25.52,23.01,31.9,25.14,46.6,23.01,,26.56,23.74,23.74,30.67,33.0,30.67,38.6625,34.8,38.9222,46.5,43.0,50.0,46.5,50.0,46.5,46.5,50.0,23.5,23.5,31.1,25.0,35.0,23.5,23.5,35.0,31.45,29.45,37.1,35.0,37.2,31.45,31.45,37.8,33.0,33.0,40.5556,29.14,2330
9863.37,2026-03-31,2025-12-31,2025-12-31,FR0010386334,3.944,2026-07-24,1598.68,Clariane SE,2026-07-29,2026-03-31,2026-12-31,2026-12-31,4.16,4.014,4.688,4.03,6.395,4.014,31.44,3.888,4.11,4.11,4.9,4.9,4.9,4.9083,4.4333,4.4857,5.2,5.2,6.8,5.1,5.2,5.2,5.2,5.2,4.7,4.7,4.0,3.1,3.1,4.7,4.7,4.0,4.8,4.8,4.55,4.75,4.9,4.8,4.8,4.9,4.9,4.9,4.7167,3.934,CLARI
2895.65,2026-05-15,2025-12-31,2026-03-31,US7837541041,30.79,2026-07-24,1597.65,Ryerson Holding Corporation,2026-07-29,2026-06-30,2026-12-31,2026-06-30,27.76,29.6,22.43,26.38,42.91,29.6,14.21,29.31,24.61,24.61,29.0,29.0,29.0,24.0,27.0,29.0,29.0,29.0,24.0,27.0,29.0,29.0,29.0,26.0,29.0,29.0,24.0,27.0,29.0,29.0,29.0,26.0,29.0,29.0,24.0,27.0,29.0,29.0,29.0,26.0,29.0,29.0,26.0,25.16,RYZ
2241.93,2026-05-15,2025-12-31,2026-03-31,LU1704650164,35.1,2026-07-24,1596.36,Befesa S.A.,2026-07-29,2026-06-30,2026-12-31,2026-06-30,31.1,34.65,26.3,34.0,33.4,34.65,65.7,31.9,29.85,29.85,41.0,40.8889,40.8,35.4,39.4444,37.2,45.0,45.0,42.0,46.0,44.0,45.0,45.0,44.0,34.0,35.0,28.0,34.0,29.0,34.0,34.0,29.0,42.0,41.0,35.5,38.0,37.5,42.0,42.0,37.5,40.8889,40.8889,37.24,29.5,BFSA
1393.7,2026-03-31,2025-12-31,2025-12-31,FR001400PFU4,20.15,2026-07-24,1596.17,Planisware SAS,2026-07-30,2026-03-31,2026-12-31,2026-12-31,17.88,20.7,22.25,18.42,,20.7,,21.4,18.18,18.18,22.9444,22.6667,22.6667,27.8714,22.6667,25.6667,28.0,28.0,33.0,28.0,29.0,28.0,28.0,29.0,14.0,14.0,21.0,14.0,19.0,14.0,14.0,19.0,23.0,23.0,29.0,23.0,26.0,23.0,23.0,25.0,22.6667,22.6667,25.2857,23.6,PLNW
1630.44,2026-06-29,2026-03-31,2026-03-31,INE947N01017,229.23,2026-07-24,1594.82,Aequs Limited,2026-07-29,2026-06-30,2027-03-31,2027-03-31,230.43,228.38,,186.23,,228.38,,134.53,234.65,234.65,292.25,202.5,292.25,,152.5,160.0,210.0,444.0,,160.0,160.0,210.0,210.0,,195.0,195.0,,145.0,160.0,195.0,195.0,,202.5,265.0,,152.5,160.0,202.5,202.5,,202.5,202.5,,137.49,AEQUS
1593.09,2026-08-14,2025-12-31,2026-06-30,ID1000106701,1445.0,2026-07-24,1593.29,PT AKR Corporindo Tbk,2026-07-24,2026-09-30,2026-12-31,2026-09-30,1275.0,1355.0,1240.0,1480.0,1365.0,1355.0,700.0,1305.0,1210.0,1210.0,1663.2143,1621.0714,1621.0714,1532.5,1590.7143,1577.3077,1850.0,1850.0,1850.0,1850.0,1850.0,1850.0,1850.0,1850.0,1330.0,1330.0,1350.0,1330.0,1380.0,1330.0,1330.0,1380.0,1600.0,1600.0,1500.0,1600.0,1530.0,1600.0,1600.0,1530.0,1621.0714,1621.0714,1577.3077,1260.0,AKRA
1364.26,2026-05-15,2025-12-31,2026-03-31,TW0003035002,197.5,2026-07-24,1590.0,Faraday Technology Corporation,2026-07-28,2026-06-30,2026-12-31,2026-06-30,206.5,182.5,179.5,186.5,331.0,182.5,116.5,178.5,211.0,211.0,179.4375,169.5,179.4375,239.7499,164.625,171.625,200.0,200.0,400.0,202.0,222.0,200.0,200.0,222.0,90.0,120.0,174.999,90.0,106.0,90.0,90.0,106.0,180.0,182.5,226.5,180.0,180.0,180.0,180.0,190.0,169.5,169.5,171.8571,170.5,3035
1870.41,2026-05-15,2025-12-31,2026-03-31,US87918A1051,8.77,2026-07-24,1583.1,Teladoc Health Inc.,2026-07-29,2026-06-30,2026-12-31,2026-06-30,7.81,9.43,8.2,5.75,23.37,9.43,151.59,6.33,8.48,8.48,7.9737,7.4,7.6579,9.1184,7.0929,8.9545,10.0,10.5,12.0,11.0,12.0,10.0,10.0,12.0,5.0,5.0,7.0,5.0,6.5,5.0,5.0,7.0,7.0,7.0,8.0,6.0,8.5,7.0,7.0,8.75,7.4,7.4,9.1773,7.0,TDOC
1301.95,2026-05-15,2025-12-31,2026-03-31,US45781M1018,21.44,2026-07-24,1582.46,Innoviva Inc.,2026-07-30,2026-06-30,2026-12-31,2026-06-30,23.64,21.71,18.92,23.57,13.22,21.71,13.36,19.56,22.71,22.71,35.5,35.5,35.5,40.3333,33.2,32.5,46.0,46.0,55.0,46.0,46.0,46.0,46.0,46.0,18.0,18.0,26.0,18.0,18.0,18.0,18.0,18.0,39.0,39.0,40.0,35.0,33.0,39.0,39.0,33.0,35.5,35.5,32.5,19.99,INVA
1494.62,2026-06-29,2026-03-31,2026-03-31,INE673O01025,1429.0,2026-07-24,1575.82,TBO Tek Limited,2026-07-29,2026-06-30,2027-03-31,2027-03-31,1439.4,1459.0,1432.7,1243.4,,1459.0,,1443.0,1429.7,1429.7,1736.0909,1711.0909,1729.2727,1514.25,1719.2,1944.1111,2000.0,2000.0,1720.0,2000.0,2000.0,2000.0,2000.0,2000.0,1400.0,1400.0,1380.0,1360.0,1710.0,1400.0,1400.0,1710.0,1725.0,1730.0,1500.0,1728.5,1967.0,1725.0,1725.0,1960.0,1711.0909,1711.0909,1908.0,1662.7,TBOTEK
1798.32,2026-03-31,2025-12-31,2025-12-31,GB00B3FLWH99,6.975,2026-07-24,1575.45,Bodycote plc,2026-07-28,2026-03-31,2026-12-31,2026-12-31,7.025,6.97,5.865,6.95,6.745,6.97,8.695,7.635,6.64,6.64,8.69,8.6383,8.69,7.1625,7.9644,8.0625,10.0,10.0,8.45,9.05,9.15,10.0,10.0,9.15,7.5,7.5,5.6,6.33,6.7,7.5,7.5,6.7,8.6,9.0,7.375,8.2,7.95,8.6,8.6,7.875,8.6383,8.6383,7.9375,6.98,BOY
1428.48,2026-05-15,2025-12-31,2026-03-31,ES0169501022,79.3,2026-07-24,1565.28,Pharma Mar S.A.,2026-07-28,2026-06-30,2026-12-31,2026-06-30,72.1,75.6,83.95,94.65,33.46,75.6,78.24,82.3,75.45,75.45,104.3889,104.8889,104.8889,104.6,105.3333,101.125,125.0,125.0,118.0,121.0,120.0,125.0,125.0,120.0,90.0,90.0,75.0,75.0,75.0,90.0,90.0,75.0,100.0,100.0,110.0,118.0,103.5,100.0,100.0,105.0,104.8889,104.8889,101.0,74.9,PHM
2053.88,2026-05-15,2025-12-31,2026-03-31,VN000000POW7,13350.0,2026-07-24,1555.54,PetroVietnam Power Corporation - JSC,2026-07-27,2026-06-30,2026-12-31,2026-06-30,14100.0,13900.0,11764.7059,12800.0,11176.4706,13900.0,8823.5294,13900.0,14700.0,14700.0,15823.3333,15823.3333,15823.3333,12446.4962,15656.9028,13421.7437,18000.0,18000.0,15882.3529,16700.0,15882.3529,18000.0,18000.0,15882.3529,13710.0,13710.0,10252.1008,15000.0,10252.1008,13710.0,13710.0,10252.1008,15500.0,15500.0,12563.0252,15700.0,13578.5714,15500.0,15500.0,13578.5714,15823.3333,15823.3333,13421.7437,12700.0,POW
1189.77,2026-05-15,2025-12-31,2026-03-31,THB056010002,17.3,2026-07-24,1540.2,i-Tail Corporation Public Company Limited,2026-07-30,2026-06-30,2026-12-31,2026-06-30,16.6,16.2,13.1,15.1,16.4,16.2,,16.3,16.1,16.1,19.6786,19.7308,19.6538,15.9833,19.1231,19.7192,23.0,22.0,25.25,22.0,25.25,23.0,23.0,25.25,17.0,17.0,12.9,16.3,15.5,17.0,17.0,15.5,19.6,19.6,14.0,19.4,19.6,19.6,19.6,19.7,19.7308,19.7308,19.8875,15.1,ITC
3314.98,2026-05-15,2025-12-31,2026-03-31,US4579852082,19.79,2026-07-24,1539.6,Integra LifeSciences Holdings Corporation,2026-07-29,2026-06-30,2026-12-31,2026-06-30,17.78,19.25,12.71,10.57,45.69,19.25,68.5,11.9,17.96,17.96,18.625,17.4286,18.0,15.875,15.4286,15.5,27.0,27.0,30.0,25.0,25.0,27.0,27.0,25.0,11.0,11.0,10.0,9.0,10.0,11.0,11.0,10.0,15.0,17.0,13.0,12.0,13.0,15.0,15.0,13.0,17.4286,17.4286,15.5,12.42,IART
752.75,2026-05-15,2025-12-31,2026-03-31,US22266M1045,5.37,2026-07-24,1537.75,Coursera Inc.,2026-07-29,2026-06-30,2026-12-31,2026-06-30,6.09,5.56,9.08,5.28,13.15,5.56,39.09,6.5,5.64,5.64,8.0,8.0,8.0,9.8461,9.55,11.4545,10.0,10.0,12.0,14.0,15.0,10.0,10.0,15.0,5.5,5.5,7.0,6.0,9.0,5.5,5.5,9.0,7.75,7.75,10.0,10.0,11.0,7.75,7.75,12.0,8.0,8.0,11.6364,7.36,COUR
1215.03,2026-06-29,2026-03-31,2026-03-31,JP3919200000,3263.0,2026-07-24,1537.51,MEITEC Group Holdings Inc.,2026-07-30,2026-06-30,2027-03-31,2027-03-31,3069.0,3259.0,3269.0,3118.0,2523.5,3259.0,2160.0,3612.0,3107.0,3107.0,3275.0,3275.0,3275.0,3340.0,3390.0,3408.3333,3400.0,3400.0,3600.0,3500.0,3600.0,3400.0,3400.0,3600.0,3100.0,3100.0,3140.0,3200.0,3200.0,3100.0,3100.0,3200.0,3300.0,3300.0,3250.0,3400.0,3400.0,3300.0,3300.0,3400.0,3275.0,3275.0,3408.3333,3546.0,9744
1584.53,2026-06-29,2026-03-31,2026-03-31,INE961O01016,1457.8,2026-07-24,1535.97,Rainbow Children's Medicare Limited,2026-07-30,2026-06-30,2027-03-31,2027-03-31,1434.1,1493.4,1623.9,1242.3,1111.95,1493.4,,1185.6,1414.2,1414.2,1620.2857,1599.6154,1620.2857,1606.5,1531.6,1605.4545,1720.0,1744.0,1725.0,1812.0,1780.0,1720.0,1720.0,1780.0,1459.0,1459.0,1475.0,1345.0,1460.0,1459.0,1459.0,1460.0,1598.0,1637.0,1605.0,1512.5,1600.0,1598.0,1598.0,1600.0,1599.6154,1599.6154,1604.5455,1320.0,RAINBOW
1433.18,2026-05-15,2025-12-31,2026-03-31,ID1000094006,2390.0,2026-07-24,1532.51,PT Bukit Asam (Persero) Tbk,2026-07-30,2026-06-30,2026-12-31,2026-06-30,2420.0,2410.0,2470.0,2900.0,2880.0,2410.0,2220.0,2560.0,2290.0,2290.0,2985.0,2992.1429,2985.0,2461.5385,2766.3636,2229.2308,3600.0,3600.0,3500.0,3600.0,3100.0,3600.0,3600.0,3100.0,1700.0,1700.0,1750.0,1600.0,1600.0,1700.0,1700.0,1600.0,3115.0,3115.0,2310.0,3100.0,2310.0,3115.0,3115.0,2055.0,2992.1429,2992.1429,2217.5,2310.0,PTBA
2095.69,2026-06-29,2026-03-31,2026-03-31,AU000000CIA2,3.9,2026-07-24,1524.63,Champion Iron Limited,2026-07-30,2026-06-30,2027-03-31,2027-03-31,3.86,3.91,5.0,4.97,6.0,3.91,7.12,6.3,3.92,3.92,5.606,5.8654,5.723,5.8715,6.0945,6.249,7.1101,6.7838,7.4489,7.171,7.5073,7.1101,7.1101,7.3842,4.8352,4.877,4.5933,5.3998,5.5586,4.8352,4.8352,5.0633,5.9157,5.6076,5.6094,6.0172,5.7223,5.9157,5.9157,5.6804,5.8654,5.8654,5.9637,6.07,CIA
1501.76,2026-05-15,2025-12-31,2026-03-31,US7404441047,311.22,2026-07-24,1521.25,Preformed Line Products Company,2026-07-31,2026-06-30,2026-12-31,2026-06-30,384.31,327.43,141.79,351.17,175.8,327.43,73.4,237.08,410.56,410.56,372.0,372.0,372.0,,275.0,221.0,372.0,372.0,,275.0,221.0,372.0,372.0,221.0,372.0,372.0,,275.0,221.0,372.0,372.0,221.0,372.0,372.0,,275.0,221.0,372.0,372.0,221.0,372.0,372.0,221.0,206.71,PLPC
1106.83,2026-05-15,2025-12-31,2026-03-31,US20451W1018,11.26,2026-07-24,1519.53,COMPASS Pathways plc,2026-07-30,2026-06-30,2026-12-31,2026-06-30,12.58,12.35,4.37,9.58,8.73,12.35,36.83,7.17,14.15,14.15,24.4667,22.2,24.4667,15.7778,22.0833,17.2727,70.0,70.0,45.0,70.0,40.0,70.0,70.0,40.0,8.0,17.0,6.0,8.0,8.0,8.0,8.0,8.0,18.0,21.0,12.0,19.0,15.0,20.0,20.0,15.0,22.3333,22.3333,16.8182,6.9,CMPS
1780.86,2026-05-15,2025-12-31,2026-03-31,NL0012044747,66.05,2026-07-24,1510.37,Redcare Pharmacy NV,2026-07-29,2026-06-30,2026-12-31,2026-06-30,67.75,67.4,105.1,48.56,105.6,67.4,139.6,59.1,65.95,65.95,84.2,79.6667,79.6667,165.0,83.8333,131.5556,102.0,102.0,214.0,150.0,200.0,102.0,102.0,214.0,55.0,55.0,94.0,40.0,74.0,55.0,55.0,74.0,83.0,83.0,175.0,85.0,120.0,83.0,83.0,147.0,79.6667,79.6667,142.75,65.1,RDC
1874.82,2026-05-29,2026-02-28,2026-02-28,ZAE000227831,29.65,2026-07-24,1507.4,Dis-Chem Pharmacies Limited,2026-07-27,2026-05-28,2027-02-28,2027-02-28,33.06,32.2,31.25,36.5,23.32,32.2,32.29,35.86,32.91,32.91,37.1875,37.1875,37.1875,39.64,38.85,39.1143,43.1,43.1,46.2,46.8,46.8,43.1,43.1,46.8,27.0,27.0,29.0,29.0,29.0,27.0,27.0,29.0,37.7,37.7,41.0,39.5,40.0,37.7,37.7,39.0,37.1875,37.1875,38.5429,35.0,DCP
1749.02,2026-06-29,2026-03-31,2026-03-31,CH0371153492,43.35,2026-07-24,1506.11,Landis+Gyr Group AG,2026-07-28,2026-06-30,2027-03-31,2027-03-31,46.0,43.6,65.8,54.0,76.95,43.6,69.05,51.9,43.3,43.3,62.4778,62.4778,62.4778,68.4957,64.8017,65.4984,77.5265,77.5265,82.5913,75.2035,77.4057,77.5265,77.5265,79.5951,52.263,52.263,51.0579,53.4292,53.2188,52.263,52.263,54.7241,58.2371,58.2371,74.0295,65.428,63.4623,58.2371,58.2371,61.1434,62.4778,62.4778,66.3984,51.4,LAND
2237.62,2026-03-31,2025-12-31,2025-12-31,GB00B82YXW83,4.52,2026-07-24,1482.43,Vesuvius plc,2026-07-30,2026-03-31,2026-12-31,2026-12-31,4.558,4.484,3.664,4.384,4.322,4.484,5.23,4.79,4.48,4.48,4.944,4.969,4.944,4.43,4.9264,4.76,5.9,5.9,5.9,5.9,5.9,5.9,5.9,5.9,4.2,4.2,3.3,4.2,3.4,4.2,4.2,3.4,4.975,4.975,4.4,4.95,4.825,4.975,4.975,4.55,4.969,4.969,4.57,3.968,VSVS
2640.21,2026-05-15,2025-12-31,2026-03-31,US09227Q1004,32.71,2026-07-24,1480.49,Blackbaud Inc.,2026-07-29,2026-06-30,2026-12-31,2026-06-30,27.61,32.4,65.25,37.49,73.97,32.4,71.69,56.34,29.62,29.62,48.0,51.0,48.0,71.3333,59.8,76.4,65.0,65.0,85.0,74.0,85.0,65.0,65.0,85.0,45.0,30.0,60.0,50.0,70.0,45.0,45.0,65.0,50.0,50.0,71.5,60.0,77.0,50.0,50.0,73.5,51.0,51.0,74.5,63.32,BLKB
1541.03,2026-05-15,2025-12-31,2026-03-31,ID1000129208,2040.0,2026-07-24,1475.44,PT Siloam International Hospitals Tbk,2026-07-24,2026-06-30,2026-12-31,2026-06-30,2180.0,2180.0,2140.0,2480.0,1870.0,2180.0,1228.125,2600.0,2210.0,2210.0,3017.2222,3038.125,3017.2222,2931.1111,3058.125,2854.4444,3500.0,3500.0,3560.0,3500.0,3540.0,3500.0,3500.0,3540.0,2500.0,2500.0,2300.0,2500.0,2500.0,2500.0,2500.0,2500.0,3100.0,3100.0,2850.0,3100.0,2700.0,3100.0,3100.0,2700.0,3038.125,3038.125,2798.8889,2740.0,SILO
613.09,2026-05-15,2025-12-31,2026-03-31,US8962152091,40.03,2026-07-24,1468.51,TriMas Corporation,2026-07-30,2026-06-30,2026-12-31,2026-06-30,43.6,40.68,31.53,36.92,27.97,40.68,31.39,34.5,45.03,45.03,45.0,45.0,45.0,40.0,45.0,41.5,45.0,45.0,40.0,45.0,45.0,45.0,45.0,45.0,45.0,45.0,40.0,45.0,38.0,45.0,45.0,38.0,45.0,45.0,40.0,45.0,41.5,45.0,45.0,41.5,45.0,45.0,41.5,35.45,TRS
1584.19,2026-05-15,2025-12-31,2026-03-31,US42330P1075,9.91,2026-07-24,1459.7,Helix Energy Solutions Group Inc.,2026-07-31,2026-06-30,2026-12-31,2026-06-30,8.57,9.58,5.99,9.89,8.49,9.58,4.41,7.52,8.74,8.74,12.5,12.5,12.5,11.125,12.25,10.0,14.0,14.0,13.0,14.0,12.0,14.0,14.0,12.0,9.0,9.0,10.0,9.0,8.0,9.0,9.0,8.0,13.5,13.5,10.75,13.0,10.0,13.5,13.5,10.0,12.5,12.5,10.0,6.27,HLX
2159.59,2026-03-31,2025-12-31,2025-12-31,GB00BM8NFJ84,3.15,2026-07-24,1456.48,Breedon Group plc,2026-07-29,2026-03-31,2026-12-31,2026-12-31,3.034,3.104,3.606,3.074,3.55,3.104,5.4,3.374,2.956,2.956,3.8443,4.0057,3.8943,5.2792,4.33,4.515,4.75,4.75,5.9,5.2,5.25,4.75,4.75,5.25,2.89,2.56,4.1,3.05,3.4,2.89,2.89,3.4,4.15,4.05,5.31,4.25,4.415,4.05,4.05,4.415,3.9179,3.9179,4.515,3.292,BREE
1179.88,2026-06-29,2026-03-31,2026-03-31,JP3423520000,3805.0,2026-07-24,1455.36,Seria Co. Ltd.,2026-07-31,2026-06-30,2027-03-31,2027-03-31,3715.0,3730.0,2865.0,3470.0,2380.0,3730.0,3995.0,3860.0,3635.0,3635.0,4104.2857,4181.4286,4104.2857,3021.4286,4268.5714,3402.8571,4800.0,4800.0,3400.0,4700.0,3800.0,4800.0,4800.0,3800.0,3620.0,3680.0,2600.0,3750.0,3100.0,3620.0,3620.0,3100.0,4100.0,4000.0,3100.0,4500.0,3300.0,4100.0,4100.0,3300.0,4181.4286,4181.4286,3378.5714,3480.0,2782
1477.36,2026-05-15,2025-12-31,2026-03-31,US74347M1080,11.8,2026-07-24,1446.88,ProPetro Holding Corp.,2026-07-29,2026-06-30,2026-12-31,2026-06-30,13.98,13.0,6.1,17.0,10.17,13.0,7.81,10.94,14.34,14.34,18.7727,18.4546,18.7727,8.45,14.9091,13.2222,23.0,23.0,11.0,20.0,20.0,23.0,23.0,20.0,10.0,11.0,6.5,10.0,10.0,10.0,10.0,10.0,20.0,20.0,8.0,15.0,12.0,20.0,20.0,12.0,18.4546,18.4546,13.1111,9.51,PUMP
1818.27,2026-06-29,2026-03-31,2026-03-31,INE872J01023,112.3,2026-07-24,1436.33,Devyani International Limited,2026-07-29,2026-06-30,2027-03-31,2027-03-31,115.33,112.0,174.58,106.98,195.5,112.0,,114.59,111.37,111.37,148.6087,148.6957,148.6087,187.08,150.7826,168.6,177.0,177.0,226.0,192.0,211.0,177.0,177.0,211.0,110.0,110.0,139.0,125.0,140.0,110.0,110.0,139.0,150.0,150.0,190.0,150.0,165.0,150.0,150.0,175.0,148.6957,148.6957,173.92,147.95,DEVYANI
1575.68,2026-06-29,2026-03-31,2026-03-31,INE034A01011,527.25,2026-07-24,1433.78,Arvind Limited,2026-07-31,2026-06-30,2027-03-31,2027-03-31,555.85,535.35,340.3,382.55,134.95,535.35,104.75,297.7,586.3,586.3,599.375,586.25,599.375,451.6,444.1667,405.1667,700.0,711.0,470.0,494.0,451.0,700.0,700.0,451.0,400.0,400.0,438.0,400.0,334.0,400.0,400.0,334.0,573.0,607.5,446.0,441.5,412.0,573.0,573.0,412.0,586.25,586.25,405.1667,316.95,500101
2482.56,2026-05-15,2025-12-31,2026-03-31,KR7204320006,44600.0,2026-07-24,1433.57,HL Mando Corporation,2026-07-30,2026-06-30,2026-12-31,2026-06-30,45700.0,42050.0,35750.0,56700.0,47900.0,42050.0,61500.0,64600.0,49000.0,49000.0,75200.0,73076.9231,74615.3846,49291.6667,70833.3333,63250.0,109000.0,109000.0,60000.0,87000.0,82000.0,109000.0,109000.0,80000.0,50000.0,50000.0,38000.0,50000.0,34000.0,50000.0,50000.0,34000.0,72000.0,74000.0,50000.0,71500.0,64000.0,72000.0,72000.0,51500.0,73076.9231,73076.9231,53291.6667,58700.0,A204320
1549.55,2026-05-15,2025-12-31,2026-03-31,CA14150G4007,11.49,2026-07-24,1431.38,Cardinal Energy Ltd.,2026-07-30,2026-06-30,2026-12-31,2026-06-30,10.59,10.77,7.27,11.74,7.19,10.77,2.98,8.86,10.89,10.89,13.7083,13.7917,13.5417,7.1,13.0,8.625,15.75,15.75,7.5,15.0,9.0,15.75,15.75,9.5,13.0,12.0,7.0,12.0,7.75,12.0,12.0,8.0,13.5,13.25,7.0,13.0,9.0,13.5,13.5,8.625,13.625,13.625,8.625,8.69,CJ
1479.33,2026-06-29,2026-03-31,2026-03-31,JP3383270000,1047.0,2026-07-24,1430.42,Simplex Holdings Inc.,2026-07-27,2026-06-30,2027-03-31,2027-03-31,911.0,1074.0,961.25,876.0,638.25,1074.0,,952.0,937.0,937.0,1371.6667,1280.0,1330.0,993.75,1174.0,1221.0,1500.0,1500.0,1100.0,1300.0,1300.0,1500.0,1500.0,1300.0,1100.0,1180.0,875.0,1000.0,1100.0,1100.0,1100.0,1100.0,1200.0,1300.0,1000.0,1200.0,1240.0,1200.0,1200.0,1232.5,1280.0,1280.0,1216.25,1051.0,4373
2077.4,2026-03-31,2025-12-31,2025-12-31,NL0015000N33,3.622,2026-07-24,1424.3,Ariston Holding N.V.,2026-07-29,2026-03-31,2026-12-31,2026-12-31,3.346,3.646,4.624,3.94,8.72,3.646,,4.718,3.59,3.59,4.3222,4.3556,4.3222,4.975,4.675,5.0375,4.8,4.8,5.6,5.1,5.6,4.8,4.8,5.6,3.3,3.3,3.6,3.5,4.4,3.3,3.3,4.4,4.7,4.5,5.05,4.85,5.0,4.7,4.7,5.0,4.3556,4.3556,5.025,4.456,ARIS
5708.56,2026-05-15,2025-12-31,2026-03-31,US3024913036,11.3,2026-07-24,1415.06,FMC Corporation,2026-07-29,2026-06-30,2026-12-31,2026-06-30,11.32,11.21,42.29,14.88,95.41,11.21,106.35,16.28,11.5,11.5,15.7,16.875,15.8429,49.3916,17.2941,21.0882,26.0,26.0,95.0,26.0,60.0,26.0,26.0,60.0,13.0,12.0,36.0,13.0,13.0,13.0,13.0,13.0,15.75,14.5,49.0,15.5,17.0,15.75,15.75,17.0,16.875,16.875,21.3823,13.87,FMC
1324.12,2026-03-01,2025-06-30,2025-12-31,AU0000050130,1.05,2026-07-24,1412.84,Ora Banda Mining Limited,2026-07-24,2026-03-31,2026-06-30,2026-06-30,1.13,1.005,0.69,1.54,0.12,1.005,0.13,1.605,1.055,1.055,1.6,1.91,1.81,0.9333,1.832,1.5175,2.5,2.25,1.05,2.5,1.7,2.25,2.25,1.55,1.5,1.4,0.85,1.5,1.37,1.5,1.5,1.22,1.7,1.6,0.9,1.71,1.5,1.7,1.7,1.5,1.85,1.85,1.4425,1.53,OBM
2013.58,2026-05-15,2025-12-31,2026-03-31,AT0000758305,33.0,2026-07-24,1410.55,Palfinger AG,2026-07-28,2026-06-30,2026-12-31,2026-06-30,32.05,31.85,39.35,37.2,26.0,31.85,35.25,37.0,31.85,31.85,44.1,44.3,44.1,41.0,44.58,42.975,48.0,48.0,45.0,48.0,45.0,48.0,48.0,45.0,41.5,41.5,38.0,41.5,38.5,41.5,41.5,38.5,42.0,42.0,40.0,43.4,44.2,42.0,42.0,43.4,44.3,44.3,42.08,33.35,PAL
1949.17,2026-03-31,2025-12-31,2025-12-31,IT0005253205,29.45,2026-07-24,1408.78,Italmobiliare S.p.A.,2026-07-29,2026-03-31,2026-12-31,2026-12-31,28.1,29.55,29.1,28.95,24.9,29.55,30.7,28.85,27.95,27.95,35.875,35.875,35.875,39.25,35.875,37.575,40.0,40.0,39.5,40.0,40.0,40.0,40.0,40.0,28.0,28.0,39.0,28.0,34.0,28.0,28.0,37.3,37.75,37.75,39.25,37.75,38.15,37.75,37.75,39.0,35.875,35.875,38.7667,27.35,ITM
1845.17,2026-05-15,2025-12-31,2026-03-31,US09180C1062,66.86,2026-07-24,1405.19,BJ's Restaurants Inc.,2026-07-30,2026-06-30,2026-12-31,2026-06-30,54.62,67.49,39.15,38.17,33.76,67.49,44.31,43.08,60.735,60.735,55.125,44.2222,45.0,41.2,44.5556,44.0,50.0,50.0,50.0,50.0,54.0,50.0,50.0,50.0,38.0,38.0,36.0,38.0,38.0,38.0,38.0,30.0,44.0,45.5,40.0,46.0,42.0,44.0,44.0,39.0,44.2222,44.2222,38.875,39.4,BJRI
1710.51,2026-05-15,2025-12-31,2026-03-31,ID1000099807,1520.0,2026-07-24,1405.13,PT. Mitra Adiperkasa Tbk,2026-07-30,2026-06-30,2026-12-31,2026-06-30,1515.0,1520.0,1145.0,1285.0,1915.0,1520.0,645.0,1255.0,1525.0,1525.0,1683.5294,1687.6471,1674.7059,1681.9444,1658.125,1650.5882,1950.0,1950.0,2000.0,1950.0,1950.0,1950.0,1950.0,1950.0,1400.0,1270.0,1300.0,1400.0,1300.0,1400.0,1400.0,1300.0,1700.0,1700.0,1677.5,1650.0,1650.0,1700.0,1700.0,1620.0,1687.6471,1687.6471,1641.7647,1165.0,MAPI
3481.28,2026-05-15,2025-12-31,2026-03-31,MHY004081078,23.35,2026-07-24,1403.65,Capital Clean Energy Carriers Corp.,2026-07-29,2026-06-30,2026-12-31,2026-06-30,20.64,22.19,24.05,19.81,15.22,22.19,11.71,21.453,21.35,21.35,25.8333,25.1667,25.8333,23.4,25.8,25.8,30.0,30.0,27.0,30.0,30.0,30.0,30.0,30.0,20.0,23.0,20.0,20.0,22.0,20.0,20.0,22.0,25.5,25.5,24.0,27.0,26.0,25.5,25.5,26.0,25.1667,25.1667,25.8,20.87,CCEC
1326.83,2026-06-29,2026-03-31,2026-03-31,INE03Q201024,1101.2,2026-07-24,1402.12,Alivus Life Sciences Limited,2026-07-30,2026-06-30,2027-03-31,2027-03-31,1116.1,1133.3,1023.0,1050.05,636.25,1133.3,,883.5,1156.5,1156.5,1245.0,1228.75,1245.0,1293.75,1158.3333,1229.25,1250.0,1315.0,1358.0,1170.0,1382.0,1250.0,1250.0,1382.0,1190.0,1190.0,1150.0,1150.0,1155.0,1190.0,1190.0,1207.0,1237.5,1237.5,1333.5,1155.0,1190.0,1237.5,1237.5,1255.0,1228.75,1228.75,1274.75,916.6,ALIVUS
1378.71,2026-06-29,2026-03-31,2026-03-31,INE410B01037,1301.0,2026-07-24,1399.09,Vinati Organics Limited,2026-07-29,2026-06-30,2027-03-31,2027-03-31,1385.85,1320.1,1901.45,1281.35,1809.5,1320.1,1944.05,1524.05,1333.65,1333.65,1665.9286,1697.9231,1665.9286,2090.6667,1776.4545,1972.4167,2109.0,2000.0,2505.0,2421.0,2421.0,2109.0,2109.0,2365.0,1200.0,1200.0,1170.0,1260.0,1280.0,1200.0,1200.0,1310.0,1643.0,1631.5,2190.0,1812.0,2048.0,1643.0,1643.0,2048.0,1697.9231,1697.9231,1972.5833,1590.35,524200
6190.96,2026-05-15,2025-12-31,2026-03-31,US67098H1041,9.08,2026-07-24,1391.96,O-I Glass Inc.,2026-07-28,2026-06-30,2026-12-31,2026-06-30,9.57,9.1,14.66,10.7,22.94,9.1,14.37,15.62,9.63,9.63,12.4444,13.1111,12.4444,17.5,16.0,17.8889,15.0,15.0,21.0,20.0,21.0,15.0,15.0,19.0,10.0,10.0,13.0,12.0,13.0,10.0,10.0,13.0,14.0,12.0,18.0,15.0,18.0,14.0,14.0,17.0,13.1111,13.1111,16.6667,14.76,OI
1518.23,2026-05-15,2025-12-31,2026-03-31,IT0005054967,4.55,2026-07-24,1389.08,Rai Way S.p.A.,2026-07-30,2026-06-30,2026-12-31,2026-06-30,5.2,4.635,5.88,6.18,5.19,4.635,4.985,5.56,5.06,5.06,6.4833,7.0667,6.4833,7.12,7.1333,7.1667,7.7,7.7,7.6,7.7,7.7,7.7,7.7,7.7,6.6,5.2,6.6,6.6,6.6,6.6,6.6,6.6,6.9,6.8,7.3,7.05,7.15,6.9,6.9,7.3,7.0667,7.0667,7.2,5.59,RWAY
1187.33,2026-05-15,2025-12-31,2026-03-31,KR7064760002,184200.0,2026-07-24,1384.34,Tokai Carbon Korea Co. Ltd.,2026-07-29,2026-06-30,2026-12-31,2026-06-30,251500.0,208000.0,92000.0,304000.0,98000.0,208000.0,202500.0,200000.0,272500.0,272500.0,357375.0,355571.4286,357375.0,125200.0,301666.6667,180800.0,410000.0,410000.0,140000.0,400000.0,240000.0,410000.0,410000.0,240000.0,280000.0,280000.0,116000.0,200000.0,130000.0,280000.0,280000.0,130000.0,360000.0,365000.0,120000.0,305000.0,160000.0,360000.0,360000.0,160000.0,355571.4286,355571.4286,180800.0,142200.0,A064760
1230.12,2026-03-31,2025-12-31,2025-12-31,AU000000RSG6,0.925,2026-07-24,1380.09,Resolute Mining Limited,2026-07-30,2026-03-31,2026-12-31,2026-12-31,1.01,0.92,0.635,1.29,0.41,0.92,0.565,1.415,0.945,0.945,2.04,2.1,2.04,1.124,2.09,1.72,3.05,3.05,1.8,3.15,2.55,3.05,3.05,2.3,1.55,1.55,0.75,1.7,1.25,1.55,1.55,1.2,2.0,1.85,0.92,1.8,1.55,1.85,1.85,1.45,2.04,2.04,1.55,1.225,RSG
1815.75,2026-05-15,2025-12-31,2026-03-31,ID1000126907,2130.0,2026-07-24,1379.24,PT Japfa Comfeed Indonesia Tbk,2026-07-31,2026-06-30,2026-12-31,2026-06-30,1880.0,2070.0,1655.0,2630.0,1300.0,2070.0,1685.0,2900.0,1945.0,1945.0,3168.3333,3238.1818,3168.3333,2267.1429,3053.0,3052.7273,3700.0,3700.0,2500.0,3600.0,3700.0,3700.0,3700.0,3200.0,2800.0,2500.0,2000.0,2730.0,2400.0,2800.0,2800.0,2400.0,3250.0,3225.0,2300.0,3000.0,3110.0,3250.0,3250.0,2800.0,3238.1818,3238.1818,2789.0909,2620.0,JPFA
1388.77,2026-05-15,2025-12-31,2026-03-31,IT0005186371,6.095,2026-07-24,1377.35,Industrie De Nora S.p.A.,2026-07-30,2026-06-30,2026-12-31,2026-06-30,6.955,6.465,6.855,6.125,20.5,6.465,,7.76,6.655,6.655,9.4429,9.7667,9.8167,10.46,9.35,10.0833,15.1,15.1,15.1,15.1,15.1,15.1,15.1,15.1,6.8,6.8,6.2,6.4,6.8,6.8,6.8,6.2,8.45,8.55,9.5,8.15,9.3,8.45,8.45,9.9,9.7667,9.7667,10.24,7.29,DNR
1219.89,2026-06-29,2026-03-31,2026-03-31,INE121R01077,609.05,2026-07-24,1366.85,Amagi Media Labs Limited,2026-07-24,2026-06-30,2027-03-31,2027-03-31,533.2,562.8,,377.3,,562.8,,375.65,560.55,560.55,543.0,466.6667,506.25,,451.6667,,480.0,625.0,,475.0,,480.0,480.0,,450.0,450.0,,430.0,,450.0,450.0,,470.0,475.0,,450.0,,470.0,470.0,,466.6667,466.6667,,,AMAGI
1243.88,2026-05-15,2025-12-31,2026-03-31,ID1000135700,1750.0,2026-07-24,1355.27,PT Mitra Keluarga Karyasehat Tbk,2026-07-31,2026-06-30,2026-12-31,2026-06-30,1595.0,1755.0,2470.0,2040.0,2990.0,1755.0,2660.0,2400.0,1690.0,1690.0,2746.25,2838.75,2746.25,3094.375,3026.0,3139.3333,3600.0,3600.0,3600.0,3600.0,3600.0,3600.0,3600.0,3600.0,2100.0,2100.0,2800.0,2200.0,2800.0,2100.0,2100.0,2800.0,3000.0,2800.0,3025.0,3000.0,3050.0,3000.0,3000.0,3050.0,2807.5,2807.5,3126.6667,2380.0,MIKA
1179.4,2026-03-31,2025-12-31,2025-12-31,SG1CH4000003,0.95,2026-07-24,1354.41,Raffles Medical Group Ltd,2026-07-27,2026-03-31,2026-12-31,2026-12-31,0.925,0.94,1.03,1.03,1.32,0.94,1.21,1.0,0.915,0.915,1.2171,1.2171,1.2171,1.1217,1.2171,1.1833,1.3,1.3,1.2,1.3,1.32,1.3,1.3,1.32,1.02,1.02,1.02,1.02,1.02,1.02,1.02,1.02,1.25,1.25,1.125,1.25,1.19,1.25,1.25,1.175,1.2171,1.2171,1.1783,1.02,BSL
1413.44,2026-05-15,2025-12-31,2026-03-31,SA139051UIH0,113.7,2026-07-26,1353.52,National Medical Care Company,2026-07-30,2026-06-30,2026-12-31,2026-06-30,106.6,109.2,164.8,121.6,133.6,109.2,,159.3,103.6,103.6,133.4286,139.5,133.4286,194.1625,177.1,195.6,169.0,150.0,225.0,225.0,225.0,169.0,169.0,225.0,113.0,113.0,175.0,135.0,180.0,113.0,113.0,180.0,137.5,130.0,188.65,175.5,190.0,137.5,137.5,190.0,139.5,139.5,195.6,142.7,4005
1295.48,2026-03-31,2025-12-31,2025-12-31,CH0003541510,777.0,2026-07-24,1347.29,Forbo Holding AG,2026-07-28,2026-03-31,2026-12-31,2026-12-31,739.0,762.0,908.0,721.0,1270.0,762.0,1890.0,964.0,744.0,744.0,893.3333,893.3333,893.3333,965.5,913.3333,860.0,1050.0,1050.0,1050.0,1050.0,1000.0,1050.0,1050.0,1000.0,760.0,760.0,881.0,820.0,760.0,760.0,760.0,760.0,870.0,870.0,965.5,870.0,820.0,870.0,870.0,880.0,893.3333,893.3333,880.0,874.0,FORN
1924.19,2026-05-11,2025-12-31,2026-03-27,KYG367381053,28.31,2026-07-24,1346.89,Del Monte Corporation,2026-07-29,2026-06-27,2026-12-31,2026-06-27,28.85,29.33,35.26,41.85,26.42,29.33,31.25,38.12,27.91,27.91,52.0,52.0,52.0,38.5,52.0,46.0,52.0,52.0,39.0,52.0,46.0,52.0,52.0,46.0,52.0,52.0,38.0,52.0,46.0,52.0,52.0,46.0,52.0,52.0,38.5,52.0,46.0,52.0,52.0,46.0,52.0,52.0,46.0,35.63,DMC
1357.56,2026-06-29,2026-03-31,2026-03-31,INE024L01027,1775.7,2026-07-24,1341.18,Gravita India Limited,2026-07-27,2026-06-30,2027-03-31,2027-03-31,1714.7,1818.2,1812.9,1568.0,639.4,1818.2,177.25,1549.9,1630.2,1630.2,2085.8889,2100.3,2085.8889,2413.5,2087.2,2332.7778,2400.0,2400.0,3067.0,2400.0,2658.0,2400.0,2400.0,2658.0,1761.0,1761.0,2100.0,1761.0,2150.0,1761.0,1761.0,2150.0,2128.0,2150.0,2305.0,2060.0,2300.0,2100.0,2100.0,2290.0,2080.3333,2080.3333,2332.25,1857.8,GRAVITA
4418.41,2026-03-31,2025-12-31,2025-12-31,FR0000131757,41.26,2026-07-24,1337.12,ERAMET S.A.,2026-07-29,2026-03-31,2026-12-31,2026-12-31,47.6,42.52,55.05,53.95,87.2,42.52,65.95,87.0,44.94,44.94,53.0,54.8,53.0,61.0,54.8,59.9,65.0,63.0,83.0,63.0,76.5,65.0,65.0,64.0,43.0,43.0,44.0,50.0,45.0,43.0,43.0,45.0,55.0,55.0,58.5,54.0,54.0,55.0,55.0,47.5,54.8,54.8,51.0,57.65,ERA
5811.08,2026-05-15,2025-12-31,2026-03-31,US35909R1086,5.81,2026-07-24,1335.08,Frontier Group Holdings Inc.,2026-07-29,2026-06-30,2026-12-31,2026-06-30,7.43,6.23,4.37,3.94,9.84,6.23,15.0,5.24,7.91,7.91,6.6667,5.0,6.6667,4.7,4.4333,5.5556,8.0,9.0,9.0,8.0,8.0,9.0,9.0,8.0,3.5,4.0,3.0,3.4,4.0,3.5,3.5,4.0,5.0,7.0,4.0,4.0,5.0,6.0,6.0,5.0,6.1111,6.1111,5.5556,4.71,ULCC
1076.7,2026-03-31,2025-12-31,2025-12-31,CH0006372897,1302.0,2026-07-24,1328.17,Interroll Holding AG,2026-07-31,2026-03-31,2026-12-31,2026-12-31,1328.0,1322.0,2310.0,1654.0,2750.0,1322.0,4060.0,2095.0,1274.0,1274.0,2257.1429,2257.1429,2257.1429,2335.5,2400.0,2620.4286,2970.0,2970.0,2608.0,2970.0,3066.0,2970.0,2970.0,3034.0,1400.0,1400.0,2000.0,2100.0,2375.0,1400.0,1400.0,2375.0,2295.0,2295.0,2403.0,2400.0,2652.0,2295.0,2295.0,2626.0,2257.1429,2257.1429,2635.1667,2200.0,INRN
1041.62,2026-05-15,2025-12-31,2026-03-31,KR7030000004,19110.0,2026-07-24,1324.83,Cheil Worldwide Inc.,2026-07-24,2026-06-30,2026-12-31,2026-06-30,17980.0,18620.0,21150.0,19750.0,17810.0,18620.0,24200.0,21200.0,18200.0,18200.0,24650.0,24900.0,24900.0,24357.1429,25107.6923,25200.0,27000.0,27000.0,27000.0,27000.0,27000.0,27000.0,27000.0,27000.0,22800.0,22800.0,20000.0,23000.0,23000.0,22800.0,22800.0,23000.0,25000.0,25000.0,24000.0,25000.0,25500.0,25000.0,25000.0,25500.0,24900.0,24900.0,25200.0,21000.0,A030000
996.62,2026-05-15,2025-12-31,2026-03-31,US08975B1098,2.76,2026-07-24,1321.9,BigBear.ai Holdings Inc.,2026-07-30,2026-06-30,2026-12-31,2026-06-30,3.52,2.84,7.8,3.7,1.91,2.84,9.83,5.82,3.67,3.67,5.0,5.3333,5.0,5.8333,5.3333,6.6667,6.0,5.0,9.0,6.0,8.0,6.0,6.0,8.0,5.0,5.0,3.5,5.0,5.0,5.0,5.0,5.0,5.0,5.0,5.0,5.0,7.0,5.0,5.0,7.0,5.3333,5.3333,6.6667,5.4,BBAI
891.43,2026-06-29,2026-03-31,2026-03-31,CA53229C1077,13.97,2026-07-24,1320.8,Lightspeed Commerce Inc.,2026-07-30,2026-06-30,2027-03-31,2027-03-31,13.73,14.55,17.91,12.85,22.64,14.55,108.03,15.76,14.85,14.85,17.5693,17.5693,17.5693,18.5753,19.8588,20.3359,25.6069,25.6069,30.0103,30.0068,29.5911,25.6069,25.6069,30.0868,9.2283,9.2283,12.9265,12.0024,13.8088,9.2283,9.2283,14.0401,16.4068,16.4068,16.7746,19.004,19.5787,16.4068,16.4068,20.6122,17.5693,17.5693,20.8177,16.56,LSPD
1240.32,2026-06-29,2026-03-31,2026-03-31,INE290S01011,2656.4,2026-07-24,1320.74,CarTrade Tech Limited,2026-07-29,2026-06-30,2027-03-31,2027-03-31,2603.7,2699.4,1965.6,1694.3,501.6,2699.4,,2446.9,2693.0,2693.0,2989.0,2604.2857,2989.0,1718.2857,2748.0,2962.0,3400.0,4000.0,1950.0,3400.0,3633.0,3400.0,3400.0,3633.0,2150.0,2150.0,975.0,1800.0,1700.0,2150.0,2150.0,1700.0,2520.0,3150.0,1839.0,2780.0,3021.0,2520.0,2520.0,3021.0,2604.2857,2604.2857,2962.0,2826.2,CARTRADE
1310.89,2026-06-29,2026-03-31,2026-03-31,INE951I01027,291.0,2026-07-24,1318.6,V-Guard Industries Limited,2026-07-29,2026-06-30,2027-03-31,2027-03-31,313.65,300.3,402.2,329.7,284.4,300.3,251.45,310.7,300.25,300.25,389.0,387.2353,389.0,435.579,393.5882,413.8889,426.0,426.0,530.0,455.0,465.0,426.0,426.0,465.0,306.0,306.0,357.0,306.0,320.0,306.0,306.0,345.0,385.0,390.0,432.0,392.0,412.5,385.0,385.0,414.0,387.2353,387.2353,421.2941,326.95,532953
1946.37,2026-05-15,2025-12-31,2026-03-31,CA00791P1071,11.1,2026-07-24,1318.03,Advantage Energy Ltd.,2026-07-30,2026-06-30,2026-12-31,2026-06-30,9.95,10.5,11.02,9.5,9.12,10.5,4.95,11.14,10.31,10.31,13.875,13.8056,13.925,14.125,13.9722,14.7727,17.5,17.5,20.0,17.5,20.0,17.5,17.5,20.0,12.0,12.0,12.0,12.0,13.5,12.0,12.0,13.5,14.0,14.0,14.0,14.0,14.0,14.0,14.0,14.0,13.975,13.975,14.8636,11.74,AAV
1086.43,2026-05-15,2025-12-31,2026-03-31,IL0011858912,15.89,2026-07-24,1317.67,Pagaya Technologies Ltd.,2026-07-30,2026-06-30,2026-12-31,2026-06-30,15.2,17.15,32.2,13.59,23.04,17.15,,21.81,18.25,18.25,26.5,26.9,26.5,30.975,26.4,39.0,33.0,33.0,46.0,33.0,54.0,33.0,33.0,54.0,20.0,20.0,13.75,20.0,27.0,20.0,20.0,27.0,27.5,25.5,30.5,26.5,37.0,27.5,27.5,39.5,26.9,26.9,40.8,20.9,PGY
1879.91,2026-05-15,2025-12-31,2026-03-31,US8585861003,57.57,2026-07-24,1307.61,Stepan Company,2026-07-29,2026-06-30,2026-12-31,2026-06-30,55.05,58.63,56.67,52.06,95.48,58.63,117.66,55.97,55.72,55.72,75.0,75.0,75.0,,75.0,,75.0,75.0,,75.0,,75.0,75.0,,75.0,75.0,,75.0,,75.0,75.0,,75.0,75.0,,75.0,,75.0,75.0,,75.0,75.0,,47.36,SCL
1384.29,2026-05-15,2025-12-31,2026-03-31,ID1000207608,930.0,2026-07-24,1304.62,PT Daya Intiguna Yasa Tbk,2026-07-29,2026-06-30,2026-12-31,2026-06-30,845.0,985.0,1245.0,870.0,,985.0,,990.0,900.0,900.0,1312.8571,1331.6667,1331.6667,1900.0,1318.0,1470.0,1550.0,1550.0,1900.0,1550.0,1900.0,1550.0,1550.0,1900.0,930.0,930.0,1900.0,930.0,1050.0,930.0,930.0,1050.0,1370.0,1370.0,1900.0,1330.0,1450.0,1370.0,1370.0,1450.0,1331.6667,1331.6667,1470.0,995.0,MDIY
5407.1,2026-05-15,2025-12-31,2026-03-31,JE00BJJN4441,2.04,2026-07-24,1304.0,Clarivate Plc,2026-07-29,2026-06-30,2026-12-31,2026-06-30,2.01,2.39,4.44,2.45,9.5,2.39,25.14,2.85,2.16,2.16,2.5,3.6357,2.5,5.2278,3.6143,4.6063,6.0,2.5,7.0,6.0,7.0,6.0,6.0,7.0,2.4,2.5,4.0,2.4,3.0,2.4,2.4,3.0,2.9,2.5,5.0,3.0,4.125,2.9,2.9,4.225,3.6357,3.6357,4.6813,3.34,CLVT
3785.55,2026-05-15,2025-12-31,2026-03-31,ID1000128804,402.0,2026-07-24,1300.85,PT Sarana Menara Nusantara Tbk.,2026-07-31,2026-06-30,2026-12-31,2026-06-30,364.0,410.0,660.0,488.0,1025.0,410.0,1330.0,625.0,364.0,364.0,684.6154,684.6154,684.6154,872.5,753.3333,813.3333,950.0,950.0,1400.0,1025.0,1150.0,950.0,950.0,1150.0,390.0,390.0,600.0,525.0,600.0,390.0,390.0,600.0,660.0,660.0,795.0,770.0,785.0,660.0,660.0,790.0,684.6154,684.6154,821.5385,585.0,TOWR
1802.39,2026-06-29,2026-03-31,2026-03-31,INE389H01022,469.9,2026-07-24,1297.62,KEC International Limited,2026-07-31,2026-06-30,2027-03-31,2027-03-31,531.15,495.4,877.3,575.15,637.15,495.4,431.1,634.95,521.5,521.5,582.7917,583.8696,583.8696,974.8333,782.8,949.2174,736.0,736.0,1130.0,1005.0,1084.0,736.0,736.0,1084.0,411.0,411.0,800.0,459.0,800.0,411.0,411.0,800.0,600.0,600.0,979.0,805.0,939.0,600.0,600.0,950.0,583.8696,583.8696,953.7391,737.9,KEC
1786.57,2026-06-29,2026-03-31,2026-03-31,INE602A01031,317.9,2026-07-24,1297.56,PCBL Chemical Limited,2026-07-29,2026-06-30,2027-03-31,2027-03-31,315.15,320.8,398.1,282.08,154.65,320.8,116.525,264.65,321.15,321.15,341.0909,339.8182,341.0909,450.9,362.3,419.6,515.0,515.0,600.0,651.0,600.0,515.0,515.0,600.0,261.0,261.0,372.0,254.0,340.0,261.0,261.0,340.0,310.0,310.0,432.5,306.5,386.0,310.0,310.0,394.5,339.8182,339.8182,427.9,301.5,PCBL
1561.66,2026-05-15,2025-12-31,2026-03-31,US7332451043,11.84,2026-07-24,1295.33,Porch Group Inc.,2026-07-29,2026-06-30,2026-12-31,2026-06-30,13.15,13.68,13.26,7.89,1.235,13.68,18.18,8.13,15.04,15.04,16.75,16.25,16.75,13.1667,16.2857,17.625,22.0,22.0,18.0,21.0,22.0,22.0,22.0,22.0,12.0,12.0,7.0,12.0,13.0,12.0,12.0,13.0,15.5,16.25,13.5,15.0,18.0,15.5,15.5,18.5,16.25,16.25,18.125,9.13,PRCH
2110.9,2026-05-15,2025-12-31,2026-03-31,US2074101013,42.68,2026-07-24,1285.06,CONMED Corporation,2026-07-29,2026-06-30,2026-12-31,2026-06-30,35.4,43.2,49.56,38.34,121.6,43.2,133.77,41.63,32.73,32.73,39.0,39.6,39.0,66.6,44.2,48.4,40.0,40.0,80.0,52.0,55.0,40.0,40.0,55.0,39.0,36.0,57.0,39.0,41.0,39.0,39.0,41.0,40.0,39.5,58.0,43.0,51.0,40.0,40.0,51.0,39.6,39.6,48.4,40.6,CNMD
1484.7,2026-03-31,2025-12-31,2025-12-31,GB0002418548,1.694,2026-07-24,1284.77,Elementis plc,2026-07-30,2026-03-31,2026-12-31,2026-12-31,1.564,1.61,1.68,1.532,1.042,1.61,1.528,1.672,1.538,1.538,2.0103,2.016,2.0103,1.8633,1.971,1.9716,2.1305,2.1034,2.0323,2.1037,2.0904,2.1305,2.1305,2.0826,1.8889,1.8608,1.6595,1.8281,1.8324,1.8889,1.8889,1.8393,2.0273,2.0072,1.86,1.9774,1.9703,2.0273,2.0273,1.9792,2.016,2.016,1.969,1.66,ELM
862.84,2026-05-15,2025-12-31,2026-03-31,KR7439260001,48900.0,2026-07-24,1274.93,Daehan Shipbuilding Co. Ltd.,2026-07-29,2026-06-30,2026-12-31,2026-06-30,49800.0,43450.0,,92300.0,,43450.0,,73500.0,52000.0,52000.0,125000.0,130000.0,125000.0,,123500.0,92500.0,156000.0,156000.0,,156000.0,100000.0,156000.0,156000.0,85000.0,110000.0,90000.0,,100000.0,85000.0,90000.0,90000.0,85000.0,127000.0,127000.0,,119000.0,92500.0,127000.0,127000.0,85000.0,125000.0,125000.0,85000.0,67000.0,A439260
4954.77,2026-05-15,2025-12-31,2026-03-31,TRAARCLK91H5,99.0,2026-07-24,1269.02,Arçelik Anonim Sirketi,2026-07-29,2026-06-30,2026-12-31,2026-06-30,100.8,97.6,126.6,117.2,146.4,97.6,32.72,114.4,99.35,99.35,159.5673,161.2283,161.2945,205.6954,164.3392,177.8931,245.0,245.0,340.0,245.0,340.0,245.0,245.0,340.0,118.0,118.0,132.0,130.0,126.2,118.0,118.0,123.0,154.37,152.0,195.0,160.0,161.91,154.37,154.37,170.0,161.2283,161.2283,182.0854,101.0,ARCLK
2046.31,2026-03-31,2025-12-31,2025-12-31,IT0004720733,20.75,2026-07-24,1264.35,Alerion Clean Power S.p.A.,2026-07-30,2026-03-31,2026-12-31,2026-12-31,21.9,21.1,21.05,24.65,29.35,21.1,12.84,17.92,21.55,21.55,31.0,31.0,31.0,,24.5,24.5,31.0,31.0,,24.5,24.5,31.0,31.0,,31.0,31.0,,24.5,24.5,31.0,31.0,,31.0,31.0,,24.5,24.5,31.0,31.0,,31.0,31.0,,18.44,ARN
694.71,2026-05-15,2025-12-31,2026-03-31,TW0003596003,185.0,2026-07-24,1259.6,Arcadyan Technology Corporation,2026-07-30,2026-06-30,2026-12-31,2026-06-30,181.5,178.0,217.5,162.0,127.5,178.0,99.5,177.5,192.0,192.0,227.0,227.0,227.0,246.7,243.2,247.2,268.0,268.0,271.0,281.0,291.0,268.0,268.0,291.0,190.0,190.0,230.0,220.0,220.0,190.0,190.0,220.0,225.0,225.0,242.5,240.0,240.0,225.0,225.0,240.0,227.0,227.0,247.2,174.0,3596
1231.98,2026-05-15,2024-12-31,2026-03-31,TRAAYGAZ91E0,270.25,2026-07-24,1254.72,Aygaz A.S.,2026-07-30,2026-06-30,2025-12-31,2026-06-30,213.1,267.0,153.2,277.5,118.0,267.0,19.2856,218.1,213.5,213.5,344.6,344.6,344.6,194.655,299.73,265.23,370.0,370.0,215.0,342.4,312.0,370.0,370.0,312.0,304.0,304.0,180.0,218.25,218.25,304.0,304.0,218.25,352.2,352.2,191.81,308.0,269.4,352.2,352.2,240.5,344.6,344.6,254.15,198.9,AYGAZ
1342.39,2026-05-15,2025-12-31,2026-03-31,US6677461013,129.31,2026-07-24,1246.16,NWPX Infrastructure Inc.,2026-07-29,2026-06-30,2026-12-31,2026-06-30,143.53,138.2,41.27,84.78,32.06,138.2,28.38,67.36,149.94,149.94,109.3333,109.3333,109.3333,53.3333,84.0,64.0,130.0,130.0,55.0,88.0,72.0,130.0,130.0,72.0,90.0,90.0,50.0,80.0,50.0,90.0,90.0,50.0,108.0,108.0,55.0,84.0,70.0,108.0,108.0,70.0,109.3333,109.3333,64.0,62.49,NWPX
975.81,2026-05-15,2025-12-31,2026-03-31,IL0010834765,29.51,2026-07-24,1241.85,Radware Ltd.,2026-07-29,2026-06-30,2026-12-31,2026-06-30,28.1,30.29,28.59,26.16,18.73,30.29,31.04,24.66,30.86,30.86,32.0,32.0,32.0,30.0,31.0,30.6667,34.0,34.0,35.0,32.0,35.0,34.0,34.0,35.0,30.0,30.0,25.0,30.0,25.0,30.0,30.0,25.0,32.0,32.0,30.0,31.0,32.0,32.0,32.0,32.0,32.0,32.0,30.6667,24.09,RDWR
1580.91,2026-06-29,2026-03-31,2026-03-31,JP3167000003,2512.0,2026-07-24,1239.91,FP Corporation,2026-07-31,2026-06-30,2027-03-31,2027-03-31,2628.0,2540.0,2690.0,2304.0,2913.5,2540.0,4195.0,2725.0,2595.0,2595.0,2985.0,3035.0,3035.0,3471.6667,3112.0,3342.0,3650.0,3650.0,3700.0,3650.0,3660.0,3650.0,3650.0,3700.0,2500.0,2500.0,3200.0,2500.0,2700.0,2500.0,2500.0,2700.0,2995.0,2995.0,3500.0,3200.0,3500.0,2995.0,2995.0,3575.0,3035.0,3035.0,3401.6667,2630.0,7947
3733.47,2026-05-15,2025-12-31,2026-03-31,BMG6359F1370,83.37,2026-07-24,1233.53,Nabors Industries Ltd.,2026-07-28,2026-06-30,2026-12-31,2026-06-30,81.83,83.89,33.29,89.89,118.52,83.89,87.24,64.96,84.01,84.01,106.0,108.5,106.0,36.2222,85.25,60.125,120.0,120.0,50.0,100.0,80.0,120.0,120.0,66.0,79.0,79.0,25.0,65.0,33.0,79.0,79.0,33.0,112.5,112.5,38.0,87.0,62.0,112.5,112.5,58.5,108.5,108.5,56.5,54.3,NBR
1093.9,2026-06-29,2026-03-31,2026-03-31,INE065X01017,492.65,2026-07-24,1231.15,Indegene Limited,2026-07-30,2026-06-30,2027-03-31,2027-03-31,527.2,510.9,556.65,491.75,,510.9,,474.3,525.4,525.4,605.2857,592.4286,605.2857,644.6667,568.5714,625.0,705.0,705.0,700.0,690.0,680.0,705.0,705.0,680.0,480.0,500.0,540.0,490.0,570.0,480.0,480.0,525.0,600.0,610.0,650.0,560.0,622.0,600.0,600.0,611.0,592.4286,592.4286,610.25,520.45,INDGN
1680.27,2026-03-31,2025-12-31,2025-12-31,NL00150003E1,9.71,2026-07-24,1229.17,Fugro N.V.,2026-07-31,2026-03-31,2026-12-31,2026-12-31,10.19,9.81,12.61,11.19,15.39,9.81,7.825,9.56,9.45,9.45,12.5,12.7833,12.5,14.9167,12.5,9.6667,15.0,15.0,16.5,15.0,11.5,15.0,15.0,11.5,10.0,10.0,12.0,10.0,7.5,10.0,10.0,7.5,12.85,12.75,15.5,12.75,9.5,12.85,12.85,9.5,12.7833,12.7833,9.8,8.49,FUR
1684.85,2026-03-31,2025-12-31,2025-12-31,NL0010583399,18.74,2026-07-24,1227.89,Corbion N.V.,2026-07-31,2026-03-31,2026-12-31,2026-12-31,20.46,20.48,18.4,18.49,21.6,20.48,45.3,19.66,20.14,20.14,23.3,23.4429,23.4429,23.65,23.2429,24.6,26.0,26.0,31.9,28.0,31.0,26.0,26.0,30.0,19.5,19.5,14.0,19.5,18.6,19.5,19.5,18.0,24.0,24.0,25.0,24.0,25.0,24.0,24.0,23.5,23.4429,23.4429,23.2667,18.57,CRBN
2743.44,2026-05-30,2025-09-30,2026-03-31,FR0000053324,21.3,2026-07-24,1227.57,Compagnie des Alpes SA,2026-07-28,2026-06-30,2026-09-30,2026-09-30,22.5,21.95,21.0,24.55,14.4,21.95,12.64,25.2,22.05,22.05,27.2833,27.45,27.45,22.8833,28.4,26.8143,30.2,30.2,25.0,30.6,29.5,30.2,30.2,29.5,24.0,24.0,21.5,24.0,24.0,24.0,24.0,24.0,27.75,27.75,22.75,29.0,26.5,27.75,27.75,26.75,27.45,27.45,26.95,25.35,CDA
2269.36,2026-05-15,2025-12-31,2026-03-31,US36472T1097,8.4,2026-07-24,1223.01,USA TODAY Co. Inc.,2026-07-30,2026-06-30,2026-12-31,2026-06-30,8.01,8.5,3.7,7.29,2.54,8.5,5.17,5.88,8.55,8.55,8.8417,8.5083,8.8417,5.52,8.2083,6.22,10.0,10.0,8.0,10.0,9.0,10.0,10.0,8.0,5.0,5.0,3.0,4.5,4.0,5.0,5.0,4.0,9.025,10.0,6.0,9.0,6.0,9.025,9.025,6.0,8.5083,8.5083,6.02,5.15,TDAY
1096.17,2026-05-15,2025-12-31,2026-03-31,US7496601060,5.61,2026-07-24,1222.19,RPC Inc.,2026-07-30,2026-06-30,2026-12-31,2026-06-30,5.72,5.91,4.81,8.0,9.02,5.91,4.18,6.43,5.83,5.83,6.44,6.54,6.44,6.0071,6.44,6.2,8.0,9.0,8.0,8.0,8.0,9.0,9.0,8.0,5.0,5.0,4.75,5.0,5.0,5.0,5.0,5.0,6.2,6.0,5.5,6.2,6.0,6.2,6.2,6.0,6.74,6.74,6.1167,5.44,RES
1236.13,2026-05-18,2025-12-31,2026-04-03,US4131601027,11.19,2026-07-24,1214.08,Harmonic Inc.,2026-07-27,2026-07-03,2026-12-31,2026-07-03,14.54,12.03,8.89,10.56,15.59,12.03,8.19,10.25,16.33,16.33,15.2857,15.2857,15.2857,10.9286,12.7143,11.7857,20.0,20.0,14.0,17.0,15.0,20.0,20.0,15.0,8.0,8.0,7.0,8.0,8.0,8.0,8.0,8.0,15.0,15.0,11.0,13.0,12.0,15.0,15.0,12.0,15.2857,15.2857,11.7857,9.89,HLIT
1224.89,2026-05-15,2025-12-31,2026-03-31,US6517185046,14.35,2026-07-24,1211.81,NPK International Inc.,2026-07-29,2026-06-30,2026-12-31,2026-06-30,14.76,14.34,9.04,15.1,5.48,14.34,2.99,13.72,15.91,15.91,20.3333,20.3333,20.3333,11.25,18.75,16.75,22.0,22.0,12.0,20.0,18.0,22.0,22.0,18.0,18.0,18.0,10.0,18.0,15.0,18.0,18.0,15.0,21.0,21.0,11.5,18.5,17.0,21.0,21.0,17.0,20.3333,20.3333,16.75,11.92,NPKI
1915.53,2026-05-15,2025-12-31,2026-03-31,KR7008770000,47100.0,2026-07-24,1211.65,Hotel Shilla Co.Ltd,2026-07-24,2026-06-30,2026-12-31,2026-06-30,45950.0,44950.0,51400.0,65900.0,71900.0,44950.0,93700.0,45550.0,47150.0,47150.0,66062.5,66750.0,66062.5,44647.0588,54187.5,51647.0588,90000.0,90000.0,60000.0,90000.0,76000.0,90000.0,90000.0,76000.0,30000.0,30000.0,30000.0,30000.0,30000.0,30000.0,30000.0,30000.0,72000.0,67000.0,43000.0,58500.0,58000.0,72000.0,72000.0,58000.0,66750.0,66750.0,51647.0588,44600.0,A008770
1151.49,2026-05-15,2025-12-31,2026-03-31,US46266A1097,94.49,2026-07-24,1207.87,IRADIMED CORPORATION,2026-07-31,2026-06-30,2026-12-31,2026-06-30,94.66,97.03,56.6,88.68,45.36,97.03,34.46,100.86,95.56,95.56,118.0,118.0,118.0,71.0,118.6667,99.0,120.0,120.0,72.0,120.0,100.0,120.0,120.0,100.0,116.0,116.0,70.0,116.0,98.0,116.0,116.0,98.0,118.0,118.0,71.0,120.0,99.0,118.0,118.0,99.0,118.0,118.0,99.0,97.28,IRMD
2259.78,2026-05-15,2025-12-31,2026-03-31,KR7073240004,6130.0,2026-07-24,1205.36,Kumho Tire Co. Inc.,2026-07-29,2026-06-30,2026-12-31,2026-06-30,4990.0,6100.0,4730.0,6110.0,4590.0,6100.0,6750.0,5990.0,4880.0,4880.0,8112.5,8112.5,8112.5,6777.7778,8285.7143,6762.5,10000.0,10000.0,8100.0,10000.0,8100.0,10000.0,10000.0,8100.0,5800.0,5800.0,4900.0,7000.0,4900.0,5800.0,5800.0,4900.0,8250.0,8250.0,7000.0,8200.0,6800.0,8250.0,8250.0,6450.0,8112.5,8112.5,6437.5,5860.0,A073240
1256.19,2026-06-29,2026-03-31,2026-03-31,INE233B01017,4896.75,2026-07-24,1205.32,Blue Dart Express Limited,2026-07-31,2026-06-30,2027-03-31,2027-03-31,5000.2,4926.0,6907.3,5345.2,7220.75,4926.0,5696.05,5299.05,4850.05,4850.05,5715.4,5773.8,5715.4,7334.0,6346.0,6754.3333,6900.0,6900.0,7900.0,7250.0,7900.0,6900.0,6900.0,7900.0,4869.0,4577.0,7000.0,5410.0,5196.0,4869.0,4869.0,5357.0,5650.0,5650.0,7220.0,6220.0,6875.0,5650.0,5650.0,7037.5,5773.8,5773.8,6852.0,5521.15,526612
1908.93,2026-05-15,2025-12-31,2026-03-31,HRRIVPRA0000,8.66,2026-07-24,1204.32,Valamar Riviera d.d.,2026-07-31,2026-06-30,2026-12-31,2026-06-30,8.1,8.38,6.18,6.9,4.4,8.38,3.7291,6.5,8.22,8.22,8.4633,7.8731,7.8731,6.6889,6.9448,6.8599,8.5672,8.5672,7.4001,7.6048,7.3123,8.5672,8.5672,7.3123,7.4288,7.4288,5.4343,6.025,6.0702,7.4288,7.4288,6.0702,7.6233,7.6233,7.2324,7.2046,7.1971,7.6233,7.6233,7.1971,7.8731,7.8731,6.8599,6.5,RIVP
1191.16,2026-05-15,2025-12-31,2026-03-31,BG1100003166,58.3,2026-07-24,1203.66,Shelly Group SE,2026-07-30,2026-06-30,2026-12-31,2026-06-30,60.5,57.8,49.5,54.4,15.4437,57.8,9.0001,66.0,60.4,60.4,77.3996,76.5987,77.3996,45.2919,76.0138,74.801,79.1019,78.847,53.9918,79.0187,79.0643,79.1019,79.1019,70.0285,74.0954,75.9521,36.592,73.0088,70.5377,74.0954,74.0954,61.0995,76.5987,77.3996,45.2919,76.0138,74.801,76.5987,76.5987,65.564,76.5987,76.5987,65.564,,SLYG
2903.19,2026-03-31,2025-12-31,2025-12-31,GB00BNLPYF73,2.24,2026-07-24,1195.38,Spire Healthcare Group plc,2026-07-30,2026-03-31,2026-12-31,2026-12-31,2.22,2.18,2.275,1.626,2.16,2.18,2.22,1.782,2.15,2.15,2.562,2.562,2.562,2.8712,2.562,2.6457,3.0,3.0,3.09,3.0,3.0,3.0,3.0,3.0,1.79,1.79,2.6,1.79,2.3,1.79,1.79,2.4,2.75,2.75,2.89,2.75,2.75,2.75,2.75,2.8,2.562,2.562,2.7429,1.67,SPI
1154.59,2026-06-29,2026-03-31,2026-03-31,JP3162350007,2384.0,2026-07-24,1194.24,SMS Co. Ltd.,2026-07-29,2026-06-30,2027-03-31,2027-03-31,2105.0,2433.0,1543.0,1790.0,2797.5,2433.0,3100.0,1706.0,2234.0,2234.0,1706.2,1706.2,1706.2,1650.0,1748.0,1664.0,1900.0,1900.0,2500.0,2240.0,2330.0,1900.0,1900.0,2330.0,1450.0,1450.0,1300.0,1400.0,1440.0,1450.0,1450.0,1370.0,1700.0,1700.0,1550.0,1700.0,1500.0,1700.0,1700.0,1500.0,1706.2,1706.2,1650.0,1350.0,2175
933.62,2026-06-29,2026-03-31,2026-03-31,INE520A01027,505.85,2026-07-24,1193.79,Zensar Technologies Limited,2026-07-29,2026-06-30,2027-03-31,2027-03-31,453.25,518.35,825.75,536.5,467.6,518.35,375.8,705.5,425.25,425.25,572.0833,610.6667,572.0833,875.75,714.0833,837.25,695.0,695.0,1130.0,920.0,1000.0,695.0,695.0,1000.0,488.0,425.0,599.0,501.0,632.0,488.0,488.0,548.0,632.5,564.5,897.0,695.0,841.5,632.5,632.5,852.5,610.6667,610.6667,838.9167,703.15,504067
2822.38,2026-05-15,2025-12-31,2026-03-31,US76009N1000,20.46,2026-07-24,1192.69,Upbound Group Inc.,2026-07-30,2026-06-30,2026-12-31,2026-06-30,19.59,22.16,25.18,19.77,33.72,22.16,55.7,19.29,21.22,21.22,28.6429,28.5,28.6429,36.25,28.5,30.75,41.0,41.0,50.0,41.0,46.0,41.0,41.0,46.0,20.0,20.0,25.0,20.0,20.0,20.0,20.0,24.0,28.0,28.0,35.5,28.0,28.0,28.0,28.0,28.0,28.5,28.5,31.375,17.56,UPBD
1492.19,2026-06-29,2026-03-31,2026-03-31,INE14LE01019,94.01,2026-07-24,1190.29,Aditya Birla Lifestyle Brands Limited,2026-07-31,2026-06-30,2027-03-31,2027-03-31,100.48,94.88,149.77,105.16,,94.88,,103.52,96.22,96.22,142.9091,144.2727,142.9091,171.5,148.5,158.6667,170.0,170.0,186.0,179.0,185.0,170.0,170.0,175.0,90.0,90.0,160.0,122.0,134.0,90.0,90.0,142.0,149.0,149.0,170.0,141.5,164.0,149.0,149.0,164.0,144.2727,144.2727,160.1111,127.58,ABLBL
14097.18,2026-05-15,2025-12-31,2026-03-31,US65341B1061,12.54,2026-07-24,1182.18,XPLR Infrastructure LP,2026-07-28,2026-06-30,2026-12-31,2026-06-30,11.68,12.02,9.59,10.05,58.97,12.02,74.3,9.65,11.81,11.81,12.1818,12.0909,12.0909,11.5833,11.7091,11.375,17.0,17.0,16.0,17.0,15.0,17.0,17.0,15.0,7.0,7.0,7.0,7.0,7.0,7.0,7.0,7.0,12.0,12.0,11.5,12.0,11.0,12.0,12.0,11.0,12.0909,12.0909,11.2273,10.0,XIFR
1500.39,2026-05-15,2025-12-31,2026-03-31,US6284641098,31.44,2026-07-24,1180.8,Myers Industries Inc.,2026-07-30,2026-06-30,2026-12-31,2026-06-30,29.72,31.11,14.94,21.49,19.96,31.11,21.15,20.38,35.31,35.31,37.0,26.0,37.0,21.0,26.0,21.0,26.0,37.0,21.0,26.0,21.0,37.0,37.0,21.0,26.0,37.0,21.0,26.0,21.0,37.0,37.0,21.0,26.0,37.0,21.0,26.0,21.0,37.0,37.0,21.0,37.0,37.0,21.0,18.72,MYE
1457.25,2026-05-15,2025-12-31,2026-03-31,US22284P1057,46.75,2026-07-24,1176.74,Covenant Logistics Group Inc.,2026-07-29,2026-06-30,2026-12-31,2026-06-30,42.82,47.34,25.19,34.07,23.41,47.34,10.145,26.59,44.18,44.18,54.3333,35.0,54.3333,32.6667,32.0,32.0,35.0,60.0,34.0,34.0,34.0,35.0,35.0,33.0,35.0,43.0,30.0,30.0,31.0,35.0,35.0,29.0,35.0,60.0,34.0,32.0,31.0,35.0,35.0,31.0,35.0,35.0,31.0,22.04,CVLG
1367.1,2026-05-15,2025-12-31,2026-03-31,TH0991010008,7.05,2026-07-24,1172.03,Siam Global House Public Company Limited,2026-07-24,2026-06-30,2026-12-31,2026-06-30,6.45,7.45,6.2196,6.6,14.2857,7.45,19.55,6.4125,7.1,7.1,7.6654,7.4731,7.5961,6.6419,7.1618,6.9174,9.0,9.0,10.2143,9.0,8.6786,9.0,9.0,9.1607,6.2,6.2,4.3393,5.5929,4.5321,6.2,6.2,4.5321,7.8,7.8,6.4607,7.08,7.1116,7.8,7.8,7.2804,7.4731,7.4731,7.1791,6.1232,GLOBAL
2003.91,2026-05-15,2025-12-31,2026-03-31,CA1375761048,13.88,2026-07-24,1155.03,Canfor Corporation,2026-07-30,2026-06-30,2026-12-31,2026-06-30,13.62,14.17,14.05,12.56,22.1,14.17,24.42,14.73,13.48,13.48,16.2143,15.7857,16.0714,17.1429,15.7143,15.1667,17.0,18.0,20.0,17.0,17.0,17.0,17.0,17.0,15.0,15.0,14.0,15.0,13.0,15.0,15.0,13.0,15.5,15.5,17.0,16.0,15.5,15.5,15.5,15.0,15.7857,15.7857,14.6667,11.73,CFP
1334.4,2026-06-29,2026-03-31,2026-03-31,INE133E01013,441.9,2026-07-24,1133.07,Tilaknagar Industries Ltd.,2026-07-27,2026-06-30,2027-03-31,2027-03-31,436.4,442.2,493.75,455.35,169.35,442.2,40.8,388.7,453.9,453.9,548.0,548.0,548.0,438.0,540.25,607.0,564.0,564.0,438.0,550.0,650.0,564.0,564.0,650.0,520.0,520.0,438.0,521.0,564.0,520.0,520.0,564.0,554.0,554.0,438.0,545.0,607.0,554.0,554.0,607.0,548.0,548.0,607.0,457.2,507205
2100.51,2026-05-15,2025-12-31,2026-03-31,ES0105229001,0.681,2026-07-24,1132.46,Prosegur Cash S.A.,2026-07-30,2026-06-30,2026-12-31,2026-06-30,0.634,0.665,0.848,0.622,0.621,0.665,0.802,0.633,0.633,0.633,0.775,0.775,0.775,0.9221,0.7957,0.8644,0.92,0.92,1.0,0.92,0.955,0.92,0.92,0.955,0.6,0.6,0.82,0.7,0.71,0.6,0.6,0.71,0.75,0.75,0.92,0.8,0.88,0.75,0.75,0.9,0.775,0.775,0.8664,0.634,CASH
588.98,2026-05-15,2025-12-31,2026-03-31,SG9999014716,5.81,2026-07-24,1117.86,Wave Life Sciences Ltd.,2026-07-30,2026-06-30,2026-12-31,2026-06-30,5.95,5.82,8.39,7.18,4.2,5.82,5.84,13.47,5.81,5.81,21.9375,21.9375,21.9375,20.0714,24.9333,31.9333,43.0,43.0,36.0,52.0,50.0,43.0,43.0,50.0,12.0,12.0,9.0,11.0,22.0,12.0,12.0,21.0,18.5,18.5,20.5,21.0,30.0,18.5,18.5,30.0,21.9375,21.9375,31.6,17.0,WVE
1078.52,2026-06-29,2026-03-31,2026-03-31,INE0KBH01020,566.9,2026-07-24,1113.1,Blue Jet Healthcare Limited,2026-07-30,2026-06-30,2027-03-31,2027-03-31,516.75,584.55,812.05,403.35,,584.55,,432.45,525.2,525.2,501.0,501.0,501.0,931.6667,499.1667,714.1667,600.0,600.0,1100.0,835.0,835.0,600.0,600.0,835.0,370.0,370.0,730.0,330.0,600.0,370.0,370.0,600.0,505.0,505.0,965.0,465.0,740.0,505.0,505.0,740.0,501.0,501.0,714.1667,530.2,BLUEJET
1215.23,2026-05-15,2025-12-31,2026-03-31,US4223471040,14.28,2026-07-24,1106.55,Heartland Express Inc.,2026-07-31,2026-06-30,2026-12-31,2026-06-30,14.59,15.39,8.29,13.03,16.48,15.39,16.62,10.57,15.22,15.22,13.2,12.4,13.2,9.5,10.0,9.3,16.0,16.0,12.0,12.0,12.0,16.0,16.0,9.0,10.0,11.0,8.5,8.0,8.0,10.0,10.0,8.0,12.0,13.0,9.0,10.0,9.0,12.0,12.0,8.0,12.8,12.8,8.3,9.03,HTLD
1008.88,2026-06-29,2026-03-31,2026-03-31,INE002S01010,1077.0,2026-07-24,1103.59,Mahanagar Gas Limited,2026-07-30,2026-06-30,2027-03-31,2027-03-31,1196.0,1100.4,1428.5,1130.15,1048.8,1100.4,1144.25,1077.0,1174.1,1174.1,1300.6333,1307.4,1300.6333,1557.7931,1349.1724,1445.6207,1822.0,1822.0,1960.0,1880.0,1880.0,1822.0,1822.0,1880.0,1020.0,1020.0,1100.0,900.0,955.0,1020.0,1020.0,1015.0,1316.0,1305.0,1588.0,1383.0,1510.0,1316.0,1316.0,1512.5,1307.4,1307.4,1458.2333,1136.1,MGL
1338.01,2026-08-14,2026-03-31,2026-06-30,INE399G01023,580.7,2026-07-24,1101.25,Ramkrishna Forgings Limited,2026-07-24,2026-09-30,2027-03-31,2026-09-30,570.45,568.25,622.7,546.5,520.75,568.25,159.32,510.5,564.9,564.9,631.5,624.0,624.0,801.5,578.5,696.3333,680.0,680.0,1111.0,640.0,1111.0,680.0,680.0,1111.0,550.0,550.0,560.0,540.0,507.0,550.0,550.0,507.0,633.0,633.0,779.0,567.0,660.0,633.0,633.0,660.0,624.0,624.0,696.3333,523.15,RKFORGE
6439.06,2026-05-15,2025-12-31,2026-03-31,ID1000108103,2720.0,2026-07-24,1099.37,PT Jasa Marga (Persero) Tbk,2026-07-29,2026-06-30,2026-12-31,2026-06-30,2920.0,2750.0,3630.0,3210.0,3840.0,2750.0,3980.0,3600.0,2710.0,2710.0,4216.1538,4508.75,4216.1538,5361.8182,4677.3077,5102.9167,5300.0,5300.0,6200.0,6200.0,6200.0,5300.0,5300.0,6200.0,3450.0,2800.0,4100.0,3450.0,3900.0,3450.0,3450.0,3900.0,4590.0,4500.0,5300.0,4600.0,5137.5,4590.0,4590.0,4962.5,4508.75,4508.75,5061.25,3410.0,JSMR
1103.68,2026-06-29,2026-03-31,2026-03-31,INE682M01020,323.2,2026-07-24,1099.14,Jupiter Life Line Hospitals Limited,2026-07-31,2026-06-30,2027-03-31,2027-03-31,274.28,310.6,292.1,249.44,,310.6,,264.28,284.18,284.18,319.1667,319.1667,319.1667,347.24,321.8,360.2,339.0,339.0,370.2,346.8,387.0,339.0,339.0,387.0,295.0,295.0,322.0,295.0,338.0,295.0,295.0,338.0,320.0,320.0,344.0,324.5,350.0,320.0,320.0,350.0,319.1667,319.1667,360.2,278.68,JLHL
1590.3,2026-05-15,2025-12-31,2026-03-31,CA74022D4075,119.52,2026-07-24,1096.91,Precision Drilling Corporation,2026-07-28,2026-06-30,2026-12-31,2026-06-30,110.66,117.21,72.06,130.18,76.4,117.21,41.56,104.89,108.92,108.92,149.8889,151.1111,149.8889,91.625,145.0,115.875,175.0,165.0,119.0,160.0,133.0,175.0,175.0,133.0,105.0,105.0,71.0,105.0,80.0,105.0,105.0,66.0,160.0,160.0,89.5,150.0,120.0,160.0,160.0,112.5,151.1111,151.1111,105.5,98.49,PD
1479.11,2026-05-15,2025-12-31,2026-03-31,AT00000AMAG3,27.2,2026-07-24,1090.6,AMAG Austria Metall AG,2026-07-30,2026-06-30,2026-12-31,2026-06-30,27.0,27.3,24.0,28.0,31.5,27.3,37.3,25.8,27.4,27.4,30.1525,30.1525,30.1525,25.6,29.3667,25.15,34.0,34.0,26.5,33.0,26.3,34.0,34.0,26.3,27.0,27.0,24.0,27.0,24.0,27.0,27.0,24.0,29.805,29.805,26.3,28.1,25.15,29.805,29.805,25.15,30.1525,30.1525,25.15,24.1,AMAG
1107.28,2026-05-15,2025-12-31,2026-03-31,LU2592315662,7.99,2026-07-24,1080.79,d'Amico International Shipping S.A.,2026-07-30,2026-06-30,2026-12-31,2026-06-30,8.05,7.26,3.588,7.69,3.528,7.26,0.947,5.69,6.59,6.59,8.7296,8.6,8.6,4.9053,8.2075,5.7008,9.314,9.314,5.6933,9.079,6.3026,9.314,9.314,6.242,7.6738,7.6738,3.8373,7.3977,4.6058,7.6738,7.6738,4.704,8.6087,8.6087,5.0454,8.2883,6.1503,8.6087,8.6087,5.862,8.6,8.6,5.6675,4.964,DIS
937.34,2026-03-31,2025-12-31,2025-12-31,ES0105848008,11.2,2026-07-24,1080.31,Cox Infrastructure Group S.A.,2026-07-28,2026-03-31,2026-12-31,2026-12-31,12.15,11.8,10.65,11.0,,11.8,,10.2,11.85,11.85,15.1,15.35,15.1,15.1333,15.35,16.5,16.2,16.2,17.0,16.2,17.0,16.2,16.2,17.0,14.5,14.5,13.0,14.5,16.0,14.5,14.5,16.0,15.35,14.6,15.4,15.35,16.5,14.6,14.6,16.5,15.1,15.1,16.5,9.38,COXG
1739.24,2026-05-15,2025-12-31,2026-03-31,NL0000888691,26.68,2026-07-24,1079.52,AMG Critical Materials N.V.,2026-07-29,2026-06-30,2026-12-31,2026-06-30,34.7,29.6,25.38,35.18,48.14,29.6,27.88,39.78,32.74,32.74,46.6635,46.2375,46.6635,23.3563,42.883,35.2744,52.3333,52.9817,29.8318,45.1267,41.0,52.3333,52.3333,34.51,40.597,41.1,15.0259,38.2914,29.0038,40.597,40.597,28.6435,47.6707,47.5269,23.6651,44.052,34.4857,47.6707,47.6707,31.4422,46.2375,46.2375,31.5672,28.4,AMG
754.08,2026-06-29,2026-03-31,2026-03-31,JP3240600001,4230.0,2026-07-24,1070.12,Kissei Pharmaceutical Co. Ltd.,2026-07-31,2026-06-30,2027-03-31,2027-03-31,4075.0,4165.0,4330.0,4555.0,2979.0,4165.0,2293.0,4660.0,4090.0,4090.0,4833.3333,4833.3333,4833.3333,4750.0,5366.6667,5000.0,5500.0,5500.0,5000.0,5700.0,5200.0,5500.0,5500.0,5200.0,4100.0,4100.0,4200.0,4900.0,4600.0,4100.0,4100.0,4600.0,4850.0,4850.0,4900.0,5500.0,5100.0,4850.0,4850.0,5100.0,4833.3333,4833.3333,5000.0,4650.0,4547
796.55,2026-08-14,2025-12-31,2026-06-30,SA0007879568,14.31,2026-07-26,1068.23,The National Agricultural Development Company,2026-07-27,2026-09-30,2026-12-31,2026-09-30,16.17,15.47,20.9,16.87,46.55,15.47,,19.38,15.82,15.82,20.675,20.675,20.675,27.6333,22.3,25.0,25.7,25.7,31.0,25.7,28.0,25.7,25.7,28.0,16.0,16.0,23.9,19.7,21.3,16.0,16.0,21.3,20.5,20.5,28.0,21.5,25.35,20.5,20.5,25.0,20.675,20.675,24.7667,18.39,6010
809.93,2026-05-15,2025-12-31,2026-03-31,ID1000165004,324.0,2026-07-24,1066.81,PT Avia Avian Tbk,2026-07-28,2026-06-30,2026-12-31,2026-06-30,306.0,330.0,458.0,394.0,620.0,330.0,,492.0,312.0,312.0,510.8,510.8,510.8,535.0,498.0,506.0,560.0,560.0,570.0,500.0,560.0,560.0,560.0,560.0,494.0,494.0,500.0,494.0,470.0,494.0,494.0,470.0,500.0,500.0,535.0,500.0,497.0,500.0,500.0,497.0,510.8,510.8,506.0,505.0,AVIA
993.75,2026-06-29,2026-03-31,2026-03-31,INE306R01017,732.2,2026-07-24,1062.59,Intellect Design Arena Limited,2026-07-31,2026-06-30,2027-03-31,2027-03-31,755.35,760.0,1142.0,688.7,630.6,760.0,853.55,891.05,717.25,717.25,1058.5,1058.75,1058.5,1062.0,981.75,1195.75,1250.0,1250.0,1228.0,1210.0,1300.0,1250.0,1250.0,1300.0,855.0,854.0,920.0,737.0,1100.0,855.0,855.0,1100.0,1065.0,1065.0,1050.0,990.0,1191.5,1065.0,1065.0,1245.0,1058.75,1058.75,1222.5,971.0,INTELLECT
821.76,,2025-12-31,2026-03-31,GB00BVZNY531,3.255,2026-07-24,1061.06,Princes Group plc,2026-07-30,,2026-12-31,,3.15,3.2,,3.732,,3.2,,4.5,3.1,3.1,5.9575,5.9575,5.9575,,5.8922,5.9447,6.2487,6.2487,,5.9948,6.0034,6.2487,6.2487,6.0055,5.7883,5.7883,,5.7754,5.8985,5.7883,5.7883,5.6195,5.8863,5.8863,,5.8993,5.9384,5.8863,5.8863,5.9054,5.9575,5.9575,5.8434,4.5,PRN
795.57,2026-06-29,2026-03-31,2026-03-31,INE256A01028,105.46,2026-07-24,1050.82,Zee Entertainment Enterprises Limited,2026-07-30,2026-06-30,2027-03-31,2027-03-31,115.48,107.4,129.38,88.1,221.75,107.4,205.95,81.39,103.51,103.51,100.8333,97.0,99.4615,147.7059,101.1539,114.5,125.0,125.0,200.0,133.0,160.0,125.0,125.0,185.0,75.0,75.0,98.0,76.0,80.0,75.0,75.0,100.0,90.0,100.0,141.0,90.0,115.5,90.0,90.0,140.0,97.0,97.0,138.2941,89.96,ZEEL
1307.61,2026-05-15,2025-12-31,2026-03-31,VN000000REE2,44400.0,2026-07-24,1050.44,Refrigeration Electrical Engineering Corporation,2026-07-28,2026-06-30,2026-12-31,2026-06-30,50300.0,46250.0,60347.8261,54173.913,42607.0519,46250.0,25604.6019,54608.6957,49650.0,49650.0,65890.4348,65890.4348,65890.4348,63974.6152,66413.0435,66965.9735,67500.0,67500.0,76521.7391,67130.4348,76521.7391,67500.0,67500.0,76521.7391,63400.0,63400.0,56559.5463,65565.2174,60491.4934,63400.0,63400.0,60491.4934,66086.9565,66086.9565,61096.4083,66478.2609,65391.3043,66086.9565,66086.9565,65391.3043,65890.4348,65890.4348,66965.9735,53043.4783,REE
837.42,2026-06-29,2026-03-31,2026-03-31,INE183A01024,163.67,2026-07-24,1049.81,Finolex Industries Limited,2026-07-31,2026-06-30,2027-03-31,2027-03-31,183.65,164.66,212.16,172.21,190.05,164.66,176.2,173.77,174.87,174.87,210.7857,210.7857,210.7857,242.2,200.5714,224.1875,271.0,271.0,291.0,244.0,283.0,271.0,271.0,283.0,179.0,179.0,179.0,168.0,175.0,179.0,179.0,175.0,209.5,209.5,250.0,197.5,217.5,209.5,209.5,224.5,210.7857,210.7857,225.5625,174.01,FINPIPE
1048.76,2026-03-01,2025-06-30,2025-12-31,AU0000421851,7.75,2026-07-24,1049.58,Elevra Lithium Limited,2026-07-28,2026-03-31,2026-06-30,2026-06-30,9.57,8.19,3.45,12.88,22.5,8.19,11.85,9.16,9.6,9.6,14.8157,15.9333,14.8157,3.0,14.0333,12.25,18.3,17.8,3.0,16.5,16.0,18.3,18.3,12.5,14.5,11.963,3.0,11.6,8.5,14.5,14.5,7.0,15.0,14.75,3.0,14.0,12.25,15.0,15.0,9.75,15.9333,15.9333,9.75,8.04,ELV
1473.8,2026-05-15,2025-12-31,2026-03-31,US5966801087,56.19,2026-07-24,1046.5,Middlesex Water Company,2026-07-30,2026-06-30,2026-12-31,2026-06-30,54.02,57.44,52.55,53.5,83.01,57.44,96.35,52.29,56.16,56.16,60.0,60.0,60.0,64.0,60.0,58.25,65.0,65.0,73.0,65.0,65.0,65.0,65.0,65.0,55.0,55.0,53.0,55.0,51.0,55.0,55.0,51.0,60.0,60.0,66.0,60.0,58.5,60.0,60.0,57.5,60.0,60.0,57.75,50.42,MSEX
1044.86,2026-06-29,2026-03-31,2026-03-31,INE131B01039,403.8,2026-07-24,1042.78,Relaxo Footwears Limited,2026-07-31,2026-06-30,2027-03-31,2027-03-31,368.6,439.7,496.4,301.05,947.1,439.7,1170.1,357.2,405.65,405.65,382.3,380.8,382.3,468.5833,386.5,452.5455,440.0,440.0,741.0,425.0,741.0,440.0,440.0,741.0,280.0,280.0,385.0,270.0,360.0,280.0,280.0,370.0,388.0,388.0,454.0,410.0,450.0,388.0,388.0,450.0,380.8,380.8,458.6364,404.2,530517
2031.89,2026-05-15,2025-12-31,2026-03-31,DE000A2YN900,5.61,2026-07-24,1042.69,TeamViewer SE,2026-07-28,2026-06-30,2026-12-31,2026-06-30,4.89,5.745,9.62,4.71,15.335,5.745,29.25,5.815,4.908,4.908,7.6786,7.8357,7.6786,14.98,8.62,10.4618,13.0,13.0,20.0,13.5,17.0,13.0,13.0,17.0,5.0,5.0,11.0,5.0,6.5,5.0,5.0,6.5,7.25,6.95,14.5,7.6,9.9,7.25,7.25,9.95,7.8357,7.8357,10.4781,6.05,TMV
1320.4,2026-05-15,2025-12-31,2026-03-31,BE0974310428,6.955,2026-07-24,1033.02,X-FAB Silicon Foundries SE,2026-07-30,2026-06-30,2026-12-31,2026-06-30,8.805,7.115,6.245,6.765,9.88,7.115,7.34,5.325,7.915,7.915,7.7462,5.5447,7.7462,6.0806,5.2096,6.4291,8.1186,12.834,7.5552,6.2125,7.5554,12.8721,12.8721,7.6106,4.3585,4.4059,4.0117,4.4475,5.4989,4.39,4.39,6.0062,5.0678,6.1493,6.011,4.8827,6.4608,6.1676,6.1676,7.0098,6.6944,6.6944,6.8592,5.17,XFAB
1164.39,2026-06-29,2026-03-31,2026-03-31,INE075I01017,666.55,2026-07-24,1032.36,HealthCare Global Enterprises Limited,2026-07-30,2026-06-30,2027-03-31,2027-03-31,614.2,655.85,561.4,569.35,321.1,655.85,222.65,618.35,627.1,627.1,779.5556,779.5556,779.5556,567.2857,753.5,802.0,920.0,920.0,628.0,900.0,900.0,920.0,920.0,900.0,724.0,724.0,342.0,654.0,685.0,724.0,724.0,685.0,750.0,750.0,607.0,712.0,800.0,750.0,750.0,791.0,779.5556,779.5556,787.7143,662.0,HCG
1030.03,2026-05-15,2025-12-31,2026-03-31,KR7011210002,56600.0,2026-07-24,1030.49,Hyundai Wia Corporation,2026-07-24,2026-06-30,2026-12-31,2026-06-30,59100.0,54900.0,51000.0,84800.0,63600.0,54900.0,97200.0,84100.0,63900.0,63900.0,92500.0,93384.6154,91153.8461,54107.1429,86769.2308,67576.9231,120000.0,120000.0,60000.0,140000.0,110000.0,120000.0,120000.0,75000.0,43000.0,43000.0,36000.0,43000.0,36000.0,43000.0,43000.0,36000.0,100000.0,97000.0,56000.0,95000.0,66000.0,100000.0,100000.0,66000.0,93384.6154,93384.6154,60807.6923,75700.0,A011210
1233.91,2026-05-29,2026-02-28,2026-02-28,KYG8924B1041,1.3,2026-07-24,1027.99,Topsports International Holdings Limited,2026-07-27,2026-05-28,2027-02-28,2027-02-28,2.05,1.91,3.3,2.89,6.75,1.91,11.06,2.85,1.74,1.74,1.9964,3.6249,3.1028,3.7736,3.9967,3.9861,4.9954,4.9998,6.9419,6.7256,6.5585,4.9822,4.9822,6.5047,2.7955,1.7955,2.8174,2.8714,2.8001,2.1998,2.1998,3.0488,3.5988,3.1713,3.5857,3.8943,3.8613,3.4589,3.4589,3.8296,3.3743,3.3743,4.009,2.91,6110
731.32,2026-05-15,2025-12-31,2026-03-31,KW0EQ0601694,2.374,2026-07-26,1027.13,Humansoft Holding Company K.S.C.P.,2026-07-29,2026-06-30,2026-12-31,2026-06-30,2.45,2.388,2.39,2.41,3.5952,2.388,,2.65,2.39,2.39,3.345,3.345,3.345,3.45,3.42,3.4625,3.6,3.6,3.7,3.5,3.5,3.6,3.6,3.6,3.0,3.0,3.1,3.28,3.4,3.0,3.0,3.4,3.39,3.39,3.45,3.45,3.475,3.39,3.39,3.475,3.345,3.345,3.4875,2.626,HUMANSOFT
821.79,2026-05-15,2025-12-31,2026-03-31,US30233G2093,12.19,2026-07-24,1022.03,EyePoint Inc.,2026-07-31,2026-06-30,2026-12-31,2026-06-30,14.4,13.3,10.49,13.77,10.48,13.3,8.24,15.18,14.3,14.3,40.2857,37.0,40.5,31.6923,37.1667,36.0833,68.0,68.0,68.0,68.0,68.0,68.0,68.0,68.0,20.0,20.0,18.0,20.0,20.0,20.0,20.0,20.0,34.0,36.5,27.0,34.0,33.0,34.0,34.0,33.0,37.0,37.0,36.0833,18.27,EYPT
958.03,2026-06-29,2026-03-31,2026-03-31,INE0UIZ01018,539.35,2026-07-24,1019.08,BlackBuck Limited,2026-07-29,2026-06-30,2027-03-31,2027-03-31,561.5,579.6,444.4,597.25,,579.6,,536.0,530.8,530.8,715.2857,712.4286,715.2857,569.5,735.8571,750.5714,870.0,870.0,650.0,880.0,885.0,870.0,870.0,885.0,579.0,579.0,490.0,636.0,653.0,579.0,579.0,605.0,743.0,743.0,584.0,740.0,740.0,743.0,743.0,730.0,712.4286,712.4286,720.4286,679.75,BLACKBUCK
904.26,2026-05-15,2025-12-31,2026-03-31,US5288723027,2.29,2026-07-24,1017.21,Lexicon Pharmaceuticals Inc.,2026-07-31,2026-06-30,2026-12-31,2026-06-30,2.22,2.39,1.13,1.68,2.0,2.39,3.4,1.7,2.4,2.4,3.77,3.77,3.77,2.58,3.36,2.92,6.0,6.0,6.0,6.0,6.0,6.0,6.0,6.0,1.75,1.75,0.7,1.0,1.0,1.75,1.75,1.0,3.1,3.1,1.2,2.3,2.1,3.1,3.1,1.9,3.77,3.77,2.88,1.15,LXRX
1005.79,2026-08-14,2026-03-31,2026-06-30,INE825V01034,402.3,2026-07-24,1014.03,Vedant Fashions Limited,2026-07-25,2026-09-30,2027-03-31,2026-09-30,411.4,399.2,794.3,450.05,1287.05,399.2,,484.5,408.3,408.3,504.7,507.5,504.7,837.3,512.2,728.7,635.0,635.0,1000.0,700.0,930.0,635.0,635.0,930.0,400.0,372.0,730.0,400.0,600.0,400.0,400.0,675.0,515.0,515.0,825.0,500.0,724.5,515.0,515.0,744.0,507.5,507.5,763.7,582.1,MANYAVAR
1282.21,2026-05-29,2026-02-28,2026-02-28,GB00BKDTK925,2.204,2026-07-24,1012.8,Trainline plc,2026-07-31,2026-05-28,2027-02-28,2027-02-28,2.134,2.244,2.724,2.42,2.67,2.244,3.066,2.088,2.04,2.04,3.6117,3.5146,3.6117,4.155,3.55,3.8164,5.8,5.8,5.8,5.8,5.8,5.8,5.8,5.8,2.2,2.2,2.6,2.2,2.15,2.2,2.2,2.3,3.5,3.5,4.425,3.5,4.125,3.5,3.5,4.125,3.5146,3.5146,3.8843,2.204,TRN
971.6,2026-06-29,2026-03-31,2026-03-31,JP3705600009,2461.0,2026-07-24,1012.79,Japan Aviation Electronics Industry Limited,2026-07-29,2026-06-30,2027-03-31,2027-03-31,2276.0,2411.0,2355.0,2430.0,2877.0,2411.0,1826.0,2532.0,2311.0,2311.0,2326.25,2351.25,2326.25,2810.0,2436.1111,2528.8889,2750.0,2750.0,3100.0,2750.0,3000.0,2750.0,2750.0,3000.0,2000.0,2000.0,2500.0,2230.0,2150.0,2000.0,2000.0,2150.0,2290.0,2290.0,2740.0,2400.0,2500.0,2290.0,2290.0,2500.0,2351.25,2351.25,2528.8889,2516.0,6807
1206.98,2026-05-15,2025-12-31,2026-03-31,ID1000107303,442.0,2026-07-24,1001.5,PT Darma Henwa Tbk,2026-07-31,2026-06-30,2026-12-31,2026-06-30,322.0,364.0,216.0,486.0,56.0,364.0,50.0,685.0,284.0,284.0,922.182,947.2845,922.182,334.806,926.4455,1127.543,1382.766,1265.74,375.636,1376.919,1497.781,1382.766,1382.766,752.805,718.32,723.28,293.976,696.959,757.305,718.32,718.32,602.244,844.026,849.854,334.806,815.952,1127.543,844.026,844.026,677.5245,947.2845,947.2845,677.5245,670.0,DEWA
1027.29,2026-05-15,2025-12-31,2026-03-31,CA8959451037,6.65,2026-07-24,990.28,Trican Well Service Ltd.,2026-07-28,2026-06-30,2026-12-31,2026-06-30,6.66,6.68,5.59,7.12,3.93,6.68,2.59,6.73,6.72,6.72,8.3214,8.4643,8.3214,6.5357,7.7857,6.8214,9.5,9.5,7.25,9.0,8.0,9.5,9.5,8.0,7.75,7.5,6.0,7.0,5.5,7.75,7.75,5.5,8.5,8.0,6.5,8.0,6.75,8.5,8.5,6.75,8.4643,8.4643,6.8214,5.94,TCW
1525.0,2026-03-31,2025-12-31,2025-12-31,FR0000039620,35.94,2026-07-24,987.77,Mersen S.A.,2026-07-30,2026-03-31,2026-12-31,2026-12-31,39.92,35.58,21.85,28.0,41.15,35.58,33.85,25.45,41.66,41.66,41.8,38.4,41.8,25.9333,28.75,28.0429,48.0,53.0,32.0,33.0,33.0,48.0,48.0,33.0,29.0,29.0,21.0,24.0,22.0,29.0,29.0,22.0,36.0,45.0,25.8,29.0,31.0,36.0,36.0,28.5,38.4,38.4,27.7167,23.85,MRN
4540.51,2026-05-30,2025-09-30,2026-03-31,FR0000073041,1.868,2026-07-24,980.99,Pierre et Vacances SA,2026-07-28,2026-06-30,2026-09-30,2026-09-30,1.844,1.838,1.674,1.9,1.602,1.838,10.08,1.844,1.82,1.82,2.15,2.225,2.225,2.175,2.275,2.25,2.3,2.3,2.3,2.3,2.3,2.3,2.3,2.3,2.0,2.0,2.1,2.2,2.2,2.0,2.0,2.2,2.3,2.3,2.15,2.3,2.25,2.3,2.3,2.25,2.225,2.225,2.25,1.87,VAC
1479.48,2026-05-15,2025-12-31,2026-03-31,SA14K0Q0SJ16,70.25,2026-07-26,977.4,Leejam Sports Company,2026-07-30,2026-06-30,2026-12-31,2026-06-30,79.5,71.5,140.1,88.0,143.8,71.5,,99.2,78.3,78.3,95.8,99.2143,94.5833,175.0909,129.35,158.0556,127.0,120.0,230.5,160.1,215.0,127.0,127.0,215.0,72.4,72.4,127.0,95.0,127.0,72.4,72.4,127.0,95.0,94.05,175.0,133.5,152.0,95.0,95.0,160.1,99.2143,99.2143,161.3889,99.5,1830
1109.64,2026-03-31,2025-12-31,2025-12-31,NL0010558797,4.07,2026-07-24,976.29,OCI N.V.,2026-07-31,2026-03-31,2026-12-31,2026-12-31,3.758,4.078,7.545,3.634,25.45,4.078,20.6,3.43,4.03,4.03,4.0051,4.0261,4.0261,8.2012,3.8903,3.9277,4.7256,4.7256,9.1539,4.9542,5.0395,4.7256,4.7256,4.9746,3.0615,3.0615,7.1842,2.9495,2.9934,3.0615,3.0615,2.9548,4.0958,4.0958,8.3257,3.834,3.9061,4.0958,4.0958,4.06,4.0261,4.0261,3.9093,3.06,OCI
1125.06,2026-05-15,2025-12-31,2026-03-31,PTCOR0AE0006,6.44,2026-07-24,973.87,Corticeira Amorim S.G.P.S. S.A.,2026-07-29,2026-06-30,2026-12-31,2026-06-30,6.36,6.55,7.68,6.53,10.24,6.55,10.84,6.81,6.39,6.39,8.11,8.4529,8.2243,10.19,8.8829,9.0257,9.8,9.8,11.1,10.3,10.3,9.8,9.8,10.3,6.95,6.95,8.78,7.43,7.43,6.95,6.95,7.43,8.9,8.5,10.3,8.9,8.9,8.9,8.9,8.9,8.4529,8.4529,9.0257,6.61,COR
5519.05,2026-05-15,2025-12-31,2026-03-31,BRECORACNOR8,7.01,2026-07-24,958.98,EcoRodovias Infraestrutura e Logística S.A.,2026-07-30,2026-06-30,2026-12-31,2026-06-30,7.12,7.04,6.66,9.26,8.1,7.04,11.79,12.05,7.45,7.45,12.9692,13.0769,13.0,9.3385,13.1692,12.9692,17.0,17.0,12.0,18.0,18.0,17.0,17.0,18.0,10.0,9.0,7.0,9.6,10.2,10.0,10.0,9.5,12.5,12.5,9.0,12.2,12.0,12.5,12.5,11.5,13.0769,13.0769,12.4923,10.6,ECOR3
560.67,2026-03-31,2025-12-31,2025-12-31,LU1618151879,284.0,2026-07-24,929.73,Logwin AG,2026-07-29,2026-03-31,2026-12-31,2026-12-31,276.0,288.0,236.0,288.0,252.0,288.0,276.0,266.0,288.0,288.0,261.0,261.0,261.0,261.0,261.0,261.0,261.0,261.0,261.0,261.0,261.0,261.0,261.0,261.0,261.0,261.0,261.0,261.0,261.0,261.0,261.0,261.0,261.0,261.0,261.0,261.0,261.0,261.0,261.0,261.0,261.0,261.0,261.0,256.0,TGHN
1182.23,2026-05-15,2025-12-31,2026-03-31,CA09202D2077,18.98,2026-07-24,923.45,Black Diamond Group Limited,2026-07-30,2026-06-30,2026-12-31,2026-06-30,18.76,20.04,12.2,17.79,6.13,20.04,4.05,16.52,18.47,18.47,22.25,21.4643,21.6071,14.3333,20.4643,19.0,25.0,25.0,17.25,22.0,20.5,25.0,25.0,19.0,18.5,18.5,12.0,18.25,16.5,18.5,18.5,15.5,21.75,21.75,14.125,20.0,20.0,21.75,21.75,18.0,21.6071,21.6071,17.625,14.66,BDI
1028.24,2026-05-15,2025-12-31,2026-03-31,US4937321010,55.12,2026-07-24,922.21,Kforce Inc.,2026-07-27,2026-06-30,2026-12-31,2026-06-30,46.93,58.56,46.36,32.41,65.12,58.56,60.62,34.79,46.92,46.92,53.6667,42.3333,42.3333,50.25,39.0,36.875,47.0,47.0,57.0,40.0,41.0,47.0,47.0,41.0,38.0,38.0,40.0,38.0,34.5,38.0,38.0,34.5,42.0,42.0,52.0,39.0,36.0,42.0,42.0,36.0,42.3333,42.3333,36.875,30.92,KFRC
986.28,2026-05-15,2025-12-31,2026-03-31,US68375N1037,1.22,2026-07-24,921.21,OPKO Health Inc.,2026-07-27,2026-06-30,2026-12-31,2026-06-30,1.49,1.19,1.4,1.23,1.84,1.19,3.64,1.32,1.5,1.5,4.375,3.76,4.375,3.9917,3.4,3.5583,8.5,8.5,8.5,8.5,8.5,8.5,8.5,8.5,1.3,3.0,2.0,1.4,1.6,3.0,3.0,1.6,3.0,3.0,3.0,3.0,3.0,3.0,3.0,3.0,4.375,4.375,3.5583,1.26,OPK
1274.99,2026-05-15,2025-12-31,2026-03-31,US71722W1071,11.44,2026-07-24,908.68,Phathom Pharmaceuticals Inc.,2026-07-30,2026-06-30,2026-12-31,2026-06-30,10.61,10.94,9.05,11.7,13.53,10.94,32.62,13.5,10.85,10.85,23.7,23.7,23.7,19.875,23.7,22.9,29.0,29.0,29.0,29.0,29.0,29.0,29.0,29.0,13.0,13.0,12.0,13.0,12.0,13.0,13.0,12.0,25.5,25.5,18.5,25.5,24.0,25.5,25.5,24.0,23.7,23.7,22.9,16.59,PHAT
671.35,2026-03-31,2025-12-31,2025-12-31,FR0004045847,178.0,2026-07-24,904.11,Voyageurs du Monde SA,2026-07-30,2026-03-31,2026-12-31,2026-12-31,142.5,177.5,171.0,137.5,121.5,177.5,77.2,169.0,145.0,145.0,180.0,183.5,180.0,192.3333,192.3333,199.6667,187.0,180.0,219.0,203.0,219.0,187.0,187.0,219.0,180.0,180.0,168.0,180.0,186.0,180.0,180.0,186.0,183.5,180.0,190.0,194.0,194.0,183.5,183.5,194.0,183.5,183.5,199.6667,168.0,ALVDM
633.93,2026-05-15,2025-12-31,2026-03-31,FI4000517966,19.32,2026-07-24,899.97,GRK Infra Oyj,2026-07-28,2026-06-30,2026-12-31,2026-06-30,18.18,18.54,14.22,13.26,,18.54,,14.694,19.2,19.2,21.6,18.0667,21.0667,14.7333,16.6333,16.0,21.2,22.0,16.0,18.4,17.0,22.0,22.0,17.0,16.0,20.0,13.0,14.5,14.5,16.0,16.0,14.5,17.0,21.2,15.2,17.0,16.5,21.2,21.2,16.5,19.7333,19.7333,16.0,14.34,GRK
939.54,2026-03-31,2025-12-31,2025-12-31,GB00BQH8G337,2.24,2026-07-24,893.37,Rezolve AI PLC,2026-07-30,2026-03-31,2026-12-31,2026-12-31,2.62,2.31,3.04,2.62,10.56,2.31,,3.14,3.15,3.15,10.5,10.75,10.5,5.65,10.75,11.4167,15.0,15.0,10.0,15.0,15.0,15.0,15.0,15.0,7.0,7.0,4.0,7.0,7.0,7.0,7.0,7.0,10.75,9.5,5.0,10.75,12.25,10.75,10.75,9.5,10.75,10.75,10.0,2.57,RZLV
853.48,2026-05-15,2025-12-31,2026-03-31,PLASSEE00014,65.1,2026-07-24,889.73,Asseco South Eastern Europe S.A.,2026-07-31,2026-06-30,2026-12-31,2026-06-30,59.8,61.1,77.8,60.2,50.0,61.1,37.7,70.1,59.6,59.6,74.95,74.95,74.95,64.0,74.95,74.95,79.9,79.9,70.0,79.9,79.9,79.9,79.9,79.9,70.0,70.0,58.0,70.0,70.0,70.0,70.0,70.0,74.95,74.95,64.0,74.95,74.95,74.95,74.95,74.95,74.95,74.95,74.95,63.0,ASE
-752.45,2026-05-15,2025-12-31,2026-03-31,PTCTT0AM0001,5.92,2026-07-24,888.63,CTT - Correios De Portugal S.A.,2026-07-28,2026-06-30,2026-12-31,2026-06-30,5.89,5.76,7.57,6.29,3.665,5.76,4.44,6.83,5.785,5.785,8.92,9.04,8.92,9.075,9.24,9.3125,9.7,9.4,9.9,10.4,10.05,9.7,9.7,10.05,7.9,7.9,7.9,7.9,7.9,7.9,7.9,7.9,9.4,9.1,9.25,9.4,9.65,9.4,9.4,9.65,9.04,9.04,9.3125,7.43,CTT
831.7,2026-05-15,2025-12-31,2026-03-31,NL0010391025,1.102,2026-07-24,884.92,Pharming Group N.V.,2026-07-30,2026-06-30,2026-12-31,2026-06-30,1.1495,1.146,0.865,1.421,1.106,1.146,0.972,1.673,1.202,1.202,2.2897,2.3589,2.3589,2.1608,2.2535,2.2252,2.6344,2.6344,2.546,2.6408,2.6016,2.6344,2.6344,2.4439,1.996,1.996,1.579,1.92,1.8915,1.996,1.996,1.6985,2.4464,2.4464,2.259,2.2266,2.2038,2.4464,2.4464,2.1663,2.3589,2.3589,2.1188,1.426,PHARM
1190.73,2026-05-15,2025-12-31,2026-03-31,US5021601043,12.24,2026-07-24,880.53,LSB Industries Inc.,2026-07-29,2026-06-30,2026-12-31,2026-06-30,10.71,11.39,8.51,14.39,10.98,11.39,6.3231,9.88,10.81,10.81,13.7,14.9,14.1,9.58,15.1,11.15,18.0,18.0,15.0,18.0,15.0,18.0,18.0,15.0,11.0,11.0,6.9,11.0,9.0,11.0,11.0,9.0,15.0,14.5,9.0,16.0,11.0,15.0,15.0,10.0,14.9,14.9,10.9,8.5,LXU
379.55,2026-05-15,2025-12-31,2026-03-31,CA0585861085,4.09,2026-07-24,874.44,Ballard Power Systems Inc.,2026-07-31,2026-06-30,2026-12-31,2026-06-30,5.24,3.79,2.86,4.48,6.08,3.79,19.84,3.63,5.53,5.53,4.6192,4.161,4.6192,1.4711,2.6505,1.7505,4.3105,5.2432,2.0214,3.5295,2.0002,4.4857,4.4857,2.0002,4.0115,3.9952,0.9989,2.001,1.5008,4.0026,4.0026,1.5008,4.161,4.6192,1.3931,2.4209,1.7505,4.2441,4.2441,1.7505,4.2441,4.2441,1.7505,3.5,BLDP
814.89,2026-05-15,2025-12-31,2026-03-31,CA03074G1090,7.6,2026-07-24,871.48,Amerigo Resources Ltd.,2026-07-29,2026-06-30,2026-12-31,2026-06-30,5.89,7.07,2.37,6.19,1.52,7.07,1.23,6.05,6.14,6.14,10.0119,8.4996,10.0119,2.996,8.4835,6.4955,8.4996,10.0119,2.996,8.4835,6.4955,8.4996,8.4996,4.7345,8.4996,10.0119,2.996,8.4835,6.4955,8.4996,8.4996,4.7345,8.4996,10.0119,2.996,8.4835,6.4955,8.4996,8.4996,4.7345,8.4996,8.4996,4.7345,4.54,ARG
810.57,2026-05-15,2025-12-31,2026-03-31,BRINTBACNOR9,13.53,2026-07-24,870.65,Intelbras S.A. - Indústria de Telecomunicação Eletrônica Brasileira,2026-07-29,2026-06-30,2026-12-31,2026-06-30,13.65,13.35,14.88,14.87,24.0,13.35,27.88,11.53,14.08,14.08,16.82,16.97,16.82,20.4,16.35,16.6,19.0,19.0,25.0,18.3,22.0,19.0,19.0,22.0,13.7,13.7,15.8,13.7,13.7,13.7,13.7,13.7,17.0,17.0,20.5,17.0,17.0,17.0,17.0,17.0,16.97,16.97,17.1,11.61,INTB3
1064.13,2026-05-15,2025-12-31,2026-03-31,TRETTRK00010,411.5,2026-07-24,869.78,Türk Traktör ve Ziraat Makineleri A.S.,2026-07-27,2026-06-30,2026-12-31,2026-06-30,436.0,437.5,609.5,472.25,580.0,437.5,87.9461,575.5,438.5,438.5,590.9987,596.8737,596.8737,803.0,630.11,665.675,750.0,750.0,943.0,750.0,740.4,750.0,750.0,800.0,471.0,471.0,650.0,500.0,600.0,471.0,471.0,600.0,602.5,602.5,815.0,639.0,657.0,602.5,602.5,664.0,596.8737,596.8737,672.3,519.5,TTRAK
1145.01,2026-06-27,2026-03-31,2026-03-29,CA1350861060,12.54,2026-07-24,863.89,Canada Goose Holdings Inc.,2026-07-30,2026-06-29,2027-03-31,2027-03-29,13.44,13.79,20.08,16.0,23.08,13.79,53.57,17.57,13.43,13.43,15.9157,16.2014,16.2014,16.53,16.7729,20.3443,20.0,20.0,25.0,23.0,28.0,20.0,20.0,28.0,12.0,12.0,10.0,12.0,12.0,12.0,12.0,12.0,16.41,16.41,15.62,16.41,22.0,16.41,16.41,22.0,16.2014,16.2014,20.4086,17.79,GOOS
1586.9,2026-05-15,2025-12-31,2026-03-31,US8536661056,38.67,2026-07-24,860.92,Standard Motor Products Inc.,2026-07-31,2026-06-30,2026-12-31,2026-06-30,39.43,38.59,32.97,38.6,38.12,38.59,41.85,39.3,38.97,38.97,48.3333,48.3333,48.3333,41.0,48.6667,47.0,54.0,54.0,42.0,54.0,49.0,54.0,54.0,49.0,45.0,45.0,39.0,45.0,45.0,45.0,45.0,45.0,46.0,46.0,42.0,47.0,47.0,46.0,46.0,47.0,48.3333,48.3333,47.0,36.85,SMP
2539.86,2026-03-31,2025-12-31,2025-12-31,GG00B1Z5FH87,15.38,2026-07-24,857.61,PPHE Hotel Group Limited,2026-07-30,2026-03-31,2026-12-31,2026-12-31,16.76,15.8,16.26,16.1,10.4,15.8,14.72,18.26,17.2,17.2,20.8333,20.8333,20.8333,18.6058,20.8333,22.2633,21.0,21.0,24.3887,21.0,24.79,21.0,21.0,21.8803,20.5,20.5,12.9177,20.5,21.0,20.5,20.5,18.5351,21.0,21.0,18.5585,21.0,21.0,21.0,21.0,20.2077,20.8333,20.8333,20.2077,17.96,PPH
2245.9,2026-04-14,2025-08-31,2026-02-28,GB00B2PDGW16,4.252,2026-07-24,852.47,WH Smith PLC,2026-07-28,2026-05-28,2026-08-31,2026-05-28,3.966,4.084,10.74,5.655,15.02,4.084,16.525,6.75,3.93,3.93,4.6992,4.6627,4.6992,12.9708,6.3318,7.0836,5.75,5.75,16.0,7.0,8.2,5.75,5.75,13.5,3.7,3.7,10.0,5.75,6.0,3.7,3.7,6.5,4.55,4.65,13.375,6.34,6.8,4.55,4.55,7.2,4.6627,4.6627,7.725,6.39,SMWH
821.62,2026-03-31,2025-12-31,2025-12-31,CH0276534614,62.5,2026-07-24,848.92,Zehnder Group AG,2026-07-30,2026-03-31,2026-12-31,2026-12-31,62.5,63.0,70.2,66.8,65.0,63.0,89.0,83.5,62.4,62.4,85.8693,85.5634,85.2191,66.1375,88.0869,91.6067,106.5883,105.3377,74.735,106.3553,101.4316,106.5883,106.5883,95.3415,73.5031,72.3459,52.9538,73.3424,75.3277,73.5031,73.5031,75.7026,83.6668,84.0585,70.7237,86.3764,94.4288,83.6668,83.6668,87.8996,85.5634,85.5634,86.7108,81.8,ZEHN
2232.9,2026-05-15,2025-12-31,2026-03-31,US00191U1025,20.6,2026-07-24,844.6,Everforth Inc.,2026-07-29,2026-06-30,2026-12-31,2026-06-30,18.31,18.73,55.65,18.97,81.2,18.73,97.24,51.04,17.87,17.87,27.0,29.3333,26.5,58.3333,48.2,51.1667,38.0,38.0,75.0,62.0,63.0,38.0,38.0,63.0,17.0,17.0,42.0,35.0,42.0,17.0,17.0,41.0,33.0,27.0,59.0,51.0,49.5,33.0,33.0,46.5,29.3333,29.3333,49.6667,48.17,EFOR
1124.1,2026-03-31,2025-12-31,2025-12-31,FR0000038606,19.38,2026-07-24,843.2,Manitou BF SA,2026-07-28,2026-03-31,2026-12-31,2026-12-31,20.05,19.54,21.9,21.45,25.0,19.54,26.55,18.08,18.9,18.9,23.9,23.9,23.9,25.3667,24.4571,23.3571,25.5,25.5,27.5,28.0,27.5,25.5,25.5,27.5,20.0,20.0,23.2,20.0,18.0,20.0,20.0,20.0,25.0,25.0,25.0,24.0,24.0,25.0,25.0,24.5,23.9,23.9,24.5833,19.3,MTU
821.82,2026-05-12,2025-12-31,2026-03-28,US64118P1093,2.5,2026-07-24,834.42,Netlist Inc.,2026-07-30,2026-06-28,2026-12-31,2026-06-28,2.69,2.56,0.7,2.25,3.27,2.56,7.92,1.28,3.08,3.08,5.0,5.0,5.0,2.0,3.0,2.0,5.0,5.0,2.0,3.0,2.0,5.0,5.0,2.0,5.0,5.0,2.0,3.0,2.0,5.0,5.0,2.0,5.0,5.0,2.0,3.0,2.0,5.0,5.0,2.0,5.0,5.0,2.0,0.8889,NLST
876.43,2026-05-15,2025-12-31,2026-03-31,DE000A0Z1JH9,45.5,2026-07-24,806.86,PSI Software SE,2026-07-31,2026-06-30,2026-12-31,2026-06-30,45.0,45.0,30.2,45.3,28.8,45.0,39.0,45.0,44.6,44.6,45.0,45.0,45.0,35.0833,45.0,41.5,45.0,45.0,40.0,45.0,45.0,45.0,45.0,45.0,45.0,45.0,30.0,45.0,31.0,45.0,45.0,31.0,45.0,45.0,35.5,45.0,45.0,45.0,45.0,45.0,45.0,45.0,41.5,45.0,PSAN
1786.16,2026-05-30,2026-03-31,2026-03-01,ZAE000005443,18.35,2026-07-24,800.26,Pick n Pay Stores Limited,2026-07-31,2026-06-01,2027-03-31,2027-03-01,20.76,18.96,26.97,20.3,38.5,18.96,51.35,24.6,20.83,20.83,24.25,24.6125,24.25,31.0571,26.31,30.8167,37.0,37.0,37.0,37.0,37.0,37.0,37.0,37.0,18.3,17.0,28.0,18.2,24.0,18.3,18.3,26.0,22.8,22.0,30.0,23.4,31.0,22.0,22.0,31.0,24.4125,24.4125,31.0389,24.9,PIK
866.19,2026-05-15,2025-12-31,2026-03-31,FR0000065484,18.4,2026-07-24,795.4,Lectra SA,2026-07-30,2026-06-30,2026-12-31,2026-06-30,16.18,17.92,23.4,17.74,26.4,17.92,32.9,23.0,17.16,17.16,22.25,22.25,22.25,31.0,26.7143,29.3333,27.5,27.5,36.5,31.0,33.0,27.5,27.5,33.0,18.0,18.0,28.0,21.0,28.0,18.0,18.0,28.0,22.5,22.5,30.0,27.0,28.5,22.5,22.5,29.0,22.25,22.25,29.6,25.5,LSS
742.0,2026-03-31,2025-12-31,2025-12-31,FR0013333432,76.1,2026-07-24,793.51,Thermador Groupe SA,2026-07-29,2026-03-31,2026-12-31,2026-12-31,67.5,80.2,81.7,70.2,81.9,80.2,96.2,73.6,78.6,78.6,90.6667,90.1667,90.6667,90.5,90.1667,92.1667,93.0,94.0,93.5,93.0,93.0,93.0,93.0,93.5,85.0,85.0,85.0,85.0,91.0,85.0,85.0,81.0,92.5,93.0,93.0,92.5,92.5,92.5,92.5,93.0,90.1667,90.1667,89.1667,77.5,THEP
1279.57,2026-05-15,2025-12-31,2026-03-31,IT0005037210,15.0,2026-07-24,782.69,Tinexta S.p.A.,2026-07-30,2026-06-30,2026-12-31,2026-06-30,15.08,15.0,13.92,15.06,16.57,15.0,37.84,15.13,15.2,15.2,15.9,15.9,15.9,14.225,15.6,15.6,16.8,16.8,17.5,16.8,16.8,16.8,16.8,16.8,15.0,15.0,10.0,15.0,15.0,15.0,15.0,15.0,15.9,15.9,14.7,15.0,15.0,15.9,15.9,15.9,15.9,15.9,15.9,14.99,TNXT
1418.01,2026-03-31,2025-12-31,2025-12-31,CH0127480363,109.0,2026-07-24,773.17,Autoneum Holding AG,2026-07-29,2026-03-31,2026-12-31,2026-12-31,112.6,107.2,150.6,120.8,150.6,107.2,172.4,151.0,108.0,108.0,131.24,142.24,131.24,145.2,142.04,155.6,175.0,156.0,190.0,175.0,175.0,175.0,175.0,190.0,124.0,120.0,125.0,124.0,140.0,124.0,124.0,140.0,130.0,126.2,140.0,130.0,157.0,130.0,130.0,156.5,142.24,142.24,160.75,167.6,AUTN
1199.4,2026-03-31,2025-12-31,2025-12-31,NL0000313286,22.75,2026-07-24,767.98,Acomo N.V.,2026-07-28,2026-03-31,2026-12-31,2026-12-31,22.85,23.05,22.75,26.3,22.2,23.05,24.4,25.4,22.55,22.55,25.875,25.875,25.875,26.0,27.375,26.5,28.75,28.75,26.0,28.75,27.0,28.75,28.75,26.0,23.0,23.0,26.0,26.0,26.0,23.0,23.0,26.0,25.875,25.875,26.0,27.375,26.5,25.875,25.875,26.0,25.875,25.875,26.0,24.35,ACOMO
1019.3,2026-05-15,2025-12-31,2026-03-31,HRATGRRA0003,50.0,2026-07-24,753.77,Atlantic Grupa d.d.,2026-07-28,2026-06-30,2026-12-31,2026-06-30,51.5,51.0,47.2,50.0,49.6,51.0,49.7651,47.0,51.0,51.0,63.5435,55.3108,61.7313,49.1363,47.9577,49.3627,70.2035,72.3881,50.1903,50.9659,51.0744,72.3881,72.3881,51.0744,44.7919,52.5219,48.0823,44.9495,47.651,52.5219,52.5219,47.651,50.9369,60.284,49.1363,47.9577,49.3627,60.284,60.284,49.3627,61.7313,61.7313,49.3627,46.8,ATGR
1164.8,2026-06-29,2026-03-31,2026-03-31,FR0000054470,4.825,2026-07-24,738.42,Ubisoft Entertainment SA,2026-07-24,2026-06-30,2027-03-31,2027-03-31,4.984,5.506,9.462,4.736,30.49,5.506,56.32,4.059,5.376,5.376,5.2042,5.7039,5.8042,12.4714,6.3429,7.75,12.0,12.0,21.3,15.0,15.0,12.0,12.0,17.0,3.5,3.5,9.0,3.5,4.0,3.5,3.5,6.4,5.0,5.05,11.0,4.75,7.35,5.0,5.0,8.75,5.7039,5.7039,9.7571,6.442,UBI
1961.59,2026-05-15,2025-12-31,2026-03-31,SA0007870070,39.36,2026-07-26,733.92,Saudi Automotive Services Company,2026-07-30,2026-06-30,2026-12-31,2026-06-30,46.02,42.7,54.95,50.95,54.6857,42.7,,52.15,44.14,44.14,41.725,45.225,45.225,46.4667,53.4667,52.35,50.0,50.0,49.0,66.0,66.0,50.0,50.0,66.0,41.3,41.3,42.0,46.0,46.0,41.3,41.3,48.4,44.8,44.8,48.4,48.4,48.7,44.8,44.8,49.0,45.225,45.225,54.4667,55.5,4050
1405.43,2026-05-15,2025-12-31,2026-03-31,IT0004093263,2.95,2026-07-24,725.97,Ascopiave S.p.A.,2026-07-30,2026-06-30,2026-12-31,2026-06-30,2.985,3.055,3.14,3.38,2.32,3.055,3.535,3.385,2.94,2.94,3.8,3.8,3.8,3.4,4.0,3.7667,3.9,3.9,3.4,4.2,4.1,3.9,3.9,3.6,3.7,3.7,3.4,3.8,3.6,3.7,3.7,3.6,3.8,3.8,3.4,4.0,3.6,3.8,3.8,3.6,3.8,3.8,3.6,3.3,ASC
1404.76,2026-05-15,2025-12-31,2026-03-31,IT0003073266,1.811,2026-07-24,725.24,Piaggio & C. SpA,2026-07-28,2026-06-30,2026-12-31,2026-06-30,1.638,1.844,1.995,1.604,3.504,1.844,3.25,1.822,1.606,1.606,2.0675,2.055,2.0675,2.4714,2.055,2.375,3.0,3.0,4.1,3.0,4.1,3.0,3.0,4.1,1.56,1.56,1.6,1.56,1.6,1.56,1.56,1.6,1.95,1.95,2.2,1.95,2.1,1.95,1.95,2.1,2.055,2.055,2.4143,1.822,PIA
1750.07,2026-03-31,2025-12-31,2025-12-31,IT0000070786,0.736,2026-07-24,719.13,CIR S.p.A. - Compagnie Industriali Riunite,2026-07-31,2026-03-31,2026-12-31,2026-12-31,0.706,0.773,0.643,0.68,0.408,0.773,0.504,0.7,0.695,0.695,0.89,0.84,0.89,0.795,0.84,0.86,0.88,0.9,0.82,0.88,0.92,0.88,0.88,0.92,0.8,0.88,0.77,0.8,0.8,0.8,0.8,0.92,0.84,0.89,0.795,0.84,0.86,0.84,0.84,0.92,0.84,0.84,0.92,0.703,CIR
1414.14,2026-08-14,2025-12-31,2026-06-30,MXP339881098,23.45,2026-07-23,707.88,Cydsa S.A.B. de C.V.,2026-07-31,2026-09-30,2026-12-31,2026-09-30,23.9,23.25,17.92,27.39,17.9,23.25,14.0,17.0,,,54.8333,54.8333,54.8333,56.5,52.8333,58.0,69.0,69.0,66.0,69.0,69.0,69.0,69.0,66.0,43.5,43.5,47.0,43.5,47.0,43.5,43.5,47.0,52.0,52.0,56.5,46.0,58.0,52.0,52.0,56.5,54.8333,54.8333,56.5,18.2,CYDSASAA
885.88,2026-05-15,2025-12-31,2026-03-31,IT0004171440,7.03,2026-07-24,705.52,Zignago Vetro S.p.A.,2026-07-31,2026-06-30,2026-12-31,2026-06-30,6.99,7.54,8.48,7.07,15.38,7.54,16.86,7.85,7.18,7.18,8.7,8.7,8.7,10.175,8.675,8.925,9.0,9.0,11.5,9.2,10.0,9.0,9.0,10.0,8.5,8.5,9.5,8.0,8.0,8.5,8.5,8.0,8.65,8.65,9.85,8.75,8.85,8.65,8.65,8.85,8.7,8.7,8.925,7.77,ZV
697.1,2026-05-15,2025-12-31,2026-03-31,SE0007439443,87.4,2026-07-24,695.57,Storytel AB (publ),2026-07-28,2026-06-30,2026-12-31,2026-06-30,91.0,88.8,94.9,103.2,34.44,88.8,218.5,84.9,91.95,91.95,111.25,111.25,111.25,122.0,113.25,110.0,120.0,120.0,150.0,125.0,125.0,120.0,120.0,125.0,100.0,100.0,94.0,102.0,96.0,100.0,100.0,91.0,112.5,112.5,122.0,113.0,109.0,112.5,112.5,108.0,111.25,111.25,108.0,83.8,STORYB
1590.04,2026-05-15,2025-12-31,2026-03-31,FR001400PVN6,83.4,2026-07-24,681.71,Viridien Société anonyme,2026-07-30,2026-06-30,2026-12-31,2026-06-30,86.65,77.5,58.5,154.5,74.3,77.5,60.12,121.8,83.8,83.8,152.1035,160.195,152.1035,84.9389,155.3746,129.451,203.9314,205.7911,117.5013,199.9526,159.3873,203.9314,203.9314,119.3985,130.12,130.0442,60.0302,115.9203,100.3619,130.12,130.12,98.4081,153.4001,139.8239,81.112,150.2304,120.1822,153.4001,153.4001,108.0761,160.195,160.195,108.4897,98.4,VIRI
2385.36,2026-03-31,2025-12-31,2025-12-31,FR001400X2S4,30.08,2026-07-24,663.93,Atos Group,2026-07-30,2026-03-31,2026-12-31,2026-12-31,33.3,30.24,27.65,33.94,144500.0,30.24,408900.0,59.2,33.64,33.64,41.0,41.6,41.0,30.85,41.6,50.6,50.0,50.0,41.0,50.0,55.0,50.0,50.0,55.0,34.0,34.0,20.4,34.0,45.0,34.0,34.0,35.0,43.0,43.0,31.0,43.0,50.0,43.0,43.0,48.0,41.6,41.6,46.5,50.17,ATO
634.79,2026-05-29,2026-02-28,2026-02-28,GB0033147751,6.07,2026-07-24,653.71,Bloomsbury Publishing Plc,2026-07-27,2026-05-28,2027-02-28,2027-02-28,6.2,6.31,5.0,6.2,4.46,6.31,3.8,4.99,6.21,6.21,7.86,7.86,7.86,7.88,7.56,7.56,8.25,8.25,8.5,8.25,8.25,8.25,8.25,8.25,7.5,7.5,7.0,6.9,6.9,7.5,7.5,6.9,7.8,7.8,8.15,7.5,7.5,7.8,7.8,7.5,7.86,7.86,7.56,4.82,BMY
1101.43,2026-05-15,2025-12-31,2026-03-31,CLP9796J1008,834.99,2026-07-24,650.65,Viña Concha y Toro S.A.,2026-07-30,2026-06-30,2026-12-31,2026-06-30,853.3,852.33,1059.9,902.0,1129.5,852.33,1295.0,1024.0,860.0,860.0,1350.0,1350.0,1350.0,1387.5,1383.3333,1375.0,1650.0,1650.0,1500.0,1650.0,1650.0,1650.0,1650.0,1650.0,1150.0,1150.0,1300.0,1150.0,1150.0,1150.0,1150.0,1150.0,1300.0,1300.0,1375.0,1350.0,1350.0,1300.0,1300.0,1375.0,1350.0,1350.0,1387.5,1025.0,CONCHATORO
663.45,2026-05-15,2025-12-31,2026-03-31,SA1660IIU0H3,11.99,2026-07-26,649.19,Jahez International Company for Information Systems Technology,2026-07-29,2026-06-30,2026-12-31,2026-06-30,14.02,12.49,26.96,13.83,30.9,12.49,,14.05,13.65,13.65,15.7364,17.12,15.7364,30.87,19.47,21.8182,27.2,27.2,40.0,35.0,35.0,27.2,27.2,35.0,11.0,11.0,24.0,11.0,13.5,11.0,11.0,13.5,15.75,14.5,29.75,15.75,21.0,15.75,15.75,21.0,17.12,17.12,21.8182,14.42,6017
640.44,2026-05-15,2025-12-31,2026-03-31,SA0007879519,15.23,2026-07-26,638.96,Yanbu Cement Company,2026-07-30,2026-06-30,2026-12-31,2026-06-30,15.41,15.16,18.16,14.37,39.25,15.16,,15.4,15.69,15.69,15.9667,15.9667,15.9667,23.9333,16.8,22.7667,17.5,17.5,26.8,17.5,26.8,17.5,17.5,26.8,15.0,15.0,21.0,15.4,17.5,15.0,15.0,17.5,15.4,15.4,24.0,17.5,24.0,15.4,15.4,24.0,15.9667,15.9667,22.7667,14.43,3060
885.18,2026-05-15,2025-12-31,2026-03-31,IT0003365613,7.9,2026-07-24,637.02,Fiera Milano S.p.A.,2026-07-28,2026-06-30,2026-12-31,2026-06-30,8.23,8.3,5.83,7.98,2.35,8.3,3.375,7.37,8.44,8.44,9.3,9.3,9.3,7.0,9.0,8.7,9.3,9.3,7.0,9.0,8.7,9.3,9.3,8.7,9.3,9.3,7.0,9.0,8.7,9.3,9.3,8.7,9.3,9.3,7.0,9.0,8.7,9.3,9.3,8.7,9.3,9.3,8.7,7.83,FM
630.99,2026-05-15,2025-12-31,2026-03-31,SA0007879915,23.49,2026-07-26,625.72,Arabian Cement Company,2026-07-30,2026-06-30,2026-12-31,2026-06-30,23.3,23.4,22.74,22.32,38.25,23.4,,22.33,23.1,23.1,23.6333,23.6333,23.6333,29.7667,23.6333,28.4333,24.0,24.0,32.7,24.0,32.7,24.0,24.0,32.7,23.0,23.0,27.0,23.0,23.0,23.0,23.0,23.0,23.9,23.9,29.6,23.9,29.6,23.9,23.9,29.6,23.6333,23.6333,28.4333,21.23,3010
696.48,2026-05-15,2025-12-31,2026-03-31,FI4000595756,6.921,2026-07-24,622.84,Framery Group Oyj,2026-07-27,2026-06-30,2026-12-31,2026-06-30,6.568,7.138,,6.7,,7.138,,8.519,6.52,6.52,9.4,9.4667,9.4,,9.6,10.0,10.7,10.5,,10.0,10.8,10.5,10.5,,8.5,8.5,,9.2,9.2,8.5,8.5,,9.2,9.2,,9.6,10.0,9.2,9.2,,9.4,9.4,,8.35,FRAMERY
795.94,2026-05-15,2025-12-31,2026-03-31,SA1610O13M15,28.4,2026-07-26,612.87,Modern Mills Company,2026-07-26,2026-06-30,2026-12-31,2026-06-30,28.92,28.64,31.98,28.7,,28.64,,27.58,28.72,28.72,38.9,38.9,38.9,49.625,39.3,38.52,43.0,43.0,56.5,43.0,43.0,43.0,43.0,50.0,37.0,37.0,37.0,37.0,37.0,37.0,37.0,37.0,37.8,37.8,52.5,37.9,37.7,37.8,37.8,37.9,38.9,38.9,41.12,28.62,2284
1047.64,2026-05-15,2025-12-31,2026-03-31,ES0136463017,1.208,2026-07-24,612.26,Audax Renovables S.A.,2026-07-29,2026-06-30,2026-12-31,2026-06-30,1.29,1.2,1.51,1.478,1.28,1.2,1.905,1.348,1.262,1.262,2.35,2.35,2.35,2.4,2.35,2.35,2.4,2.4,2.5,2.4,2.4,2.4,2.4,2.4,2.3,2.3,2.3,2.3,2.3,2.3,2.3,2.3,2.35,2.35,2.4,2.35,2.35,2.35,2.35,2.35,2.35,2.35,2.35,1.378,ADX
899.27,2026-05-15,2025-12-31,2026-03-31,IT0001469383,2.04,2026-07-24,603.06,Arnoldo Mondadori Editore S.p.A.,2026-07-30,2026-06-30,2026-12-31,2026-06-30,2.045,2.145,2.07,2.1,2.15,2.145,1.93,2.105,2.015,2.015,2.675,2.675,2.675,2.75,2.675,2.75,3.0,3.0,3.1,3.0,3.1,3.0,3.0,3.1,2.3,2.3,2.3,2.3,2.3,2.3,2.3,2.3,2.7,2.7,2.8,2.7,2.8,2.7,2.7,2.8,2.675,2.675,2.75,2.115,MN
143.2,2026-03-31,2025-12-31,2025-12-31,FR0000121691,6.76,2026-07-24,595.29,NRJ Group SA,2026-07-29,2026-03-31,2026-12-31,2026-12-31,6.9,7.0,7.34,7.2,6.98,7.0,6.06,7.62,6.76,6.76,9.8667,9.8667,9.8667,9.61,9.8,9.8333,10.1,10.1,10.33,10.0,10.0,10.1,10.1,10.0,9.5,9.5,9.0,9.5,9.5,9.5,9.5,9.5,10.0,10.0,9.5,9.9,10.0,10.0,10.0,10.0,9.8667,9.8667,9.8333,8.08,NRG
1416.36,2026-03-27,2025-12-31,2025-12-27,GB00BL6C2002,1.91,2026-07-24,579.11,Wickes Group plc,2026-07-31,2026-03-27,2026-12-31,2026-12-27,1.826,1.924,2.27,2.075,1.27,1.924,2.582,2.335,1.878,1.878,2.4945,2.5273,2.5273,2.34,2.6309,2.5678,3.29,3.29,3.29,3.29,3.29,3.29,3.29,3.29,1.65,1.65,1.95,2.15,2.27,1.65,1.65,2.0,2.64,2.64,2.3,2.65,2.5,2.64,2.64,2.5,2.5273,2.5273,2.5044,2.35,WIX
649.14,2026-06-29,2026-03-31,2026-03-31,CH0022427626,387.5,2026-07-24,539.11,LEM Holding SA,2026-07-28,2026-06-30,2027-03-31,2027-03-31,450.0,381.5,889.0,315.0,2060.0,381.5,2200.0,300.0,464.0,464.0,412.4,438.0,439.0,1172.5,379.0,379.0,515.0,515.0,1290.0,510.0,435.0,515.0,515.0,450.0,380.0,380.0,1100.0,240.0,240.0,380.0,380.0,240.0,400.0,405.0,1150.0,375.0,410.0,400.0,400.0,410.0,438.0,438.0,377.5,295.0,LEHN
664.14,2026-08-14,2025-12-31,2026-06-30,OM0000003968,0.318,2026-07-26,537.66,Omani Qatari Telecommunications Company SAOG,2026-07-29,2026-09-30,2026-12-31,2026-09-30,0.325,0.33,0.24,0.36,0.372,0.33,,0.293,0.325,0.325,0.426,0.425,0.426,0.3103,0.425,0.388,0.52,0.523,0.38,0.52,0.449,0.52,0.52,0.449,0.355,0.355,0.22,0.355,0.315,0.355,0.355,0.28,0.4,0.4,0.331,0.4,0.4,0.4,0.4,0.4,0.425,0.425,0.3763,0.285,ORDS
850.15,2026-03-31,2025-12-31,2025-12-31,GB00B5NR1S72,2.81,2026-07-24,508.19,Restore plc,2026-07-28,2026-03-31,2026-12-31,2026-12-31,2.58,2.715,2.735,2.68,1.65,2.715,4.5,2.85,2.675,2.675,4.1167,4.1167,4.1167,3.8478,4.1167,4.0,5.94,5.94,5.94,5.94,5.94,5.94,5.94,5.94,3.5,3.5,3.0,3.5,3.07,3.5,3.5,3.07,3.93,3.93,3.8,3.93,3.8,3.93,3.93,3.8,4.1167,4.1167,4.0,2.645,RST
2339.04,2026-05-15,2025-12-31,2026-03-31,GB00BN7CG237,0.3558,2026-07-24,481.24,Aston Martin Lagonda Global Holdings plc,2026-07-29,2026-06-30,2026-12-31,2026-06-30,0.385,0.361,0.83,0.4302,3.52,0.361,18.425,0.62,0.3776,0.3776,0.4591,0.4718,0.4673,0.9011,0.4773,0.7018,0.55,0.55,1.2,0.6,1.1,0.55,0.55,1.1,0.3,0.3,0.75,0.3,0.58,0.3,0.3,0.56,0.5,0.5,0.9,0.5,0.7,0.5,0.5,0.7,0.4673,0.4673,0.715,0.6355,AML
478.61,2026-03-31,2025-12-31,2025-12-31,ES0109260291,4.62,2026-07-24,478.26,Amper S.A.,2026-07-29,2026-03-31,2026-12-31,2026-12-31,5.1,5.175,4.025,4.56,2.68,5.175,4.225,4.585,5.1875,5.1875,5.9733,5.9167,5.9167,4.875,4.75,4.8,6.25,6.25,5.0,5.0,5.0,6.25,6.25,5.0,5.5,5.5,4.75,4.5,4.6,5.5,5.5,4.6,6.0,6.0,4.875,4.75,4.8,6.0,6.0,4.8,5.9167,5.9167,4.8,4.235,AMP
409.45,2026-03-31,2025-12-31,2025-12-31,GB0006389398,9.8,2026-07-24,477.42,Nichols plc,2026-07-29,2026-03-31,2026-12-31,2026-12-31,9.52,9.94,14.15,9.36,10.25,9.94,14.7,10.1,9.54,9.54,13.69,13.69,13.69,14.325,13.69,14.43,17.2,17.2,17.6,17.2,18.2,17.2,17.2,18.2,11.5,11.5,12.5,11.5,11.5,11.5,11.5,12.5,13.0,13.0,14.0,13.0,14.6,13.0,13.0,14.6,13.69,13.69,14.63,9.54,NICL
493.91,2026-03-31,2025-12-31,2025-12-31,DE000A3E5CP0,69.0,2026-07-24,470.72,SIMONA Aktiengesellschaft,2026-07-29,2026-03-31,2026-12-31,2026-12-31,56.0,68.0,62.0,54.5,80.0,68.0,69.5,50.5,58.0,58.0,62.5,62.5,62.5,,62.5,,62.5,62.5,,62.5,,62.5,62.5,,62.5,62.5,,62.5,,62.5,62.5,,62.5,62.5,,62.5,,62.5,62.5,,62.5,62.5,,51.0,SIM0
1068.36,2026-03-31,2025-12-31,2025-12-31,FR0013214145,5.21,2026-07-24,464.27,SMCP S.A.,2026-07-28,2026-03-31,2026-12-31,2026-12-31,4.97,5.33,4.6,5.59,8.88,5.33,5.225,6.15,4.922,4.922,8.72,8.72,8.72,5.38,8.72,7.66,10.0,10.0,6.5,10.0,8.2,10.0,10.0,8.2,8.0,8.0,3.7,8.0,6.0,8.0,8.0,6.0,8.5,8.5,5.6,8.5,8.0,8.5,8.5,8.0,8.72,8.72,7.66,6.28,SMCP
1279.66,2026-03-31,2025-12-31,2025-12-31,ES01717430J3,2.93,2026-07-24,448.42,Promotora de Informaciones S.A.,2026-07-28,2026-03-31,2026-12-31,2026-12-31,3.06,2.89,3.71,3.09,4.09,2.89,8.37,3.45,3.07,3.07,4.2175,4.225,4.2175,4.9,4.225,4.5333,4.6,4.6,6.5,4.6,4.8,4.6,4.6,4.8,3.9,3.9,4.0,3.9,4.4,3.9,3.9,4.4,4.2,4.185,4.55,4.2,4.4,4.2,4.2,4.4,4.225,4.225,4.5333,3.55,PRS
451.07,2026-03-31,2025-12-31,2025-12-31,NL0010776944,7.39,2026-07-24,423.94,Brunel International N.V.,2026-07-31,2026-03-31,2026-12-31,2026-12-31,6.8,7.23,9.37,6.98,12.38,7.23,10.84,7.59,6.59,6.59,8.4333,8.4333,8.4333,9.75,8.7667,9.5,9.8,9.8,10.5,9.8,12.0,9.8,9.8,8.5,7.5,7.5,9.0,8.0,8.0,7.5,7.5,8.0,8.0,8.0,9.75,8.5,8.5,8.0,8.0,8.25,8.4333,8.4333,8.25,7.76,BRNL
470.23,2026-03-31,2025-12-31,2025-12-31,GB00BYYW3C20,1.352,2026-07-24,369.52,Forterra plc,2026-07-28,2026-03-31,2026-12-31,2026-12-31,1.364,1.352,1.896,1.592,1.75,1.352,3.03,1.778,1.352,1.352,1.9344,1.9878,1.9344,2.189,2.2267,2.321,2.5,2.5,3.2,3.2,3.2,2.5,2.5,3.2,1.7,1.6,1.7,1.9,1.92,1.7,1.7,1.92,1.95,1.92,2.175,2.2,2.2,1.95,1.95,2.245,1.9878,1.9878,2.325,1.854,FORT
454.57,2026-03-31,2025-12-31,2025-12-31,GB00BD6P7Y24,1.44,2026-07-24,367.7,Franchise Brands plc,2026-07-29,2026-03-31,2026-12-31,2026-12-31,1.43,1.42,1.445,1.31,1.48,1.42,1.52,1.335,1.415,1.415,2.0812,2.0812,2.0812,3.2333,2.1333,2.355,3.3,3.3,3.4,3.3,3.3,3.3,3.3,3.3,1.63,1.63,3.0,1.63,1.46,1.63,1.63,1.46,1.96,1.96,3.3,1.96,2.26,1.96,1.96,2.26,2.0812,2.0812,2.355,1.395,FRAN
396.81,2026-03-31,2025-12-31,2025-12-31,CH0025343259,49.95,2026-07-24,364.73,COLTENE Holding AG,2026-07-31,2026-03-31,2026-12-31,2026-12-31,52.5,52.0,65.5,48.65,70.0,52.0,119.6,56.6,51.2,51.2,58.0,58.0,58.0,58.0,58.0,56.6667,61.0,61.0,58.0,61.0,58.0,61.0,61.0,58.0,55.0,55.0,58.0,55.0,55.0,55.0,55.0,55.0,58.0,58.0,58.0,58.0,57.0,58.0,58.0,56.5,58.0,58.0,56.5,53.7,CLTN
482.23,2026-03-31,2025-12-31,2025-12-31,GB00B0744359,0.957,2026-07-24,361.53,Essentra plc,2026-07-28,2026-03-31,2026-12-31,2026-12-31,0.822,0.891,1.046,0.837,1.624,0.891,2.9,1.06,0.799,0.799,1.6729,1.6729,1.6729,2.05,1.6729,1.885,3.15,3.15,3.15,3.15,3.15,3.15,3.15,3.15,1.0,1.0,1.6,1.0,1.5,1.0,1.0,1.5,1.35,1.35,1.775,1.35,1.575,1.35,1.35,1.625,1.6729,1.6729,1.91,0.966,ESNT
582.65,2026-05-15,2025-12-31,2026-03-31,BRRANIACNOR5,7.95,2026-07-24,360.38,Irani Papel e Embalagem S.A.,2026-07-31,2026-06-30,2026-12-31,2026-06-30,7.79,7.95,7.22,8.54,9.77,7.95,8.01,9.3,7.84,7.84,12.25,12.25,12.25,10.1375,12.25,10.3875,14.0,14.0,11.0,14.0,12.0,14.0,14.0,12.0,11.0,11.0,8.8,11.0,8.8,11.0,11.0,8.8,12.0,12.0,10.375,12.0,10.375,12.0,12.0,10.375,12.25,12.25,10.3875,8.68,RANI3
813.19,2026-05-30,2025-09-30,2026-03-31,GB00BYZN9041,2.97,2026-07-24,350.81,Future plc,2026-07-29,2026-06-30,2026-09-30,2026-09-30,2.902,3.08,7.675,3.334,7.7,3.08,35.26,5.31,3.022,3.022,5.011,5.021,5.011,12.604,5.656,11.6811,10.13,10.13,18.75,10.13,18.75,10.13,10.13,18.75,2.85,2.85,7.33,2.85,7.33,2.85,2.85,7.33,4.29,4.29,12.45,5.175,10.0,4.29,4.29,10.0,5.021,5.021,11.6811,5.265,FUTR
1192.58,2026-05-15,2025-12-31,2026-03-31,MX01TR0H0006,10.58,2026-07-24,331.26,Grupo Traxión S.A.B. de C.V.,2026-07-27,2026-06-30,2026-12-31,2026-06-30,10.61,10.68,17.07,12.4,34.0,10.68,37.64,13.07,10.79,10.79,18.8571,20.0,18.8571,36.1111,23.5,26.2222,30.0,30.0,45.0,34.0,42.0,30.0,30.0,42.0,14.0,12.0,25.0,20.0,20.0,14.0,14.0,20.0,20.0,17.0,36.0,21.5,23.0,20.0,20.0,23.0,20.0,20.0,26.2222,15.24,TRAXIONA
841.81,2026-05-15,2025-12-31,2026-03-31,IT0004329733,2.385,2026-07-24,325.84,Cairo Communication S.p.A.,2026-07-31,2026-06-30,2026-12-31,2026-06-30,2.455,2.45,2.735,2.59,1.692,2.45,1.578,2.805,2.475,2.475,3.1,3.1,3.1,3.3,3.1,3.3,3.1,3.1,3.3,3.1,3.3,3.1,3.1,3.3,3.1,3.1,3.3,3.1,3.3,3.1,3.1,3.3,3.1,3.1,3.3,3.1,3.3,3.1,3.1,3.3,3.1,3.1,3.3,2.815,CAI
242.49,2026-03-31,2025-12-31,2025-12-31,GB00B39GTJ17,5.87,2026-07-24,320.28,Science Group plc,2026-07-31,2026-03-31,2026-12-31,2026-12-31,5.85,5.85,5.475,5.73,4.15,5.85,4.2,5.55,5.85,5.85,7.775,7.775,7.775,6.76,8.0,7.0433,8.0,8.0,7.58,8.0,7.58,8.0,8.0,7.58,7.55,7.55,6.2,8.0,6.2,7.55,7.55,6.2,7.775,7.775,6.5,8.0,7.35,7.775,7.775,7.2,7.775,7.775,6.9933,5.475,SAG
326.42,2026-01-14,2025-05-31,2025-11-30,GB00B0MTC970,7.8,2026-07-24,319.04,Hargreaves Services Plc,2026-07-29,2026-02-28,2026-05-31,2026-02-28,8.24,8.0,7.5,7.92,4.555,8.0,4.82,6.58,8.14,8.14,9.535,9.535,9.535,8.85,9.065,8.92,9.77,9.77,9.3,9.3,9.3,9.77,9.77,9.3,9.3,9.3,8.4,8.83,8.54,9.3,9.3,8.54,9.535,9.535,8.85,9.065,8.92,9.535,9.535,8.92,9.535,9.535,8.92,6.54,HSP
171.14,2026-05-29,2026-02-28,2026-02-28,VGG0103J1075,1.7,2026-07-24,298.96,AdvancedAdvT Limited,2026-07-31,2026-05-28,2027-02-28,2027-02-28,1.55,1.6,1.95,1.65,,1.6,1.125,1.8,1.525,1.525,2.4,2.4,2.4,2.0,2.35,2.35,2.4,2.4,2.0,2.4,2.4,2.4,2.4,2.4,2.4,2.4,2.0,2.3,2.3,2.4,2.4,2.3,2.4,2.4,2.0,2.35,2.35,2.4,2.4,2.35,2.4,2.4,2.35,1.725,ADVT
212.13,2026-05-15,2025-12-31,2026-03-31,HRIG00RA0009,67.0,2026-07-24,292.03,ING-GRAD d.d.,2026-07-29,2026-06-30,2026-12-31,2026-06-30,67.4,71.0,56.8,60.8,,71.0,,56.6,68.4,68.4,86.9,86.9,86.9,61.1,61.1,61.1,86.9,86.9,61.1,61.1,61.1,86.9,86.9,61.1,86.9,86.9,61.1,61.1,61.1,86.9,86.9,61.1,86.9,86.9,61.1,61.1,61.1,86.9,86.9,61.1,86.9,86.9,61.1,55.0,IG
366.16,2026-05-15,2025-12-31,2026-03-31,IT0000076536,2.12,2026-07-24,287.36,Sogefi S.p.A.,2026-07-27,2026-06-30,2026-12-31,2026-06-30,2.08,2.11,2.42,1.954,1.34,2.11,1.29,3.23,2.06,2.06,2.6333,2.6333,2.6333,2.3167,2.6333,3.2,2.9,2.9,2.4,2.9,3.2,2.9,2.9,3.15,2.1,2.1,2.25,2.1,3.2,2.1,2.1,3.1,2.9,2.9,2.3,2.9,3.2,2.9,2.9,3.125,2.6333,2.6333,3.125,3.385,SGF
263.58,2026-05-15,2025-12-31,2026-03-31,ES0167733015,2.958,2026-07-24,275.65,Oryzon Genomics S.A.,2026-07-28,2026-06-30,2026-12-31,2026-06-30,3.182,2.902,2.82,2.79,2.1,2.902,3.51,3.285,3.092,3.092,7.1333,7.1333,7.1333,6.7833,7.0667,7.0667,12.0,12.0,12.0,12.0,12.0,12.0,12.0,12.0,4.2,4.2,4.0,4.0,4.0,4.2,4.2,4.0,5.2,5.2,4.35,5.2,5.2,5.2,5.2,5.2,7.1333,7.1333,7.0667,3.11,ORY
256.07,2026-05-15,2025-12-31,2026-03-31,FI0009006407,7.37,2026-07-24,246.76,Incap Oyj,2026-07-30,2026-06-30,2026-12-31,2026-06-30,8.76,8.61,10.8,10.62,10.72,8.61,7.55,9.94,8.86,8.86,12.0,12.0,12.0,12.0,13.0,12.5,12.0,12.0,12.0,13.0,13.0,12.0,12.0,13.0,12.0,12.0,12.0,13.0,12.0,12.0,12.0,11.0,12.0,12.0,12.0,13.0,12.5,12.0,12.0,12.0,12.0,12.0,12.0,9.82,ICP1V
258.54,2026-03-31,2025-12-31,2025-12-31,GB00B4X3Q493,0.647,2026-07-24,231.95,Afentra plc,2026-07-28,2026-03-31,2026-12-31,2026-12-31,0.602,0.616,0.518,0.76,,0.616,0.149,0.436,0.592,0.592,1.1325,1.0883,1.1325,0.9506,1.13,0.9692,1.27,1.26,1.14,1.42,1.13,1.27,1.27,1.13,0.735,0.96,0.85,0.85,0.85,0.735,0.735,0.85,1.1741,1.1425,0.883,1.125,0.94,1.1741,1.1741,0.9,1.0883,1.0883,0.9526,0.414,AET
419.29,2026-05-15,2025-12-31,2026-03-31,HRARNTRA0004,40.8,2026-07-24,230.83,Arena Hospitality Group d.d.,2026-07-30,2026-06-30,2026-12-31,2026-06-30,44.0,40.6,39.4,37.6,37.0,40.6,40.8737,34.6,42.0,42.0,41.9399,41.8999,41.8999,39.9487,41.8267,41.9002,41.8999,41.8999,39.9487,41.8267,41.9002,41.8999,41.8999,41.9002,41.8999,41.8999,39.9487,41.8267,41.9002,41.8999,41.8999,41.9002,41.8999,41.8999,39.9487,41.8267,41.9002,41.8999,41.8999,41.9002,41.8999,41.8999,41.9002,35.0,ARNT
578.56,2026-05-15,2025-12-31,2026-03-31,DE0006595101,4.26,2026-07-24,230.07,MEDICLIN Aktiengesellschaft,2026-07-30,2026-06-30,2026-12-31,2026-06-30,3.96,4.16,2.88,3.4,3.02,4.16,4.0,3.98,3.96,3.96,7.3,7.3,7.3,4.9,7.3,7.0,7.3,7.3,4.9,7.3,7.0,7.3,7.3,4.9,7.3,7.3,4.9,7.3,7.0,7.3,7.3,4.9,7.3,7.3,4.9,7.3,7.0,7.3,7.3,4.9,7.3,7.3,4.9,3.7,MED
94.07,2026-05-15,2025-12-31,2026-03-31,ES0147561015,18.5,2026-07-24,229.31,Iberpapel Gestión S.A.,2026-07-30,2026-06-30,2026-12-31,2026-06-30,18.75,18.6,20.7,20.0,14.902,18.6,18.2353,20.5,18.45,18.45,24.0,24.0,24.0,26.0,24.0,24.0,24.0,24.0,26.0,24.0,24.0,24.0,24.0,24.0,24.0,24.0,26.0,24.0,24.0,24.0,24.0,24.0,24.0,24.0,26.0,24.0,24.0,24.0,24.0,24.0,24.0,24.0,24.0,19.85,IBG
192.03,2026-08-14,2025-12-31,2026-06-30,CH0002361068,34.1,2026-07-24,227.65,StarragTornos Group AG,2026-07-30,2026-09-30,2026-12-31,2026-09-30,31.5,33.6,37.8,34.0,57.0,33.6,46.0,29.9,31.7,31.7,45.0,45.0,45.0,46.0,45.0,53.0,45.0,45.0,46.0,45.0,53.0,45.0,45.0,,45.0,45.0,46.0,45.0,53.0,45.0,45.0,,45.0,45.0,46.0,45.0,53.0,45.0,45.0,,45.0,45.0,,29.7,STGN
183.41,2026-03-31,2025-12-31,2025-12-31,CH0011339204,5.26,2026-07-24,219.58,Ascom Holding AG,2026-07-29,2026-03-31,2026-12-31,2026-12-31,5.99,5.75,3.785,5.14,11.36,5.75,15.32,5.24,5.83,5.83,7.45,7.9,7.9,5.225,7.9,7.025,10.2,10.2,6.7,10.2,10.3,10.2,10.2,6.8,5.6,5.6,3.75,5.6,3.75,5.6,5.6,3.75,7.9,7.9,5.225,7.9,7.025,7.9,7.9,5.275,7.9,7.9,5.275,3.82,ASCN
491.9,2026-03-31,2025-12-31,2025-12-31,ES0105148003,2.48,2026-07-24,214.04,Atrys Health S.A.,2026-07-31,2026-03-31,2026-12-31,2026-12-31,2.565,2.37,3.0,2.905,4.93,2.37,9.5,3.04,2.535,2.535,4.8333,4.8333,4.8333,6.2,4.8333,5.7,5.5,5.5,6.5,5.5,6.5,5.5,5.5,6.5,4.0,4.0,5.6,4.0,5.0,4.0,4.0,5.3,5.0,5.0,6.5,5.0,5.65,5.0,5.0,6.0,4.8333,4.8333,5.9333,2.93,ATRY
1733.19,2026-03-31,2025-12-31,2025-12-31,GB0006215205,0.2506,2026-07-24,203.75,Mobico Group Plc,2026-07-30,2026-03-31,2026-12-31,2026-12-31,0.236,0.2538,0.3778,0.2578,1.049,0.2538,2.612,0.2284,0.251,0.251,0.372,0.372,0.372,0.5171,0.372,0.3683,0.7,0.7,1.2,0.7,0.7,0.7,0.7,0.7,0.25,0.25,0.3,0.25,0.23,0.25,0.25,0.23,0.31,0.31,0.35,0.31,0.325,0.31,0.31,0.325,0.372,0.372,0.3683,0.2306,MCG
855.25,2026-03-31,2025-12-31,2025-12-31,BE0974276082,2.19,2026-07-24,199.2,Ontex Group NV,2026-07-30,2026-03-31,2026-12-31,2026-12-31,2.48,2.25,6.62,3.015,7.355,2.25,9.465,5.04,2.415,2.415,4.02,3.9,4.02,7.875,4.4833,5.5333,4.7,4.7,8.5,5.0,6.5,4.7,4.7,7.4,3.2,3.2,6.8,3.7,4.7,3.2,3.2,5.0,3.85,4.0,8.1,4.7,5.25,3.85,3.85,6.5,3.9,3.9,6.22,4.9,ONTEX
422.12,2026-08-14,2025-12-31,2026-06-30,MX01HO090008,4.67,2026-07-24,191.24,Grupo Hotelero Santa Fe S.A.B. de C.V.,2026-07-29,2026-09-30,2026-12-31,2026-09-30,4.69,4.68,3.6,4.55,4.2,4.68,4.8,4.0,4.5,4.5,5.6667,5.8333,5.6667,5.0,5.3333,5.0,6.0,6.0,6.0,6.0,6.0,6.0,6.0,6.0,5.5,5.0,4.0,4.0,4.0,5.5,5.5,4.0,6.0,6.0,5.0,6.0,5.0,6.0,6.0,5.0,5.8333,5.8333,5.0,3.98,HOTEL
158.92,2026-03-31,2025-12-31,2025-12-31,GB00BSLNG492,1.13,2026-07-24,188.87,Cornish Metals plc,2026-07-29,2026-03-31,2026-12-31,2026-12-31,1.15,1.125,0.076,1.035,0.135,1.125,0.1385,1.135,1.135,1.135,2.4325,2.4325,2.4325,1.7,2.5454,1.5,3.06,3.06,1.7,3.06,1.5,3.06,3.06,1.5,1.51,1.51,1.7,1.96,1.5,1.51,1.51,1.5,2.58,2.58,1.7,2.5809,1.5,2.58,2.58,1.5,2.4325,2.4325,1.5,0.825,TIN
185.8,2026-05-30,2025-09-30,2026-03-31,FR0010766667,17.0,2026-07-24,187.09,Vente-Unique.com SA,2026-07-29,2026-06-30,2026-09-30,2026-09-30,16.8,14.8,15.0,14.65,10.65,14.8,19.3,16.9,15.5,15.5,20.7,20.05,20.05,18.2,18.3,18.3,20.1,20.1,18.2,18.3,18.3,20.1,20.1,18.2,20.0,20.0,18.2,18.3,18.3,20.0,20.0,18.2,20.05,20.05,18.2,18.3,18.3,20.05,20.05,18.2,20.05,20.05,18.2,15.75,ALVU
253.68,2026-05-15,2025-12-31,2026-03-31,EGS30AL1C012,23.39,2026-07-26,182.38,Obour Land for Food Industries S.A.E.,2026-07-29,2026-06-30,2026-12-31,2026-06-30,21.82,23.0,21.07,21.14,9.88,23.0,,25.62,22.41,22.41,26.552,29.04,26.552,25.706,28.332,28.45,33.76,33.76,28.4,33.76,31.5,33.76,33.76,28.4,23.5,21.0,22.0,23.5,25.5,23.5,23.5,25.5,29.45,24.0,26.6,28.4,28.4,28.4,28.4,27.2,28.032,28.032,27.075,24.99,OLFI
209.29,2026-03-31,2025-12-31,2025-12-31,DE000A2DA588,3.71,2026-07-24,173.98,MAX Automation SE,2026-07-31,2026-03-31,2026-12-31,2026-12-31,3.74,3.72,5.84,3.96,5.6,3.72,4.3,4.47,3.8,3.8,6.0,6.0,6.0,6.1,6.0,6.2667,7.0,7.0,6.5,7.0,7.0,7.0,7.0,7.0,5.0,5.0,5.3,5.0,5.3,5.0,5.0,5.3,6.0,6.0,6.5,6.0,6.5,6.0,6.0,6.5,6.0,6.0,6.2667,4.03,MXHN
172.08,2026-03-31,2025-12-31,2025-12-31,GB00BYYN4225,1.05,2026-07-24,173.24,Hostelworld Group plc,2026-07-29,2026-03-31,2026-12-31,2026-12-31,1.095,1.05,1.26,1.07,1.305,1.05,0.99,1.185,1.12,1.12,1.8654,1.8039,1.8654,1.9015,1.8754,1.8823,2.1455,2.2967,2.3304,2.2969,2.2872,2.1455,2.1455,2.3125,1.2979,1.2981,1.2998,1.3094,1.3002,1.2979,1.2979,1.3147,1.8506,1.9122,1.9997,1.9326,2.0004,1.8506,1.8506,1.9941,1.8039,1.8039,1.8916,1.25,HSW
325.69,2026-05-15,2025-12-31,2026-03-31,DE0007446007,2.315,2026-07-24,168.56,TAKKT AG,2026-07-30,2026-06-30,2026-12-31,2026-06-30,2.3,2.3,5.92,2.79,14.06,2.3,14.06,3.735,2.295,2.295,4.75,4.75,4.75,8.4333,5.4333,6.9333,5.0,5.0,11.0,6.8,7.0,5.0,5.0,7.0,4.5,4.5,6.8,4.5,6.8,4.5,4.5,6.8,4.75,4.75,7.5,5.0,7.0,4.75,4.75,7.0,4.75,4.75,6.9333,3.7,TTK
98.45,2026-05-15,2025-12-31,2026-03-31,NL0010733960,13.0,2026-07-24,168.52,lastminute.com N.V.,2026-07-30,2026-06-30,2026-12-31,2026-06-30,12.75,13.0,16.25,12.0,28.0,13.0,37.1,15.0,12.9,12.9,19.1642,19.1642,19.1642,20.9239,21.6159,21.0801,21.9713,21.9713,21.9148,22.0105,23.0354,21.9713,21.9713,22.0051,14.2771,14.2771,19.933,21.2214,18.0322,14.2771,14.2771,17.8959,20.2043,20.2043,20.9239,21.6159,22.1726,20.2043,20.2043,19.7628,19.1642,19.1642,19.8879,13.0,LMN
139.3,2026-03-31,2025-12-31,2025-12-31,FR001400SA10,4.02,2026-07-24,164.01,Solocal Group S.A.,2026-07-29,2026-03-31,2026-12-31,2026-12-31,3.875,4.05,2.745,4.11,139.0,4.05,1588.4,4.2,3.92,3.92,6.6333,5.0,6.6333,2.75,4.2,2.8667,5.0,9.9,3.0,5.0,3.5,5.0,5.0,3.5,5.0,5.0,2.5,2.6,2.5,5.0,5.0,2.6,5.0,5.0,2.75,5.0,2.6,5.0,5.0,3.05,5.0,5.0,3.05,4.14,LOCAL
156.81,2026-03-31,2025-12-31,2025-12-31,GB00BLZH2C83,2.53,2026-07-24,163.31,Quartix Technologies plc,2026-07-27,2026-03-31,2026-12-31,2026-12-31,2.25,2.175,2.65,2.5,2.35,2.175,4.89,3.22,2.35,2.35,3.65,3.65,3.65,3.2,3.6,3.6,4.0,4.0,3.4,4.0,4.0,4.0,4.0,4.0,3.3,3.3,3.0,3.3,3.3,3.3,3.3,3.3,3.65,3.65,3.2,3.5,3.5,3.65,3.65,3.5,3.65,3.65,3.6,2.75,QTX
541.69,2026-05-15,2025-12-31,2026-03-31,DE0005176903,9.0,2026-07-24,158.67,Surteco Group SE,2026-07-31,2026-06-30,2026-12-31,2026-06-30,9.65,9.85,15.35,10.2,18.9,9.85,30.7,12.4,9.65,9.65,18.6,18.6,18.6,26.6,18.6,19.25,20.2,20.2,28.2,20.2,20.0,20.2,20.2,20.0,17.0,17.0,25.0,17.0,18.5,17.0,17.0,18.5,18.6,18.6,26.6,18.6,19.25,18.6,18.6,19.25,18.6,18.6,19.25,11.0,SUR
135.67,2026-05-15,2025-12-31,2026-03-31,NO0010000045,56.1,2026-07-24,155.78,Photocure ASA,2026-07-29,2026-06-30,2026-12-31,2026-06-30,60.0,57.7,61.9,68.0,47.85,57.7,129.7,72.4,59.3,59.3,84.0,84.0,84.0,82.5,81.6667,80.5,90.0,90.0,85.0,90.0,85.0,90.0,90.0,85.0,80.0,80.0,80.0,75.0,76.0,80.0,80.0,76.0,82.0,82.0,82.5,80.0,80.5,82.0,82.0,80.5,84.0,84.0,80.5,71.4,PHO
554.08,2026-05-30,2025-09-30,2026-03-31,ZAE000315768,14.15,2026-07-24,154.86,Zeda Limited,2026-07-30,2026-06-30,2026-09-30,2026-09-30,14.11,14.35,12.79,14.7,9.8,14.35,,13.79,14.15,14.15,15.5667,15.5667,15.5667,15.3333,14.9267,15.7933,16.8,16.8,16.1,16.28,16.28,16.8,16.8,16.1,14.0,14.0,13.9,14.2,15.0,14.0,14.0,13.9,15.9,15.9,16.0,14.3,16.1,15.9,15.9,15.0,15.5667,15.5667,15.0,14.1,ZZD
193.62,2026-05-15,2025-12-31,2026-03-31,IT0003097257,5.07,2026-07-24,153.22,Biesse S.p.A.,2026-07-31,2026-06-30,2026-12-31,2026-06-30,5.82,5.23,7.79,5.99,12.03,5.23,29.48,6.8,5.49,5.49,6.55,6.55,6.55,8.3,7.5,7.5,7.6,7.6,8.5,8.0,8.0,7.6,7.6,8.0,5.5,5.5,8.1,7.0,7.0,5.5,5.5,7.0,6.55,6.55,8.3,7.5,7.5,6.55,6.55,7.5,6.55,6.55,7.5,7.14,BSS
105.38,2026-03-31,2025-12-31,2025-12-31,FR001400AYG6,1.1,2026-07-24,149.15,Deezer S.A.,2026-07-28,2026-03-31,2026-12-31,2026-12-31,1.1,1.075,1.225,1.125,2.57,1.075,,1.15,1.09,1.09,1.3333,1.3333,1.3333,1.9333,1.3333,1.7667,1.4,1.4,2.5,1.4,2.5,1.4,1.4,2.5,1.2,1.2,1.5,1.2,1.2,1.2,1.2,1.2,1.4,1.4,1.8,1.4,1.6,1.4,1.4,1.6,1.3333,1.3333,1.7667,1.14,DEEZR
339.83,2026-05-30,2025-09-30,2026-03-31,FR0004527638,19.1,2026-07-24,147.27,EXEL Industries SA,2026-07-30,2026-06-30,2026-09-30,2026-09-30,21.1,19.3,41.3,31.6,51.2,19.3,84.8,38.5,22.4,22.4,20.6667,26.3333,26.3333,43.02,37.66,41.72,28.0,28.0,58.0,58.0,58.0,28.0,28.0,58.0,25.0,25.0,35.1,30.0,31.6,25.0,25.0,31.6,26.0,26.0,40.0,34.0,37.0,26.0,26.0,37.0,26.3333,26.3333,41.72,39.6,EXE
306.61,2026-03-31,2025-12-31,2025-12-31,NL0011660485,4.105,2026-07-24,139.5,Sif Holding N.V.,2026-07-31,2026-03-31,2026-12-31,2026-12-31,5.56,4.23,8.78,6.99,13.48,4.23,14.3,6.86,5.1,5.1,6.85,6.85,6.85,14.5,6.85,8.6167,7.1,7.1,19.0,7.1,10.0,7.1,7.1,10.0,6.7,6.7,10.0,6.7,7.1,6.7,6.7,10.0,6.75,6.75,14.5,6.75,8.75,6.75,6.75,10.0,6.85,6.85,10.0,6.74,SIFG
151.83,2026-05-15,2025-12-31,2026-03-31,SE0001057910,3.975,2026-07-24,138.13,Sotkamo Silver AB,2026-07-31,2026-06-30,2026-12-31,2026-06-30,4.045,3.88,0.98,3.85,0.583,3.88,2.58,6.11,4.3,4.3,3.7,3.7,3.7,0.9,3.1,3.0,3.7,3.7,0.9,3.1,3.0,3.7,3.7,1.0,3.7,3.7,0.9,3.1,3.0,3.7,3.7,1.0,3.7,3.7,0.9,3.1,3.0,3.7,3.7,1.0,3.7,3.7,1.0,2.145,SOSI
78.09,2026-03-31,2025-12-31,2025-12-31,FR0014008VX5,1.23,2026-07-24,133.12,Euroapi S.A.,2026-07-29,2026-03-31,2026-12-31,2026-12-31,1.304,1.274,3.112,1.278,10.69,1.274,,2.174,1.334,1.334,1.475,1.475,1.475,3.04,2.0,2.96,1.7,1.7,3.5,2.9,3.5,1.7,1.7,3.5,1.0,1.0,2.5,1.0,2.0,1.0,1.0,2.0,1.6,1.6,3.0,1.7,3.0,1.6,1.6,3.0,1.475,1.475,2.96,2.27,EAPI
163.58,2025-12-30,2025-04-30,2025-10-31,GB00B3FBWW43,0.94,2026-07-24,130.92,SDI Group plc,2026-07-29,2026-01-31,2026-04-30,2026-04-30,0.83,0.885,0.862,0.805,1.3,0.885,1.875,0.82,0.88,0.88,1.3867,1.3867,1.3867,1.4,1.355,1.355,1.45,1.45,1.4,1.4,1.4,1.45,1.45,1.4,1.31,1.31,1.4,1.31,1.31,1.31,1.31,1.31,1.4,1.4,1.4,1.355,1.355,1.4,1.4,1.355,1.3867,1.3867,1.355,0.86,SDI
255.6,2026-06-29,2026-03-31,2026-03-31,LU2356314745,2.62,2026-07-24,128.19,Novem Group S.A.,2026-07-30,2026-06-30,2027-03-31,2027-03-31,2.54,2.52,4.01,2.62,10.4,2.52,16.61,3.1,2.6,2.6,10.6,10.6,10.6,12.7333,10.7,10.8,26.0,26.0,26.0,26.0,26.0,26.0,26.0,26.0,2.6,2.6,4.4,2.9,2.9,2.6,2.6,2.9,3.2,3.2,7.8,3.2,3.5,3.2,3.2,14.45,10.6,10.6,14.45,2.92,NVM
151.46,2026-08-14,2025-12-31,2026-06-30,HRADPLRA0006,26.9,2026-07-24,127.44,AD Plastik d.d.,2026-07-24,2026-09-30,2026-12-31,2026-09-30,27.2,30.1,14.4,25.2,16.75,30.1,24.5508,19.2,27.8,27.8,35.2298,35.2765,35.2765,13.0645,28.1683,17.1352,35.7646,35.7646,13.5514,34.622,21.6519,35.7646,35.7646,21.6519,34.7883,34.7883,12.5776,21.7145,12.6185,34.7883,34.7883,12.6185,35.2765,35.2765,13.0645,28.1683,17.1352,35.2765,35.2765,17.1352,35.2765,35.2765,17.1352,20.4,ADPL
115.13,2026-05-15,2025-12-31,2026-03-31,HRSPANRA0007,56.4,2026-07-24,125.0,Span d.d.,2026-07-30,2026-06-30,2026-12-31,2026-06-30,58.4,56.0,66.6,59.6,71.0,56.0,,67.2,57.8,57.8,79.2,79.2,79.2,,88.2,88.2,79.2,79.2,,88.2,88.2,79.2,79.2,88.2,79.2,79.2,,88.2,88.2,79.2,79.2,88.2,79.2,79.2,,88.2,88.2,79.2,79.2,88.2,79.2,79.2,88.2,63.6,SPAN
118.41,2026-04-14,2025-08-31,2026-02-28,GB00BF188X60,0.93,2026-07-24,119.65,Ten Lifestyle Group Plc,2026-07-27,2026-05-28,2026-08-31,2026-05-28,0.88,0.88,0.62,0.875,0.8475,0.88,1.015,0.7125,0.9025,0.9025,1.47,1.47,1.47,1.3,1.47,1.3,1.47,1.47,1.3,1.47,1.3,1.47,1.47,1.3,1.47,1.47,1.3,1.47,1.3,1.47,1.47,1.3,1.47,1.47,1.3,1.47,1.3,1.47,1.47,1.3,1.47,1.47,1.3,0.7175,TENG
402.05,2026-05-15,2025-12-31,2026-03-31,MX01HC000001,5.46,2026-07-24,118.96,Promotora de Hoteles Norte 19 S.A.B. de C.V.,2026-07-31,2026-06-30,2026-12-31,2026-06-30,5.9,5.66,4.8,6.01,6.77,5.66,6.95,6.37,5.72,5.72,7.775,7.9,7.775,7.875,8.3667,11.0,11.0,11.0,11.0,11.0,11.0,11.0,11.0,11.0,6.5,6.0,4.5,6.5,11.0,6.5,6.5,4.9,7.05,7.05,8.0,7.6,11.0,7.05,7.05,8.0,7.9,7.9,7.975,6.18,HCITY
449.86,2026-03-31,2025-12-31,2025-12-31,IT0003697080,0.282,2026-07-24,117.41,Geox S.p.A.,2026-07-29,2026-03-31,2026-12-31,2026-12-31,0.2725,0.2865,0.335,0.295,0.843,0.2865,1.012,0.304,0.276,0.276,0.89,0.89,0.89,1.5,0.905,0.915,1.5,1.5,1.5,1.5,1.5,1.5,1.5,1.5,0.28,0.28,1.5,0.31,0.33,0.28,0.28,0.33,0.89,0.89,1.5,0.905,0.915,0.89,0.89,0.915,0.89,0.89,0.915,0.313,GEO
233.1,2026-03-31,2025-12-31,2025-12-31,FR0010820274,1.8,2026-07-24,114.69,Unify Group SA,2026-07-28,2026-03-31,2026-12-31,2026-12-31,1.854,1.9,1.628,1.8,4.045,1.9,4.0,1.81,1.9,1.9,5.55,5.55,5.55,5.6,5.4,4.8333,6.6,6.6,6.6,6.6,6.6,6.6,6.6,6.6,4.5,4.5,4.6,4.2,3.4,4.5,4.5,4.5,5.55,5.55,5.6,5.4,4.5,5.55,5.55,5.55,5.55,5.55,5.55,1.57,ALUNI
2042.32,2026-06-26,2026-03-31,2026-03-28,GB00BZC0LC10,0.665,2026-07-24,102.19,Victoria PLC,2026-07-28,2026-06-28,2027-03-31,2027-03-28,0.49,0.67,0.8,0.378,7.08,0.67,10.95,0.282,0.64,0.64,1.0,0.55,0.55,1.525,0.55,0.875,0.6,0.6,1.7,0.6,1.0,0.6,0.6,1.0,0.5,0.5,1.35,0.5,0.75,0.5,0.5,0.75,0.55,0.55,1.525,0.55,0.875,0.55,0.55,0.875,0.55,0.55,0.875,0.3935,VCP
155.57,2026-03-31,2025-12-31,2025-12-31,GB0008475088,1.14,2026-07-24,99.89,Robert Walters plc,2026-07-30,2026-03-31,2026-12-31,2026-12-31,0.82,1.09,1.695,0.97,4.36,1.09,7.0,1.295,0.84,0.84,1.6833,1.6833,1.6833,3.3,1.6833,2.1167,2.25,2.25,3.5,2.25,2.3,2.25,2.25,3.0,1.0,1.0,2.9,1.0,1.8,1.0,1.0,2.5,1.8,1.8,3.5,1.8,2.25,1.8,1.8,2.9,1.6833,1.6833,2.8,1.36,RWA
159.69,2026-05-15,2025-12-31,2026-03-31,DE000A1PHBB5,13.6,2026-07-24,99.58,R. STAHL AG,2026-07-31,2026-06-30,2026-12-31,2026-06-30,14.2,13.8,19.1,13.2,22.2,13.8,23.8,15.0,14.1,14.1,18.875,18.875,18.875,25.4333,19.95,24.5,20.75,20.75,26.0,22.9,25.0,20.75,20.75,25.0,17.0,17.0,25.0,17.0,24.0,17.0,17.0,24.0,18.875,18.875,25.3,19.95,24.5,18.875,18.875,24.5,18.875,18.875,24.5,14.7,RSL2
100.87,2025-12-30,2025-04-30,2025-10-31,GB0002090453,14.25,2026-07-24,98.06,Colefax Group PLC,2026-07-27,2026-01-31,2026-04-30,2026-04-30,14.15,14.25,7.5,11.7,6.95,14.25,5.2,9.75,14.3,14.3,13.0,13.0,13.0,8.7,10.5,8.7,13.0,13.0,8.7,10.5,8.7,13.0,13.0,8.7,13.0,13.0,8.7,10.5,8.7,13.0,13.0,8.7,13.0,13.0,8.7,10.5,8.7,13.0,13.0,8.7,13.0,13.0,8.7,9.5,CFX
109.57,2026-05-29,2026-02-28,2026-02-28,GB0000600931,2.23,2026-07-24,95.02,Braemar Plc,2026-07-31,2026-05-28,2027-02-28,2027-02-28,2.31,2.37,2.4,2.14,,2.37,2.9,2.205,2.38,2.38,2.99,2.99,2.99,3.145,3.2025,3.2025,3.7,3.7,4.62,4.55,4.55,3.7,3.7,4.55,2.46,2.46,2.3,2.46,2.46,2.46,2.46,2.46,2.9,2.9,2.83,2.9,2.9,2.9,2.9,2.9,2.99,2.99,3.2025,2.15,BMS
174.55,2026-01-14,2025-05-31,2025-11-30,GB0006523608,1.41,2026-07-24,93.16,NWF Group plc,2026-07-28,2026-02-28,2026-05-31,2026-02-28,1.345,1.4,1.75,1.265,2.65,1.4,2.13,1.315,1.375,1.375,2.415,2.415,2.415,2.665,2.415,2.415,2.83,2.83,2.83,2.83,2.83,2.83,2.83,2.83,2.0,2.0,2.5,2.0,2.0,2.0,2.0,2.0,2.415,2.415,2.665,2.415,2.415,2.415,2.415,2.415,2.415,2.415,2.415,1.325,NWF
205.78,2026-02-14,2025-03-31,2025-12-31,AT000KAPSCH9,5.28,2026-07-24,85.85,Kapsch TrafficCom AG,2026-07-29,2026-03-31,2026-03-31,2026-03-31,5.4,5.2,7.08,5.5,10.4,5.2,15.0,5.92,5.18,5.18,6.9333,6.7667,6.9333,10.6667,6.6,8.1667,7.5,7.5,11.0,7.5,9.0,7.5,7.5,9.0,6.3,6.3,10.0,5.8,7.0,6.3,6.3,7.0,6.5,7.0,11.0,6.5,8.5,6.5,6.5,8.5,6.7667,6.7667,8.1667,5.8,KTCG
83.36,2026-05-30,2025-09-30,2026-03-31,FR0014003T71,8.5,2026-07-24,82.07,Omer-Decugis & Cie SA,2026-07-27,2026-06-30,2026-09-30,2026-09-30,8.82,9.1,7.04,9.16,4.71,9.1,7.75,9.32,8.78,8.78,10.4,10.7,10.7,9.55,11.6333,9.95,10.7,10.7,10.9,12.7,10.9,10.7,10.7,10.9,10.7,10.7,8.2,11.0,9.0,10.7,10.7,9.0,10.7,10.7,9.55,11.2,9.95,10.7,10.7,9.95,10.7,10.7,9.95,7.82,ALODC
3442.59,2025-08-14,2024-12-31,2025-06-30,FR001400OKR3,0.1718,2026-07-24,78.18,Casino Guichard-Perrachon S.A.,2026-07-30,2025-09-30,2025-12-31,2025-09-30,0.21,0.1756,0.4436,0.149,340.0,0.1756,2407.0,0.236,0.2114,0.2114,0.05,0.05,0.05,0.1433,0.05,0.05,0.05,0.05,0.38,0.05,0.05,0.05,0.05,0.05,0.05,0.05,0.0,0.05,0.05,0.05,0.05,0.05,0.05,0.05,0.05,0.05,0.05,0.05,0.05,0.05,0.05,0.05,0.05,0.245,CO
67.42,2025-12-30,2025-04-30,2025-10-31,GB00B608Z994,0.2875,2026-07-24,76.17,Ilika plc,2026-07-29,2026-01-31,2026-04-30,2026-04-30,0.31,0.285,0.46,0.34,0.445,0.285,1.6,0.355,0.29,0.29,1.18,1.3,1.18,1.3,1.3,1.3,1.3,1.18,1.3,1.3,1.3,1.3,1.3,1.3,1.3,1.18,1.3,1.3,1.3,1.3,1.3,1.3,1.3,1.18,1.3,1.3,1.3,1.3,1.3,1.3,1.3,1.3,1.3,0.375,IKA
81.28,2026-03-31,2025-12-31,2025-12-31,FR0011466069,2.48,2026-07-24,75.95,EKINOPS S.A.,2026-07-28,2026-03-31,2026-12-31,2026-12-31,2.815,2.645,4.11,2.355,7.15,2.645,7.53,2.51,2.725,2.725,2.9375,2.8375,2.9375,5.32,3.03,3.2,3.0,3.1,7.0,4.3,4.3,3.0,3.0,4.5,2.65,2.65,4.0,2.5,2.2,2.65,2.65,2.3,2.85,3.0,5.5,2.7,3.0,2.85,2.85,3.9,2.8375,2.8375,3.64,1.93,EKI
159.65,2026-05-15,2025-12-31,2026-03-31,IT0003404214,1.115,2026-07-24,74.27,Elica S.p.A.,2026-07-30,2026-06-30,2026-12-31,2026-06-30,1.175,1.13,1.42,1.355,2.49,1.13,3.36,1.51,1.155,1.155,1.55,1.55,1.55,1.7,1.7,1.8,1.55,1.55,1.8,1.7,1.8,1.55,1.55,1.8,1.55,1.55,1.6,1.7,1.8,1.55,1.55,1.8,1.55,1.55,1.7,1.7,1.8,1.55,1.55,1.8,1.55,1.55,1.8,1.665,ELC
66.07,2026-03-31,2025-12-31,2025-12-31,FI4000349212,18.75,2026-07-24,74.16,Viafin Service Oyj,2026-07-30,2026-03-31,2026-12-31,2026-12-31,19.6,18.9,20.9,20.1,12.55,18.9,16.1,19.7,19.45,19.45,21.0,21.0,21.0,21.5,20.5,21.0,21.0,21.0,21.5,20.5,21.0,21.0,21.0,21.0,21.0,21.0,21.5,20.5,21.0,21.0,21.0,21.0,21.0,21.0,21.5,20.5,21.0,21.0,21.0,21.0,21.0,21.0,21.0,19.8,VIAFIN
75.67,2026-05-01,2026-01-31,2026-01-31,GB0003061511,0.765,2026-07-24,73.64,Sanderson Design Group plc,2026-07-29,2026-04-30,2027-01-31,2027-01-31,0.735,0.77,0.525,0.63,1.03,0.77,1.945,0.47,0.72,0.72,0.89,0.89,0.89,0.945,0.89,0.945,0.89,0.89,1.0,0.89,1.0,0.89,0.89,1.0,0.89,0.89,0.89,0.89,0.89,0.89,0.89,0.89,0.89,0.89,0.945,0.89,0.945,0.89,0.89,0.945,0.89,0.89,0.945,0.435,SDG
53.39,2026-03-31,2025-12-31,2025-12-31,FR0010353888,10.52,2026-07-24,73.02,MGI Digital Technology Société Anonyme,2026-07-29,2026-03-31,2026-12-31,2026-12-31,10.76,10.7,13.82,13.78,28.85,10.7,38.0,9.1,10.6,10.6,23.65,23.65,23.65,24.0,18.1,19.2,27.0,27.0,26.0,20.3,23.6,27.0,27.0,23.6,20.3,20.3,21.0,15.0,15.0,20.3,20.3,15.0,23.65,23.65,25.0,19.0,19.0,23.65,23.65,19.0,23.65,23.65,19.2,9.37,ALMDG
42.85,2026-06-29,2026-03-31,2026-03-31,GG00BQ0H1P47,0.8,2026-07-24,72.62,Taylor Maritime Limited,2026-07-27,2026-06-30,2027-03-31,2027-03-31,0.785,0.8,0.9,0.85,0.966,0.8,1.18,0.854,0.785,0.785,0.92,0.92,0.92,,0.92,0.98,0.92,0.92,,0.92,0.98,0.92,0.92,0.99,0.92,0.92,,0.92,0.98,0.92,0.92,0.99,0.92,0.92,,0.92,0.98,0.92,0.92,0.99,0.92,0.92,0.99,0.864,TMI
87.54,2026-05-15,2025-12-31,2026-03-31,DE0005407100,7.22,2026-07-24,68.69,CENIT Aktiengesellschaft,2026-07-31,2026-06-30,2026-12-31,2026-06-30,8.38,7.24,7.94,6.68,13.0,7.24,14.9,7.12,8.48,8.48,14.5,14.5,14.5,16.425,14.3,13.6667,16.0,16.0,19.0,16.0,16.0,16.0,16.0,17.2,13.5,13.5,14.5,12.9,11.0,13.5,13.5,11.0,14.0,14.0,16.1,14.0,14.0,14.0,14.0,15.0,14.5,14.5,14.55,7.34,CSH
