country,country_name,days_to_earnings,description,enterprise_value,exchange,exchange_name,fy_end_date,income_statement_report_date,industry,isin,last_price,last_updated,market_cap,market_cap_country_r,name,next_earnings,next_fiscal_quarter,next_fy_end_date,next_income_statement_report_date,price_1m_ago,price_1w_ago,price_1y_ago,price_3m_ago,price_3y_ago,price_5d_ago,price_5y_ago,price_6m_ago,price_mtd_ago,price_qtd_ago,price_target,price_target_1m_ago,price_target_1w_ago,price_target_1y_ago,price_target_3m_ago,price_target_6m_ago,price_target_high_1m_ago,price_target_high_1w_ago,price_target_high_1y_ago,price_target_high_3m_ago,price_target_high_6m_ago,price_target_high_mtd_ago,price_target_high_qtd_ago,price_target_high_ytd_ago,price_target_low_1m_ago,price_target_low_1w_ago,price_target_low_1y_ago,price_target_low_3m_ago,price_target_low_6m_ago,price_target_low_mtd_ago,price_target_low_qtd_ago,price_target_low_ytd_ago,price_target_median_1m_ago,price_target_median_1w_ago,price_target_median_1y_ago,price_target_median_3m_ago,price_target_median_6m_ago,price_target_median_mtd_ago,price_target_median_qtd_ago,price_target_median_ytd_ago,price_target_mtd_ago,price_target_qtd_ago,price_target_ytd_ago,price_ytd_ago,region,sector,ticker,trading_country,trading_country_name,trading_region,unit,unit_name
DE,Germany,0,Siemens Aktiengesellschaft a technology company focuses in the areas of automation and digitalization across the world. It operates through Digital Industries Smart Infrastructure Mobility Siemens Healthineers and Siemens Financial Services (SFS) segments. The Digital Industries segment provides automation systems and software for factories numerical control systems servo motors drives and inverters and integrated automation systems for machine tools and production machines; process control systems machine-to-machine communication products sensors and radio frequency identification systems; production and product lifecycle management software and simulation and testing of mechatronic system. The Smart Infrastructure segment offers products systems solutions services and software to support sustainable transition from fossil and renewable energy sources; sustainable buildings and communities; and buildings electrification and electrical products. The Mobility segment provides rail passenger and freight transportation such as metro systems trams and light rail and commuter trains as well as trains and passenger coaches; locomotives and solutions for automated transportation and leasing; products and solutions for rail automation and electrification; maintenance and digital services; and digital and cloud-based solutions and related services. The Siemens Healthineers segment develops manufactures and sells various diagnostic and therapeutic products and services; and provides clinical consulting and training services. Its financial services segment offers debt and equity investments; leasing lending and working capital; structured equipment and project financing; and financial advisory services. It has a strategic collaboration with IFS to improve product lifecycle with industrial AI. The company was founded in 1847 and is headquartered in Munich Germany.,313696.52,XTRA,Deutsche Boerse Xetra,2025-09-30,2026-03-31,Industrial Conglomerates,DE0007236101,285.95,2026-08-05,253604.15,100,Siemens Aktiengesellschaft,2026-08-06,2026-06-30,2026-09-30,2026-09-30,284.1,271.25,218.8,260.5,148.84,271.25,141.38,244.5,282.65,281.15,295.583,290.95,295.1483,235.8762,273.6456,258.6935,355.0,355.0,261.0,335.0,300.0,355.0,345.0,300.0,230.0,235.0,185.0,220.0,195.0,235.0,230.0,195.0,299.0,299.0,240.0,277.0,258.65,299.0,299.0,250.5,295.1483,286.8196,255.1354,239.15,Europe,Industrials,SIE,DE,Germany,Europe,EUR,Euro
DK,Denmark,-1,Novo Nordisk A/S together with its subsidiaries engages in the research and development manufacture and distribution of pharmaceutical products. It operates through two segments Obesity and Diabetes Care and Rare Disease. The Obesity and Diabetes care segment provides products for diabetes obesity cardiovascular and other emerging therapy areas. The Rare Disease segment offers products in the areas of rare blood disorders rare endocrine disorders and hormone replacement therapy. The company also provides NovoPen 6 and NovoPen Echo Plus smart insulin pens; Dose Check an insulin dose guidance application; growth hormone pens and injection needles; and Wegovy pill an oral glucagon-like peptide-1 (GLP-1) receptor agonist therapy for weight management. It operates in Europe Canada the United States Japan Korea Oceania Southeast Asia Mainland China Hong Kong and Taiwan Latin America the Middle East and Africa. Novo Nordisk A/S was founded in 1923 and is headquartered in Bagsvaerd Denmark.,215740.67,CPSE,Nasdaq Copenhagen,2025-12-31,2026-06-30,Pharmaceuticals,DK0062498333,294.3,2026-08-05,201045.1,100,Novo Nordisk A/S,2026-08-05,2026-09-30,2026-12-31,2026-09-30,326.9,338.05,305.9,285.9,530.8,338.05,321.35,280.65,306.5,314.6,316.785,315.66,317.2017,504.35,307.6746,396.8636,454.0,453.0,750.0,444.0,540.0,453.0,454.0,540.0,200.0,200.0,360.0,175.0,270.0,200.0,200.0,270.0,302.5,307.5,494.5,287.5,400.0,307.5,302.5,387.5,317.2017,315.2433,393.0375,325.25,Europe,Health Care,NOVOB,DK,Denmark,Europe,DKK,Danish Krone
DE,Germany,0,Deutsche Telekom AG together with its subsidiaries provides integrated telecommunication services worldwide. It operates through Germany United States Europe Systems Solutions and Group Development segments. The company offers fixed-network services including voice and data communication services based on fixed-network and broadband technology; and sells terminal equipment and other hardware products as well as services to resellers. It also provides mobile voice and data services to consumers and business customers; sells mobile devices and other hardware products; and sells mobile services to resellers and to companies that buys and markets network services to third parties such as mobile virtual network operators. In addition the company offers internet services; internet-based TV products and services; and information and communication technology systems for multinational corporations and public sector institutions with an infrastructure of data centers and network services. Further it provides wireless communications services; and cloud services digital solutions and security and advisory solutions. The company has mobile and broadband customers as well as fixed-network lines. Deutsche Telekom AG was founded in 1995 and is headquartered in Bonn Germany.,347322.21,XTRA,Deutsche Boerse Xetra,2025-12-31,2026-03-31,Diversified Telecommunication Services,DE0005557508,27.42,2026-08-05,152400.14,99,Deutsche Telekom AG,2026-08-06,2026-06-30,2026-12-31,2026-06-30,25.14,27.5,31.44,27.34,18.852,27.5,17.548,30.6,26.76,23.85,37.2722,37.8118,37.4059,37.6605,38.2941,36.8889,43.0,43.0,43.5,44.0,43.0,43.0,43.0,43.0,33.0,33.0,31.0,33.0,33.0,33.0,33.0,33.0,37.5,37.5,38.0,37.5,36.5,37.25,38.0,37.0,37.2722,37.9882,37.4722,27.66,Europe,Communication Services,DTE,DE,Germany,Europe,EUR,Euro
DE,Germany,-1,Siemens Energy AG operates as an energy technology company worldwide. It operates through Gas Services Grid Technologies Transformation of Industry and Siemens Gamesa segments. The company provides gas and steam turbines generators and heat pumps as well as performance enhancement maintenance digitalization and consulting services for central and distributed power generation; and high voltage direct current transmission systems offshore wind farm grid connections transformers flexible alternating current transmission systems high voltage substations air and gas-insulated switchgears circuit breakers capacitor digital grid solutions and components components and cyber security and transformers and storage solutions. It also offers electrolyzers industrial steam turbines industrial generators turbo and reciprocating compressors drive systems and solutions batteries and fuel cells and other systems and solutions as well as service and digital offerings; onshore and onshore wind turbines; design engineering manufacturing and installation solutions for onshore markets; offshore wind turbine equipment design manufacturing and installation solutions; and management operation and maintenance services for wind farms. The company serves utilities independent power producers project developers municipal energy producers engineering procurement and construction companies oil and gas transmission and distribution system operators and industrial and infrastructure customers. Siemens Energy AG was founded in 1866 and is based in Munich Germany.,140817.59,XTRA,Deutsche Boerse Xetra,2025-09-30,2026-03-31,Electrical Equipment,DE000ENER6Y0,150.86,2026-08-05,149657.22,99,Siemens Energy AG,2026-08-05,2026-06-30,2026-09-30,2026-09-30,168.12,135.18,97.64,182.56,15.555,135.18,23.17,145.85,147.44,165.8,199.8784,196.2784,199.0784,79.7186,178.6784,141.562,260.0,260.0,108.0,250.0,200.0,260.0,250.0,200.0,100.0,100.0,37.0,100.0,75.0,100.0,100.0,37.0,204.4,205.0,82.655,187.0,144.0,205.0,200.0,132.0,199.0784,195.4784,125.0438,120.4,Europe,Industrials,ENR,DE,Germany,Europe,EUR,Euro
DE,Germany,-1,Infineon Technologies AG develops manufactures and markets semiconductors and semiconductor-based solutions in Germany Europe the Middle East Africa Mainland China Hong Kong Taiwan the Asia-Pacific Japan the United States and the Americas. The Automotive segment offers automotive and industrial microcontrollers; analog and memory ICs; ethernet; power diodes and modules; power switches; sensors; transceivers; and voltage regulators for assistance and safety systems comfort electronics infotainment powertrain and security applications. Its Green Industrial Power segment provides discrete and bare die IGBTs; IGBT modules; and SiC discretes and modules for air conditioning technology energy generation and storage energy transmission home appliances industrial drives industrial power supplies and vehicles and traction applications. The Power & Sensor Systems segment offers 3D ToF sensors; chips for gas and pressure sensors and MEMS microphones; control ICs; customized chips; discrete low- mid- and high-voltage power MOSFETs; ESD protection diodes; GaN power switches; GPS low-noise amplifiers; low- and high-voltage driver ICs; radar sensor ICs; RF antenna switches and power transistors; SiC diode and MOSFETs; and USB controllers for audio amplifiers automotive electronics BLDC motors cellular communications infrastructure charging stations for electric vehicles human machine interaction IoT LED and conventional lighting systems microinverters mobile devices power management and harsh environment applications. Its Connected Secure Systems segment provides connectivity solutions embedded security controllers microcontrollers and security controllers for authentication automotive consumer electronics government identification document IoT mobile communication payment system ticketing access control and trusted computing applications. The company was founded in 1952 and is headquartered in Neubiberg Germany.,96907.79,XTRA,Deutsche Boerse Xetra,2025-09-30,2026-03-31,Semiconductors and Semiconductor Equipment,DE0006231004,60.08,2026-08-05,90459.34,99,Infineon Technologies AG,2026-08-05,2026-06-30,2026-09-30,2026-09-30,77.38,54.48,35.3,60.5,34.25,54.48,35.37,41.405,61.67,81.67,85.8696,83.4583,86.7083,41.9954,52.1875,48.0958,114.0,114.0,47.0,67.0,55.0,114.0,114.0,52.6,50.0,50.0,36.0,43.0,39.2,50.0,50.0,35.5,89.0,90.0,42.5,52.0,48.0,90.0,86.0,43.0,86.7083,81.3333,43.6727,37.73,Europe,Information Technology,IFX,DE,Germany,Europe,EUR,Euro
GB,United Kingdom,0,National Grid plc engages in the transmission and distribution of electricity and gas. It operates through UK Electricity Transmission UK Electricity Distribution New England New York National Grid Ventures and Other segments. The UK Electricity Transmission segment provides electricity transmission networks in England and Wales. The UK Electricity Distribution segment offers electricity distribution services in East and West Midlands Southwest of England and South Wales. The New England segment provides electricity and gas supply and distribution and high-voltage electricity transmission services in New England. The New York segment offers electricity and gas distribution and electricity transmission services in New York. The National Grid Ventures segment provides transmission services through electricity interconnectors and LNG importation at the Isle of Grain. The Other segment engages in the leasing and sale of commercial property as well as insurance activities in the United Kingdom. The company was founded in 1990 and is headquartered in London the United Kingdom.,139998.59,LSE,London Stock Exchange,2026-03-31,2026-03-31,Multi-Utilities,GB00BDR05C01,11.875,2026-08-05,79544.12,99,National Grid plc,2026-08-06,2026-06-30,2027-03-31,2027-03-31,12.44,11.93,10.84,12.922,9.796,11.93,9.34,12.82,11.9,12.48,13.5467,13.62,13.62,11.8063,13.84,12.3144,15.0,15.0,12.6,15.5,14.1,15.0,15.0,13.0,10.6,10.6,10.7,10.7,10.7,10.6,10.6,10.7,14.0,14.0,11.96,14.05,12.5,14.0,14.05,12.2,13.62,13.675,11.958,11.415,Europe,Utilities,NG,GB,United Kingdom,Europe,GBP,British Pound
DE,Germany,-1,Deutsche Post AG operates as a mail and logistics company in Germany rest of Europe the Americas the Asia Pacific the Middle East and Africa. The company operates through five segments: Express; Global Forwarding Freight; Supply Chain; eCommerce; and Post & Parcel Germany. The Express segment offers time-definite courier and express services to business and private customers. The Global Forwarding Freight segment provides air ocean and overland freight forwarding services; and offers multimodal and sector-specific solutions. The Supply Chain segment delivers customized logistics services and supply chain solutions to its customers based on modular components including warehousing and transport and value-added services. The eCommerce segment provides parcel delivery and cross-border services. The Post & Parcel Germany segment transports sorts and delivers documents and goods; and additional services such as registered mail insured items redirection and storage as well as export services. Deutsche Post AG was incorporated in 1995 and is headquartered in Bonn Germany.,99634.74,XTRA,Deutsche Boerse Xetra,2025-12-31,2026-03-31,Air Freight and Logistics,DE0005552004,55.58,2026-08-05,71088.38,99,Deutsche Post AG,2026-08-05,2026-06-30,2026-12-31,2026-06-30,56.0,57.18,38.94,46.26,44.17,57.18,57.87,49.47,57.76,53.1,52.5,51.1111,52.4167,43.7647,48.7778,45.2389,60.0,62.0,60.0,60.0,60.0,62.0,60.0,60.0,39.0,40.0,34.0,38.0,37.5,40.0,39.0,34.0,51.0,53.0,43.0,49.0,43.5,53.0,51.0,44.0,52.4167,50.8889,44.8412,46.73,Europe,Industrials,DHL,DE,Germany,Europe,EUR,Euro
PL,Poland,0,Orlen S.A. operates in refining petrochemical energy retail gas and upstream business. It engages in the processing and wholesale of refinery products such as crude oil; production and sale of fuel oil chemicals and petrochemicals as well as provision of supporting services; production distribution and sale of electricity and heat from conventional and renewable energy sources comprising solar photovoltaics as well as natural gas; trading of electricity; exploration and extraction of mineral resources; exploration production and import of natural gas; and trading and storage of gas and liquid gas. The company is also involved in the exploration recognition and extraction of hydrocarbons; fuel station activities; and provision of transportation maintenance and overhaul laboratory security design administrative courier insurance and financial services as well as press distribution and media activities such as newspapers and websites. It offers petrol diesel LPG and biofuels; aviation and marine fuels; heating oils; aromatics including phenol benzene paraxylene purified terephthalic acid benzene-toulene fraction and naphthalene concentrate; olefins; polyolefins comprising polyethylene; plastics including polyvinyl chloride polanvil compounds creovil and PVC neralit; glycols; nitrogen fertilizers; and other products such as acetone ethylene oxide masterbatch advanced technical carbon black Chezacarb caprolactam soda lye and sodium hypochlorite. In addition the company provides base car and motorbike truck marine industrial and agricultural oils as well as paraffin and solvents; table pickling iodized table feed scrap and industrial salt as well as industrial salt brine and dishwasher salt granules; and bitumen. The company was formerly known as Polski Koncern Naftowy ORLEN Spólka Akcyjna and changed its name to Orlen S.A. in July 2023. The company was founded in 1999 and is headquartered in Plock Poland.,49945.64,WSE,Warsaw Stock Exchange,2025-12-31,2026-03-31,Oil Gas and Consumable Fuels,PLPKN0000018,150.2,2026-08-05,46806.65,100,Orlen S.A.,2026-08-06,2026-06-30,2026-12-31,2026-06-30,132.92,147.92,82.62,144.26,70.42,147.92,74.7,107.0,148.04,126.6,144.13,134.8889,140.03,78.4111,127.3333,91.4667,175.0,177.3,90.0,165.0,105.0,177.3,175.0,105.0,94.0,94.0,73.0,94.0,77.0,94.0,94.0,73.3,130.0,143.5,75.0,130.0,92.0,143.5,130.0,86.0,140.03,133.8889,87.3111,96.11,Europe,Energy,PKN,PL,Poland,Europe,PLN,Polish Zloty
CZ,Czech Republic,5,CEZ a. s. engages in the generation distribution trade and sale of electricity heat thermal energy and other commodities in Central Europe. It operates through four segments: Generation Distribution Sales and Mining. The company operates hydroelectric wind solar nuclear coal photovoltaic and biomass power plants and combined cycle gas turbine power plant and combined heat and power units. It is also involved in the trade and sale of natural gas; mining of coal; quarrying and processing of construction aggregates and limestones; commodity trading business; and provision of energy services as well as consulting services. In addition the company holds interest in the lithium ore mining project in Cínovec; and deals with security systems and acoustics for buildings. Further the company provides services in the field of electrical installations; high speed internet connection and mobile services; and engineering services and products. CEZ a. s. was incorporated in 1992 and is headquartered in Prague the Czech Republic.,45381.25,SEP,Prague Stock Exchange,2025-12-31,2026-03-31,Electric Utilities,CZ0005112300,1369.0,2026-08-05,35071.91,100,CEZ a. s.,2026-08-11,2026-06-30,2026-12-31,2026-06-30,1249.0,1349.0,1243.0,1200.0,955.0,1349.0,618.5,1216.0,1353.0,1242.0,1081.5,1007.3182,1081.5,881.8625,929.7083,904.0385,1332.0,1540.0,1104.0,1181.5,1181.5,1540.0,1332.0,1181.5,600.0,600.0,670.0,600.0,600.0,600.0,600.0,600.0,1079.0,1100.0,877.175,958.0,915.0,1100.0,1079.0,907.5,1081.5,1007.3182,898.5417,1295.0,Europe,Utilities,CEZ,CZ,Czech Republic,Europe,CZK,Czech Koruna
GR,Greece,-1,Public Power Corporation S.A. together with its subsidiaries generates transmits and distributes electricity in Greece Romania Bulgaria and North Macedonia. It generates electricity from fossil fuel or other energy sources including wind solar and hydroelectric energy as well as thermal biomass and photovoltaic powerplants. The company is involved in owning power generating stations; provision of infrastructure and charging as well as wholesale telecommunication services; develops an urban fiber optic network on the distribution network; natural gas trading; and supply and trading of electricity. In addition it retails and wholesale trade of electrical and electronic goods and technology products; and provides repairs maintenance and delivery of devices. The company serves individuals businesses and public bodies. The company was founded in 1950 and is headquartered in Athens Greece.,23957.15,ATSE,Athens Stock Exchange,2025-12-31,2026-03-31,Electric Utilities,GRS434003000,22.58,2026-08-05,15370.38,99,Public Power Corporation S.A.,2026-08-05,2026-06-30,2026-12-31,2026-06-30,23.7,22.02,14.32,18.2,10.54,22.02,9.2,19.72,22.3,23.0,23.9944,23.5056,23.855,17.7889,21.4125,21.0,26.7,27.0,22.6,25.4,23.8,27.0,26.7,23.7,17.4,17.4,15.5,17.4,17.4,17.4,17.4,17.4,23.7,24.35,17.4,21.0,21.0,24.35,23.7,20.5,23.855,23.5056,20.4222,18.2,Europe,Utilities,PPC,GR,Greece,Europe,EUR,Euro
RS,Serbia,1,"Naftna Industrija Srbije a.d. an integrated oil company engages in the exploration development and production of crude oil and gas in Serbia. The company operates in Upstream and Downstream segments. It also involved in the production of refined petroleum products; petroleum products and gas trading; and electricity generation and trading. Its products include diesel fuel motor gasoline fuel oil bitumen petroleum coke jet fuel jazak water liquefied petroleum and compressed natural gas propylene aromatics naphtha lubricants and energy generating products. In addition the company offers oilfield services related to geophysical exploration; drilling equipping and repair of oil gas and hydrothermal wells; special operations well logging and hydrodynamic measurements cementing stimulations and testing; maintenance and repair services for facilities and equipment; pipeline construction; installation of technological oil and gas systems; preparatory construction works for drilling and workover; mechanical electrical and civil engineering; and certified testing and inspection services. Further it engages in the export and domestic wholesale delivery of crude oil gas and petroleum products as well as operates 400 petrol stations under the NIS Petrol and Gazprom brands in Serbia Bosnia and Herzegovina Romania and Bulgaria; and provision of fuel cards. Additionally it offers passenger heavy and light freight transport; freight handling and speciality vehicle passenger vehicle and freight vehicle rental taxi transportation renting and leasing of construction machines and equipment and other supporting traffic activities. Furthermore the company produces and sells electricity and thermal energy from conventional and renewable sources; and develops and implements energy projects. The company was founded in 1945 and is based in Novi Sad Serbia.
",1311.99,BELEX,Belgrade Stock Exchange,2025-12-31,2026-06-30,Oil Gas and Consumable Fuels,RSNISHE79420,718.0,2025-01-14,1030.13,100,Naftna Industrija Srbije a.d.,2026-08-07,2026-09-30,2026-12-31,2026-09-30,,,,,689.0,,602.0,,,,940.0,940.0,940.0,728.0,728.0,728.0,940.0,940.0,940.0,940.0,940.0,940.0,940.0,940.0,940.0,940.0,516.0,516.0,516.0,940.0,940.0,516.0,940.0,940.0,728.0,728.0,728.0,940.0,940.0,728.0,940.0,940.0,728.0,,Europe,Energy,NIIS,RS,Serbia,Europe,RSD,RSD
JP,Japan,0,SoftBank Group Corp. provides telecommunication services in Japan and internationally. It operates through Holding Company Investment Business SoftBank Vision Funds SoftBank AI Computing Business and Other segments. The company engages in Consumer Business mobile services and broadband; mobile services and solutions; ICT service materials to corporate clients; media advertising and related services; and payment and financial services. It also offers semiconductor IP chips and related technologies and software tools and related services; development construction and operation of solar power plants; and data center development and construction as well as robotics-related and Hawks-related businesses. It also provides online advertising and e-commerce services; payment and financial services; information and communication technology services products to enterprise customers; and communication device-related products and Internet of Things equipment to retail customers. In addition the company engages in alternative investment management; ownership of professional baseball team; operation of baseball games; management and maintenance of baseball stadium and other sports facilities; genetic testing medical data utilization; and distribution of video voice and data content via media businesses. Further it is involved in the certification services security solutions and Linux/OSS businesses; operation of comprehensive IT information site ITmedia; internet advertising agency business; facility management; planning and operation of fashion e-commerce website; operational support of brands’ own e-commerce website; operation of fashion coordination app; banking; mail order sale of stationery and services; and provision of autonomous forklifts. The company was formerly known as SoftBank Corp. and changed its name to SoftBank Group Corp. in July 2015. SoftBank Group Corp. was incorporated in 1981 and is headquartered in Tokyo Japan.,360397.37,TSE,Tokyo Stock Exchange,2026-03-31,2026-03-31,Wireless Telecommunication Services,JP3436100006,5958.0,2026-08-05,215278.23,100,SoftBank Group Corp.,2026-08-06,2026-06-30,2027-03-31,2027-03-31,5979.0,4622.0,3098.75,,1744.75,4622.0,1692.5,3999.0,5260.0,5963.0,7650.9737,7627.9474,7650.9737,2881.8823,5375.6111,5523.5,11200.0,11200.0,4350.0,7570.0,7000.0,11200.0,11200.0,7000.0,3140.0,3140.0,1945.0,3100.0,2600.0,3140.0,3140.0,2600.0,8000.0,8000.0,2750.0,5225.0,5558.75,8000.0,8000.0,5790.0,7650.9737,7627.9474,5527.2333,4400.0,Asia / Pacific,Communication Services,9984,JP,Japan,Asia / Pacific,JPY,Japanese Yen
JP,Japan,0,Recruit Holdings Co. Ltd. provides HR technology and business solutions that transforms the world of work. It operates through three segments: HR Technology Staffing and Marketing Matching Technologies. The HR Technology segment provides online matching and hiring platforms connecting job seekers and employers. The Staffing segment offers temporary staffing and other related services for clerical manufacturing light industry and various professional positions across industries in Japan Europe the United States and Australia. The Marketing Matching Technologies segment provides platform for beauty travel dining and SaaS solutions as lifestyle; housing and real estate and other includes automobile bridal education and other services in marketing solutions. The company was formerly known as Recruit Co. Ltd. and changed its name to Recruit Holdings Co. Ltd. in October 2012. Recruit Holdings Co. Ltd. was founded in 1960 and is headquartered in Tokyo Japan.,108683.02,TSE,Tokyo Stock Exchange,2026-03-31,2026-03-31,Professional Services,JP3970300004,12720.0,2026-08-05,112031.07,100,Recruit Holdings Co. Ltd.,2026-08-06,2026-06-30,2027-03-31,2027-03-31,11895.0,12915.0,8334.0,,4883.0,12915.0,5760.0,7062.0,12550.0,11330.0,13018.75,12637.5,13018.75,9880.625,9780.0,10198.75,16000.0,16000.0,12000.0,12000.0,12000.0,16000.0,16000.0,11800.0,10000.0,10000.0,7900.0,8000.0,8000.0,10000.0,10000.0,8000.0,12250.0,12900.0,10000.0,9650.0,10100.0,12900.0,12250.0,10000.0,13018.75,12637.5,9898.75,8847.0,Asia / Pacific,Industrials,6098,JP,Japan,Asia / Pacific,JPY,Japanese Yen
CN,China,2,Cambricon Technologies Corporation Limited engages in the research development design and sale of core AI chips for terminal devices in China. The company offers cloud-based intelligent chips and boards intelligent complete machines edge intelligence chips and boards and related supporting basic system software. It also provides smart accelerator cards including the Siyuan 370 and Siyuan 270 series; intelligent computing modules comprising the Siyuan 220 module; terminal intelligent processor IP which consists of Cambricon-1M and Cambricon-1H; and software development platforms such as the Cambricon NeuWare and MagicMind. The company was founded in 2016 and is based in Beijing China.,104905.42,SHSE,Shanghai Stock Exchange,2025-12-31,2026-03-31,Semiconductors and Semiconductor Equipment,CNE1000041R8,1136.9,2026-08-05,105818.67,100,Cambricon Technologies Corporation Limited,2026-08-08,2026-06-30,2026-12-31,2026-06-30,1353.0,1146.9,466.443,,116.0134,1146.9,75.4228,710.2886,1106.0,1595.55,1508.3124,1532.3124,1532.3124,611.745,1353.9597,1293.8255,2060.0,2060.0,820.8054,1614.7651,1412.0805,2060.0,2060.0,1412.0805,1116.5101,1116.5101,402.6846,1116.5101,1127.1141,1116.5101,1116.5101,1127.1141,1528.0,1528.0,611.745,1342.2819,1342.2819,1408.0,1528.0,1342.2819,1508.3124,1532.3124,1293.8255,909.7651,Asia / Pacific,Information Technology,688256,CN,China,Asia / Pacific,CNY,Chinese Yuan
JP,Japan,0,NTT Inc. operates as a telecommunications company in Japan and internationally. The company operates through the Comprehensive ICT Business Regional Communications Business Global Solutions Business and Others segments. Its Comprehensive ICT Business segment offers mobile phone and fiber-optic broadband services; financial content and lifestyle services; and corporate communication services and solutions. This segment also engages in engineering system development and related businesses. The Regional Communications Business segment provides optical fiber services corporate services fixed-line telephone services and related businesses. Its Global Solutions Business segment offers consulting IT solutions system and software development and maintenance services. This segment is involved in port operations data center operations and related businesses. Its Others segment engages in real estate and construction energy and other businesses. The company was formerly known as Nippon Telegraph and Telephone Corporation and changed its name to NTT Inc. in July 2025. NTT Inc. was founded in 1952 and is headquartered in Chiyoda Japan.,176176.9,TSE,Tokyo Stock Exchange,2026-03-31,2026-03-31,Diversified Telecommunication Services,JP3735400008,151.0,2026-08-05,77982.8,99,NTT Inc.,2026-08-06,2026-06-30,2027-03-31,2027-03-31,147.0,159.0,153.1,,158.5,159.0,112.36,152.5,152.4,145.0,168.7857,170.3077,168.7857,175.5714,173.3077,177.2857,215.0,215.0,215.0,215.0,215.0,215.0,215.0,215.0,143.0,143.0,150.0,146.0,150.0,143.0,143.0,150.0,160.0,160.0,171.5,172.0,177.5,160.0,160.0,177.5,168.7857,170.3077,178.3571,157.7,Asia / Pacific,Communication Services,9432,JP,Japan,Asia / Pacific,JPY,Japanese Yen
JP,Japan,1,KDDI Corporation engages in the provision of mobile telecommunications services in Japan and internationally. It operates in two segments Personal Services and Business Services. The Personal Services segment offers 5G telecommunication services and other services such as finance energy and LX through its multi-brands comprising au UQ mobile and povo; and entertainment services including video to individual customers. The Business Services segment provides smartphones and other devices network and cloud services; and data center services to corporate customers under the TELEHOUSE brand name. It is also involved in the provision of solutions for the development and expansion of businesses through IoT DX generative AI and other technology centered on 5G communications. In addition the company sells mobile handsets. KDDI Corporation was incorporated in 1984 and is headquartered in Minato Japan.,99461.18,TSE,Tokyo Stock Exchange,2026-03-31,2026-03-31,Wireless Telecommunication Services,JP3496400007,2856.5,2026-08-05,68949.05,99,KDDI Corporation,2026-08-07,2026-06-30,2027-03-31,2027-03-31,2737.5,3051.0,2500.0,,2036.5,3051.0,1668.5,2799.0,2921.0,2745.0,2861.4,2842.9286,2861.4,2657.9333,2801.4615,2812.3846,3321.0,3321.0,3150.0,3170.0,3196.0,3321.0,3321.0,3196.0,1865.0,1865.0,1865.0,2400.0,2400.0,1865.0,1865.0,1865.0,2902.5,2960.0,2750.0,2800.0,2800.0,2960.0,2822.5,2750.0,2861.4,2810.0714,2731.7333,2708.5,Asia / Pacific,Communication Services,9433,JP,Japan,Asia / Pacific,JPY,Japanese Yen
TW,Taiwan,0,Elite Material Co. Ltd. engages in the manufacturing and sales of copper clad laminates electronic-industrial specialty chemical and raw materials and electronic components in Taiwan China and internationally. The company also offers printed circuit boards prepreg and adhesive sheets. Its products are used in various industries including mobile devices infrastructure automotives aerospace military industrial and autonomous driving applications. The company was incorporated in 1992 and is headquartered in Taoyuan City Taiwan.,58335.78,TWSE,Taiwan Stock Exchange,2025-12-31,2026-06-30,Electronic Equipment Instruments and Components,TW0002383007,5245.0,2026-08-05,58153.17,100,Elite Material Co. Ltd.,2026-08-06,2026-09-30,2026-12-31,2026-09-30,5475.0,4315.0,1110.0,4950.0,400.0,4315.0,221.5,1925.0,4745.0,5390.0,7094.375,5723.1333,6997.3333,1240.1667,4883.5,1997.1429,8000.0,10200.0,1460.0,6000.0,2585.0,10200.0,8000.0,2060.0,1985.0,2400.0,990.0,1985.0,1350.0,2400.0,1985.0,1350.0,6022.0,7200.0,1218.5,5182.0,1982.5,7040.0,6022.0,1642.5,6881.875,5723.1333,1696.6667,1645.0,Asia / Pacific,Information Technology,2383,TW,Taiwan,Asia / Pacific,TWD,New Taiwan Dollar
JP,Japan,0,Nintendo Co. Ltd. together with its subsidiaries develops manufactures and sells home entertainment products in Japan the Americas Europe and internationally. It offers home console gaming hardware software accessories and other products. The company also provides various services such as Nintendo Switch Online; and content through mobile application. In addition it offers develop IP including video content and mobile apps. The company was formerly known as Nintendo Playing Card Co. Ltd. and changed its name to Nintendo Co. Ltd. in 1963. Nintendo Co. Ltd. was founded in 1889 and is headquartered in Kyoto Japan.,40244.42,TSE,Tokyo Stock Exchange,2026-03-31,2026-03-31,Entertainment,JP3756600007,7428.0,2026-08-05,54292.38,99,Nintendo Co. Ltd.,2026-08-06,2026-06-30,2027-03-31,2027-03-31,7033.0,8145.0,13480.0,,6172.0,8145.0,5241.0,8441.0,7679.0,6815.0,10137.8776,10237.8776,10137.8776,13562.05,11571.9615,13005.6667,21260.0,21260.0,20780.0,21260.0,21260.0,21260.0,21260.0,20840.0,5000.0,5000.0,8090.0,6500.0,6500.0,5000.0,5000.0,10000.0,10300.0,10000.0,13990.0,11250.0,13000.0,10000.0,10300.0,14100.0,10137.8776,10281.8776,14428.6786,10595.0,Asia / Pacific,Communication Services,7974,JP,Japan,Asia / Pacific,JPY,Japanese Yen
JP,Japan,1,Fujikura Ltd. engages in telecommunication and power systems electronic and automotive products businesses in Japan the rest of Asia North America Europe and internationally. The company operates in five segments: Telecommunication Systems Business Division Electronics Business Division Automotive Products Business Division Power Systems Business Division and Real Estate Business Division. The Telecommunication Systems Business Division segment offers optical fibers optical fiber cables telecommunication components optical components fiber optic equipment and network equipment as well as related installation services. The Electronics Business Division segment provides flexible printed circuits electronic wiring HDD components and various connectors. The Automotive Products Business Division segment offers automotive wire harnesses and accessories as well as related installation services. The Power Systems Business Division segment provides power cables telecommunication cables aluminum wires and enameled wires. The Real Estate Business Division segment engages in the rental of real estate properties. The company was founded in 1885 and is headquartered in Tokyo Japan.,52998.24,TSE,Tokyo Stock Exchange,2026-03-31,2026-03-31,Electrical Equipment,JP3811000003,5073.0,2026-08-05,53252.26,99,Fujikura Ltd.,2026-08-07,2026-06-30,2027-03-31,2027-03-31,5354.0,3720.0,1821.6667,,193.25,3720.0,107.0,3732.5,4172.0,6238.0,7174.5454,6976.6667,7174.5454,1440.0,5485.25,3718.6364,9300.0,9300.0,2008.3333,7000.0,4400.0,9300.0,9300.0,4400.0,3500.0,4500.0,1166.6667,3500.0,3000.0,4500.0,3500.0,1208.3333,7450.0,7400.0,1333.3333,5483.3333,3833.3333,7400.0,7450.0,3583.3333,7174.5454,6976.6667,3469.3939,2906.6667,Asia / Pacific,Industrials,5803,JP,Japan,Asia / Pacific,JPY,Japanese Yen
IN,India,1,Titan Company Limited together with its subsidiaries manufactures and sells watches jewelry eyewear fragrances women’s bags and other accessories and products in India and internationally. The company operates through four segments: Watches and Wearables Jewellery Eyecare and Others. The company designs manufactures and retails watches and wearables under the Nebula Titan Titan Clock Zoop Titan Octane Titan Raga Xylys Edge Fastrack Sonata Titan Smart Fastrack smart SF Titan World and Helios brands; jewellery products under the Mia CaratLane Tanishq and Zoya brands; and eyecare products under the Titan Glares Titan Eye+ and Fastrack Eyecare brands. It also offers sarees dress materials and ready-to-wear kurtas under the Taneira brand; perfumes under the SKINN brand; belts and wallets under the TITAN brand; and bags under the Fastrack and IRTH brands. In addition the company provides manufacturing services and automation solutions for the aerospace defense transportation electrical and electronics and medical sectors. Further it provides automation and precision engineering solutions. It offers its products through owned and franchised retail stores as well as online. The company was formerly known as Titan Industries Limited and changed its name to Titan Company Limited in August 2013. Titan Company Limited was incorporated in 1984 and is based in Bengaluru India.,48665.6,BSE,Bombay Stock Exchange,2026-03-31,2026-03-31,Textiles Apparel and Luxury Goods,INE280A01028,4912.0,2026-08-05,45851.91,100,Titan Company Limited,2026-08-07,2026-06-30,2027-03-31,2027-03-31,4460.2,4850.25,3419.0,4371.95,2903.6,4850.25,1799.05,4098.15,4875.3,4405.3,5074.4054,5011.1892,5074.4054,3839.7941,4882.7714,4456.7778,5600.0,5800.0,4541.0,5350.0,5200.0,5800.0,5600.0,4700.0,4150.0,4250.0,3105.0,4000.0,3800.0,4250.0,4150.0,3450.0,5075.0,5100.0,3888.0,4925.0,4475.0,5100.0,5075.0,4220.0,5074.4054,5011.1892,4222.1944,4050.65,Asia / Pacific,Consumer Discretionary,500114,IN,India,Asia / Pacific,INR,Indian Rupee
TW,Taiwan,1,Accton Technology Corporation develops manufactures and sells computer network systems and wireless land area network (LAN) hardware and software products in Taiwan and internationally. The company offers 800G AI/ML fabrics fiber optical transceivers hyper network appliances and edge servers as well as data centers metro ethernet telecommunication networks school/enterprise networks and software-defined wide area network. It also provides data center switches open packet transponders cloud service appliances and ethernet BOF; edge-computing; wired and wireless network solutions; carrier access platforms and disaggregated open solutions; and IoT integration solutions. In addition the company engages in the production and sale of network switches; design research development manufacture and sale of switching hubs; and provision of information software and information technology services as well as e-commerce apps and advertising services. Further it offers network products; and technical consulting and engineering design services. Additionally the company provides data center networks edge computing cloud networks carrier access and IoT integration solutions. Accton Technology Corporation was incorporated in 1988 and is headquartered in Hsinchu City Taiwan.,39858.95,TWSE,Taiwan Stock Exchange,2025-12-31,2026-03-31,Communications Equipment,TW0002345006,2385.0,2026-08-05,41246.23,99,Accton Technology Corporation,2026-08-07,2026-06-30,2026-12-31,2026-06-30,2645.0,1935.0,901.0,2485.0,369.0,1935.0,332.5,1190.0,2125.0,2495.0,3108.6667,3065.6923,3108.6667,977.5,2353.5556,1597.1429,3688.0,3800.0,1170.0,3222.0,1900.0,3800.0,3600.0,1900.0,1800.0,1800.0,700.0,1625.0,1180.0,1800.0,1800.0,1180.0,3350.0,3500.0,955.0,2400.0,1625.0,3500.0,3286.0,1620.0,3108.6667,3010.1667,1575.7143,1185.0,Asia / Pacific,Information Technology,2345,TW,Taiwan,Asia / Pacific,TWD,New Taiwan Dollar
JP,Japan,-1,Honda Motor Co. Ltd. engages in the development manufacturing and distribution of motorcycles automobiles and power products in Japan North America Europe Asia and internationally. It operates through four segments: Motorcycle Business Automobile Business Financial Services Business and Power Product and Other Businesses. The Motorcycle Business segment produces motorcycles including sports business and commuter models; and various off-road vehicles such as all-terrain vehicles and side-by-sides. The Automobile Business segment offers passenger cars light trucks and mini vehicles. The Financial Services Business segment provides various financial services including retail lending and leasing services to customers as well as wholesale financing services to dealers. The Power Product and Other Businesses manufactures and sells power products such as general-purpose engines lawn mowers generators water pumps brush cutters and tillers. This segment also offers HondaJet aircraft. The company also sells spare parts; and provides after-sales services through retail dealers directly as well as through independent distributors and licensees. Honda Motor Co. Ltd. was founded in 1946 and is headquartered in Tokyo Japan.,98337.74,TSE,Tokyo Stock Exchange,2026-03-31,2026-06-30,Automobiles,JP3854600008,1636.0,2026-08-05,40380.51,99,Honda Motor Co. Ltd.,2026-08-05,2026-09-30,2027-03-31,2026-09-30,1599.0,1670.0,1571.5,,1468.3333,1670.0,1211.0,1692.0,1625.5,1480.0,1629.5847,1573.7024,1606.0553,1632.2381,1512.3856,1713.1141,1850.0,1900.0,1900.0,1900.0,2000.0,1900.0,1850.0,2000.0,1300.0,1300.0,1200.0,1100.0,1400.0,1300.0,1300.0,1400.0,1560.0,1600.0,1705.0,1515.0,1700.0,1600.0,1560.0,1715.0,1606.0553,1570.7612,1716.25,1536.0,Asia / Pacific,Consumer Discretionary,7267,JP,Japan,Asia / Pacific,JPY,Japanese Yen
TW,Taiwan,0,Wiwynn Corporation engages in the research development design testing and sales of semi products and peripheral equipment and parts in the United States Europe Asia and internationally. The company also offers computer and peripheral equipment data storage media products electric appliances and software products; and provides management consulting information software and data processing services. In addition it provides multi-node and storage server storage open rack edge/ai platform multi-purpose server and rack; accessories including OCP network mezzanine cards and cards for storage; and software and services. Further the company is involved in the manufacture and sale of cloud data center equipment; and investment activities. Wiwynn Corporation was incorporated in 2012 and is headquartered in New Taipei City Taiwan.,36622.57,TWSE,Taiwan Stock Exchange,2025-12-31,2026-03-31,Technology Hardware Storage and Peripherals,TW0006669005,6175.0,2026-08-05,35508.6,99,Wiwynn Corporation,2026-08-06,2026-06-30,2026-12-31,2026-06-30,5035.0,4900.0,2775.0,4970.0,1555.0,4900.0,916.0,3645.0,5390.0,4635.0,7568.8823,6914.2941,7526.125,3280.4375,6083.2353,6065.625,8500.0,9500.0,4078.0,7145.0,8000.0,9500.0,8500.0,8000.0,6000.0,6000.0,2810.0,5000.0,5000.0,6000.0,6000.0,3000.0,6750.0,7323.5,3275.0,5900.0,5950.0,7323.5,6750.0,5620.0,7526.125,6914.2941,5477.1875,4485.0,Asia / Pacific,Information Technology,6669,TW,Taiwan,Asia / Pacific,TWD,New Taiwan Dollar
TH,Thailand,0,Advanced Info Service Public Company Limited operates as a telecommunications company primarily in Thailand. The company operates through three segments: Mobile Phone Services Mobile Phone and Equipment Sales and Datanet and Broadband Services. The company offers post and prepaid services; and on top and roaming services; digital marketing services; and cloud and it solutions; cloud & data center business network solutions 5g and IoT communication solutions and data analytic and marketing solutions; digital eservices; and Mpay digital payment management system. It is also involved in operating as a service provider of call center international telephone cellular telephone network telecommunication service operator and internet broadcasting network and television broadcasting service several channel digital platform insurance broker training internet data center services internet and distribute internet equipment online advertising and being the outsourced contact center mobile content online advertising business as well as operation in space land and building services and related facilities. In addition the company engages in developing IT systems service provider of content aggregator and outsourcing service for billing and collection; software development distribution and general software service; developing application and digital marketing; distributing handsets; and providing software supporting high speed internet service Voice communication broadband Internet data and international telephone service. The company was founded in 1986 and is based in Bangkok Thailand.,37754.66,SET,Stock Exchange of Thailand,2025-12-31,2026-03-31,Wireless Telecommunication Services,TH0268010Z03,369.0,2026-08-05,33153.59,100,Advanced Info Service Public Company Limited,2026-08-06,2026-06-30,2026-12-31,2026-06-30,375.0,373.0,295.0,340.0,224.0,373.0,175.5,367.0,380.0,367.0,401.579,399.6667,401.579,324.15,387.421,371.2632,450.0,450.0,350.0,450.0,420.0,450.0,450.0,370.0,355.0,355.0,295.0,340.0,330.0,355.0,355.0,300.0,401.0,402.0,321.0,390.0,373.0,402.0,400.0,349.0,401.579,399.0588,345.0,313.0,Asia / Pacific,Communication Services,ADVANC,TH,Thailand,Asia / Pacific,THB,Thai Baht
TW,Taiwan,1,Asia Vital Components Co. Ltd. together with its subsidiaries provides total thermal solutions worldwide. It is involved in the manufacturing installation processing sales and import and export of various electronic components electronic materials communication electronic machinery products auto parts lighting equipment and computer peripherals. The company also offers cooling products such as DC fan EC fan thin centrifugal fan and fan array active heat sink heat pipe and vapor chamber far-end radiator radiator and compressor radiator; cooling solution for computers communication equipment energy cars transportation and other applicable field of industrial cooling; and motherboard and casing products. In addition it designs and manufactures PC-related system products; development and research of hinge products as well as its structure logical and mechanical build; manufactures web camera modules and cellphone camera modules; and develops touch panel products including tablet and AIO industrial products and LCM+TP. Further the company provides legal solutions and assists its customers to obtain product recognitions; and systematic assembly testing program preload package and delivery services. Asia Vital Components Co. Ltd. was incorporated in 1991 and is headquartered in Kaohsiung Taiwan.,32061.44,TWSE,Taiwan Stock Exchange,2025-12-31,2026-03-31,Technology Hardware Storage and Peripherals,TW0003017000,2730.0,2026-08-05,33128.56,99,Asia Vital Components Co. Ltd.,2026-08-07,2026-06-30,2026-12-31,2026-06-30,2670.0,2110.0,1005.0,2435.0,338.0,2110.0,79.4,1595.0,2320.0,2525.0,3446.0,3395.2857,3393.0,974.9231,3252.2143,1881.3333,3900.0,3900.0,1220.0,3780.0,2220.0,3900.0,3900.0,2055.0,2880.0,2880.0,630.0,2400.0,1200.0,2880.0,2880.0,1200.0,3395.0,3450.0,1007.0,3395.0,1865.0,3450.0,3395.0,1800.0,3393.0,3395.2857,1789.1333,1510.0,Asia / Pacific,Information Technology,3017,TW,Taiwan,Asia / Pacific,TWD,New Taiwan Dollar
TW,Taiwan,-1,Chunghwa Telecom Co. Ltd. together with its subsidiaries operates as an integrated telecommunications service provider in Taiwan and internationally. The company operates through Consumer Business Enterprise Business International Business and Others segments. Its services primarily include mobile fixed-line information and communication technology (ICT) and sales and other services. The company provides mobile services including prepaid and postpaid plans; fixed-line services such as fixed broadband and voice leased line video and satellite services; and fixed broadband services comprising broadband access data communication and Wi-Fi services. It also offers ICT services consisting of cloud content delivery network advanced networks defense system and web application firewall. In addition it distributes and sells mobile handsets and wearable devices on its mobile network to customers through its directly owned stores online store and third-party retailers as well as offers interconnection services. The company was incorporated in 1996 and is headquartered in Taipei City Taiwan.,31136.52,TWSE,Taiwan Stock Exchange,2025-12-31,2026-06-30,Diversified Telecommunication Services,TW0002412004,137.0,2026-08-05,32884.78,99,Chunghwa Telecom Co. Ltd.,2026-08-05,2026-09-30,2026-12-31,2026-09-30,141.5,140.5,132.5,136.0,116.5,140.5,117.5,133.0,139.5,141.5,134.8,133.4,134.8,132.1429,132.1429,132.4286,150.0,150.0,152.0,153.0,153.0,150.0,150.0,153.0,118.0,118.0,117.0,118.0,120.0,118.0,118.0,117.0,130.0,130.0,130.0,130.0,130.0,130.0,130.0,127.5,134.8,133.4,132.3333,130.5,Asia / Pacific,Communication Services,2412,TW,Taiwan,Asia / Pacific,TWD,New Taiwan Dollar
TH,Thailand,5,Gulf Development Public Company Limited generates and sells electricity and steam to public and private clients in Thailand and internationally. The company operates through Power Business Consulting Business Infrastructure Business and Satellite and Digital Business segments. It generates electricity through gas-fired solar biomass hydroelectric waste-to-energy and wind power projects under independent power producers and small power producers. The company undertakes infrastructure and logistics projects; distributes supplies and sells natural gas; and operates a digital infrastructure. In addition the company is involved in the management technical support technology investment services; storing and converting natural gas; satellite and related services; sale of direct television and satellite equipment; transponder services; engineering and development services; broadband network and content services; and broadcasting television and telecommunication services. Further it provides system integration consultancy services for broadband network and technology systems products and services related to artificial intelligence and space technology. Gulf Development Public Company Limited was founded in 2007 and is based in Bangkok Thailand.,41554.45,SET,Stock Exchange of Thailand,2025-12-31,2026-03-31,Independent Power and Renewable Electricity Producers,THC903010005,66.5,2026-08-05,30012.36,100,Gulf Development Public Company Limited,2026-08-11,2026-06-30,2026-12-31,2026-06-30,63.5,65.25,46.75,57.5,,65.25,,50.25,66.75,61.5,76.0938,74.1563,76.0938,59.8846,71.3438,62.0667,91.0,91.0,76.0,91.0,76.5,91.0,91.0,76.5,60.0,60.0,45.0,60.0,50.0,60.0,60.0,50.0,74.0,75.5,59.5,70.0,60.0,75.5,74.0,60.0,76.0938,74.1563,61.8667,41.75,Asia / Pacific,Utilities,GULF,TH,Thailand,Asia / Pacific,THB,Thai Baht
AU,Australia,1,Aristocrat Leisure Limited together with its subsidiaries operates as a gaming content and technology company in Australia and internationally. It operates through three segments: Aristocrat Gaming Product Madness and Aristocrat Interactive. The company designs develops assembles distributes sells and services gaming content platforms and systems including electronic gaming machines casino management systems and iLottery and free-to-play mobile games. It also offers product madness a publisher in the social casino genre of free-to-play mobile games; aristocrat gaming a regulated land-based gaming; and Aristocrat Interactive a regulated online real money gaming. Aristocrat Leisure Limited was founded in 1950 and is headquartered in North Ryde Australia.,28846.93,ASX,Australian Securities Exchange,2025-09-30,2026-03-31,Hotels Restaurants and Leisure,AU000000ALL7,66.22,2026-08-05,27964.02,99,Aristocrat Leisure Limited,2026-08-07,2026-06-30,2026-09-30,2026-09-30,61.61,65.07,70.33,47.44,40.78,65.07,41.92,50.79,64.09,61.27,66.3876,64.6582,65.2171,71.442,62.585,71.1747,70.0,70.0,79.0,68.9,82.2,70.0,69.4,81.3,59.1,61.0,52.0,58.0,65.82,61.0,59.1,67.0,65.0,65.0,72.4,62.28,71.0,65.0,63.75,72.4,65.2171,63.57,72.8113,58.18,Asia / Pacific,Consumer Discretionary,ALL,AU,Australia,Asia / Pacific,AUD,Australian Dollar
TW,Taiwan,0,"King Slide Works Co. Ltd. together with its subsidiaries researches designs manufactures distributes and sells rail kits for cloud servers network communications kitchen ware and 
consumer electronics in Taiwan the United States China and internationally. The company offers ultra-thin server slide rail kits electronic device rail kits and cable management arm for cloud computing data centers as well as engages in the international investment activities. It also provides kitchen and furniture solutions including metal and wood drawer systems inner drawers and pull-out systems undermount slides ball bearing slides epoxy coated roller slides and hinges for home furniture kitchen cabinets and work space; and consumer electronics solutions. In addition the company is involved in trading and wholesaling rail kits slides and accessories; manufacturing and selling mechanical rail kit products integrated into servers and network-related equipment; and manufacturing and selling rail kits for servers network communications data centers and related peripheral components. Its products are used in home appliances motorhomes and RVs office equipment medical storage and other applications. King Slide Works Co. Ltd. was incorporated in 1986 and is headquartered in Kaohsiung Taiwan.",27130.27,TWSE,Taiwan Stock Exchange,2025-12-31,2026-03-31,Technology Hardware Storage and Peripherals,TW0002059003,9470.0,2026-08-05,27924.48,99,King Slide Works Co. Ltd.,2026-08-06,2026-06-30,2026-12-31,2026-06-30,7785.0,7140.0,2810.0,4400.0,817.0,7140.0,363.0,2955.0,7850.0,7360.0,8777.5385,6955.1667,8669.8461,2480.25,4594.25,4643.1818,8950.0,12000.0,3050.0,5100.0,4980.0,12000.0,8950.0,4930.0,4150.0,4150.0,1700.0,3880.0,3570.0,4150.0,4150.0,3630.0,7115.0,9100.0,2400.0,4750.0,4750.0,9940.0,7115.0,4750.0,8777.5385,6955.1667,4602.5,3750.0,Asia / Pacific,Information Technology,2059,TW,Taiwan,Asia / Pacific,TWD,New Taiwan Dollar
IN,India,-1,Power Grid Corporation of India Limited an electric power transmission utility engages in the power transmission business in India and internationally. It operates in three segments: Transmission Services Telecom Services and Consultancy Services. As of 31 March 2025 the company owned and operated 180195 circuit kilometers of transmission lines and 282 substations with an aggregate transformation capacity of 551961 mega volt amperes. It also provides telecom services that offer overhead optic fiber network services using optical ground wire on power transmission lines under the POWERTEL brand name as well as lease lines MPLS-VPN data infrastructure and international long-distance services. In addition it provides consultancy services to the transmission distribution and telecom sectors on system planning and feasibility studies; environmental and social studies; design and engineering; contract/procurement services; project management and construction supervision; capacity building; operation and maintenance; asset management; owners’ and lenders’ engineer services to utilities and funding institutions; preparation of grid code tariff mechanisms and market analysis; legal and technical advisory in power transmission; power system studies/DPR preparation; smart grid and EV charging; load despatch and communication; sub-transmission/distribution/rural electrification services; testing and quality assurance and inspection; energy efficiency; and preventive vigilance as well as human resource development. Further it operates electric vehicle charging stations; and engages in solar power generation green hydrogen production smart metering and data centers. The company was formerly known as National Power Transmission Corporation Limited and changed its name to Power Grid Corporation of India Limited in October 1992. Power Grid Corporation of India Limited was incorporated in 1989 and is based in Gurugram India.,42880.11,NSEI,National Stock Exchange of India,2026-03-31,2026-03-31,Electric Utilities,INE752E01010,281.75,2026-08-05,27552.8,99,Power Grid Corporation of India Limited,2026-08-05,2026-06-30,2027-03-31,2027-03-31,287.85,282.85,286.0,319.45,185.5125,282.85,131.4,289.35,284.25,286.3,329.48,329.48,329.48,319.0,320.4783,314.0417,400.0,400.0,370.0,390.0,380.0,400.0,400.0,370.0,283.0,283.0,240.0,267.0,260.0,283.0,283.0,238.0,324.0,324.0,323.0,314.0,306.5,324.0,324.0,317.0,329.48,329.48,312.2609,264.6,Asia / Pacific,Utilities,POWERGRID,IN,India,Asia / Pacific,INR,Indian Rupee
IN,India,1,Hindalco Industries Limited together with its subsidiaries manufactures and distributes aluminum and copper products in India and internationally. It operates through four segments: Novelis Aluminium Upstream Aluminium Downstream and Copper. The company offers primary aluminum such as ingots wirerods primary foundry alloys and billets; flat rolled products including building and pattern sheets PCB entry and cold-rolled sheets closure and fin stocks cable wrap and lamp cap stocks foil and litho stocks spiral fin stocks circles hot-rolled plates cold-rolled coils and flooring sheets/tread plates; extrusions; and foils as well as aluminium sheet and light gauge products. It also engages in bauxite and coal mining refineries and metal and power; and specialty alumina solutions including refractory ceramic polishing flame retardant battery and water treatment solutions. In addition the company provides copper wire and recycled rods alloy rods IGT tubes and cathodes; precious metals such as gold and silver bars selenium and platinum group metals; and di-ammonium phosphate as well as internally grooved copper tube and copper scrap recycling operations. Further it provides mining investment cargo management import and export aluminum sales office captive insurance cell and welfare services. The company exports its products. It offers its products under the PrizTec EcoEdge G EcoEdge C Everlast Eternia Freshwrapp FUSALOX and Totalis brands. The company serves the building and construction batteries and renewable energy commercial transport consumer durables circularity and home solutions defence and aerospace electrical and power industrial machinery packaging and personal mobility industries. Hindalco Industries Limited was incorporated in 1958 and is headquartered in Mumbai India.,32281.04,BSE,Bombay Stock Exchange,2026-03-31,2026-03-31,Metals and Mining,INE038A01020,1039.0,2026-08-05,24250.87,99,Hindalco Industries Limited,2026-08-07,2026-06-30,2027-03-31,2027-03-31,952.65,962.25,686.65,1054.65,457.05,962.25,443.05,934.9,974.35,956.65,1115.1379,1134.0,1113.7931,748.2963,994.4643,897.1071,1430.0,1430.0,895.0,1310.0,1240.0,1430.0,1430.0,1040.0,850.0,850.0,600.0,730.0,695.0,850.0,850.0,675.0,1120.0,1111.0,741.0,1003.5,875.0,1111.0,1120.0,839.0,1113.7931,1132.6207,838.2857,886.25,Asia / Pacific,Materials,500440,IN,India,Asia / Pacific,INR,Indian Rupee
KR,South Korea,1,NAVER Corporation together with its subsidiaries provides online search portal and information services in South Korea and internationally. It is involved in the electronic financial; film and audio content production and distribution; Webtoon service development and operation; language learning application development; monitoring and advertisement operation; mobile service operation; trading platform operation; clothes accessories and news distribution; web novel platform support; and e-commerce businesses. In addition the company engages in the provision of cloud service management business support workforce supply and employee dispatch; camera and communication application development service; groupware service operation and distribution; exhibition and performance planning; new technology development and research; global business support; software consulting development and distribution; IT investment and research; online live broadcast service and local marketing; contents production and reinforcement; IT infrastructure operation; commerce platform; and customer center operation businesses. NAVER Corporation was formerly known as NHN Corporation. The company was founded in 1999 and is based in Seongnam-si South Korea.,22541.55,KOSE,Korea Stock Exchange (KRX),2025-12-31,2026-03-31,Interactive Media and Services,KR7035420009,229000.0,2026-08-05,24079.35,99,NAVER Corporation,2026-08-07,2026-06-30,2026-12-31,2026-06-30,196600.0,194700.0,228500.0,208000.0,223500.0,194700.0,444500.0,249000.0,208000.0,199000.0,303814.8148,305296.2963,301962.963,295703.4483,295692.3077,326151.8518,400000.0,400000.0,380000.0,400000.0,410000.0,400000.0,400000.0,410000.0,237000.0,210000.0,200000.0,237000.0,230000.0,210000.0,237000.0,200000.0,300000.0,300000.0,300000.0,295000.0,330000.0,300000.0,300000.0,330000.0,301962.963,305814.8148,321311.5385,242500.0,Asia / Pacific,Communication Services,A035420,KR,South Korea,Asia / Pacific,KRW,South Korean Won
TW,Taiwan,0,Winbond Electronics Corporation engages in the research development production and sales of integrated circuits various semiconductor components and other system products. The company offers customized memory solutions including CUBE(3DCaaS) pseudo static random access memory DDR/SDR LPDDR/LPSDR Known Good Die wafer products; electrical simulation wafer-level speed testing and other services; redistribution layers; and failure analysis services as well as low power SDR DDR DDR2 DDR3 and DDR4/4X SDRAM products. It also provides specialty DRAM products such as SDRAM DDR SDRAM DDR2 SDRAM DDR3 SDRAM and DDR4 SDRAM products; code storage flash memory products comprising serial NOR 1.2V serial NOR octal NOR QspiNAND OctalNAND SLC NAND NAND based MCP SpiStack and authentication flash products; TrustME secure flash memory such as secure flash memory and secure memory elements; and logic IC products. In addition the company is involved in the research development design sale and after-sales service of semiconductors and 6-inch wafer fab production testing and foundry services; E-commerce and investment business; semiconductor component design and marketing services; smart factory solutions; semiconductor-related hardware and software system integration design; design research testing sales and service of integrated circuits and auxiliary equipment; develops automotive and industrial control software and services; customer service and technical support; computer software services; computers and peripherals and software wholesale; repair testing and related technical consulting services; and rental of semiconductor-related equipment. It markets its products through distributors and online. The company’s products are used in computer communication consumer automotive and industrial electronics. Winbond Electronics Corporation was incorporated in 1987 and is headquartered in Taichung Taiwan.,24912.97,TWSE,Taiwan Stock Exchange,2025-12-31,2026-03-31,Semiconductors and Semiconductor Equipment,TW0002344009,169.0,2026-08-05,23531.78,99,Winbond Electronics Corporation,2026-08-06,2026-06-30,2026-12-31,2026-06-30,183.0,118.5,17.05,108.5,27.25,118.5,34.1,97.8,130.0,207.5,234.0,216.5,234.0,25.2,142.6,129.2,288.0,360.0,33.0,200.0,170.0,360.0,288.0,100.0,121.0,121.0,21.0,95.0,62.5,121.0,121.0,62.5,221.0,221.0,21.0,145.0,140.0,221.0,227.5,88.0,234.0,211.1667,84.3,82.6,Asia / Pacific,Information Technology,2344,TW,Taiwan,Asia / Pacific,TWD,New Taiwan Dollar
TW,Taiwan,4,ASPEED Technology Inc. operates as a fabless integrated circuit (IC) design company in Taiwan China the United States and internationally. The company is involved in the design and sales of multimedia IC computer peripheral IC and advanced image processing IC. It also offers 2D VGA BMC and KVM over IP for server design and manufacturing firms; analog signal amplification and transmission digital signal transmission and digital network packet transmission computer peripheral ICs; and AST1230 SoC a product that integrates real-time multi-image stitching and audio processing capabilities. In addition the company engages in wholesale of information software; retail and service industry; international trade; intellectual property; product design; and other industrial and commercial services. ASPEED Technology Inc. was incorporated in 2004 and is headquartered in Hsinchu City Taiwan.,20383.25,TPEX,Taipei Exchange,2025-12-31,2026-03-31,Semiconductors and Semiconductor Equipment,TW0005274005,16020.0,2026-08-05,20612.82,99,ASPEED Technology Inc.,2026-08-10,2026-06-30,2026-12-31,2026-06-30,14790.9091,13205.0,4113.6364,17000.0,1995.4545,13205.0,1867.7686,8090.9091,14525.0,14995.4545,19136.696,18816.7879,18734.3324,4959.1558,15282.9546,8804.2046,22727.2727,22727.2727,5545.4546,22727.2727,12090.9091,22727.2727,22727.2727,7500.0,9727.2727,9727.2727,3681.8182,5545.4546,5545.4546,9727.2727,9727.2727,4987.2727,20000.0,19834.7127,5136.3636,16890.9091,9090.4545,19834.7127,20000.0,6761.3636,18734.3324,18816.7879,6670.2273,6600.0,Asia / Pacific,Information Technology,5274,TW,Taiwan,Asia / Pacific,TWD,New Taiwan Dollar
TW,Taiwan,0,Formosa Petrochemical Corporation together with its subsidiaries engages in the production and sale of petroleum products and petrochemical raw materials in Taiwan Australia South Korea the Philippines Singapore Malaysia Mainland China and internationally. The company offers gasoline diesel jet fuel/kerosene fuel oil/asphalt/sulfur naphtha base oil liquified petroleum gas and lubricants. It also provides ethylene propylene butadiene and BTX; and electricity steam and other utilities products. Formosa Petrochemical Corporation was founded in 1992 and is headquartered in Mailiao Taiwan.,16295.76,TWSE,Taiwan Stock Exchange,2025-12-31,2026-03-31,Oil Gas and Consumable Fuels,TW0006505001,67.6,2026-08-05,19925.58,99,Formosa Petrochemical Corporation,2026-08-06,2026-06-30,2026-12-31,2026-06-30,59.5,71.6,39.5,54.8,80.6,71.6,96.8,48.6,70.8,55.1,75.2,57.2,75.2,44.25,60.6,53.8571,70.0,100.0,74.0,82.0,74.0,100.0,70.0,74.0,40.0,40.0,32.0,40.0,35.0,40.0,40.0,34.0,65.0,90.0,40.0,65.0,63.0,90.0,65.0,51.5,75.2,57.2,51.25,47.8,Asia / Pacific,Energy,6505,TW,Taiwan,Asia / Pacific,TWD,New Taiwan Dollar
TW,Taiwan,5,Jentech Precision Industrial Co. Ltd together with its subsidiaries manufactures processes and trades in precision tooling and electronic parts and components in Taiwan and China. The company offers thermal heat spreaders semiconductor lead frames and injection molding peripheral device and stamping parts and communication connectors; air and liquid cooling and MCU cooler modules; carriers bolsters and base plates; stiffeners and vapor chamber lids; power modules spacers pin fin heat sinks and battery cooling management systems; battery and ECU cold plates; LED lead frames; and EMI shielding frame backlight and panel connectors and machined solutions. It also provides metal parts for electrical appliances electronics and computers; hardware machinery and its parts; and optoelectronic and automotive materials as well as engages in metal forging and surface treatment processing activities. The company serves the semiconductor automotive consumer electronics telecommunication and medical devices industries. Jentech Precision Industrial Co. Ltd was incorporated in 1987 and is headquartered in Taoyuan City Taiwan.,19391.95,TWSE,Taiwan Stock Exchange,2025-12-31,2026-03-31,Semiconductors and Semiconductor Equipment,TW0003653002,4340.0,2026-08-05,19704.85,99,Jentech Precision Industrial Co. Ltd,2026-08-11,2026-06-30,2026-12-31,2026-06-30,3320.0,3135.0,1325.0,4305.0,552.0,3135.0,282.7368,2970.0,3445.0,3430.0,5069.4444,5070.0,4997.2222,1680.0,5423.5556,3970.7143,6770.0,6770.0,1680.0,7000.0,5350.0,6770.0,6770.0,5000.0,4270.0,4000.0,1680.0,3970.0,1680.0,4000.0,4270.0,1680.0,4840.0,4840.0,1680.0,5300.0,4100.0,4840.0,4840.0,3680.0,4997.2222,5070.0,3669.0,2745.0,Asia / Pacific,Information Technology,3653,TW,Taiwan,Asia / Pacific,TWD,New Taiwan Dollar
KR,South Korea,-1,Hyosung Heavy Industries Corporation manufactures and sells heavy electrical equipment in South Korea. The company offers transmission and distribution products such as power oil-immersed distribution cast-resin and special transformers; shunt reactors high voltage switchgears medium/ low voltage switchgears and high voltage direct current transmission systems; STATCOM a power electronic based device to enhance the power system stability and quality; and turnkey solutions. It also provides system and engineering solutions including condition monitoring systems; asset health management power system maintenance power automation and process automation solutions; and renewable energy products comprising energy storage systems solar inverters and wind turbines as well as engineering procurement and construction services for solar energy projects. In addition the company offers high and low voltage motors DC motors general industrial and special-purpose motors commercial generators and emergency power generators; chemical equipment filling stations and industrial gas supplying systems; gear boxes motors and special gear units; and ARC resistance and special spot welding machines. Further it undertakes various construction projects including housing redevelopment and reconstruction business and commercial facilities civil engineering and environment and SOC. Additionally the company provides power conditioning systems and power management systems. It also exports its products to North and Central America Europe Asia and internationally. Hyosung Heavy Industries Corporation was founded in 1962 and is headquartered in Seoul South Korea.,19717.49,KOSE,Korea Stock Exchange (KRX),2025-12-31,2026-03-31,Electrical Equipment,KR7298040007,2985000.0,2026-08-05,19534.85,99,Hyosung Heavy Industries Corporation,2026-08-05,2026-06-30,2026-12-31,2026-06-30,3117000.0,1894000.0,1278000.0,4597000.0,172800.0,1894000.0,75000.0,2211000.0,2417000.0,3438000.0,4231533.1765,4437500.0,4411764.7059,1381250.0,4406250.0,3044117.6471,5300000.0,5300000.0,1550000.0,5000000.0,3500000.0,5300000.0,5300000.0,3100000.0,3100000.0,3100000.0,550000.0,3100000.0,1220000.0,3100000.0,3100000.0,1220000.0,4500000.0,4400000.0,1445000.0,4500000.0,3100000.0,4400000.0,4500000.0,2660000.0,4411764.7059,4437500.0,2538125.0,1781000.0,Asia / Pacific,Industrials,A298040,KR,South Korea,Asia / Pacific,KRW,South Korean Won
TW,Taiwan,4,ASUSTeK Computer Inc. researches and develops designs manufactures sells and repairs 3C information products in Taiwan China Singapore Europe the United States and internationally. The company provides phone and accessories; laptops for home work creators students gaming and accessories; monitors projectors all-in-one PCs tower PCs gaming tower PCs NUCs mini-PCs and accessories; and motherboards graphics cards cases cooling power supply units sound cards optical drives data storage and external graphics docks. It offers networking/IoT/ servers such as Wifi 7 6 and routers whole home mesh Wifi system and business network solutions. In addition the company provides wired networking intelligent robots AloT and industrial solutions servers and smart home; accessories which include keyboards mice and mouse pads headsets and audio streaming kits apparel bags and gear cases and protection adapters and chargers docks dongles and cable power banks controllers and gimbal. Further it offers Internet information services; maintenance and operating services for information hardware; information technology services; communication products; and leases real estate property. Additionally the company provides ink-jet print heads and digital image output technology high-speed analog circuits industrial and medical computers interface cards and medical robots; invests in computer peripheral Internet service and automotive electronics businesses; and research develops sells and consults information system software; provides marketing support and repair services for medical computers and peripherals. ASUSTeK Computer Inc. was founded in 1989 and is headquartered in Taipei City Taiwan.,19504.88,TWSE,Taiwan Stock Exchange,2025-12-31,2026-03-31,Technology Hardware Storage and Peripherals,TW0002357001,838.0,2026-08-05,19259.64,99,ASUSTeK Computer Inc.,2026-08-10,2026-06-30,2026-12-31,2026-06-30,680.0,737.0,680.0,629.0,362.0,737.0,323.5,508.0,810.0,700.0,802.0,781.5454,802.0,737.1818,604.1,684.2727,1200.0,1200.0,856.0,710.0,855.0,1200.0,1200.0,855.0,525.0,570.0,615.0,450.0,450.0,570.0,525.0,500.0,740.0,750.0,750.0,605.5,695.0,750.0,752.5,695.0,802.0,785.7,702.4546,548.0,Asia / Pacific,Information Technology,2357,TW,Taiwan,Asia / Pacific,TWD,New Taiwan Dollar
TW,Taiwan,5,Wistron Corporation together with its subsidiaries engages in the design manufacture and sale of information technology products in the United States Europe China and internationally. The company is involved in research development and testing of products and semi-furnished products and its peripheral equipment and components including desktop and portable computers motherboards servers system platforms multiprocessor computer systems multimedia computers network computers consumer and special computers microprocessors CD-ROMs PDAs tablet computer pocket computers and interface cards. It also provides video and internet telephones and video conferencing and telecommunication equipment; digital satellite TV receivers set-top boxes digital video decoders and multi-media home appliances; digital cameras CD players and digital CD players; wireless receiver products comprising mobile phones wireless LAN cards and Bluetooth communication modules; and LCD TVs and other electronic audio and visual products. In addition the company designs and merchandises computer software and programs; recycles electronic waste; and offers in vitro diagnostic devices therapeutic equipment intelligent assistive devices diagnostic x-ray units physiological signal diagnostic devices and medical data systems. Further it is involved in the manufacturing processing and selling of electronic automotive products; maintenance and cleaning of electronics products; import and export trade business; sale and maintenance of computer products and related parts and components data storage equipment and digital monitoring systems; internet platform development; provision and sale of application services and consultation; and repair of electronic products. Wistron Corporation was incorporated in 2001 and is headquartered in Taipei Taiwan.,32569.26,TWSE,Taiwan Stock Exchange,2025-12-31,2026-03-31,Technology Hardware Storage and Peripherals,TW0003231007,193.0,2026-08-05,18993.12,99,Wistron Corporation,2026-08-11,2026-06-30,2026-12-31,2026-06-30,158.0,160.0,122.5,146.5,114.0,160.0,27.7,129.0,176.0,158.5,263.0,202.125,217.2667,149.8461,193.0667,195.6429,280.0,400.0,180.0,246.0,249.0,400.0,280.0,249.0,145.0,145.0,118.0,145.0,155.0,165.0,145.0,150.0,195.0,210.0,145.0,190.0,190.0,210.0,195.0,190.0,221.2667,202.125,195.2857,150.5,Asia / Pacific,Information Technology,3231,TW,Taiwan,Asia / Pacific,TWD,New Taiwan Dollar
ID,Indonesia,0,PT Amman Mineral Internasional Tbk operates as a copper and gold producer in Indonesia. The company holds interests in the Batu Hijau mine and Elang project located on the island of Sumbawa. It also provides metal processing; and manpower supply training and other services as well as operates liquefied natural gas storage and regasification facilities. In addition the company operates precious metals refinery facilities for copper concentrate. Further it engages in the real estate restaurant hospitality forest utilization and airport services activities as well as offers commercial aircraft transportation services. The company was founded in 2015 and is headquartered in Jakarta Selatan Indonesia.,23312.66,IDX,Indonesia Stock Exchange,2025-12-31,2026-03-31,Metals and Mining,ID1000191109,4420.0,2026-08-05,17844.72,99,PT Amman Mineral Internasional Tbk,2026-08-06,2026-06-30,2026-12-31,2026-06-30,3500.0,3940.0,7600.0,5175.0,2870.0,3940.0,,7350.0,4100.0,3100.0,6831.4975,6831.4975,6831.4975,9416.66,9153.31,9440.48,9550.0,9550.0,10000.0,11000.0,9440.48,9550.0,9550.0,10000.0,5400.0,5400.0,8833.32,7100.0,9440.48,5400.0,5400.0,7866.86,6550.99,6550.99,9416.66,9256.62,9440.48,6550.99,6550.99,8933.43,6831.4975,6831.4975,8933.43,6425.0,Asia / Pacific,Materials,AMMN,ID,Indonesia,Asia / Pacific,IDR,Indonesian Rupiah
ID,Indonesia,0,Perusahaan Perseroan (Persero) PT Telekomunikasi Indonesia Tbk provides information and communications technology and telecommunications network services worldwide. The company operates through Mobile Consumer Enterprise Wholesale and International Business and Other segments. The Mobile segment offers mobile voice SMS mobile broadband and value added services. The Consumer segment provides fixed wireline pay TV and internet services; and other telecommunication services to home customers. The Enterprise segment offers end-to-end solution to corporate and institutions. The Wholesale and International Business segment provides interconnection services broadband access information technology services data and internet services to other licensed operator and institutions. The Other segment offers digital content products big data business-to-business commerce and financial services to individual and corporate customers. The company also engages in leasing of towers and provision of digital support and other telecommunication services; provision of consultation service of hardware software data center and internet exchange as well as multimedia portal services; business management consulting; property development and management; trading service related to telecommunication information multimedia technology entertainment and investment services; and digital content exchange hub services. The company was founded in 1884 and is headquartered in Bandung Indonesia. Perusahaan Perseroan (Persero) PT Telekomunikasi Indonesia Tbk operates as a subsidiary of PT Danantara Asset Management (Persero).,17176.15,IDX,Indonesia Stock Exchange,2025-12-31,2026-06-30,Diversified Telecommunication Services,ID1000129000,2710.0,2026-08-05,14894.87,99,Perusahaan Perseroan (Persero) PT Telekomunikasi Indonesia Tbk,2026-08-06,2026-09-30,2026-12-31,2026-09-30,2520.0,2560.0,3030.0,2880.0,3690.0,2560.0,3340.0,3290.0,2630.0,2350.0,3523.1818,3628.8636,3533.4091,3282.1739,3884.2857,3900.9091,4150.0,4150.0,3720.0,4500.0,4500.0,4150.0,4150.0,4500.0,3000.0,2800.0,2900.0,3000.0,3000.0,2800.0,3000.0,3000.0,3640.0,3587.5,3200.0,4000.0,4000.0,3587.5,3640.0,3920.0,3533.4091,3628.8636,3801.8182,3480.0,Asia / Pacific,Communication Services,TLKM,ID,Indonesia,Asia / Pacific,IDR,Indonesian Rupiah
KR,South Korea,5,ALTEOGEN Inc. a bio company focuses on developing long-acting biobetters proprietary antibody-drug conjugates and antibody biosimilars. The company develops ALT-P1 a long-acting human growth hormone that is in the Phase IIa clinical trial; and ALT-Q2 a long-acting active form of coagulation factor VII for the treatment of hemophilia based on its NexP technology. It is also involved in the development of ALT-P7 a targeted breast/gastric cancer drug that is in the Phase I clinical trial; ALT-Q5 an antibody-drug conjugate (ADC) for the treatment of ovarian cancer based on its NexMab ADC technology; and ALT-LS2 a SC (subcutaneous) formulation of trastuzuamb for the treatment of breast and gastric cancer. The company has a strategic alliance with Kissei Pharmaceutical for the development of ALT-L9 a biosimilar of Eylea (Aflibercept) which is currently under Phase 1 trial; Cristalia for the development of ALT-L2 a biosimilar of Herceptin (Trastuzumab) a monoclonal antibody for the treatment of breast cancer which is in the Phase II clinical trial; and Biogen Inc. to develop subcutaneous (SC) formulations of biologics utilizing ALT-B4. ALTEOGEN Inc. was founded in 2008 and is headquartered in Daejeon South Korea.,13318.44,KOSDAQ,KOSDAQ (Korea),2025-12-31,2026-03-31,Biotechnology,KR7196170005,277000.0,2026-08-05,13555.65,99,ALTEOGEN Inc.,2026-08-11,2026-06-30,2026-12-31,2026-06-30,254615.3846,215000.0,338076.9231,279615.3846,35384.6154,215000.0,58333.3333,277692.3077,237307.6923,277692.3077,351282.0513,352307.6923,352307.6923,434615.3846,334615.3846,334615.3846,476923.0769,476923.0769,561538.4615,438461.5385,438461.5385,476923.0769,476923.0769,561538.4615,192307.6923,192307.6923,307692.3077,192307.6923,192307.6923,192307.6923,192307.6923,207692.3077,384615.3846,384615.3846,434615.3846,353846.1538,353846.1538,384615.3846,384615.3846,453846.1539,352307.6923,352307.6923,401538.4615,345769.2308,Asia / Pacific,Health Care,A196170,KR,South Korea,Asia / Pacific,KRW,South Korean Won
KE,Kenya,1,Safaricom PLC provides telecommunication services in Kenya and Ethiopia. The company offers voice mobile and fixed data messaging (SMS) and M-PESA financial services as well as internet for business; internet of things; mobile incoming; fixed broadband for home and businesses; and content enabled. It also provides managed and cloud services; hosting solutions; fixed services; Kifaru Net; and value-added services such as Skiza Tunes a ringback tunes service; Bonga points a loyalty points programme; Stori Ibambe a platform for mobile content creators; and device products. In addition the company offers consumer and business payments global payments withdrawal services credit solutions and other solutions including insurance wealth management and savings. Further it provides domain and hosting; backup and disaster recovery; SSL certificates; mobile device management; corporate postpay and value pack; Zidisha Plus; Shiriki Postpay and Prepay; airtime and SMS; Biashara Smart; and sponsored data. The company services individual business corporate and public customers. Safaricom PLC was incorporated in 1997 and is based in Nairobi Kenya. As of June 30 2026 Safaricom PLC operates as a subsidiary of Vodafone Kenya Limited.,12043.78,NASE,Nairobi Securities Exchange,2026-03-31,2026-03-31,Wireless Telecommunication Services,KE1000001402,34.65,2026-08-05,10732.64,100,Safaricom PLC,2026-08-07,2026-06-30,2027-03-31,2027-03-31,34.2,36.0,25.85,29.9,16.8,36.0,41.25,31.95,36.5,34.05,40.2167,38.4586,39.55,26.8362,36.8871,35.53,45.0,45.0,35.0,44.0,44.0,45.0,45.0,43.0,31.91,34.3,17.0,31.91,24.8,34.3,31.91,24.8,39.0,39.5,26.29,36.0,36.0,39.5,39.0,33.0,39.55,38.4586,33.3113,28.35,Africa / Middle East,Communication Services,SCOM,KE,Kenya,Africa / Middle East,KES,Kenyan Shilling
ID,Indonesia,-1,PT Astra International Tbk together with its subsidiaries operates in the automotive financial services heavy equipment mining construction energy agri infrastructure and logistics information technology and property businesses in Indonesia and internationally. It operates in Automotive Financial Services Heavy Equipment and Mining construction and energy infrastructure and logistics Agribusiness Information Technology and Property segments. The Automotive segment includes car motorcycle component and others. Its Financial Services segment engages in car motorcycle heavy equipment financing and Insurance. The Heavy Equipment and Mining construction and energy segment engages in construction machines mining contractor mining and construction. Its infrastructure and logistics segment includes infrastructure and logistics value chain services; Agribusiness segment include oil palm plantations and their derivative products. The Information Technology segment comprises document solutions IT Solutions and office solutions; and Property development segment. The company also engages in sales of spare parts heavy equipment and rental services mining and related services. The company was founded in 1957 and is headquartered in Jakarta Indonesia. PT Astra International Tbk is a subsidiary of Jardine Cycle & Carriage Limited.,18506.04,IDX,Indonesia Stock Exchange,2025-12-31,2026-06-30,Industrial Conglomerates,ID1000122807,5025.0,2026-08-05,11184.12,99,PT Astra International Tbk,2026-08-05,2026-09-30,2026-12-31,2026-09-30,4810.0,4960.0,5025.0,5875.0,6800.0,4960.0,4890.0,6950.0,5100.0,4520.0,6731.9565,6818.6956,6738.4783,5537.6191,6970.4762,6829.5454,7750.0,7500.0,6300.0,8200.0,8200.0,7500.0,7750.0,8100.0,5475.0,5475.0,4800.0,5400.0,5200.0,5475.0,5475.0,5200.0,7000.0,6850.0,5500.0,7100.0,6912.5,6850.0,7000.0,6700.0,6738.4783,6818.6956,6675.2381,6700.0,Asia / Pacific,Industrials,ASII,ID,Indonesia,Asia / Pacific,IDR,Indonesian Rupiah
AE,United Arab Emirates,1,ADNOC Gas PLC together with its subsidiaries engages in the processing of associated and non-associated gas from onshore oil and gas productions and transmission of related products in the United Arab Emirates. The company markets and promotes natural gas; invests in oil and natural gas projects; offers operation and maintenance services for oil and gas production facilities; and supplies industrial gases to the oil and gas industry. It also provides NGL products including propane butane and paraffinic naphtha; non-NGL products such as natural gas ethane and sulfur; as well as condensates and industrial gases. In addition it owns and operates a network of approximately 3260 kilometers of pipelines. The company was incorporated in 2022 and is based in Abu Dhabi the United Arab Emirates. ADNOC Gas PLC is a subsidiary of Abu Dhabi National Oil Company.,66190.03,ADX,Abu Dhabi Securities Exchange,2025-12-31,2026-03-31,Oil Gas and Consumable Fuels,AEE01195A234,3.37,2026-08-05,70386.09,99,ADNOC Gas PLC,2026-08-07,2026-06-30,2026-12-31,2026-06-30,3.44,3.32,3.3,3.34,3.5,3.32,,3.7,3.3,3.44,4.1419,4.1133,4.1418,3.9817,4.2019,4.1313,4.999,4.9994,4.4997,4.999,4.9983,4.9994,4.9994,4.9991,3.5995,3.5998,3.5006,3.9007,3.9002,3.5998,3.5998,3.9008,4.0991,4.1508,4.0001,4.1578,4.0985,4.1508,4.0994,4.1286,4.1418,4.1137,4.1442,3.55,Africa / Middle East,Energy,ADNOCGAS,AE,United Arab Emirates,Africa / Middle East,AED,UAE Dirham
SA,Saudi Arabia,5,Saudi Arabian Mining Company (Maaden) operates as a mining and metals company in the Kingdom of Saudi Arabia India Pakistan Bangladesh Singapore Korea the United States Europe Australia Brazil Africa Gulf Cooperation Council countries and internationally. The company operates through Phosphate Strategic Business Unit Aluminium Strategic Business Unit Base Metals and New Minerals Strategic Business Unit and All other segments. It primarily mines for gold phosphate rock bauxite kaolin and magnesite as well as copper zinc carbon and silver concentrates. The company primarily holds interests in the e Mansourah-Massarah Ar-Rjum Mahd Ad-Dahab Bulghah Al-Amar Sukhaybarat As Suq Ad Duwayhi Al-Jalamid Al-Khabra Az Zabirah Al-Ghazallah and Al-Ba’itha mines. It also produces and sells phosphate fertilizers ammonia and industrial minerals as well as alumina aluminum and flat rolled products directly to customers and through marketing agents. In addition the company offers ingots slabs and billets; caustic soda and Ethylene Dichloride (EDC); and potassium fertilizers. Further it is involved in procurement marketing project management and execution exploration funding and treasury management and other support activities; development and operation of smelters; and providing cooperative insurance reinsurance and related activities. Saudi Arabian Mining Company (Maaden) was founded in 1997 and is based in Riyadh the Kingdom of Saudi Arabia.,69378.59,SASE,Saudi Exchange (Tadawul),2025-12-31,2026-03-31,Metals and Mining,SA123GA0ITH7,59.6,2026-08-05,61599.48,99,Saudi Arabian Mining Company (Maaden),2026-08-11,2026-06-30,2026-12-31,2026-06-30,58.9,56.85,52.95,62.65,42.5,56.85,22.7,72.55,56.6,59.4,65.59,66.69,65.59,50.8889,66.6222,63.64,80.0,80.0,60.0,80.0,76.0,80.0,80.0,70.5,46.0,46.0,31.9,46.0,46.0,46.0,46.0,41.6,68.4,67.4,53.1,70.0,67.9,67.4,68.4,59.0,65.59,66.89,57.07,60.95,Africa / Middle East,Materials,1211,SA,Saudi Arabia,Africa / Middle East,SAR,Saudi Riyal
SA,Saudi Arabia,0,ACWA Power Company together with its subsidiaries engages in the investment development operation and maintenance of power generation water desalination and green hydrogen production plants in the Kingdom of Saudi Arabia the Middle East Asia and Africa. The company operates through Thermal and Water Desalination; Renewables; and Others segments. It generates power through fossil fuel such as oil coal and gas. The company also sells electricity desalinated water and green hydrogen and/or green ammonia. In addition it installs maintains and operates contracting of electricity generation and desalination plants; power plants; generating renewable energy using photovoltaic concentrated solar power wind plants and hydrogen sources; investment in industrial and commercial enterprises and management; and managing office; and provision of financial advisory book-keeping and reporting tax compliance and related services as well as reinsurance services. Further the company constructs owns buys manages operates and invests in industrial services and construction projects of power stations electricity steam stations water desalination plants and provides operation and maintenance under long-term contracts; and supplies power water desalinated water and steam. The company was formerly known as International Company for Water and Power Projects and changed its name to ACWA Power Company in January 2022. ACWA Power Company was founded in 2004 and is headquartered in Riyadh the Kingdom of Saudi Arabia.,48044.0,SASE,Saudi Exchange (Tadawul),2025-12-31,2026-03-31,Independent Power and Renewable Electricity Producers,SA15CGS10H12,201.3,2026-08-05,41067.46,99,ACWA Power Company,2026-08-06,2026-06-30,2026-12-31,2026-06-30,194.3,189.0,219.0,165.0,173.2535,189.0,,187.2,187.6,194.0,145.0,145.0,145.0,192.5,140.5,179.1429,205.0,205.0,300.0,205.0,280.0,205.0,205.0,280.0,100.0,100.0,110.0,100.0,103.0,100.0,100.0,109.0,154.0,154.0,187.5,134.5,160.0,154.0,154.0,207.0,145.0,145.0,198.2,181.8,Africa / Middle East,Utilities,2082,SA,Saudi Arabia,Africa / Middle East,SAR,Saudi Riyal
AR,Argentina,5,YPF Sociedad Anónima an energy company engages in the oil and gas upstream and downstream activities in South America and Argentina. The company operates through the Upstream Midstream and Downstream LNG and Integrated Gas and New Energies segments. It is involved in the exploration and exploitation of hydrocarbon fields and production of crude oil and natural gas; the refining transportation and commercialization of refined products; the production transportation and commercialization of petrochemical products; the transportation and commercialization of crude oil; and the commercialization of specialties for the agribusiness industry and of grains and their by-products. The company also offers fertilizers and crop protection products; flours oils and grains; asphalts; naphtha; and petroleum coke. In addition it engages in the natural gas transportation and commercialization to third parties and to the Midstream and Downstream segments; the separation of natural gas liquids and their fractionation and storage and transportation to produce ethane propane butane and gasoline as well as its commercialization; the development of liquefied natural gas liquefaction capacity; and power generation activities. The company was incorporated in 1977 and is based in Buenos Aires Argentina.,28799.36,BASE,Buenos Aires Stock Exchange,2025-12-31,2026-03-31,Oil Gas and Consumable Fuels,ARP9897X1319,7685.0,2026-08-05,20204.6,100,YPF Sociedad Anónima,2026-08-11,2026-06-30,2026-12-31,2026-06-30,7157.5,7977.5,4712.5,6522.5,825.19,7977.5,78.96,5642.5,8290.0,7112.5,10431.9333,10218.6,10431.9333,5380.0,9275.3667,8722.0333,12795.8,12795.8,6500.0,10946.1,10946.1,12795.8,12795.8,10946.1,8100.0,8100.0,3790.0,6000.0,5500.0,8100.0,7100.0,4780.0,9760.0,10400.0,5850.0,10880.0,9720.0,10400.0,10880.0,9720.0,10431.9333,10258.6,8482.0333,5460.0,Latin America and Caribbean,Energy,YPFD,AR,Argentina,Latin America and Caribbean,ARS,ARS
GH,GH,1,Scancom Plc provides telecommunications services in Ghana. The company operates through Network services Interconnect and roaming Digital and Fintech and Mobile devices and accessories segments. It offers voice data mobile financial and enterprise solutions as well as consultancy and support services in the areas of mobile banking payment services and fintech. The company also provides communications digital solutions connectivity solutions cloud and hosting services digital platforms managed mobility Internet security services. Its products include internet and connectivity solutions such as leased lines dedicated internet services sponsored data MTN global MPLS MTN Yello Biz business broadband MTN SD -WAN MTN Wi-Fi extenders and MTN APN sim cards; digital solutions including business manager business messenger web-wiz USSD bulk SMS and mobile advertising services; and mobile solution which include association bundle SME plus corporate postpaid adwumapa bundle groupshare and corporate postpaid solutions. In addition the company offers money transfers; airtime topups; bill payments; general payments; bulk payment payroll; school fees payments; savings and investment options; international remittances; insurance products; and ATM cash-outs through MTN Mobile Money platform as well as links to bank accounts. Further it sells mobile handset devices and accessories; and offers leased lines providing connectivity wireless broad band services infrastructure sharing infrastructure rentals and ICT services. The company was incorporated in 1994 and is headquartered in Accra Ghana. Scancom Plc operates as a subsidiary of Investcom LLC.,8040.17,GHSE,GHSE,2025-12-31,2026-06-30,Wireless Telecommunication Services,GHEMTN051541,7.01,2026-08-05,7935.34,100,Scancom Plc,2026-08-07,2026-09-30,2026-12-31,2026-09-30,6.42,7.06,3.6,6.8,1.55,7.06,1.26,4.2,7.14,6.41,8.0933,7.5433,7.5433,4.7,7.5433,5.47,8.3,8.3,4.95,8.3,6.74,8.3,8.3,6.74,7.03,7.03,4.45,7.03,4.72,7.03,7.03,4.72,7.3,7.3,4.7,7.3,4.95,7.3,7.3,4.95,7.5433,7.5433,5.47,4.2,Africa / Middle East,Communication Services,MTNGH,GH,GH,Africa / Middle East,GHS,GHS
US,United States,-1,Eli Lilly and Company discovers develops manufactures and markets human pharmaceutical products in the United States Europe China Japan and internationally. The company offers cardiometabolic health products including Basaglar Humalog Humalog Mix 75/25 Humalog U-100 Humalog U-200 Humalog Mix 50/50 insulin lispro insulin lispro protamine insulin lispro mix 75/25 Humulin Humulin 70/30 Humulin N Humulin R Humulin U-500 for diabetes; Jardiance Mounjaro and Trulicity for type 2 diabetes; and Zepbound for obesity. It also provides oncology products such as Cyramza for the second-line treatment of gastric cancer or gastro-esophageal junction adenocarcinoma; Erbitux for colorectal cancers and head and neck cancers; Inluriyo for breast cancer; Jaypirca for chronic lymphocytic leukemia or small lymphocytic lymphoma; Retevmo for the treatment of metastatic NSCLC; TYVYT for classic hodgkin’s lymphoma; and Verzenio for breast cancer. In addition the company offers immunology products which include Ebglyss for severe atopic dermatitis; Olumiant for rheumatoid arthritis atopic dermatitis severe alopecia areata and COVID-19; Omvoh for ulcerative colitis; and Taltz for plaque psoriasis psoriatic arthritis ankylosing spondylitis and non-radiographic axial spondylarthritis. Further it provides Emgality for migraine prevention and episodic cluster headache as well as Kisubla for symptomatic Alzheimer’s disease. The company has collaborations with Boehringer Ingelheim Pharmaceuticals Inc. for the Jardiance product family; and F. Hoffmann-La Roche Ltd and Genentech Inc. for lebrikizumab as well as license agreements with Almirall S.A. for Ebglyss; and Chugai Pharmaceutical Co. Ltd for orforglipron; strategic collaboration with Ascidian Therapeutics for development of therapies for undisclosed monogenic kidney diseases; and BioArctic AB (publ) for new treatment. Eli Lilly and Company was founded in 1876 and is headquartered in Indianapolis Indiana.,1080852.6,NYSE,New York Stock Exchange,2025-12-31,2026-06-30,Pharmaceuticals,US5324571083,1169.86,2026-08-05,1043212.6,100,Eli Lilly and Company,2026-08-05,2026-09-30,2026-12-31,2026-09-30,1213.91,1210.02,765.95,988.87,449.49,1210.02,264.19,1020.84,1148.84,1199.43,1285.1154,1220.3929,1276.9615,956.67,1203.8965,1191.1852,1500.0,1600.0,1190.0,1500.0,1500.0,1600.0,1500.0,1500.0,850.0,850.0,650.0,850.0,830.0,850.0,850.0,770.0,1250.5,1300.0,970.0,1250.0,1250.0,1300.0,1250.5,1145.0,1276.9615,1220.3929,1093.223,1074.68,United States and Canada,Health Care,LLY,US,United States,United States and Canada,USD,US Dollar
US,United States,-1,Sandisk Corporation develops manufactures and sells data storage devices and solutions using NAND flash technology in the United States Europe the Middle East Africa Asia and internationally. The company offers solid state drives for desktop and notebook PCs gaming consoles and set top boxes; and flash-based embedded storage products for mobile phones tablets notebook PCs and other portable and wearable devices automotive applications Internet of Things industrial and connected home applications as well as removable cards universal serial bus drives and wafers and components. It sells its products to computer manufacturers and original equipment manufacturers datacenters private cloud customers cloud service providers resellers distributors and retailers through its sales personnel dealers distributors retailers and subsidiaries. Sandisk Corporation was incorporated in 2024 and is based in Milpitas California.,196467.22,NasdaqGS,Nasdaq Global Select Market,2025-06-30,2026-04-03,Technology Hardware Storage and Peripherals,US80004C2008,1350.5,2026-08-05,199995.22,99,Sandisk Corporation,2026-08-05,2026-07-03,2026-06-30,2026-07-03,1745.0,1015.89,41.93,1406.32,,1015.89,,576.2,1214.83,2273.73,2217.7727,1930.5,2217.7727,54.6667,1347.8182,676.25,3250.0,3169.0,70.0,2000.0,1000.0,3169.0,3250.0,322.0,1000.0,1000.0,37.0,843.0,300.0,1000.0,1000.0,135.0,1725.0,2250.0,57.0,1258.5,699.0,2250.0,1701.0,273.0,2217.7727,1845.6364,264.9474,237.38,United States and Canada,Information Technology,SNDK,US,United States,United States and Canada,USD,US Dollar
CA,Canada,-1,Shopify Inc. a commerce technology company provides tools to start scale market and run a business of various sizes in Canada the United States Europe the Middle East Africa the Asia Pacific and Latin America. The Company offers Shopify platform that enables merchants to manage products and inventory process orders and payments fulfill and ship orders build customer relationships source products leverage analytics and reporting and access financing for running their business across all of their sales channels including web and mobile storefronts physical retail locations social media storefronts and marketplaces. It also provides Shopify Payments a fully integrated payment processing service that allows merchants to accept and process payment cards online and offline. In addition the company engages in the sale of themes and apps; shipping labels through Shopify Shipping; point-of-sale hardware; advertising on the Shopify App Store; and Shop Campaigns for buyer acquisitions as well as registration of domain names. The company was formerly known as Jaded Pixel Technologies Inc. and changed its name to Shopify Inc. in November 2011. Shopify Inc. was incorporated in 2004 and is based in Ottawa Canada.,182885.39,NasdaqGS,Nasdaq Global Select Market,2025-12-31,2026-06-30,IT Services,CA82509L1076,144.24,2026-08-05,187654.39,99,Shopify Inc.,2026-08-05,2026-09-30,2026-12-31,2026-09-30,119.46,129.17,127.0,107.63,57.93,129.17,154.555,111.24,117.15,114.18,163.1087,148.2222,148.3913,120.6889,155.1111,180.1333,200.0,200.0,155.0,200.0,220.0,200.0,200.0,200.0,105.0,105.0,85.0,110.0,130.0,105.0,105.0,125.0,150.0,150.0,120.0,150.0,181.0,150.0,150.0,180.5,148.3913,148.2222,177.6304,160.97,United States and Canada,Information Technology,SHOP,US,United States,United States and Canada,USD,US Dollar
US,United States,-1,Western Digital Corporation develops manufactures and sells data storage devices and solutions based on hard disk drive (HDD) technology in the United States Asia Europe the Middle East and Africa. The company offers internal HDDs data center drives data center platforms external drives portable drives NAS for home and office and accessories. It sells its data storage devices and solutions through its computer manufacturers sales personnel dealers distributors and retailers. The company has a collaboration with Open Quantum Design for the development of quantum error correction technology and related systems to advance reliable quantum computing. Western Digital Corporation was founded in 1970 and is headquartered in San Jose California.,177435.62,NasdaqGS,Nasdaq Global Select Market,2025-06-30,2026-04-03,Technology Hardware Storage and Peripherals,US9581021055,519.17,2026-08-05,178948.62,99,Western Digital Corporation,2026-08-05,2026-07-03,2026-06-30,2026-07-03,539.0,462.04,75.84,465.26,43.45,462.04,67.07,260.19,544.84,638.72,655.5,589.875,655.5,86.1429,492.0455,296.375,1050.0,1050.0,100.0,660.0,420.0,1050.0,1050.0,250.0,360.0,415.0,60.0,360.0,170.0,415.0,360.0,135.0,582.5,650.0,88.0,500.0,322.5,650.0,582.5,186.0,655.5,584.7917,187.2083,172.27,United States and Canada,Information Technology,WDC,US,United States,United States and Canada,USD,US Dollar
US,United States,-1,The Walt Disney Company operates as an entertainment company in Americas Europe and the Asia Pacific. It operates in three segments: Entertainment Sports and Experiences. The company produces and distributes film and television content under the ABC Television Network Disney Freeform FX Fox National Geographic and Star brand television channels as well as ABC television stations and A+E television networks; and produces original content under the Disney Branded Television FX Productions Lucasfilm Marvel National Geographic Studios Pixar Searchlight Pictures Twentieth Century Studios 20th Television and Walt Disney Pictures banners. It also provides direct-to-consumer streaming services through Disney+ Disney+ Hotstar and Hulu; sports-related video streaming content through ESPN ESPN on ABC ESPN+ DTC and Star; sale/licensing of film and episodic content to television and video-on-demand services; theatrical home entertainment and music distribution services; DVD and Blu-ray discs electronic home video licenses and VOD rental services; staging and licensing of live entertainment events; and post-production services. In addition the company operates theme parks and resorts such as Walt Disney World Resort Disneyland Resort Disneyland Paris Hong Kong Disneyland Resort Shanghai Disney Resort Disney Cruise Line Disney Vacation Club National Geographic Expeditions and Adventures by Disney as well as Aulani a Disney resort and spa in Hawaii. Further it licenses its intellectual property (IP) to a third party that owns and operates Tokyo Disney Resort; licenses trade names characters visual literary and other IP for use on merchandise published materials and games; operates a direct-to-home satellite distribution platform; sells branded merchandise through retail online and wholesale businesses; and develops and publishes books comic books and magazines. The company was founded in 1923 and is based in Burbank California.,224373.4,NYSE,New York Stock Exchange,2025-09-30,2026-06-27,Entertainment,US2546871060,101.76,2026-08-05,176707.4,99,The Walt Disney Company,2026-08-05,2026-09-27,2026-09-30,2026-09-27,99.5,98.48,118.32,100.48,86.3,98.48,176.71,104.97,96.19,96.25,126.2433,129.6655,126.7433,131.5556,128.2517,130.5517,163.0,163.0,148.0,160.0,160.0,163.0,163.0,160.0,88.0,88.0,79.0,77.0,77.0,88.0,77.0,77.0,130.0,127.5,133.0,130.0,130.0,125.5,130.0,134.5,126.51,129.631,132.5036,113.77,United States and Canada,Communication Services,DIS,US,United States,United States and Canada,USD,US Dollar
CA,Canada,0,Canadian Natural Resources Limited engages in the acquisition exploration development production marketing and sale of crude oil natural gas and natural gas liquids (NGLs) in Western Canada the United Kingdom sector of the North Sea and Offshore Africa. The company offers synthetic crude oil (SCO) mining bitumen light and medium crude oil and NGLs thermal bitumen primary heavy crude oil and Pelican Lake heavy crude oil. Its midstream assets include two crude oil pipeline systems; and a 50% working interest in an 84-megawatt cogeneration plant at Primrose. The company was formerly known as AEX Minerals Corporation and changed its name to Canadian Natural Resources Limited in December 1975. Canadian Natural Resources Limited was incorporated in 1973 and is headquartered in Calgary Canada.,107027.16,TSX,Toronto Stock Exchange,2025-12-31,2026-03-31,Oil Gas and Consumable Fuels,CA1363851017,62.85,2026-08-05,93315.86,99,Canadian Natural Resources Limited,2026-08-06,2026-06-30,2026-12-31,2026-06-30,56.68,65.31,43.3,65.26,40.755,65.31,20.36,51.9,66.78,56.12,70.2857,70.65,70.0952,52.1111,70.35,52.0476,90.0,90.0,64.0,90.0,61.0,90.0,90.0,62.0,56.0,56.0,45.0,55.0,43.0,56.0,56.0,43.0,70.0,70.0,52.0,70.0,52.0,70.0,70.5,52.0,70.0952,70.9,52.4286,46.49,United States and Canada,Energy,CNQ,CA,Canada,United States and Canada,CAD,Canadian Dollar
CA,Canada,4,Barrick Mining Corporation engages in the exploration development production and sale of mineral properties. It explores for gold copper silver and energy materials. The company was formerly known as Barrick Gold Corporation and changed its name to Barrick Mining Corporation in May 2025. Barrick Mining Corporation was founded in 1983 and is based in Toronto Canada.,75915.33,TSX,Toronto Stock Exchange,2025-12-31,2026-03-31,Metals and Mining,CA06849F1080,57.63,2026-08-05,68913.02,99,Barrick Mining Corporation,2026-08-10,2026-06-30,2026-12-31,2026-06-30,55.56,51.11,31.06,52.76,22.04,51.11,26.55,60.13,51.45,52.15,65.7428,72.7742,65.8129,37.0484,72.1194,71.6844,98.5846,90.4711,50.7564,94.2113,100.9768,90.4711,98.9294,79.0833,31.7699,31.5466,30.8524,30.5173,30.6804,31.5466,31.881,30.8065,78.5228,67.5977,35.6821,74.8887,80.0936,67.5977,78.7974,63.4366,65.8129,73.018,61.5588,59.79,United States and Canada,Materials,ABX,CA,Canada,United States and Canada,CAD,Canadian Dollar
