STRUCTURE,STRUCTURE_ID,STRUCTURE_NAME,ACTION,FREQ,Frequency of observation,REF_AREA,Reference area,SECTOR,Institutional sector,COUNTERPART_SECTOR,Counterpart institutional sector,TRANSACTION,Transaction,INSTR_ASSET,Financial instruments and non-financial assets,ACTIVITY,Economic activity,EXPENDITURE,Expenditure,UNIT_MEASURE,Unit of measure,PRICE_BASE,Price base,TRANSFORMATION,Transformation,TABLE_IDENTIFIER,Table identifier,TIME_PERIOD,Time period,OBS_VALUE,Observation value,REF_YEAR_PRICE,Price reference year,CONF_STATUS,Confidentiality status,DECIMALS,Decimals,OBS_STATUS,Observation status,UNIT_MULT,Unit multiplier,CURRENCY,Currency
DATAFLOW,OECD.SDD.NAD:DSD_NAMAIN10@DF_TABLE4(2.0),Annual Purchasing Power Parities and exchange rates,I,A,Annual,AUT,Austria,S1,Total economy,S1,Total economy,EXC_A,"Exchange rates, average",F21,Currency,_Z,Not applicable,_Z,Not applicable,XDC_USD,National currency per US dollar,_Z,Not applicable,N,Non transformed data,T001,Table 001 - Exchange rates and PPPs,2021,,0.845494,,,,F,Free (free for publication),6,Six,A,Normal value,0,Units,EUR,Euro
DATAFLOW,OECD.SDD.NAD:DSD_NAMAIN10@DF_TABLE4(2.0),Annual Purchasing Power Parities and exchange rates,I,A,Annual,AUT,Austria,S1,Total economy,S1,Total economy,EXC_A,"Exchange rates, average",F21,Currency,_Z,Not applicable,_Z,Not applicable,XDC_USD,National currency per US dollar,_Z,Not applicable,N,Non transformed data,T001,Table 001 - Exchange rates and PPPs,2022,,0.949624,,,,F,Free (free for publication),6,Six,A,Normal value,0,Units,EUR,Euro
DATAFLOW,OECD.SDD.NAD:DSD_NAMAIN10@DF_TABLE4(2.0),Annual Purchasing Power Parities and exchange rates,I,A,Annual,AUT,Austria,S1,Total economy,S1,Total economy,EXC_A,"Exchange rates, average",F21,Currency,_Z,Not applicable,_Z,Not applicable,XDC_USD,National currency per US dollar,_Z,Not applicable,N,Non transformed data,T001,Table 001 - Exchange rates and PPPs,2023,,0.92484,,,,F,Free (free for publication),6,Six,A,Normal value,0,Units,EUR,Euro
DATAFLOW,OECD.SDD.NAD:DSD_NAMAIN10@DF_TABLE4(2.0),Annual Purchasing Power Parities and exchange rates,I,A,Annual,BEL,Belgium,S1,Total economy,S1,Total economy,EXC_A,"Exchange rates, average",F21,Currency,_Z,Not applicable,_Z,Not applicable,XDC_USD,National currency per US dollar,_Z,Not applicable,N,Non transformed data,T001,Table 001 - Exchange rates and PPPs,2021,,0.845494,,,,F,Free (free for publication),6,Six,A,Normal value,0,Units,EUR,Euro
DATAFLOW,OECD.SDD.NAD:DSD_NAMAIN10@DF_TABLE4(2.0),Annual Purchasing Power Parities and exchange rates,I,A,Annual,BEL,Belgium,S1,Total economy,S1,Total economy,EXC_A,"Exchange rates, average",F21,Currency,_Z,Not applicable,_Z,Not applicable,XDC_USD,National currency per US dollar,_Z,Not applicable,N,Non transformed data,T001,Table 001 - Exchange rates and PPPs,2022,,0.949624,,,,F,Free (free for publication),6,Six,A,Normal value,0,Units,EUR,Euro
DATAFLOW,OECD.SDD.NAD:DSD_NAMAIN10@DF_TABLE4(2.0),Annual Purchasing Power Parities and exchange rates,I,A,Annual,BEL,Belgium,S1,Total economy,S1,Total economy,EXC_A,"Exchange rates, average",F21,Currency,_Z,Not applicable,_Z,Not applicable,XDC_USD,National currency per US dollar,_Z,Not applicable,N,Non transformed data,T001,Table 001 - Exchange rates and PPPs,2023,,0.92484,,,,F,Free (free for publication),6,Six,A,Normal value,0,Units,EUR,Euro
DATAFLOW,OECD.SDD.NAD:DSD_NAMAIN10@DF_TABLE4(2.0),Annual Purchasing Power Parities and exchange rates,I,A,Annual,FIN,Finland,S1,Total economy,S1,Total economy,EXC_A,"Exchange rates, average",F21,Currency,_Z,Not applicable,_Z,Not applicable,XDC_USD,National currency per US dollar,_Z,Not applicable,N,Non transformed data,T001,Table 001 - Exchange rates and PPPs,2021,,0.845494,,,,F,Free (free for publication),6,Six,A,Normal value,0,Units,EUR,Euro
DATAFLOW,OECD.SDD.NAD:DSD_NAMAIN10@DF_TABLE4(2.0),Annual Purchasing Power Parities and exchange rates,I,A,Annual,FIN,Finland,S1,Total economy,S1,Total economy,EXC_A,"Exchange rates, average",F21,Currency,_Z,Not applicable,_Z,Not applicable,XDC_USD,National currency per US dollar,_Z,Not applicable,N,Non transformed data,T001,Table 001 - Exchange rates and PPPs,2022,,0.949624,,,,F,Free (free for publication),6,Six,A,Normal value,0,Units,EUR,Euro
DATAFLOW,OECD.SDD.NAD:DSD_NAMAIN10@DF_TABLE4(2.0),Annual Purchasing Power Parities and exchange rates,I,A,Annual,FIN,Finland,S1,Total economy,S1,Total economy,EXC_A,"Exchange rates, average",F21,Currency,_Z,Not applicable,_Z,Not applicable,XDC_USD,National currency per US dollar,_Z,Not applicable,N,Non transformed data,T001,Table 001 - Exchange rates and PPPs,2023,,0.92484,,,,F,Free (free for publication),6,Six,A,Normal value,0,Units,EUR,Euro
DATAFLOW,OECD.SDD.NAD:DSD_NAMAIN10@DF_TABLE4(2.0),Annual Purchasing Power Parities and exchange rates,I,A,Annual,FRA,France,S1,Total economy,S1,Total economy,EXC_A,"Exchange rates, average",F21,Currency,_Z,Not applicable,_Z,Not applicable,XDC_USD,National currency per US dollar,_Z,Not applicable,N,Non transformed data,T001,Table 001 - Exchange rates and PPPs,2021,,0.845494,,,,F,Free (free for publication),6,Six,A,Normal value,0,Units,EUR,Euro
DATAFLOW,OECD.SDD.NAD:DSD_NAMAIN10@DF_TABLE4(2.0),Annual Purchasing Power Parities and exchange rates,I,A,Annual,FRA,France,S1,Total economy,S1,Total economy,EXC_A,"Exchange rates, average",F21,Currency,_Z,Not applicable,_Z,Not applicable,XDC_USD,National currency per US dollar,_Z,Not applicable,N,Non transformed data,T001,Table 001 - Exchange rates and PPPs,2022,,0.949624,,,,F,Free (free for publication),6,Six,A,Normal value,0,Units,EUR,Euro
DATAFLOW,OECD.SDD.NAD:DSD_NAMAIN10@DF_TABLE4(2.0),Annual Purchasing Power Parities and exchange rates,I,A,Annual,FRA,France,S1,Total economy,S1,Total economy,EXC_A,"Exchange rates, average",F21,Currency,_Z,Not applicable,_Z,Not applicable,XDC_USD,National currency per US dollar,_Z,Not applicable,N,Non transformed data,T001,Table 001 - Exchange rates and PPPs,2023,,0.92484,,,,F,Free (free for publication),6,Six,A,Normal value,0,Units,EUR,Euro
DATAFLOW,OECD.SDD.NAD:DSD_NAMAIN10@DF_TABLE4(2.0),Annual Purchasing Power Parities and exchange rates,I,A,Annual,DEU,Germany,S1,Total economy,S1,Total economy,EXC_A,"Exchange rates, average",F21,Currency,_Z,Not applicable,_Z,Not applicable,XDC_USD,National currency per US dollar,_Z,Not applicable,N,Non transformed data,T001,Table 001 - Exchange rates and PPPs,2021,,0.845494,,,,F,Free (free for publication),6,Six,A,Normal value,0,Units,EUR,Euro
DATAFLOW,OECD.SDD.NAD:DSD_NAMAIN10@DF_TABLE4(2.0),Annual Purchasing Power Parities and exchange rates,I,A,Annual,DEU,Germany,S1,Total economy,S1,Total economy,EXC_A,"Exchange rates, average",F21,Currency,_Z,Not applicable,_Z,Not applicable,XDC_USD,National currency per US dollar,_Z,Not applicable,N,Non transformed data,T001,Table 001 - Exchange rates and PPPs,2022,,0.949624,,,,F,Free (free for publication),6,Six,A,Normal value,0,Units,EUR,Euro
DATAFLOW,OECD.SDD.NAD:DSD_NAMAIN10@DF_TABLE4(2.0),Annual Purchasing Power Parities and exchange rates,I,A,Annual,DEU,Germany,S1,Total economy,S1,Total economy,EXC_A,"Exchange rates, average",F21,Currency,_Z,Not applicable,_Z,Not applicable,XDC_USD,National currency per US dollar,_Z,Not applicable,N,Non transformed data,T001,Table 001 - Exchange rates and PPPs,2023,,0.92484,,,,F,Free (free for publication),6,Six,A,Normal value,0,Units,EUR,Euro
DATAFLOW,OECD.SDD.NAD:DSD_NAMAIN10@DF_TABLE4(2.0),Annual Purchasing Power Parities and exchange rates,I,A,Annual,GRC,Greece,S1,Total economy,S1,Total economy,EXC_A,"Exchange rates, average",F21,Currency,_Z,Not applicable,_Z,Not applicable,XDC_USD,National currency per US dollar,_Z,Not applicable,N,Non transformed data,T001,Table 001 - Exchange rates and PPPs,2021,,0.845494,,,,F,Free (free for publication),6,Six,A,Normal value,0,Units,EUR,Euro
DATAFLOW,OECD.SDD.NAD:DSD_NAMAIN10@DF_TABLE4(2.0),Annual Purchasing Power Parities and exchange rates,I,A,Annual,GRC,Greece,S1,Total economy,S1,Total economy,EXC_A,"Exchange rates, average",F21,Currency,_Z,Not applicable,_Z,Not applicable,XDC_USD,National currency per US dollar,_Z,Not applicable,N,Non transformed data,T001,Table 001 - Exchange rates and PPPs,2022,,0.949624,,,,F,Free (free for publication),6,Six,A,Normal value,0,Units,EUR,Euro
DATAFLOW,OECD.SDD.NAD:DSD_NAMAIN10@DF_TABLE4(2.0),Annual Purchasing Power Parities and exchange rates,I,A,Annual,GRC,Greece,S1,Total economy,S1,Total economy,EXC_A,"Exchange rates, average",F21,Currency,_Z,Not applicable,_Z,Not applicable,XDC_USD,National currency per US dollar,_Z,Not applicable,N,Non transformed data,T001,Table 001 - Exchange rates and PPPs,2023,,0.92484,,,,F,Free (free for publication),6,Six,A,Normal value,0,Units,EUR,Euro
DATAFLOW,OECD.SDD.NAD:DSD_NAMAIN10@DF_TABLE4(2.0),Annual Purchasing Power Parities and exchange rates,I,A,Annual,IRL,Ireland,S1,Total economy,S1,Total economy,EXC_A,"Exchange rates, average",F21,Currency,_Z,Not applicable,_Z,Not applicable,XDC_USD,National currency per US dollar,_Z,Not applicable,N,Non transformed data,T001,Table 001 - Exchange rates and PPPs,2021,,0.845494,,,,F,Free (free for publication),6,Six,A,Normal value,0,Units,EUR,Euro
DATAFLOW,OECD.SDD.NAD:DSD_NAMAIN10@DF_TABLE4(2.0),Annual Purchasing Power Parities and exchange rates,I,A,Annual,IRL,Ireland,S1,Total economy,S1,Total economy,EXC_A,"Exchange rates, average",F21,Currency,_Z,Not applicable,_Z,Not applicable,XDC_USD,National currency per US dollar,_Z,Not applicable,N,Non transformed data,T001,Table 001 - Exchange rates and PPPs,2022,,0.949624,,,,F,Free (free for publication),6,Six,A,Normal value,0,Units,EUR,Euro
DATAFLOW,OECD.SDD.NAD:DSD_NAMAIN10@DF_TABLE4(2.0),Annual Purchasing Power Parities and exchange rates,I,A,Annual,IRL,Ireland,S1,Total economy,S1,Total economy,EXC_A,"Exchange rates, average",F21,Currency,_Z,Not applicable,_Z,Not applicable,XDC_USD,National currency per US dollar,_Z,Not applicable,N,Non transformed data,T001,Table 001 - Exchange rates and PPPs,2023,,0.92484,,,,F,Free (free for publication),6,Six,A,Normal value,0,Units,EUR,Euro
DATAFLOW,OECD.SDD.NAD:DSD_NAMAIN10@DF_TABLE4(2.0),Annual Purchasing Power Parities and exchange rates,I,A,Annual,ITA,Italy,S1,Total economy,S1,Total economy,EXC_A,"Exchange rates, average",F21,Currency,_Z,Not applicable,_Z,Not applicable,XDC_USD,National currency per US dollar,_Z,Not applicable,N,Non transformed data,T001,Table 001 - Exchange rates and PPPs,2021,,0.845494,,,,F,Free (free for publication),6,Six,A,Normal value,0,Units,EUR,Euro
DATAFLOW,OECD.SDD.NAD:DSD_NAMAIN10@DF_TABLE4(2.0),Annual Purchasing Power Parities and exchange rates,I,A,Annual,ITA,Italy,S1,Total economy,S1,Total economy,EXC_A,"Exchange rates, average",F21,Currency,_Z,Not applicable,_Z,Not applicable,XDC_USD,National currency per US dollar,_Z,Not applicable,N,Non transformed data,T001,Table 001 - Exchange rates and PPPs,2022,,0.949624,,,,F,Free (free for publication),6,Six,A,Normal value,0,Units,EUR,Euro
DATAFLOW,OECD.SDD.NAD:DSD_NAMAIN10@DF_TABLE4(2.0),Annual Purchasing Power Parities and exchange rates,I,A,Annual,ITA,Italy,S1,Total economy,S1,Total economy,EXC_A,"Exchange rates, average",F21,Currency,_Z,Not applicable,_Z,Not applicable,XDC_USD,National currency per US dollar,_Z,Not applicable,N,Non transformed data,T001,Table 001 - Exchange rates and PPPs,2023,,0.92484,,,,F,Free (free for publication),6,Six,A,Normal value,0,Units,EUR,Euro
DATAFLOW,OECD.SDD.NAD:DSD_NAMAIN10@DF_TABLE4(2.0),Annual Purchasing Power Parities and exchange rates,I,A,Annual,LUX,Luxembourg,S1,Total economy,S1,Total economy,EXC_A,"Exchange rates, average",F21,Currency,_Z,Not applicable,_Z,Not applicable,XDC_USD,National currency per US dollar,_Z,Not applicable,N,Non transformed data,T001,Table 001 - Exchange rates and PPPs,2021,,0.845494,,,,F,Free (free for publication),6,Six,A,Normal value,0,Units,EUR,Euro
DATAFLOW,OECD.SDD.NAD:DSD_NAMAIN10@DF_TABLE4(2.0),Annual Purchasing Power Parities and exchange rates,I,A,Annual,LUX,Luxembourg,S1,Total economy,S1,Total economy,EXC_A,"Exchange rates, average",F21,Currency,_Z,Not applicable,_Z,Not applicable,XDC_USD,National currency per US dollar,_Z,Not applicable,N,Non transformed data,T001,Table 001 - Exchange rates and PPPs,2022,,0.949624,,,,F,Free (free for publication),6,Six,A,Normal value,0,Units,EUR,Euro
DATAFLOW,OECD.SDD.NAD:DSD_NAMAIN10@DF_TABLE4(2.0),Annual Purchasing Power Parities and exchange rates,I,A,Annual,LUX,Luxembourg,S1,Total economy,S1,Total economy,EXC_A,"Exchange rates, average",F21,Currency,_Z,Not applicable,_Z,Not applicable,XDC_USD,National currency per US dollar,_Z,Not applicable,N,Non transformed data,T001,Table 001 - Exchange rates and PPPs,2023,,0.92484,,,,F,Free (free for publication),6,Six,A,Normal value,0,Units,EUR,Euro
DATAFLOW,OECD.SDD.NAD:DSD_NAMAIN10@DF_TABLE4(2.0),Annual Purchasing Power Parities and exchange rates,I,A,Annual,NLD,Netherlands,S1,Total economy,S1,Total economy,EXC_A,"Exchange rates, average",F21,Currency,_Z,Not applicable,_Z,Not applicable,XDC_USD,National currency per US dollar,_Z,Not applicable,N,Non transformed data,T001,Table 001 - Exchange rates and PPPs,2021,,0.845494,,,,F,Free (free for publication),6,Six,A,Normal value,0,Units,EUR,Euro
DATAFLOW,OECD.SDD.NAD:DSD_NAMAIN10@DF_TABLE4(2.0),Annual Purchasing Power Parities and exchange rates,I,A,Annual,NLD,Netherlands,S1,Total economy,S1,Total economy,EXC_A,"Exchange rates, average",F21,Currency,_Z,Not applicable,_Z,Not applicable,XDC_USD,National currency per US dollar,_Z,Not applicable,N,Non transformed data,T001,Table 001 - Exchange rates and PPPs,2022,,0.949624,,,,F,Free (free for publication),6,Six,A,Normal value,0,Units,EUR,Euro
DATAFLOW,OECD.SDD.NAD:DSD_NAMAIN10@DF_TABLE4(2.0),Annual Purchasing Power Parities and exchange rates,I,A,Annual,NLD,Netherlands,S1,Total economy,S1,Total economy,EXC_A,"Exchange rates, average",F21,Currency,_Z,Not applicable,_Z,Not applicable,XDC_USD,National currency per US dollar,_Z,Not applicable,N,Non transformed data,T001,Table 001 - Exchange rates and PPPs,2023,,0.92484,,,,F,Free (free for publication),6,Six,A,Normal value,0,Units,EUR,Euro
DATAFLOW,OECD.SDD.NAD:DSD_NAMAIN10@DF_TABLE4(2.0),Annual Purchasing Power Parities and exchange rates,I,A,Annual,PRT,Portugal,S1,Total economy,S1,Total economy,EXC_A,"Exchange rates, average",F21,Currency,_Z,Not applicable,_Z,Not applicable,XDC_USD,National currency per US dollar,_Z,Not applicable,N,Non transformed data,T001,Table 001 - Exchange rates and PPPs,2021,,0.845494,,,,F,Free (free for publication),6,Six,A,Normal value,0,Units,EUR,Euro
DATAFLOW,OECD.SDD.NAD:DSD_NAMAIN10@DF_TABLE4(2.0),Annual Purchasing Power Parities and exchange rates,I,A,Annual,PRT,Portugal,S1,Total economy,S1,Total economy,EXC_A,"Exchange rates, average",F21,Currency,_Z,Not applicable,_Z,Not applicable,XDC_USD,National currency per US dollar,_Z,Not applicable,N,Non transformed data,T001,Table 001 - Exchange rates and PPPs,2022,,0.949624,,,,F,Free (free for publication),6,Six,A,Normal value,0,Units,EUR,Euro
DATAFLOW,OECD.SDD.NAD:DSD_NAMAIN10@DF_TABLE4(2.0),Annual Purchasing Power Parities and exchange rates,I,A,Annual,PRT,Portugal,S1,Total economy,S1,Total economy,EXC_A,"Exchange rates, average",F21,Currency,_Z,Not applicable,_Z,Not applicable,XDC_USD,National currency per US dollar,_Z,Not applicable,N,Non transformed data,T001,Table 001 - Exchange rates and PPPs,2023,,0.92484,,,,F,Free (free for publication),6,Six,A,Normal value,0,Units,EUR,Euro
DATAFLOW,OECD.SDD.NAD:DSD_NAMAIN10@DF_TABLE4(2.0),Annual Purchasing Power Parities and exchange rates,I,A,Annual,ESP,Spain,S1,Total economy,S1,Total economy,EXC_A,"Exchange rates, average",F21,Currency,_Z,Not applicable,_Z,Not applicable,XDC_USD,National currency per US dollar,_Z,Not applicable,N,Non transformed data,T001,Table 001 - Exchange rates and PPPs,2021,,0.845494,,,,F,Free (free for publication),6,Six,A,Normal value,0,Units,EUR,Euro
DATAFLOW,OECD.SDD.NAD:DSD_NAMAIN10@DF_TABLE4(2.0),Annual Purchasing Power Parities and exchange rates,I,A,Annual,ESP,Spain,S1,Total economy,S1,Total economy,EXC_A,"Exchange rates, average",F21,Currency,_Z,Not applicable,_Z,Not applicable,XDC_USD,National currency per US dollar,_Z,Not applicable,N,Non transformed data,T001,Table 001 - Exchange rates and PPPs,2022,,0.949624,,,,F,Free (free for publication),6,Six,A,Normal value,0,Units,EUR,Euro
DATAFLOW,OECD.SDD.NAD:DSD_NAMAIN10@DF_TABLE4(2.0),Annual Purchasing Power Parities and exchange rates,I,A,Annual,ESP,Spain,S1,Total economy,S1,Total economy,EXC_A,"Exchange rates, average",F21,Currency,_Z,Not applicable,_Z,Not applicable,XDC_USD,National currency per US dollar,_Z,Not applicable,N,Non transformed data,T001,Table 001 - Exchange rates and PPPs,2023,,0.92484,,,,F,Free (free for publication),6,Six,A,Normal value,0,Units,EUR,Euro
DATAFLOW,OECD.SDD.NAD:DSD_NAMAIN10@DF_TABLE4(2.0),Annual Purchasing Power Parities and exchange rates,I,A,Annual,MLT,Malta,S1,Total economy,S1,Total economy,EXC_A,"Exchange rates, average",F21,Currency,_Z,Not applicable,_Z,Not applicable,XDC_USD,National currency per US dollar,_Z,Not applicable,N,Non transformed data,T001,Table 001 - Exchange rates and PPPs,2021,,0.845494,,,,F,Free (free for publication),6,Six,A,Normal value,0,Units,EUR,Euro
DATAFLOW,OECD.SDD.NAD:DSD_NAMAIN10@DF_TABLE4(2.0),Annual Purchasing Power Parities and exchange rates,I,A,Annual,MLT,Malta,S1,Total economy,S1,Total economy,EXC_A,"Exchange rates, average",F21,Currency,_Z,Not applicable,_Z,Not applicable,XDC_USD,National currency per US dollar,_Z,Not applicable,N,Non transformed data,T001,Table 001 - Exchange rates and PPPs,2022,,0.949624,,,,F,Free (free for publication),6,Six,A,Normal value,0,Units,EUR,Euro
DATAFLOW,OECD.SDD.NAD:DSD_NAMAIN10@DF_TABLE4(2.0),Annual Purchasing Power Parities and exchange rates,I,A,Annual,MLT,Malta,S1,Total economy,S1,Total economy,EXC_A,"Exchange rates, average",F21,Currency,_Z,Not applicable,_Z,Not applicable,XDC_USD,National currency per US dollar,_Z,Not applicable,N,Non transformed data,T001,Table 001 - Exchange rates and PPPs,2023,,0.92484,,,,F,Free (free for publication),6,Six,A,Normal value,0,Units,EUR,Euro
DATAFLOW,OECD.SDD.NAD:DSD_NAMAIN10@DF_TABLE4(2.0),Annual Purchasing Power Parities and exchange rates,I,A,Annual,EST,Estonia,S1,Total economy,S1,Total economy,EXC_A,"Exchange rates, average",F21,Currency,_Z,Not applicable,_Z,Not applicable,XDC_USD,National currency per US dollar,_Z,Not applicable,N,Non transformed data,T001,Table 001 - Exchange rates and PPPs,2021,,0.845494,,,,F,Free (free for publication),6,Six,A,Normal value,0,Units,EUR,Euro
DATAFLOW,OECD.SDD.NAD:DSD_NAMAIN10@DF_TABLE4(2.0),Annual Purchasing Power Parities and exchange rates,I,A,Annual,LVA,Latvia,S1,Total economy,S1,Total economy,EXC_A,"Exchange rates, average",F21,Currency,_Z,Not applicable,_Z,Not applicable,XDC_USD,National currency per US dollar,_Z,Not applicable,N,Non transformed data,T001,Table 001 - Exchange rates and PPPs,2021,,0.845494,,,,F,Free (free for publication),6,Six,A,Normal value,0,Units,EUR,Euro
DATAFLOW,OECD.SDD.NAD:DSD_NAMAIN10@DF_TABLE4(2.0),Annual Purchasing Power Parities and exchange rates,I,A,Annual,LTU,Lithuania,S1,Total economy,S1,Total economy,EXC_A,"Exchange rates, average",F21,Currency,_Z,Not applicable,_Z,Not applicable,XDC_USD,National currency per US dollar,_Z,Not applicable,N,Non transformed data,T001,Table 001 - Exchange rates and PPPs,2021,,0.845494,,,,F,Free (free for publication),6,Six,A,Normal value,0,Units,EUR,Euro
DATAFLOW,OECD.SDD.NAD:DSD_NAMAIN10@DF_TABLE4(2.0),Annual Purchasing Power Parities and exchange rates,I,A,Annual,SVK,Slovak Republic,S1,Total economy,S1,Total economy,EXC_A,"Exchange rates, average",F21,Currency,_Z,Not applicable,_Z,Not applicable,XDC_USD,National currency per US dollar,_Z,Not applicable,N,Non transformed data,T001,Table 001 - Exchange rates and PPPs,2021,,0.845494,,,,F,Free (free for publication),6,Six,A,Normal value,0,Units,EUR,Euro
DATAFLOW,OECD.SDD.NAD:DSD_NAMAIN10@DF_TABLE4(2.0),Annual Purchasing Power Parities and exchange rates,I,A,Annual,SVN,Slovenia,S1,Total economy,S1,Total economy,EXC_A,"Exchange rates, average",F21,Currency,_Z,Not applicable,_Z,Not applicable,XDC_USD,National currency per US dollar,_Z,Not applicable,N,Non transformed data,T001,Table 001 - Exchange rates and PPPs,2021,,0.845494,,,,F,Free (free for publication),6,Six,A,Normal value,0,Units,EUR,Euro
DATAFLOW,OECD.SDD.NAD:DSD_NAMAIN10@DF_TABLE4(2.0),Annual Purchasing Power Parities and exchange rates,I,A,Annual,EST,Estonia,S1,Total economy,S1,Total economy,EXC_A,"Exchange rates, average",F21,Currency,_Z,Not applicable,_Z,Not applicable,XDC_USD,National currency per US dollar,_Z,Not applicable,N,Non transformed data,T001,Table 001 - Exchange rates and PPPs,2022,,0.949624,,,,F,Free (free for publication),6,Six,A,Normal value,0,Units,EUR,Euro
DATAFLOW,OECD.SDD.NAD:DSD_NAMAIN10@DF_TABLE4(2.0),Annual Purchasing Power Parities and exchange rates,I,A,Annual,LVA,Latvia,S1,Total economy,S1,Total economy,EXC_A,"Exchange rates, average",F21,Currency,_Z,Not applicable,_Z,Not applicable,XDC_USD,National currency per US dollar,_Z,Not applicable,N,Non transformed data,T001,Table 001 - Exchange rates and PPPs,2022,,0.949624,,,,F,Free (free for publication),6,Six,A,Normal value,0,Units,EUR,Euro
DATAFLOW,OECD.SDD.NAD:DSD_NAMAIN10@DF_TABLE4(2.0),Annual Purchasing Power Parities and exchange rates,I,A,Annual,LTU,Lithuania,S1,Total economy,S1,Total economy,EXC_A,"Exchange rates, average",F21,Currency,_Z,Not applicable,_Z,Not applicable,XDC_USD,National currency per US dollar,_Z,Not applicable,N,Non transformed data,T001,Table 001 - Exchange rates and PPPs,2022,,0.949624,,,,F,Free (free for publication),6,Six,A,Normal value,0,Units,EUR,Euro
DATAFLOW,OECD.SDD.NAD:DSD_NAMAIN10@DF_TABLE4(2.0),Annual Purchasing Power Parities and exchange rates,I,A,Annual,SVK,Slovak Republic,S1,Total economy,S1,Total economy,EXC_A,"Exchange rates, average",F21,Currency,_Z,Not applicable,_Z,Not applicable,XDC_USD,National currency per US dollar,_Z,Not applicable,N,Non transformed data,T001,Table 001 - Exchange rates and PPPs,2022,,0.949624,,,,F,Free (free for publication),6,Six,A,Normal value,0,Units,EUR,Euro
DATAFLOW,OECD.SDD.NAD:DSD_NAMAIN10@DF_TABLE4(2.0),Annual Purchasing Power Parities and exchange rates,I,A,Annual,SVN,Slovenia,S1,Total economy,S1,Total economy,EXC_A,"Exchange rates, average",F21,Currency,_Z,Not applicable,_Z,Not applicable,XDC_USD,National currency per US dollar,_Z,Not applicable,N,Non transformed data,T001,Table 001 - Exchange rates and PPPs,2022,,0.949624,,,,F,Free (free for publication),6,Six,A,Normal value,0,Units,EUR,Euro
DATAFLOW,OECD.SDD.NAD:DSD_NAMAIN10@DF_TABLE4(2.0),Annual Purchasing Power Parities and exchange rates,I,A,Annual,EST,Estonia,S1,Total economy,S1,Total economy,EXC_A,"Exchange rates, average",F21,Currency,_Z,Not applicable,_Z,Not applicable,XDC_USD,National currency per US dollar,_Z,Not applicable,N,Non transformed data,T001,Table 001 - Exchange rates and PPPs,2023,,0.92484,,,,F,Free (free for publication),6,Six,A,Normal value,0,Units,EUR,Euro
DATAFLOW,OECD.SDD.NAD:DSD_NAMAIN10@DF_TABLE4(2.0),Annual Purchasing Power Parities and exchange rates,I,A,Annual,LVA,Latvia,S1,Total economy,S1,Total economy,EXC_A,"Exchange rates, average",F21,Currency,_Z,Not applicable,_Z,Not applicable,XDC_USD,National currency per US dollar,_Z,Not applicable,N,Non transformed data,T001,Table 001 - Exchange rates and PPPs,2023,,0.92484,,,,F,Free (free for publication),6,Six,A,Normal value,0,Units,EUR,Euro
DATAFLOW,OECD.SDD.NAD:DSD_NAMAIN10@DF_TABLE4(2.0),Annual Purchasing Power Parities and exchange rates,I,A,Annual,LTU,Lithuania,S1,Total economy,S1,Total economy,EXC_A,"Exchange rates, average",F21,Currency,_Z,Not applicable,_Z,Not applicable,XDC_USD,National currency per US dollar,_Z,Not applicable,N,Non transformed data,T001,Table 001 - Exchange rates and PPPs,2023,,0.92484,,,,F,Free (free for publication),6,Six,A,Normal value,0,Units,EUR,Euro
DATAFLOW,OECD.SDD.NAD:DSD_NAMAIN10@DF_TABLE4(2.0),Annual Purchasing Power Parities and exchange rates,I,A,Annual,SVK,Slovak Republic,S1,Total economy,S1,Total economy,EXC_A,"Exchange rates, average",F21,Currency,_Z,Not applicable,_Z,Not applicable,XDC_USD,National currency per US dollar,_Z,Not applicable,N,Non transformed data,T001,Table 001 - Exchange rates and PPPs,2023,,0.92484,,,,F,Free (free for publication),6,Six,A,Normal value,0,Units,EUR,Euro
DATAFLOW,OECD.SDD.NAD:DSD_NAMAIN10@DF_TABLE4(2.0),Annual Purchasing Power Parities and exchange rates,I,A,Annual,SVN,Slovenia,S1,Total economy,S1,Total economy,EXC_A,"Exchange rates, average",F21,Currency,_Z,Not applicable,_Z,Not applicable,XDC_USD,National currency per US dollar,_Z,Not applicable,N,Non transformed data,T001,Table 001 - Exchange rates and PPPs,2023,,0.92484,,,,F,Free (free for publication),6,Six,A,Normal value,0,Units,EUR,Euro
DATAFLOW,OECD.SDD.NAD:DSD_NAMAIN10@DF_TABLE4(2.0),Annual Purchasing Power Parities and exchange rates,I,A,Annual,NZL,New Zealand,S1,Total economy,S1,Total economy,EXC_A,"Exchange rates, average",F21,Currency,_Z,Not applicable,_Z,Not applicable,XDC_USD,National currency per US dollar,_Z,Not applicable,N,Non transformed data,T001,Table 001 - Exchange rates and PPPs,2021,,1.4138,,,,F,Free (free for publication),6,Six,A,Normal value,0,Units,NZD,New Zealand dollar
DATAFLOW,OECD.SDD.NAD:DSD_NAMAIN10@DF_TABLE4(2.0),Annual Purchasing Power Parities and exchange rates,I,A,Annual,NZL,New Zealand,S1,Total economy,S1,Total economy,EXC_A,"Exchange rates, average",F21,Currency,_Z,Not applicable,_Z,Not applicable,XDC_USD,National currency per US dollar,_Z,Not applicable,N,Non transformed data,T001,Table 001 - Exchange rates and PPPs,2022,,1.577183,,,,F,Free (free for publication),6,Six,A,Normal value,0,Units,NZD,New Zealand dollar
DATAFLOW,OECD.SDD.NAD:DSD_NAMAIN10@DF_TABLE4(2.0),Annual Purchasing Power Parities and exchange rates,I,A,Annual,NZL,New Zealand,S1,Total economy,S1,Total economy,EXC_A,"Exchange rates, average",F21,Currency,_Z,Not applicable,_Z,Not applicable,XDC_USD,National currency per US dollar,_Z,Not applicable,N,Non transformed data,T001,Table 001 - Exchange rates and PPPs,2023,,1.628433,,,,F,Free (free for publication),6,Six,A,Normal value,0,Units,NZD,New Zealand dollar
DATAFLOW,OECD.SDD.NAD:DSD_NAMAIN10@DF_TABLE4(2.0),Annual Purchasing Power Parities and exchange rates,I,A,Annual,POL,Poland,S1,Total economy,S1,Total economy,EXC_A,"Exchange rates, average",F21,Currency,_Z,Not applicable,_Z,Not applicable,XDC_USD,National currency per US dollar,_Z,Not applicable,N,Non transformed data,T001,Table 001 - Exchange rates and PPPs,2021,,3.861917,,,,F,Free (free for publication),6,Six,A,Normal value,0,Units,PLN,Zloty
DATAFLOW,OECD.SDD.NAD:DSD_NAMAIN10@DF_TABLE4(2.0),Annual Purchasing Power Parities and exchange rates,I,A,Annual,POL,Poland,S1,Total economy,S1,Total economy,EXC_A,"Exchange rates, average",F21,Currency,_Z,Not applicable,_Z,Not applicable,XDC_USD,National currency per US dollar,_Z,Not applicable,N,Non transformed data,T001,Table 001 - Exchange rates and PPPs,2022,,4.457758,,,,F,Free (free for publication),6,Six,A,Normal value,0,Units,PLN,Zloty
DATAFLOW,OECD.SDD.NAD:DSD_NAMAIN10@DF_TABLE4(2.0),Annual Purchasing Power Parities and exchange rates,I,A,Annual,POL,Poland,S1,Total economy,S1,Total economy,EXC_A,"Exchange rates, average",F21,Currency,_Z,Not applicable,_Z,Not applicable,XDC_USD,National currency per US dollar,_Z,Not applicable,N,Non transformed data,T001,Table 001 - Exchange rates and PPPs,2023,,4.203667,,,,F,Free (free for publication),6,Six,A,Normal value,0,Units,PLN,Zloty
DATAFLOW,OECD.SDD.NAD:DSD_NAMAIN10@DF_TABLE4(2.0),Annual Purchasing Power Parities and exchange rates,I,A,Annual,SWE,Sweden,S1,Total economy,S1,Total economy,EXC_A,"Exchange rates, average",F21,Currency,_Z,Not applicable,_Z,Not applicable,XDC_USD,National currency per US dollar,_Z,Not applicable,N,Non transformed data,T001,Table 001 - Exchange rates and PPPs,2021,,8.576567,,,,F,Free (free for publication),6,Six,A,Normal value,0,Units,SEK,Swedish krona
DATAFLOW,OECD.SDD.NAD:DSD_NAMAIN10@DF_TABLE4(2.0),Annual Purchasing Power Parities and exchange rates,I,A,Annual,SWE,Sweden,S1,Total economy,S1,Total economy,EXC_A,"Exchange rates, average",F21,Currency,_Z,Not applicable,_Z,Not applicable,XDC_USD,National currency per US dollar,_Z,Not applicable,N,Non transformed data,T001,Table 001 - Exchange rates and PPPs,2022,,10.114251,,,,F,Free (free for publication),6,Six,A,Normal value,0,Units,SEK,Swedish krona
DATAFLOW,OECD.SDD.NAD:DSD_NAMAIN10@DF_TABLE4(2.0),Annual Purchasing Power Parities and exchange rates,I,A,Annual,SWE,Sweden,S1,Total economy,S1,Total economy,EXC_A,"Exchange rates, average",F21,Currency,_Z,Not applicable,_Z,Not applicable,XDC_USD,National currency per US dollar,_Z,Not applicable,N,Non transformed data,T001,Table 001 - Exchange rates and PPPs,2023,,10.610161,,,,F,Free (free for publication),6,Six,A,Normal value,0,Units,SEK,Swedish krona
DATAFLOW,OECD.SDD.NAD:DSD_NAMAIN10@DF_TABLE4(2.0),Annual Purchasing Power Parities and exchange rates,I,A,Annual,GBR,United Kingdom,S1,Total economy,S1,Total economy,EXC_A,"Exchange rates, average",F21,Currency,_Z,Not applicable,_Z,Not applicable,XDC_USD,National currency per US dollar,_Z,Not applicable,N,Non transformed data,T001,Table 001 - Exchange rates and PPPs,2021,,0.727065,,,,F,Free (free for publication),6,Six,A,Normal value,0,Units,GBP,Pound sterling
DATAFLOW,OECD.SDD.NAD:DSD_NAMAIN10@DF_TABLE4(2.0),Annual Purchasing Power Parities and exchange rates,I,A,Annual,GBR,United Kingdom,S1,Total economy,S1,Total economy,EXC_A,"Exchange rates, average",F21,Currency,_Z,Not applicable,_Z,Not applicable,XDC_USD,National currency per US dollar,_Z,Not applicable,N,Non transformed data,T001,Table 001 - Exchange rates and PPPs,2022,,0.811302,,,,F,Free (free for publication),6,Six,A,Normal value,0,Units,GBP,Pound sterling
DATAFLOW,OECD.SDD.NAD:DSD_NAMAIN10@DF_TABLE4(2.0),Annual Purchasing Power Parities and exchange rates,I,A,Annual,GBR,United Kingdom,S1,Total economy,S1,Total economy,EXC_A,"Exchange rates, average",F21,Currency,_Z,Not applicable,_Z,Not applicable,XDC_USD,National currency per US dollar,_Z,Not applicable,N,Non transformed data,T001,Table 001 - Exchange rates and PPPs,2023,,0.804539,,,,F,Free (free for publication),6,Six,A,Normal value,0,Units,GBP,Pound sterling
DATAFLOW,OECD.SDD.NAD:DSD_NAMAIN10@DF_TABLE4(2.0),Annual Purchasing Power Parities and exchange rates,I,A,Annual,HKG,Hong Kong (China),S1,Total economy,S1,Total economy,EXC_A,"Exchange rates, average",F21,Currency,_Z,Not applicable,_Z,Not applicable,XDC_USD,National currency per US dollar,_Z,Not applicable,N,Non transformed data,T001,Table 001 - Exchange rates and PPPs,2021,,7.77325,,,,F,Free (free for publication),6,Six,A,Normal value,0,Units,HKD,Hong Kong dollar
DATAFLOW,OECD.SDD.NAD:DSD_NAMAIN10@DF_TABLE4(2.0),Annual Purchasing Power Parities and exchange rates,I,A,Annual,HKG,Hong Kong (China),S1,Total economy,S1,Total economy,EXC_A,"Exchange rates, average",F21,Currency,_Z,Not applicable,_Z,Not applicable,XDC_USD,National currency per US dollar,_Z,Not applicable,N,Non transformed data,T001,Table 001 - Exchange rates and PPPs,2022,,7.831417,,,,F,Free (free for publication),6,Six,A,Normal value,0,Units,HKD,Hong Kong dollar
DATAFLOW,OECD.SDD.NAD:DSD_NAMAIN10@DF_TABLE4(2.0),Annual Purchasing Power Parities and exchange rates,I,A,Annual,HKG,Hong Kong (China),S1,Total economy,S1,Total economy,EXC_A,"Exchange rates, average",F21,Currency,_Z,Not applicable,_Z,Not applicable,XDC_USD,National currency per US dollar,_Z,Not applicable,N,Non transformed data,T001,Table 001 - Exchange rates and PPPs,2023,,7.829583,,,,F,Free (free for publication),6,Six,A,Normal value,0,Units,HKD,Hong Kong dollar
DATAFLOW,OECD.SDD.NAD:DSD_NAMAIN10@DF_TABLE4(2.0),Annual Purchasing Power Parities and exchange rates,I,A,Annual,IND,India,S1,Total economy,S1,Total economy,EXC_A,"Exchange rates, average",F21,Currency,_Z,Not applicable,_Z,Not applicable,XDC_USD,National currency per US dollar,_Z,Not applicable,N,Non transformed data,T001,Table 001 - Exchange rates and PPPs,2021,,73.918013,,,,F,Free (free for publication),6,Six,A,Normal value,0,Units,INR,Indian rupee
DATAFLOW,OECD.SDD.NAD:DSD_NAMAIN10@DF_TABLE4(2.0),Annual Purchasing Power Parities and exchange rates,I,A,Annual,IND,India,S1,Total economy,S1,Total economy,EXC_A,"Exchange rates, average",F21,Currency,_Z,Not applicable,_Z,Not applicable,XDC_USD,National currency per US dollar,_Z,Not applicable,N,Non transformed data,T001,Table 001 - Exchange rates and PPPs,2022,,78.604491,,,,F,Free (free for publication),6,Six,A,Normal value,0,Units,INR,Indian rupee
DATAFLOW,OECD.SDD.NAD:DSD_NAMAIN10@DF_TABLE4(2.0),Annual Purchasing Power Parities and exchange rates,I,A,Annual,IND,India,S1,Total economy,S1,Total economy,EXC_A,"Exchange rates, average",F21,Currency,_Z,Not applicable,_Z,Not applicable,XDC_USD,National currency per US dollar,_Z,Not applicable,N,Non transformed data,T001,Table 001 - Exchange rates and PPPs,2023,,82.599276,,,,F,Free (free for publication),6,Six,A,Normal value,0,Units,INR,Indian rupee
DATAFLOW,OECD.SDD.NAD:DSD_NAMAIN10@DF_TABLE4(2.0),Annual Purchasing Power Parities and exchange rates,I,A,Annual,SGP,Singapore,S1,Total economy,S1,Total economy,EXC_A,"Exchange rates, average",F21,Currency,_Z,Not applicable,_Z,Not applicable,XDC_USD,National currency per US dollar,_Z,Not applicable,N,Non transformed data,T001,Table 001 - Exchange rates and PPPs,2021,,1.343483,,,,F,Free (free for publication),6,Six,A,Normal value,0,Units,SGD,Singapore dollar
DATAFLOW,OECD.SDD.NAD:DSD_NAMAIN10@DF_TABLE4(2.0),Annual Purchasing Power Parities and exchange rates,I,A,Annual,SGP,Singapore,S1,Total economy,S1,Total economy,EXC_A,"Exchange rates, average",F21,Currency,_Z,Not applicable,_Z,Not applicable,XDC_USD,National currency per US dollar,_Z,Not applicable,N,Non transformed data,T001,Table 001 - Exchange rates and PPPs,2022,,1.378667,,,,F,Free (free for publication),6,Six,A,Normal value,0,Units,SGD,Singapore dollar
DATAFLOW,OECD.SDD.NAD:DSD_NAMAIN10@DF_TABLE4(2.0),Annual Purchasing Power Parities and exchange rates,I,A,Annual,SGP,Singapore,S1,Total economy,S1,Total economy,EXC_A,"Exchange rates, average",F21,Currency,_Z,Not applicable,_Z,Not applicable,XDC_USD,National currency per US dollar,_Z,Not applicable,N,Non transformed data,T001,Table 001 - Exchange rates and PPPs,2023,,1.342767,,,,F,Free (free for publication),6,Six,A,Normal value,0,Units,SGD,Singapore dollar
DATAFLOW,OECD.SDD.NAD:DSD_NAMAIN10@DF_TABLE4(2.0),Annual Purchasing Power Parities and exchange rates,I,A,Annual,ZAF,South Africa,S1,Total economy,S1,Total economy,EXC_A,"Exchange rates, average",F21,Currency,_Z,Not applicable,_Z,Not applicable,XDC_USD,National currency per US dollar,_Z,Not applicable,N,Non transformed data,T001,Table 001 - Exchange rates and PPPs,2021,,14.778678,,,,F,Free (free for publication),6,Six,A,Normal value,0,Units,ZAR,Rand
DATAFLOW,OECD.SDD.NAD:DSD_NAMAIN10@DF_TABLE4(2.0),Annual Purchasing Power Parities and exchange rates,I,A,Annual,ZAF,South Africa,S1,Total economy,S1,Total economy,EXC_A,"Exchange rates, average",F21,Currency,_Z,Not applicable,_Z,Not applicable,XDC_USD,National currency per US dollar,_Z,Not applicable,N,Non transformed data,T001,Table 001 - Exchange rates and PPPs,2022,,16.355853,,,,F,Free (free for publication),6,Six,A,Normal value,0,Units,ZAR,Rand
DATAFLOW,OECD.SDD.NAD:DSD_NAMAIN10@DF_TABLE4(2.0),Annual Purchasing Power Parities and exchange rates,I,A,Annual,ZAF,South Africa,S1,Total economy,S1,Total economy,EXC_A,"Exchange rates, average",F21,Currency,_Z,Not applicable,_Z,Not applicable,XDC_USD,National currency per US dollar,_Z,Not applicable,N,Non transformed data,T001,Table 001 - Exchange rates and PPPs,2023,,18.450244,,,,F,Free (free for publication),6,Six,A,Normal value,0,Units,ZAR,Rand
DATAFLOW,OECD.SDD.NAD:DSD_NAMAIN10@DF_TABLE4(2.0),Annual Purchasing Power Parities and exchange rates,I,A,Annual,CHN,China (People’s Republic of),S1,Total economy,S1,Total economy,EXC_A,"Exchange rates, average",F21,Currency,_Z,Not applicable,_Z,Not applicable,XDC_USD,National currency per US dollar,_Z,Not applicable,N,Non transformed data,T001,Table 001 - Exchange rates and PPPs,2021,,6.448975,,,,F,Free (free for publication),6,Six,A,Normal value,0,Units,CNY,Chinese yuan renminbi
DATAFLOW,OECD.SDD.NAD:DSD_NAMAIN10@DF_TABLE4(2.0),Annual Purchasing Power Parities and exchange rates,I,A,Annual,CHN,China (People’s Republic of),S1,Total economy,S1,Total economy,EXC_A,"Exchange rates, average",F21,Currency,_Z,Not applicable,_Z,Not applicable,XDC_USD,National currency per US dollar,_Z,Not applicable,N,Non transformed data,T001,Table 001 - Exchange rates and PPPs,2022,,6.737158,,,,F,Free (free for publication),6,Six,A,Normal value,0,Units,CNY,Chinese yuan renminbi
DATAFLOW,OECD.SDD.NAD:DSD_NAMAIN10@DF_TABLE4(2.0),Annual Purchasing Power Parities and exchange rates,I,A,Annual,CHN,China (People’s Republic of),S1,Total economy,S1,Total economy,EXC_A,"Exchange rates, average",F21,Currency,_Z,Not applicable,_Z,Not applicable,XDC_USD,National currency per US dollar,_Z,Not applicable,N,Non transformed data,T001,Table 001 - Exchange rates and PPPs,2023,,7.083998,,,,F,Free (free for publication),6,Six,A,Normal value,0,Units,CNY,Chinese yuan renminbi
DATAFLOW,OECD.SDD.NAD:DSD_NAMAIN10@DF_TABLE4(2.0),Annual Purchasing Power Parities and exchange rates,I,A,Annual,ROU,Romania,S1,Total economy,S1,Total economy,EXC_A,"Exchange rates, average",F21,Currency,_Z,Not applicable,_Z,Not applicable,XDC_USD,National currency per US dollar,_Z,Not applicable,N,Non transformed data,T001,Table 001 - Exchange rates and PPPs,2021,,4.160417,,,,F,Free (free for publication),6,Six,A,Normal value,0,Units,RON,Romanian leu
DATAFLOW,OECD.SDD.NAD:DSD_NAMAIN10@DF_TABLE4(2.0),Annual Purchasing Power Parities and exchange rates,I,A,Annual,ROU,Romania,S1,Total economy,S1,Total economy,EXC_A,"Exchange rates, average",F21,Currency,_Z,Not applicable,_Z,Not applicable,XDC_USD,National currency per US dollar,_Z,Not applicable,N,Non transformed data,T001,Table 001 - Exchange rates and PPPs,2022,,4.688475,,,,F,Free (free for publication),6,Six,A,Normal value,0,Units,RON,Romanian leu
DATAFLOW,OECD.SDD.NAD:DSD_NAMAIN10@DF_TABLE4(2.0),Annual Purchasing Power Parities and exchange rates,I,A,Annual,ROU,Romania,S1,Total economy,S1,Total economy,EXC_A,"Exchange rates, average",F21,Currency,_Z,Not applicable,_Z,Not applicable,XDC_USD,National currency per US dollar,_Z,Not applicable,N,Non transformed data,T001,Table 001 - Exchange rates and PPPs,2023,,4.574292,,,,F,Free (free for publication),6,Six,A,Normal value,0,Units,RON,Romanian leu
DATAFLOW,OECD.SDD.NAD:DSD_NAMAIN10@DF_TABLE4(2.0),Annual Purchasing Power Parities and exchange rates,I,A,Annual,CZE,Czechia,S1,Total economy,S1,Total economy,EXC_A,"Exchange rates, average",F21,Currency,_Z,Not applicable,_Z,Not applicable,XDC_USD,National currency per US dollar,_Z,Not applicable,N,Non transformed data,T001,Table 001 - Exchange rates and PPPs,2021,,21.678167,,,,F,Free (free for publication),6,Six,A,Normal value,0,Units,CZK,Czech koruna
DATAFLOW,OECD.SDD.NAD:DSD_NAMAIN10@DF_TABLE4(2.0),Annual Purchasing Power Parities and exchange rates,I,A,Annual,HUN,Hungary,S1,Total economy,S1,Total economy,EXC_A,"Exchange rates, average",F21,Currency,_Z,Not applicable,_Z,Not applicable,XDC_USD,National currency per US dollar,_Z,Not applicable,N,Non transformed data,T001,Table 001 - Exchange rates and PPPs,2021,,303.140833,,,,F,Free (free for publication),6,Six,A,Normal value,0,Units,HUF,Forint
DATAFLOW,OECD.SDD.NAD:DSD_NAMAIN10@DF_TABLE4(2.0),Annual Purchasing Power Parities and exchange rates,I,A,Annual,BRA,Brazil,S1,Total economy,S1,Total economy,EXC_A,"Exchange rates, average",F21,Currency,_Z,Not applicable,_Z,Not applicable,XDC_USD,National currency per US dollar,_Z,Not applicable,N,Non transformed data,T001,Table 001 - Exchange rates and PPPs,2021,,5.394401,,,,F,Free (free for publication),6,Six,A,Normal value,0,Units,BRL,Brazilian real
DATAFLOW,OECD.SDD.NAD:DSD_NAMAIN10@DF_TABLE4(2.0),Annual Purchasing Power Parities and exchange rates,I,A,Annual,GEO,Georgia,S1,Total economy,S1,Total economy,EXC_A,"Exchange rates, average",F21,Currency,_Z,Not applicable,_Z,Not applicable,XDC_USD,National currency per US dollar,_Z,Not applicable,N,Non transformed data,T001,Table 001 - Exchange rates and PPPs,2021,,3.221558,,,,F,Free (free for publication),6,Six,A,Normal value,0,Units,GEL,Lari
DATAFLOW,OECD.SDD.NAD:DSD_NAMAIN10@DF_TABLE4(2.0),Annual Purchasing Power Parities and exchange rates,I,A,Annual,IDN,Indonesia,S1,Total economy,S1,Total economy,EXC_A,"Exchange rates, average",F21,Currency,_Z,Not applicable,_Z,Not applicable,XDC_USD,National currency per US dollar,_Z,Not applicable,N,Non transformed data,T001,Table 001 - Exchange rates and PPPs,2021,,14308.143901,,,,F,Free (free for publication),6,Six,A,Normal value,0,Units,IDR,Rupiah
DATAFLOW,OECD.SDD.NAD:DSD_NAMAIN10@DF_TABLE4(2.0),Annual Purchasing Power Parities and exchange rates,I,A,Annual,SRB,Serbia,S1,Total economy,S1,Total economy,EXC_A,"Exchange rates, average",F21,Currency,_Z,Not applicable,_Z,Not applicable,XDC_USD,National currency per US dollar,_Z,Not applicable,N,Non transformed data,T001,Table 001 - Exchange rates and PPPs,2021,,99.395942,,,,F,Free (free for publication),6,Six,A,Normal value,0,Units,RSD,Serbian dinar
DATAFLOW,OECD.SDD.NAD:DSD_NAMAIN10@DF_TABLE4(2.0),Annual Purchasing Power Parities and exchange rates,I,A,Annual,CZE,Czechia,S1,Total economy,S1,Total economy,EXC_A,"Exchange rates, average",F21,Currency,_Z,Not applicable,_Z,Not applicable,XDC_USD,National currency per US dollar,_Z,Not applicable,N,Non transformed data,T001,Table 001 - Exchange rates and PPPs,2022,,23.357,,,,F,Free (free for publication),6,Six,A,Normal value,0,Units,CZK,Czech koruna
DATAFLOW,OECD.SDD.NAD:DSD_NAMAIN10@DF_TABLE4(2.0),Annual Purchasing Power Parities and exchange rates,I,A,Annual,HUN,Hungary,S1,Total economy,S1,Total economy,EXC_A,"Exchange rates, average",F21,Currency,_Z,Not applicable,_Z,Not applicable,XDC_USD,National currency per US dollar,_Z,Not applicable,N,Non transformed data,T001,Table 001 - Exchange rates and PPPs,2022,,372.595833,,,,F,Free (free for publication),6,Six,A,Normal value,0,Units,HUF,Forint
DATAFLOW,OECD.SDD.NAD:DSD_NAMAIN10@DF_TABLE4(2.0),Annual Purchasing Power Parities and exchange rates,I,A,Annual,BRA,Brazil,S1,Total economy,S1,Total economy,EXC_A,"Exchange rates, average",F21,Currency,_Z,Not applicable,_Z,Not applicable,XDC_USD,National currency per US dollar,_Z,Not applicable,N,Non transformed data,T001,Table 001 - Exchange rates and PPPs,2022,,5.16397,,,,F,Free (free for publication),6,Six,A,Normal value,0,Units,BRL,Brazilian real
DATAFLOW,OECD.SDD.NAD:DSD_NAMAIN10@DF_TABLE4(2.0),Annual Purchasing Power Parities and exchange rates,I,A,Annual,GEO,Georgia,S1,Total economy,S1,Total economy,EXC_A,"Exchange rates, average",F21,Currency,_Z,Not applicable,_Z,Not applicable,XDC_USD,National currency per US dollar,_Z,Not applicable,N,Non transformed data,T001,Table 001 - Exchange rates and PPPs,2022,,2.9162,,,,F,Free (free for publication),6,Six,A,Normal value,0,Units,GEL,Lari
DATAFLOW,OECD.SDD.NAD:DSD_NAMAIN10@DF_TABLE4(2.0),Annual Purchasing Power Parities and exchange rates,I,A,Annual,IDN,Indonesia,S1,Total economy,S1,Total economy,EXC_A,"Exchange rates, average",F21,Currency,_Z,Not applicable,_Z,Not applicable,XDC_USD,National currency per US dollar,_Z,Not applicable,N,Non transformed data,T001,Table 001 - Exchange rates and PPPs,2022,,14849.853936,,,,F,Free (free for publication),6,Six,A,Normal value,0,Units,IDR,Rupiah
DATAFLOW,OECD.SDD.NAD:DSD_NAMAIN10@DF_TABLE4(2.0),Annual Purchasing Power Parities and exchange rates,I,A,Annual,SRB,Serbia,S1,Total economy,S1,Total economy,EXC_A,"Exchange rates, average",F21,Currency,_Z,Not applicable,_Z,Not applicable,XDC_USD,National currency per US dollar,_Z,Not applicable,N,Non transformed data,T001,Table 001 - Exchange rates and PPPs,2022,,111.662183,,,,F,Free (free for publication),6,Six,A,Normal value,0,Units,RSD,Serbian dinar
DATAFLOW,OECD.SDD.NAD:DSD_NAMAIN10@DF_TABLE4(2.0),Annual Purchasing Power Parities and exchange rates,I,A,Annual,CZE,Czechia,S1,Total economy,S1,Total economy,EXC_A,"Exchange rates, average",F21,Currency,_Z,Not applicable,_Z,Not applicable,XDC_USD,National currency per US dollar,_Z,Not applicable,N,Non transformed data,T001,Table 001 - Exchange rates and PPPs,2023,,22.198083,,,,F,Free (free for publication),6,Six,A,Normal value,0,Units,CZK,Czech koruna
DATAFLOW,OECD.SDD.NAD:DSD_NAMAIN10@DF_TABLE4(2.0),Annual Purchasing Power Parities and exchange rates,I,A,Annual,HUN,Hungary,S1,Total economy,S1,Total economy,EXC_A,"Exchange rates, average",F21,Currency,_Z,Not applicable,_Z,Not applicable,XDC_USD,National currency per US dollar,_Z,Not applicable,N,Non transformed data,T001,Table 001 - Exchange rates and PPPs,2023,,353.088333,,,,F,Free (free for publication),6,Six,A,Normal value,0,Units,HUF,Forint
DATAFLOW,OECD.SDD.NAD:DSD_NAMAIN10@DF_TABLE4(2.0),Annual Purchasing Power Parities and exchange rates,I,A,Annual,BRA,Brazil,S1,Total economy,S1,Total economy,EXC_A,"Exchange rates, average",F21,Currency,_Z,Not applicable,_Z,Not applicable,XDC_USD,National currency per US dollar,_Z,Not applicable,N,Non transformed data,T001,Table 001 - Exchange rates and PPPs,2023,,4.99438,,,,F,Free (free for publication),6,Six,A,Normal value,0,Units,BRL,Brazilian real
DATAFLOW,OECD.SDD.NAD:DSD_NAMAIN10@DF_TABLE4(2.0),Annual Purchasing Power Parities and exchange rates,I,A,Annual,GEO,Georgia,S1,Total economy,S1,Total economy,EXC_A,"Exchange rates, average",F21,Currency,_Z,Not applicable,_Z,Not applicable,XDC_USD,National currency per US dollar,_Z,Not applicable,N,Non transformed data,T001,Table 001 - Exchange rates and PPPs,2023,,2.627958,,,,F,Free (free for publication),6,Six,A,Normal value,0,Units,GEL,Lari
DATAFLOW,OECD.SDD.NAD:DSD_NAMAIN10@DF_TABLE4(2.0),Annual Purchasing Power Parities and exchange rates,I,A,Annual,IDN,Indonesia,S1,Total economy,S1,Total economy,EXC_A,"Exchange rates, average",F21,Currency,_Z,Not applicable,_Z,Not applicable,XDC_USD,National currency per US dollar,_Z,Not applicable,N,Non transformed data,T001,Table 001 - Exchange rates and PPPs,2023,,15236.884662,,,,F,Free (free for publication),6,Six,A,Normal value,0,Units,IDR,Rupiah
DATAFLOW,OECD.SDD.NAD:DSD_NAMAIN10@DF_TABLE4(2.0),Annual Purchasing Power Parities and exchange rates,I,A,Annual,SRB,Serbia,S1,Total economy,S1,Total economy,EXC_A,"Exchange rates, average",F21,Currency,_Z,Not applicable,_Z,Not applicable,XDC_USD,National currency per US dollar,_Z,Not applicable,N,Non transformed data,T001,Table 001 - Exchange rates and PPPs,2023,,108.402692,,,,F,Free (free for publication),6,Six,A,Normal value,0,Units,RSD,Serbian dinar
DATAFLOW,OECD.SDD.NAD:DSD_NAMAIN10@DF_TABLE4(2.0),Annual Purchasing Power Parities and exchange rates,I,A,Annual,MEX,Mexico,S1,Total economy,S1,Total economy,EXC_A,"Exchange rates, average",F21,Currency,_Z,Not applicable,_Z,Not applicable,XDC_USD,National currency per US dollar,_Z,Not applicable,N,Non transformed data,T001,Table 001 - Exchange rates and PPPs,2021,,20.272408,,,,F,Free (free for publication),6,Six,A,Normal value,0,Units,MXN,Mexican peso
DATAFLOW,OECD.SDD.NAD:DSD_NAMAIN10@DF_TABLE4(2.0),Annual Purchasing Power Parities and exchange rates,I,A,Annual,MEX,Mexico,S1,Total economy,S1,Total economy,EXC_A,"Exchange rates, average",F21,Currency,_Z,Not applicable,_Z,Not applicable,XDC_USD,National currency per US dollar,_Z,Not applicable,N,Non transformed data,T001,Table 001 - Exchange rates and PPPs,2022,,20.12735,,,,F,Free (free for publication),6,Six,A,Normal value,0,Units,MXN,Mexican peso
DATAFLOW,OECD.SDD.NAD:DSD_NAMAIN10@DF_TABLE4(2.0),Annual Purchasing Power Parities and exchange rates,I,A,Annual,MEX,Mexico,S1,Total economy,S1,Total economy,EXC_A,"Exchange rates, average",F21,Currency,_Z,Not applicable,_Z,Not applicable,XDC_USD,National currency per US dollar,_Z,Not applicable,N,Non transformed data,T001,Table 001 - Exchange rates and PPPs,2023,,17.758717,,,,F,Free (free for publication),6,Six,A,Normal value,0,Units,MXN,Mexican peso
DATAFLOW,OECD.SDD.NAD:DSD_NAMAIN10@DF_TABLE4(2.0),Annual Purchasing Power Parities and exchange rates,I,A,Annual,KOR,Korea,S1,Total economy,S1,Total economy,EXC_A,"Exchange rates, average",F21,Currency,_Z,Not applicable,_Z,Not applicable,XDC_USD,National currency per US dollar,_Z,Not applicable,N,Non transformed data,T001,Table 001 - Exchange rates and PPPs,2021,,1143.951667,,,,F,Free (free for publication),6,Six,A,Normal value,0,Units,KRW,Won
DATAFLOW,OECD.SDD.NAD:DSD_NAMAIN10@DF_TABLE4(2.0),Annual Purchasing Power Parities and exchange rates,I,A,Annual,KOR,Korea,S1,Total economy,S1,Total economy,EXC_A,"Exchange rates, average",F21,Currency,_Z,Not applicable,_Z,Not applicable,XDC_USD,National currency per US dollar,_Z,Not applicable,N,Non transformed data,T001,Table 001 - Exchange rates and PPPs,2022,,1291.446667,,,,F,Free (free for publication),6,Six,A,Normal value,0,Units,KRW,Won
DATAFLOW,OECD.SDD.NAD:DSD_NAMAIN10@DF_TABLE4(2.0),Annual Purchasing Power Parities and exchange rates,I,A,Annual,KOR,Korea,S1,Total economy,S1,Total economy,EXC_A,"Exchange rates, average",F21,Currency,_Z,Not applicable,_Z,Not applicable,XDC_USD,National currency per US dollar,_Z,Not applicable,N,Non transformed data,T001,Table 001 - Exchange rates and PPPs,2023,,1305.6625,,,,F,Free (free for publication),6,Six,A,Normal value,0,Units,KRW,Won
DATAFLOW,OECD.SDD.NAD:DSD_NAMAIN10@DF_TABLE4(2.0),Annual Purchasing Power Parities and exchange rates,I,A,Annual,ISR,Israel,S1,Total economy,S1,Total economy,EXC_A,"Exchange rates, average",F21,Currency,_Z,Not applicable,_Z,Not applicable,XDC_USD,National currency per US dollar,_Z,Not applicable,N,Non transformed data,T001,Table 001 - Exchange rates and PPPs,2021,,3.230198,,,,F,Free (free for publication),6,Six,A,Normal value,0,Units,ILS,New Israeli sheqel
DATAFLOW,OECD.SDD.NAD:DSD_NAMAIN10@DF_TABLE4(2.0),Annual Purchasing Power Parities and exchange rates,I,A,Annual,ISR,Israel,S1,Total economy,S1,Total economy,EXC_A,"Exchange rates, average",F21,Currency,_Z,Not applicable,_Z,Not applicable,XDC_USD,National currency per US dollar,_Z,Not applicable,N,Non transformed data,T001,Table 001 - Exchange rates and PPPs,2022,,3.359614,,,,F,Free (free for publication),6,Six,A,Normal value,0,Units,ILS,New Israeli sheqel
DATAFLOW,OECD.SDD.NAD:DSD_NAMAIN10@DF_TABLE4(2.0),Annual Purchasing Power Parities and exchange rates,I,A,Annual,ISR,Israel,S1,Total economy,S1,Total economy,EXC_A,"Exchange rates, average",F21,Currency,_Z,Not applicable,_Z,Not applicable,XDC_USD,National currency per US dollar,_Z,Not applicable,N,Non transformed data,T001,Table 001 - Exchange rates and PPPs,2023,,3.667375,,,,F,Free (free for publication),6,Six,A,Normal value,0,Units,ILS,New Israeli sheqel
DATAFLOW,OECD.SDD.NAD:DSD_NAMAIN10@DF_TABLE4(2.0),Annual Purchasing Power Parities and exchange rates,I,A,Annual,ISL,Iceland,S1,Total economy,S1,Total economy,EXC_A,"Exchange rates, average",F21,Currency,_Z,Not applicable,_Z,Not applicable,XDC_USD,National currency per US dollar,_Z,Not applicable,N,Non transformed data,T001,Table 001 - Exchange rates and PPPs,2021,,126.98886,,,,F,Free (free for publication),6,Six,A,Normal value,0,Units,ISK,Iceland krona
DATAFLOW,OECD.SDD.NAD:DSD_NAMAIN10@DF_TABLE4(2.0),Annual Purchasing Power Parities and exchange rates,I,A,Annual,ISL,Iceland,S1,Total economy,S1,Total economy,EXC_A,"Exchange rates, average",F21,Currency,_Z,Not applicable,_Z,Not applicable,XDC_USD,National currency per US dollar,_Z,Not applicable,N,Non transformed data,T001,Table 001 - Exchange rates and PPPs,2022,,135.279902,,,,F,Free (free for publication),6,Six,A,Normal value,0,Units,ISK,Iceland krona
DATAFLOW,OECD.SDD.NAD:DSD_NAMAIN10@DF_TABLE4(2.0),Annual Purchasing Power Parities and exchange rates,I,A,Annual,ISL,Iceland,S1,Total economy,S1,Total economy,EXC_A,"Exchange rates, average",F21,Currency,_Z,Not applicable,_Z,Not applicable,XDC_USD,National currency per US dollar,_Z,Not applicable,N,Non transformed data,T001,Table 001 - Exchange rates and PPPs,2023,,137.942952,,,,F,Free (free for publication),6,Six,A,Normal value,0,Units,ISK,Iceland krona
DATAFLOW,OECD.SDD.NAD:DSD_NAMAIN10@DF_TABLE4(2.0),Annual Purchasing Power Parities and exchange rates,I,A,Annual,DNK,Denmark,S1,Total economy,S1,Total economy,EXC_A,"Exchange rates, average",F21,Currency,_Z,Not applicable,_Z,Not applicable,XDC_USD,National currency per US dollar,_Z,Not applicable,N,Non transformed data,T001,Table 001 - Exchange rates and PPPs,2021,,6.287113,,,,F,Free (free for publication),6,Six,A,Normal value,0,Units,DKK,Danish krone
DATAFLOW,OECD.SDD.NAD:DSD_NAMAIN10@DF_TABLE4(2.0),Annual Purchasing Power Parities and exchange rates,I,A,Annual,DNK,Denmark,S1,Total economy,S1,Total economy,EXC_A,"Exchange rates, average",F21,Currency,_Z,Not applicable,_Z,Not applicable,XDC_USD,National currency per US dollar,_Z,Not applicable,N,Non transformed data,T001,Table 001 - Exchange rates and PPPs,2022,,7.076152,,,,F,Free (free for publication),6,Six,A,Normal value,0,Units,DKK,Danish krone
DATAFLOW,OECD.SDD.NAD:DSD_NAMAIN10@DF_TABLE4(2.0),Annual Purchasing Power Parities and exchange rates,I,A,Annual,DNK,Denmark,S1,Total economy,S1,Total economy,EXC_A,"Exchange rates, average",F21,Currency,_Z,Not applicable,_Z,Not applicable,XDC_USD,National currency per US dollar,_Z,Not applicable,N,Non transformed data,T001,Table 001 - Exchange rates and PPPs,2023,,6.889703,,,,F,Free (free for publication),6,Six,A,Normal value,0,Units,DKK,Danish krone
DATAFLOW,OECD.SDD.NAD:DSD_NAMAIN10@DF_TABLE4(2.0),Annual Purchasing Power Parities and exchange rates,I,A,Annual,CRI,Costa Rica,S1,Total economy,S1,Total economy,EXC_A,"Exchange rates, average",F21,Currency,_Z,Not applicable,_Z,Not applicable,XDC_USD,National currency per US dollar,_Z,Not applicable,N,Non transformed data,T001,Table 001 - Exchange rates and PPPs,2021,,620.78472,,,,F,Free (free for publication),6,Six,A,Normal value,0,Units,CRC,Costa Rican colon
DATAFLOW,OECD.SDD.NAD:DSD_NAMAIN10@DF_TABLE4(2.0),Annual Purchasing Power Parities and exchange rates,I,A,Annual,CRI,Costa Rica,S1,Total economy,S1,Total economy,EXC_A,"Exchange rates, average",F21,Currency,_Z,Not applicable,_Z,Not applicable,XDC_USD,National currency per US dollar,_Z,Not applicable,N,Non transformed data,T001,Table 001 - Exchange rates and PPPs,2022,,647.135818,,,,F,Free (free for publication),6,Six,A,Normal value,0,Units,CRC,Costa Rican colon
DATAFLOW,OECD.SDD.NAD:DSD_NAMAIN10@DF_TABLE4(2.0),Annual Purchasing Power Parities and exchange rates,I,A,Annual,CRI,Costa Rica,S1,Total economy,S1,Total economy,EXC_A,"Exchange rates, average",F21,Currency,_Z,Not applicable,_Z,Not applicable,XDC_USD,National currency per US dollar,_Z,Not applicable,N,Non transformed data,T001,Table 001 - Exchange rates and PPPs,2023,,544.050776,,,,F,Free (free for publication),6,Six,A,Normal value,0,Units,CRC,Costa Rican colon
DATAFLOW,OECD.SDD.NAD:DSD_NAMAIN10@DF_TABLE4(2.0),Annual Purchasing Power Parities and exchange rates,I,A,Annual,COL,Colombia,S1,Total economy,S1,Total economy,EXC_A,"Exchange rates, average",F21,Currency,_Z,Not applicable,_Z,Not applicable,XDC_USD,National currency per US dollar,_Z,Not applicable,N,Non transformed data,T001,Table 001 - Exchange rates and PPPs,2021,,3744.244167,,,,F,Free (free for publication),6,Six,A,Normal value,0,Units,COP,Colombian peso
DATAFLOW,OECD.SDD.NAD:DSD_NAMAIN10@DF_TABLE4(2.0),Annual Purchasing Power Parities and exchange rates,I,A,Annual,COL,Colombia,S1,Total economy,S1,Total economy,EXC_A,"Exchange rates, average",F21,Currency,_Z,Not applicable,_Z,Not applicable,XDC_USD,National currency per US dollar,_Z,Not applicable,N,Non transformed data,T001,Table 001 - Exchange rates and PPPs,2022,,4256.194167,,,,F,Free (free for publication),6,Six,A,Normal value,0,Units,COP,Colombian peso
DATAFLOW,OECD.SDD.NAD:DSD_NAMAIN10@DF_TABLE4(2.0),Annual Purchasing Power Parities and exchange rates,I,A,Annual,COL,Colombia,S1,Total economy,S1,Total economy,EXC_A,"Exchange rates, average",F21,Currency,_Z,Not applicable,_Z,Not applicable,XDC_USD,National currency per US dollar,_Z,Not applicable,N,Non transformed data,T001,Table 001 - Exchange rates and PPPs,2023,,4325.955,,,,F,Free (free for publication),6,Six,A,Normal value,0,Units,COP,Colombian peso
DATAFLOW,OECD.SDD.NAD:DSD_NAMAIN10@DF_TABLE4(2.0),Annual Purchasing Power Parities and exchange rates,I,A,Annual,CHL,Chile,S1,Total economy,S1,Total economy,EXC_A,"Exchange rates, average",F21,Currency,_Z,Not applicable,_Z,Not applicable,XDC_USD,National currency per US dollar,_Z,Not applicable,N,Non transformed data,T001,Table 001 - Exchange rates and PPPs,2021,,758.955379,,,,F,Free (free for publication),6,Six,A,Normal value,0,Units,CLP,Chilean peso
DATAFLOW,OECD.SDD.NAD:DSD_NAMAIN10@DF_TABLE4(2.0),Annual Purchasing Power Parities and exchange rates,I,A,Annual,CHL,Chile,S1,Total economy,S1,Total economy,EXC_A,"Exchange rates, average",F21,Currency,_Z,Not applicable,_Z,Not applicable,XDC_USD,National currency per US dollar,_Z,Not applicable,N,Non transformed data,T001,Table 001 - Exchange rates and PPPs,2022,,873.31419,,,,F,Free (free for publication),6,Six,A,Normal value,0,Units,CLP,Chilean peso
DATAFLOW,OECD.SDD.NAD:DSD_NAMAIN10@DF_TABLE4(2.0),Annual Purchasing Power Parities and exchange rates,I,A,Annual,CHL,Chile,S1,Total economy,S1,Total economy,EXC_A,"Exchange rates, average",F21,Currency,_Z,Not applicable,_Z,Not applicable,XDC_USD,National currency per US dollar,_Z,Not applicable,N,Non transformed data,T001,Table 001 - Exchange rates and PPPs,2023,,840.066527,,,,F,Free (free for publication),6,Six,A,Normal value,0,Units,CLP,Chilean peso
DATAFLOW,OECD.SDD.NAD:DSD_NAMAIN10@DF_TABLE4(2.0),Annual Purchasing Power Parities and exchange rates,I,A,Annual,CAN,Canada,S1,Total economy,S1,Total economy,EXC_A,"Exchange rates, average",F21,Currency,_Z,Not applicable,_Z,Not applicable,XDC_USD,National currency per US dollar,_Z,Not applicable,N,Non transformed data,T001,Table 001 - Exchange rates and PPPs,2021,,1.253877,,,,F,Free (free for publication),6,Six,A,Normal value,0,Units,CAD,Canadian dollar
DATAFLOW,OECD.SDD.NAD:DSD_NAMAIN10@DF_TABLE4(2.0),Annual Purchasing Power Parities and exchange rates,I,A,Annual,CAN,Canada,S1,Total economy,S1,Total economy,EXC_A,"Exchange rates, average",F21,Currency,_Z,Not applicable,_Z,Not applicable,XDC_USD,National currency per US dollar,_Z,Not applicable,N,Non transformed data,T001,Table 001 - Exchange rates and PPPs,2022,,1.301555,,,,F,Free (free for publication),6,Six,A,Normal value,0,Units,CAD,Canadian dollar
DATAFLOW,OECD.SDD.NAD:DSD_NAMAIN10@DF_TABLE4(2.0),Annual Purchasing Power Parities and exchange rates,I,A,Annual,CAN,Canada,S1,Total economy,S1,Total economy,EXC_A,"Exchange rates, average",F21,Currency,_Z,Not applicable,_Z,Not applicable,XDC_USD,National currency per US dollar,_Z,Not applicable,N,Non transformed data,T001,Table 001 - Exchange rates and PPPs,2023,,1.349909,,,,F,Free (free for publication),6,Six,A,Normal value,0,Units,CAD,Canadian dollar
DATAFLOW,OECD.SDD.NAD:DSD_NAMAIN10@DF_TABLE4(2.0),Annual Purchasing Power Parities and exchange rates,I,A,Annual,AUS,Australia,S1,Total economy,S1,Total economy,EXC_A,"Exchange rates, average",F21,Currency,_Z,Not applicable,_Z,Not applicable,XDC_USD,National currency per US dollar,_Z,Not applicable,N,Non transformed data,T001,Table 001 - Exchange rates and PPPs,2021,,1.331224,,,,F,Free (free for publication),6,Six,A,Normal value,0,Units,AUD,Australian dollar
DATAFLOW,OECD.SDD.NAD:DSD_NAMAIN10@DF_TABLE4(2.0),Annual Purchasing Power Parities and exchange rates,I,A,Annual,AUS,Australia,S1,Total economy,S1,Total economy,EXC_A,"Exchange rates, average",F21,Currency,_Z,Not applicable,_Z,Not applicable,XDC_USD,National currency per US dollar,_Z,Not applicable,N,Non transformed data,T001,Table 001 - Exchange rates and PPPs,2022,,1.441664,,,,F,Free (free for publication),6,Six,A,Normal value,0,Units,AUD,Australian dollar
DATAFLOW,OECD.SDD.NAD:DSD_NAMAIN10@DF_TABLE4(2.0),Annual Purchasing Power Parities and exchange rates,I,A,Annual,AUS,Australia,S1,Total economy,S1,Total economy,EXC_A,"Exchange rates, average",F21,Currency,_Z,Not applicable,_Z,Not applicable,XDC_USD,National currency per US dollar,_Z,Not applicable,N,Non transformed data,T001,Table 001 - Exchange rates and PPPs,2023,,1.505191,,,,F,Free (free for publication),6,Six,A,Normal value,0,Units,AUD,Australian dollar
DATAFLOW,OECD.SDD.NAD:DSD_NAMAIN10@DF_TABLE4(2.0),Annual Purchasing Power Parities and exchange rates,I,A,Annual,USA,United States,S1,Total economy,S1,Total economy,EXC_A,"Exchange rates, average",F21,Currency,_Z,Not applicable,_Z,Not applicable,XDC_USD,National currency per US dollar,_Z,Not applicable,N,Non transformed data,T001,Table 001 - Exchange rates and PPPs,2021,,1,,,,F,Free (free for publication),6,Six,A,Normal value,0,Units,USD,US dollar
DATAFLOW,OECD.SDD.NAD:DSD_NAMAIN10@DF_TABLE4(2.0),Annual Purchasing Power Parities and exchange rates,I,A,Annual,USA,United States,S1,Total economy,S1,Total economy,EXC_A,"Exchange rates, average",F21,Currency,_Z,Not applicable,_Z,Not applicable,XDC_USD,National currency per US dollar,_Z,Not applicable,N,Non transformed data,T001,Table 001 - Exchange rates and PPPs,2022,,1,,,,F,Free (free for publication),6,Six,A,Normal value,0,Units,USD,US dollar
DATAFLOW,OECD.SDD.NAD:DSD_NAMAIN10@DF_TABLE4(2.0),Annual Purchasing Power Parities and exchange rates,I,A,Annual,USA,United States,S1,Total economy,S1,Total economy,EXC_A,"Exchange rates, average",F21,Currency,_Z,Not applicable,_Z,Not applicable,XDC_USD,National currency per US dollar,_Z,Not applicable,N,Non transformed data,T001,Table 001 - Exchange rates and PPPs,2023,,1,,,,F,Free (free for publication),6,Six,A,Normal value,0,Units,USD,US dollar
DATAFLOW,OECD.SDD.NAD:DSD_NAMAIN10@DF_TABLE4(2.0),Annual Purchasing Power Parities and exchange rates,I,A,Annual,JPN,Japan,S1,Total economy,S1,Total economy,EXC_A,"Exchange rates, average",F21,Currency,_Z,Not applicable,_Z,Not applicable,XDC_USD,National currency per US dollar,_Z,Not applicable,N,Non transformed data,T001,Table 001 - Exchange rates and PPPs,2021,,109.754324,,,,F,Free (free for publication),6,Six,A,Normal value,0,Units,JPY,Yen
DATAFLOW,OECD.SDD.NAD:DSD_NAMAIN10@DF_TABLE4(2.0),Annual Purchasing Power Parities and exchange rates,I,A,Annual,NOR,Norway,S1,Total economy,S1,Total economy,EXC_A,"Exchange rates, average",F21,Currency,_Z,Not applicable,_Z,Not applicable,XDC_USD,National currency per US dollar,_Z,Not applicable,N,Non transformed data,T001,Table 001 - Exchange rates and PPPs,2021,,8.59,,,,F,Free (free for publication),6,Six,A,Normal value,0,Units,NOK,Norwegian krone
DATAFLOW,OECD.SDD.NAD:DSD_NAMAIN10@DF_TABLE4(2.0),Annual Purchasing Power Parities and exchange rates,I,A,Annual,CHE,Switzerland,S1,Total economy,S1,Total economy,EXC_A,"Exchange rates, average",F21,Currency,_Z,Not applicable,_Z,Not applicable,XDC_USD,National currency per US dollar,_Z,Not applicable,N,Non transformed data,T001,Table 001 - Exchange rates and PPPs,2021,,0.913846,,,,F,Free (free for publication),6,Six,A,Normal value,0,Units,CHF,Swiss franc
DATAFLOW,OECD.SDD.NAD:DSD_NAMAIN10@DF_TABLE4(2.0),Annual Purchasing Power Parities and exchange rates,I,A,Annual,TUR,Türkiye,S1,Total economy,S1,Total economy,EXC_A,"Exchange rates, average",F21,Currency,_Z,Not applicable,_Z,Not applicable,XDC_USD,National currency per US dollar,_Z,Not applicable,N,Non transformed data,T001,Table 001 - Exchange rates and PPPs,2021,,8.850408,,,,F,Free (free for publication),6,Six,A,Normal value,0,Units,TRY,Turkish lira
DATAFLOW,OECD.SDD.NAD:DSD_NAMAIN10@DF_TABLE4(2.0),Annual Purchasing Power Parities and exchange rates,I,A,Annual,BGR,Bulgaria,S1,Total economy,S1,Total economy,EXC_A,"Exchange rates, average",F21,Currency,_Z,Not applicable,_Z,Not applicable,XDC_USD,National currency per US dollar,_Z,Not applicable,N,Non transformed data,T001,Table 001 - Exchange rates and PPPs,2021,,0.845562,,,,F,Free (free for publication),6,Six,A,Normal value,0,Units,EUR,Euro
DATAFLOW,OECD.SDD.NAD:DSD_NAMAIN10@DF_TABLE4(2.0),Annual Purchasing Power Parities and exchange rates,I,A,Annual,KAZ,Kazakhstan,S1,Total economy,S1,Total economy,EXC_A,"Exchange rates, average",F21,Currency,_Z,Not applicable,_Z,Not applicable,XDC_USD,National currency per US dollar,_Z,Not applicable,N,Non transformed data,T001,Table 001 - Exchange rates and PPPs,2021,,425.9075,,,,F,Free (free for publication),6,Six,A,Normal value,0,Units,_Z,Not applicable
DATAFLOW,OECD.SDD.NAD:DSD_NAMAIN10@DF_TABLE4(2.0),Annual Purchasing Power Parities and exchange rates,I,A,Annual,JPN,Japan,S1,Total economy,S1,Total economy,EXC_A,"Exchange rates, average",F21,Currency,_Z,Not applicable,_Z,Not applicable,XDC_USD,National currency per US dollar,_Z,Not applicable,N,Non transformed data,T001,Table 001 - Exchange rates and PPPs,2022,,131.49814,,,,F,Free (free for publication),6,Six,A,Normal value,0,Units,JPY,Yen
DATAFLOW,OECD.SDD.NAD:DSD_NAMAIN10@DF_TABLE4(2.0),Annual Purchasing Power Parities and exchange rates,I,A,Annual,NOR,Norway,S1,Total economy,S1,Total economy,EXC_A,"Exchange rates, average",F21,Currency,_Z,Not applicable,_Z,Not applicable,XDC_USD,National currency per US dollar,_Z,Not applicable,N,Non transformed data,T001,Table 001 - Exchange rates and PPPs,2022,,9.614167,,,,F,Free (free for publication),6,Six,A,Normal value,0,Units,NOK,Norwegian krone
DATAFLOW,OECD.SDD.NAD:DSD_NAMAIN10@DF_TABLE4(2.0),Annual Purchasing Power Parities and exchange rates,I,A,Annual,CHE,Switzerland,S1,Total economy,S1,Total economy,EXC_A,"Exchange rates, average",F21,Currency,_Z,Not applicable,_Z,Not applicable,XDC_USD,National currency per US dollar,_Z,Not applicable,N,Non transformed data,T001,Table 001 - Exchange rates and PPPs,2022,,0.954832,,,,F,Free (free for publication),6,Six,A,Normal value,0,Units,CHF,Swiss franc
DATAFLOW,OECD.SDD.NAD:DSD_NAMAIN10@DF_TABLE4(2.0),Annual Purchasing Power Parities and exchange rates,I,A,Annual,TUR,Türkiye,S1,Total economy,S1,Total economy,EXC_A,"Exchange rates, average",F21,Currency,_Z,Not applicable,_Z,Not applicable,XDC_USD,National currency per US dollar,_Z,Not applicable,N,Non transformed data,T001,Table 001 - Exchange rates and PPPs,2022,,16.54886,,,,F,Free (free for publication),6,Six,A,Normal value,0,Units,TRY,Turkish lira
DATAFLOW,OECD.SDD.NAD:DSD_NAMAIN10@DF_TABLE4(2.0),Annual Purchasing Power Parities and exchange rates,I,A,Annual,BGR,Bulgaria,S1,Total economy,S1,Total economy,EXC_A,"Exchange rates, average",F21,Currency,_Z,Not applicable,_Z,Not applicable,XDC_USD,National currency per US dollar,_Z,Not applicable,N,Non transformed data,T001,Table 001 - Exchange rates and PPPs,2022,,0.951075,,,,F,Free (free for publication),6,Six,A,Normal value,0,Units,EUR,Euro
DATAFLOW,OECD.SDD.NAD:DSD_NAMAIN10@DF_TABLE4(2.0),Annual Purchasing Power Parities and exchange rates,I,A,Annual,KAZ,Kazakhstan,S1,Total economy,S1,Total economy,EXC_A,"Exchange rates, average",F21,Currency,_Z,Not applicable,_Z,Not applicable,XDC_USD,National currency per US dollar,_Z,Not applicable,N,Non transformed data,T001,Table 001 - Exchange rates and PPPs,2022,,460.165,,,,F,Free (free for publication),6,Six,A,Normal value,0,Units,_Z,Not applicable
DATAFLOW,OECD.SDD.NAD:DSD_NAMAIN10@DF_TABLE4(2.0),Annual Purchasing Power Parities and exchange rates,I,A,Annual,JPN,Japan,S1,Total economy,S1,Total economy,EXC_A,"Exchange rates, average",F21,Currency,_Z,Not applicable,_Z,Not applicable,XDC_USD,National currency per US dollar,_Z,Not applicable,N,Non transformed data,T001,Table 001 - Exchange rates and PPPs,2023,,140.4911,,,,F,Free (free for publication),6,Six,A,Normal value,0,Units,JPY,Yen
DATAFLOW,OECD.SDD.NAD:DSD_NAMAIN10@DF_TABLE4(2.0),Annual Purchasing Power Parities and exchange rates,I,A,Annual,NOR,Norway,S1,Total economy,S1,Total economy,EXC_A,"Exchange rates, average",F21,Currency,_Z,Not applicable,_Z,Not applicable,XDC_USD,National currency per US dollar,_Z,Not applicable,N,Non transformed data,T001,Table 001 - Exchange rates and PPPs,2023,,10.563333,,,,F,Free (free for publication),6,Six,A,Normal value,0,Units,NOK,Norwegian krone
DATAFLOW,OECD.SDD.NAD:DSD_NAMAIN10@DF_TABLE4(2.0),Annual Purchasing Power Parities and exchange rates,I,A,Annual,CHE,Switzerland,S1,Total economy,S1,Total economy,EXC_A,"Exchange rates, average",F21,Currency,_Z,Not applicable,_Z,Not applicable,XDC_USD,National currency per US dollar,_Z,Not applicable,N,Non transformed data,T001,Table 001 - Exchange rates and PPPs,2023,,0.89849,,,,F,Free (free for publication),6,Six,A,Normal value,0,Units,CHF,Swiss franc
DATAFLOW,OECD.SDD.NAD:DSD_NAMAIN10@DF_TABLE4(2.0),Annual Purchasing Power Parities and exchange rates,I,A,Annual,TUR,Türkiye,S1,Total economy,S1,Total economy,EXC_A,"Exchange rates, average",F21,Currency,_Z,Not applicable,_Z,Not applicable,XDC_USD,National currency per US dollar,_Z,Not applicable,N,Non transformed data,T001,Table 001 - Exchange rates and PPPs,2023,,23.738566,,,,F,Free (free for publication),6,Six,A,Normal value,0,Units,TRY,Turkish lira
DATAFLOW,OECD.SDD.NAD:DSD_NAMAIN10@DF_TABLE4(2.0),Annual Purchasing Power Parities and exchange rates,I,A,Annual,BGR,Bulgaria,S1,Total economy,S1,Total economy,EXC_A,"Exchange rates, average",F21,Currency,_Z,Not applicable,_Z,Not applicable,XDC_USD,National currency per US dollar,_Z,Not applicable,N,Non transformed data,T001,Table 001 - Exchange rates and PPPs,2023,,0.92491,,,,F,Free (free for publication),6,Six,A,Normal value,0,Units,EUR,Euro
DATAFLOW,OECD.SDD.NAD:DSD_NAMAIN10@DF_TABLE4(2.0),Annual Purchasing Power Parities and exchange rates,I,A,Annual,KAZ,Kazakhstan,S1,Total economy,S1,Total economy,EXC_A,"Exchange rates, average",F21,Currency,_Z,Not applicable,_Z,Not applicable,XDC_USD,National currency per US dollar,_Z,Not applicable,N,Non transformed data,T001,Table 001 - Exchange rates and PPPs,2023,,456.165,,,,F,Free (free for publication),6,Six,A,Normal value,0,Units,_Z,Not applicable
DATAFLOW,OECD.SDD.NAD:DSD_NAMAIN10@DF_TABLE4(2.0),Annual Purchasing Power Parities and exchange rates,I,A,Annual,AUS,Australia,S1,Total economy,S1,Total economy,EXC_A,"Exchange rates, average",F21,Currency,_Z,Not applicable,_Z,Not applicable,XDC_USD,National currency per US dollar,_Z,Not applicable,N,Non transformed data,T001,Table 001 - Exchange rates and PPPs,2024,,1.515358,,,,F,Free (free for publication),6,Six,A,Normal value,0,Units,AUD,Australian dollar
DATAFLOW,OECD.SDD.NAD:DSD_NAMAIN10@DF_TABLE4(2.0),Annual Purchasing Power Parities and exchange rates,I,A,Annual,AUT,Austria,S1,Total economy,S1,Total economy,EXC_A,"Exchange rates, average",F21,Currency,_Z,Not applicable,_Z,Not applicable,XDC_USD,National currency per US dollar,_Z,Not applicable,N,Non transformed data,T001,Table 001 - Exchange rates and PPPs,2024,,0.92389,,,,F,Free (free for publication),6,Six,A,Normal value,0,Units,EUR,Euro
DATAFLOW,OECD.SDD.NAD:DSD_NAMAIN10@DF_TABLE4(2.0),Annual Purchasing Power Parities and exchange rates,I,A,Annual,BEL,Belgium,S1,Total economy,S1,Total economy,EXC_A,"Exchange rates, average",F21,Currency,_Z,Not applicable,_Z,Not applicable,XDC_USD,National currency per US dollar,_Z,Not applicable,N,Non transformed data,T001,Table 001 - Exchange rates and PPPs,2024,,0.92389,,,,F,Free (free for publication),6,Six,A,Normal value,0,Units,EUR,Euro
DATAFLOW,OECD.SDD.NAD:DSD_NAMAIN10@DF_TABLE4(2.0),Annual Purchasing Power Parities and exchange rates,I,A,Annual,CAN,Canada,S1,Total economy,S1,Total economy,EXC_A,"Exchange rates, average",F21,Currency,_Z,Not applicable,_Z,Not applicable,XDC_USD,National currency per US dollar,_Z,Not applicable,N,Non transformed data,T001,Table 001 - Exchange rates and PPPs,2024,,1.36936,,,,F,Free (free for publication),6,Six,A,Normal value,0,Units,CAD,Canadian dollar
DATAFLOW,OECD.SDD.NAD:DSD_NAMAIN10@DF_TABLE4(2.0),Annual Purchasing Power Parities and exchange rates,I,A,Annual,CHL,Chile,S1,Total economy,S1,Total economy,EXC_A,"Exchange rates, average",F21,Currency,_Z,Not applicable,_Z,Not applicable,XDC_USD,National currency per US dollar,_Z,Not applicable,N,Non transformed data,T001,Table 001 - Exchange rates and PPPs,2024,,943.572167,,,,F,Free (free for publication),6,Six,A,Normal value,0,Units,CLP,Chilean peso
DATAFLOW,OECD.SDD.NAD:DSD_NAMAIN10@DF_TABLE4(2.0),Annual Purchasing Power Parities and exchange rates,I,A,Annual,COL,Colombia,S1,Total economy,S1,Total economy,EXC_A,"Exchange rates, average",F21,Currency,_Z,Not applicable,_Z,Not applicable,XDC_USD,National currency per US dollar,_Z,Not applicable,N,Non transformed data,T001,Table 001 - Exchange rates and PPPs,2024,,4074.434167,,,,F,Free (free for publication),6,Six,A,Normal value,0,Units,COP,Colombian peso
DATAFLOW,OECD.SDD.NAD:DSD_NAMAIN10@DF_TABLE4(2.0),Annual Purchasing Power Parities and exchange rates,I,A,Annual,CRI,Costa Rica,S1,Total economy,S1,Total economy,EXC_A,"Exchange rates, average",F21,Currency,_Z,Not applicable,_Z,Not applicable,XDC_USD,National currency per US dollar,_Z,Not applicable,N,Non transformed data,T001,Table 001 - Exchange rates and PPPs,2024,,515.109772,,,,F,Free (free for publication),6,Six,A,Normal value,0,Units,CRC,Costa Rican colon
DATAFLOW,OECD.SDD.NAD:DSD_NAMAIN10@DF_TABLE4(2.0),Annual Purchasing Power Parities and exchange rates,I,A,Annual,CZE,Czechia,S1,Total economy,S1,Total economy,EXC_A,"Exchange rates, average",F21,Currency,_Z,Not applicable,_Z,Not applicable,XDC_USD,National currency per US dollar,_Z,Not applicable,N,Non transformed data,T001,Table 001 - Exchange rates and PPPs,2024,,23.216833,,,,F,Free (free for publication),6,Six,A,Normal value,0,Units,CZK,Czech koruna
DATAFLOW,OECD.SDD.NAD:DSD_NAMAIN10@DF_TABLE4(2.0),Annual Purchasing Power Parities and exchange rates,I,A,Annual,DNK,Denmark,S1,Total economy,S1,Total economy,EXC_A,"Exchange rates, average",F21,Currency,_Z,Not applicable,_Z,Not applicable,XDC_USD,National currency per US dollar,_Z,Not applicable,N,Non transformed data,T001,Table 001 - Exchange rates and PPPs,2024,,6.894481,,,,F,Free (free for publication),6,Six,A,Normal value,0,Units,DKK,Danish krone
DATAFLOW,OECD.SDD.NAD:DSD_NAMAIN10@DF_TABLE4(2.0),Annual Purchasing Power Parities and exchange rates,I,A,Annual,EST,Estonia,S1,Total economy,S1,Total economy,EXC_A,"Exchange rates, average",F21,Currency,_Z,Not applicable,_Z,Not applicable,XDC_USD,National currency per US dollar,_Z,Not applicable,N,Non transformed data,T001,Table 001 - Exchange rates and PPPs,2024,,0.92389,,,,F,Free (free for publication),6,Six,A,Normal value,0,Units,EUR,Euro
DATAFLOW,OECD.SDD.NAD:DSD_NAMAIN10@DF_TABLE4(2.0),Annual Purchasing Power Parities and exchange rates,I,A,Annual,FIN,Finland,S1,Total economy,S1,Total economy,EXC_A,"Exchange rates, average",F21,Currency,_Z,Not applicable,_Z,Not applicable,XDC_USD,National currency per US dollar,_Z,Not applicable,N,Non transformed data,T001,Table 001 - Exchange rates and PPPs,2024,,0.92389,,,,F,Free (free for publication),6,Six,A,Normal value,0,Units,EUR,Euro
DATAFLOW,OECD.SDD.NAD:DSD_NAMAIN10@DF_TABLE4(2.0),Annual Purchasing Power Parities and exchange rates,I,A,Annual,FRA,France,S1,Total economy,S1,Total economy,EXC_A,"Exchange rates, average",F21,Currency,_Z,Not applicable,_Z,Not applicable,XDC_USD,National currency per US dollar,_Z,Not applicable,N,Non transformed data,T001,Table 001 - Exchange rates and PPPs,2024,,0.92389,,,,F,Free (free for publication),6,Six,A,Normal value,0,Units,EUR,Euro
DATAFLOW,OECD.SDD.NAD:DSD_NAMAIN10@DF_TABLE4(2.0),Annual Purchasing Power Parities and exchange rates,I,A,Annual,DEU,Germany,S1,Total economy,S1,Total economy,EXC_A,"Exchange rates, average",F21,Currency,_Z,Not applicable,_Z,Not applicable,XDC_USD,National currency per US dollar,_Z,Not applicable,N,Non transformed data,T001,Table 001 - Exchange rates and PPPs,2024,,0.92389,,,,F,Free (free for publication),6,Six,A,Normal value,0,Units,EUR,Euro
DATAFLOW,OECD.SDD.NAD:DSD_NAMAIN10@DF_TABLE4(2.0),Annual Purchasing Power Parities and exchange rates,I,A,Annual,GRC,Greece,S1,Total economy,S1,Total economy,EXC_A,"Exchange rates, average",F21,Currency,_Z,Not applicable,_Z,Not applicable,XDC_USD,National currency per US dollar,_Z,Not applicable,N,Non transformed data,T001,Table 001 - Exchange rates and PPPs,2024,,0.92389,,,,F,Free (free for publication),6,Six,A,Normal value,0,Units,EUR,Euro
DATAFLOW,OECD.SDD.NAD:DSD_NAMAIN10@DF_TABLE4(2.0),Annual Purchasing Power Parities and exchange rates,I,A,Annual,HUN,Hungary,S1,Total economy,S1,Total economy,EXC_A,"Exchange rates, average",F21,Currency,_Z,Not applicable,_Z,Not applicable,XDC_USD,National currency per US dollar,_Z,Not applicable,N,Non transformed data,T001,Table 001 - Exchange rates and PPPs,2024,,365.690833,,,,F,Free (free for publication),6,Six,A,Normal value,0,Units,HUF,Forint
DATAFLOW,OECD.SDD.NAD:DSD_NAMAIN10@DF_TABLE4(2.0),Annual Purchasing Power Parities and exchange rates,I,A,Annual,ISL,Iceland,S1,Total economy,S1,Total economy,EXC_A,"Exchange rates, average",F21,Currency,_Z,Not applicable,_Z,Not applicable,XDC_USD,National currency per US dollar,_Z,Not applicable,N,Non transformed data,T001,Table 001 - Exchange rates and PPPs,2024,,137.958026,,,,F,Free (free for publication),6,Six,A,Normal value,0,Units,ISK,Iceland krona
DATAFLOW,OECD.SDD.NAD:DSD_NAMAIN10@DF_TABLE4(2.0),Annual Purchasing Power Parities and exchange rates,I,A,Annual,IRL,Ireland,S1,Total economy,S1,Total economy,EXC_A,"Exchange rates, average",F21,Currency,_Z,Not applicable,_Z,Not applicable,XDC_USD,National currency per US dollar,_Z,Not applicable,N,Non transformed data,T001,Table 001 - Exchange rates and PPPs,2024,,0.92389,,,,F,Free (free for publication),6,Six,A,Normal value,0,Units,EUR,Euro
DATAFLOW,OECD.SDD.NAD:DSD_NAMAIN10@DF_TABLE4(2.0),Annual Purchasing Power Parities and exchange rates,I,A,Annual,ISR,Israel,S1,Total economy,S1,Total economy,EXC_A,"Exchange rates, average",F21,Currency,_Z,Not applicable,_Z,Not applicable,XDC_USD,National currency per US dollar,_Z,Not applicable,N,Non transformed data,T001,Table 001 - Exchange rates and PPPs,2024,,3.69972,,,,F,Free (free for publication),6,Six,A,Normal value,0,Units,ILS,New Israeli sheqel
DATAFLOW,OECD.SDD.NAD:DSD_NAMAIN10@DF_TABLE4(2.0),Annual Purchasing Power Parities and exchange rates,I,A,Annual,ITA,Italy,S1,Total economy,S1,Total economy,EXC_A,"Exchange rates, average",F21,Currency,_Z,Not applicable,_Z,Not applicable,XDC_USD,National currency per US dollar,_Z,Not applicable,N,Non transformed data,T001,Table 001 - Exchange rates and PPPs,2024,,0.92389,,,,F,Free (free for publication),6,Six,A,Normal value,0,Units,EUR,Euro
DATAFLOW,OECD.SDD.NAD:DSD_NAMAIN10@DF_TABLE4(2.0),Annual Purchasing Power Parities and exchange rates,I,A,Annual,JPN,Japan,S1,Total economy,S1,Total economy,EXC_A,"Exchange rates, average",F21,Currency,_Z,Not applicable,_Z,Not applicable,XDC_USD,National currency per US dollar,_Z,Not applicable,N,Non transformed data,T001,Table 001 - Exchange rates and PPPs,2024,,151.366291,,,,F,Free (free for publication),6,Six,A,Normal value,0,Units,JPY,Yen
DATAFLOW,OECD.SDD.NAD:DSD_NAMAIN10@DF_TABLE4(2.0),Annual Purchasing Power Parities and exchange rates,I,A,Annual,KOR,Korea,S1,Total economy,S1,Total economy,EXC_A,"Exchange rates, average",F21,Currency,_Z,Not applicable,_Z,Not applicable,XDC_USD,National currency per US dollar,_Z,Not applicable,N,Non transformed data,T001,Table 001 - Exchange rates and PPPs,2024,,1363.375,,,,F,Free (free for publication),6,Six,A,Normal value,0,Units,KRW,Won
DATAFLOW,OECD.SDD.NAD:DSD_NAMAIN10@DF_TABLE4(2.0),Annual Purchasing Power Parities and exchange rates,I,A,Annual,LVA,Latvia,S1,Total economy,S1,Total economy,EXC_A,"Exchange rates, average",F21,Currency,_Z,Not applicable,_Z,Not applicable,XDC_USD,National currency per US dollar,_Z,Not applicable,N,Non transformed data,T001,Table 001 - Exchange rates and PPPs,2024,,0.92389,,,,F,Free (free for publication),6,Six,A,Normal value,0,Units,EUR,Euro
DATAFLOW,OECD.SDD.NAD:DSD_NAMAIN10@DF_TABLE4(2.0),Annual Purchasing Power Parities and exchange rates,I,A,Annual,LTU,Lithuania,S1,Total economy,S1,Total economy,EXC_A,"Exchange rates, average",F21,Currency,_Z,Not applicable,_Z,Not applicable,XDC_USD,National currency per US dollar,_Z,Not applicable,N,Non transformed data,T001,Table 001 - Exchange rates and PPPs,2024,,0.92389,,,,F,Free (free for publication),6,Six,A,Normal value,0,Units,EUR,Euro
DATAFLOW,OECD.SDD.NAD:DSD_NAMAIN10@DF_TABLE4(2.0),Annual Purchasing Power Parities and exchange rates,I,A,Annual,LUX,Luxembourg,S1,Total economy,S1,Total economy,EXC_A,"Exchange rates, average",F21,Currency,_Z,Not applicable,_Z,Not applicable,XDC_USD,National currency per US dollar,_Z,Not applicable,N,Non transformed data,T001,Table 001 - Exchange rates and PPPs,2024,,0.92389,,,,F,Free (free for publication),6,Six,A,Normal value,0,Units,EUR,Euro
DATAFLOW,OECD.SDD.NAD:DSD_NAMAIN10@DF_TABLE4(2.0),Annual Purchasing Power Parities and exchange rates,I,A,Annual,MEX,Mexico,S1,Total economy,S1,Total economy,EXC_A,"Exchange rates, average",F21,Currency,_Z,Not applicable,_Z,Not applicable,XDC_USD,National currency per US dollar,_Z,Not applicable,N,Non transformed data,T001,Table 001 - Exchange rates and PPPs,2024,,18.304858,,,,F,Free (free for publication),6,Six,A,Normal value,0,Units,MXN,Mexican peso
DATAFLOW,OECD.SDD.NAD:DSD_NAMAIN10@DF_TABLE4(2.0),Annual Purchasing Power Parities and exchange rates,I,A,Annual,NLD,Netherlands,S1,Total economy,S1,Total economy,EXC_A,"Exchange rates, average",F21,Currency,_Z,Not applicable,_Z,Not applicable,XDC_USD,National currency per US dollar,_Z,Not applicable,N,Non transformed data,T001,Table 001 - Exchange rates and PPPs,2024,,0.92389,,,,F,Free (free for publication),6,Six,A,Normal value,0,Units,EUR,Euro
DATAFLOW,OECD.SDD.NAD:DSD_NAMAIN10@DF_TABLE4(2.0),Annual Purchasing Power Parities and exchange rates,I,A,Annual,NZL,New Zealand,S1,Total economy,S1,Total economy,EXC_A,"Exchange rates, average",F21,Currency,_Z,Not applicable,_Z,Not applicable,XDC_USD,National currency per US dollar,_Z,Not applicable,N,Non transformed data,T001,Table 001 - Exchange rates and PPPs,2024,,1.652308,,,,F,Free (free for publication),6,Six,A,Normal value,0,Units,NZD,New Zealand dollar
DATAFLOW,OECD.SDD.NAD:DSD_NAMAIN10@DF_TABLE4(2.0),Annual Purchasing Power Parities and exchange rates,I,A,Annual,NOR,Norway,S1,Total economy,S1,Total economy,EXC_A,"Exchange rates, average",F21,Currency,_Z,Not applicable,_Z,Not applicable,XDC_USD,National currency per US dollar,_Z,Not applicable,N,Non transformed data,T001,Table 001 - Exchange rates and PPPs,2024,,10.745833,,,,F,Free (free for publication),6,Six,A,Normal value,0,Units,NOK,Norwegian krone
DATAFLOW,OECD.SDD.NAD:DSD_NAMAIN10@DF_TABLE4(2.0),Annual Purchasing Power Parities and exchange rates,I,A,Annual,POL,Poland,S1,Total economy,S1,Total economy,EXC_A,"Exchange rates, average",F21,Currency,_Z,Not applicable,_Z,Not applicable,XDC_USD,National currency per US dollar,_Z,Not applicable,N,Non transformed data,T001,Table 001 - Exchange rates and PPPs,2024,,3.980783,,,,F,Free (free for publication),6,Six,A,Normal value,0,Units,PLN,Zloty
DATAFLOW,OECD.SDD.NAD:DSD_NAMAIN10@DF_TABLE4(2.0),Annual Purchasing Power Parities and exchange rates,I,A,Annual,PRT,Portugal,S1,Total economy,S1,Total economy,EXC_A,"Exchange rates, average",F21,Currency,_Z,Not applicable,_Z,Not applicable,XDC_USD,National currency per US dollar,_Z,Not applicable,N,Non transformed data,T001,Table 001 - Exchange rates and PPPs,2024,,0.92389,,,,F,Free (free for publication),6,Six,A,Normal value,0,Units,EUR,Euro
DATAFLOW,OECD.SDD.NAD:DSD_NAMAIN10@DF_TABLE4(2.0),Annual Purchasing Power Parities and exchange rates,I,A,Annual,SVK,Slovak Republic,S1,Total economy,S1,Total economy,EXC_A,"Exchange rates, average",F21,Currency,_Z,Not applicable,_Z,Not applicable,XDC_USD,National currency per US dollar,_Z,Not applicable,N,Non transformed data,T001,Table 001 - Exchange rates and PPPs,2024,,0.92389,,,,F,Free (free for publication),6,Six,A,Normal value,0,Units,EUR,Euro
DATAFLOW,OECD.SDD.NAD:DSD_NAMAIN10@DF_TABLE4(2.0),Annual Purchasing Power Parities and exchange rates,I,A,Annual,SVN,Slovenia,S1,Total economy,S1,Total economy,EXC_A,"Exchange rates, average",F21,Currency,_Z,Not applicable,_Z,Not applicable,XDC_USD,National currency per US dollar,_Z,Not applicable,N,Non transformed data,T001,Table 001 - Exchange rates and PPPs,2024,,0.92389,,,,F,Free (free for publication),6,Six,A,Normal value,0,Units,EUR,Euro
DATAFLOW,OECD.SDD.NAD:DSD_NAMAIN10@DF_TABLE4(2.0),Annual Purchasing Power Parities and exchange rates,I,A,Annual,ESP,Spain,S1,Total economy,S1,Total economy,EXC_A,"Exchange rates, average",F21,Currency,_Z,Not applicable,_Z,Not applicable,XDC_USD,National currency per US dollar,_Z,Not applicable,N,Non transformed data,T001,Table 001 - Exchange rates and PPPs,2024,,0.92389,,,,F,Free (free for publication),6,Six,A,Normal value,0,Units,EUR,Euro
DATAFLOW,OECD.SDD.NAD:DSD_NAMAIN10@DF_TABLE4(2.0),Annual Purchasing Power Parities and exchange rates,I,A,Annual,SWE,Sweden,S1,Total economy,S1,Total economy,EXC_A,"Exchange rates, average",F21,Currency,_Z,Not applicable,_Z,Not applicable,XDC_USD,National currency per US dollar,_Z,Not applicable,N,Non transformed data,T001,Table 001 - Exchange rates and PPPs,2024,,10.567636,,,,F,Free (free for publication),6,Six,A,Normal value,0,Units,SEK,Swedish krona
DATAFLOW,OECD.SDD.NAD:DSD_NAMAIN10@DF_TABLE4(2.0),Annual Purchasing Power Parities and exchange rates,I,A,Annual,CHE,Switzerland,S1,Total economy,S1,Total economy,EXC_A,"Exchange rates, average",F21,Currency,_Z,Not applicable,_Z,Not applicable,XDC_USD,National currency per US dollar,_Z,Not applicable,N,Non transformed data,T001,Table 001 - Exchange rates and PPPs,2024,,0.880441,,,,F,Free (free for publication),6,Six,A,Normal value,0,Units,CHF,Swiss franc
DATAFLOW,OECD.SDD.NAD:DSD_NAMAIN10@DF_TABLE4(2.0),Annual Purchasing Power Parities and exchange rates,I,A,Annual,TUR,Türkiye,S1,Total economy,S1,Total economy,EXC_A,"Exchange rates, average",F21,Currency,_Z,Not applicable,_Z,Not applicable,XDC_USD,National currency per US dollar,_Z,Not applicable,N,Non transformed data,T001,Table 001 - Exchange rates and PPPs,2024,,32.805861,,,,F,Free (free for publication),6,Six,A,Normal value,0,Units,TRY,Turkish lira
DATAFLOW,OECD.SDD.NAD:DSD_NAMAIN10@DF_TABLE4(2.0),Annual Purchasing Power Parities and exchange rates,I,A,Annual,GBR,United Kingdom,S1,Total economy,S1,Total economy,EXC_A,"Exchange rates, average",F21,Currency,_Z,Not applicable,_Z,Not applicable,XDC_USD,National currency per US dollar,_Z,Not applicable,N,Non transformed data,T001,Table 001 - Exchange rates and PPPs,2024,,0.782415,,,,F,Free (free for publication),6,Six,A,Normal value,0,Units,GBP,Pound sterling
DATAFLOW,OECD.SDD.NAD:DSD_NAMAIN10@DF_TABLE4(2.0),Annual Purchasing Power Parities and exchange rates,I,A,Annual,USA,United States,S1,Total economy,S1,Total economy,EXC_A,"Exchange rates, average",F21,Currency,_Z,Not applicable,_Z,Not applicable,XDC_USD,National currency per US dollar,_Z,Not applicable,N,Non transformed data,T001,Table 001 - Exchange rates and PPPs,2024,,1,,,,F,Free (free for publication),6,Six,A,Normal value,0,Units,USD,US dollar
DATAFLOW,OECD.SDD.NAD:DSD_NAMAIN10@DF_TABLE4(2.0),Annual Purchasing Power Parities and exchange rates,I,A,Annual,BRA,Brazil,S1,Total economy,S1,Total economy,EXC_A,"Exchange rates, average",F21,Currency,_Z,Not applicable,_Z,Not applicable,XDC_USD,National currency per US dollar,_Z,Not applicable,N,Non transformed data,T001,Table 001 - Exchange rates and PPPs,2024,,5.388935,,,,F,Free (free for publication),6,Six,A,Normal value,0,Units,BRL,Brazilian real
DATAFLOW,OECD.SDD.NAD:DSD_NAMAIN10@DF_TABLE4(2.0),Annual Purchasing Power Parities and exchange rates,I,A,Annual,BGR,Bulgaria,S1,Total economy,S1,Total economy,EXC_A,"Exchange rates, average",F21,Currency,_Z,Not applicable,_Z,Not applicable,XDC_USD,National currency per US dollar,_Z,Not applicable,N,Non transformed data,T001,Table 001 - Exchange rates and PPPs,2024,,0.924335,,,,F,Free (free for publication),6,Six,A,Normal value,0,Units,EUR,Euro
DATAFLOW,OECD.SDD.NAD:DSD_NAMAIN10@DF_TABLE4(2.0),Annual Purchasing Power Parities and exchange rates,I,A,Annual,CHN,China (People’s Republic of),S1,Total economy,S1,Total economy,EXC_A,"Exchange rates, average",F21,Currency,_Z,Not applicable,_Z,Not applicable,XDC_USD,National currency per US dollar,_Z,Not applicable,N,Non transformed data,T001,Table 001 - Exchange rates and PPPs,2024,,7.197491,,,,F,Free (free for publication),6,Six,A,Normal value,0,Units,CNY,Chinese yuan renminbi
DATAFLOW,OECD.SDD.NAD:DSD_NAMAIN10@DF_TABLE4(2.0),Annual Purchasing Power Parities and exchange rates,I,A,Annual,GEO,Georgia,S1,Total economy,S1,Total economy,EXC_A,"Exchange rates, average",F21,Currency,_Z,Not applicable,_Z,Not applicable,XDC_USD,National currency per US dollar,_Z,Not applicable,N,Non transformed data,T001,Table 001 - Exchange rates and PPPs,2024,,2.720617,,,,F,Free (free for publication),6,Six,A,Normal value,0,Units,GEL,Lari
DATAFLOW,OECD.SDD.NAD:DSD_NAMAIN10@DF_TABLE4(2.0),Annual Purchasing Power Parities and exchange rates,I,A,Annual,HKG,Hong Kong (China),S1,Total economy,S1,Total economy,EXC_A,"Exchange rates, average",F21,Currency,_Z,Not applicable,_Z,Not applicable,XDC_USD,National currency per US dollar,_Z,Not applicable,N,Non transformed data,T001,Table 001 - Exchange rates and PPPs,2024,,7.803833,,,,F,Free (free for publication),6,Six,A,Normal value,0,Units,HKD,Hong Kong dollar
DATAFLOW,OECD.SDD.NAD:DSD_NAMAIN10@DF_TABLE4(2.0),Annual Purchasing Power Parities and exchange rates,I,A,Annual,IND,India,S1,Total economy,S1,Total economy,EXC_A,"Exchange rates, average",F21,Currency,_Z,Not applicable,_Z,Not applicable,XDC_USD,National currency per US dollar,_Z,Not applicable,N,Non transformed data,T001,Table 001 - Exchange rates and PPPs,2024,,83.669282,,,,F,Free (free for publication),6,Six,A,Normal value,0,Units,INR,Indian rupee
DATAFLOW,OECD.SDD.NAD:DSD_NAMAIN10@DF_TABLE4(2.0),Annual Purchasing Power Parities and exchange rates,I,A,Annual,IDN,Indonesia,S1,Total economy,S1,Total economy,EXC_A,"Exchange rates, average",F21,Currency,_Z,Not applicable,_Z,Not applicable,XDC_USD,National currency per US dollar,_Z,Not applicable,N,Non transformed data,T001,Table 001 - Exchange rates and PPPs,2024,,15855.448287,,,,F,Free (free for publication),6,Six,A,Normal value,0,Units,IDR,Rupiah
DATAFLOW,OECD.SDD.NAD:DSD_NAMAIN10@DF_TABLE4(2.0),Annual Purchasing Power Parities and exchange rates,I,A,Annual,KAZ,Kazakhstan,S1,Total economy,S1,Total economy,EXC_A,"Exchange rates, average",F21,Currency,_Z,Not applicable,_Z,Not applicable,XDC_USD,National currency per US dollar,_Z,Not applicable,N,Non transformed data,T001,Table 001 - Exchange rates and PPPs,2024,,468.9625,,,,F,Free (free for publication),6,Six,A,Normal value,0,Units,_Z,Not applicable
DATAFLOW,OECD.SDD.NAD:DSD_NAMAIN10@DF_TABLE4(2.0),Annual Purchasing Power Parities and exchange rates,I,A,Annual,MLT,Malta,S1,Total economy,S1,Total economy,EXC_A,"Exchange rates, average",F21,Currency,_Z,Not applicable,_Z,Not applicable,XDC_USD,National currency per US dollar,_Z,Not applicable,N,Non transformed data,T001,Table 001 - Exchange rates and PPPs,2024,,0.92389,,,,F,Free (free for publication),6,Six,A,Normal value,0,Units,EUR,Euro
DATAFLOW,OECD.SDD.NAD:DSD_NAMAIN10@DF_TABLE4(2.0),Annual Purchasing Power Parities and exchange rates,I,A,Annual,ROU,Romania,S1,Total economy,S1,Total economy,EXC_A,"Exchange rates, average",F21,Currency,_Z,Not applicable,_Z,Not applicable,XDC_USD,National currency per US dollar,_Z,Not applicable,N,Non transformed data,T001,Table 001 - Exchange rates and PPPs,2024,,4.598375,,,,F,Free (free for publication),6,Six,A,Normal value,0,Units,RON,Romanian leu
DATAFLOW,OECD.SDD.NAD:DSD_NAMAIN10@DF_TABLE4(2.0),Annual Purchasing Power Parities and exchange rates,I,A,Annual,SRB,Serbia,S1,Total economy,S1,Total economy,EXC_A,"Exchange rates, average",F21,Currency,_Z,Not applicable,_Z,Not applicable,XDC_USD,National currency per US dollar,_Z,Not applicable,N,Non transformed data,T001,Table 001 - Exchange rates and PPPs,2024,,108.207742,,,,F,Free (free for publication),6,Six,A,Normal value,0,Units,RSD,Serbian dinar
DATAFLOW,OECD.SDD.NAD:DSD_NAMAIN10@DF_TABLE4(2.0),Annual Purchasing Power Parities and exchange rates,I,A,Annual,SGP,Singapore,S1,Total economy,S1,Total economy,EXC_A,"Exchange rates, average",F21,Currency,_Z,Not applicable,_Z,Not applicable,XDC_USD,National currency per US dollar,_Z,Not applicable,N,Non transformed data,T001,Table 001 - Exchange rates and PPPs,2024,,1.336233,,,,F,Free (free for publication),6,Six,A,Normal value,0,Units,SGD,Singapore dollar
DATAFLOW,OECD.SDD.NAD:DSD_NAMAIN10@DF_TABLE4(2.0),Annual Purchasing Power Parities and exchange rates,I,A,Annual,ZAF,South Africa,S1,Total economy,S1,Total economy,EXC_A,"Exchange rates, average",F21,Currency,_Z,Not applicable,_Z,Not applicable,XDC_USD,National currency per US dollar,_Z,Not applicable,N,Non transformed data,T001,Table 001 - Exchange rates and PPPs,2024,,18.328658,,,,F,Free (free for publication),6,Six,A,Normal value,0,Units,ZAR,Rand
DATAFLOW,OECD.SDD.NAD:DSD_NAMAIN10@DF_TABLE4(2.0),Annual Purchasing Power Parities and exchange rates,I,A,Annual,AUS,Australia,S1,Total economy,S1,Total economy,EXC_A,"Exchange rates, average",F21,Currency,_Z,Not applicable,_Z,Not applicable,XDC_USD,National currency per US dollar,_Z,Not applicable,N,Non transformed data,T001,Table 001 - Exchange rates and PPPs,2025,,1.551998,,,,F,Free (free for publication),6,Six,A,Normal value,0,Units,AUD,Australian dollar
DATAFLOW,OECD.SDD.NAD:DSD_NAMAIN10@DF_TABLE4(2.0),Annual Purchasing Power Parities and exchange rates,I,A,Annual,AUT,Austria,S1,Total economy,S1,Total economy,EXC_A,"Exchange rates, average",F21,Currency,_Z,Not applicable,_Z,Not applicable,XDC_USD,National currency per US dollar,_Z,Not applicable,N,Non transformed data,T001,Table 001 - Exchange rates and PPPs,2025,,0.884969,,,,F,Free (free for publication),6,Six,A,Normal value,0,Units,EUR,Euro
DATAFLOW,OECD.SDD.NAD:DSD_NAMAIN10@DF_TABLE4(2.0),Annual Purchasing Power Parities and exchange rates,I,A,Annual,BEL,Belgium,S1,Total economy,S1,Total economy,EXC_A,"Exchange rates, average",F21,Currency,_Z,Not applicable,_Z,Not applicable,XDC_USD,National currency per US dollar,_Z,Not applicable,N,Non transformed data,T001,Table 001 - Exchange rates and PPPs,2025,,0.884969,,,,F,Free (free for publication),6,Six,A,Normal value,0,Units,EUR,Euro
DATAFLOW,OECD.SDD.NAD:DSD_NAMAIN10@DF_TABLE4(2.0),Annual Purchasing Power Parities and exchange rates,I,A,Annual,CAN,Canada,S1,Total economy,S1,Total economy,EXC_A,"Exchange rates, average",F21,Currency,_Z,Not applicable,_Z,Not applicable,XDC_USD,National currency per US dollar,_Z,Not applicable,N,Non transformed data,T001,Table 001 - Exchange rates and PPPs,2025,,1.398106,,,,F,Free (free for publication),6,Six,A,Normal value,0,Units,CAD,Canadian dollar
DATAFLOW,OECD.SDD.NAD:DSD_NAMAIN10@DF_TABLE4(2.0),Annual Purchasing Power Parities and exchange rates,I,A,Annual,CHL,Chile,S1,Total economy,S1,Total economy,EXC_A,"Exchange rates, average",F21,Currency,_Z,Not applicable,_Z,Not applicable,XDC_USD,National currency per US dollar,_Z,Not applicable,N,Non transformed data,T001,Table 001 - Exchange rates and PPPs,2025,,951.329454,,,,F,Free (free for publication),6,Six,A,Normal value,0,Units,CLP,Chilean peso
DATAFLOW,OECD.SDD.NAD:DSD_NAMAIN10@DF_TABLE4(2.0),Annual Purchasing Power Parities and exchange rates,I,A,Annual,COL,Colombia,S1,Total economy,S1,Total economy,EXC_A,"Exchange rates, average",F21,Currency,_Z,Not applicable,_Z,Not applicable,XDC_USD,National currency per US dollar,_Z,Not applicable,N,Non transformed data,T001,Table 001 - Exchange rates and PPPs,2025,,4053.135833,,,,F,Free (free for publication),6,Six,A,Normal value,0,Units,COP,Colombian peso
DATAFLOW,OECD.SDD.NAD:DSD_NAMAIN10@DF_TABLE4(2.0),Annual Purchasing Power Parities and exchange rates,I,A,Annual,CRI,Costa Rica,S1,Total economy,S1,Total economy,EXC_A,"Exchange rates, average",F21,Currency,_Z,Not applicable,_Z,Not applicable,XDC_USD,National currency per US dollar,_Z,Not applicable,N,Non transformed data,T001,Table 001 - Exchange rates and PPPs,2025,,503.496832,,,,F,Free (free for publication),6,Six,A,Normal value,0,Units,CRC,Costa Rican colon
DATAFLOW,OECD.SDD.NAD:DSD_NAMAIN10@DF_TABLE4(2.0),Annual Purchasing Power Parities and exchange rates,I,A,Annual,CZE,Czechia,S1,Total economy,S1,Total economy,EXC_A,"Exchange rates, average",F21,Currency,_Z,Not applicable,_Z,Not applicable,XDC_USD,National currency per US dollar,_Z,Not applicable,N,Non transformed data,T001,Table 001 - Exchange rates and PPPs,2025,,21.882,,,,F,Free (free for publication),6,Six,A,Normal value,0,Units,CZK,Czech koruna
DATAFLOW,OECD.SDD.NAD:DSD_NAMAIN10@DF_TABLE4(2.0),Annual Purchasing Power Parities and exchange rates,I,A,Annual,DNK,Denmark,S1,Total economy,S1,Total economy,EXC_A,"Exchange rates, average",F21,Currency,_Z,Not applicable,_Z,Not applicable,XDC_USD,National currency per US dollar,_Z,Not applicable,N,Non transformed data,T001,Table 001 - Exchange rates and PPPs,2025,,6.621825,,,,F,Free (free for publication),6,Six,A,Normal value,0,Units,DKK,Danish krone
DATAFLOW,OECD.SDD.NAD:DSD_NAMAIN10@DF_TABLE4(2.0),Annual Purchasing Power Parities and exchange rates,I,A,Annual,EST,Estonia,S1,Total economy,S1,Total economy,EXC_A,"Exchange rates, average",F21,Currency,_Z,Not applicable,_Z,Not applicable,XDC_USD,National currency per US dollar,_Z,Not applicable,N,Non transformed data,T001,Table 001 - Exchange rates and PPPs,2025,,0.884969,,,,F,Free (free for publication),6,Six,A,Normal value,0,Units,EUR,Euro
DATAFLOW,OECD.SDD.NAD:DSD_NAMAIN10@DF_TABLE4(2.0),Annual Purchasing Power Parities and exchange rates,I,A,Annual,FIN,Finland,S1,Total economy,S1,Total economy,EXC_A,"Exchange rates, average",F21,Currency,_Z,Not applicable,_Z,Not applicable,XDC_USD,National currency per US dollar,_Z,Not applicable,N,Non transformed data,T001,Table 001 - Exchange rates and PPPs,2025,,0.884969,,,,F,Free (free for publication),6,Six,A,Normal value,0,Units,EUR,Euro
DATAFLOW,OECD.SDD.NAD:DSD_NAMAIN10@DF_TABLE4(2.0),Annual Purchasing Power Parities and exchange rates,I,A,Annual,FRA,France,S1,Total economy,S1,Total economy,EXC_A,"Exchange rates, average",F21,Currency,_Z,Not applicable,_Z,Not applicable,XDC_USD,National currency per US dollar,_Z,Not applicable,N,Non transformed data,T001,Table 001 - Exchange rates and PPPs,2025,,0.884969,,,,F,Free (free for publication),6,Six,A,Normal value,0,Units,EUR,Euro
DATAFLOW,OECD.SDD.NAD:DSD_NAMAIN10@DF_TABLE4(2.0),Annual Purchasing Power Parities and exchange rates,I,A,Annual,DEU,Germany,S1,Total economy,S1,Total economy,EXC_A,"Exchange rates, average",F21,Currency,_Z,Not applicable,_Z,Not applicable,XDC_USD,National currency per US dollar,_Z,Not applicable,N,Non transformed data,T001,Table 001 - Exchange rates and PPPs,2025,,0.884969,,,,F,Free (free for publication),6,Six,A,Normal value,0,Units,EUR,Euro
DATAFLOW,OECD.SDD.NAD:DSD_NAMAIN10@DF_TABLE4(2.0),Annual Purchasing Power Parities and exchange rates,I,A,Annual,GRC,Greece,S1,Total economy,S1,Total economy,EXC_A,"Exchange rates, average",F21,Currency,_Z,Not applicable,_Z,Not applicable,XDC_USD,National currency per US dollar,_Z,Not applicable,N,Non transformed data,T001,Table 001 - Exchange rates and PPPs,2025,,0.884969,,,,F,Free (free for publication),6,Six,A,Normal value,0,Units,EUR,Euro
DATAFLOW,OECD.SDD.NAD:DSD_NAMAIN10@DF_TABLE4(2.0),Annual Purchasing Power Parities and exchange rates,I,A,Annual,HUN,Hungary,S1,Total economy,S1,Total economy,EXC_A,"Exchange rates, average",F21,Currency,_Z,Not applicable,_Z,Not applicable,XDC_USD,National currency per US dollar,_Z,Not applicable,N,Non transformed data,T001,Table 001 - Exchange rates and PPPs,2025,,353.14,,,,F,Free (free for publication),6,Six,A,Normal value,0,Units,HUF,Forint
DATAFLOW,OECD.SDD.NAD:DSD_NAMAIN10@DF_TABLE4(2.0),Annual Purchasing Power Parities and exchange rates,I,A,Annual,ISL,Iceland,S1,Total economy,S1,Total economy,EXC_A,"Exchange rates, average",F21,Currency,_Z,Not applicable,_Z,Not applicable,XDC_USD,National currency per US dollar,_Z,Not applicable,N,Non transformed data,T001,Table 001 - Exchange rates and PPPs,2025,,128.441487,,,,F,Free (free for publication),6,Six,A,Normal value,0,Units,ISK,Iceland krona
DATAFLOW,OECD.SDD.NAD:DSD_NAMAIN10@DF_TABLE4(2.0),Annual Purchasing Power Parities and exchange rates,I,A,Annual,IRL,Ireland,S1,Total economy,S1,Total economy,EXC_A,"Exchange rates, average",F21,Currency,_Z,Not applicable,_Z,Not applicable,XDC_USD,National currency per US dollar,_Z,Not applicable,N,Non transformed data,T001,Table 001 - Exchange rates and PPPs,2025,,0.884969,,,,F,Free (free for publication),6,Six,A,Normal value,0,Units,EUR,Euro
DATAFLOW,OECD.SDD.NAD:DSD_NAMAIN10@DF_TABLE4(2.0),Annual Purchasing Power Parities and exchange rates,I,A,Annual,ISR,Israel,S1,Total economy,S1,Total economy,EXC_A,"Exchange rates, average",F21,Currency,_Z,Not applicable,_Z,Not applicable,XDC_USD,National currency per US dollar,_Z,Not applicable,N,Non transformed data,T001,Table 001 - Exchange rates and PPPs,2025,,3.451892,,,,F,Free (free for publication),6,Six,A,Normal value,0,Units,ILS,New Israeli sheqel
DATAFLOW,OECD.SDD.NAD:DSD_NAMAIN10@DF_TABLE4(2.0),Annual Purchasing Power Parities and exchange rates,I,A,Annual,ITA,Italy,S1,Total economy,S1,Total economy,EXC_A,"Exchange rates, average",F21,Currency,_Z,Not applicable,_Z,Not applicable,XDC_USD,National currency per US dollar,_Z,Not applicable,N,Non transformed data,T001,Table 001 - Exchange rates and PPPs,2025,,0.884969,,,,F,Free (free for publication),6,Six,A,Normal value,0,Units,EUR,Euro
DATAFLOW,OECD.SDD.NAD:DSD_NAMAIN10@DF_TABLE4(2.0),Annual Purchasing Power Parities and exchange rates,I,A,Annual,JPN,Japan,S1,Total economy,S1,Total economy,EXC_A,"Exchange rates, average",F21,Currency,_Z,Not applicable,_Z,Not applicable,XDC_USD,National currency per US dollar,_Z,Not applicable,N,Non transformed data,T001,Table 001 - Exchange rates and PPPs,2025,,149.657927,,,,F,Free (free for publication),6,Six,A,Normal value,0,Units,JPY,Yen
DATAFLOW,OECD.SDD.NAD:DSD_NAMAIN10@DF_TABLE4(2.0),Annual Purchasing Power Parities and exchange rates,I,A,Annual,KOR,Korea,S1,Total economy,S1,Total economy,EXC_A,"Exchange rates, average",F21,Currency,_Z,Not applicable,_Z,Not applicable,XDC_USD,National currency per US dollar,_Z,Not applicable,N,Non transformed data,T001,Table 001 - Exchange rates and PPPs,2025,,1422.440833,,,,F,Free (free for publication),6,Six,A,Normal value,0,Units,KRW,Won
DATAFLOW,OECD.SDD.NAD:DSD_NAMAIN10@DF_TABLE4(2.0),Annual Purchasing Power Parities and exchange rates,I,A,Annual,LVA,Latvia,S1,Total economy,S1,Total economy,EXC_A,"Exchange rates, average",F21,Currency,_Z,Not applicable,_Z,Not applicable,XDC_USD,National currency per US dollar,_Z,Not applicable,N,Non transformed data,T001,Table 001 - Exchange rates and PPPs,2025,,0.884969,,,,F,Free (free for publication),6,Six,A,Normal value,0,Units,EUR,Euro
DATAFLOW,OECD.SDD.NAD:DSD_NAMAIN10@DF_TABLE4(2.0),Annual Purchasing Power Parities and exchange rates,I,A,Annual,LTU,Lithuania,S1,Total economy,S1,Total economy,EXC_A,"Exchange rates, average",F21,Currency,_Z,Not applicable,_Z,Not applicable,XDC_USD,National currency per US dollar,_Z,Not applicable,N,Non transformed data,T001,Table 001 - Exchange rates and PPPs,2025,,0.884969,,,,F,Free (free for publication),6,Six,A,Normal value,0,Units,EUR,Euro
DATAFLOW,OECD.SDD.NAD:DSD_NAMAIN10@DF_TABLE4(2.0),Annual Purchasing Power Parities and exchange rates,I,A,Annual,LUX,Luxembourg,S1,Total economy,S1,Total economy,EXC_A,"Exchange rates, average",F21,Currency,_Z,Not applicable,_Z,Not applicable,XDC_USD,National currency per US dollar,_Z,Not applicable,N,Non transformed data,T001,Table 001 - Exchange rates and PPPs,2025,,0.884969,,,,F,Free (free for publication),6,Six,A,Normal value,0,Units,EUR,Euro
DATAFLOW,OECD.SDD.NAD:DSD_NAMAIN10@DF_TABLE4(2.0),Annual Purchasing Power Parities and exchange rates,I,A,Annual,MEX,Mexico,S1,Total economy,S1,Total economy,EXC_A,"Exchange rates, average",F21,Currency,_Z,Not applicable,_Z,Not applicable,XDC_USD,National currency per US dollar,_Z,Not applicable,N,Non transformed data,T001,Table 001 - Exchange rates and PPPs,2025,,19.237508,,,,F,Free (free for publication),6,Six,A,Normal value,0,Units,MXN,Mexican peso
DATAFLOW,OECD.SDD.NAD:DSD_NAMAIN10@DF_TABLE4(2.0),Annual Purchasing Power Parities and exchange rates,I,A,Annual,NLD,Netherlands,S1,Total economy,S1,Total economy,EXC_A,"Exchange rates, average",F21,Currency,_Z,Not applicable,_Z,Not applicable,XDC_USD,National currency per US dollar,_Z,Not applicable,N,Non transformed data,T001,Table 001 - Exchange rates and PPPs,2025,,0.884969,,,,F,Free (free for publication),6,Six,A,Normal value,0,Units,EUR,Euro
DATAFLOW,OECD.SDD.NAD:DSD_NAMAIN10@DF_TABLE4(2.0),Annual Purchasing Power Parities and exchange rates,I,A,Annual,NZL,New Zealand,S1,Total economy,S1,Total economy,EXC_A,"Exchange rates, average",F21,Currency,_Z,Not applicable,_Z,Not applicable,XDC_USD,National currency per US dollar,_Z,Not applicable,N,Non transformed data,T001,Table 001 - Exchange rates and PPPs,2025,,1.720108,,,,F,Free (free for publication),6,Six,A,Normal value,0,Units,NZD,New Zealand dollar
DATAFLOW,OECD.SDD.NAD:DSD_NAMAIN10@DF_TABLE4(2.0),Annual Purchasing Power Parities and exchange rates,I,A,Annual,NOR,Norway,S1,Total economy,S1,Total economy,EXC_A,"Exchange rates, average",F21,Currency,_Z,Not applicable,_Z,Not applicable,XDC_USD,National currency per US dollar,_Z,Not applicable,N,Non transformed data,T001,Table 001 - Exchange rates and PPPs,2025,,10.395833,,,,F,Free (free for publication),6,Six,A,Normal value,0,Units,NOK,Norwegian krone
DATAFLOW,OECD.SDD.NAD:DSD_NAMAIN10@DF_TABLE4(2.0),Annual Purchasing Power Parities and exchange rates,I,A,Annual,POL,Poland,S1,Total economy,S1,Total economy,EXC_A,"Exchange rates, average",F21,Currency,_Z,Not applicable,_Z,Not applicable,XDC_USD,National currency per US dollar,_Z,Not applicable,N,Non transformed data,T001,Table 001 - Exchange rates and PPPs,2025,,3.760542,,,,F,Free (free for publication),6,Six,A,Normal value,0,Units,PLN,Zloty
DATAFLOW,OECD.SDD.NAD:DSD_NAMAIN10@DF_TABLE4(2.0),Annual Purchasing Power Parities and exchange rates,I,A,Annual,PRT,Portugal,S1,Total economy,S1,Total economy,EXC_A,"Exchange rates, average",F21,Currency,_Z,Not applicable,_Z,Not applicable,XDC_USD,National currency per US dollar,_Z,Not applicable,N,Non transformed data,T001,Table 001 - Exchange rates and PPPs,2025,,0.884969,,,,F,Free (free for publication),6,Six,A,Normal value,0,Units,EUR,Euro
DATAFLOW,OECD.SDD.NAD:DSD_NAMAIN10@DF_TABLE4(2.0),Annual Purchasing Power Parities and exchange rates,I,A,Annual,SVK,Slovak Republic,S1,Total economy,S1,Total economy,EXC_A,"Exchange rates, average",F21,Currency,_Z,Not applicable,_Z,Not applicable,XDC_USD,National currency per US dollar,_Z,Not applicable,N,Non transformed data,T001,Table 001 - Exchange rates and PPPs,2025,,0.884969,,,,F,Free (free for publication),6,Six,A,Normal value,0,Units,EUR,Euro
DATAFLOW,OECD.SDD.NAD:DSD_NAMAIN10@DF_TABLE4(2.0),Annual Purchasing Power Parities and exchange rates,I,A,Annual,SVN,Slovenia,S1,Total economy,S1,Total economy,EXC_A,"Exchange rates, average",F21,Currency,_Z,Not applicable,_Z,Not applicable,XDC_USD,National currency per US dollar,_Z,Not applicable,N,Non transformed data,T001,Table 001 - Exchange rates and PPPs,2025,,0.884969,,,,F,Free (free for publication),6,Six,A,Normal value,0,Units,EUR,Euro
DATAFLOW,OECD.SDD.NAD:DSD_NAMAIN10@DF_TABLE4(2.0),Annual Purchasing Power Parities and exchange rates,I,A,Annual,ESP,Spain,S1,Total economy,S1,Total economy,EXC_A,"Exchange rates, average",F21,Currency,_Z,Not applicable,_Z,Not applicable,XDC_USD,National currency per US dollar,_Z,Not applicable,N,Non transformed data,T001,Table 001 - Exchange rates and PPPs,2025,,0.884969,,,,F,Free (free for publication),6,Six,A,Normal value,0,Units,EUR,Euro
DATAFLOW,OECD.SDD.NAD:DSD_NAMAIN10@DF_TABLE4(2.0),Annual Purchasing Power Parities and exchange rates,I,A,Annual,SWE,Sweden,S1,Total economy,S1,Total economy,EXC_A,"Exchange rates, average",F21,Currency,_Z,Not applicable,_Z,Not applicable,XDC_USD,National currency per US dollar,_Z,Not applicable,N,Non transformed data,T001,Table 001 - Exchange rates and PPPs,2025,,9.820706,,,,F,Free (free for publication),6,Six,A,Normal value,0,Units,SEK,Swedish krona
DATAFLOW,OECD.SDD.NAD:DSD_NAMAIN10@DF_TABLE4(2.0),Annual Purchasing Power Parities and exchange rates,I,A,Annual,CHE,Switzerland,S1,Total economy,S1,Total economy,EXC_A,"Exchange rates, average",F21,Currency,_Z,Not applicable,_Z,Not applicable,XDC_USD,National currency per US dollar,_Z,Not applicable,N,Non transformed data,T001,Table 001 - Exchange rates and PPPs,2025,,0.831356,,,,F,Free (free for publication),6,Six,A,Normal value,0,Units,CHF,Swiss franc
DATAFLOW,OECD.SDD.NAD:DSD_NAMAIN10@DF_TABLE4(2.0),Annual Purchasing Power Parities and exchange rates,I,A,Annual,TUR,Türkiye,S1,Total economy,S1,Total economy,EXC_A,"Exchange rates, average",F21,Currency,_Z,Not applicable,_Z,Not applicable,XDC_USD,National currency per US dollar,_Z,Not applicable,N,Non transformed data,T001,Table 001 - Exchange rates and PPPs,2025,,39.454813,,,,F,Free (free for publication),6,Six,A,Normal value,0,Units,TRY,Turkish lira
DATAFLOW,OECD.SDD.NAD:DSD_NAMAIN10@DF_TABLE4(2.0),Annual Purchasing Power Parities and exchange rates,I,A,Annual,GBR,United Kingdom,S1,Total economy,S1,Total economy,EXC_A,"Exchange rates, average",F21,Currency,_Z,Not applicable,_Z,Not applicable,XDC_USD,National currency per US dollar,_Z,Not applicable,N,Non transformed data,T001,Table 001 - Exchange rates and PPPs,2025,,0.759474,,,,F,Free (free for publication),6,Six,A,Normal value,0,Units,GBP,Pound sterling
DATAFLOW,OECD.SDD.NAD:DSD_NAMAIN10@DF_TABLE4(2.0),Annual Purchasing Power Parities and exchange rates,I,A,Annual,USA,United States,S1,Total economy,S1,Total economy,EXC_A,"Exchange rates, average",F21,Currency,_Z,Not applicable,_Z,Not applicable,XDC_USD,National currency per US dollar,_Z,Not applicable,N,Non transformed data,T001,Table 001 - Exchange rates and PPPs,2025,,1,,,,F,Free (free for publication),6,Six,A,Normal value,0,Units,USD,US dollar
DATAFLOW,OECD.SDD.NAD:DSD_NAMAIN10@DF_TABLE4(2.0),Annual Purchasing Power Parities and exchange rates,I,A,Annual,BRA,Brazil,S1,Total economy,S1,Total economy,EXC_A,"Exchange rates, average",F21,Currency,_Z,Not applicable,_Z,Not applicable,XDC_USD,National currency per US dollar,_Z,Not applicable,N,Non transformed data,T001,Table 001 - Exchange rates and PPPs,2025,,5.587286,,,,F,Free (free for publication),6,Six,A,Normal value,0,Units,BRL,Brazilian real
DATAFLOW,OECD.SDD.NAD:DSD_NAMAIN10@DF_TABLE4(2.0),Annual Purchasing Power Parities and exchange rates,I,A,Annual,BGR,Bulgaria,S1,Total economy,S1,Total economy,EXC_A,"Exchange rates, average",F21,Currency,_Z,Not applicable,_Z,Not applicable,XDC_USD,National currency per US dollar,_Z,Not applicable,N,Non transformed data,T001,Table 001 - Exchange rates and PPPs,2025,,0.887189,,,,F,Free (free for publication),6,Six,A,Normal value,0,Units,EUR,Euro
DATAFLOW,OECD.SDD.NAD:DSD_NAMAIN10@DF_TABLE4(2.0),Annual Purchasing Power Parities and exchange rates,I,A,Annual,CHN,China (People’s Republic of),S1,Total economy,S1,Total economy,EXC_A,"Exchange rates, average",F21,Currency,_Z,Not applicable,_Z,Not applicable,XDC_USD,National currency per US dollar,_Z,Not applicable,N,Non transformed data,T001,Table 001 - Exchange rates and PPPs,2025,,7.189847,,,,F,Free (free for publication),6,Six,A,Normal value,0,Units,CNY,Chinese yuan renminbi
DATAFLOW,OECD.SDD.NAD:DSD_NAMAIN10@DF_TABLE4(2.0),Annual Purchasing Power Parities and exchange rates,I,A,Annual,GEO,Georgia,S1,Total economy,S1,Total economy,EXC_A,"Exchange rates, average",F21,Currency,_Z,Not applicable,_Z,Not applicable,XDC_USD,National currency per US dollar,_Z,Not applicable,N,Non transformed data,T001,Table 001 - Exchange rates and PPPs,2025,,2.742642,,,,F,Free (free for publication),6,Six,A,Normal value,0,Units,GEL,Lari
DATAFLOW,OECD.SDD.NAD:DSD_NAMAIN10@DF_TABLE4(2.0),Annual Purchasing Power Parities and exchange rates,I,A,Annual,HKG,Hong Kong (China),S1,Total economy,S1,Total economy,EXC_A,"Exchange rates, average",F21,Currency,_Z,Not applicable,_Z,Not applicable,XDC_USD,National currency per US dollar,_Z,Not applicable,N,Non transformed data,T001,Table 001 - Exchange rates and PPPs,2025,,7.797083,,,,F,Free (free for publication),6,Six,A,Normal value,0,Units,HKD,Hong Kong dollar
DATAFLOW,OECD.SDD.NAD:DSD_NAMAIN10@DF_TABLE4(2.0),Annual Purchasing Power Parities and exchange rates,I,A,Annual,IND,India,S1,Total economy,S1,Total economy,EXC_A,"Exchange rates, average",F21,Currency,_Z,Not applicable,_Z,Not applicable,XDC_USD,National currency per US dollar,_Z,Not applicable,N,Non transformed data,T001,Table 001 - Exchange rates and PPPs,2025,,87.158448,,,,F,Free (free for publication),6,Six,A,Normal value,0,Units,INR,Indian rupee
DATAFLOW,OECD.SDD.NAD:DSD_NAMAIN10@DF_TABLE4(2.0),Annual Purchasing Power Parities and exchange rates,I,A,Annual,IDN,Indonesia,S1,Total economy,S1,Total economy,EXC_A,"Exchange rates, average",F21,Currency,_Z,Not applicable,_Z,Not applicable,XDC_USD,National currency per US dollar,_Z,Not applicable,N,Non transformed data,T001,Table 001 - Exchange rates and PPPs,2025,,16477.86518,,,,F,Free (free for publication),6,Six,A,Normal value,0,Units,IDR,Rupiah
DATAFLOW,OECD.SDD.NAD:DSD_NAMAIN10@DF_TABLE4(2.0),Annual Purchasing Power Parities and exchange rates,I,A,Annual,KAZ,Kazakhstan,S1,Total economy,S1,Total economy,EXC_A,"Exchange rates, average",F21,Currency,_Z,Not applicable,_Z,Not applicable,XDC_USD,National currency per US dollar,_Z,Not applicable,N,Non transformed data,T001,Table 001 - Exchange rates and PPPs,2025,,521.035,,,,F,Free (free for publication),6,Six,A,Normal value,0,Units,_Z,Not applicable
DATAFLOW,OECD.SDD.NAD:DSD_NAMAIN10@DF_TABLE4(2.0),Annual Purchasing Power Parities and exchange rates,I,A,Annual,MLT,Malta,S1,Total economy,S1,Total economy,EXC_A,"Exchange rates, average",F21,Currency,_Z,Not applicable,_Z,Not applicable,XDC_USD,National currency per US dollar,_Z,Not applicable,N,Non transformed data,T001,Table 001 - Exchange rates and PPPs,2025,,0.884969,,,,F,Free (free for publication),6,Six,A,Normal value,0,Units,EUR,Euro
DATAFLOW,OECD.SDD.NAD:DSD_NAMAIN10@DF_TABLE4(2.0),Annual Purchasing Power Parities and exchange rates,I,A,Annual,ROU,Romania,S1,Total economy,S1,Total economy,EXC_A,"Exchange rates, average",F21,Currency,_Z,Not applicable,_Z,Not applicable,XDC_USD,National currency per US dollar,_Z,Not applicable,N,Non transformed data,T001,Table 001 - Exchange rates and PPPs,2025,,4.470533,,,,F,Free (free for publication),6,Six,A,Normal value,0,Units,RON,Romanian leu
DATAFLOW,OECD.SDD.NAD:DSD_NAMAIN10@DF_TABLE4(2.0),Annual Purchasing Power Parities and exchange rates,I,A,Annual,SRB,Serbia,S1,Total economy,S1,Total economy,EXC_A,"Exchange rates, average",F21,Currency,_Z,Not applicable,_Z,Not applicable,XDC_USD,National currency per US dollar,_Z,Not applicable,N,Non transformed data,T001,Table 001 - Exchange rates and PPPs,2025,,103.9754,,,,F,Free (free for publication),6,Six,A,Normal value,0,Units,RSD,Serbian dinar
DATAFLOW,OECD.SDD.NAD:DSD_NAMAIN10@DF_TABLE4(2.0),Annual Purchasing Power Parities and exchange rates,I,A,Annual,SGP,Singapore,S1,Total economy,S1,Total economy,EXC_A,"Exchange rates, average",F21,Currency,_Z,Not applicable,_Z,Not applicable,XDC_USD,National currency per US dollar,_Z,Not applicable,N,Non transformed data,T001,Table 001 - Exchange rates and PPPs,2025,,1.30745,,,,F,Free (free for publication),6,Six,A,Normal value,0,Units,SGD,Singapore dollar
DATAFLOW,OECD.SDD.NAD:DSD_NAMAIN10@DF_TABLE4(2.0),Annual Purchasing Power Parities and exchange rates,I,A,Annual,ZAF,South Africa,S1,Total economy,S1,Total economy,EXC_A,"Exchange rates, average",F21,Currency,_Z,Not applicable,_Z,Not applicable,XDC_USD,National currency per US dollar,_Z,Not applicable,N,Non transformed data,T001,Table 001 - Exchange rates and PPPs,2025,,17.888749,,,,F,Free (free for publication),6,Six,A,Normal value,0,Units,ZAR,Rand
DATAFLOW,OECD.SDD.NAD:DSD_NAMAIN10@DF_TABLE4(2.0),Annual Purchasing Power Parities and exchange rates,I,A,Annual,SAU,Saudi Arabia,S1,Total economy,S1,Total economy,EXC_A,"Exchange rates, average",F21,Currency,_Z,Not applicable,_Z,Not applicable,XDC_USD,National currency per US dollar,_Z,Not applicable,N,Non transformed data,T001,Table 001 - Exchange rates and PPPs,2025,,3.75,,,,F,Free (free for publication),6,Six,A,Normal value,0,Units,SAR,Saudi riyal
DATAFLOW,OECD.SDD.NAD:DSD_NAMAIN10@DF_TABLE4(2.0),Annual Purchasing Power Parities and exchange rates,I,A,Annual,SAU,Saudi Arabia,S1,Total economy,S1,Total economy,EXC_A,"Exchange rates, average",F21,Currency,_Z,Not applicable,_Z,Not applicable,XDC_USD,National currency per US dollar,_Z,Not applicable,N,Non transformed data,T001,Table 001 - Exchange rates and PPPs,2021,,3.75,,,,F,Free (free for publication),6,Six,A,Normal value,0,Units,SAR,Saudi riyal
DATAFLOW,OECD.SDD.NAD:DSD_NAMAIN10@DF_TABLE4(2.0),Annual Purchasing Power Parities and exchange rates,I,A,Annual,SAU,Saudi Arabia,S1,Total economy,S1,Total economy,EXC_A,"Exchange rates, average",F21,Currency,_Z,Not applicable,_Z,Not applicable,XDC_USD,National currency per US dollar,_Z,Not applicable,N,Non transformed data,T001,Table 001 - Exchange rates and PPPs,2022,,3.75,,,,F,Free (free for publication),6,Six,A,Normal value,0,Units,SAR,Saudi riyal
DATAFLOW,OECD.SDD.NAD:DSD_NAMAIN10@DF_TABLE4(2.0),Annual Purchasing Power Parities and exchange rates,I,A,Annual,SAU,Saudi Arabia,S1,Total economy,S1,Total economy,EXC_A,"Exchange rates, average",F21,Currency,_Z,Not applicable,_Z,Not applicable,XDC_USD,National currency per US dollar,_Z,Not applicable,N,Non transformed data,T001,Table 001 - Exchange rates and PPPs,2023,,3.75,,,,F,Free (free for publication),6,Six,A,Normal value,0,Units,SAR,Saudi riyal
DATAFLOW,OECD.SDD.NAD:DSD_NAMAIN10@DF_TABLE4(2.0),Annual Purchasing Power Parities and exchange rates,I,A,Annual,SAU,Saudi Arabia,S1,Total economy,S1,Total economy,EXC_A,"Exchange rates, average",F21,Currency,_Z,Not applicable,_Z,Not applicable,XDC_USD,National currency per US dollar,_Z,Not applicable,N,Non transformed data,T001,Table 001 - Exchange rates and PPPs,2024,,3.75,,,,F,Free (free for publication),6,Six,A,Normal value,0,Units,SAR,Saudi riyal
