Name,Currency,Issuer,ISIN,Sector,Maturity,S&P Rating,Coupon,Coupon frequency,YTM (Ask),Bid,Ask,Minimum size,Country of issue,Amount issued,Increment size,Subordinated,EU Tax,W/Tax,Accrued days,Accrued interest
EGYPT 7.3% 30.09.2033,USD,Arab Republic of Egypt,XS2391395154,Sovereign,30.09.2033,B,7.30,Semi-Annual,7.611719,,98.375,200’000,Egypt,1’125’000’000,1’000,No,Yes,No,36,0.73
EGYPT 7.5% 31.01.2027,USD,Arab Republic of Egypt,XS1558078736,Sovereign,31.01.2027,NA,7.50,Semi-Annual,5.369257,,101.50,200’000,Egypt,2’000’000’000,1’000,No,Yes,No,96,2.00
EGYPT 7.053% 15.01.2032,USD,Arab Republic of Egypt,XS2079842642,Sovereign,15.01.2032,B,7.05,Semi-Annual,7.158212,,99.375,200’000,Egypt,1’000’000’000,1’000,No,Yes,No,111,2.1746
EGYPT 5.875% 16.02.2031,USD,Arab Republic of Egypt,XS2297226545,Sovereign,16.02.2031,B,5.88,Semi-Annual,6.772753,,96.375,200’000,Egypt,1’500’000’000,1’000,No,Yes,No,80,1.3056
EGYPT 7% 10.11.2028,USD,Arab Republic of Egypt,XS1504948776,Sovereign,10.11.2028,NA,7.00,Semi-Annual,6.289807,,101.625,200’000,Egypt,1’320’000’000,1’000,No,Yes,No,176,3.4222
EGYPT 7.6% 01.03.2029,USD,Arab Republic of Egypt,XS1953057061,Sovereign,01.03.2029,B,7.60,Semi-Annual,6.270402,,103.25,200’000,Egypt,1’750’000’000,1’000,No,Yes,No,65,1.3723
EGYPT 5.8% 30.09.2027,USD,Arab Republic of Egypt,XS2391394348,Sovereign,30.09.2027,B,5.80,Semi-Annual,5.513268,,100.375,200’000,Egypt,1’125’000’000,1’000,No,Yes,No,36,0.58
EGYPT 8.625% 04.02.2030,USD,Arab Republic of Egypt,XS2989586941,Sovereign,04.02.2030,B,8.63,Semi-Annual,6.520778,,107.00,200’000,Egypt,1’250’000’000,1’000,No,Yes,No,92,2.2042
EGYPT 7.625% 29.05.2032,USD,Arab Republic of Egypt,XS2176897754,Sovereign,29.05.2032,B,7.63,Semi-Annual,7.415639,,100.875,200’000,Egypt,1’750’000’000,1’000,No,Yes,No,157,3.3253
EGYPT 7.625% 10.11.2030,USD,Arab Republic of Egypt,XS1903489463,Sovereign,10.11.2030,B,7.63,Semi-Annual,8.750863,,95.875,200’000,Egypt,1’710’000’000,1’000,No,Yes,No,176,3.7278
EGYPT 5.625% 16.04.2030,EUR,Arab Republic of Egypt,XS1807305328,Sovereign,16.04.2030,B,5.63,Annual,6.410853,,97.652,100’000,Egypt,1’000’000’000,1’000,No,Yes,No,20,0.3082
EGYPT 6.588% 21.02.2028,USD,Arab Republic of Egypt,XS1775618439,Sovereign,21.02.2028,B,6.59,Semi-Annual,5.7625,,101.25,200’000,Egypt,1’250’000’000,1’000,No,Yes,No,75,1.3725
EGYPT 7.125% 10.11.2026,USD,Arab Republic of Egypt,XS1903488572,Sovereign,10.11.2026,B,7.13,Semi-Annual,6.86928,,100.125,200’000,Egypt,860’000’000,1’000,No,Yes,No,176,3.4833
EGYPT 6.375% 11.04.2031,EUR,Arab Republic of Egypt,XS1980255936,Sovereign,11.04.2031,B,6.38,Annual,6.668981,,99.356,100’000,Egypt,1’250’000’000,1’000,No,Yes,No,25,0.4366
EGYPT 9.45% 04.02.2033,USD,Arab Republic of Egypt,XS2990500766,Sovereign,04.02.2033,B,9.45,Semi-Annual,7.64108,,109.25,200’000,Egypt,1’250’000’000,1’000,No,Yes,No,92,2.415
BARBADOS 8% 26.06.2035,USD,Barbados,USP48864AS47,Sovereign,26.06.2035,NA,8.00,Semi-Annual,6.550544,,109.8722,2’000,Barbados,500’000’000,1’000,No,Yes,No,129,2.8667
BARBADOS 6.5% 01.10.2029,USD,Barbados,USP48864AQ80,Sovereign,01.10.2029,B+,6.50,Semi-Annual,5.995727,,100.875,100,Barbados,52’270’750,100,No,Yes,No,34,0.6139
BOSNIA HERZEGOV 5.5% 17.07.2030,EUR,Bosnia and Herzegovina,XS3123478730,Sovereign,17.07.2030,B+,5.50,Annual,4.488179,,103.775,100’000,Bosnia and Herz,350’000’000,1’000,No,Yes,No,293,4.4151
CANADA 0% 24.02.2027,CAD,Canada,CA1350Z7EW07,Sovereign,24.02.2027,NA,0.00,,2.484633,,97.979,1’000,Canada,9’200’000’000,1’000,No,Yes,No,68,0.00
CANADA 0% 29.07.2026,CAD,Canada,CA1350Z7ES94,Sovereign,29.07.2026,NA,0.00,,2.221466,,99.483,1’000,Canada,25’400’000’000,1’000,No,Yes,No,96,0.00
CANADA 1% 01.06.2027,CAD,Canada,CA135087F825,Sovereign,01.06.2027,AAA,1.00,Semi-Annual,2.665,,98.16,1’000,Canada,15’490’000’000,1’000,No,Yes,No,155,0.4247
CANADA 0% 26.08.2026,CAD,Canada,CA1350Z7EV24,Sovereign,26.08.2026,NA,0.00,,2.22523,,99.312,1’000,Canada,9’200’000’000,1’000,No,Yes,No,68,0.00
CANADA 5.75% 01.06.2029,CAD,Canada,CA135087WL43,Sovereign,01.06.2029,AAA,5.75,Semi-Annual,3.04,,107.595,1’000,Canada,10’598’959’000,1’000,No,No,No,155,2.4418
CANADA 0% 17.06.2026,CAD,Canada,CA1350Z7EA86,Sovereign,17.06.2026,NA,0.00,,2.212565,,99.734,1’000,Canada,22’000’000’000,1’000,No,Yes,No,142,0.00
CANADA 2.75% 01.05.2027,CAD,Canada,CA135087S885,Sovereign,01.05.2027,AAA,2.75,Semi-Annual,2.66,,100.01,1’000,Canada,25’658’430’000,1’000,No,Yes,No,4,0.0301
CANADA 1.5% 01.06.2026,CAD,Canada,CA135087E679,Sovereign,01.06.2026,AAA,1.50,Semi-Annual,2.255,,99.944,1’000,Canada,13’472’000’000,1’000,No,Yes,No,155,0.637
CANADA 0% 07.10.2026,CAD,Canada,CA1350Z7EK68,Sovereign,07.10.2026,NA,0.00,,2.30158,,99.02,1’000,Canada,10’000’000’000,1’000,No,Yes,No,208,0.00
CANADA 2.5% 01.12.2032,CAD,Canada,CA135087P329,Sovereign,01.12.2032,AAA,2.50,Semi-Annual,3.322,,94.679,1’000,Canada,21’000’000’000,1’000,No,Yes,No,162,1.10959
CANADA 0% 02.07.2026,CAD,Canada,CA1350Z7EQ39,Sovereign,02.07.2026,NA,0.00,,2.209949,,99.645,1’000,Canada,21’000’000’000,1’000,No,Yes,No,124,0.00
CANADA 1% 01.09.2026,CAD,Canada,CA135087L930,Sovereign,01.09.2026,AAA,1.00,Semi-Annual,2.40,,99.553,1’000,Canada,20’599’000’000,1’000,No,Yes,No,65,0.1781
CANADA 3.5% 01.03.2028,CAD,Canada,CA135087P576,Sovereign,01.03.2028,AAA,3.50,Semi-Annual,2.875,,100.916,1’000,Canada,15’000’000’000,1’000,No,Yes,No,65,0.6233
CANADA 3% 01.09.2031,CAD,Canada,CA135087U691,Sovereign,01.09.2031,AAA,3.00,Semi-Annual,3.202,,98.59,1’000,Canada,10’000’000’000,1’000,No,Yes,No,26,0.2137
CANADA 3% 01.02.2027,CAD,Canada,CA135087S547,Sovereign,01.02.2027,AAA,3.00,Semi-Annual,2.531,,100.303,1’000,Canada,20’971’667’000,1’000,No,Yes,No,93,0.7644
CANADA 4% 01.03.2029,CAD,Canada,CA135087Q988,Sovereign,01.03.2029,AAA,4.00,Semi-Annual,2.979,,102.455,1’000,Canada,27’000’000’000,1’000,No,Yes,No,65,0.7123
CANADA 3.245% 24.08.2027,CAD,Canada,CA135087P733,Sovereign,24.08.2027,AAA,3.25,Semi-Annual,2.686,,100.574,100,Canada,500’000’000,100,No,Yes,No,70,0.6223
CANADA 3.5% 01.03.2034,CAD,Canada,CA135087R713,Sovereign,01.03.2034,AAA,3.50,Semi-Annual,3.374,,100.255,1’000,Canada,6’000’000’000,1’000,No,Yes,No,65,0.6233
CANADA 1.25% 01.03.2027,CAD,Canada,CA135087M847,Sovereign,01.03.2027,AAA,1.25,Semi-Annual,2.559,,98.891,1’000,Canada,15’966’000’000,1’000,No,Yes,No,65,0.2226
CANADA 5.75% 01.06.2033,CAD,Canada,CA135087XG49,Sovereign,01.06.2033,AAA,5.75,Semi-Annual,3.353,,114.359,1’000,Canada,11’988’905’000,1’000,No,Yes,No,155,2.4418
CANADA 2.5% 01.05.2028,CAD,Canada,CA135087U444,Sovereign,01.05.2028,AAA,2.50,Semi-Annual,2.884,,99.052,1’000,Canada,29’000’000’000,1’000,No,Yes,No,4,0.0274
CANADA 3.5% 01.09.2029,CAD,Canada,CA135087R895,Sovereign,01.09.2029,AAA,3.50,Semi-Annual,3.019,,101.231,1’000,Canada,30’000’000’000,1’000,No,Yes,No,65,0.6233
CANADA 2.25% 01.06.2029,CAD,Canada,CA135087J397,Sovereign,01.06.2029,AAA,2.25,Semi-Annual,2.975,,97.602,1’000,Canada,12’300’000’000,1’000,No,Yes,No,155,0.9555
CANADA 2.25% 01.02.2028,CAD,Canada,CA135087T958,Sovereign,01.02.2028,AAA,2.25,Semi-Annual,2.864,,98.778,1’000,Canada,30’000’000’000,1’000,No,Yes,No,93,0.5733
CANADA 3.25% 01.12.2035,CAD,Canada,CA135087T537,Sovereign,01.12.2035,AAA,3.25,Semi-Annual,3.504,,97.287,1’000,Canada,42’000’000’000,1’000,No,Yes,No,155,1.3801
CANADA 0% 20.05.2026,CAD,Canada,CA1350Z7D682,Sovereign,20.05.2026,NA,0.00,,2.206392,,99.903,1’000,Canada,25’200’000’000,1’000,No,Yes,No,348,0.00
CANADA 3.25% 01.11.2026,CAD,Canada,CA135087S398,Sovereign,01.11.2026,AAA,3.25,Semi-Annual,2.41,,100.394,1’000,Canada,18’957’666’000,1’000,No,Yes,No,4,0.0356
CANADA 3.75% 26.04.2028,USD,Canada,US135087Q560,Sovereign,26.04.2028,AAA,3.75,Semi-Annual,3.83753,,99.7327,5’000,Canada,4’000’000’000,5’000,No,Yes,No,9,0.0938
CANADA 3% 01.06.2034,CAD,Canada,CA135087R481,Sovereign,01.06.2034,AAA,3.00,Semi-Annual,3.395,,96.637,1’000,Canada,34’000’000’000,1’000,No,Yes,No,155,1.274
CANADA 2.5% 01.11.2027,CAD,Canada,CA135087T610,Sovereign,01.11.2027,AAA,2.50,Semi-Annual,2.805,,99.422,1’000,Canada,30’000’000’000,1’000,No,Yes,No,4,0.0274
CANADA 2.75% 01.03.2031,CAD,Canada,CA135087T792,Sovereign,01.03.2031,AAA,2.75,Semi-Annual,3.153,,97.803,1’000,Canada,42’000’000’000,1’000,No,Yes,No,65,0.4897
CANADA 0% 21.10.2026,CAD,Canada,CA1350Z7E425,Sovereign,21.10.2026,NA,0.00,,2.41,,98.87,1’000,Canada,5’800’000’000,1’000,No,Yes,No,12,0.00
CANADA 8% 01.06.2027,CAD,Canada,CA135087VW17,Sovereign,01.06.2027,AAA,8.00,Semi-Annual,2.676,,105.506,1’000,Canada,3’620’841’000,1’000,No,No,No,155,3.3973
CANADA 0% 12.08.2026,CAD,Canada,CA1350Z7EE09,Sovereign,12.08.2026,NA,0.00,,2.222058,,99.376,1’000,Canada,12’000’000’000,1’000,No,Yes,No,,
CANADA 2% 01.06.2028,CAD,Canada,CA135087H235,Sovereign,01.06.2028,AAA,2.00,Semi-Annual,2.895,,98.014,1’000,Canada,13’500’000’000,1’000,No,Yes,No,155,0.8493
CANADA 2.75% 01.06.2033,CAD,Canada,CA135087Q236,Sovereign,01.06.2033,AAA,2.75,Semi-Annual,3.343,,95.753,1’000,Canada,19’000’000’000,1’000,No,Yes,No,155,1.1678
CANADA 4% 01.08.2026,CAD,Canada,CA135087R978,Sovereign,01.08.2026,AAA,4.00,Semi-Annual,2.299,,100.411,1’000,Canada,19’323’429’000,1’000,No,Yes,No,93,1.0192
CANADA 2.75% 01.09.2030,CAD,Canada,CA135087T388,Sovereign,01.09.2030,AAA,2.75,Semi-Annual,3.115,,98.162,1’000,Canada,42’000’000’000,1’000,No,Yes,No,65,0.4897
CANADA 4% 18.03.2030,USD,Canada,US43358BAB99,Sovereign,18.03.2030,AAA,4.00,Semi-Annual,3.944915,,99.9701,5’000,Canada,3’500’000’000,5’000,No,Yes,No,47,0.5222
CANADA 3.25% 01.06.2035,CAD,Canada,CA135087S620,Sovereign,01.06.2035,AAA,3.25,Semi-Annual,3.464,,97.703,1’000,Canada,39’000’000’000,1’000,No,Yes,No,155,1.3801
CANADA 1.5% 01.06.2031,CAD,Canada,CA135087M276,Sovereign,01.06.2031,AAA,1.50,Semi-Annual,3.199,,91.718,1’000,Canada,42’000’000’000,1’000,No,Yes,No,155,0.637
CANADA 2.75% 01.03.2030,CAD,Canada,CA135087S471,Sovereign,01.03.2030,AAA,2.75,Semi-Annual,3.067,,98.542,1’000,Canada,33’000’000’000,1’000,No,Yes,No,65,0.4897
CANADA 0% 30.12.2026,CAD,Canada,CA1350Z7ER12,Sovereign,30.12.2026,NA,0.00,,2.418463,,98.407,1’000,Canada,7’600’000’000,1’000,No,Yes,No,124,0.00
CANADA 0% 21.04.2027,CAD,Canada,CA1350Z7E599,Sovereign,21.04.2027,NA,0.00,,2.645,,97.491,1’000,Canada,5’800’000’000,1’000,No,Yes,No,12,0.00
CANADA 0% 24.03.2027,CAD,Canada,CA1350Z7EZ38,Sovereign,24.03.2027,NA,0.00,,2.526088,,97.748,1’000,Canada,10’400’000’000,1’000,No,Yes,No,40,0.00
CANADA 1.5% 01.12.2031,CAD,Canada,CA135087N266,Sovereign,01.12.2031,AAA,1.50,Semi-Annual,3.242,,90.787,1’000,Canada,32’000’000’000,1’000,No,Yes,No,155,0.637
CANADA 0% 03.06.2026,CAD,Canada,CA1350Z7EN08,Sovereign,03.06.2026,NA,0.00,,2.203854,,99.82,1’000,Canada,21’200’000’000,1’000,No,Yes,No,152,0.00
CANADA 2% 01.06.2032,CAD,Canada,CA135087N597,Sovereign,01.06.2032,AAA,2.00,Semi-Annual,3.287,,92.504,1’000,Canada,24’000’000’000,1’000,No,Yes,No,155,0.8493
CANADA 3.25% 01.09.2028,CAD,Canada,CA135087Q491,Sovereign,01.09.2028,AAA,3.25,Semi-Annual,2.934,,100.48,1’000,Canada,20’000’000’000,1’000,No,Yes,No,65,0.5788
CANADA 3% 01.03.2032,CAD,Canada,CA135087S968,Sovereign,01.03.2032,AAA,3.00,Semi-Annual,3.225,,98.377,1’000,Canada,3’500’000’000,1’000,No,Yes,No,65,0.5342
CANADA 3.25% 01.03.2036,CAD,Canada,CA135087U360,Sovereign,01.03.2036,AAA,3.25,Semi-Annual,3.522,,97.089,1’000,Canada,2’000’000’000,1’000,No,Yes,No,65,0.5788
CANADA 0.75% 19.05.2026,USD,Canada,US427028AB18,Sovereign,19.05.2026,AAA,0.75,Semi-Annual,3.644852,,99.8881,5’000,Canada,3’500’000’000,5’000,No,Yes,No,166,0.3458
CANADA 4.625% 30.04.2029,USD,Canada,US43358BAA17,Sovereign,30.04.2029,AAA,4.63,Semi-Annual,3.8861,,101.9087,5’000,Canada,3’000’000’000,5’000,No,Yes,No,5,0.0642
CANADA 3.25% 01.12.2033,CAD,Canada,CA135087Q723,Sovereign,01.12.2033,AAA,3.25,Semi-Annual,3.359,,98.694,1’000,Canada,21’000’000’000,1’000,No,Yes,No,155,1.3801
CANADA 1.25% 01.06.2030,CAD,Canada,CA135087K379,Sovereign,01.06.2030,AAA,1.25,Semi-Annual,3.071,,92.733,1’000,Canada,44’200’000’000,1’000,No,Yes,No,155,0.5308
CANADA 2.5% 01.08.2027,CAD,Canada,CA135087T461,Sovereign,01.08.2027,AAA,2.50,Semi-Annual,2.748,,99.591,1’000,Canada,29’220’667’000,1’000,No,Yes,No,93,0.637
CANADA 2.25% 01.12.2029,CAD,Canada,CA135087N670,Sovereign,01.12.2029,AAA,2.25,Semi-Annual,3.018,,97.1176,1’000,Canada,5’000’000’000,1’000,No,Yes,No,155,0.9555
CANADA 0.5% 01.12.2030,CAD,Canada,CA135087L443,Sovereign,01.12.2030,AAA,0.50,Semi-Annual,3.139,,88.461,1’000,Canada,40’000’000’000,1’000,No,Yes,No,155,0.2123
CANADA 0% 23.09.2026,CAD,Canada,CA1350Z7EY62,Sovereign,23.09.2026,NA,0.00,,2.286747,,99.115,1’000,Canada,10’400’000’000,1’000,No,Yes,No,40,0.00
CANADA 0% 27.01.2027,CAD,Canada,CA1350Z7ET77,Sovereign,27.01.2027,NA,0.00,,2.455771,,98.192,1’000,Canada,9’000’000’000,1’000,No,Yes,No,96,0.00
CANADA 0% 15.07.2026,CAD,Canada,CA1350Z7EC43,Sovereign,15.07.2026,NA,0.00,,2.222256,,99.565,1’000,Canada,26’400’000’000,1’000,No,Yes,No,292,0.00
CANADA 3.25% 01.12.2034,CAD,Canada,CA135087S216,Sovereign,01.12.2034,AAA,3.25,Semi-Annual,3.427,,98.065,1’000,Canada,30’000’000’000,1’000,No,Yes,No,155,1.3801
CANADA 0% 04.11.2026,CAD,Canada,CA1350Z7EM25,Sovereign,04.11.2026,NA,0.00,,2.331703,,98.826,1’000,Canada,9’400’000’000,1’000,No,Yes,No,180,0.00
CANADA 0% 02.12.2026,CAD,Canada,CA1350Z7EP55,Sovereign,02.12.2026,NA,0.00,,2.37117,,98.622,1’000,Canada,7’800’000’000,1’000,No,Yes,No,152,0.00
CANADA 0% 06.05.2026,CAD,Canada,CA1350Z7EL42,Sovereign,06.05.2026,NA,0.00,,2.272808,,99.987,1’000,Canada,26’000’000’000,1’000,No,Yes,No,,
CANADA 0% 09.09.2026,CAD,Canada,CA1350Z7EH30,Sovereign,09.09.2026,NA,0.00,,2.26921,,99.211,1’000,Canada,10’800’000’000,1’000,No,Yes,No,236,0.00
CANADA 2.75% 01.09.2027,CAD,Canada,CA135087N837,Sovereign,01.09.2027,AAA,2.75,Semi-Annual,2.77,,99.834,1’000,Canada,16’000’000’000,1’000,No,Yes,No,65,0.4897
AUSTRALIA 1.25% 21.05.2032,AUD,Commonwealth of Australia,AU0000075681,Sovereign,21.05.2032,NA,1.25,Semi-Annual,4.79715,,81.739,1’000,Australia,43’200’000’000,1’000,No,Yes,No,166,0.573
AUSTRALIA 2.5% 21.05.2030,AUD,Commonwealth of Australia,AU0000013740,Sovereign,21.05.2030,NA,2.50,Semi-Annual,4.656,,92.041,1’000,Australia,43’000’000’000,1’000,No,Yes,No,166,1.146
AUSTRALIA 2.75% 21.11.2028,AUD,Commonwealth of Australia,AU000XCLWAU3,Sovereign,21.11.2028,NA,2.75,Semi-Annual,4.664575,,95.437,1’000,Australia,45’100’000’000,1’000,No,Yes,No,166,1.261
AUSTRALIA 2.25% 21.05.2028,AUD,Commonwealth of Australia,AU000XCLWAR9,Sovereign,21.05.2028,NA,2.25,Semi-Annual,4.674,,95.253,1’000,Australia,37’900’000’000,1’000,No,Yes,No,166,1.032
AUSTRALIA 0% 24.07.2026,AUD,Commonwealth of Australia,AU2CLT240764,Sovereign,24.07.2026,NA,0.00,,4.319,,99.055795,5’000,Australia,6’000’000’000,5’000,No,Yes,Yes,109,0.00
AUSTRALIA 1% 21.11.2031,AUD,Commonwealth of Australia,AU0000101792,Sovereign,21.11.2031,NA,1.00,Semi-Annual,4.718089,,81.907,1’000,Australia,45’500’000’000,1’000,No,Yes,No,166,0.459
AUSTRALIA 2.75% 21.06.2035,AUD,Commonwealth of Australia,AU000XCLWAM0,Sovereign,21.06.2035,NA,2.75,Semi-Annual,4.947,,83.789,1’000,Australia,30’850’000’000,1’000,No,Yes,No,136,1.027
AUSTRALIA 3.5% 21.12.2034,AUD,Commonwealth of Australia,AU0000274706,Sovereign,21.12.2034,NA,3.50,Semi-Annual,4.920483,,89.936,1’000,Australia,29’200’000’000,1’000,No,Yes,Yes,143,1.367
AUSTRALIA 0% 07.08.2026,AUD,Commonwealth of Australia,AU2CLT070864,Sovereign,07.08.2026,NA,0.00,,4.389,,98.87879,5’000,Australia,2’000’000’000,5’000,No,Yes,Yes,67,0.00
AUSTRALIA 4.25% 21.03.2036,AUD,Commonwealth of Australia,AU0000381832,Sovereign,21.03.2036,NA,4.25,Semi-Annual,5.014,,94.393,1’000,Australia,25’300’000’000,1’000,No,Yes,No,46,0.531
AUSTRALIA 1.75% 21.11.2032,AUD,Commonwealth of Australia,AU0000143901,Sovereign,21.11.2032,NA,1.75,Semi-Annual,4.794281,,82.93,1’000,Australia,32’500’000’000,1’000,No,Yes,No,166,0.802
AUSTRALIA 0% 21.08.2026,AUD,Commonwealth of Australia,AU2CLT210866,Sovereign,21.08.2026,NA,0.00,,4.419,,98.702417,5’000,Australia,4’000’000’000,5’000,No,Yes,Yes,95,0.00
AUSTRALIA 0% 22.05.2026,AUD,Commonwealth of Australia,AU2CLT220568,Sovereign,22.05.2026,NA,0.00,,4.169,,99.805554,5’000,Australia,8’000’000’000,5’000,No,Yes,Yes,137,0.00
AUSTRALIA 3.25% 21.04.2029,AUD,Commonwealth of Australia,AU3TB0000150,Sovereign,21.04.2029,NA,3.25,Semi-Annual,4.656,,96.174,1’000,Australia,43’499’786’000,1’000,No,Yes,No,15,0.133
AUSTRALIA 0% 08.05.2026,AUD,Commonwealth of Australia,AU2CLT080566,Sovereign,08.05.2026,NA,0.00,,4.209,,99.965302,5’000,Australia,6’500’000’000,5’000,No,Yes,Yes,151,0.00
AUSTRALIA 1% 21.12.2030,AUD,Commonwealth of Australia,AU0000087454,Sovereign,21.12.2030,NA,1.00,Semi-Annual,4.669228,,84.791,1’000,Australia,45’600’000’000,1’000,No,Yes,No,136,0.374
AUSTRALIA 0% 12.06.2026,AUD,Commonwealth of Australia,AU2CLT120669,Sovereign,12.06.2026,NA,0.00,,4.299,,99.551951,5’000,Australia,7’000’000’000,5’000,No,Yes,Yes,102,0.00
AUSTRALIA 0% 11.09.2026,AUD,Commonwealth of Australia,AU2CLT110967,Sovereign,11.09.2026,NA,0.00,,4.439,,98.455381,5’000,Australia,3’000’000’000,5’000,No,Yes,Yes,7,0.00
AUSTRALIA 0% 10.07.2026,AUD,Commonwealth of Australia,AU2CLT100760,Sovereign,10.07.2026,NA,0.00,,4.359,,99.213689,5’000,Australia,5’000’000’000,5’000,No,Yes,Yes,53,0.00
AUSTRALIA 1.5% 21.06.2031,AUD,Commonwealth of Australia,AU0000047003,Sovereign,21.06.2031,NA,1.50,Semi-Annual,4.692,,85.48,1’000,Australia,46’000’000’000,1’000,No,Yes,No,136,0.56
AUSTRALIA 3% 21.11.2033,AUD,Commonwealth of Australia,AU0000217101,Sovereign,21.11.2033,NA,3.00,Semi-Annual,4.847055,,88.256,1’000,Australia,28’200’000’000,1’000,No,Yes,No,166,1.376
AUSTRALIA 4.25% 21.12.2035,AUD,Commonwealth of Australia,AU0000345241,Sovereign,21.12.2035,NA,4.25,Semi-Annual,4.957105,,94.397,1’000,Australia,23’900’000’000,1’000,No,Yes,No,136,1.588
AUSTRALIA 0% 26.06.2026,AUD,Commonwealth of Australia,AU2CLT260663,Sovereign,26.06.2026,NA,0.00,,4.349,,99.380855,5’000,Australia,6’000’000’000,5’000,No,Yes,Yes,81,0.00
AUSTRALIA 4.5% 21.04.2033,AUD,Commonwealth of Australia,AU000XCLWAG2,Sovereign,21.04.2033,NA,4.50,Semi-Annual,4.805,,98.08,1’000,Australia,26’700’000’000,1’000,No,Yes,No,15,0.184
AUSTRALIA 4.25% 21.06.2034,AUD,Commonwealth of Australia,AU3TB0000200,Sovereign,21.06.2034,NA,4.25,Semi-Annual,4.879024,,95.578,1’000,Australia,10’000’000’000,1’000,No,Yes,No,136,1.588
AUSTRALIA 2.75% 21.11.2027,AUD,Commonwealth of Australia,AU000XCLWAQ1,Sovereign,21.11.2027,NA,2.75,Semi-Annual,4.683944,,97.113,1’000,Australia,36’000’000’000,1’000,No,Yes,No,166,1.261
AUSTRALIA 3.75% 21.05.2034,AUD,Commonwealth of Australia,AU0000249302,Sovereign,21.05.2034,NA,3.75,Semi-Annual,4.884,,92.318,1’000,Australia,25’000’000’000,1’000,No,Yes,Yes,166,1.72
AUSTRALIA 4.75% 21.04.2027,AUD,Commonwealth of Australia,AU3TB0000135,Sovereign,21.04.2027,NA,4.75,Semi-Annual,4.678,,100.065,1’000,Australia,39’399’548’000,1’000,No,Yes,No,15,0.195
AUSTRALIA 0.5% 21.09.2026,AUD,Commonwealth of Australia,AU0000106411,Sovereign,21.09.2026,NA,0.50,Semi-Annual,4.453,,98.517606,1’000,Australia,39’400’000’000,1’000,No,Yes,No,51,0.07
AUSTRALIA 2.75% 21.11.2029,AUD,Commonwealth of Australia,AU000XCLWAX7,Sovereign,21.11.2029,NA,2.75,Semi-Annual,4.65486,,93.815,1’000,Australia,44’500’000’000,1’000,No,Yes,No,166,1.261
CZECH REPUBLIC 1% 26.06.2026,CZK,Czech Republic,CZ0001004469,Sovereign,26.06.2026,NA,1.00,Annual,3.349462,,99.74,10’000,Czech Republic,94’236’780’000,10’000,No,Yes,No,314,0.8603
DOMINICAN REP 5.5% 22.02.2029,USD,Dominican Republic,USP3579ECP09,Sovereign,22.02.2029,BB,5.50,Semi-Annual,5.139467,,100.875,150’000,Dominican Republic,1’782’000’000,1’000,No,Yes,No,73,1.1153
DOMINICAN REP 4.875% 23.09.2032,USD,Dominican Republic,USP3579ECH82,Sovereign,23.09.2032,BB,4.88,Semi-Annual,5.749704,,95.375,150’000,Dominican Republic,3’066’000’000,1’000,No,Yes,No,42,0.5688
DOMINICAN REP 5.95% 25.01.2027,USD,Dominican Republic,USP3579EBV85,Sovereign,25.01.2027,BB,5.95,Semi-Annual,4.3457,,101.25,100’000,Dominican Republic,1’700’000’000,1’000,No,Yes,No,100,1.6528
DOMINICAN REP 4.5% 30.01.2030,USD,Dominican Republic,USP3579ECF27,Sovereign,30.01.2030,BB,4.50,Semi-Annual,5.357103,,97.00,150’000,Dominican Republic,2’000’000’000,1’000,No,Yes,No,95,1.1875
DOMINICAN REP 6.65% 27.12.2026,USD,Dominican Republic,XS2100776934,Sovereign,27.12.2026,NA,6.65,Semi-Annual,5.735357,,100.67,1’000,Dominican Republic,600’000’000,1’000,No,Yes,No,130,2.375
DOMINICAN REP 8.625% 20.04.2027,USD,Dominican Republic,USP3579EAG28,Sovereign,20.04.2027,BB,8.63,Semi-Annual,4.315542,,104.125,100’000,Dominican Republic,99’999’000,1’000,No,Yes,No,15,0.3594
DOMINICAN REP 7.05% 03.02.2031,USD,Dominican Republic,USP3579ECR64,Sovereign,03.02.2031,BB,7.05,Semi-Annual,5.516769,,106.125,150’000,Dominican Republic,1’200’000’000,1’000,No,Yes,No,92,1.8017
DOMINICAN REP 6% 22.02.2033,USD,Dominican Republic,USP3579ECN50,Sovereign,22.02.2033,BB,6.00,Semi-Annual,5.883032,,100.625,150’000,Dominican Republic,1’782’000’000,1’000,No,Yes,No,73,1.2167
DOMINICAN REP 5.875% 28.10.2035,USD,Dominican Republic,USP3579ECZ80,Sovereign,28.10.2035,BB,5.88,Semi-Annual,6.049959,,98.625,150’000,Dominican Republic,1’600’000’000,1’000,No,Yes,No,7,0.1142
DOMINICAN REP 5.75% 17.03.2034,USD,Dominican Republic,USP3579EDA21,Sovereign,17.03.2034,BB,5.75,Semi-Annual,5.98891,,98.375,150’000,Dominican Republic,1’250’000’000,1’000,No,Yes,No,78,1.2458
DOMINICAN REP 6% 19.07.2028,USD,Dominican Republic,USP3579ECB13,Sovereign,19.07.2028,BB,6.00,Semi-Annual,4.966572,,102.25,150’000,Dominican Republic,1’300’000’000,1’000,No,Yes,No,106,1.7667
BOLIVIA 4.5% 20.03.2028,USD,Estado Plurinacional de Bolivia,USP37878AC26,Sovereign,20.03.2028,CCC+,4.50,Semi-Annual,6.632211,,97.00,200’000,Bolivia,666’700’000,1’000,No,Yes,No,45,0.5625
BOLIVIA 7.5% 02.03.2030,USD,Estado Plurinacional de Bolivia,USP37878AE81,Sovereign,02.03.2030,CCC+,7.50,Semi-Annual,8.54636,,97.00,200’000,Bolivia,850’000’000,1’000,No,Yes,No,63,1.3125
NIGERIA 6.5% 28.11.2027,USD,FEDERAL REPUBLIC OF NIGERIA,XS1717011982,Sovereign,28.11.2027,B-,6.50,Semi-Annual,5.23055,,102.00,200’000,Nigeria,1’500’000’000,1’000,No,Yes,No,158,2.8528
NIGERIA 8.631% 13.01.2036,USD,FEDERAL REPUBLIC OF NIGERIA,XS3218072919,Sovereign,13.01.2036,B-,8.63,Semi-Annual,7.073688,,110.75,200’000,Nigeria,1’247’465’000,1’000,No,Yes,No,173,4.1476
NIGERIA 7.875% 16.02.2032,USD,FEDERAL REPUBLIC OF NIGERIA,XS1566179039,Sovereign,16.02.2032,B-,7.88,Semi-Annual,6.504149,,106.375,200’000,Nigeria,1’500’000’000,1’000,No,Yes,No,80,1.75
NIGERIA 6.125% 28.09.2028,USD,FEDERAL REPUBLIC OF NIGERIA,XS2384698994,Sovereign,28.09.2028,B-,6.13,Semi-Annual,5.445263,,101.50,200’000,Nigeria,1’250’000’000,1’000,No,Yes,No,38,0.6465
NIGERIA 7.375% 28.09.2033,USD,FEDERAL REPUBLIC OF NIGERIA,XS2384701020,Sovereign,28.09.2033,B-,7.38,Semi-Annual,6.763907,,103.25,200’000,Nigeria,1’500’000’000,1’000,No,Yes,No,38,0.7785
NIGERIA 7.143% 23.02.2030,USD,FEDERAL REPUBLIC OF NIGERIA,XS1777972511,Sovereign,23.02.2030,B-,7.14,Semi-Annual,5.874298,,104.25,200’000,Nigeria,1’250’000’000,1’000,No,Yes,No,73,1.4484
NIGERIA 8.375% 24.03.2029,USD,FEDERAL REPUBLIC OF NIGERIA,XS2445169985,Sovereign,24.03.2029,B-,8.38,Semi-Annual,5.34078,,108.00,200’000,Nigeria,1’250’000’000,1’000,No,Yes,No,42,0.9771
NIGERIA 9.625% 09.06.2031,USD,FEDERAL REPUBLIC OF NIGERIA,XS2948511949,Sovereign,09.06.2031,B-,9.63,Semi-Annual,6.414208,,113.75,200’000,Nigeria,700’000’000,1’000,No,Yes,No,147,3.9302
NIGERIA 8.747% 21.01.2031,USD,FEDERAL REPUBLIC OF NIGERIA,XS1910827887,Sovereign,21.01.2031,B-,8.75,Semi-Annual,6.404892,,109.50,200’000,Nigeria,1’000’000’000,1’000,No,Yes,No,105,2.5512
NIGERIA 10.375% 09.12.2034,USD,FEDERAL REPUBLIC OF NIGERIA,XS2948512913,Sovereign,09.12.2034,B-,10.38,Semi-Annual,7.087309,,120.875,200’000,Nigeria,1’500’000’000,1’000,No,Yes,No,147,4.2365
AUSTRIA 0.5% 20.04.2027,EUR,Federal Chancellery of Austria,AT0000A1VGK0,Sovereign,20.04.2027,AA+,0.50,Annual,2.493323,,98.04,1’000,Austria,15’799’028’000,1’000,No,Yes,Yes,16,0.0219
AUSTRIA 3.825% 16.03.2035,EUR,Federal Chancellery of Austria,XS3241239030,Sovereign,16.03.2035,AA+,3.83,Annual,3.351969,,103.143,100’000,Austria,600’000’000,100’000,No,Yes,No,51,0.5345
AUSTRIA 0% 20.02.2031,EUR,Federal Chancellery of Austria,AT0000A2NW83,Sovereign,20.02.2031,AA+,0.00,Annual,2.839775,,87.23,1’000,Austria,17’949’236’000,1’000,No,Yes,Yes,75,0.00
AUSTRIA 0.75% 20.02.2028,EUR,Federal Chancellery of Austria,AT0000A1ZGE4,Sovereign,20.02.2028,AA+,0.75,Annual,2.60557,,96.67,1’000,Austria,14’399’317’000,1’000,No,Yes,Yes,75,0.1541
AUSTRIA 0% 30.07.2026,EUR,Federal Chancellery of Austria,AT0000A3QTP8,Sovereign,30.07.2026,NA,0.00,,2.045654,,99.523,100,Austria,2’000’000’000,100,No,Yes,Yes,97,0.00
AUSTRIA 2.9% 20.02.2033,EUR,Federal Chancellery of Austria,AT0000A324S8,Sovereign,20.02.2033,AA+,2.90,Annual,3.025498,,98.96,1’000,Austria,18’922’283’000,1’000,No,Yes,Yes,75,0.5959
AUSTRIA 4% 13.04.2035,EUR,Federal Chancellery of Austria,XS3241239543,Sovereign,13.04.2035,AA+,4.00,Annual,3.337036,,104.558,100’000,Austria,500’000’000,100’000,No,Yes,No,23,0.2521
AUSTRIA 3.445% 02.03.2035,EUR,Federal Chancellery of Austria,XS3241239972,Sovereign,02.03.2035,AA+,3.45,Annual,3.351913,,100.276,100’000,Austria,250’000’000,100’000,No,Yes,No,65,0.6135
AUSTRIA 2.4% 23.05.2034,EUR,Federal Chancellery of Austria,AT0000A10683,Sovereign,23.05.2034,AA+,2.40,Annual,3.126406,,94.64,1’000,Austria,10’429’919’000,1’000,No,Yes,Yes,348,2.2882
AUSTRIA 2.8% 20.09.2032,EUR,Federal Chancellery of Austria,AT0000A3NY15,Sovereign,20.09.2032,AA+,2.80,Annual,2.95749,,98.771,100,Austria,5’202’500’000,100,No,Yes,Yes,246,1.8871
AUSTRIA 6.25% 15.07.2027,EUR,Federal Chancellery of Austria,AT0000383864,Sovereign,15.07.2027,AA+,6.25,Annual,2.573285,,104.128,0,Austria,9’899’531’002,0,No,Yes,Yes,295,5.0514
AUSTRIA 0% 20.02.2030,EUR,Federal Chancellery of Austria,AT0000A2CQD2,Sovereign,20.02.2030,AA+,0.00,Annual,2.747466,,89.98,1’000,Austria,14’733’848’000,1’000,No,Yes,Yes,75,0.00
AUSTRIA 2% 15.07.2026,EUR,Federal Chancellery of Austria,AT0000A308C5,Sovereign,15.07.2026,AA+,2.00,Annual,2.024752,,99.98,1’000,Austria,4’885’124’000,1’000,No,Yes,Yes,295,1.6164
AUSTRIA 0% 28.05.2026,EUR,Federal Chancellery of Austria,AT0000A3QTQ6,Sovereign,28.05.2026,NA,0.00,,1.900955,,99.884,100,Austria,2’250’000’000,100,No,Yes,Yes,69,0.00
AUSTRIA 2.9% 20.02.2034,EUR,Federal Chancellery of Austria,AT0000A39UW5,Sovereign,20.02.2034,AA+,2.90,Annual,3.116216,,98.244,100,Austria,13’796’803’700,100,No,Yes,Yes,75,0.5959
AUSTRIA 3.56% 19.10.2029,EUR,Federal Chancellery of Austria,XS0749005186,Sovereign,19.10.2029,AA+,3.56,Annual,2.97425,,101.675,100’000,Austria,109’000’000,100’000,No,Yes,No,199,1.9409
AUSTRIA 3.91% 05.04.2035,EUR,Federal Chancellery of Austria,XS3241238149,Sovereign,05.04.2035,AA+,3.91,Annual,3.351875,,103.806,100’000,Austria,750’000’000,100’000,No,Yes,No,31,0.3321
AUSTRIA 0% 14.01.2032,EUR,Federal Chancellery of Austria,XS1627601906,Sovereign,14.01.2032,NA,0.00,,2.979302,,84.422,1,Austria,1’108’322’805,1,No,Yes,No,112,0.00
AUSTRIA 2.5% 20.10.2029,EUR,Federal Chancellery of Austria,AT0000A3EPP2,Sovereign,20.10.2029,AA+,2.50,Annual,2.729024,,99.033,100,Austria,8’975’000’000,100,No,Yes,Yes,198,1.3562
AUSTRIA 0% 30.06.2027,EUR,Federal Chancellery of Austria,XS2648467145,Sovereign,30.06.2027,AA+,0.00,,2.852773,,96.721,1,Austria,107’320’000,1,No,Yes,No,310,0.00
AUSTRIA 0.9% 20.02.2032,EUR,Federal Chancellery of Austria,AT0000A2WSC8,Sovereign,20.02.2032,AA+,0.90,Annual,2.931952,,89.07,1’000,Austria,13’974’429’000,1’000,No,Yes,Yes,75,0.1849
AUSTRIA 0.5% 20.02.2029,EUR,Federal Chancellery of Austria,AT0000A269M8,Sovereign,20.02.2029,AA+,0.50,Annual,2.66103,,94.07,1’000,Austria,15’741’577’000,1’000,No,Yes,Yes,75,0.1027
AUSTRIA 0% 24.09.2026,EUR,Federal Chancellery of Austria,AT0000A3QTR4,Sovereign,24.09.2026,NA,0.00,,2.174004,,99.135,100,Austria,1’750’000’000,100,No,Yes,Yes,41,0.00
AUSTRIA 0.75% 20.10.2026,EUR,Federal Chancellery of Austria,AT0000A1K9C8,Sovereign,20.10.2026,AA+,0.75,Annual,2.239873,,99.287,1’000,Austria,16’955’895’000,1’000,No,Yes,Yes,198,0.4068
AUSTRIA 4% 11.05.2035,EUR,Federal Chancellery of Austria,XS3241239386,Sovereign,11.05.2035,AA+,4.00,Annual,3.351936,,104.535,100’000,Austria,50’000’000,100’000,No,Yes,No,360,3.9452
AUSTRIA 5.375% 01.12.2034,CAD,Federal Chancellery of Austria,US052591AS38,Sovereign,01.12.2034,AA+,5.38,Semi-Annual,4.156,,108.716,1’000,Austria,300’000’000,1’000,No,Yes,No,155,2.2888
AUSTRIA 3.45% 20.10.2030,EUR,Federal Chancellery of Austria,AT0000A38239,Sovereign,20.10.2030,AA+,3.45,Annual,2.794936,,102.374,100,Austria,12’762’038’300,100,No,Yes,Yes,198,1.8715
AUSTRIA 0% 29.10.2026,EUR,Federal Chancellery of Austria,AT0000A3TF04,Sovereign,29.10.2026,NA,0.00,,2.242519,,98.88,100,Austria,1’000’000’000,100,No,Yes,Yes,6,0.00
AUSTRIA 3.2% 20.02.2036,EUR,Federal Chancellery of Austria,AT0000A3RVH9,Sovereign,20.02.2036,AA+,3.20,Annual,3.289007,,98.716,100,Austria,8’059’643’600,100,No,Yes,Yes,98,0.8592
AUSTRIA 2.9% 23.05.2029,EUR,Federal Chancellery of Austria,AT0000A33SH3,Sovereign,23.05.2029,AA+,2.90,Annual,2.617537,,100.62,1’000,Austria,7’815’324’000,1’000,No,Yes,Yes,348,2.7649
AUSTRIA 0% 20.10.2028,EUR,Federal Chancellery of Austria,AT0000A2VB47,Sovereign,20.10.2028,AA+,0.00,Annual,2.649116,,93.625,1’000,Austria,11’766’213’000,1’000,No,Yes,Yes,198,0.00
BRAZIL 3.75% 12.09.2031,USD,Federative Republic of Brazil,US105756CE88,Sovereign,12.09.2031,BB,3.75,Semi-Annual,5.153931,,93.375,200’000,Brazil,1’500’000’000,1’000,No,Yes,No,53,0.5521
BRAZIL 5.5% 04.02.2033,USD,Federative Republic of Brazil,US105756CP36,Sovereign,04.02.2033,BB,5.50,Semi-Annual,5.585283,,99.50,200’000,Brazil,1’500’000’000,1’000,No,Yes,No,171,2.6125
BRAZIL 6.25% 18.03.2031,USD,Federative Republic of Brazil,US105756CG37,Sovereign,18.03.2031,BB,6.25,Semi-Annual,4.991226,,105.125,200’000,Brazil,2’000’000’000,1’000,No,Yes,No,47,0.816
BRAZIL 5.5% 06.11.2030,USD,Federative Republic of Brazil,US105756CM05,Sovereign,06.11.2030,BB,5.50,Semi-Annual,4.874865,,102.50,200’000,Brazil,2’250’000’000,1’000,No,Yes,No,179,2.7347
BRAZIL 8.25% 20.01.2034,USD,Federative Republic of Brazil,US105756BB58,Sovereign,20.01.2034,BB,8.25,Semi-Annual,5.565944,,116.50,1’000,Brazil,1’369’310’000,1’000,No,Yes,No,105,2.4063
BRAZIL 6% 20.10.2033,USD,Federative Republic of Brazil,US105756CF53,Sovereign,20.10.2033,BB,6.00,Semi-Annual,5.687487,,101.75,200’000,Brazil,2’250’000’000,1’000,No,Yes,No,15,0.25
BRAZIL 3.875% 12.06.2030,USD,Federative Republic of Brazil,US105756CC23,Sovereign,12.06.2030,BB,3.88,Semi-Annual,4.755271,,96.50,200’000,Brazil,3’500’000’000,1’000,No,Yes,No,143,1.5392
BRAZIL 4.625% 13.01.2028,USD,Federative Republic of Brazil,US105756BZ27,Sovereign,13.01.2028,BB,4.63,Semi-Annual,4.083013,,100.75,200’000,Brazil,3’000’000’000,1’000,No,Yes,No,112,1.4389
BRAZIL 6.125% 15.03.2034,USD,Federative Republic of Brazil,US105756CH10,Sovereign,15.03.2034,BB,6.13,Semi-Annual,5.763631,,102.125,200’000,Brazil,2’250’000’000,1’000,No,Yes,No,50,0.8507
BRAZIL 4.875% 23.04.2033,EUR,Federative Republic of Brazil,XS3344411643,Sovereign,23.04.2033,BB,4.88,Annual,4.902001,,100.095,100’000,Brazil,1’500’000’000,1’000,No,Yes,No,13,0.1736
BRAZIL 6.125% 22.01.2032,USD,Federative Republic of Brazil,US105756CK49,Sovereign,22.01.2032,BB,6.13,Semi-Annual,5.327432,,103.75,200’000,Brazil,2’000’000’000,1’000,No,Yes,No,103,1.7524
BRAZIL 5.5% 23.04.2036,EUR,Federative Republic of Brazil,XS3344411726,Sovereign,23.04.2036,BB,5.50,Annual,5.373167,,101.089,100’000,Brazil,1’500’000’000,1’000,No,Yes,No,13,0.1959
BRAZIL 10.25% 10.01.2028,BRL,Federative Republic of Brazil,US105756BN96,Sovereign,10.01.2028,BB,10.25,Semi-Annual,10.45232,,99.51,250’000,Brazil,4’764’785’000,1’000,No,Yes,No,115,3.2743
BRAZIL 12.25% 06.03.2030,USD,Federative Republic of Brazil,US105756AL40,Sovereign,06.03.2030,BB,12.25,Semi-Annual,4.34927,,127.25,1’000,Brazil,237’592’000,1’000,No,No,No,59,2.0076
BRAZIL 4.5% 30.05.2029,USD,Federative Republic of Brazil,US105756CA66,Sovereign,30.05.2029,BB,4.50,Semi-Annual,4.405507,,100.625,200’000,Brazil,2’000’000’000,1’000,No,Yes,No,155,1.9375
BRAZIL 4% 23.04.2030,EUR,Federative Republic of Brazil,XS3344411486,Sovereign,23.04.2030,BB,4.00,Annual,4.024657,,100.008,100’000,Brazil,2’000’000’000,1’000,No,Yes,No,13,0.1425
BRAZIL 6.625% 15.03.2035,USD,Federative Republic of Brazil,US105756CL22,Sovereign,15.03.2035,BB,6.63,Semi-Annual,5.962456,,104.375,200’000,Brazil,4’500’000’000,1’000,No,Yes,No,50,0.9201
BRAZIL 10.125% 15.05.2027,USD,Federative Republic of Brazil,US105756AE07,Sovereign,15.05.2027,BB,10.13,Semi-Annual,3.981048,,106.375,1’000,Brazil,765’023’000,1’000,No,Yes,No,170,4.7813
PANAMA 6.875% 31.01.2036,USD,GOBIERNO DE LA REPUBLICA DE PANAMA,US698299BW36,Sovereign,31.01.2036,BBB-,6.88,Semi-Annual,5.43076,,110.4669,200’000,Panama,1’000’000’000,1’000,No,Yes,No,95,1.8142
PANAMA 3.362% 30.06.2031,USD,GOBIERNO DE LA REPUBLICA DE PANAMA,USP90603AP97,Sovereign,30.06.2031,BBB-,3.36,Semi-Annual,5.204649,,92.1383,1’000,Panama,1’250’000’000,1’000,No,Yes,No,125,1.1674
PANAMA 8.125% 28.04.2034,USD,GOBIERNO DE LA REPUBLICA DE PANAMA,US698299AT16,Sovereign,28.04.2034,BBB-,8.13,Semi-Annual,6.039899,,113.0486,1’000,Panama,84’479’000,1’000,No,Yes,No,7,0.158
PANAMA 7.5% 01.03.2031,USD,GOBIERNO DE LA REPUBLICA DE PANAMA,US698299BX19,Sovereign,01.03.2031,BBB-,7.50,Semi-Annual,4.542226,,112.1653,200’000,Panama,389’135’000,1’000,No,Yes,No,64,1.3333
PANAMA 6.7% 26.01.2036,USD,GOBIERNO DE LA REPUBLICA DE PANAMA,US698299AW45,Sovereign,26.01.2036,BBB-,6.70,Semi-Annual,5.331229,,109.9972,1’000,Panama,2’033’893’000,1’000,No,Yes,No,99,1.8425
PANAMA 9.375% 01.04.2029,USD,GOBIERNO DE LA REPUBLICA DE PANAMA,US698299AK07,Sovereign,01.04.2029,BBB-,9.38,Semi-Annual,4.388318,,113.3318,1’000,Panama,407’335’000,1’000,No,Yes,No,34,0.8854
PANAMA 6.4% 14.02.2035,USD,GOBIERNO DE LA REPUBLICA DE PANAMA,US698299BT07,Sovereign,14.02.2035,BBB-,6.40,Semi-Annual,5.33097,,107.244,200’000,Panama,2’300’000’000,1’000,No,Yes,No,81,1.44
PANAMA 8.875% 30.09.2027,USD,GOBIERNO DE LA REPUBLICA DE PANAMA,US698299AD63,Sovereign,30.09.2027,BBB-,8.88,Semi-Annual,4.211457,,106.1557,1’000,Panama,975’000’000,1’000,No,Yes,No,35,0.8628
PANAMA 3.298% 19.01.2033,USD,GOBIERNO DE LA REPUBLICA DE PANAMA,US698299BR41,Sovereign,19.01.2033,BBB-,3.30,Semi-Annual,5.026233,,90.1335,200’000,Panama,1’000’000’000,1’000,No,Yes,No,106,0.9711
PANAMA 3.16% 23.01.2030,USD,GOBIERNO DE LA REPUBLICA DE PANAMA,US698299BK97,Sovereign,23.01.2030,BBB-,3.16,Semi-Annual,4.526932,,95.2418,200’000,Panama,1’550’000’000,1’000,No,Yes,No,102,0.8953
PANAMA 5.227% 23.02.2034,USD,GOBIERNO DE LA REPUBLICA DE PANAMA,US698299CB89,Sovereign,23.02.2034,BBB-,5.23,Semi-Annual,5.204843,,100.125,200’000,Panama,1’490’000’000,1’000,No,Yes,No,72,1.0454
PANAMA 3.875% 17.03.2028,USD,GOBIERNO DE LA REPUBLICA DE PANAMA,US698299BF03,Sovereign,17.03.2028,BBB-,3.88,Semi-Annual,4.347773,,99.0315,200’000,Panama,1’253’988’000,1’000,No,Yes,No,48,0.5167
PANAMA 2.252% 29.09.2032,USD,GOBIERNO DE LA REPUBLICA DE PANAMA,US698299BN37,Sovereign,29.09.2032,BBB-,2.25,Semi-Annual,4.992735,,85.1402,200’000,Panama,2’500’000’000,1’000,No,Yes,No,36,0.2252
BERMUDA 2.375% 20.08.2030,USD,GOVERNMENT OF BERMUDA,USG10367AE36,Sovereign,20.08.2030,A+,2.38,Semi-Annual,4.7638,,90.7931,200’000,Bermuda,675’000’000,1’000,No,Yes,No,75,0.4948
BERMUDA 5% 15.07.2032,USD,GOVERNMENT OF BERMUDA,USG10367AH66,Sovereign,15.07.2032,A+,5.00,Semi-Annual,4.83328,,101.0868,200’000,Bermuda,890’000’000,1’000,No,Yes,No,115,1.59722
BERMUDA 3.717% 25.01.2027,USD,GOVERNMENT OF BERMUDA,USG10367AD52,Sovereign,25.01.2027,A+,3.72,Semi-Annual,3.124966,,100.61,200’000,Bermuda,604’624’000,1’000,No,Yes,No,100,1.0325
BERMUDA 4.75% 15.02.2029,USD,GOVERNMENT OF BERMUDA,USG10367AF01,Sovereign,15.02.2029,A+,4.75,Semi-Annual,4.593828,,100.4269,200’000,Bermuda,449’268’000,1’000,No,Yes,No,80,1.0556
GERMANY 2.4% 15.11.2030,EUR,"Germany, Federal Republic of (Government)",DE000BU27006,Sovereign,15.11.2030,NA,2.40,Annual,2.714061,,98.424,0,Germany,28’000’000’000,0,No,Yes,Yes,172,1.131
GERMANY 2.9% 18.06.2026,EUR,"Germany, Federal Republic of (Government)",DE000BU22056,Sovereign,18.06.2026,NA,2.90,Annual,2.126967,,100.083,0,Germany,19’000’000’000,0,No,Yes,Yes,322,2.5584
GERMANY 2.3% 15.02.2033,EUR,"Germany, Federal Republic of (Government)",DE000BU3Z005,Sovereign,15.02.2033,NA,2.30,Annual,2.834711,,96.436,0,Germany,13’000’000’000,0,No,Yes,Yes,80,0.5041
GERMANY 2.2% 11.03.2027,EUR,"Germany, Federal Republic of (Government)",DE000BU22080,Sovereign,11.03.2027,NA,2.20,Annual,2.468305,,99.69,0,Germany,18’500’000’000,0,No,Yes,Yes,56,0.3375
GERMANY 4.75% 04.07.2034,EUR,"Germany, Federal Republic of (Government)",DE0001135226,Sovereign,04.07.2034,NR,4.75,Annual,2.895183,,112.937,0,Germany,24’500’000’000,0,No,Yes,Yes,306,3.9822
GERMANY 2.5% 15.02.2035,EUR,"Germany, Federal Republic of (Government)",DE000BU3Z047,Sovereign,15.02.2035,NA,2.50,Annual,2.958315,,96.119,0,Germany,8’000’000’000,0,No,Yes,Yes,80,0.5479
GERMANY 0% 16.09.2026,EUR,"Germany, Federal Republic of (Government)",DE000BU0E337,Sovereign,16.09.2026,NA,0.00,,2.042018,,99.215,0,Germany,12’000’000’000,0,No,Yes,Yes,231,0.00
GERMANY 2.1% 15.03.2028,EUR,"Germany, Federal Republic of (Government)",DE000BU22122,Sovereign,15.03.2028,NA,2.10,Annual,2.605233,,98.919,0,Germany,22’000’000’000,0,No,Yes,Yes,97,0.5581
GERMANY 0% 15.05.2035,EUR,"Germany, Federal Republic of (Government)",DE0001102515,Sovereign,15.05.2035,NA,0.00,Annual,2.990789,,76.334,0,Germany,23’750’000’000,0,No,Yes,Yes,356,0.00
GERMANY 0% 15.11.2026,EUR,"Germany, Federal Republic of (Government)",DE0003811774,Sovereign,15.11.2026,NA,0.00,,3.759507,,98.043,0,Germany,252’000’000,0,No,Yes,Yes,171,0.00
GERMANY 0% 17.02.2027,EUR,"Germany, Federal Republic of (Government)",DE000BU0E386,Sovereign,17.02.2027,NA,0.00,,2.365804,,98.061,0,Germany,5’000’000’000,0,No,Yes,Yes,77,0.00
GERMANY 0% 13.05.2026,EUR,"Germany, Federal Republic of (Government)",DE000BU0E295,Sovereign,13.05.2026,NA,0.00,,1.74063,,99.966,0,Germany,11’000’000’000,0,No,Yes,Yes,357,0.00
GERMANY 0% 14.10.2026,EUR,"Germany, Federal Republic of (Government)",DE000BU0E345,Sovereign,14.10.2026,NA,0.00,,2.124265,,99.02,0,Germany,8’500’000’000,0,No,Yes,Yes,203,0.00
GERMANY 0% 15.11.2028,EUR,"Germany, Federal Republic of (Government)",DE0001102556,Sovereign,15.11.2028,NA,0.00,Annual,2.585273,,93.59,0,Germany,27’000’000’000,0,No,Yes,Yes,172,0.00
GERMANY 0.25% 15.08.2028,EUR,"Germany, Federal Republic of (Government)",DE0001102457,Sovereign,15.08.2028,NA,0.25,Annual,2.590674,,94.74,0,Germany,28’500’000’000,0,No,Yes,Yes,264,0.1808
GERMANY 0% 17.06.2026,EUR,"Germany, Federal Republic of (Government)",DE000BU0E303,Sovereign,17.06.2026,NA,0.00,,1.724933,,99.781,0,Germany,13’500’000’000,0,No,Yes,Yes,322,0.00
GERMANY 4.75% 04.07.2028,EUR,"Germany, Federal Republic of (Government)",DE0001135085,Sovereign,04.07.2028,NR,4.75,Annual,2.550924,,104.397,0,Germany,13’750’000’000,0,No,Yes,Yes,306,3.9822
GERMANY 0% 15.08.2030,EUR,"Germany, Federal Republic of (Government)",DE0001030708,Sovereign,15.08.2030,NA,0.00,Annual,2.648181,,89.205,0,Germany,11’000’000’000,0,No,Yes,Yes,264,0.00
GERMANY 0% 15.08.2026,EUR,"Germany, Federal Republic of (Government)",DE0001102408,Sovereign,15.08.2026,NA,0.00,Annual,2.175352,,99.389,0,Germany,32’500’000’000,0,No,Yes,Yes,264,0.00
GERMANY 0% 14.04.2027,EUR,"Germany, Federal Republic of (Government)",DE000BU0E402,Sovereign,14.04.2027,NA,0.00,,2.377895,,97.69,0,Germany,3’000’000’000,0,No,Yes,Yes,21,0.00
GERMANY 2.5% 16.04.2031,EUR,"Germany, Federal Republic of (Government)",DE000BU25067,Sovereign,16.04.2031,NA,2.50,Annual,2.720541,,98.619,0,Germany,26’000’000’000,0,No,Yes,Yes,111,0.7603
GERMANY 0% 15.11.2027,EUR,"Germany, Federal Republic of (Government)",DE0003811782,Sovereign,15.11.2027,NA,0.00,,2.089495,,96.792,0,Germany,252’000’000,0,No,Yes,Yes,171,0.00
GERMANY 0% 15.11.2028,EUR,"Germany, Federal Republic of (Government)",DE0003811790,Sovereign,15.11.2028,NA,0.00,,2.959013,,92.783,0,Germany,252’000’000,0,No,Yes,Yes,171,0.00
GERMANY 5.5% 04.01.2031,EUR,"Germany, Federal Republic of (Government)",DE0001135176,Sovereign,04.01.2031,NR,5.50,Annual,2.684078,,111.937,0,Germany,21’500’000’000,0,No,Yes,Yes,122,1.8384
GERMANY 2.1% 15.11.2029,EUR,"Germany, Federal Republic of (Government)",DE0001102622,Sovereign,15.11.2029,NA,2.10,Annual,2.672438,,97.887,0,Germany,26’000’000’000,0,No,Yes,Yes,172,0.9896
GERMANY 2.7% 17.09.2026,EUR,"Germany, Federal Republic of (Government)",DE000BU22064,Sovereign,17.09.2026,NA,2.70,Annual,2.213426,,100.14,0,Germany,19’000’000’000,0,No,Yes,Yes,231,1.7088
GERMANY 2% 10.12.2026,EUR,"Germany, Federal Republic of (Government)",DE000BU22072,Sovereign,10.12.2026,NA,2.00,Annual,2.363264,,99.74,0,Germany,19’000’000’000,0,No,Yes,Yes,147,0.8055
GERMANY 0% 17.03.2027,EUR,"Germany, Federal Republic of (Government)",DE000BU0E394,Sovereign,17.03.2027,NA,0.00,,2.341346,,97.899,0,Germany,5’000’000’000,0,No,Yes,Yes,49,0.00
GERMANY 1.7% 15.08.2032,EUR,"Germany, Federal Republic of (Government)",DE0001102606,Sovereign,15.08.2032,NA,1.70,Annual,2.788654,,93.517,0,Germany,28’000’000’000,0,No,Yes,Yes,264,1.2296
GERMANY 6.25% 04.01.2030,EUR,"Germany, Federal Republic of (Government)",DE0001135143,Sovereign,04.01.2030,NR,6.25,Annual,2.640652,,112.226,0,Germany,11’750’000’000,0,No,Yes,Yes,122,2.089
GERMANY 2.1% 12.04.2029,EUR,"Germany, Federal Republic of (Government)",DE000BU25026,Sovereign,12.04.2029,NA,2.10,Annual,2.639957,,98.312,0,Germany,25’000’000’000,0,No,Yes,Yes,24,0.1381
GERMANY 1.3% 15.10.2027,EUR,"Germany, Federal Republic of (Government)",DE0001030740,Sovereign,15.10.2027,NA,1.30,Annual,2.539454,,98.136,0,Germany,9’750’000’000,0,No,Yes,Yes,203,0.723
GERMANY 0% 15.11.2029,EUR,"Germany, Federal Republic of (Government)",DE0003811808,Sovereign,15.11.2029,NA,0.00,,2.560099,,91.328,0,Germany,252’000’000,0,No,Yes,Yes,171,0.00
GERMANY 0% 15.07.2026,EUR,"Germany, Federal Republic of (Government)",DE000BU0E311,Sovereign,15.07.2026,NA,0.00,,1.865468,,99.638,0,Germany,13’500’000’000,0,No,Yes,Yes,294,0.00
GERMANY 0% 15.08.2029,EUR,"Germany, Federal Republic of (Government)",DE0001102473,Sovereign,15.08.2029,NA,0.00,Annual,2.627653,,91.668,0,Germany,29’500’000’000,0,No,Yes,Yes,264,0.00
GERMANY 0.5% 15.02.2028,EUR,"Germany, Federal Republic of (Government)",DE0001102440,Sovereign,15.02.2028,NA,0.50,Annual,2.58644,,96.282,0,Germany,28’500’000’000,0,No,Yes,Yes,80,0.1096
GERMANY 0.25% 15.02.2029,EUR,"Germany, Federal Republic of (Government)",DE0001102465,Sovereign,15.02.2029,NA,0.25,Annual,2.600946,,93.613,0,Germany,29’500’000’000,0,No,Yes,Yes,80,0.0548
GERMANY 0% 15.02.2031,EUR,"Germany, Federal Republic of (Government)",DE0001102531,Sovereign,15.02.2031,NA,0.00,Annual,2.693161,,87.835,0,Germany,28’000’000’000,0,No,Yes,Yes,80,0.00
GERMANY 2.4% 18.04.2030,EUR,"Germany, Federal Republic of (Government)",DE000BU25042,Sovereign,18.04.2030,NA,2.40,Annual,2.693664,,98.673,0,Germany,32’000’000’000,0,No,Yes,Yes,18,0.1184
GERMANY 0% 15.02.2030,EUR,"Germany, Federal Republic of (Government)",DE0001102499,Sovereign,15.02.2030,NA,0.00,Annual,2.667237,,90.316,0,Germany,28’000’000’000,0,No,Yes,Yes,80,0.00
GERMANY 1.3% 15.10.2027,EUR,"Germany, Federal Republic of (Government)",DE0001141869,Sovereign,15.10.2027,NA,1.30,Annual,2.571977,,98.098,0,Germany,30’000’000’000,0,No,Yes,Yes,203,0.723
GERMANY 6.5% 04.07.2027,EUR,"Germany, Federal Republic of (Government)",DE0001135044,Sovereign,04.07.2027,NR,6.50,Annual,2.515577,,104.395,0,Germany,13’750’000’000,0,No,Yes,Yes,306,5.4493
GERMANY 2.2% 15.02.2034,EUR,"Germany, Federal Republic of (Government)",DE000BU2Z023,Sovereign,15.02.2034,BBB-,2.20,Annual,2.917089,,94.739,0,Germany,35’000’000’000,0,No,Yes,Yes,80,0.4822
GERMANY 2.6% 15.08.2034,EUR,"Germany, Federal Republic of (Government)",DE000BU2Z031,Sovereign,15.08.2034,NA,2.60,Annual,2.9365,,97.192,0,Germany,35’000’000’000,0,No,Yes,Yes,264,1.8805
GERMANY 1.9% 16.09.2027,EUR,"Germany, Federal Republic of (Government)",DE000BU22106,Sovereign,16.09.2027,NA,1.90,Annual,2.59552,,98.957,0,Germany,19’000’000’000,0,No,Yes,Yes,293,1.5252
GERMANY 2.4% 19.10.2028,EUR,"Germany, Federal Republic of (Government)",DE000BU25018,Sovereign,19.10.2028,NA,2.40,Annual,2.617453,,99.307,0,Germany,29’500’000’000,0,No,Yes,Yes,199,1.3085
GERMANY 2.3% 15.02.2033,EUR,"Germany, Federal Republic of (Government)",DE000BU2Z007,Sovereign,15.02.2033,NA,2.30,Annual,2.844538,,96.365,0,Germany,38’250’000’000,0,No,Yes,Yes,80,0.5041
GERMANY 0% 19.08.2026,EUR,"Germany, Federal Republic of (Government)",DE000BU0E329,Sovereign,19.08.2026,NA,0.00,,1.998166,,99.388,0,Germany,11’500’000’000,0,No,Yes,Yes,259,0.00
GERMANY 2% 16.12.2027,EUR,"Germany, Federal Republic of (Government)",DE000BU22114,Sovereign,16.12.2027,NA,2.00,Annual,2.598614,,98.905,0,Germany,21’000’000’000,0,No,Yes,Yes,202,1.1068
GERMANY 0% 15.11.2027,EUR,"Germany, Federal Republic of (Government)",DE0001102523,Sovereign,15.11.2027,NA,0.00,Annual,2.552899,,96.095,0,Germany,22’000’000’000,0,No,Yes,Yes,172,0.00
GERMANY 2.5% 11.10.2029,EUR,"Germany, Federal Republic of (Government)",DE000BU25034,Sovereign,11.10.2029,NA,2.50,Annual,2.655508,,99.264,0,Germany,24’000’000’000,0,No,Yes,Yes,207,1.4178
GERMANY 2.2% 10.10.2030,EUR,"Germany, Federal Republic of (Government)",DE000BU25059,Sovereign,10.10.2030,NA,2.20,Annual,2.707153,,97.644,0,Germany,31’000’000’000,0,No,Yes,Yes,300,1.8082
GERMANY 0% 16.04.2027,EUR,"Germany, Federal Republic of (Government)",DE0001141851,Sovereign,16.04.2027,NA,0.00,Annual,2.509206,,97.597,0,Germany,22’000’000’000,0,No,Yes,Yes,20,0.00
GERMANY 2.5% 15.11.2032,EUR,"Germany, Federal Republic of (Government)",DE000BU27014,Sovereign,15.11.2032,NA,2.50,Annual,2.829695,,97.677,0,Germany,19’000’000’000,0,No,Yes,Yes,250,1.7123
GERMANY 0% 15.08.2031,EUR,"Germany, Federal Republic of (Government)",DE0001102564,Sovereign,15.08.2031,NA,0.00,Annual,2.731633,,86.514,0,Germany,32’000’000’000,0,No,Yes,Yes,264,0.00
GERMANY 1.7% 10.06.2027,EUR,"Germany, Federal Republic of (Government)",DE000BU22098,Sovereign,10.06.2027,NA,1.70,Annual,2.570958,,98.969,0,Germany,18’000’000’000,0,No,Yes,Yes,377,1.7559
GERMANY 0.25% 15.02.2027,EUR,"Germany, Federal Republic of (Government)",DE0001102416,Sovereign,15.02.2027,NA,0.25,Annual,2.414601,,98.264,0,Germany,30’500’000’000,0,No,Yes,Yes,80,0.0548
GERMANY 2.6% 15.08.2033,EUR,"Germany, Federal Republic of (Government)",DE000BU2Z015,Sovereign,15.08.2033,NA,2.60,Annual,2.878377,,97.865,0,Germany,30’500’000’000,0,No,Yes,Yes,264,1.8805
GERMANY 2.5% 15.02.2035,EUR,"Germany, Federal Republic of (Government)",DE000BU2Z049,Sovereign,15.02.2035,NA,2.50,Annual,2.961395,,96.079,0,Germany,35’000’000’000,0,No,Yes,Yes,80,0.5479
GERMANY 0% 09.10.2026,EUR,"Germany, Federal Republic of (Government)",DE0001141844,Sovereign,09.10.2026,NA,0.00,Annual,2.278711,,99.012,0,Germany,24’000’000’000,0,No,Yes,Yes,209,0.00
GERMANY 2.2% 13.04.2028,EUR,"Germany, Federal Republic of (Government)",DE000BU25000,Sovereign,13.04.2028,NA,2.20,Annual,2.611645,,99.077,0,Germany,25’000’000’000,0,No,Yes,Yes,23,0.1386
GERMANY 2.5% 14.06.2028,EUR,"Germany, Federal Republic of (Government)",DE000BU22130,Sovereign,14.06.2028,NA,2.50,Annual,2.620695,,99.56,0,Germany,6’000’000’000,0,No,Yes,Yes,13,0.089
GERMANY 0% 15.08.2030,EUR,"Germany, Federal Republic of (Government)",DE0001102507,Sovereign,15.08.2030,NA,0.00,Annual,2.672558,,89.109,0,Germany,33’500’000’000,0,No,Yes,Yes,264,0.00
GERMANY 2.9% 15.02.2036,EUR,"Germany, Federal Republic of (Government)",DE000BU2Z064,Sovereign,15.02.2036,NA,2.90,Annual,3.024007,,98.471,0,Germany,32’500’000’000,0,No,Yes,Yes,117,0.9296
GERMANY 0% 15.08.2031,EUR,"Germany, Federal Republic of (Government)",DE0001030732,Sovereign,15.08.2031,NA,0.00,Annual,2.710673,,86.617,0,Germany,9’500’000’000,0,No,Yes,Yes,264,0.00
GERMANY 0% 15.02.2029,EUR,"Germany, Federal Republic of (Government)",DE0001142867,Sovereign,15.02.2029,NA,0.00,,2.622542,,92.902,0,Germany,45’000’000,0,No,Yes,Yes,81,0.00
GERMANY 0.5% 15.08.2027,EUR,"Germany, Federal Republic of (Government)",DE0001102424,Sovereign,15.08.2027,NA,0.50,Annual,2.562488,,97.35,0,Germany,32’500’000’000,0,No,Yes,Yes,264,0.3616
GERMANY 0% 15.02.2032,EUR,"Germany, Federal Republic of (Government)",DE0001102580,Sovereign,15.02.2032,NA,0.00,Annual,2.760701,,85.188,0,Germany,31’000’000’000,0,No,Yes,Yes,80,0.00
GERMANY 0% 18.11.2026,EUR,"Germany, Federal Republic of (Government)",DE000BU0E352,Sovereign,18.11.2026,NA,0.00,,2.181327,,98.778,0,Germany,6’500’000’000,0,No,Yes,Yes,168,0.00
GERMANY 0% 13.01.2027,EUR,"Germany, Federal Republic of (Government)",DE000BU0E360,Sovereign,13.01.2027,NA,0.00,,2.278389,,98.355,0,Germany,8’000’000’000,0,No,Yes,Yes,112,0.00
GERMANY 2.6% 15.08.2035,EUR,"Germany, Federal Republic of (Government)",DE000BU2Z056,Sovereign,15.08.2035,NA,2.60,Annual,2.9876,,96.477,0,Germany,33’500’000’000,0,No,Yes,Yes,306,2.1797
GERMANY 2.1% 12.04.2029,EUR,"Germany, Federal Republic of (Government)",DE000BU35025,Sovereign,12.04.2029,NA,2.10,Annual,2.61916,,98.367,0,Germany,6’500’000’000,0,No,Yes,Yes,24,0.1381
GERMANY 5.625% 04.01.2028,EUR,"Germany, Federal Republic of (Government)",DE0001135069,Sovereign,04.01.2028,NR,5.63,Annual,2.562914,,104.77,0,Germany,17’000’000’000,0,No,Yes,Yes,122,1.8801
GERMANY 0% 09.12.2026,EUR,"Germany, Federal Republic of (Government)",DE000BU0E378,Sovereign,09.12.2026,NA,0.00,,2.262674,,98.613,0,Germany,5’000’000’000,0,No,Yes,Yes,105,0.00
ARUBA 6.5% 31.01.2029,USD,Government of Aruba,XS1860989869,Sovereign,31.01.2029,NA,6.50,Semi-Annual,5.916929,,101.291,100’000,Aruba,125’000’000,1’000,No,Yes,No,96,1.7333
MONGOLIA 4.45% 07.07.2031,USD,Government of Mongolia,USY6142NAE86,Sovereign,07.07.2031,BB-,4.45,Semi-Annual,5.720104,,94.25,200’000,Mongolia,500’000’000,1’000,No,Yes,No,118,1.4586
MONGOLIA 7.875% 05.06.2029,USD,Government of Mongolia,USY6142NAH18,Sovereign,05.06.2029,BB-,7.88,Semi-Annual,5.506744,,106.625,200’000,Mongolia,350’000’000,1’000,No,Yes,No,150,3.2813
MONGOLIA 8.65% 19.01.2028,USD,Government of Mongolia,USY6142NAG35,Sovereign,19.01.2028,BB-,8.65,Semi-Annual,4.856827,,106.25,200’000,Mongolia,220’123’000,1’000,No,Yes,No,106,2.5469
MONGOLIA 6.625% 25.02.2030,USD,Government of Mongolia,USY6142NAJ73,Sovereign,25.02.2030,BB-,6.63,Semi-Annual,5.692352,,103.1401,200’000,Mongolia,500’000’000,1’000,No,Yes,No,70,1.2882
MONGOLIA 5.95% 09.03.2032,USD,Government of Mongolia,USY6142NAL20,Sovereign,09.03.2032,BB-,5.95,Semi-Annual,5.693745,,101.125,200’000,Mongolia,500’000’000,1’000,No,Yes,No,56,0.9256
MONGOLIA 3.5% 07.07.2027,USD,Government of Mongolia,USY6142NAF51,Sovereign,07.07.2027,BB-,3.50,Semi-Annual,5.1645,,98.25,200’000,Mongolia,342’442’000,1’000,No,Yes,No,118,1.1472
SOUTH KOREA 3.625% 12.02.2029,USD,Government of the Republic of Korea,US50064FAZ71,Sovereign,12.02.2029,AA,3.63,Semi-Annual,3.989531,,98.8908,200’000,Korea,1’000’000’000,1’000,No,Yes,No,83,0.8358
SOUTH KOREA 2.25% 03.07.2028,EUR,Government of the Republic of Korea,XS3095441021,Sovereign,03.07.2028,AA,2.25,Annual,2.71809,,98.802,100’000,Korea,700’000’000,1’000,No,Yes,No,307,1.8925
SOUTH KOREA 4.51% 10.12.2029,AUD,Government of the Republic of Korea,AU3CB0316420,Sovereign,10.12.2029,AA,4.51,Semi-Annual,5.042433,,98.26,10’000,Korea,450’000’000,10’000,No,Yes,No,147,1.821
SOUTH KOREA 2.75% 19.01.2027,USD,Government of the Republic of Korea,US50064FAM68,Sovereign,19.01.2027,AA,2.75,Semi-Annual,4.009392,,99.0915,200’000,Korea,1’000’000’000,1’000,No,Yes,No,106,0.8097
SOUTH KOREA 4.5% 03.07.2029,USD,Government of the Republic of Korea,US50064FAX24,Sovereign,03.07.2029,AA,4.50,Semi-Annual,4.07978,,101.0303,200’000,Korea,1’000’000’000,1’000,No,Yes,No,122,1.525
SOUTH KOREA 3.625% 29.10.2030,USD,Government of the Republic of Korea,US50064FAY07,Sovereign,29.10.2030,AA,3.63,Semi-Annual,4.08884,,97.8733,200’000,Korea,1’000’000’000,1’000,No,Yes,No,6,0.0604
SOUTH KOREA 2.5% 19.06.2029,USD,Government of the Republic of Korea,US50064FAQ72,Sovereign,19.06.2029,NA,2.50,Semi-Annual,4.0538,,95.2986,200’000,Korea,1’000’000’000,1’000,No,Yes,No,136,0.9444
SOUTH KOREA 3.875% 12.02.2031,USD,Government of the Republic of Korea,US50064FBA12,Sovereign,12.02.2031,AA,3.88,Semi-Annual,4.124665,,98.6689,200’000,Korea,2’000’000’000,1’000,No,Yes,No,83,0.8934
SOUTH KOREA 2.875% 03.07.2032,EUR,Government of the Republic of Korea,XS3095441377,Sovereign,03.07.2032,AA,2.88,Annual,3.090643,,98.505,100’000,Korea,700’000’000,1’000,No,Yes,No,307,2.4182
SOUTH KOREA 0% 15.10.2026,EUR,Government of the Republic of Korea,XS2376820259,Sovereign,15.10.2026,AA,0.00,,2.587239,,98.795,100’000,Korea,700’000’000,1’000,No,Yes,No,201,0.00
SOUTH KOREA 1% 16.09.2030,USD,Government of the Republic of Korea,US50064FAS39,Sovereign,16.09.2030,AA,1.00,Semi-Annual,4.093253,,87.5089,200’000,Korea,625’000’000,1’000,No,Yes,No,49,0.1361
SOUTH KOREA 1.75% 15.10.2031,USD,Government of the Republic of Korea,US50064FAU84,Sovereign,15.10.2031,AA,1.75,Semi-Annual,4.137081,,88.2429,200’000,Korea,500’000’000,1’000,No,Yes,No,20,0.0972
SOUTH KOREA 3.5% 20.09.2028,USD,Government of the Republic of Korea,US50064FAP99,Sovereign,20.09.2028,AA,3.50,Semi-Annual,4.065594,,98.5958,200’000,Korea,500’000’000,1’000,No,Yes,No,45,0.4375
LUXEMBOURG 2.875% 01.03.2034,EUR,Grand Duchy of Luxembourg,LU2773894873,Sovereign,01.03.2034,AAA,2.88,Annual,3.053543,,98.435,1’000,Luxembourg,1’250’000’000,1’000,No,Yes,No,66,0.5199
LUXEMBOURG 3.125% 24.03.2036,EUR,Grand Duchy of Luxembourg,LU3315368814,Sovereign,24.03.2036,AAA,3.13,Annual,3.226346,,98.802,1’000,Luxembourg,2’500’000’000,1’000,No,Yes,No,43,0.3682
LUXEMBOURG 0.625% 01.02.2027,EUR,Grand Duchy of Luxembourg,LU1556942974,Sovereign,01.02.2027,AAA,0.63,Annual,2.530172,,98.549,1’000,Luxembourg,2’000’000’000,1’000,No,Yes,No,94,0.161
LUXEMBOURG 2.625% 23.10.2034,EUR,Grand Duchy of Luxembourg,LU2922074849,Sovereign,23.10.2034,AAA,2.63,Annual,3.100926,,96.168,1’000,Luxembourg,1’250’000’000,1’000,No,Yes,No,195,1.4024
LUXEMBOURG 3% 02.03.2033,EUR,Grand Duchy of Luxembourg,LU2591860569,Sovereign,02.03.2033,AAA,3.00,Annual,2.977177,,99.816,1’000,Luxembourg,1’250’000’000,1’000,No,Yes,No,65,0.5342
LUXEMBOURG 0% 13.11.2026,EUR,Grand Duchy of Luxembourg,LU2076841712,Sovereign,13.11.2026,AAA,0.00,Annual,2.458976,,98.721,1’000,Luxembourg,1’700’000’000,1’000,No,Yes,Yes,363,0.00
LUXEMBOURG 0% 28.04.2030,EUR,Grand Duchy of Luxembourg,LU2162831981,Sovereign,28.04.2030,AAA,0.00,Annual,2.876379,,89.132,1’000,Luxembourg,1’000’000’000,1’000,No,Yes,Yes,197,0.00
LUXEMBOURG 1.375% 25.05.2029,EUR,Grand Duchy of Luxembourg,LU2475493826,Sovereign,25.05.2029,AAA,1.38,Annual,2.842014,,95.607,1’000,Luxembourg,1’250’000’000,1’000,No,Yes,No,346,1.3034
LUXEMBOURG 2.9% 17.09.2035,EUR,Grand Duchy of Luxembourg,LU3182454440,Sovereign,17.09.2035,AAA,2.90,Annual,3.174192,,97.411,1’000,Luxembourg,2’500’000’000,1’000,No,Yes,No,231,1.8353
LUXEMBOURG 0% 14.09.2032,EUR,Grand Duchy of Luxembourg,LU2228213398,Sovereign,14.09.2032,AAA,0.00,Annual,2.960357,,82.79,1’000,Luxembourg,1’500’000’000,1’000,No,Yes,No,58,0.00
LUXEMBOURG 2.25% 19.03.2028,EUR,Grand Duchy of Luxembourg,LU0905090048,Sovereign,19.03.2028,AAA,2.25,Annual,2.666346,,99.109,1’000,Luxembourg,750’000’000,1’000,No,Yes,No,48,0.2959
LUXEMBOURG 0% 24.03.2031,EUR,Grand Duchy of Luxembourg,LU2320463339,Sovereign,24.03.2031,AAA,0.00,Annual,2.933914,,86.58,1’000,Luxembourg,2’500’000’000,1’000,No,Yes,No,232,0.00
GRENADA 7% 12.05.2030,USD,Grenada,USP48863AE77,Sovereign,12.05.2030,NA,7.00,Semi-Annual,7.809588,,97.25,100,Grenada,51’964’999,100,No,Yes,No,173,3.3639
GREECE 0% 10.07.2026,EUR,Hellenic Republic,GR0000247537,Sovereign,10.07.2026,NA,0.00,,2.068457,,99.54,1’000,Greece,500’000’000,1’000,No,Yes,Yes,22,0.00
GREECE 6.14% 14.04.2028,EUR,Hellenic Republic,XS0110307930,Sovereign,14.04.2028,BBB,6.14,Annual,2.958125,,105.772,100’000,Greece,200’000’000,100’000,No,No,No,22,0.3752
GREECE 0% 24.07.2026,EUR,Hellenic Republic,GR0002284538,Sovereign,24.07.2026,NA,0.00,,2.097892,,99.53,1’000,Greece,500’000’000,1’000,No,Yes,Yes,103,0.00
GREECE 0% 29.05.2026,EUR,Hellenic Republic,GR0002281500,Sovereign,29.05.2026,NA,0.00,,2.094376,,99.86,1’000,Greece,600’000’000,1’000,No,Yes,Yes,159,0.00
GREECE 0% 05.03.2027,EUR,Hellenic Republic,GR0004143690,Sovereign,05.03.2027,NA,0.00,,2.386619,,98.02,1’000,Greece,500’000’000,1’000,No,Yes,Yes,61,0.00
GREECE 0% 25.09.2026,EUR,Hellenic Republic,GR0002286558,Sovereign,25.09.2026,NA,0.00,,2.279879,,99.11,1’000,Greece,500’000’000,1’000,No,Yes,Yes,40,0.00
GREECE 3.75% 30.01.2028,EUR,Hellenic Republic,GR0124034688,Sovereign,30.01.2028,BBB,3.75,Annual,2.597726,,101.815,1,Greece,5’962’747’327,1,No,Yes,No,96,0.9863
GREECE 0% 21.08.2026,EUR,Hellenic Republic,GR0002285543,Sovereign,21.08.2026,NA,0.00,,2.169411,,99.36,1’000,Greece,500’000’000,1’000,No,Yes,Yes,75,0.00
GREECE 5.2% 17.07.2034,EUR,Hellenic Republic,XS0191352847,Sovereign,17.07.2034,BBB,5.20,Annual,4.028777,,107.592,1’000,Greece,313’860’000,1’000,No,Yes,No,293,4.1742
GREECE 0% 26.06.2026,EUR,Hellenic Republic,GR0002282516,Sovereign,26.06.2026,NA,0.00,,2.09504,,99.70,1’000,Greece,500’000’000,1’000,No,Yes,Yes,128,0.00
GREECE 0% 04.09.2026,EUR,Hellenic Republic,GR0004141678,Sovereign,04.09.2026,NA,0.00,,2.329597,,99.22,1’000,Greece,600’000’000,1’000,No,Yes,Yes,243,0.00
GREECE 0% 31.07.2026,EUR,Hellenic Republic,GR0000248543,Sovereign,31.07.2026,NA,0.00,,2.172738,,99.45,1’000,Greece,500’000’000,1’000,No,Yes,Yes,2,0.00
GREECE 0% 23.10.2026,EUR,Hellenic Republic,GR0002287564,Sovereign,23.10.2026,NA,0.00,,2.363626,,98.90,1’000,Greece,500’000’000,1’000,No,Yes,Yes,12,0.00
GREECE 3.9% 30.01.2033,EUR,Hellenic Republic,GR0128015725,Sovereign,30.01.2033,BBB,3.90,Annual,3.328805,,102.928,1,Greece,7’067’309’386,1,No,Yes,No,96,1.0258
GREECE 0% 05.06.2026,EUR,Hellenic Republic,GR0004140662,Sovereign,05.06.2026,NA,0.00,,2.18434,,99.83,1’000,Greece,600’000’000,1’000,No,Yes,Yes,334,0.00
GREECE 0% 04.12.2026,EUR,Hellenic Republic,GR0004142684,Sovereign,04.12.2026,NA,0.00,,2.223824,,98.71,1’000,Greece,600’000’000,1’000,No,Yes,Yes,152,0.00
HUNGARY 0.125% 21.09.2028,EUR,Hungary,XS2386583145,Sovereign,21.09.2028,BBB-,0.13,Annual,3.05912,,93.341,100’000,Hungary,1’000’000’000,1’000,No,Yes,No,227,0.0777
HUNGARY 3% 27.10.2027,HUF,Hungary,HU0000403118,Sovereign,27.10.2027,BBB-,3.00,Annual,5.806243,,96.1272,10’000,Hungary,1’501’206’850’000,10’000,No,Yes,No,191,1.5699
HUNGARY 0% 23.12.2026,HUF,Hungary,HU0000525241,Sovereign,23.12.2026,NA,0.00,,5.78,,96.4887,10’000,Hungary,274’655’391’472,10’000,No,Yes,No,134,0.00
HUNGARY 0% 17.02.2027,HUF,Hungary,HU0000525266,Sovereign,17.02.2027,NA,0.00,,5.825627,,95.62,10’000,Hungary,133’158’832’725,10’000,No,Yes,No,77,0.00
HUNGARY 6.5% 29.08.2029,HUF,Hungary,HU0000407101,Sovereign,29.08.2029,NA,6.50,Annual,5.826855,,102.002,1,Hungary,42’966’806’916,1,No,Yes,No,250,4.4521
HUNGARY 6% 28.11.2029,HUF,Hungary,HU0000407150,Sovereign,28.11.2029,NA,6.00,Annual,5.824363,,100.5814,1,Hungary,28’858’228’955,1,No,Yes,No,159,2.6137
HUNGARY 6.75% 22.10.2028,HUF,Hungary,HU0000402532,Sovereign,22.10.2028,BBB-,6.75,Annual,5.86045,,102.005,10’000,Hungary,2’025’188’880’000,10’000,No,Yes,No,196,3.6247
HUNGARY 6.75% 23.07.2031,HUF,Hungary,HU0000407317,Sovereign,23.07.2031,NA,6.75,Annual,5.834284,,104.0517,10’000,Hungary,966’537’020’000,10’000,No,Yes,No,385,7.1179
HUNGARY 4.5% 27.05.2032,HUF,Hungary,HU0000405535,Sovereign,27.05.2032,NA,4.50,Annual,5.891142,,93.2723,10’000,Hungary,525’847’630’000,10’000,No,Yes,No,344,4.2411
HUNGARY 6% 28.11.2029,HUF,Hungary,HU0000407424,Sovereign,28.11.2029,NA,6.00,Annual,5.884357,,100.437,10’000,Hungary,456’151’380’000,10’000,No,Yes,No,159,2.6137
HUNGARY 5.375% 12.09.2033,EUR,Hungary,XS2680932907,Sovereign,12.09.2033,BBB-,5.38,Annual,4.091741,,107.836,1’000,Hungary,1’750’000’000,1’000,No,Yes,No,236,3.4753
HUNGARY 7% 22.01.2027,HUF,Hungary,HU0000406921,Sovereign,22.01.2027,NA,7.00,Quarterly,5.9805,,100.8129,1,Hungary,240’868’429’440,1,No,Yes,No,14,0.2692
HUNGARY 0% 24.06.2026,HUF,Hungary,HU0000525183,Sovereign,24.06.2026,NA,0.00,,5.960233,,99.2062,10’000,Hungary,687’215’459’229,10’000,No,Yes,No,315,0.00
HUNGARY 6.5% 25.04.2030,HUF,Hungary,HU0000407333,Sovereign,25.04.2030,NA,6.50,Quarterly,5.900316,,102.6438,1,Hungary,85’462’292’639,1,No,Yes,No,11,0.197
HUNGARY 0% 19.08.2026,HUF,Hungary,HU0000525209,Sovereign,19.08.2026,NA,0.00,,5.983699,,98.3728,10’000,Hungary,588’965’735’013,10’000,No,Yes,No,258,0.00
HUNGARY 6% 26.09.2035,USD,Hungary,XS3101499260,Sovereign,26.09.2035,BBB-,6.00,Semi-Annual,5.386446,,104.0759,200’000,Hungary,1’000’000’000,1’000,No,Yes,No,40,0.6667
HUNGARY 4.25% 16.06.2031,EUR,Hungary,XS2010026214,Sovereign,16.06.2031,BBB-,4.25,Annual,3.508646,,103.215,100’000,Hungary,750’000’000,1’000,No,Yes,No,324,3.7726
HUNGARY 0% 28.04.2027,HUF,Hungary,HU0000525282,Sovereign,28.04.2027,NA,0.00,,5.793658,,94.6372,10’000,Hungary,60’000’000’000,10’000,No,Yes,No,7,0.00
HUNGARY 4% 25.07.2029,EUR,Hungary,XS2753429047,Sovereign,25.07.2029,BBB-,4.00,Annual,3.174896,,102.355,1’000,Hungary,1’500’000’000,1’000,No,Yes,No,285,3.1233
HUNGARY 2.75% 22.12.2026,HUF,Hungary,HU0000403340,Sovereign,22.12.2026,NA,2.75,Annual,5.626235,,98.2505,10’000,Hungary,813’935’530’000,10’000,No,Yes,No,135,1.0171
HUNGARY 5.25% 16.06.2029,USD,Hungary,XS2010026305,Sovereign,16.06.2029,BBB-,5.25,Semi-Annual,4.644325,,101.5786,200’000,Hungary,1’750’000’000,1’000,No,Yes,No,140,2.0417
HUNGARY 7% 22.07.2027,HUF,Hungary,HU0000407085,Sovereign,22.07.2027,NA,7.00,Quarterly,5.891664,,101.4355,1,Hungary,153’083’858’837,1,No,Yes,No,14,0.2692
HUNGARY 6.25% 22.09.2032,USD,Hungary,XS2574267261,Sovereign,22.09.2032,BBB-,6.25,Semi-Annual,4.965476,,106.9045,200’000,Hungary,1’800’000’000,1’000,No,Yes,No,44,0.7639
HUNGARY 4.75% 24.11.2032,HUF,Hungary,HU0000405550,Sovereign,24.11.2032,NA,4.75,Annual,5.921062,,93.9377,10’000,Hungary,1’571’258’670’000,10’000,No,Yes,No,163,2.1212
HUNGARY 4.5% 16.06.2034,EUR,Hungary,XS2971936948,Sovereign,16.06.2034,BBB-,4.50,Annual,4.11901,,102.695,1’000,Hungary,1’500’000’000,1’000,No,Yes,No,324,3.9945
HUNGARY 5.5% 26.03.2036,USD,Hungary,XS2744128369,Sovereign,26.03.2036,BBB-,5.50,Semi-Annual,5.451029,,100.3021,200’000,Hungary,2’500’000’000,1’000,No,Yes,No,40,0.6111
HUNGARY 6.75% 23.07.2027,HUF,Hungary,HU0000407119,Sovereign,23.07.2027,NA,6.75,Quarterly,5.891811,,101.1305,1,Hungary,106’943’132’515,1,No,Yes,No,13,0.2414
HUNGARY 6.25% 26.09.2029,HUF,Hungary,HU0000407127,Sovereign,26.09.2029,NA,6.25,Annual,5.826084,,101.2959,1,Hungary,36’761’703’051,1,No,Yes,No,222,3.8014
HUNGARY 5.375% 26.09.2030,USD,Hungary,XS3101499187,Sovereign,26.09.2030,BBB-,5.38,Semi-Annual,4.727617,,102.442,200’000,Hungary,1’500’000’000,1’000,No,Yes,No,40,0.5972
HUNGARY 2.25% 20.04.2033,HUF,Hungary,HU0000404744,Sovereign,20.04.2033,NA,2.25,Annual,5.879132,,79.9789,10’000,Hungary,1’513’594’420’000,10’000,No,Yes,No,16,0.0986
HUNGARY 6% 27.12.2029,HUF,Hungary,HU0000407176,Sovereign,27.12.2029,NA,6.00,Annual,5.843573,,100.5361,1,Hungary,30’860’299’525,1,No,Yes,No,130,2.137
HUNGARY 9.5% 21.10.2026,HUF,Hungary,HU0000406160,Sovereign,21.10.2026,NA,9.50,Annual,5.846829,,101.5444,10’000,Hungary,739’397’110’000,10’000,No,Yes,No,197,5.1274
HUNGARY 6.5% 20.07.2028,HUF,Hungary,HU0000407408,Sovereign,20.07.2028,NA,6.50,Quarterly,5.796314,,101.7184,1,Hungary,258’184’759’140,1,No,Yes,No,16,0.2866
HUNGARY 6.5% 21.01.2028,HUF,Hungary,HU0000407200,Sovereign,21.01.2028,NA,6.50,Quarterly,5.878418,,101.2391,1,Hungary,579’353’774’427,1,No,Yes,No,15,0.2687
HUNGARY 1.625% 28.04.2032,EUR,Hungary,XS2161992511,Sovereign,28.04.2032,BBB-,1.63,Annual,3.54422,,89.747,1’000,Hungary,1’000’000’000,1’000,No,Yes,No,8,0.0356
HUNGARY 6.5% 25.07.2029,HUF,Hungary,HU0000407093,Sovereign,25.07.2029,NA,6.50,Annual,5.827816,,101.9523,1,Hungary,41’083’307’380,1,No,Yes,No,285,5.0753
HUNGARY 6.5% 27.04.2028,HUF,Hungary,HU0000407325,Sovereign,27.04.2028,NA,6.50,Quarterly,5.783652,,101.572,1,Hungary,362’975’296’309,1,No,Yes,No,9,0.1612
HUNGARY 2% 23.05.2029,HUF,Hungary,HU0000404603,Sovereign,23.05.2029,NA,2.00,Annual,5.869529,,89.5251,10’000,Hungary,2’055’916’230’000,10’000,No,Yes,No,348,1.9068
HUNGARY 6.5% 22.10.2027,HUF,Hungary,HU0000407143,Sovereign,22.10.2027,NA,6.50,Quarterly,5.775412,,101.1917,1,Hungary,226’555’749’620,1,No,Yes,No,14,0.2508
HUNGARY 6.5% 20.01.2028,HUF,Hungary,HU0000407192,Sovereign,20.01.2028,NA,6.50,Quarterly,5.928818,,101.1585,10’000,Hungary,71’054’815’733,10’000,No,Yes,No,16,0.2866
HUNGARY 7% 24.10.2035,HUF,Hungary,HU0000406624,Sovereign,24.10.2035,NA,7.00,Annual,5.959364,,107.826,10’000,Hungary,2’329’542’190’000,10’000,No,Yes,No,194,3.7205
HUNGARY 0.5% 18.11.2030,EUR,Hungary,XS2259191273,Sovereign,18.11.2030,BBB-,0.50,Annual,3.197691,,88.689,1’000,Hungary,1’250’000’000,1’000,No,Yes,No,169,0.2315
HUNGARY 1.75% 10.10.2027,EUR,Hungary,XS1696445516,Sovereign,10.10.2027,BBB-,1.75,Annual,2.945131,,98.18,1’000,Hungary,1’000’000’000,1’000,No,Yes,No,208,0.9973
HUNGARY 2.25% 22.06.2034,HUF,Hungary,HU0000404892,Sovereign,22.06.2034,NA,2.25,Annual,5.872621,,77.4701,10’000,Hungary,959’499’650’000,10’000,No,Yes,No,318,1.9603
HUNGARY 5.5% 16.06.2034,USD,Hungary,XS2010026487,Sovereign,16.06.2034,BBB-,5.50,Semi-Annual,5.248943,,101.5131,200’000,Hungary,1’250’000’000,1’000,No,Yes,No,140,2.1389
HUNGARY 4.25% 26.05.2033,EUR,Hungary,XS3269554690,Sovereign,26.05.2033,BBB-,4.25,Annual,3.957607,,101.707,1’000,Hungary,2’000’000’000,1’000,No,Yes,No,112,1.3041
HUNGARY 2.125% 22.09.2031,USD,Hungary,XS2388586401,Sovereign,22.09.2031,BBB-,2.13,Semi-Annual,4.898192,,86.8127,200’000,Hungary,2’250’000’000,1’000,No,Yes,No,44,0.2597
HUNGARY 4.5% 23.03.2028,HUF,Hungary,HU0000405543,Sovereign,23.03.2028,NA,4.50,Annual,5.838392,,97.7012,10’000,Hungary,1’358’130’690’000,10’000,No,Yes,No,44,0.5425
HUNGARY 1.5% 26.08.2026,HUF,Hungary,HU0000404934,Sovereign,26.08.2026,NA,1.50,Annual,5.674477,,98.7552,10’000,Hungary,600’345’570’000,10’000,No,Yes,No,253,1.0397
HUNGARY 7% 22.04.2027,HUF,Hungary,HU0000407069,Sovereign,22.04.2027,NA,7.00,Quarterly,6.027786,,101.0233,1,Hungary,202’288’570’177,1,No,Yes,No,14,0.2692
HUNGARY 5.75% 30.01.2030,HUF,Hungary,HU0000407184,Sovereign,30.01.2030,NA,5.75,Annual,5.872621,,99.6447,10’000,Hungary,54’469’607’604,10’000,No,Yes,No,96,1.5123
HUNGARY 3% 21.08.2030,HUF,Hungary,HU0000403696,Sovereign,21.08.2030,NA,3.00,Annual,5.847078,,89.587,10’000,Hungary,2’086’829’880’000,10’000,No,Yes,No,258,2.1205
HUNGARY 1.75% 05.06.2035,EUR,Hungary,XS2181689659,Sovereign,05.06.2035,BBB-,1.75,Annual,4.0908,,82.444,1’000,Hungary,1’500’000’000,1’000,No,Yes,No,335,1.6062
HUNGARY 6% 24.10.2029,HUF,Hungary,HU0000407135,Sovereign,24.10.2029,NA,6.00,Annual,5.82533,,100.5612,1,Hungary,33’797’245’424,1,No,Yes,No,194,3.189
HUNGARY 3.25% 22.10.2031,HUF,Hungary,HU0000403001,Sovereign,22.10.2031,BBB-,3.25,Annual,5.849265,,88.314,10’000,Hungary,1’989’656’370’000,10’000,No,Yes,No,196,1.7452
HUNGARY 0% 27.05.2026,HUF,Hungary,HU0000525258,Sovereign,27.05.2026,NA,0.00,,6.009951,,99.6554,10’000,Hungary,403’530’042’050,10’000,No,Yes,No,98,0.00
HUNGARY 0% 22.07.2026,HUF,Hungary,HU0000525274,Sovereign,22.07.2026,NA,0.00,,5.980063,,98.754,10’000,Hungary,103’766’052’711,10’000,No,Yes,No,42,0.00
HUNGARY 5.75% 27.02.2030,HUF,Hungary,HU0000407234,Sovereign,27.02.2030,NA,5.75,Annual,5.901857,,99.5497,1,Hungary,49’496’559’542,1,No,Yes,No,68,1.0712
HUNGARY 6.125% 22.05.2028,USD,Hungary,XS2574267188,Sovereign,22.05.2028,BBB-,6.13,Semi-Annual,4.550247,,103.0126,200’000,Hungary,2’150’000’000,1’000,No,Yes,No,164,2.7903
HUNGARY 5% 22.02.2027,EUR,Hungary,XS2558594391,Sovereign,22.02.2027,BBB-,5.00,Annual,2.774193,,101.746,1’000,Hungary,1’000’000’000,1’000,No,Yes,No,73,1.00
HUNGARY 6.5% 24.02.2028,HUF,Hungary,HU0000407267,Sovereign,24.02.2028,NA,6.50,Quarterly,5.774031,,101.4452,1,Hungary,408’903’323’667,1,No,Yes,No,71,1.3003
HUNGARY 6.5% 25.07.2030,HUF,Hungary,HU0000407416,Sovereign,25.07.2030,NA,6.50,Quarterly,5.897815,,102.8008,1,Hungary,64’328’044’319,1,No,Yes,No,11,0.197
HUNGARY 0% 28.10.2026,HUF,Hungary,HU0000525225,Sovereign,28.10.2026,NA,0.00,,5.978897,,97.234,10’000,Hungary,531’830’511’268,10’000,No,Yes,No,189,0.00
HUNGARY 6.5% 27.06.2029,HUF,Hungary,HU0000407077,Sovereign,27.06.2029,NA,6.50,Annual,5.828561,,101.9147,1,Hungary,41’365’307’764,1,No,Yes,No,313,5.574
HUNGARY 7% 24.10.2030,HUF,Hungary,HU0000407465,Sovereign,24.10.2030,NA,7.00,Quarterly,5.895343,,104.9291,1,Hungary,470’406’086’571,1,No,Yes,No,12,0.2308
PAPUA NEW GUINEA 8.375% 04.10.2028,USD,Independent State of Papua New Guinea,USY6726SAP66,Sovereign,04.10.2028,B-,8.38,Semi-Annual,5.622372,,106.50,200’000,Papua New Guinea,500’000’000,1’000,No,Yes,No,31,0.7212
IRELAND 1% 15.05.2026,EUR,Ireland,IE00BV8C9418,Sovereign,15.05.2026,AA+,1.00,Annual,2.37727,,100.033,0,Ireland,11’638’750’000,0,No,Yes,No,356,0.9753
IRELAND 0% 18.10.2031,EUR,Ireland,IE00BMQ5JL65,Sovereign,18.10.2031,AA+,0.00,Annual,2.85862,,85.548,0,Ireland,8’893’470’000,0,No,Yes,No,200,0.00
IRELAND 0.2% 15.05.2027,EUR,Ireland,IE00BKFVC568,Sovereign,15.05.2027,AA+,0.20,Annual,2.495875,,97.765,0,Ireland,7’750’500’000,0,No,Yes,No,356,0.1951
IRELAND 0.4% 15.05.2035,EUR,Ireland,IE00BKFVC345,Sovereign,15.05.2035,AA+,0.40,Annual,3.163134,,78.204,0,Ireland,5’365’750’000,0,No,Yes,No,356,0.3901
IRELAND 0.9% 15.05.2028,EUR,Ireland,IE00BDHDPR44,Sovereign,15.05.2028,AA+,0.90,Annual,2.645359,,96.589,0,Ireland,8’458’000’000,0,No,Yes,No,356,0.8778
PAKISTAN 7.875% 31.03.2036,USD,Islamic Republic of Pakistan,USY8793YAL66,Sovereign,31.03.2036,B-,7.88,Semi-Annual,8.381402,,96.875,100’000,Pakistan,300’000’000,1’000,No,Yes,No,35,0.7656
PAKISTAN 6.875% 05.12.2027,USD,Islamic Republic of Pakistan,XS1729875598,Sovereign,05.12.2027,B-,6.88,Semi-Annual,6.029346,,101.25,200’000,Pakistan,1’500’000’000,1’000,No,Yes,No,151,2.8837
PAKISTAN 6.975% 24.04.2029,USD,Islamic Republic of Pakistan,XS3353905121,Sovereign,24.04.2029,NA,6.98,Semi-Annual,7.354839,,99.375,200’000,Pakistan,118’316’000,1’000,No,Yes,No,4,0.0775
PAKISTAN 7.375% 08.04.2031,USD,Islamic Republic of Pakistan,XS2322319638,Sovereign,08.04.2031,NA,7.38,Semi-Annual,8.028723,,97.625,200’000,Pakistan,1’400’000’000,1’000,No,Yes,No,28,0.5736
PAKISTAN 6.975% 24.04.2029,USD,Islamic Republic of Pakistan,XS3353874145,Sovereign,24.04.2029,NA,6.98,Semi-Annual,7.306925,,99.375,200’000,Pakistan,750’000’000,1’000,No,Yes,No,4,0.0775
ISLE OF MAN 5.375% 14.08.2034,GBP,Isle of Man,XS0133431360,Sovereign,14.08.2034,NR,5.38,Annual,5.384762,,99.953,1’000,Isle Of Man,185’000’000,1’000,No,Yes,No,265,3.9024
ISLE OF MAN 5.625% 29.03.2030,GBP,Isle of Man,XS0109719004,Sovereign,29.03.2030,NR,5.63,Annual,4.876234,,102.366,1’000,Isle Of Man,75’000’000,1’000,No,No,No,37,0.5781
ITALY 1.1% 01.04.2027,EUR,Italian Republic,IT0005484552,Sovereign,01.04.2027,NA,1.10,Semi-Annual,2.574514,,98.58536,1’000,Italy,16’650’068’000,1’000,No,Yes,Yes,35,0.1052
ITALY 3.35% 01.07.2029,EUR,Italian Republic,IT0005584849,Sovereign,01.07.2029,NA,3.35,Semi-Annual,2.99521,,100.97288,1’000,Italy,19’100’000’000,1’000,No,Yes,Yes,125,1.1568
ITALY 0% 14.04.2027,EUR,Italian Republic,IT0005704447,Sovereign,14.04.2027,NA,0.00,,2.564772,,97.556,1’000,Italy,8’250’000’000,1’000,No,Yes,Yes,22,0.00
ITALY 5.25% 07.12.2034,GBP,Italian Republic,XS0197336968,Sovereign,07.12.2034,NR,5.25,Annual,5.550569,,97.448,1’000,Italy,250’000’000,1’000,No,Yes,No,149,2.1729
ITALY 3.35% 01.03.2035,EUR,Italian Republic,IT0005358806,Sovereign,01.03.2035,NA,3.35,Semi-Annual,3.7156,,97.16921,1’000,Italy,24’404’000’000,1’000,No,Yes,Yes,66,0.6008
ITALY 0% 12.03.2027,EUR,Italian Republic,IT0005699340,Sovereign,12.03.2027,NA,0.00,,2.58767,,97.77857,1’000,Italy,8’000’000’000,1’000,No,Yes,Yes,54,0.00
ITALY 5% 01.08.2034,EUR,Italian Republic,IT0003535157,Sovereign,01.08.2034,NR,5.00,Semi-Annual,3.6678,,109.125,1’000,Italy,29’290’621’000,1’000,No,Yes,Yes,94,1.2983
ITALY 2.45% 01.09.2033,EUR,Italian Republic,IT0005240350,Sovereign,01.09.2033,NA,2.45,Semi-Annual,3.535841,,92.98777,1’000,Italy,22’876’925’000,1’000,No,Yes,Yes,66,0.4394
ITALY 1.901% 22.06.2031,EUR,Italian Republic,XS1435990863,Sovereign,22.06.2031,NA,1.90,Semi-Annual,3.624588,,91.807,500’000,Italy,700’000’000,500’000,No,Yes,No,135,0.705
ITALY 3.4% 01.04.2028,EUR,Italian Republic,IT0005521981,Sovereign,01.04.2028,NA,3.40,Semi-Annual,2.814756,,100.97222,1’000,Italy,18’300’000’000,1’000,No,Yes,Yes,35,0.3251
ITALY 2.4% 15.03.2029,EUR,Italian Republic,IT0005689960,Sovereign,15.03.2029,NA,2.40,Semi-Annual,2.925423,,98.459,1’000,Italy,13’900’000’000,1’000,No,Yes,Yes,52,0.3391
ITALY 2.875% 17.10.2029,USD,Italian Republic,US465410BY32,Sovereign,17.10.2029,NA,2.88,Semi-Annual,4.24074,,95.5292,200’000,Italy,2’000’000’000,1’000,No,Yes,No,18,0.1438
ITALY 3.85% 01.02.2035,EUR,Italian Republic,IT0005607970,Sovereign,01.02.2035,NA,3.85,Semi-Annual,3.737561,,100.73879,1’000,Italy,20’900’000’000,1’000,No,Yes,Yes,94,0.9997
ITALY 4% 30.04.2035,EUR,Italian Republic,IT0005508590,Sovereign,30.04.2035,NA,4.00,Semi-Annual,3.730243,,101.96516,1’000,Italy,14’530’000’000,1’000,No,Yes,Yes,6,0.0656
ITALY 1.65% 01.03.2032,EUR,Italian Republic,IT0005094088,Sovereign,01.03.2032,NA,1.65,Semi-Annual,3.34513,,90.946,1’000,Italy,27’451’727’000,1’000,No,Yes,Yes,66,0.2959
ITALY 2.55% 25.02.2027,EUR,Italian Republic,IT0005633794,Sovereign,25.02.2027,NA,2.55,Semi-Annual,2.555992,,99.89718,1’000,Italy,17’150’000’000,1’000,No,Yes,Yes,70,0.4931
ITALY 3.25% 15.07.2032,EUR,Italian Republic,IT0005647265,Sovereign,15.07.2032,NA,3.25,Semi-Annual,3.417721,,99.00514,1’000,Italy,20’117’355’000,1’000,No,Yes,Yes,111,0.9966
ITALY 0% 14.07.2026,EUR,Italian Republic,IT0005704454,Sovereign,14.07.2026,NA,0.00,,2.064245,,99.60083,1’000,Italy,5’049’605’000,1’000,No,Yes,Yes,22,0.00
ITALY 3.25% 15.11.2032,EUR,Italian Republic,IT0005668220,Sovereign,15.11.2032,NA,3.25,Semi-Annual,3.464881,,98.68838,1’000,Italy,18’700’000’000,1’000,No,Yes,Yes,172,1.5442
ITALY 3.5% 01.03.2030,EUR,Italian Republic,IT0005024234,Sovereign,01.03.2030,NA,3.50,Semi-Annual,3.055712,,101.51628,1’000,Italy,30’206’449’000,1’000,No,Yes,Yes,66,0.6277
ITALY 3.15% 15.11.2031,EUR,Italian Republic,IT0005619546,Sovereign,15.11.2031,NA,3.15,Semi-Annual,3.315219,,99.09102,1’000,Italy,21’100’000’000,1’000,No,Yes,Yes,172,1.4967
ITALY 2.35% 15.01.2029,EUR,Italian Republic,IT0005660052,Sovereign,15.01.2029,NA,2.35,Semi-Annual,2.919897,,98.46175,1’000,Italy,16’470’000’000,1’000,No,Yes,Yes,111,0.7206
ITALY 0.25% 15.03.2028,EUR,Italian Republic,IT0005433690,Sovereign,15.03.2028,NA,0.25,Semi-Annual,2.783617,,95.36034,1’000,Italy,18’704’378’000,1’000,No,Yes,Yes,52,0.0353
ITALY 0% 12.02.2027,EUR,Italian Republic,IT0005695256,Sovereign,12.02.2027,NA,0.00,,2.483993,,98.04982,1’000,Italy,9’350’000’000,1’000,No,Yes,Yes,82,0.00
ITALY 0% 31.07.2026,EUR,Italian Republic,IT0005692485,Sovereign,31.07.2026,NA,0.00,,2.09341,,99.49852,1’000,Italy,10’800’280’000,1’000,No,Yes,Yes,96,0.00
ITALY 3.45% 15.07.2031,EUR,Italian Republic,IT0005595803,Sovereign,15.07.2031,NA,3.45,Semi-Annual,3.273634,,100.7559,1’000,Italy,19’200’000’000,1’000,No,Yes,Yes,111,1.0579
ITALY 4.35% 01.11.2033,EUR,Italian Republic,IT0005544082,Sovereign,01.11.2033,NA,4.35,Semi-Annual,3.593101,,104.88581,1’000,Italy,21’200’000’000,1’000,No,Yes,Yes,5,0.0591
ITALY 5.75% 01.02.2033,EUR,Italian Republic,IT0003256820,Sovereign,01.02.2033,NR,5.75,Semi-Annual,3.482093,,113.46455,1’000,Italy,26’261’000’000,1’000,No,Yes,Yes,94,1.4931
ITALY 2.7% 15.10.2027,EUR,Italian Republic,IT0005622128,Sovereign,15.10.2027,NA,2.70,Semi-Annual,2.786996,,99.79185,1’000,Italy,15’400’000’000,1’000,No,Yes,Yes,21,0.1549
ITALY 2.2% 01.06.2027,EUR,Italian Republic,IT0005240830,Sovereign,01.06.2027,NA,2.20,Semi-Annual,2.634416,,99.46141,1’000,Italy,19’869’551’000,1’000,No,Yes,Yes,156,0.9429
ITALY 4% 15.11.2030,EUR,Italian Republic,IT0005561888,Sovereign,15.11.2030,NA,4.00,Semi-Annual,3.102477,,103.68165,1’000,Italy,17’422’664’000,1’000,No,Yes,Yes,172,1.9006
ITALY 0.5% 15.07.2028,EUR,Italian Republic,IT0005445306,Sovereign,15.07.2028,NA,0.50,Semi-Annual,2.818212,,95.01429,1’000,Italy,15’743’896’000,1’000,No,Yes,Yes,111,0.1533
ITALY 2.95% 01.07.2030,EUR,Italian Republic,IT0005637399,Sovereign,01.07.2030,NA,2.95,Semi-Annual,3.139609,,99.189,1’000,Italy,18’075’000’000,1’000,No,Yes,Yes,125,1.0187
ITALY 0% 14.07.2026,EUR,Italian Republic,IT0005660029,Sovereign,14.07.2026,NA,0.00,,2.051243,,99.59952,1’000,Italy,7’500’000’000,1’000,No,Yes,Yes,296,0.00
ITALY 0% 29.05.2026,EUR,Italian Republic,IT0005680639,Sovereign,29.05.2026,NA,0.00,,1.985767,,99.87436,1’000,Italy,9’520’000’000,1’000,No,Yes,Yes,159,0.00
ITALY 4.1% 01.02.2029,EUR,Italian Republic,IT0005566408,Sovereign,01.02.2029,NA,4.10,Semi-Annual,2.937375,,102.95833,1’000,Italy,17’601’644’000,1’000,No,Yes,Yes,94,1.0646
ITALY 3% 01.08.2029,EUR,Italian Republic,IT0005365165,Sovereign,01.08.2029,NA,3.00,Semi-Annual,2.963281,,100.04351,1’000,Italy,23’966’500’000,1’000,No,Yes,Yes,94,0.779
ITALY 4.2% 01.03.2034,EUR,Italian Republic,IT0005560948,Sovereign,01.03.2034,NA,4.20,Semi-Annual,3.634565,,103.548,1’000,Italy,20’173’518’000,1’000,No,Yes,Yes,66,0.7533
ITALY 0.6% 01.08.2031,EUR,Italian Republic,IT0005436693,Sovereign,01.08.2031,NA,0.60,Semi-Annual,3.261889,,87.20744,1’000,Italy,21’300’000’000,1’000,No,Yes,Yes,94,0.1558
ITALY 1.862% 02.02.2028,EUR,Italian Republic,XS1180157544,Sovereign,02.02.2028,NA,1.86,Annual,3.058442,,97.876,500’000,Italy,1’000’000’000,500’000,No,Yes,No,93,0.4744
ITALY 3.85% 15.09.2026,EUR,Italian Republic,IT0005556011,Sovereign,15.09.2026,NA,3.85,Semi-Annual,2.28907,,100.50474,1’000,Italy,15’509’000’000,1’000,No,Yes,Yes,52,0.544
ITALY 0% 14.12.2026,EUR,Italian Republic,IT0005684888,Sovereign,14.12.2026,NA,0.00,,2.388129,,98.52631,1’000,Italy,9’900’000’000,1’000,No,Yes,Yes,143,0.00
ITALY 0.95% 01.08.2030,EUR,Italian Republic,IT0005403396,Sovereign,01.08.2030,NA,0.95,Semi-Annual,3.107346,,91.36403,1’000,Italy,18’895’169’000,1’000,No,Yes,Yes,94,0.2467
ITALY 0% 14.09.2026,EUR,Italian Republic,IT0005669269,Sovereign,14.09.2026,NA,0.00,,2.202856,,99.19475,1’000,Italy,9’000’000’000,1’000,No,Yes,Yes,234,0.00
ITALY 3.85% 15.12.2029,EUR,Italian Republic,IT0005519787,Sovereign,15.12.2029,NA,3.85,Semi-Annual,3.053937,,102.60155,1’000,Italy,23’346’000’000,1’000,No,Yes,Yes,142,1.5019
ITALY 2.8% 15.06.2029,EUR,Italian Republic,IT0005495731,Sovereign,15.06.2029,NA,2.80,Semi-Annual,2.974401,,99.41899,1’000,Italy,16’800’000’000,1’000,No,Yes,Yes,142,1.0923
ITALY 0.95% 15.09.2027,EUR,Italian Republic,IT0005416570,Sovereign,15.09.2027,NA,0.95,Semi-Annual,2.713136,,97.58141,1’000,Italy,21’907’356’000,1’000,No,Yes,Yes,52,0.1342
ITALY 0% 01.08.2026,EUR,Italian Republic,IT0005454241,Sovereign,01.08.2026,NA,0.00,Semi-Annual,2.077336,,99.47504,1’000,Italy,16’591’235’000,1’000,No,Yes,Yes,94,0.00
ITALY 2.1% 26.08.2027,EUR,Italian Republic,IT0005657330,Sovereign,26.08.2027,NA,2.10,Semi-Annual,2.752856,,99.08542,1’000,Italy,16’876’496’000,1’000,No,Yes,Yes,69,0.4003
ITALY 0.95% 01.06.2032,EUR,Italian Republic,IT0005466013,Sovereign,01.06.2032,NA,0.95,Semi-Annual,3.377425,,86.71694,1’000,Italy,22’600’000’000,1’000,No,Yes,Yes,156,0.4071
ITALY 3% 01.10.2029,EUR,Italian Republic,IT0005611055,Sovereign,01.10.2029,NA,3.00,Semi-Annual,3.026292,,99.83249,1’000,Italy,17’400’000’000,1’000,No,Yes,Yes,35,0.2869
ITALY 2.192% 02.02.2032,EUR,Italian Republic,XS1180459395,Sovereign,02.02.2032,NA,2.19,Annual,3.779822,,91.518,500’000,Italy,500’000’000,500’000,No,Yes,No,93,0.5585
ITALY 1.771% 05.03.2029,EUR,Italian Republic,XS1199014306,Sovereign,05.03.2029,NA,1.77,Annual,3.054798,,96.411,500’000,Italy,500’000’000,500’000,No,Yes,No,62,0.3008
ITALY 3.85% 01.07.2034,EUR,Italian Republic,IT0005584856,Sovereign,01.07.2034,NA,3.85,Semi-Annual,3.676444,,101.1094,1’000,Italy,19’521’883’000,1’000,No,Yes,Yes,125,1.3294
ITALY 2.127% 22.05.2027,EUR,Italian Republic,XS1236858657,Sovereign,22.05.2027,NA,2.13,Semi-Annual,2.862958,,99.15,500’000,Italy,700’000’000,500’000,No,Yes,No,165,0.9695
ITALY 2.85% 01.02.2031,EUR,Italian Republic,IT0005671273,Sovereign,01.02.2031,NA,2.85,Semi-Annual,3.132429,,98.66033,1’000,Italy,20’600’000’000,1’000,No,Yes,Yes,94,0.7401
ITALY 3.7% 15.06.2030,EUR,Italian Republic,IT0005542797,Sovereign,15.06.2030,NA,3.70,Semi-Annual,3.138475,,102.05568,1’000,Italy,16’318’312’000,1’000,No,Yes,Yes,142,1.4434
ITALY 3.45% 01.02.2036,EUR,Italian Republic,IT0005676504,Sovereign,01.02.2036,NA,3.45,Semi-Annual,3.757048,,97.457,1’000,Italy,20’327’369’000,1’000,No,Yes,Yes,94,0.8959
ITALY 2.7% 01.10.2030,EUR,Italian Republic,IT0005654642,Sovereign,01.10.2030,NA,2.70,Semi-Annual,3.163164,,98.02449,1’000,Italy,19’450’000’000,1’000,No,Yes,Yes,35,0.2582
ITALY 0% 12.06.2026,EUR,Italian Republic,IT0005655037,Sovereign,12.06.2026,NA,0.00,,2.026273,,99.802,1’000,Italy,9’350’000’000,1’000,No,Yes,Yes,327,0.00
ITALY 4.75% 01.09.2028,EUR,Italian Republic,IT0004889033,Sovereign,01.09.2028,NA,4.75,Semi-Annual,2.878141,,104.167,1’000,Italy,26’576’154’000,1’000,No,Yes,Yes,66,0.8519
ITALY 3.45% 15.07.2027,EUR,Italian Republic,IT0005599904,Sovereign,15.07.2027,NA,3.45,Semi-Annual,2.715163,,100.77292,1’000,Italy,14’121’391’000,1’000,No,Yes,Yes,111,1.0579
ITALY 2.05% 01.08.2027,EUR,Italian Republic,IT0005274805,Sovereign,01.08.2027,NA,2.05,Semi-Annual,2.686364,,99.14283,1’000,Italy,19’362’628’000,1’000,No,Yes,Yes,94,0.5323
ITALY 3.65% 01.08.2035,EUR,Italian Republic,IT0005631590,Sovereign,01.08.2035,NA,3.65,Semi-Annual,3.789697,,98.82953,1’000,Italy,21’372’835’000,1’000,No,Yes,Yes,94,0.9478
ITALY 2.5% 01.12.2032,EUR,Italian Republic,IT0005494239,Sovereign,01.12.2032,NA,2.50,Semi-Annual,3.424445,,94.46992,1’000,Italy,23’188’000’000,1’000,No,Yes,Yes,156,1.0714
ITALY 1.666% 06.05.2028,EUR,Italian Republic,XS1227831382,Sovereign,06.05.2028,NA,1.67,Annual,3.091363,,97.205,500’000,Italy,500’000’000,500’000,No,Yes,No,,0.00
ITALY 6.5% 01.11.2027,EUR,Italian Republic,IT0001174611,Sovereign,01.11.2027,NR,6.50,Semi-Annual,2.761898,,105.31766,1’000,Italy,27’763’132’147,1’000,No,Yes,Yes,5,0.0883
ITALY 5.2% 31.07.2034,EUR,Italian Republic,IT0003685093,Sovereign,31.07.2034,NR,5.20,Annual,4.0183,,107.092,1’000,Italy,2’200’000’000,1’000,No,Yes,No,279,3.9748
ITALY 1.25% 01.12.2026,EUR,Italian Republic,IT0005210650,Sovereign,01.12.2026,NA,1.25,Semi-Annual,2.307842,,99.3544,1’000,Italy,19’776’843’000,1’000,No,Yes,Yes,156,0.5357
ITALY 1.913% 18.05.2029,EUR,Italian Republic,XS1413812881,Sovereign,18.05.2029,NA,1.91,Annual,3.288573,,95.999,500’000,Italy,800’000’000,500’000,No,Yes,No,353,1.8501
ITALY 2.1% 15.07.2026,EUR,Italian Republic,IT0005370306,Sovereign,15.07.2026,NA,2.10,Semi-Annual,2.155588,,99.97911,1’000,Italy,17’225’321’000,1’000,No,Yes,Yes,111,0.6439
ITALY 0% 14.10.2026,EUR,Italian Republic,IT0005674335,Sovereign,14.10.2026,NA,0.00,,2.335867,,98.95072,1’000,Italy,9’900’000’000,1’000,No,Yes,Yes,204,0.00
ITALY 0% 14.01.2027,EUR,Italian Republic,IT0005689887,Sovereign,14.01.2027,NA,0.00,,2.441135,,98.27984,1’000,Italy,8’800’000’000,1’000,No,Yes,Yes,112,0.00
ITALY 4.4% 01.05.2033,EUR,Italian Republic,IT0005518128,Sovereign,01.05.2033,NA,4.40,Semi-Annual,3.512482,,105.38393,1’000,Italy,21’350’000’000,1’000,No,Yes,Yes,5,0.0598
ITALY 1.35% 01.04.2030,EUR,Italian Republic,IT0005383309,Sovereign,01.04.2030,NA,1.35,Semi-Annual,3.067602,,93.65705,1’000,Italy,25’258’941’000,1’000,No,Yes,Yes,35,0.1291
ITALY 3.8% 01.08.2028,EUR,Italian Republic,IT0005548315,Sovereign,01.08.2028,NA,3.80,Semi-Annual,2.867685,,101.9126,1’000,Italy,17’606’000’000,1’000,No,Yes,Yes,94,0.9867
ITALY 5.375% 15.06.2033,USD,Italian Republic,US465410BG26,Sovereign,15.06.2033,NR,5.38,Semi-Annual,4.543104,,105.019,1’000,Italy,2’000’000’000,1’000,No,Yes,No,140,2.0903
ITALY 3.3% 15.06.2033,EUR,Italian Republic,IT0005704868,Sovereign,15.06.2033,NA,3.30,Semi-Annual,3.528074,,98.44981,1’000,Italy,3’750’000’000,1’000,No,Yes,Yes,21,0.1904
ITALY 0.45% 15.02.2029,EUR,Italian Republic,IT0005467482,Sovereign,15.02.2029,NA,0.45,Semi-Annual,2.910999,,93.41125,1’000,Italy,17’150’000’000,1’000,No,Yes,Yes,80,0.0995
ITALY 0.9% 01.04.2031,EUR,Italian Republic,IT0005422891,Sovereign,01.04.2031,NA,0.90,Semi-Annual,3.221113,,89.48108,1’000,Italy,25’950’073’000,1’000,No,Yes,Yes,35,0.0861
ITALY 2.65% 01.12.2027,EUR,Italian Republic,IT0005500068,Sovereign,01.12.2027,NA,2.65,Semi-Annual,2.769702,,99.72945,1’000,Italy,20’600’000’000,1’000,No,Yes,Yes,156,1.1357
ITALY 4.425% 28.03.2036,EUR,Italian Republic,XS0247541971,Sovereign,28.03.2036,NA,4.43,Annual,4.219664,,101.679,100’000,Italy,192’000’000,100’000,No,Yes,No,38,0.4671
ITALY 0.85% 15.01.2027,EUR,Italian Republic,IT0005390874,Sovereign,15.01.2027,NA,0.85,Semi-Annual,2.377438,,98.8758,1’000,Italy,18’863’736’000,1’000,No,Yes,Yes,111,0.2606
ITALY 3.6% 01.10.2035,EUR,Italian Republic,IT0005648149,Sovereign,01.10.2035,NA,3.60,Semi-Annual,3.807689,,98.31021,1’000,Italy,20’523’784’000,1’000,No,Yes,Yes,35,0.3443
ITALY 6% 04.08.2028,GBP,Italian Republic,XS0089572316,Sovereign,04.08.2028,NR,6.00,Annual,4.965555,,101.983,1’000,Italy,2’234’043’931,1’000,No,Yes,No,272,4.5333
ITALY 6% 01.05.2031,EUR,Italian Republic,IT0001444378,Sovereign,01.05.2031,NR,6.00,Semi-Annual,3.2036,,112.527,1’000,Italy,32’254’500’000,1’000,No,Yes,Yes,5,0.0815
ITALY 2% 05.09.2032,EUR,Italian Republic,XS1199008670,Sovereign,05.09.2032,NA,2.00,Semi-Annual,3.817682,,89.561,500’000,Italy,500’000’000,500’000,No,Yes,No,62,0.337
ITALY 1.65% 01.12.2030,EUR,Italian Republic,IT0005413171,Sovereign,01.12.2030,NA,1.65,Semi-Annual,3.176693,,93.47068,1’000,Italy,24’107’903’000,1’000,No,Yes,Yes,156,0.7071
ITALY 3.1% 28.08.2026,EUR,Italian Republic,IT0005607269,Sovereign,28.08.2026,NA,3.10,Semi-Annual,2.266955,,100.2296,1’000,Italy,13’241’167’000,1’000,No,Yes,Yes,67,0.5738
ITALY 3.15% 01.06.2031,EUR,Italian Republic,IT0005707614,Sovereign,01.06.2031,NA,3.15,Semi-Annual,3.114709,,99.8182,1’000,Italy,5’200’000’000,1’000,No,Yes,Yes,2,0.0173
ITALY 2.65% 15.06.2028,EUR,Italian Republic,IT0005641029,Sovereign,15.06.2028,NA,2.65,Semi-Annual,2.857664,,99.49267,1’000,Italy,15’940’686’000,1’000,No,Yes,Yes,142,1.0338
ITALY 4% 30.10.2031,EUR,Italian Republic,IT0005542359,Sovereign,30.10.2031,NA,4.00,Semi-Annual,3.295502,,103.45131,1’000,Italy,13’025’573’000,1’000,No,Yes,Yes,6,0.0656
ITALY 3.15% 15.03.2033,EUR,Italian Republic,IT0005689994,Sovereign,15.03.2033,NA,3.15,Semi-Annual,3.489929,,97.80893,1’000,Italy,19’300’000’000,1’000,No,Yes,Yes,52,0.4451
ITALY 5.25% 01.11.2029,EUR,Italian Republic,IT0001278511,Sovereign,01.11.2029,NR,5.25,Semi-Annual,3.017324,,107.25512,1’000,Italy,30’819’999’209,1’000,No,Yes,Yes,5,0.0713
ITALY 0% 14.05.2026,EUR,Italian Republic,IT0005650574,Sovereign,14.05.2026,NA,0.00,,1.861505,,99.95922,1’000,Italy,8’500’000’000,1’000,No,Yes,Yes,357,0.00
ITALY 1.6% 01.06.2026,EUR,Italian Republic,IT0005170839,Sovereign,01.06.2026,NA,1.60,Semi-Annual,1.992332,,99.96931,1’000,Italy,19’927’500’000,1’000,No,Yes,Yes,156,0.6857
ITALY 0% 13.11.2026,EUR,Italian Republic,IT0005678492,Sovereign,13.11.2026,NA,0.00,,2.284066,,98.77624,1’000,Italy,8’500’000’000,1’000,No,Yes,Yes,173,0.00
ITALY 2.2% 28.02.2028,EUR,Italian Republic,IT0005692410,Sovereign,28.02.2028,NA,2.20,Semi-Annual,2.79829,,98.853,1’000,Italy,11’400’000’000,1’000,No,Yes,Yes,67,0.4072
ITALY 2% 01.02.2028,EUR,Italian Republic,IT0005323032,Sovereign,01.02.2028,NA,2.00,Semi-Annual,2.780608,,98.60055,1’000,Italy,23’740’220’000,1’000,No,Yes,Yes,94,0.5193
ITALY 0% 30.09.2026,EUR,Italian Republic,IT0005702656,Sovereign,30.09.2026,NA,0.00,,2.268916,,99.06972,1’000,Italy,10’637’000’000,1’000,No,Yes,Yes,36,0.00
ITALY 3.5% 15.02.2031,EUR,Italian Republic,IT0005580094,Sovereign,15.02.2031,NA,3.50,Semi-Annual,3.226321,,101.11425,1’000,Italy,19’000’000’000,1’000,No,Yes,Yes,80,0.7735
ITALY 7.25% 01.11.2026,EUR,Italian Republic,IT0001086567,Sovereign,01.11.2026,NR,7.25,Semi-Annual,2.2953,,102.329,1’000,Italy,12’423’130’223,1’000,No,Yes,Yes,5,0.0985
ITALY 0% 14.08.2026,EUR,Italian Republic,IT0005666851,Sovereign,14.08.2026,NA,0.00,,2.164771,,99.40,1’000,Italy,8’800’000’000,1’000,No,Yes,Yes,265,0.00
ITALY 1.45% 01.03.2036,EUR,Italian Republic,IT0005402117,Sovereign,01.03.2036,NA,1.45,Semi-Annual,3.837719,,80.56847,1’000,Italy,15’400’000’000,1’000,No,Yes,Yes,66,0.2601
ITALY 0.95% 01.12.2031,EUR,Italian Republic,IT0005449969,Sovereign,01.12.2031,NA,0.95,Semi-Annual,3.311824,,88.01281,1’000,Italy,20’515’000’000,1’000,No,Yes,Yes,156,0.4071
ITALY 2.95% 15.02.2027,EUR,Italian Republic,IT0005580045,Sovereign,15.02.2027,NA,2.95,Semi-Annual,2.540807,,100.21245,1’000,Italy,17’300’000’000,1’000,No,Yes,Yes,80,0.6519
ITALY 2.8% 01.12.2028,EUR,Italian Republic,IT0005340929,Sovereign,01.12.2028,NA,2.80,Semi-Annual,2.856292,,99.78545,1’000,Italy,23’868’192’000,1’000,No,Yes,Yes,156,1.20
ITALY 1.448% 17.04.2027,EUR,Italian Republic,XS1505666815,Sovereign,17.04.2027,NA,1.45,Annual,2.975267,,98.58,500’000,Italy,900’000’000,500’000,No,Yes,No,19,0.0754
JAMAICA 6.75% 28.04.2028,USD,Jamaica,US470160CA80,Sovereign,28.04.2028,BB,6.75,Semi-Annual,4.448238,,103.50,200’000,Jamaica,837’530’667,1’000,No,Yes,No,7,0.1313
JAMAICA 8.5% 28.02.2036,USD,Jamaica,US470160AU62,Sovereign,28.02.2036,BB,8.50,Semi-Annual,6.967108,,110.50,100’000,Jamaica,250’000’000,1’000,No,Yes,No,67,1.5819
BAHRAIN 5.625% 18.05.2034,USD,Kingdom of Bahrain,XS2408003064,Sovereign,18.05.2034,B,5.63,Semi-Annual,6.854142,,92.125,200’000,Bahrain,1’000’000’000,1’000,No,Yes,No,168,2.625
BAHRAIN 5.45% 16.09.2032,USD,Kingdom of Bahrain,XS2226916216,Sovereign,16.09.2032,B,5.45,Semi-Annual,6.619272,,93.875,200’000,Bahrain,1’000’000’000,1’000,No,Yes,No,50,0.7569
BAHRAIN 5.25% 25.01.2033,USD,Kingdom of Bahrain,XS2290957146,Sovereign,25.01.2033,B,5.25,Semi-Annual,6.699276,,92.00,200’000,Bahrain,1’000’000’000,1’000,No,Yes,No,101,1.4729
BAHRAIN 7.375% 14.05.2030,USD,Kingdom of Bahrain,XS2172965282,Sovereign,14.05.2030,B,7.38,Semi-Annual,6.444161,,103.375,200’000,Bahrain,1’000’000’000,1’000,No,Yes,No,172,3.5236
BAHRAIN 6.75% 20.09.2029,USD,Kingdom of Bahrain,XS1675862012,Sovereign,20.09.2029,B,6.75,Semi-Annual,6.370654,,101.00,200’000,Bahrain,1’250’000’000,1’000,No,Yes,No,46,0.8625
BAHRAIN 4.25% 25.01.2028,USD,Kingdom of Bahrain,XS2290956924,Sovereign,25.01.2028,B,4.25,Semi-Annual,6.030469,,96.75,200’000,Bahrain,500’000’000,1’000,No,Yes,No,101,1.1924
BAHRAIN 5.625% 05.07.2029,USD,Kingdom of Bahrain,XS3260289163,Sovereign,05.07.2029,NA,5.63,Semi-Annual,6.850875,,96.44,200’000,Bahrain,500’000’000,1’000,No,Yes,No,121,1.8906
BAHRAIN 5.625% 30.09.2031,USD,Kingdom of Bahrain,XS2058948451,Sovereign,30.09.2031,B,5.63,Semi-Annual,6.485432,,95.875,200’000,Bahrain,1’000’000’000,1’000,No,Yes,No,36,0.5625
BAHRAIN 7.5% 12.02.2036,USD,Kingdom of Bahrain,XS2764424813,Sovereign,12.02.2036,B,7.50,Semi-Annual,6.997056,,103.25,200’000,Bahrain,1’000’000’000,1’000,No,Yes,No,84,1.75
BAHRAIN 5.5% 01.08.2033,USD,Kingdom of Bahrain,XS2649148090,Sovereign,01.08.2033,NA,5.50,Semi-Annual,6.7295,,92.769,200’000,Bahrain,1’000’000’000,1’000,No,Yes,No,95,1.4514
BAHRAIN 7% 12.10.2028,USD,Kingdom of Bahrain,XS1405766541,Sovereign,12.10.2028,B,7.00,Semi-Annual,6.266798,,101.50,200’000,Bahrain,1’600’000’000,1’000,No,Yes,No,24,0.4667
BAHRAIN 7.75% 18.04.2035,USD,Kingdom of Bahrain,XS2611617700,Sovereign,18.04.2035,B,7.75,Semi-Annual,6.951411,,104.375,200’000,Bahrain,1’000’000’000,1’000,No,Yes,No,18,0.3875
BELGIUM 0% 11.02.2027,EUR,Kingdom of Belgium,BE0312821938,Sovereign,11.02.2027,NA,0.00,,2.448924,,98.051,0,Belgium,2’844’000’000,0,No,Yes,No,83,0.00
BELGIUM 0% 10.12.2026,EUR,Kingdom of Belgium,BE0312819916,Sovereign,10.12.2026,NA,0.00,,2.341825,,98.5328,0,Belgium,3’015’000’000,0,No,Yes,No,146,0.00
BELGIUM 5.43% 07.03.2036,AUD,Kingdom of Belgium,BE6372502870,Sovereign,07.03.2036,NA,5.43,Semi-Annual,5.783467,,97.481,200’000,Belgium,165’000’000,2’000,No,Yes,No,49,0.7391
BELGIUM 0.8% 22.06.2028,EUR,Kingdom of Belgium,BE0000345547,Sovereign,22.06.2028,NA,0.80,Annual,2.703183,,95.964,0,Belgium,17’387’000’000,0,No,Yes,No,142,0.31123
BELGIUM 2% 04.12.2026,EUR,Kingdom of Belgium,BE3871308388,Sovereign,04.12.2026,NA,2.00,At maturity,2.896081,,99.469,100,Belgium,247’655’900,100,No,Yes,Yes,153,0.8384
BELGIUM 0.9% 22.06.2029,EUR,Kingdom of Belgium,BE0000347568,Sovereign,22.06.2029,NA,0.90,Annual,2.793694,,94.24,0,Belgium,20’304’000’000,0,No,Yes,No,318,0.7841
BELGIUM 3% 22.06.2034,EUR,Kingdom of Belgium,BE0000333428,Sovereign,22.06.2034,NA,3.00,Annual,3.349946,,97.19,0,Belgium,11’926’000’000,0,No,Yes,No,318,2.6137
BELGIUM 1.25% 22.04.2033,EUR,Kingdom of Belgium,BE0000346552,Sovereign,22.04.2033,NA,1.25,Annual,3.167552,,87.91,0,Belgium,12’455’000’000,0,No,Yes,No,14,0.0479
BELGIUM 1.8% 04.06.2026,EUR,Kingdom of Belgium,BE3871304346,Sovereign,04.06.2026,NA,1.80,At maturity,2.014713,,99.984,100,Belgium,98’464’300,100,No,Yes,Yes,336,1.657
BELGIUM 0% 14.05.2026,EUR,Kingdom of Belgium,BE0312812846,Sovereign,14.05.2026,NA,0.00,,1.94168,,99.957331,0,Belgium,5’731’000’000,0,No,Yes,No,356,0.00
BELGIUM 1.91% 27.07.2026,JPY,Kingdom of Belgium,BE6223606862,Sovereign,27.07.2026,NA,1.91,Semi-Annual,1.489428,,100.092,100’000’000,Belgium,10’000’000’000,100’000’000,No,Yes,No,99,0.5253
BELGIUM 0% 14.01.2027,EUR,Kingdom of Belgium,BE0312820922,Sovereign,14.01.2027,NA,0.00,,2.416206,,98.2591,0,Belgium,2’916’000’000,0,No,Yes,No,111,0.00
BELGIUM 4.5% 02.04.2035,USD,Kingdom of Belgium,BE6362168351,Sovereign,02.04.2035,NA,4.50,Semi-Annual,4.499419,,99.6242,200’000,Belgium,1’300’000’000,2’000,No,Yes,No,33,0.4125
BELGIUM 0% 22.10.2027,EUR,Kingdom of Belgium,BE0000351602,Sovereign,22.10.2027,NA,0.00,Annual,2.660683,,96.11,0,Belgium,11’078’000’000,0,No,Yes,No,196,0.00
BELGIUM 5.5% 28.03.2028,EUR,Kingdom of Belgium,BE0000291972,Sovereign,28.03.2028,NR,5.50,Annual,2.656884,,105.018,0,Belgium,20’187’939’135,0,No,Yes,No,39,0.5877
BELGIUM 0% 13.08.2026,EUR,Kingdom of Belgium,BE0312815872,Sovereign,13.08.2026,NA,0.00,,2.006,,99.397,0,Belgium,3’892’000’000,0,No,Yes,No,265,0.00
BELGIUM 5.7% 28.05.2032,GBP,Kingdom of Belgium,BE0365452532,Sovereign,28.05.2032,NR,5.70,Annual,5.043929,,103.022,150’000,Belgium,100’000’000,150’000,No,Yes,No,343,5.3564
BELGIUM 4.35% 06.11.2034,USD,Kingdom of Belgium,BE6357339561,Sovereign,06.11.2034,NA,4.35,Semi-Annual,4.471115,,98.899,200’000,Belgium,1’000’000’000,2’000,No,Yes,No,,0.00
BELGIUM 2.5% 04.06.2026,EUR,Kingdom of Belgium,BE3871289190,Sovereign,04.06.2026,NA,2.50,Annual,8.935982,,99.476,100,Belgium,97’084’200,100,No,Yes,No,336,2.3014
BELGIUM 3.1% 22.06.2035,EUR,Kingdom of Belgium,BE0000363722,Sovereign,22.06.2035,NA,3.10,Annual,3.487864,,96.62,0,Belgium,14’681’000’000,0,No,Yes,No,318,2.7008
BELGIUM 4.2% 18.07.2033,NOK,Kingdom of Belgium,BE6255948307,Sovereign,18.07.2033,NA,4.20,Annual,4.428231,,98.426,1’000’000,Belgium,1’000’000’000,1’000’000,No,Yes,No,288,3.36
BELGIUM 2.6% 22.10.2030,EUR,Kingdom of Belgium,BE0000365743,Sovereign,22.10.2030,NA,2.60,Annual,2.931671,,98.32,0,Belgium,9’186’000’000,0,No,Yes,No,196,1.3962
BELGIUM 0.1% 22.06.2030,EUR,Kingdom of Belgium,BE0000349580,Sovereign,22.06.2030,NA,0.10,Annual,2.903556,,88.99,0,Belgium,16’327’000’000,0,No,Yes,No,318,0.0871
BELGIUM 4.5% 25.05.2028,EUR,Kingdom of Belgium,BE6221228362,Sovereign,25.05.2028,NA,4.50,Annual,3.042039,,103.00,5’000’000,Belgium,75’000’000,5’000’000,No,Yes,No,346,4.2658
BELGIUM 4% 28.03.2032,EUR,Kingdom of Belgium,BE0000326356,Sovereign,28.03.2032,NA,4.00,Annual,3.067868,,104.68,0,Belgium,9’580’000’000,0,No,Yes,No,39,0.4274
BELGIUM 3% 22.06.2033,EUR,Kingdom of Belgium,BE0000357666,Sovereign,22.06.2033,NA,3.00,Annual,3.2378,,98.20,0,Belgium,22’391’000’000,0,No,Yes,No,318,2.6137
BELGIUM 0% 10.09.2026,EUR,Kingdom of Belgium,BE0312816888,Sovereign,10.09.2026,NA,0.00,,2.188659,,99.2042,0,Belgium,4’355’000’000,0,No,Yes,No,237,0.00
BELGIUM 3.63% 02.04.2029,NOK,Kingdom of Belgium,BE6350763767,Sovereign,02.04.2029,NA,3.63,Annual,4.547034,,97.447,1’000’000,Belgium,475’000’000,1’000’000,No,Yes,No,34,0.3381
BELGIUM 2.7% 22.10.2029,EUR,Kingdom of Belgium,BE0000362716,Sovereign,22.10.2029,NA,2.70,Annual,2.836854,,99.32,0,Belgium,10’058’000’000,0,No,Yes,No,196,1.4499
BELGIUM 4.09% 10.11.2031,EUR,Kingdom of Belgium,BE6228424543,Sovereign,10.11.2031,NA,4.09,Annual,3.473815,,102.803,100’000,Belgium,50’000’000,100’000,No,Yes,No,177,1.9834
BELGIUM 0.35% 22.06.2032,EUR,Kingdom of Belgium,BE0000354630,Sovereign,22.06.2032,NA,0.35,Annual,3.138461,,84.43,0,Belgium,17’672’000’000,0,No,Yes,No,318,0.3049
BELGIUM 0% 11.03.2027,EUR,Kingdom of Belgium,BE0312822944,Sovereign,11.03.2027,NA,0.00,,2.494591,,97.8817,0,Belgium,2’944’000’000,0,No,Yes,No,55,0.00
BELGIUM 1% 22.06.2031,EUR,Kingdom of Belgium,BE0000335449,Sovereign,22.06.2031,NA,1.00,Annual,3.023642,,90.31,0,Belgium,17’922’000’000,0,No,Yes,No,318,0.8712
BELGIUM 4.5% 16.08.2035,USD,Kingdom of Belgium,BE6367588231,Sovereign,16.08.2035,NA,4.50,Semi-Annual,4.552377,,99.179,200’000,Belgium,2’400’000’000,2’000,No,Yes,No,80,1.00
BELGIUM 2.85% 22.10.2034,EUR,Kingdom of Belgium,BE0000360694,Sovereign,22.10.2034,NA,2.85,Annual,3.400103,,95.63,0,Belgium,19’995’000’000,0,No,Yes,No,196,1.5304
BELGIUM 2% 04.03.2027,EUR,Kingdom of Belgium,BE3871310400,Sovereign,04.03.2027,NA,2.00,At maturity,2.566727,,99.452,100,Belgium,234’166’600,100,No,Yes,Yes,63,0.3452
BELGIUM 3.2% 04.12.2035,EUR,Kingdom of Belgium,BE3871309394,Sovereign,04.12.2035,NA,3.20,Annual,3.699918,,95.675,100,Belgium,52’481’200,100,No,Yes,Yes,153,1.3414
BELGIUM 5% 28.03.2035,EUR,Kingdom of Belgium,BE0000304130,Sovereign,28.03.2035,NR,5.00,Annual,3.437717,,111.357,0,Belgium,20’971’692’800,0,No,Yes,No,39,0.5342
BELGIUM 1% 28.05.2030,USD,Kingdom of Belgium,BE6322164920,Sovereign,28.05.2030,NA,1.00,Semi-Annual,4.194615,,88.128,200’000,Belgium,1’500’000’000,2’000,No,Yes,No,158,0.4389
BELGIUM 0% 22.10.2031,EUR,Kingdom of Belgium,BE0000352618,Sovereign,22.10.2031,NA,0.00,Annual,3.04902,,84.66,0,Belgium,14’087’000’000,0,No,Yes,No,196,0.00
BELGIUM 3.98% 10.11.2031,EUR,Kingdom of Belgium,BE6228117386,Sovereign,10.11.2031,NA,3.98,Annual,3.438716,,102.539,100’000,Belgium,300’000’000,100’000,No,Yes,No,177,1.93
BELGIUM 1.9% 04.09.2026,EUR,Kingdom of Belgium,BE3871306366,Sovereign,04.09.2026,NA,1.90,At maturity,2.153115,,99.909,100,Belgium,358’755’000,100,No,Yes,Yes,244,1.2701
BELGIUM 1% 22.06.2026,EUR,Kingdom of Belgium,BE0000337460,Sovereign,22.06.2026,NA,1.00,Annual,2.097391,,99.86,0,Belgium,14’355’000’000,0,No,Yes,No,318,0.8712
BELGIUM 0.8% 22.06.2027,EUR,Kingdom of Belgium,BE0000341504,Sovereign,22.06.2027,NA,0.80,Annual,2.593506,,97.93,0,Belgium,17’005’000’000,0,No,Yes,No,318,0.697
BELGIUM 0% 08.04.2027,EUR,Kingdom of Belgium,BE0312823959,Sovereign,08.04.2027,NA,0.00,,2.522645,,97.6025,0,Belgium,2’235’000’000,0,No,Yes,No,27,0.00
BELGIUM 0% 09.07.2026,EUR,Kingdom of Belgium,BE0312814867,Sovereign,09.07.2026,NA,0.00,,2.002608,,99.638694,0,Belgium,5’874’000’000,0,No,Yes,No,300,0.00
BELGIUM 3% 04.03.2033,EUR,Kingdom of Belgium,BE3871288184,Sovereign,04.03.2033,NA,3.00,Annual,3.410263,,97.24,100,Belgium,44’323’000,100,No,Yes,No,63,0.5178
BELGIUM 0% 12.11.2026,EUR,Kingdom of Belgium,BE0312818900,Sovereign,12.11.2026,NA,0.00,,2.313507,,98.7425,0,Belgium,2’757’000’000,0,No,Yes,No,174,0.00
BELGIUM 0% 15.10.2026,EUR,Kingdom of Belgium,BE0312817894,Sovereign,15.10.2026,NA,0.00,,2.255891,,98.9536,0,Belgium,3’432’000’000,0,No,Yes,No,202,0.00
BELGIUM 0% 11.06.2026,EUR,Kingdom of Belgium,BE0312813851,Sovereign,11.06.2026,NA,0.00,,2.043802,,99.798873,0,Belgium,6’329’000’000,0,No,Yes,No,328,0.00
DENMARK 0% 15.11.2031,DKK,Kingdom of Denmark,DK0009924102,Sovereign,15.11.2031,NA,0.00,Annual,2.586459,,86.522,0,Denmark,43’505’000’000,0,No,Yes,No,172,0.00
DENMARK 2.25% 15.11.2035,DKK,Kingdom of Denmark,DK0009925182,Sovereign,15.11.2035,NA,2.25,Annual,2.760688,,95.738,0,Denmark,9’575’000’000,0,No,Yes,No,172,1.0603
DENMARK 2% 15.11.2028,DKK,Kingdom of Denmark,DK0009925265,Sovereign,15.11.2028,NA,2.00,Annual,2.327765,,99.162,0,Denmark,19’980’000’000,0,No,Yes,No,172,0.9425
DENMARK 0.5% 15.11.2027,DKK,Kingdom of Denmark,DK0009923567,Sovereign,15.11.2027,NR,0.50,Annual,2.302013,,97.07,0,Denmark,56’495’000’000,0,No,Yes,No,172,0.2356
DENMARK 2.25% 15.11.2026,DKK,Kingdom of Denmark,DK0009924888,Sovereign,15.11.2026,NA,2.25,Annual,1.836677,,100.10,0,Denmark,19’427’000’000,0,No,Yes,No,172,1.0603
DENMARK 0% 15.11.2031,DKK,Kingdom of Denmark,DK0009924375,Sovereign,15.11.2031,NA,0.00,Annual,2.579622,,86.596,0,Denmark,16’240’000’000,0,No,Yes,No,172,0.00
DENMARK 2.25% 15.11.2035,DKK,Kingdom of Denmark,DK0009924961,Sovereign,15.11.2035,NA,2.25,Annual,2.760688,,94.945,0,Denmark,43’580’000’000,0,No,Yes,No,172,1.0603
DENMARK 2.25% 15.11.2033,DKK,Kingdom of Denmark,DK0009924532,Sovereign,15.11.2033,NA,2.25,Annual,2.740902,,96.216,0,Denmark,66’345’000’000,0,No,Yes,No,172,1.0603
DENMARK 2.25% 02.10.2026,EUR,Kingdom of Denmark,XS2911156326,Sovereign,02.10.2026,NA,2.25,Annual,2.227814,,99.974,50’000,Denmark,1’000’000’000,1’000,No,Yes,No,216,1.3315
DENMARK 3.875% 01.07.2027,USD,Kingdom of Denmark,XS3106087771,Sovereign,01.07.2027,NA,3.88,Semi-Annual,3.91027,,99.9004,100’000,Denmark,1’500’000’000,1’000,No,Yes,No,125,1.3455
DENMARK 2.25% 15.11.2033,DKK,Kingdom of Denmark,DK0009924615,Sovereign,15.11.2033,NA,2.25,Annual,2.660867,,96.741,0,Denmark,18’165’000’000,0,No,Yes,No,361,2.22534
DENMARK 0% 02.06.2026,DKK,Kingdom of Denmark,DK0009820243,Sovereign,02.06.2026,NA,0.00,,1.744728,,99.87,0,Denmark,7’860’000’000,0,No,Yes,No,155,0.00
DENMARK 0% 02.09.2026,DKK,Kingdom of Denmark,DK0009820409,Sovereign,02.09.2026,NA,0.00,,1.883077,,99.354,0,Denmark,5’920’000’000,0,No,Yes,No,64,0.00
DENMARK 0.5% 15.11.2029,DKK,Kingdom of Denmark,DK0009923807,Sovereign,15.11.2029,NA,0.50,Annual,2.464897,,93.345,0,Denmark,47’735’000’000,0,No,Yes,No,172,0.2356
MOROCCO 4.75% 02.04.2035,EUR,Kingdom of Morocco,XS3041322051,Sovereign,02.04.2035,BBB-,4.75,Annual,4.66831,,101.061,100’000,Morocco,1’100’000’000,1’000,No,Yes,No,34,0.4425
MOROCCO 2% 30.09.2030,EUR,Kingdom of Morocco,XS2239829216,Sovereign,30.09.2030,BBB-,2.00,Annual,3.998716,,92.187,100’000,Morocco,500’000’000,1’000,No,Yes,No,37,0.2027
MOROCCO 6.5% 08.09.2033,USD,Kingdom of Morocco,XS2595028700,Sovereign,08.09.2033,BBB-,6.50,Semi-Annual,5.194248,,107.875,200’000,Morocco,1’250’000’000,1’000,No,Yes,No,58,1.0472
MOROCCO 5.95% 08.03.2028,USD,Kingdom of Morocco,XS2595028452,Sovereign,08.03.2028,BBB-,5.95,Semi-Annual,4.654863,,102.375,200’000,Morocco,1’250’000’000,1’000,No,Yes,No,58,0.9586
MOROCCO 2.375% 15.12.2027,USD,Kingdom of Morocco,XS2270576619,Sovereign,15.12.2027,BBB-,2.38,Semi-Annual,4.491731,,97.00,200’000,Morocco,750’000’000,1’000,No,Yes,No,141,0.9306
MOROCCO 3% 15.12.2032,USD,Kingdom of Morocco,XS2270576965,Sovereign,15.12.2032,BBB-,3.00,Semi-Annual,5.141718,,88.125,200’000,Morocco,1’000’000’000,1’000,No,Yes,No,141,1.175
MOROCCO 3.875% 02.04.2029,EUR,Kingdom of Morocco,XS3041270664,Sovereign,02.04.2029,BBB-,3.88,Annual,3.697678,,100.537,100’000,Morocco,900’000’000,1’000,No,Yes,No,34,0.361
MOROCCO 1.5% 27.11.2031,EUR,Kingdom of Morocco,XS2080771806,Sovereign,27.11.2031,BBB-,1.50,Annual,4.09633,,87.537,100’000,Morocco,1’000’000’000,1’000,No,Yes,No,160,0.6575
NORWAY 1.25% 17.09.2031,NOK,Kingdom of Norway,NO0010930522,Sovereign,17.09.2031,NR,1.25,Annual,4.431483,,84.962,1’000,Norway,47’960’000’000,1’000,No,Yes,No,231,0.7911
NORWAY 1.75% 17.02.2027,NOK,Kingdom of Norway,NO0010786288,Sovereign,17.02.2027,NR,1.75,Annual,4.441583,,97.89,1’000,Norway,54’975’000’000,1’000,No,Yes,No,78,0.374
NORWAY 0% 16.09.2026,NOK,Kingdom of Norway,NO0013660423,Sovereign,16.09.2026,NA,0.00,,4.23247,,98.5015,1’000,Norway,12’000’000’000,1’000,No,Yes,No,231,0.00
NORWAY 0% 17.03.2027,NOK,Kingdom of Norway,NO0013737973,Sovereign,17.03.2027,NA,0.00,,4.427084,,96.318,1’000,Norway,10’000’000’000,1’000,No,Yes,No,49,0.00
NORWAY 3% 15.08.2033,NOK,Kingdom of Norway,NO0012837642,Sovereign,15.08.2033,NR,3.00,Annual,4.356388,,91.522,1’000,Norway,59’098’000’000,1’000,No,Yes,No,264,2.1699
NORWAY 1.75% 06.09.2029,NOK,Kingdom of Norway,NO0010844079,Sovereign,06.09.2029,NR,1.75,Annual,4.5638,,91.36,1’000,Norway,70’060’000’000,1’000,No,Yes,No,242,1.1603
NORWAY 2.125% 18.05.2032,NOK,Kingdom of Norway,NO0012440397,Sovereign,18.05.2032,NR,2.13,Annual,4.405574,,88.009,1’000,Norway,51’086’000’000,1’000,No,Yes,No,353,2.0551
NORWAY 2% 26.04.2028,NOK,Kingdom of Norway,NO0010821598,Sovereign,26.04.2028,NR,2.00,Annual,4.572447,,95.20,1’000,Norway,49’150’000’000,1’000,No,Yes,No,10,0.0548
NORWAY 1.375% 19.08.2030,NOK,Kingdom of Norway,NO0010875230,Sovereign,19.08.2030,NR,1.38,Annual,4.527061,,87.854,1’000,Norway,64’450’000’000,1’000,No,Yes,No,260,0.9795
NORWAY 0% 17.06.2026,NOK,Kingdom of Norway,NO0013583377,Sovereign,17.06.2026,NA,0.00,,3.997287,,99.549,1’000,Norway,18’000’000’000,1’000,No,Yes,No,322,0.00
NORWAY 3.625% 13.04.2034,NOK,Kingdom of Norway,NO0013148338,Sovereign,13.04.2034,NA,3.63,Annual,4.350769,,95.067,1’000,Norway,52’430’000’000,1’000,No,Yes,No,23,0.2284
NORWAY 0% 16.12.2026,NOK,Kingdom of Norway,NO0013708610,Sovereign,16.12.2026,NA,0.00,,4.295767,,97.434,1’000,Norway,12’000’000’000,1’000,No,Yes,No,140,0.00
NORWAY 3.75% 12.06.2035,NOK,Kingdom of Norway,NO0013475558,Sovereign,12.06.2035,NA,3.75,Annual,4.373172,,95.279,1’000,Norway,63’505’000’000,1’000,No,Yes,No,328,3.3699
SAUDI ARABIA 4.375% 16.04.2029,USD,Kingdom of Saudi Arabia,XS1936302865,Sovereign,16.04.2029,NA,4.38,Semi-Annual,4.58392,,99.3847,200’000,Saudi Arabia,4’000’000’000,1’000,No,Yes,No,20,0.2431
SAUDI ARABIA 5% 16.01.2034,USD,Kingdom of Saudi Arabia,XS2747599095,Sovereign,16.01.2034,NA,5.00,Semi-Annual,4.947223,,100.3476,200’000,Saudi Arabia,4’000’000’000,1’000,No,Yes,No,110,1.5278
SAUDI ARABIA 2.5% 03.02.2027,USD,Kingdom of Saudi Arabia,XS2109766126,Sovereign,03.02.2027,NA,2.50,Semi-Annual,4.414377,,98.597,200’000,Saudi Arabia,1’250’000’000,1’000,No,Yes,No,93,0.6458
SAUDI ARABIA 3.25% 22.10.2030,USD,Kingdom of Saudi Arabia,XS2159975700,Sovereign,22.10.2030,NA,3.25,Semi-Annual,4.634839,,94.631,200’000,Saudi Arabia,1’500’000’000,1’000,No,Yes,No,14,0.1264
SAUDI ARABIA 0.625% 03.03.2030,EUR,Kingdom of Saudi Arabia,XS2308197693,Sovereign,03.03.2030,NA,0.63,Annual,3.262,,90.601,100’000,Saudi Arabia,500’000’000,1’000,No,Yes,No,64,0.1096
SAUDI ARABIA 5.625% 13.01.2035,USD,Kingdom of Saudi Arabia,XS2974969482,Sovereign,13.01.2035,NA,5.63,Semi-Annual,5.052612,,103.7838,200’000,Saudi Arabia,4’000’000’000,1’000,No,Yes,No,113,1.7656
SAUDI ARABIA 2.25% 02.02.2033,USD,Kingdom of Saudi Arabia,XS2294322818,Sovereign,02.02.2033,NA,2.25,Semi-Annual,4.903353,,85.0265,200’000,Saudi Arabia,2’750’000’000,1’000,No,Yes,No,94,0.5875
SAUDI ARABIA 5.375% 13.01.2031,USD,Kingdom of Saudi Arabia,XS2974968161,Sovereign,13.01.2031,NA,5.38,Semi-Annual,4.733064,,102.6618,200’000,Saudi Arabia,3’000’000’000,1’000,No,Yes,No,113,1.6872
SAUDI ARABIA 3.375% 05.03.2032,EUR,Kingdom of Saudi Arabia,XS3015244711,Sovereign,05.03.2032,NA,3.38,Annual,3.734899,,98.094,100’000,Saudi Arabia,1’500’000’000,1’000,No,Yes,No,62,0.5733
SAUDI ARABIA 4.5% 17.04.2030,USD,Kingdom of Saudi Arabia,XS1791939066,Sovereign,17.04.2030,NA,4.50,Semi-Annual,4.637222,,99.539,200’000,Saudi Arabia,3’000’000’000,1’000,No,Yes,No,19,0.2375
SAUDI ARABIA 3.625% 04.03.2028,USD,Kingdom of Saudi Arabia,XS1694217495,Sovereign,04.03.2028,NA,3.63,Semi-Annual,4.597051,,98.34,200’000,Saudi Arabia,5’000’000’000,1’000,No,Yes,No,62,0.6243
SAUDI ARABIA 5.125% 13.01.2028,USD,Kingdom of Saudi Arabia,XS2974923497,Sovereign,13.01.2028,NA,5.13,Semi-Annual,4.509248,,100.9259,200’000,Saudi Arabia,5’000’000’000,1’000,No,Yes,No,113,1.6087
SAUDI ARABIA 5.5% 25.10.2032,USD,Kingdom of Saudi Arabia,XS2548892020,Sovereign,25.10.2032,NA,5.50,Semi-Annual,4.838554,,103.5698,200’000,Saudi Arabia,2’500’000’000,1’000,No,Yes,No,11,0.1681
SAUDI ARABIA 0.75% 09.07.2027,EUR,Kingdom of Saudi Arabia,XS2024540622,Sovereign,09.07.2027,NA,0.75,Annual,3.229233,,97.108,100’000,Saudi Arabia,1’000’000’000,1’000,No,Yes,No,301,0.6185
SAUDI ARABIA 3.25% 26.10.2026,USD,Kingdom of Saudi Arabia,XS1508675417,Sovereign,26.10.2026,NA,3.25,Semi-Annual,4.40696,,99.454,200’000,Saudi Arabia,5’212’325’000,1’000,No,Yes,No,10,0.0903
SAUDI ARABIA 4.75% 16.01.2030,USD,Kingdom of Saudi Arabia,XS2747598444,Sovereign,16.01.2030,NA,4.75,Semi-Annual,4.59726,,100.4231,200’000,Saudi Arabia,3’250’000’000,1’000,No,Yes,No,110,1.4514
SAUDI ARABIA 4.375% 12.01.2031,USD,Kingdom of Saudi Arabia,XS3267899840,Sovereign,12.01.2031,A+,4.38,Semi-Annual,4.69606,,98.5916,200’000,Saudi Arabia,2’750’000’000,1’000,No,Yes,No,114,1.3854
SAUDI ARABIA 4.875% 18.07.2033,USD,Kingdom of Saudi Arabia,XS2577135127,Sovereign,18.07.2033,NA,4.88,Semi-Annual,4.925107,,99.7031,200’000,Saudi Arabia,3’500’000’000,1’000,No,Yes,No,108,1.4625
SAUDI ARABIA 4.75% 18.01.2028,USD,Kingdom of Saudi Arabia,XS2577134401,Sovereign,18.01.2028,NA,4.75,Semi-Annual,4.5166,,100.3437,200’000,Saudi Arabia,3’250’000’000,1’000,No,Yes,No,108,1.425
SAUDI ARABIA 4.125% 12.01.2029,USD,Kingdom of Saudi Arabia,XS3267899683,Sovereign,12.01.2029,A+,4.13,Semi-Annual,4.567362,,98.8786,200’000,Saudi Arabia,2’500’000’000,1’000,No,Yes,No,114,1.3063
SAUDI ARABIA 4.875% 12.01.2036,USD,Kingdom of Saudi Arabia,XS3267901174,Sovereign,12.01.2036,A+,4.88,Semi-Annual,5.10281,,98.2822,200’000,Saudi Arabia,2’750’000’000,1’000,No,Yes,No,114,1.5438
SAUDI ARABIA 2.75% 03.02.2032,USD,Kingdom of Saudi Arabia,XS2109766472,Sovereign,03.02.2032,NA,2.75,Semi-Annual,4.804361,,89.75,200’000,Saudi Arabia,1’000’000’000,1’000,No,Yes,No,93,0.7104
SPAIN 5.25% 06.04.2029,GBP,Kingdom of Spain,XS0096272355,Sovereign,06.04.2029,NR,5.25,Annual,4.596048,,101.634,1’000,Spain,200’000’000,1’000,No,No,No,30,0.4375
SPAIN 0% 31.01.2028,EUR,Kingdom of Spain,ES0000012I08,Sovereign,31.01.2028,NA,0.00,Annual,2.670371,,95.416,1’000,Spain,28’408’116’000,1’000,No,Yes,Yes,95,0.00
SPAIN 2.915% 02.12.2030,JPY,Kingdom of Spain,XS0565340758,Sovereign,02.12.2030,NA,2.92,Semi-Annual,1.706282,,105.294,100’000’000,Spain,20’000’000’000,100’000’000,No,Yes,No,154,1.247
SPAIN 0% 10.07.2026,EUR,Kingdom of Spain,ES0L02607106,Sovereign,10.07.2026,NA,0.00,,1.995902,,99.637,1’000,Spain,8’970’482’000,1’000,No,Yes,Yes,300,0.00
SPAIN 3.2% 31.10.2035,EUR,Kingdom of Spain,ES0000012P33,Sovereign,31.10.2035,NA,3.20,Annual,3.431201,,97.75,1’000,Spain,28’445’015’000,1’000,No,Yes,Yes,187,1.6395
SPAIN 3.1% 30.07.2031,EUR,Kingdom of Spain,ES0000012N43,Sovereign,30.07.2031,NA,3.10,Annual,2.965817,,100.389,1’000,Spain,27’054’155’000,1’000,No,Yes,Yes,280,2.3781
SPAIN 2.35% 31.03.2029,EUR,Kingdom of Spain,ES0000012P90,Sovereign,31.03.2029,NA,2.35,Annual,2.77916,,98.588,1’000,Spain,9’446’196’000,1’000,No,Yes,Yes,36,0.2318
SPAIN 2.4% 31.05.2028,EUR,Kingdom of Spain,ES0000012O59,Sovereign,31.05.2028,NA,2.40,Annual,2.712747,,99.241,1’000,Spain,22’340’256’000,1’000,No,Yes,Yes,340,2.2356
SPAIN 1.4% 30.04.2028,EUR,Kingdom of Spain,ES0000012B39,Sovereign,30.04.2028,NA,1.40,Annual,2.673536,,97.41919,1’000,Spain,27’919’919’000,1’000,No,Yes,Yes,6,0.023
SPAIN 0% 05.02.2027,EUR,Kingdom of Spain,ES0L02702055,Sovereign,05.02.2027,NA,0.00,,2.395094,,98.09,1’000,Spain,4’402’720’000,1’000,No,Yes,Yes,89,0.00
SPAIN 0.5% 30.04.2030,EUR,Kingdom of Spain,ES0000012F76,Sovereign,30.04.2030,NA,0.50,Annual,2.845663,,91.074,1’000,Spain,27’563’373’000,1’000,No,Yes,Yes,6,0.0082
SPAIN 0% 05.03.2027,EUR,Kingdom of Spain,ES0L02703053,Sovereign,05.03.2027,NA,0.00,,2.430302,,97.898,1’000,Spain,4’227’343’000,1’000,No,Yes,Yes,61,0.00
SPAIN 0% 04.12.2026,EUR,Kingdom of Spain,ES0L02612049,Sovereign,04.12.2026,NA,0.00,,2.341528,,98.573,1’000,Spain,6’177’156’000,1’000,No,Yes,Yes,152,0.00
SPAIN 1.25% 31.10.2030,EUR,Kingdom of Spain,ES0000012G34,Sovereign,31.10.2030,NA,1.25,Annual,2.895795,,92.955,1’000,Spain,30’241’721’000,1’000,No,Yes,Yes,187,0.6404
SPAIN 2.5% 31.05.2027,EUR,Kingdom of Spain,ES0000012M77,Sovereign,31.05.2027,NA,2.50,Annual,2.646461,,99.748,1’000,Spain,23’815’497’000,1’000,No,Yes,Yes,340,2.3288
SPAIN 3.15% 30.04.2035,EUR,Kingdom of Spain,ES0000012O67,Sovereign,30.04.2035,NA,3.15,Annual,3.384622,,97.819,1’000,Spain,26’234’454’000,1’000,No,Yes,Yes,6,0.0518
SPAIN 0% 08.05.2026,EUR,Kingdom of Spain,ES0L02605084,Sovereign,08.05.2026,NA,0.00,,1.950218,,99.989,1’000,Spain,9’009’452’000,1’000,No,Yes,Yes,362,0.00
SPAIN 2.7% 31.01.2030,EUR,Kingdom of Spain,ES0000012O00,Sovereign,31.01.2030,NA,2.70,Annual,2.842203,,99.296,1’000,Spain,22’684’382’000,1’000,No,Yes,Yes,95,0.7027
SPAIN 1.4% 30.07.2028,EUR,Kingdom of Spain,ES0000012B88,Sovereign,30.07.2028,NA,1.40,Annual,2.680466,,97.105581,1’000,Spain,26’689’438’000,1’000,No,Yes,Yes,280,1.074
SPAIN 0% 09.10.2026,EUR,Kingdom of Spain,ES0L02610092,Sovereign,09.10.2026,NA,0.00,,2.230193,,98.999,1’000,Spain,8’953’967’000,1’000,No,Yes,Yes,208,0.00
SPAIN 0.5% 31.10.2031,EUR,Kingdom of Spain,ES0000012I32,Sovereign,31.10.2031,NA,0.50,Annual,2.99294,,87.342,1’000,Spain,25’938’543’000,1’000,No,Yes,Yes,187,0.2562
SPAIN 0% 06.11.2026,EUR,Kingdom of Spain,ES0L02611066,Sovereign,06.11.2026,NA,0.00,,2.335459,,98.79,1’000,Spain,5’661’681’000,1’000,No,Yes,Yes,180,0.00
SPAIN 2.55% 31.10.2032,EUR,Kingdom of Spain,ES0000012K61,Sovereign,31.10.2032,NA,2.55,Annual,3.108008,,96.486,1’000,Spain,27’361’176’000,1’000,No,Yes,Yes,187,1.3064
SPAIN 0.6% 31.10.2029,EUR,Kingdom of Spain,ES0000012F43,Sovereign,31.10.2029,NA,0.60,Annual,2.794768,,92.617,1’000,Spain,25’484’312’000,1’000,No,Yes,Yes,187,0.3074
SPAIN 1.3% 31.10.2026,EUR,Kingdom of Spain,ES00000128H5,Sovereign,31.10.2026,NR,1.30,Annual,2.326815,,99.446969,1’000,Spain,28’619’365’000,1’000,No,Yes,Yes,187,0.666
SPAIN 0% 15.01.2027,EUR,Kingdom of Spain,ES0L02701156,Sovereign,15.01.2027,NA,0.00,,2.407281,,98.248,1’000,Spain,6’452’801’000,1’000,No,Yes,Yes,110,0.00
SPAIN 2.8% 31.05.2026,EUR,Kingdom of Spain,ES0000012L29,Sovereign,31.05.2026,NA,2.80,Annual,2.205658,,100.029,1’000,Spain,23’585’400’000,1’000,No,Yes,Yes,340,2.6082
SPAIN 0% 31.01.2027,EUR,Kingdom of Spain,ES0000012J15,Sovereign,31.01.2027,NA,0.00,Annual,2.476321,,98.13,1’000,Spain,22’790’169’000,1’000,No,Yes,Yes,95,0.00
SPAIN 3.55% 31.10.2033,EUR,Kingdom of Spain,ES0000012L78,Sovereign,31.10.2033,NA,3.55,Annual,3.236928,,101.72,1’000,Spain,26’711’488’000,1’000,No,Yes,Yes,187,1.8188
SPAIN 1.45% 31.10.2027,EUR,Kingdom of Spain,ES0000012A89,Sovereign,31.10.2027,NR,1.45,Annual,2.644058,,98.157305,1’000,Spain,25’076’332’000,1’000,No,Yes,Yes,187,0.7429
SPAIN 5.75% 30.07.2032,EUR,Kingdom of Spain,ES0000012411,Sovereign,30.07.2032,NR,5.75,Annual,3.048201,,114.845606,1’000,Spain,23’844’611’000,1’000,No,Yes,Yes,280,4.411
SPAIN 0% 04.09.2026,EUR,Kingdom of Spain,ES0L02609045,Sovereign,04.09.2026,NA,0.00,,2.141821,,99.251,1’000,Spain,7’935’337’000,1’000,No,Yes,Yes,243,0.00
SPAIN 3.3% 30.04.2036,EUR,Kingdom of Spain,ES0000012Q08,Sovereign,30.04.2036,NA,3.30,Annual,3.467978,,98.144,1’000,Spain,20’668’513’000,1’000,No,Yes,Yes,6,0.0542
SPAIN 1.95% 30.07.2030,EUR,Kingdom of Spain,ES00000127A2,Sovereign,30.07.2030,NR,1.95,Annual,2.860947,,96.198793,1’000,Spain,27’591’302’000,1’000,No,Yes,Yes,280,1.4959
SPAIN 0.7% 30.04.2032,EUR,Kingdom of Spain,ES0000012K20,Sovereign,30.04.2032,NA,0.70,Annual,3.057355,,87.055,1’000,Spain,29’085’289’000,1’000,No,Yes,Yes,6,0.0115
SPAIN 0% 09.04.2027,EUR,Kingdom of Spain,ES0L02704093,Sovereign,09.04.2027,NA,0.00,,2.501312,,97.599,1’000,Spain,5’297’784’000,1’000,No,Yes,Yes,26,0.00
SPAIN 3.5% 31.05.2029,EUR,Kingdom of Spain,ES0000012M51,Sovereign,31.05.2029,NA,3.50,Annual,2.767988,,101.948,1’000,Spain,28’935’953’000,1’000,No,Yes,Yes,340,3.2603
SPAIN 2.35% 30.07.2033,EUR,Kingdom of Spain,ES00000128Q6,Sovereign,30.07.2033,NR,2.35,Annual,3.193803,,94.335148,1’000,Spain,22’596’026’000,1’000,No,Yes,Yes,280,1.8027
SPAIN 0.1% 30.04.2031,EUR,Kingdom of Spain,ES0000012H41,Sovereign,30.04.2031,NA,0.10,Annual,2.937977,,86.819,1’000,Spain,28’197’314’000,1’000,No,Yes,Yes,6,0.0016
SPAIN 3.25% 30.04.2034,EUR,Kingdom of Spain,ES0000012M85,Sovereign,30.04.2034,NA,3.25,Annual,3.298236,,99.316,1’000,Spain,24’512’712’000,1’000,No,Yes,Yes,6,0.0534
SPAIN 3.45% 31.10.2034,EUR,Kingdom of Spain,ES0000012N35,Sovereign,31.10.2034,NA,3.45,Annual,3.34088,,100.405,1’000,Spain,25’957’416’000,1’000,No,Yes,Yes,187,1.7675
SPAIN 3% 31.01.2033,EUR,Kingdom of Spain,ES0000012P74,Sovereign,31.01.2033,NA,3.00,Annual,3.156154,,98.787,1’000,Spain,16’750’534’000,1’000,No,Yes,Yes,95,0.7808
SPAIN 2.6% 31.05.2031,EUR,Kingdom of Spain,ES0000012Q16,Sovereign,31.05.2031,NA,2.60,Annual,2.942131,,98.143,1’000,Spain,7’885’995’000,1’000,No,Yes,Yes,71,0.5058
SPAIN 0% 05.06.2026,EUR,Kingdom of Spain,ES0L02606058,Sovereign,05.06.2026,NA,0.00,,1.931433,,99.839,1’000,Spain,8’468’803’000,1’000,No,Yes,Yes,334,0.00
SPAIN 0.8% 30.07.2029,EUR,Kingdom of Spain,ES0000012K53,Sovereign,30.07.2029,NA,0.80,Annual,2.7988,,93.74,1’000,Spain,27’423’408’000,1’000,No,Yes,Yes,280,0.6137
SPAIN 0.8% 30.07.2027,EUR,Kingdom of Spain,ES0000012G26,Sovereign,30.07.2027,NA,0.80,Annual,2.635738,,97.681,1’000,Spain,23’002’777’000,1’000,No,Yes,Yes,280,0.6137
SPAIN 0% 07.08.2026,EUR,Kingdom of Spain,ES0L02608070,Sovereign,07.08.2026,NA,0.00,,2.099,,99.438,1’000,Spain,7’806’056’000,1’000,No,Yes,Yes,271,0.00
SPAIN 1.85% 30.07.2035,EUR,Kingdom of Spain,ES0000012E69,Sovereign,30.07.2035,NA,1.85,Annual,3.390821,,87.584,1’000,Spain,25’069’438’000,1’000,No,Yes,Yes,280,1.4192
SPAIN 3.15% 30.04.2033,EUR,Kingdom of Spain,ES0000012L52,Sovereign,30.04.2033,NA,3.15,Annual,3.175332,,99.538,1’000,Spain,25’679’589’000,1’000,No,Yes,Yes,6,0.0518
SPAIN 1.45% 30.04.2029,EUR,Kingdom of Spain,ES0000012E51,Sovereign,30.04.2029,NA,1.45,Annual,2.735578,,96.212366,1’000,Spain,24’530’192’000,1’000,No,Yes,Yes,6,0.0238
SPAIN 6% 31.01.2029,EUR,Kingdom of Spain,ES0000011868,Sovereign,31.01.2029,NR,6.00,Annual,2.698791,,108.441064,1’000,Spain,23’673’062’979,1’000,No,Yes,Yes,95,1.5616
SPAIN 5.15% 31.10.2028,EUR,Kingdom of Spain,ES00000124C5,Sovereign,31.10.2028,NR,5.15,Annual,2.701783,,105.639258,1’000,Spain,24’266’450’000,1’000,No,Yes,Yes,187,2.6385
SPAIN 1.5% 30.04.2027,EUR,Kingdom of Spain,ES00000128P8,Sovereign,30.04.2027,NR,1.50,Annual,2.583936,,98.862499,1’000,Spain,25’709’998’000,1’000,No,Yes,Yes,6,0.0247
SPAIN 5.9% 30.07.2026,EUR,Kingdom of Spain,ES00000123C7,Sovereign,30.07.2026,NR,5.90,Annual,2.132089,,100.85119,1’000,Spain,23’864’214’000,1’000,No,Yes,Yes,280,4.526
SWEDEN 0% 16.12.2026,SEK,Kingdom of Sweden,SE0027099375,Sovereign,16.12.2026,NA,0.00,,2.14063,,98.688,5’000,Sweden,35’000’000’000,5’000,No,Yes,No,,
SWEDEN 2.25% 01.06.2032,SEK,Kingdom of Sweden,SE0004517290,Sovereign,01.06.2032,NR,2.25,Annual,2.609348,,98.196,5’000,Sweden,54’097’000’000,5’000,No,Yes,Yes,160,1.00
SWEDEN 2.25% 11.05.2035,SEK,Kingdom of Sweden,SE0021308541,Sovereign,11.05.2035,NA,2.25,Annual,2.830185,,96.67,5’000,Sweden,88’750’000’000,5’000,No,Yes,Yes,180,1.125
SWEDEN 0.125% 09.09.2030,SEK,Kingdom of Sweden,XS2226974504,Sovereign,09.09.2030,NA,0.13,Annual,2.51265,,90.587,1’000’000,Sweden,20’000’000’000,10’000,No,Yes,No,237,0.0823
SWEDEN 2% 26.06.2028,EUR,Kingdom of Sweden,XS3101501776,Sovereign,26.06.2028,NA,2.00,Annual,2.708555,,98.397,100’000,Sweden,2’000’000’000,1’000,No,Yes,No,314,1.7205
SWEDEN 0% 16.09.2026,SEK,Kingdom of Sweden,SE0026142598,Sovereign,16.09.2026,NA,0.00,,1.970149,,98.658,5’000,Sweden,37’500’000’000,5’000,No,Yes,No,56,0.00
SWEDEN 0.75% 12.11.2029,SEK,Kingdom of Sweden,SE0011281922,Sovereign,12.11.2029,NA,0.75,Annual,2.519299,,94.336,5’000,Sweden,90’339’000’000,5’000,No,Yes,Yes,1,-0.00208
SWEDEN 0.125% 12.05.2031,SEK,Kingdom of Sweden,SE0013935319,Sovereign,12.05.2031,NA,0.13,Annual,2.616557,,88.815,5’000,Sweden,75’390’000’000,5’000,No,Yes,Yes,179,0.06215
SWEDEN 0% 17.06.2026,SEK,Kingdom of Sweden,SE0025198237,Sovereign,17.06.2026,NA,0.00,,1.850141,,99.787,5’000,Sweden,35’000’000’000,5’000,No,Yes,No,141,0.00
SWEDEN 0.75% 12.05.2028,SEK,Kingdom of Sweden,SE0009496367,Sovereign,12.05.2028,NA,0.75,Annual,2.455409,,96.809,5’000,Sweden,90’013’000’000,5’000,No,Yes,Yes,179,0.373
SWEDEN 0% 17.03.2027,SEK,Kingdom of Sweden,SE0028001073,Sovereign,17.03.2027,NA,0.00,,2.270453,,98.056,5’000,Sweden,23’100’000’000,5’000,No,Yes,No,,
SWEDEN 0% 19.08.2026,SEK,Kingdom of Sweden,SE0028778225,Sovereign,19.08.2026,NA,0.00,,1.917517,,99.445,5’000,Sweden,10’000’000’000,5’000,No,Yes,No,,
SWEDEN 1.75% 11.11.2033,SEK,Kingdom of Sweden,SE0017830730,Sovereign,11.11.2033,NA,1.75,Annual,2.737814,,94.09,5’000,Sweden,62’960’000’000,5’000,No,Yes,Yes,,0.00
SWEDEN 0% 20.05.2026,SEK,Kingdom of Sweden,SE0027620337,Sovereign,20.05.2026,NA,0.00,,1.804266,,99.929,5’000,Sweden,20’000’000’000,5’000,No,Yes,No,,
SWEDEN 0% 15.07.2026,SEK,Kingdom of Sweden,SE0028355024,Sovereign,15.07.2026,NA,0.00,,1.88247,,99.636,5’000,Sweden,20’000’000’000,5’000,No,Yes,No,,
SWEDEN 1% 12.11.2026,SEK,Kingdom of Sweden,SE0007125927,Sovereign,12.11.2026,NA,1.00,Annual,2.165371,,99.419,5’000,Sweden,96’414’000’000,5’000,No,Yes,Yes,1,-0.00278
SWEDEN 3.375% 28.01.2028,USD,Kingdom of Sweden,XS3216984099,Sovereign,28.01.2028,NA,3.38,Semi-Annual,3.849224,,99.1221,100’000,Sweden,2’000’000’000,1’000,No,Yes,No,98,0.9188
NETHERLANDS 0.75% 15.07.2027,EUR,Kingdom of the Netherlands,NL0012171458,Sovereign,15.07.2027,NA,0.75,Annual,2.559259,,97.81,1,Netherlands,17’617’926’000,1,No,Yes,No,295,0.6062
NETHERLANDS 0.5% 15.07.2026,EUR,Kingdom of the Netherlands,NL0011819040,Sovereign,15.07.2026,NA,0.50,Annual,2.001139,,99.70,1,Netherlands,17’171’051’000,1,No,Yes,No,295,0.4041
NETHERLANDS 2.5% 15.07.2035,EUR,Kingdom of the Netherlands,NL0015002F72,Sovereign,15.07.2035,NA,2.50,Annual,3.056334,,95.17,1,Netherlands,13’620’507’000,1,No,Yes,No,295,2.0205
NETHERLANDS 0.25% 15.07.2029,EUR,Kingdom of the Netherlands,NL0013332430,Sovereign,15.07.2029,NA,0.25,Annual,2.679255,,92.46,1,Netherlands,14’659’587’000,1,No,Yes,No,295,0.2021
NETHERLANDS 0.5% 15.07.2032,EUR,Kingdom of the Netherlands,NL0015000RP1,Sovereign,15.07.2032,NA,0.50,Annual,2.888425,,86.41,1,Netherlands,16’035’815’000,1,No,Yes,No,295,0.4041
NETHERLANDS 2.5% 15.01.2030,EUR,Kingdom of the Netherlands,NL0015001DQ7,Sovereign,15.01.2030,NA,2.50,Annual,2.72371,,99.01,1,Netherlands,15’125’000’000,1,No,Yes,No,111,0.7603
NETHERLANDS 0.75% 15.07.2028,EUR,Kingdom of the Netherlands,NL0012818504,Sovereign,15.07.2028,NA,0.75,Annual,2.610014,,95.93,1,Netherlands,19’331’941’000,1,No,Yes,No,295,0.6062
NETHERLANDS 0% 15.07.2030,EUR,Kingdom of the Netherlands,NL0014555419,Sovereign,15.07.2030,NA,0.00,Annual,2.748262,,89.00,1,Netherlands,16’313’462’000,1,No,Yes,No,295,0.00
NETHERLANDS 0% 29.09.2026,EUR,Kingdom of the Netherlands,NL00150740W0,Sovereign,29.09.2026,NA,0.00,,2.154879,,99.0955,1,Netherlands,2’590’000’000,1,No,Yes,No,27,0.00
NETHERLANDS 0% 28.08.2026,EUR,Kingdom of the Netherlands,NL0015073VU0,Sovereign,28.08.2026,NA,0.00,,2.089622,,99.314,1,Netherlands,3’310’000’000,1,No,Yes,No,63,0.00
NETHERLANDS 0% 15.01.2029,EUR,Kingdom of the Netherlands,NL0015000LS8,Sovereign,15.01.2029,NA,0.00,Annual,2.647425,,93.03,1,Netherlands,16’476’000’000,1,No,Yes,No,111,0.00
NETHERLANDS 0% 28.05.2026,EUR,Kingdom of the Netherlands,NL0015002XE9,Sovereign,28.05.2026,NA,0.00,,1.902526,,99.885086,1,Netherlands,5’860’000’000,1,No,Yes,No,154,0.00
NETHERLANDS 2.5% 15.01.2033,EUR,Kingdom of the Netherlands,NL0010071189,Sovereign,15.01.2033,NA,2.50,Annual,2.891268,,97.36,1,Netherlands,15’507’900’000,1,No,Yes,No,111,0.7603
NETHERLANDS 2.5% 15.07.2033,EUR,Kingdom of the Netherlands,NL0015001AM2,Sovereign,15.07.2033,NA,2.50,Annual,2.959282,,96.78,1,Netherlands,12’159’993’000,1,No,Yes,No,295,2.0205
NETHERLANDS 2.5% 15.07.2034,EUR,Kingdom of the Netherlands,NL0015001XZ6,Sovereign,15.07.2034,NA,2.50,Annual,3.014834,,95.98,1,Netherlands,13’353’584’000,1,No,Yes,No,295,2.0205
NETHERLANDS 2.5% 15.01.2031,EUR,Kingdom of the Netherlands,NL0015073TQ2,Sovereign,15.01.2031,NA,2.50,Annual,2.780635,,98.50,1,Netherlands,8’969’000’000,1,No,Yes,No,111,0.7603
NETHERLANDS 0% 15.01.2027,EUR,Kingdom of the Netherlands,NL0015031501,Sovereign,15.01.2027,NA,0.00,Annual,2.332135,,98.37,1,Netherlands,14’954’000’000,1,No,Yes,No,111,0.00
NETHERLANDS 0% 15.07.2031,EUR,Kingdom of the Netherlands,NL00150006U0,Sovereign,15.07.2031,NA,0.00,Annual,2.818915,,86.36,1,Netherlands,17’530’805’000,1,No,Yes,No,295,0.00
NETHERLANDS 5.5% 15.01.2028,EUR,Kingdom of the Netherlands,NL0000102317,Sovereign,15.01.2028,NR,5.50,Annual,2.576338,,104.66,1,Netherlands,13’027’960’851,1,No,Yes,No,300,4.52055
NETHERLANDS 0% 29.06.2026,EUR,Kingdom of the Netherlands,NL0015073S14,Sovereign,29.06.2026,NA,0.00,,1.939353,,99.706336,1,Netherlands,6’460’000’000,1,No,Yes,No,119,0.00
NETHERLANDS 0% 30.07.2026,EUR,Kingdom of the Netherlands,NL0015073UH9,Sovereign,30.07.2026,NA,0.00,,2.011088,,99.5101,1,Netherlands,5’490’000’000,1,No,Yes,No,91,0.00
KYRGYZSTAN 7.75% 03.06.2030,USD,Kyrgyz Republic,XS3080755591,Sovereign,03.06.2030,B+,7.75,Semi-Annual,7.060275,,102.1786,200’000,,700’000’000,1’000,No,Yes,No,153,3.2938
MONTENEGRO 2.875% 16.12.2027,EUR,Montenegro,XS2270576700,Sovereign,16.12.2027,B+,2.88,Annual,4.000362,,98.296,100’000,Montenegro,750’000’000,1’000,No,Yes,No,330,2.59932
MONTENEGRO 7.25% 12.03.2031,USD,Montenegro,XS2779850630,Sovereign,12.03.2031,B+,7.25,Semi-Annual,5.807428,,106.00,200’000,Montenegro,750’000’000,1’000,No,Yes,No,54,1.0875
MONTENEGRO 2.55% 03.10.2029,EUR,Montenegro,XS2050982755,Sovereign,03.10.2029,B+,2.55,Annual,4.092697,,95.184,100’000,Montenegro,500’000’000,1’000,No,Yes,No,215,1.5021
MONTENEGRO 4.875% 01.04.2032,EUR,Montenegro,XS3037625319,Sovereign,01.04.2032,B+,4.88,Annual,4.704527,,100.846,100’000,Montenegro,850’000’000,1’000,No,Yes,No,35,0.4675
NEW ZEALAND 0.25% 15.05.2028,NZD,New Zealand,NZGOVDT528C6,Sovereign,15.05.2028,AAA,0.25,Semi-Annual,3.578,,93.556,10’000,New Zealand,15’420’000’000,1’000,No,Yes,No,9,-0.0062
NEW ZEALAND 3.5% 14.04.2033,NZD,New Zealand,NZGOVDT433C9,Sovereign,14.04.2033,AAA,3.50,Semi-Annual,4.367,,94.852,10’000,New Zealand,16’784’000’000,1’000,No,Yes,No,22,0.2104
NEW ZEALAND 0% 13.01.2027,NZD,New Zealand,NZRTBDTRACC1,Sovereign,13.01.2027,NA,0.00,,2.838301,,98.070588,10’000,New Zealand,175’000’000,1’000,No,Yes,Yes,111,0.00
NEW ZEALAND 0% 21.10.2026,NZD,New Zealand,NZRTBDTQJKC7,Sovereign,21.10.2026,NA,0.00,,2.608931,,98.806447,10’000,New Zealand,280’000’000,1’000,No,Yes,Yes,195,0.00
NEW ZEALAND 3% 20.04.2029,NZD,New Zealand,NZGOVDT429C7,Sovereign,20.04.2029,AAA,3.00,Semi-Annual,3.7675,,97.870621,10’000,New Zealand,21’841’000’000,1’000,No,Yes,No,16,0.1311
NEW ZEALAND 0% 10.02.2027,NZD,New Zealand,NZRTBDTRB0C8,Sovereign,10.02.2027,NA,0.00,,2.908192,,97.81012,10’000,New Zealand,170’000’000,1’000,No,Yes,Yes,83,0.00
NEW ZEALAND 0% 29.07.2026,NZD,New Zealand,NZRTBDTQGSC6,Sovereign,29.07.2026,NA,0.00,,2.439452,,99.43925,10’000,New Zealand,405’000’000,1’000,No,Yes,Yes,279,0.00
NEW ZEALAND 1.5% 15.05.2031,NZD,New Zealand,NZGOVDT531C0,Sovereign,15.05.2031,AAA,1.50,Semi-Annual,4.148,,88.20704,10’000,New Zealand,19’309’000’000,1’000,No,Yes,No,9,-0.0373
NEW ZEALAND 0% 18.11.2026,NZD,New Zealand,NZRTBDTQKHC1,Sovereign,18.11.2026,NA,0.00,,2.678521,,98.574934,10’000,New Zealand,200’000’000,1’000,No,Yes,Yes,167,0.00
NEW ZEALAND 4.5% 15.04.2027,NZD,New Zealand,NZGOVDT427C1,Sovereign,15.04.2027,AAA,4.50,Semi-Annual,3.02,,101.364,10’000,New Zealand,17’963’000’000,1’000,No,Yes,No,21,0.2582
NEW ZEALAND 0.5% 15.05.2026,NZD,New Zealand,NZGOVDT526C0,Sovereign,15.05.2026,AAA,0.50,Semi-Annual,2.30,,99.955281,10’000,New Zealand,7’855’000’000,1’000,No,Yes,No,9,-0.0124
NEW ZEALAND 4.5% 15.05.2030,NZD,New Zealand,NZGOVDT530C2,Sovereign,15.05.2030,AAA,4.50,Semi-Annual,3.94,,102.06672,10’000,New Zealand,19’225’000’000,1’000,No,Yes,No,9,-0.1119
NEW ZEALAND 4.25% 15.05.2034,NZD,New Zealand,NZGOVDT534C4,Sovereign,15.05.2034,AAA,4.25,Semi-Annual,4.465,,98.564432,10’000,New Zealand,11’875’000’000,1’000,No,Yes,No,9,-0.1057
NEW ZEALAND 0% 23.09.2026,NZD,New Zealand,NZRTBDTQIMC5,Sovereign,23.09.2026,NA,0.00,,2.551781,,99.026627,10’000,New Zealand,550’000’000,1’000,No,Yes,Yes,223,0.00
NEW ZEALAND 2% 15.05.2032,NZD,New Zealand,NZGOVDT532C8,Sovereign,15.05.2032,AAA,2.00,Semi-Annual,4.27,,88.053137,10’000,New Zealand,14’725’000’000,1’000,No,Yes,No,9,-0.0497
NEW ZEALAND 0% 07.04.2027,NZD,New Zealand,NZRTBDTRD7C1,Sovereign,07.04.2027,NA,0.00,,3.030822,,97.277854,10’000,New Zealand,200’000’000,1’000,No,Yes,Yes,27,0.00
NEW ZEALAND 0% 01.07.2026,NZD,New Zealand,NZRTBDTQG1C2,Sovereign,01.07.2026,NA,0.00,,2.367397,,99.629913,10’000,New Zealand,1’000’000’000,1’000,No,Yes,Yes,307,0.00
NEW ZEALAND 0% 26.08.2026,NZD,New Zealand,NZRTBDTQHPC0,Sovereign,26.08.2026,NA,0.00,,2.502904,,99.237184,10’000,New Zealand,600’000’000,1’000,No,Yes,Yes,251,0.00
NEW ZEALAND 0% 03.06.2026,NZD,New Zealand,NZRTBDTQF3C9,Sovereign,03.06.2026,NA,0.00,,2.30,,99.81601,10’000,New Zealand,510’000’000,1’000,No,Yes,Yes,335,0.00
NEW ZEALAND 0% 06.05.2026,NZD,New Zealand,NZRTBDTQE6C3,Sovereign,06.05.2026,NA,0.00,,2.20,,99.993918,10’000,New Zealand,515’000’000,1’000,No,Yes,Yes,349,0.00
NEW ZEALAND 4.5% 15.05.2035,NZD,New Zealand,NZGOVDT535C1,Sovereign,15.05.2035,AAA,4.50,Semi-Annual,4.5525,,99.616308,10’000,New Zealand,15’300’000’000,1’000,No,Yes,No,9,-0.1119
NEW ZEALAND 0% 10.03.2027,NZD,New Zealand,NZRTBDTRC0C7,Sovereign,10.03.2027,NA,0.00,,2.982356,,97.537387,10’000,New Zealand,150’000’000,1’000,No,Yes,Yes,55,0.00
CHINA 1.75% 26.10.2031,USD,People's Republic of China,USY5325QAF91,Sovereign,26.10.2031,A+,1.75,Semi-Annual,3.648021,,90.3031,200’000,China,1’000’000’000,1’000,No,Yes,No,9,0.0438
CHINA 1.25% 26.10.2026,USD,People's Republic of China,USY5325QAE27,Sovereign,26.10.2026,A+,1.25,Semi-Annual,3.880302,,98.7591,200’000,China,1’500’000’000,1’000,No,Yes,No,9,0.0313
CHINA 7.5% 28.10.2027,USD,People's Republic of China,US712219AG90,Sovereign,28.10.2027,A+,7.50,Semi-Annual,3.585207,,105.628,1’000,China,100’000’000,1’000,No,No,No,7,0.1458
CHINA 0.625% 17.11.2033,EUR,People's Republic of China,HK0000789559,Sovereign,17.11.2033,A+,0.63,Annual,2.970014,,84.057,100’000,China,1’000’000’000,1’000,No,Yes,No,171,0.2928
CHINA 3.5% 19.10.2028,USD,People's Republic of China,XS1891574441,Sovereign,19.10.2028,NA,3.50,Semi-Annual,3.627907,,99.585,200’000,China,1’000’000’000,1’000,No,Yes,No,17,0.1653
CHINA 2.375% 25.11.2029,EUR,People's Republic of China,HK0001221297,Sovereign,25.11.2029,A+,2.38,Annual,2.486002,,99.583,100’000,China,2’000’000’000,1’000,No,Yes,No,164,1.0671
CHINA 0.25% 25.11.2030,EUR,People's Republic of China,XS2259626856,Sovereign,25.11.2030,A+,0.25,Annual,2.906422,,88.716,100’000,China,2’000’000’000,1’000,No,Yes,No,162,0.111
CHINA 4.25% 20.11.2029,USD,People's Republic of China,USY15025AF98,Sovereign,20.11.2029,A+,4.25,Semi-Annual,3.616826,,101.9478,200’000,China,750’000’000,1’000,No,Yes,No,165,1.9479
CHINA 0.5% 12.11.2031,EUR,People's Republic of China,XS2078533218,Sovereign,12.11.2031,A+,0.50,Annual,2.906504,,87.717,100’000,China,1’000’000’000,1’000,No,Yes,No,175,0.2397
CHINA 0.625% 25.11.2035,EUR,People's Republic of China,XS2259627235,Sovereign,25.11.2035,A+,0.63,Annual,3.009847,,80.165,100’000,China,1’250’000’000,1’000,No,Yes,No,162,0.2774
CHINA 4.125% 20.11.2027,USD,People's Republic of China,USY15025AE24,Sovereign,20.11.2027,A+,4.13,Semi-Annual,3.518066,,100.7899,200’000,China,1’250’000’000,1’000,No,Yes,No,165,1.8906
CHINA 2.625% 02.11.2027,USD,People's Republic of China,XS1706605281,Sovereign,02.11.2027,NA,2.63,Semi-Annual,3.543948,,98.624,200’000,China,1’000’000’000,1’000,No,Yes,No,4,0.0292
CHINA 0.125% 12.11.2026,EUR,People's Republic of China,XS2078532913,Sovereign,12.11.2026,A+,0.13,Annual,2.688027,,98.651,100’000,China,2’000’000’000,1’000,No,Yes,No,175,0.0599
CHINA 0.125% 17.11.2028,EUR,People's Republic of China,XS2407277735,Sovereign,17.11.2028,A+,0.13,Annual,2.592962,,93.942,100’000,China,1’500’000’000,1’000,No,Yes,No,170,0.0582
CHINA 2.125% 03.12.2029,USD,People's Republic of China,XS2084425110,Sovereign,03.12.2029,NA,2.13,Semi-Annual,3.572895,,95.023,200’000,China,2’000’000’000,1’000,No,Yes,No,153,0.9031
CHINA 2.625% 25.11.2032,EUR,People's Republic of China,HK0001221305,Sovereign,25.11.2032,A+,2.63,Annual,2.739864,,99.179,100’000,China,2’000’000’000,1’000,No,Yes,No,163,1.1723
ANDORRA 1.25% 23.02.2027,EUR,Principality of Andorra,XS2445667236,Sovereign,23.02.2027,NA,1.25,Annual,3.125485,,98.474,100’000,Andorra,500’000’000,100’000,No,Yes,No,72,0.2466
ANDORRA 1.25% 06.05.2031,EUR,Principality of Andorra,XS2339399946,Sovereign,06.05.2031,A-,1.25,Annual,3.469203,,89.73,100’000,Andorra,500’000’000,100’000,No,Yes,No,,0.00
BULGARIA 3.625% 05.09.2032,EUR,REPUBLIC OF BULGARIA,XS2890420834,Sovereign,05.09.2032,NA,3.63,Annual,3.408207,,101.158,1’000,Bulgaria,1’750’000’000,1’000,No,Yes,No,243,2.4134
BULGARIA 0.375% 23.09.2030,EUR,REPUBLIC OF BULGARIA,XS2234571425,Sovereign,23.09.2030,NA,0.38,Annual,3.147703,,88.746,1’000,Bulgaria,1’250’000’000,1’000,No,Yes,No,225,0.2312
BULGARIA 4.375% 13.05.2031,EUR,REPUBLIC OF BULGARIA,XS2716887760,Sovereign,13.05.2031,NA,4.38,Annual,3.169041,,105.301,1’000,Bulgaria,1’300’000’000,1’000,No,Yes,No,358,4.2911
BULGARIA 4.625% 23.09.2034,EUR,REPUBLIC OF BULGARIA,XS2536817484,Sovereign,23.09.2034,NA,4.63,Annual,3.62616,,106.937,1’000,Bulgaria,750’000’000,1’000,No,Yes,No,225,2.851
BULGARIA 3.125% 26.03.2035,EUR,REPUBLIC OF BULGARIA,XS1208856341,Sovereign,26.03.2035,BBB+,3.13,Annual,3.737329,,95.349,100’000,Bulgaria,900’000’000,1’000,No,Yes,No,41,0.351
BULGARIA 4.5% 27.01.2033,EUR,REPUBLIC OF BULGARIA,XS2579483319,Sovereign,27.01.2033,NA,4.50,Annual,3.44776,,106.116,1’000,Bulgaria,1’500’000’000,1’000,No,Yes,No,99,1.2205
BULGARIA 2.625% 26.03.2027,EUR,REPUBLIC OF BULGARIA,XS1208855889,Sovereign,26.03.2027,BBB+,2.63,Annual,2.743775,,99.82,100’000,Bulgaria,1’000’000’000,1’000,No,Yes,No,41,0.2949
BULGARIA 3.375% 18.07.2035,EUR,REPUBLIC OF BULGARIA,XS3124345631,Sovereign,18.07.2035,NA,3.38,Annual,3.800485,,96.585,1’000,Bulgaria,2’000’000’000,1’000,No,Yes,No,292,2.70
BULGARIA 4.125% 23.09.2029,EUR,REPUBLIC OF BULGARIA,XS2536817211,Sovereign,23.09.2029,NA,4.13,Annual,2.950499,,103.61,1’000,Bulgaria,1’500’000’000,1’000,No,Yes,No,225,2.5428
BULGARIA 3.5% 07.05.2034,EUR,REPUBLIC OF BULGARIA,XS3063879368,Sovereign,07.05.2034,NA,3.50,Annual,3.672356,,98.789,1’000,Bulgaria,2’250’000’000,1’000,No,Yes,No,364,3.4904
BULGARIA 3% 21.03.2028,EUR,REPUBLIC OF BULGARIA,XS1382696398,Sovereign,21.03.2028,BBB+,3.00,Annual,2.906714,,100.11,100’000,Bulgaria,850’000’000,1’000,No,Yes,No,46,0.3781
SLOVENIA 1% 06.03.2028,EUR,REPUBLIC OF SLOVENIA,SI0002103776,Sovereign,06.03.2028,AA,1.00,Annual,2.70074,,96.97,1’000,Slovenia,2’350’000’000,1’000,No,Yes,No,61,0.1671
SLOVENIA 0% 09.07.2026,EUR,REPUBLIC OF SLOVENIA,SI0002504148,Sovereign,09.07.2026,NA,0.00,,2.122374,,99.63,1’000,Slovenia,51’737’000,1’000,No,Yes,No,118,0.00
SLOVENIA 0% 07.05.2026,EUR,REPUBLIC OF SLOVENIA,SI0002504007,Sovereign,07.05.2026,NA,0.00,,3.565771,,99.99,1’000,Slovenia,49’502’000,1’000,No,Yes,No,363,0.00
SLOVENIA 0% 12.02.2031,EUR,REPUBLIC OF SLOVENIA,SI0002104105,Sovereign,12.02.2031,AA,0.00,Annual,2.988015,,86.62,1’000,Slovenia,2’142’508’000,1’000,No,Yes,No,83,0.00
SLOVENIA 0% 08.10.2026,EUR,REPUBLIC OF SLOVENIA,SI0002104972,Sovereign,08.10.2026,NA,0.00,,2.261729,,99.03,1’000,Slovenia,80’778’000,1’000,No,Yes,No,210,0.00
SLOVENIA 0.275% 14.01.2030,EUR,REPUBLIC OF SLOVENIA,SI0002103966,Sovereign,14.01.2030,AA,0.28,Annual,2.749469,,91.21,1’000,Slovenia,1’735’000’000,1’000,No,Yes,No,112,0.0844
SLOVENIA 1.25% 22.03.2027,EUR,REPUBLIC OF SLOVENIA,SI0002103685,Sovereign,22.03.2027,AA,1.25,Annual,2.552845,,98.86,1’000,Slovenia,2’833’778’000,1’000,No,Yes,No,45,0.1541
SLOVENIA 0% 07.01.2027,EUR,REPUBLIC OF SLOVENIA,SI0002504155,Sovereign,07.01.2027,NA,0.00,,2.471478,,98.31,1’000,Slovenia,59’643’000,1’000,No,Yes,No,118,0.00
SLOVENIA 0% 08.10.2026,EUR,REPUBLIC OF SLOVENIA,SI0002504270,Sovereign,08.10.2026,NA,0.00,,2.357851,,98.99,1’000,Slovenia,44’834’000,1’000,No,Yes,No,20,0.00
SLOVENIA 5% 19.09.2033,USD,REPUBLIC OF SLOVENIA,XS2635185437,Sovereign,19.09.2033,AA,5.00,Semi-Annual,4.486054,,102.9806,200’000,Slovenia,1’000’000’000,1’000,No,Yes,No,47,0.6528
SLOVENIA 2.25% 03.03.2032,EUR,REPUBLIC OF SLOVENIA,SI0002103602,Sovereign,03.03.2032,AA,2.25,Annual,2.924103,,96.17,1’000,Slovenia,3’680’919’000,1’000,No,Yes,No,64,0.3945
SLOVENIA 3% 10.03.2034,EUR,REPUBLIC OF SLOVENIA,SI0002104576,Sovereign,10.03.2034,AA,3.00,Annual,3.154764,,98.54,1’000,Slovenia,2’650’000’000,1’000,No,Yes,No,57,0.4685
SLOVENIA 2.75% 28.03.2028,EUR,REPUBLIC OF SLOVENIA,SI0002104923,Sovereign,28.03.2028,AA,2.75,Annual,2.709033,,99.94,1’000,Slovenia,250’000’000,1’000,No,Yes,No,39,0.2938
SLOVENIA 3.4% 23.02.2027,EUR,REPUBLIC OF SLOVENIA,SI0002104592,Sovereign,23.02.2027,NA,3.40,Annual,2.619834,,100.58,1’000,Slovenia,261’000’000,1’000,No,Yes,No,72,0.6707
SLOVENIA 0% 11.02.2027,EUR,REPUBLIC OF SLOVENIA,SI0002504205,Sovereign,11.02.2027,NA,0.00,,2.508619,,98.04,1’000,Slovenia,94’517’000,1’000,No,Yes,No,83,0.00
SLOVENIA 3.125% 02.07.2035,EUR,REPUBLIC OF SLOVENIA,SI0002105052,Sovereign,02.07.2035,AA,3.13,Annual,3.377405,,97.56,1’000,Slovenia,1’000’000’000,1’000,No,Yes,No,308,2.637
SLOVENIA 0.125% 01.07.2031,EUR,REPUBLIC OF SLOVENIA,SI0002104196,Sovereign,01.07.2031,AA,0.13,Annual,2.777639,,87.14,1’000,Slovenia,1’239’946’000,1’000,No,Yes,No,309,0.1058
SLOVENIA 0.875% 15.07.2030,EUR,REPUBLIC OF SLOVENIA,SI0002103990,Sovereign,15.07.2030,AA,0.88,Annual,2.707129,,92.57,1’000,Slovenia,1’143’737’000,1’000,No,Yes,No,295,0.7072
SLOVENIA 1.188% 14.03.2029,EUR,REPUBLIC OF SLOVENIA,SI0002103842,Sovereign,14.03.2029,AA,1.19,Annual,2.668264,,95.79,1’000,Slovenia,2’440’000’000,1’000,No,Yes,No,242,0.78733
SLOVENIA 3% 02.04.2029,EUR,REPUBLIC OF SLOVENIA,SI0002105292,Sovereign,02.04.2029,AA,3.00,Annual,2.708534,,100.60,1’000,Slovenia,225’000’000,1’000,No,Yes,No,34,0.2795
SLOVENIA 1.5% 25.03.2035,EUR,REPUBLIC OF SLOVENIA,SI0002103487,Sovereign,25.03.2035,AA,1.50,Annual,3.275877,,86.11,1’000,Slovenia,2’709’605’000,1’000,No,Yes,No,42,0.1726
SLOVENIA 3.275% 12.03.2036,EUR,REPUBLIC OF SLOVENIA,SI0002105227,Sovereign,12.03.2036,AA,3.28,Annual,3.433151,,98.23,1’000,Slovenia,2’500’000’000,1’000,No,Yes,No,114,1.0229
SLOVENIA 0% 07.10.2027,EUR,REPUBLIC OF SLOVENIA,SI0002105318,Sovereign,07.10.2027,NA,0.00,,2.732881,,96.11,1’000,Slovenia,48’268’000,1’000,No,Yes,No,20,0.00
SLOVENIA 3.625% 11.03.2033,EUR,REPUBLIC OF SLOVENIA,SI0002104303,Sovereign,11.03.2033,AA,3.63,Annual,3.039554,,103.24,1’000,Slovenia,1’250’000’000,1’000,No,Yes,No,56,0.5562
SOUTH AFRICA 0% 14.10.2026,ZAR,REPUBLIC OF SOUTH AFRICA,ZAM000718451,Sovereign,14.10.2026,NA,0.00,,7.481896,,96.766,100’000,South Africa,14’100’000’000,100’000,No,Yes,No,201,0.00
SOUTH AFRICA 0% 30.12.2026,ZAR,REPUBLIC OF SOUTH AFRICA,ZAM000725878,Sovereign,30.12.2026,NA,0.00,,7.69066,,95.186,100’000,South Africa,10’450’000’000,100’000,No,Yes,No,124,0.00
SOUTH AFRICA 0% 13.05.2026,ZAR,REPUBLIC OF SOUTH AFRICA,ZAM000704568,Sovereign,13.05.2026,NA,0.00,,7.091062,,99.825,100’000,South Africa,15’600’000’000,100’000,No,Yes,No,355,0.00
SOUTH AFRICA 0% 23.09.2026,ZAR,REPUBLIC OF SOUTH AFRICA,ZAM000716208,Sovereign,23.09.2026,NA,0.00,,7.361655,,97.215,100’000,South Africa,14’525’000’000,100’000,No,Yes,No,221,0.00
SOUTH AFRICA 4.85% 27.09.2027,USD,REPUBLIC OF SOUTH AFRICA,US836205AW44,Sovereign,27.09.2027,NA,4.85,Semi-Annual,4.194306,,101.00,200’000,South Africa,1’000’000’000,1’000,No,Yes,No,38,0.5119
SOUTH AFRICA 0% 17.02.2027,ZAR,REPUBLIC OF SOUTH AFRICA,ZAM000729730,Sovereign,17.02.2027,NA,0.00,,7.760311,,94.211,100’000,South Africa,5’300’000’000,100’000,No,Yes,No,75,0.00
SOUTH AFRICA 0% 21.04.2027,ZAR,REPUBLIC OF SOUTH AFRICA,ZAM000736339,Sovereign,21.04.2027,NA,0.00,,7.804461,,93.00,100’000,South Africa,5’450’000’000,100’000,No,Yes,No,12,0.00
SOUTH AFRICA 0% 22.07.2026,ZAR,REPUBLIC OF SOUTH AFRICA,ZAM000711191,Sovereign,22.07.2026,NA,0.00,,7.050235,,98.496,100’000,South Africa,15’700’000’000,100’000,No,Yes,No,285,0.00
SOUTH AFRICA 0% 23.12.2026,ZAR,REPUBLIC OF SOUTH AFRICA,ZAM000725621,Sovereign,23.12.2026,NA,0.00,,7.680986,,95.325,100’000,South Africa,10’788’000’000,100’000,No,Yes,No,131,0.00
SOUTH AFRICA 0% 25.11.2026,ZAR,REPUBLIC OF SOUTH AFRICA,ZAM000723188,Sovereign,25.11.2026,NA,0.00,,7.620574,,95.895,100’000,South Africa,10’300’000’000,100’000,No,Yes,No,159,0.00
SOUTH AFRICA 10.5% 21.12.2026,ZAR,REPUBLIC OF SOUTH AFRICA,ZAG000215088,Sovereign,21.12.2026,NA,10.50,Semi-Annual,7.307134,,101.937095,1’000’000,South Africa,87’049’919’187,1,No,Yes,No,137,3.9411
SOUTH AFRICA 0% 11.11.2026,ZAR,REPUBLIC OF SOUTH AFRICA,ZAM000721307,Sovereign,11.11.2026,NA,0.00,,7.591212,,96.179,100’000,South Africa,10’300’000’000,100’000,No,Yes,No,173,0.00
SOUTH AFRICA 0% 10.06.2026,ZAR,REPUBLIC OF SOUTH AFRICA,ZAM000707348,Sovereign,10.06.2026,NA,0.00,,7.054213,,99.289,100’000,South Africa,15’600’000’000,100’000,No,Yes,No,327,0.00
SOUTH AFRICA 0% 17.06.2026,ZAR,REPUBLIC OF SOUTH AFRICA,ZAM000707892,Sovereign,17.06.2026,NA,0.00,,7.053778,,99.156,100’000,South Africa,15’600’000’000,100’000,No,Yes,No,320,0.00
SOUTH AFRICA 0% 29.07.2026,ZAR,REPUBLIC OF SOUTH AFRICA,ZAM000711720,Sovereign,29.07.2026,NA,0.00,,7.05111,,98.365,100’000,South Africa,14’186’000’000,100’000,No,Yes,No,278,0.00
SOUTH AFRICA 0% 31.03.2027,ZAR,REPUBLIC OF SOUTH AFRICA,ZAM000734235,Sovereign,31.03.2027,NA,0.00,,7.790913,,93.401,100’000,South Africa,2’050’000’000,100’000,No,Yes,No,33,0.00
SOUTH AFRICA 0% 06.01.2027,ZAR,REPUBLIC OF SOUTH AFRICA,ZAM000726058,Sovereign,06.01.2027,NA,0.00,,7.710295,,95.041,100’000,South Africa,5’300’000’000,100’000,No,Yes,No,117,0.00
SOUTH AFRICA 3.75% 24.07.2026,EUR,REPUBLIC OF SOUTH AFRICA,XS1090107159,Sovereign,24.07.2026,BB,3.75,Annual,3.711839,,100.082,100’000,South Africa,500’000’000,1’000,No,Yes,No,286,2.9384
SOUTH AFRICA 4.85% 30.09.2029,USD,REPUBLIC OF SOUTH AFRICA,US836205BA15,Sovereign,30.09.2029,BB,4.85,Semi-Annual,4.80829,,100.375,200’000,South Africa,2’000’000’000,1’000,No,Yes,No,35,0.4715
SOUTH AFRICA 8% 31.01.2030,ZAR,REPUBLIC OF SOUTH AFRICA,ZAG000106998,Sovereign,31.01.2030,BB+,8.00,Semi-Annual,8.1695,,99.703,1,South Africa,312’168’110’031,1,No,Yes,No,96,2.1041
SOUTH AFRICA 0% 26.08.2026,ZAR,REPUBLIC OF SOUTH AFRICA,ZAM000713718,Sovereign,26.08.2026,NA,0.00,,7.202764,,97.799,100’000,South Africa,14’000’000’000,100’000,No,Yes,No,250,0.00
SOUTH AFRICA 0% 02.09.2026,ZAR,REPUBLIC OF SOUTH AFRICA,ZAM000714278,Sovereign,02.09.2026,NA,0.00,,7.241712,,97.655,100’000,South Africa,14’359’000’000,100’000,No,Yes,No,243,0.00
SOUTH AFRICA 0% 16.09.2026,ZAR,REPUBLIC OF SOUTH AFRICA,ZAM000715457,Sovereign,16.09.2026,NA,0.00,,7.322629,,97.363,100’000,South Africa,14’000’000’000,100’000,No,Yes,No,229,0.00
SOUTH AFRICA 0% 10.02.2027,ZAR,REPUBLIC OF SOUTH AFRICA,ZAM000729136,Sovereign,10.02.2027,NA,0.00,,7.760003,,94.343,100’000,South Africa,5’300’000’000,100’000,No,Yes,No,82,0.00
SOUTH AFRICA 0% 03.03.2027,ZAR,REPUBLIC OF SOUTH AFRICA,ZAM000731009,Sovereign,03.03.2027,NA,0.00,,7.770644,,93.94,100’000,South Africa,5’300’000’000,100’000,No,Yes,No,61,0.00
SOUTH AFRICA 0% 01.07.2026,ZAR,REPUBLIC OF SOUTH AFRICA,ZAM000709401,Sovereign,01.07.2026,NA,0.00,,7.053858,,98.891,100’000,South Africa,19’100’000’000,100’000,No,Yes,No,306,0.00
SOUTH AFRICA 0% 24.02.2027,ZAR,REPUBLIC OF SOUTH AFRICA,ZAM000730233,Sovereign,24.02.2027,NA,0.00,,7.770903,,94.071,100’000,South Africa,5’300’000’000,100’000,No,Yes,No,68,0.00
SOUTH AFRICA 0% 09.12.2026,ZAR,REPUBLIC OF SOUTH AFRICA,ZAM000724574,Sovereign,09.12.2026,NA,0.00,,7.651127,,95.61,100’000,South Africa,10’300’000’000,100’000,No,Yes,No,145,0.00
SOUTH AFRICA 8.575% 31.03.2036,ZAR,REPUBLIC OF SOUTH AFRICA,ZAG000221045,Sovereign,31.03.2036,NA,8.58,Semi-Annual,8.774434,,98.84117,1’000’000,South Africa,6’996’000’000,1’000’000,No,Yes,No,37,0.8693
SOUTH AFRICA 0% 24.06.2026,ZAR,REPUBLIC OF SOUTH AFRICA,ZAM000708619,Sovereign,24.06.2026,NA,0.00,,7.05614,,99.023,100’000,South Africa,15’075’000’000,100’000,No,Yes,No,313,0.00
SOUTH AFRICA 10% 31.03.2033,ZAR,REPUBLIC OF SOUTH AFRICA,ZAG000208372,Sovereign,31.03.2033,NA,10.00,Semi-Annual,8.5892,,107.703193,1’000’000,South Africa,59’753’273’342,1’000’000,No,Yes,No,43,1.17808
SOUTH AFRICA 0% 03.02.2027,ZAR,REPUBLIC OF SOUTH AFRICA,ZAM000728492,Sovereign,03.02.2027,NA,0.00,,7.751314,,94.482,100’000,South Africa,5’300’000’000,100’000,No,Yes,No,89,0.00
SOUTH AFRICA 0% 28.04.2027,ZAR,REPUBLIC OF SOUTH AFRICA,ZAM000736925,Sovereign,28.04.2027,NA,0.00,,7.809546,,92.866,100’000,South Africa,5’714’000’000,100’000,No,Yes,No,5,0.00
SOUTH AFRICA 10.5% 21.12.2027,ZAR,REPUBLIC OF SOUTH AFRICA,ZAG000215096,Sovereign,21.12.2027,BB+,10.50,Semi-Annual,7.504503,,104.592667,100’000,South Africa,95’904’918’743,1,No,Yes,No,137,3.9411
SOUTH AFRICA 0% 06.05.2026,ZAR,REPUBLIC OF SOUTH AFRICA,ZAM000703966,Sovereign,06.05.2026,NA,0.00,,7.202921,,99.96,100’000,South Africa,15’600’000’000,100’000,No,Yes,No,362,0.00
SOUTH AFRICA 0% 15.07.2026,ZAR,REPUBLIC OF SOUTH AFRICA,ZAM000710581,Sovereign,15.07.2026,NA,0.00,,7.051069,,98.628,100’000,South Africa,15’700’000’000,100’000,No,Yes,No,292,0.00
SOUTH AFRICA 0% 02.12.2026,ZAR,REPUBLIC OF SOUTH AFRICA,ZAM000723840,Sovereign,02.12.2026,NA,0.00,,7.630308,,95.756,100’000,South Africa,10’300’000’000,100’000,No,Yes,No,152,0.00
SOUTH AFRICA 0% 20.05.2026,ZAR,REPUBLIC OF SOUTH AFRICA,ZAM000705276,Sovereign,20.05.2026,NA,0.00,,7.062732,,99.691,100’000,South Africa,15’600’000’000,100’000,No,Yes,No,348,0.00
SOUTH AFRICA 8.25% 31.03.2032,ZAR,REPUBLIC OF SOUTH AFRICA,ZAG000107004,Sovereign,31.03.2032,BB+,8.25,Semi-Annual,8.481199,,99.32896,1,South Africa,349’557’490’951,1,No,Yes,No,37,0.8363
SOUTH AFRICA 8.875% 28.02.2035,ZAR,REPUBLIC OF SOUTH AFRICA,ZAG000125972,Sovereign,28.02.2035,BB+,8.88,Semi-Annual,8.754532,,101.186,1,South Africa,369’467’745’890,1,No,Yes,No,68,1.6534
SOUTH AFRICA 0% 21.10.2026,ZAR,REPUBLIC OF SOUTH AFRICA,ZAM000719293,Sovereign,21.10.2026,NA,0.00,,7.521379,,96.615,100’000,South Africa,14’100’000’000,100’000,No,Yes,No,194,0.00
SOUTH AFRICA 0% 17.03.2027,ZAR,REPUBLIC OF SOUTH AFRICA,ZAM000732395,Sovereign,17.03.2027,NA,0.00,,7.78084,,93.67,100’000,South Africa,5’300’000’000,100’000,No,Yes,No,47,0.00
SOUTH AFRICA 0% 14.04.2027,ZAR,REPUBLIC OF SOUTH AFRICA,ZAM000735588,Sovereign,14.04.2027,NA,0.00,,7.79965,,93.133,100’000,South Africa,5’450’000’000,100’000,No,Yes,No,19,0.00
SOUTH AFRICA 0% 28.10.2026,ZAR,REPUBLIC OF SOUTH AFRICA,ZAM000719756,Sovereign,28.10.2026,NA,0.00,,7.552156,,96.467,100’000,South Africa,15’007’000’000,100’000,No,Yes,No,187,0.00
SOUTH AFRICA 0% 16.12.2026,ZAR,REPUBLIC OF SOUTH AFRICA,ZAM000725159,Sovereign,16.12.2026,NA,0.00,,7.660811,,95.471,100’000,South Africa,10’929’000’000,100’000,No,Yes,No,138,0.00
SOUTH AFRICA 0% 05.08.2026,ZAR,REPUBLIC OF SOUTH AFRICA,ZAM000712249,Sovereign,05.08.2026,NA,0.00,,7.094008,,98.224,100’000,South Africa,14’000’000’000,100’000,No,Yes,No,271,0.00
SOUTH AFRICA 0% 10.03.2027,ZAR,REPUBLIC OF SOUTH AFRICA,ZAM000731702,Sovereign,10.03.2027,NA,0.00,,7.780282,,93.801,100’000,South Africa,5’300’000’000,100’000,No,Yes,No,54,0.00
SOUTH AFRICA 0% 24.03.2027,ZAR,REPUBLIC OF SOUTH AFRICA,ZAM000733195,Sovereign,24.03.2027,NA,0.00,,7.790889,,93.531,100’000,South Africa,5’300’000’000,100’000,No,Yes,No,40,0.00
SOUTH AFRICA 0% 07.10.2026,ZAR,REPUBLIC OF SOUTH AFRICA,ZAM000717560,Sovereign,07.10.2026,NA,0.00,,7.440081,,96.918,100’000,South Africa,10’660’000’000,100’000,No,Yes,No,208,0.00
SOUTH AFRICA 5.875% 22.06.2030,USD,REPUBLIC OF SOUTH AFRICA,US836205AY00,Sovereign,22.06.2030,BB,5.88,Semi-Annual,5.092469,,102.625,200’000,South Africa,1’400’000’000,1’000,No,Yes,No,133,2.1705
SOUTH AFRICA 0% 30.09.2026,ZAR,REPUBLIC OF SOUTH AFRICA,ZAM000716752,Sovereign,30.09.2026,NA,0.00,,7.400802,,97.067,100’000,South Africa,14’100’000’000,100’000,No,Yes,No,215,0.00
SOUTH AFRICA 0% 19.08.2026,ZAR,REPUBLIC OF SOUTH AFRICA,ZAM000713171,Sovereign,19.08.2026,NA,0.00,,7.160276,,97.944,100’000,South Africa,14’000’000’000,100’000,No,Yes,No,257,0.00
SOUTH AFRICA 0% 12.08.2026,ZAR,REPUBLIC OF SOUTH AFRICA,ZAM000712678,Sovereign,12.08.2026,NA,0.00,,7.121089,,98.086,100’000,South Africa,14’000’000’000,100’000,No,Yes,No,264,0.00
SOUTH AFRICA 5.875% 20.04.2032,USD,REPUBLIC OF SOUTH AFRICA,US836205BC70,Sovereign,20.04.2032,BB,5.88,Semi-Annual,5.378446,,102.25,200’000,South Africa,1’400’000’000,1’000,No,Yes,No,15,0.2448
SOUTH AFRICA 7% 28.02.2031,ZAR,REPUBLIC OF SOUTH AFRICA,ZAG000077470,Sovereign,28.02.2031,BB+,7.00,Semi-Annual,8.335049,,95.07899,1,South Africa,218’177’161’244,1,No,Yes,No,68,1.3041
SOUTH AFRICA 4.3% 12.10.2028,USD,REPUBLIC OF SOUTH AFRICA,US836205AU87,Sovereign,12.10.2028,BB,4.30,Semi-Annual,4.463009,,99.625,200’000,South Africa,2’000’000’000,1’000,No,Yes,No,23,0.2747
SOUTH AFRICA 0% 18.11.2026,ZAR,REPUBLIC OF SOUTH AFRICA,ZAM000722263,Sovereign,18.11.2026,NA,0.00,,7.600981,,96.04,100’000,South Africa,10’300’000’000,100’000,No,Yes,No,166,0.00
SOUTH AFRICA 0% 09.09.2026,ZAR,REPUBLIC OF SOUTH AFRICA,ZAM000714930,Sovereign,09.09.2026,NA,0.00,,7.280707,,97.51,100’000,South Africa,14’000’000’000,100’000,No,Yes,No,236,0.00
SOUTH AFRICA 0% 08.07.2026,ZAR,REPUBLIC OF SOUTH AFRICA,ZAM000710003,Sovereign,08.07.2026,NA,0.00,,7.054153,,98.759,100’000,South Africa,14’381’000’000,100’000,No,Yes,No,299,0.00
SOUTH AFRICA 0% 27.01.2027,ZAR,REPUBLIC OF SOUTH AFRICA,ZAM000727858,Sovereign,27.01.2027,NA,0.00,,7.750423,,94.615,100’000,South Africa,10’793’000’000,100’000,No,Yes,No,96,0.00
SOUTH AFRICA 0% 20.01.2027,ZAR,REPUBLIC OF SOUTH AFRICA,ZAM000727288,Sovereign,20.01.2027,NA,0.00,,7.73137,,94.761,100’000,South Africa,10’450’000’000,100’000,No,Yes,No,103,0.00
SOUTH AFRICA 0% 03.06.2026,ZAR,REPUBLIC OF SOUTH AFRICA,ZAM000706811,Sovereign,03.06.2026,NA,0.00,,7.059382,,99.423,100’000,South Africa,15’600’000’000,100’000,No,Yes,No,334,0.00
SOUTH AFRICA 0% 04.11.2026,ZAR,REPUBLIC OF SOUTH AFRICA,ZAM000720556,Sovereign,04.11.2026,NA,0.00,,7.570886,,96.323,100’000,South Africa,10’300’000’000,100’000,No,Yes,No,180,0.00
SOUTH AFRICA 0% 27.05.2026,ZAR,REPUBLIC OF SOUTH AFRICA,ZAM000706084,Sovereign,27.05.2026,NA,0.00,,7.073585,,99.556,100’000,South Africa,15’600’000’000,100’000,No,Yes,No,341,0.00
SOUTH AFRICA 6.25% 31.03.2036,ZAR,REPUBLIC OF SOUTH AFRICA,ZAG000030404,Sovereign,31.03.2036,BB+,6.25,Semi-Annual,8.9032,,83.27595,1,South Africa,104’262’552’145,1,No,Yes,No,37,0.6336
SAN MARINO 6.5% 19.01.2027,EUR,Repubblica di San Marino,XS2619991883,Sovereign,19.01.2027,NA,6.50,Annual,3.917646,,101.566,100’000,San Marino,75’766’000,1’000,No,Yes,No,107,1.9055
SAN MARINO 3.625% 30.04.2031,EUR,Repubblica di San Marino,XS3328490423,Sovereign,30.04.2031,BBB+,3.63,Annual,3.578191,,99.897,100’000,San Marino,350’000’000,1’000,No,Yes,No,6,0.0596
CAMEROON 8.875% 30.01.2033,USD,Republic Of Cameroon,XS3284960625,Sovereign,30.01.2033,B-,8.88,Semi-Annual,9.205169,,98.75,200’000,Cameroon,850’000’000,1’000,No,Yes,No,96,2.3667
CAMEROON 5.95% 07.07.2032,EUR,Republic Of Cameroon,XS2360598630,Sovereign,07.07.2032,B-,5.95,Annual,8.67832,,89.457,100’000,Cameroon,685’000’000,1’000,No,Yes,No,303,4.9393
CAMEROON 9.5% 31.07.2031,USD,Republic Of Cameroon,XS2869469333,Sovereign,31.07.2031,B-,9.50,Semi-Annual,8.795652,,101.875,200’000,Cameroon,550’000’000,1’000,No,Yes,No,96,2.5333
ALBANIA 5.9% 09.06.2028,EUR,Republic of Albania,XS2636412210,Sovereign,09.06.2028,BB,5.90,Annual,3.720522,,104.387,100’000,Albania,600’000’000,1’000,No,Yes,No,331,5.3504
ALBANIA 4.75% 14.02.2035,EUR,Republic of Albania,XS3004338557,Sovereign,14.02.2035,BB,4.75,Annual,4.730289,,100.348,100’000,Albania,650’000’000,1’000,No,Yes,No,81,1.0541
ALBANIA 3.5% 23.11.2031,EUR,Republic of Albania,XS2406936075,Sovereign,23.11.2031,BB,3.50,Annual,3.706419,,99.104,100’000,Albania,650’000’000,1’000,No,Yes,No,164,1.5726
ALBANIA 3.5% 16.06.2027,EUR,Republic of Albania,XS2010031990,Sovereign,16.06.2027,BB,3.50,Annual,3.530265,,100.059,100’000,Albania,650’000’000,1’000,No,Yes,No,324,3.1068
ANGOLA 9.375% 31.03.2033,USD,Republic of Angola,XS3328007797,Sovereign,31.03.2033,B-,9.38,Semi-Annual,7.962384,,107.375,200’000,Angola,1’500’000’000,1’000,No,Yes,No,36,0.9375
ANGOLA 8.75% 14.04.2032,USD,Republic of Angola,XS2446175577,Sovereign,14.04.2032,B-,8.75,Semi-Annual,7.580837,,105.375,200’000,Angola,1’750’000’000,1’000,No,Yes,No,22,0.5347
ANGOLA 9.244% 15.01.2031,USD,Republic of Angola,XS3204248440,Sovereign,15.01.2031,B-,9.24,Semi-Annual,7.199528,,107.875,200’000,Angola,1’000’000’000,1’000,No,Yes,No,111,2.8502
ANGOLA 10.95% 27.12.2030,USD,Republic of Angola,XS2965710598,Sovereign,27.12.2030,B-,10.95,Semi-Annual,9.649189,,104.75,200’000,Angola,1’928’000’000,1’000,No,Yes,No,129,3.9238
ANGOLA 8% 26.11.2029,USD,Republic of Angola,XS2083302419,Sovereign,26.11.2029,B-,8.00,Semi-Annual,6.989964,,103.00,200’000,Angola,1’750’000’000,1’000,No,Yes,No,160,3.5556
ANGOLA 9.875% 15.10.2035,USD,Republic of Angola,XS3204755543,Sovereign,15.10.2035,B-,9.88,Semi-Annual,8.432948,,109.125,200’000,Angola,750’000’000,1’000,No,Yes,No,21,0.576
ANGOLA 8.25% 09.05.2028,USD,Republic of Angola,XS1819680288,Sovereign,09.05.2028,NA,8.25,Semi-Annual,6.430793,,103.25,200’000,Angola,1’259’803’000,1’000,No,Yes,No,141,3.2313
ARMENIA 3.95% 26.09.2029,USD,Republic of Armenia,XS2010043904,Sovereign,26.09.2029,NA,3.95,Semi-Annual,5.044553,,96.375,200’000,Armenia,500’000’000,1’000,No,Yes,No,40,0.4389
ARMENIA 6.75% 12.03.2035,USD,Republic of Armenia,XS3020792696,Sovereign,12.03.2035,BB-,6.75,Semi-Annual,5.922674,,105.375,200’000,Armenia,750’000’000,1’000,No,Yes,No,54,1.0125
ARMENIA 3.6% 02.02.2031,USD,Republic of Armenia,XS2010028939,Sovereign,02.02.2031,NA,3.60,Semi-Annual,5.445795,,92.25,200’000,Armenia,750’000’000,1’000,No,Yes,No,94,0.94
AZERBAIJAN 5.125% 01.09.2029,USD,Republic of Azerbaijan,XS1678623064,Sovereign,01.09.2029,NA,5.13,Semi-Annual,4.146345,,102.125,150’000,Azerbaijan,310’718’000,1’000,No,Yes,No,65,0.9253
AZERBAIJAN 3.5% 01.09.2032,USD,Republic of Azerbaijan,XS1678623734,Sovereign,01.09.2032,NA,3.50,Semi-Annual,4.626548,,94.625,150’000,Azerbaijan,1’076’578’000,1’000,No,Yes,No,65,0.6319
BENIN 4.95% 22.01.2035,EUR,Republic of Benin,XS2366832496,Sovereign,22.01.2035,BB-,4.95,Annual,6.498783,,91.474,100’000,Benin,500’000’000,1’000,No,Yes,No,104,1.43
BENIN 4.875% 19.01.2032,EUR,Republic of Benin,XS2278994418,Sovereign,19.01.2032,BB-,4.88,Annual,5.814192,,96.80,100’000,Benin,325’496’000,1’000,No,Yes,No,107,1.4291
CHILE 2.55% 27.07.2033,USD,Republic of Chile,US168863DT21,Sovereign,27.07.2033,A,2.55,Semi-Annual,4.768913,,86.2407,200’000,Chile,2’250’000’000,1’000,No,Yes,No,98,0.6942
CHILE 4.85% 22.01.2029,USD,Republic of Chile,US168863EB04,Sovereign,22.01.2029,A,4.85,Semi-Annual,4.268112,,101.4412,200’000,Chile,1’700’000’000,1’000,No,Yes,No,103,1.3876
CHILE 4.35% 13.04.2031,USD,Republic of Chile,US168863EF18,Sovereign,13.04.2031,A,4.35,Semi-Annual,4.56418,,98.7578,200’000,Chile,850’000’000,1’000,No,Yes,No,22,0.2658
CHILE 3.24% 06.02.2028,USD,Republic of Chile,US168863CF36,Sovereign,06.02.2028,A,3.24,Semi-Annual,4.19084,,98.3571,200’000,Chile,1’793’691’000,1’000,No,Yes,No,89,0.801
CHILE 0.83% 02.07.2031,EUR,Republic of Chile,XS1843433639,Sovereign,02.07.2031,A,0.83,Annual,3.558359,,87.312,100’000,Chile,1’954’685’000,1’000,No,Yes,No,308,0.7004
CHILE 2.75% 31.01.2027,USD,Republic of Chile,US168863DX33,Sovereign,31.01.2027,A,2.75,Semi-Annual,4.15108,,99.0114,200’000,Chile,1’500’000’000,1’000,No,Yes,No,95,0.7257
CHILE 2.45% 31.01.2031,USD,Republic of Chile,US168863DP09,Sovereign,31.01.2031,A,2.45,Semi-Annual,4.462978,,91.7182,200’000,Chile,1’465’534’000,1’000,No,Yes,No,95,0.6465
CHILE 2.55% 27.01.2032,USD,Republic of Chile,US168863DN50,Sovereign,27.01.2032,A,2.55,Semi-Annual,4.652096,,89.304,200’000,Chile,1’500’000’000,1’000,No,Yes,No,98,0.6942
CHILE 3.875% 09.07.2031,EUR,Republic of Chile,XS2856800938,Sovereign,09.07.2031,A,3.88,Annual,3.598243,,101.275,100’000,Chile,1’600’000’000,1’000,No,Yes,No,301,3.1955
CHILE 1.875% 27.05.2030,EUR,Republic of Chile,XS1236685613,Sovereign,27.05.2030,A,1.88,Annual,3.301123,,94.574,100’000,Chile,1’273’550’000,1’000,No,Yes,No,344,1.7671
CHILE 3.5% 31.01.2034,USD,Republic of Chile,US168863DV76,Sovereign,31.01.2034,A,3.50,Semi-Annual,4.811904,,91.1805,200’000,Chile,1’500’000’000,1’000,No,Yes,No,95,0.9236
CHILE 1.44% 01.02.2029,EUR,Republic of Chile,XS1760409042,Sovereign,01.02.2029,A,1.44,Annual,3.344629,,94.989,100’000,Chile,620’635’000,1’000,No,Yes,No,94,0.3708
CHILE 3.8% 01.07.2035,EUR,Republic of Chile,XS3107229281,Sovereign,01.07.2035,A,3.80,Annual,3.916885,,99.118,1’000,Chile,1’411’014’928,1,No,Yes,No,308,3.2066
CHILE 3.375% 14.04.2032,EUR,Republic of Chile,XS3272223259,Sovereign,14.04.2032,A,3.38,Annual,3.714386,,98.149,1’000,Chile,1’500’000’000,1,No,Yes,No,22,0.2034
CHILE 0.555% 21.01.2029,EUR,Republic of Chile,XS2388560604,Sovereign,21.01.2029,A,0.56,Annual,3.270763,,92.953,100’000,Chile,918’000’000,1’000,No,Yes,No,105,0.1597
CHILE 4.125% 05.07.2034,EUR,Republic of Chile,XS2645248225,Sovereign,05.07.2034,A,4.13,Annual,3.822234,,101.84,100’000,Chile,750’000’000,1,No,Yes,No,305,3.4469
CHILE 3.75% 14.01.2032,EUR,Republic of Chile,XS2975303483,Sovereign,14.01.2032,A,3.75,Annual,3.68561,,100.137,100’000,Chile,1’700’000’000,1’000,No,Yes,No,112,1.1507
CHILE 4.95% 05.01.2036,USD,Republic of Chile,US168863DZ80,Sovereign,05.01.2036,A,4.95,Semi-Annual,4.916735,,99.7424,200’000,Chile,1’649’852’623,1,No,Yes,No,120,1.65
CHILE 3.875% 14.04.2036,EUR,Republic of Chile,XS3272223762,Sovereign,14.04.2036,A,3.88,Annual,4.091332,,98.161,1’000,Chile,1’500’000’000,1,No,Yes,No,22,0.2336
CHILE 0.1% 26.01.2027,EUR,Republic of Chile,XS2369244087,Sovereign,26.01.2027,A,0.10,Annual,3.249083,,97.905,100’000,Chile,1’000’000’000,1’000,No,Yes,No,100,0.0274
COSTA RICA 7.06% 16.01.2036,EUR,Republic of Costa Rica,XS3273874563,Sovereign,16.01.2036,NA,7.06,Semi-Annual,6.460938,,104.722,250’000,Costa Rica,1’000’000’000,250’000,No,Yes,No,110,2.1572
COSTA RICA 6.47% 21.11.2030,EUR,Republic of Costa Rica,XS3239964664,Sovereign,21.11.2030,NA,6.47,Semi-Annual,5.4755,,103.862,250’000,Costa Rica,1’000’000’000,250’000,No,Yes,No,165,2.9654
COSTA RICA 7% 21.11.2029,USD,Republic of Costa Rica,XS1764001373,Sovereign,21.11.2029,NA,7.00,Semi-Annual,4.602599,,107.75,1’000,Costa Rica,140’641’000,1’000,No,Yes,No,171,3.325
COSTA RICA 6.55% 03.04.2034,USD,Republic of Costa Rica,USP3699PGM34,Sovereign,03.04.2034,BB,6.55,Semi-Annual,5.100962,,108.00,200’000,Costa Rica,1’500’000’000,1’000,No,Yes,No,32,0.5822
COSTA RICA 7.25% 22.11.2030,USD,Republic of Costa Rica,XS2001163059,Sovereign,22.11.2030,NA,7.25,Semi-Annual,4.775198,,110.00,1’000,Costa Rica,205’915’000,1’000,No,Yes,No,164,3.3028
COSTA RICA 6.5% 24.05.2028,USD,Republic of Costa Rica,XS1689695119,Sovereign,24.05.2028,NA,6.50,Semi-Annual,5.909629,,101.12,1’000,Costa Rica,116’653’000,1’000,No,Yes,No,168,3.03333
COSTA RICA 6.125% 19.02.2031,USD,Republic of Costa Rica,USP3699PGK77,Sovereign,19.02.2031,BB,6.13,Semi-Annual,4.839787,,104.375,200’000,Costa Rica,1’200’000’000,1’000,No,Yes,No,76,1.2931
COSTA RICA 7.4% 21.07.2027,USD,Republic of Costa Rica,XS2343108952,Sovereign,21.07.2027,NA,7.40,Semi-Annual,5.016428,,102.75,1,Costa Rica,237’505’000,1,No,Yes,No,105,2.1583
COSTA RICA 10% 26.08.2026,USD,Republic of Costa Rica,XS1961076228,Sovereign,26.08.2026,NA,10.00,Semi-Annual,3.701219,,101.90,1’000,Costa Rica,556’491’000,1’000,No,Yes,No,70,1.9444
COSTA RICA 6.001% 16.01.2036,EUR,Republic of Costa Rica,XS3273873912,Sovereign,16.01.2036,NA,6.00,Semi-Annual,5.391042,,104.748,250’000,Costa Rica,1’000’000’000,250’000,No,Yes,No,110,1.8336
CROATIA 3.25% 25.02.2036,EUR,Republic of Croatia,XS3303026150,Sovereign,25.02.2036,A,3.25,Annual,3.510394,,97.801,100’000,Croatia,2’000’000’000,1’000,No,Yes,No,70,0.6233
CROATIA 2.7% 15.06.2028,EUR,Republic of Croatia,XS1713462668,Sovereign,15.06.2028,A,2.70,Annual,2.859735,,99.704,100’000,Croatia,750’000’000,1’000,No,Yes,No,325,2.4041
CROATIA 1.5% 17.06.2031,EUR,Republic of Croatia,XS2190201983,Sovereign,17.06.2031,A,1.50,Annual,2.978572,,93.044,100’000,Croatia,2’000’000’000,1’000,No,Yes,No,323,1.3274
CROATIA 1.125% 04.03.2033,EUR,Republic of Croatia,XS2309428113,Sovereign,04.03.2033,A,1.13,Annual,3.167568,,87.728,100’000,Croatia,1’000’000’000,1’000,No,Yes,No,63,0.1942
CROATIA 1.125% 19.06.2029,EUR,Republic of Croatia,XS1843434876,Sovereign,19.06.2029,A,1.13,Annual,2.845626,,94.811,100’000,Croatia,1’500’000’000,1’000,No,Yes,No,321,0.9894
CROATIA 2.75% 27.01.2030,EUR,Republic of Croatia,XS1713475306,Sovereign,27.01.2030,A,2.75,Annual,2.863019,,99.557,100’000,Croatia,1’275’000’000,1’000,No,Yes,No,99,0.7459
CROATIA 2.875% 22.04.2032,EUR,Republic of Croatia,XS2471549654,Sovereign,22.04.2032,A,2.88,Annual,3.104264,,98.639,100’000,Croatia,1’250’000’000,1’000,No,Yes,No,14,0.1103
CROATIA 3% 20.03.2027,EUR,Republic of Croatia,XS1428088626,Sovereign,20.03.2027,A,3.00,Annual,2.774973,,100.143,100’000,Croatia,1’250’000’000,1’000,No,Yes,No,47,0.3863
CROATIA 4% 14.06.2035,EUR,Republic of Croatia,XS2636439684,Sovereign,14.06.2035,A,4.00,Annual,3.412774,,104.543,100’000,Croatia,1’500’000’000,1’000,No,Yes,No,326,3.5726
CROATIA 3.375% 12.03.2034,EUR,Republic of Croatia,XS2783084218,Sovereign,12.03.2034,A,3.38,Annual,3.285111,,100.494,100’000,Croatia,1’500’000’000,1’000,No,Yes,No,55,0.5086
CYPRUS 0.95% 20.01.2032,EUR,Republic of Cyprus,XS2434393968,Sovereign,20.01.2032,A-,0.95,Annual,3.125635,,88.247,1’000,Cyprus,1’000’000’000,1’000,No,Yes,No,106,0.2759
CYPRUS 1.5% 16.04.2027,EUR,Republic of Cyprus,XS2157184255,Sovereign,16.04.2027,A-,1.50,Annual,2.335023,,99.307,1’000,Cyprus,1’250’000’000,1’000,No,Yes,No,20,0.0822
CYPRUS 2.375% 25.09.2028,EUR,Republic of Cyprus,XS1883942648,Sovereign,25.09.2028,A-,2.38,Annual,2.808457,,98.937,1’000,Cyprus,1’350’226’000,1’000,No,Yes,No,223,1.451
CYPRUS 4.125% 13.04.2033,EUR,Republic of Cyprus,XS2610236445,Sovereign,13.04.2033,A-,4.13,Annual,3.398701,,104.06,1’000,Cyprus,1’000’000’000,1’000,No,Yes,No,23,0.2599
CYPRUS 2.75% 26.02.2034,EUR,Republic of Cyprus,XS1956050923,Sovereign,26.02.2034,A-,2.75,Annual,3.313283,,95.354,1’000,Cyprus,1’100’000’000,1’000,No,Yes,No,69,0.5199
CYPRUS 3.25% 28.01.2036,EUR,Republic of Cyprus,XS3281842578,Sovereign,28.01.2036,A-,3.25,Annual,3.483284,,97.368,1’000,Cyprus,1’000’000’000,1’000,No,Yes,No,98,0.8726
CYPRUS 3.25% 27.06.2031,EUR,Republic of Cyprus,XS2849767202,Sovereign,27.06.2031,A-,3.25,Annual,3.048289,,100.644,1’000,Cyprus,1’000’000’000,1’000,No,Yes,No,137,1.21986
CYPRUS 0.625% 21.01.2030,EUR,Republic of Cyprus,XS2105095777,Sovereign,21.01.2030,A-,0.63,Annual,2.9112,,91.871,1’000,Cyprus,1’000’000’000,1’000,No,Yes,No,105,0.1798
ECUADOR 0% 31.07.2030,USD,Republic of Ecuador,XS2214239506,Sovereign,31.07.2030,B-,0.00,,6.80387,,86.375,1,Ecuador,904’447’793,1,No,Yes,No,276,0.00
ECUADOR 7.25% 30.01.2035,USD,Republic of Ecuador,XS2107382157,Sovereign,30.01.2035,B-,7.25,Semi-Annual,14.779,,56.00,200’000,Ecuador,200’000’000,1’000,No,Yes,No,96,1.9333
ECUADOR 8.75% 29.01.2034,USD,Republic of Ecuador,XS3285368620,Sovereign,29.01.2034,B-,8.75,Semi-Annual,8.180132,,102.00,200’000,Ecuador,2’200’000’000,1’000,No,Yes,No,97,2.3576
EL SALVADOR 8.25% 10.04.2032,USD,Republic of El Salvador,XS0146173371,Sovereign,10.04.2032,B-,8.25,Semi-Annual,6.804813,,106.692,10’000,El Salvador,500’000’000,1’000,No,Yes,No,26,0.5958
EL SALVADOR 9.25% 17.04.2030,USD,Republic of El Salvador,USP01012CF16,Sovereign,17.04.2030,B-,9.25,Semi-Annual,6.38716,,110.0095,150’000,El Salvador,1’000’000’000,1’000,No,Yes,No,18,0.4625
EL SALVADOR 7.625% 21.09.2034,USD,Republic of El Salvador,USP01012AM84,Sovereign,21.09.2034,B-,7.63,Semi-Annual,7.130456,,103.452,10’000,El Salvador,248’183’000,1’000,No,Yes,No,44,0.9319
EL SALVADOR 6.375% 18.01.2027,USD,Republic of El Salvador,USP01012AT38,Sovereign,18.01.2027,B-,6.38,Semi-Annual,6.19157,,100.238,5’000,El Salvador,148’600’000,1’000,No,Yes,No,107,1.8948
EL SALVADOR 7.65% 15.06.2035,USD,Republic of El Salvador,USP01012AN67,Sovereign,15.06.2035,B-,7.65,Semi-Annual,7.125673,,103.458,10’000,El Salvador,874’501’000,1’000,No,Yes,No,140,2.975
EL SALVADOR 8.625% 28.02.2029,USD,Republic of El Salvador,USP01012BX31,Sovereign,28.02.2029,B-,8.63,Semi-Annual,5.836559,,107.047,5’000,El Salvador,500’000’000,1’000,No,Yes,No,65,1.5573
ESTONIA 4% 12.10.2032,EUR,Republic of Estonia,XS2532370231,Sovereign,12.10.2032,NR,4.00,Annual,3.258163,,104.064,1’000,Estonia,1’500’000’000,1’000,No,Yes,No,206,2.2575
ESTONIA 0.125% 10.06.2030,EUR,Republic of Estonia,XS2181347183,Sovereign,10.06.2030,NR,0.13,Annual,3.15306,,88.494,1’000,Estonia,1’500’000’000,1’000,No,Yes,No,330,0.113
ESTONIA 3.25% 17.01.2034,EUR,Republic of Estonia,XS2740429076,Sovereign,17.01.2034,NR,3.25,Annual,3.407989,,98.758,1’000,Estonia,1’500’000’000,1’000,No,Yes,No,109,0.9705
FINLAND 0.5% 15.09.2029,EUR,Republic of Finland,FI4000369467,Sovereign,15.09.2029,AA+,0.50,Annual,2.798672,,92.541,1’000,Finland,7’955’000’000,1’000,No,Yes,Yes,233,0.3192
FINLAND 0% 13.10.2026,EUR,Republic of Finland,FI4000602560,Sovereign,13.10.2026,NA,0.00,,2.315062,,98.982,1’000,Finland,4’615’000’000,1’000,No,Yes,No,43,0.00
FINLAND 0% 13.08.2026,EUR,Republic of Finland,FI4000592183,Sovereign,13.08.2026,NA,0.00,,2.164877,,99.412,1’000,Finland,5’218’000’000,1’000,No,Yes,No,237,0.00
FINLAND 3% 15.09.2035,EUR,Republic of Finland,FI4000587415,Sovereign,15.09.2035,AA+,3.00,Annual,3.294163,,97.261,1’000,Finland,9’054’000’000,1’000,No,Yes,Yes,233,1.9151
FINLAND 0.125% 15.09.2031,EUR,Republic of Finland,FI4000507231,Sovereign,15.09.2031,AA+,0.13,Annual,2.927213,,86.016,1’000,Finland,8’002’000’000,1’000,No,Yes,Yes,233,0.0798
FINLAND 0% 15.09.2030,EUR,Republic of Finland,FI4000441878,Sovereign,15.09.2030,AA+,0.00,Annual,2.83658,,88.286,1’000,Finland,6’802’000’000,1’000,No,Yes,Yes,233,0.00
FINLAND 1.5% 15.09.2032,EUR,Republic of Finland,FI4000523238,Sovereign,15.09.2032,AA+,1.50,Annual,3.045495,,90.915,1’000,Finland,7’767’000’000,1’000,No,Yes,Yes,233,0.9575
FINLAND 0% 17.06.2026,USD,Republic of Finland,FI4000598552,Sovereign,17.06.2026,NA,0.00,,3.686,,99.578,1’000,Finland,1’500’000’000,1’000,No,Yes,No,119,0.00
FINLAND 0% 15.02.2027,EUR,Republic of Finland,FI4000602230,Sovereign,15.02.2027,NA,0.00,,2.488728,,98.042,1’000,Finland,2’390’000’000,1’000,No,Yes,No,55,0.00
FINLAND 1.375% 15.04.2027,EUR,Republic of Finland,FI4000527551,Sovereign,15.04.2027,AA+,1.38,Annual,2.54132,,98.848,1’000,Finland,4’327’000’000,1’000,No,Yes,Yes,21,0.0791
FINLAND 0.75% 15.04.2031,EUR,Republic of Finland,FI4000148630,Sovereign,15.04.2031,AA+,0.75,Annual,2.926149,,89.874,1’000,Finland,5’527’000’000,1’000,No,Yes,Yes,21,0.0432
FINLAND 0.125% 15.04.2036,EUR,Republic of Finland,FI4000415153,Sovereign,15.04.2036,AA+,0.13,Annual,3.38651,,72.567,1’000,Finland,5’153’000’000,1’000,No,Yes,Yes,21,0.0072
FINLAND 3% 15.09.2034,EUR,Republic of Finland,FI4000571104,Sovereign,15.09.2034,AA+,3.00,Annual,3.224383,,98.037,1’000,Finland,8’928’000’000,1’000,No,Yes,Yes,233,1.9151
FINLAND 0% 13.05.2026,EUR,Republic of Finland,FI4000590971,Sovereign,13.05.2026,NA,0.00,,1.926363,,99.962,1’000,Finland,7’297’000’000,1’000,No,Yes,No,335,0.00
FINLAND 2.5% 15.04.2030,EUR,Republic of Finland,FI4000577952,Sovereign,15.04.2030,AA+,2.50,Annual,2.84433,,98.491,1’000,Finland,5’622’000’000,1’000,No,Yes,No,22,0.1507
FINLAND 3% 15.09.2033,EUR,Republic of Finland,FI4000550249,Sovereign,15.09.2033,AA+,3.00,Annual,3.116968,,98.923,1’000,Finland,7’924’000’000,1’000,No,Yes,Yes,233,1.9151
FINLAND 2.75% 04.07.2028,EUR,Republic of Finland,FI4000037635,Sovereign,04.07.2028,AA+,2.75,Annual,2.625259,,100.086,1’000,Finland,5’300’000’000,1’000,No,Yes,Yes,306,2.3055
FINLAND 1.125% 15.04.2034,EUR,Republic of Finland,FI4000306758,Sovereign,15.04.2034,AA+,1.13,Annual,3.194614,,85.368,1’000,Finland,5’454’000’000,1’000,No,Yes,Yes,21,0.0647
FINLAND 0.5% 15.09.2028,EUR,Republic of Finland,FI4000348727,Sovereign,15.09.2028,AA+,0.50,Annual,2.714717,,94.843,1’000,Finland,7’619’000’000,1’000,No,Yes,Yes,233,0.3192
FINLAND 0.5% 15.09.2027,EUR,Republic of Finland,FI4000278551,Sovereign,15.09.2027,AA+,0.50,Annual,2.669882,,97.045,1’000,Finland,6’913’000’000,1’000,No,Yes,Yes,233,0.3192
FINLAND 0.875% 20.05.2030,USD,Republic of Finland,XS2177026155,Sovereign,20.05.2030,AA+,0.88,Semi-Annual,4.05338,,88.085,200’000,Finland,1’500’000’000,1’000,No,Yes,No,166,0.4035
FINLAND 0% 13.11.2026,EUR,Republic of Finland,FI4000598396,Sovereign,13.11.2026,NA,0.00,,2.363727,,98.759,1’000,Finland,4’276’000’000,1’000,No,Yes,No,117,0.00
FINLAND 0% 15.09.2026,EUR,Republic of Finland,FI4000511449,Sovereign,15.09.2026,AA+,0.00,Annual,2.133437,,99.213,1’000,Finland,3’995’000’000,1’000,No,Yes,Yes,233,0.00
FINLAND 3.23% 15.04.2036,SEK,Republic of Finland,XS3295724804,Sovereign,15.04.2036,AA+,3.23,Annual,3.478627,,98.233,2’000’000,Finland,3’500’000’000,2’000’000,No,Yes,No,84,0.7537
FINLAND 2.625% 15.04.2032,EUR,Republic of Finland,FI4000591862,Sovereign,15.04.2032,AA+,2.63,Annual,2.984204,,97.816,1’000,Finland,4’698’000’000,1’000,No,Yes,Yes,21,0.151
FINLAND 4.375% 02.07.2034,USD,Republic of Finland,XS2853088362,Sovereign,02.07.2034,AA+,4.38,Semi-Annual,4.350991,,99.7951,200’000,Finland,1’000’000’000,1’000,No,Yes,No,124,1.5069
FINLAND 3.625% 04.11.2030,USD,Republic of Finland,XS3222747936,Sovereign,04.11.2030,AA+,3.63,Semi-Annual,4.020509,,98.159,200’000,Finland,1’500’000’000,1’000,No,Yes,No,2,0.0201
FINLAND 2.875% 15.04.2029,EUR,Republic of Finland,FI4000557525,Sovereign,15.04.2029,AA+,2.88,Annual,2.696304,,100.336,1’000,Finland,7’761’000’000,1’000,No,Yes,Yes,21,0.1654
FRANCE 0.25% 25.11.2026,EUR,Republic of France,FR0013200813,Sovereign,25.11.2026,NA,0.25,Annual,2.447,,98.76,1,France,36’708’000’000,1,No,Yes,Yes,162,0.111
FRANCE 5.5% 25.04.2029,EUR,Republic of France,FR0000571218,Sovereign,25.04.2029,NR,5.50,Annual,2.850288,,107.26,1,France,44’514’880’458,1,No,Yes,Yes,11,0.1658
FRANCE 0% 01.07.2026,EUR,Republic of France,FR0129287308,Sovereign,01.07.2026,NA,0.00,,2.002569,,99.686,1,France,4’504’000’000,1,No,Yes,Yes,140,0.00
FRANCE 0% 27.05.2026,EUR,Republic of France,FR0129437507,Sovereign,27.05.2026,NA,0.00,,1.94243,,99.887,1,France,6’845’000’000,1,No,Yes,Yes,77,0.00
FRANCE 4.75% 25.04.2035,EUR,Republic of France,FR0010070060,Sovereign,25.04.2035,NR,4.75,Annual,3.581407,,108.42,1,France,37’723’000’000,1,No,Yes,Yes,11,0.1432
FRANCE 0% 28.03.2028,EUR,Republic of France,FR0000571226,Sovereign,28.03.2028,NR,0.00,,3.058201,,94.33,1,France,46’232’603,1,No,Yes,Yes,39,0.00
FRANCE 5.75% 25.10.2032,EUR,Republic of France,FR0000187635,Sovereign,25.10.2032,NR,5.75,Annual,3.272488,,113.91,1,France,35’192’322’600,1,No,Yes,Yes,193,3.0404
FRANCE 0% 06.05.2026,EUR,Republic of France,FR0129287282,Sovereign,06.05.2026,NA,0.00,,2.480176,,99.994,1,France,5’396’000’000,1,No,Yes,Yes,,
FRANCE 0% 02.12.2026,EUR,Republic of France,FR0129287332,Sovereign,02.12.2026,NA,0.00,,2.378171,,98.607,1,France,7’338’000’000,1,No,Yes,Yes,154,0.00
FRANCE 3.2% 25.05.2035,EUR,Republic of France,FR001400X8V5,Sovereign,25.05.2035,NA,3.20,Annual,3.611874,,96.46,1,France,54’712’000’000,1,No,Yes,Yes,346,3.0334
FRANCE 2.5% 25.05.2030,EUR,Republic of France,FR0011883966,Sovereign,25.05.2030,NA,2.50,Annual,2.984464,,97.93,1,France,73’381’000’000,1,No,Yes,Yes,346,2.3699
FRANCE 0% 25.05.2032,EUR,Republic of France,FR0014007L00,Sovereign,25.05.2032,NA,0.00,Annual,3.250724,,82.15,1,France,50’484’000’000,1,No,Yes,Yes,346,0.00
FRANCE 0.75% 25.02.2028,EUR,Republic of France,FR001400AIN5,Sovereign,25.02.2028,NA,0.75,Annual,2.762613,,96.35,1,France,51’553’000’000,1,No,Yes,Yes,70,0.1438
FRANCE 0% 23.09.2026,EUR,Republic of France,FR0129437564,Sovereign,23.09.2026,NA,0.00,,2.26149,,99.121,1,France,8’183’000’000,1,No,Yes,Yes,56,0.00
FRANCE 0% 04.11.2026,EUR,Republic of France,FR0129287324,Sovereign,04.11.2026,NA,0.00,,2.334883,,98.814,1,France,8’274’000’000,1,No,Yes,Yes,182,0.00
FRANCE 0% 21.10.2026,EUR,Republic of France,FR0129570588,Sovereign,21.10.2026,NA,0.00,,2.32061,,98.916,1,France,8’556’000’000,1,No,Yes,Yes,27,0.00
FRANCE 1% 25.05.2027,EUR,Republic of France,FR0013250560,Sovereign,25.05.2027,NA,1.00,Annual,2.666141,,98.19,1,France,43’239’000’000,1,No,Yes,Yes,346,0.9479
FRANCE 0% 24.03.2027,EUR,Republic of France,FR0129437598,Sovereign,24.03.2027,NA,0.00,,2.536649,,97.734,1,France,10’395’000’000,1,No,Yes,Yes,42,0.00
FRANCE 0% 22.07.2026,EUR,Republic of France,FR0129570521,Sovereign,22.07.2026,NA,0.00,,2.070026,,99.557,1,France,8’074’000’000,1,No,Yes,Yes,21,0.00
FRANCE 2.75% 25.10.2027,EUR,Republic of France,FR0011317783,Sovereign,25.10.2027,NA,2.75,Annual,2.750535,,99.87,1,France,61’763’000’000,1,No,Yes,Yes,193,1.4541
FRANCE 2.5% 24.09.2027,EUR,Republic of France,FR001400NBC6,Sovereign,24.09.2027,NA,2.50,Annual,2.744234,,99.56,1,France,42’847’000’000,1,No,Yes,Yes,224,1.5342
FRANCE 0% 21.04.2027,EUR,Republic of France,FR0129570620,Sovereign,21.04.2027,NA,0.00,,2.568,,97.508,1,France,4’100’000’000,1,No,Yes,Yes,14,0.00
FRANCE 2.75% 25.02.2030,EUR,Republic of France,FR001400PM68,Sovereign,25.02.2030,NA,2.75,Annual,2.967201,,98.99,1,France,56’570’000’000,1,No,Yes,Yes,70,0.5274
FRANCE 0% 24.06.2026,EUR,Republic of France,FR0129437523,Sovereign,24.06.2026,NA,0.00,,1.992473,,99.727,1,France,7’113’000’000,1,No,Yes,Yes,49,0.00
FRANCE 2.75% 25.02.2029,EUR,Republic of France,FR001400HI98,Sovereign,25.02.2029,NA,2.75,Annual,2.849207,,99.54,1,France,63’538’000’000,1,No,Yes,Yes,70,0.5274
FRANCE 2.4% 24.09.2029,EUR,Republic of France,FR0014016G71,Sovereign,24.09.2029,NA,2.40,Annual,2.897852,,98.18,1,France,15’411’000’000,1,No,Yes,Yes,224,1.4729
FRANCE 3.5% 25.11.2033,EUR,Republic of France,FR001400L834,Sovereign,25.11.2033,NA,3.50,Annual,3.443937,,100.00,1,France,57’237’000’000,1,No,Yes,Yes,162,1.5534
FRANCE 1.25% 25.05.2034,EUR,Republic of France,FR0013313582,Sovereign,25.05.2034,NA,1.25,Annual,3.518416,,84.01,1,France,65’035’000’000,1,No,Yes,Yes,346,1.1849
FRANCE 2.7% 25.02.2031,EUR,Republic of France,FR001400Z2L7,Sovereign,25.02.2031,NA,2.70,Annual,3.078578,,98.07,1,France,55’790’000’000,1,No,Yes,Yes,70,0.5178
FRANCE 0.5% 25.05.2029,EUR,Republic of France,FR0013407236,Sovereign,25.05.2029,NA,0.50,Annual,2.872244,,92.97,1,France,58’805’000’000,1,No,Yes,Yes,346,0.474
FRANCE 0% 20.05.2026,EUR,Republic of France,FR0128984004,Sovereign,20.05.2026,NA,0.00,,2.003035,,99.922,1,France,12’246’000’000,1,No,Yes,Yes,350,0.00
FRANCE 3% 25.11.2034,EUR,Republic of France,FR001400QMF9,Sovereign,25.11.2034,NA,3.00,Annual,3.558973,,95.55,1,France,46’997’000’000,1,No,Yes,Yes,162,1.3315
FRANCE 0% 25.11.2031,EUR,Republic of France,FR0014002WK3,Sovereign,25.11.2031,NA,0.00,Annual,3.176561,,83.82,1,France,59’865’000’000,1,No,Yes,Yes,162,0.00
FRANCE 2% 25.11.2032,EUR,Republic of France,FR001400BKZ3,Sovereign,25.11.2032,NA,2.00,Annual,3.315278,,92.07,1,France,59’439’000’000,1,No,Yes,Yes,351,1.92329
FRANCE 2.5% 24.09.2026,EUR,Republic of France,FR001400FYQ4,Sovereign,24.09.2026,NA,2.50,Annual,2.333312,,100.03,1,France,24’280’000’000,1,No,Yes,Yes,224,1.5342
FRANCE 0% 12.08.2026,EUR,Republic of France,FR0129132736,Sovereign,12.08.2026,NA,0.00,,2.161247,,99.413,1,France,9’486’000’000,1,No,Yes,Yes,266,0.00
FRANCE 0% 15.07.2026,EUR,Republic of France,FR0129132728,Sovereign,15.07.2026,NA,0.00,,2.058738,,99.596,1,France,8’638’000’000,1,No,Yes,Yes,293,0.00
FRANCE 0% 13.05.2026,EUR,Republic of France,FR0129437499,Sovereign,13.05.2026,NA,0.00,,1.906497,,99.961,1,France,6’890’000’000,1,No,Yes,Yes,91,0.00
FRANCE 0% 27.01.2027,EUR,Republic of France,FR0129437572,Sovereign,27.01.2027,NA,0.00,,2.472028,,98.173,1,France,9’173’000’000,1,No,Yes,Yes,98,0.00
FRANCE 0% 07.10.2026,EUR,Republic of France,FR0129287316,Sovereign,07.10.2026,NA,0.00,,2.350358,,98.99,1,France,9’551’000’000,1,No,Yes,Yes,210,0.00
FRANCE 0% 05.08.2026,EUR,Republic of France,FR0129570539,Sovereign,05.08.2026,NA,0.00,,2.105,,99.458,1,France,3’299’000’000,1,No,Yes,Yes,7,0.00
FRANCE 0% 10.06.2026,EUR,Republic of France,FR0129437515,Sovereign,10.06.2026,NA,0.00,,1.971592,,99.81,1,France,7’562’000’000,1,No,Yes,Yes,63,0.00
FRANCE 3.5% 25.11.2035,EUR,Republic of France,FR0014012II5,Sovereign,25.11.2035,NA,3.50,Annual,3.668346,,98.266,1,France,50’919’000’000,1,No,Yes,Yes,162,1.5534
FRANCE 3% 25.05.2033,EUR,Republic of France,FR001400H7V7,Sovereign,25.05.2033,NA,3.00,Annual,3.385188,,97.31,1,France,50’596’000’000,1,No,Yes,Yes,346,2.8438
FRANCE 0% 08.07.2026,EUR,Republic of France,FR0129437531,Sovereign,08.07.2026,NA,0.00,,2.016381,,99.644,1,France,8’091’000’000,1,No,Yes,Yes,35,0.00
FRANCE 0.75% 25.11.2028,EUR,Republic of France,FR0013341682,Sovereign,25.11.2028,NA,0.75,Annual,2.822276,,94.79,1,France,62’095’000’000,1,No,Yes,Yes,162,0.3329
FRANCE 0% 24.02.2027,EUR,Republic of France,FR0129437580,Sovereign,24.02.2027,NA,0.00,,2.494655,,97.958,1,France,9’643’000’000,1,No,Yes,Yes,70,0.00
FRANCE 0% 03.06.2026,EUR,Republic of France,FR0129287290,Sovereign,03.06.2026,NA,0.00,,1.934643,,99.851,1,France,4’272’000’000,1,No,Yes,Yes,168,0.00
FRANCE 0% 25.11.2030,EUR,Republic of France,FR0013516549,Sovereign,25.11.2030,NA,0.00,Annual,3.045996,,87.00,1,France,58’857’000’000,1,No,Yes,Yes,162,0.00
FRANCE 0.5% 25.05.2026,EUR,Republic of France,FR0013131877,Sovereign,25.05.2026,NA,0.50,Annual,2.358032,,99.91,1,France,32’927’000’000,1,No,Yes,Yes,346,0.474
FRANCE 0% 25.11.2029,EUR,Republic of France,FR0013451507,Sovereign,25.11.2029,NA,0.00,Annual,2.926598,,90.04,1,France,49’931’000’000,1,No,Yes,Yes,162,0.00
FRANCE 0% 17.06.2026,EUR,Republic of France,FR0128984012,Sovereign,17.06.2026,NA,0.00,,2.020705,,99.764,1,France,11’454’000’000,1,No,Yes,Yes,322,0.00
FRANCE 0% 30.12.2026,EUR,Republic of France,FR0129287340,Sovereign,30.12.2026,NA,0.00,,2.423597,,98.39,1,France,7’719’000’000,1,No,Yes,Yes,119,0.00
FRANCE 2.4% 24.09.2028,EUR,Republic of France,FR001400XLW2,Sovereign,24.09.2028,NA,2.40,Annual,2.796974,,98.92,1,France,48’096’000’000,1,No,Yes,Yes,224,1.4729
FRANCE 1.5% 25.05.2031,EUR,Republic of France,FR0012993103,Sovereign,25.05.2031,NA,1.50,Annual,3.104067,,92.37,1,France,68’285’000’000,1,No,Yes,Yes,346,1.4219
FRANCE 0% 25.02.2027,EUR,Republic of France,FR0014003513,Sovereign,25.02.2027,NA,0.00,Annual,2.589324,,97.89,1,France,42’430’000’000,1,No,Yes,Yes,70,0.00
FRANCE 0% 09.09.2026,EUR,Republic of France,FR0129132744,Sovereign,09.09.2026,NA,0.00,,2.218665,,99.224,1,France,9’514’000’000,1,No,Yes,Yes,238,0.00
FRANCE 0% 29.07.2026,EUR,Republic of France,FR0129437549,Sovereign,29.07.2026,NA,0.00,,2.101248,,99.511,1,France,10’456’000’000,1,No,Yes,Yes,112,0.00
FRANCE 0% 26.08.2026,EUR,Republic of France,FR0129437556,Sovereign,26.08.2026,NA,0.00,,2.188681,,99.319,1,France,8’700’000’000,1,No,Yes,Yes,84,0.00
FRANCE 0.75% 25.05.2028,EUR,Republic of France,FR0013286192,Sovereign,25.05.2028,NA,0.75,Annual,2.790363,,95.83,1,France,67’202’000’000,1,No,Yes,Yes,346,0.711
GABON 7% 24.11.2031,USD,Republic of Gabon,XS2407752711,Sovereign,24.11.2031,NA,7.00,Semi-Annual,11.453005,,84.50,200’000,Gabon,500’000’000,1’000,No,Yes,No,162,3.15
GABON 6.625% 06.02.2031,USD,Republic of Gabon,XS2113615228,Sovereign,06.02.2031,NA,6.63,Semi-Annual,11.43441,,85.75,200’000,Gabon,894’682’000,1’000,No,Yes,No,90,1.6563
GABON 9.5% 18.02.2029,USD,Republic of Gabon,XS3000946437,Sovereign,18.02.2029,NA,9.50,Semi-Annual,11.668654,,95.625,200’000,Gabon,570’000’000,1’000,No,Yes,No,78,2.0583
GEORGIA 5.125% 28.01.2031,USD,Republic of Georgia,XS3262542155,Sovereign,28.01.2031,BB,5.13,Semi-Annual,5.672077,,97.75,200’000,Georgia,500’000’000,1’000,No,Yes,No,98,1.3951
GHANA 0% 03.07.2026,USD,Republic of Ghana,XS2893146873,Sovereign,03.07.2026,B-,0.00,,5.478976,,99.25,1’000,Ghana,104’512’449,1,No,Yes,No,307,0.00
GHANA 0% 03.01.2030,USD,Republic of Ghana,XS2893147681,Sovereign,03.01.2030,B-,0.00,,6.405736,,88.875,1’000,Ghana,490’079’281,1,No,Yes,No,123,0.00
ICELAND 3.4% 28.06.2027,EUR,Republic of Iceland,XS2852055651,Sovereign,28.06.2027,NA,3.40,Annual,3.464623,,99.835,100’000,Iceland,50’000’000,100’000,No,Yes,No,312,2.9063
ICELAND 2.625% 27.05.2030,EUR,Republic of Iceland,XS3081371554,Sovereign,27.05.2030,A+,2.63,Annual,3.081136,,98.044,100’000,Iceland,750’000’000,1’000,No,Yes,No,344,2.474
ICELAND 3.5% 21.03.2034,EUR,Republic of Iceland,XS2788435050,Sovereign,21.03.2034,A+,3.50,Annual,3.446106,,100.043,100’000,Iceland,750’000’000,1’000,No,Yes,No,46,0.4411
ICELAND 0% 15.04.2028,EUR,Republic of Iceland,XS2293755125,Sovereign,15.04.2028,A+,0.00,Annual,3.157464,,93.996,100’000,Iceland,750’000’000,1’000,No,Yes,No,21,0.00
ICELAND 0.625% 03.06.2026,EUR,Republic of Iceland,XS2182399274,Sovereign,03.06.2026,NA,0.63,Annual,2.515397,,99.868,100’000,Iceland,296’291’000,1’000,No,Yes,No,337,0.5771
KAZAKHSTAN 5% 01.07.2032,USD,Republic of Kazakhstan,XS3093655341,Sovereign,01.07.2032,BBB-,5.00,Semi-Annual,4.799857,,100.7379,200’000,Kyrgystan,1’350’000’000,1’000,No,Yes,No,125,1.7361
KAZAKHSTAN 0.6% 30.09.2026,EUR,Republic of Kazakhstan,XS2050933899,Sovereign,30.09.2026,BBB-,0.60,Annual,3.13268,,98.961,100’000,Kyrgystan,500’000’000,1’000,No,Yes,No,218,0.3584
KAZAKHSTAN 2.375% 09.11.2028,EUR,Republic of Kazakhstan,XS1901718335,Sovereign,09.11.2028,BBB-,2.38,Annual,2.963879,,98.617,100’000,Kyrgystan,525’000’000,1’000,No,Yes,No,178,1.1582
KAZAKHSTAN 4.412% 28.10.2030,USD,Republic of Kazakhstan,XS3212533262,Sovereign,28.10.2030,BBB-,4.41,Semi-Annual,4.720537,,98.6447,200’000,Kyrgystan,1’500’000’000,1’000,No,Yes,No,8,0.098
KAZAKHSTAN 1.5% 30.09.2034,EUR,Republic of Kazakhstan,XS2050933626,Sovereign,30.09.2034,BBB-,1.50,Annual,3.907303,,83.2478,100’000,Kyrgystan,650’000’000,1’000,No,Yes,No,218,0.8959
KAZAKHSTAN 4.714% 09.04.2035,USD,Republic of Kazakhstan,XS2914770545,Sovereign,09.04.2035,BBB-,4.71,Semi-Annual,4.905553,,98.222,200’000,Kyrgystan,1’500’000’000,1’000,No,Yes,No,27,0.3536
LATVIA 3.875% 12.07.2033,EUR,Republic of Latvia,XS2648672660,Sovereign,12.07.2033,A,3.88,Annual,3.503658,,102.216,100’000,Latvia,1’030’000’000,1’000,No,Yes,No,298,3.1637
LATVIA 2.875% 21.05.2030,EUR,Republic of Latvia,XS3075496896,Sovereign,21.05.2030,A,2.88,Annual,3.110194,,99.077,1’000,Latvia,1’375’000’000,1’000,No,Yes,No,350,2.7568
LATVIA 3.5% 02.10.2035,EUR,Republic of Latvia,XS3194153352,Sovereign,02.10.2035,A,3.50,Annual,3.757537,,97.773,1’000,Latvia,1’300’000’000,1’000,No,Yes,No,216,2.0712
LATVIA 0.25% 23.01.2030,EUR,Republic of Latvia,XS2420426038,Sovereign,23.01.2030,A,0.25,Annual,3.091658,,90.02,100’000,Latvia,600’000’000,1’000,No,Yes,No,103,0.0705
LATVIA 0.375% 07.10.2026,EUR,Republic of Latvia,XS1501554874,Sovereign,07.10.2026,A,0.38,Annual,2.725804,,99.034,100’000,Latvia,2’020’000’000,1’000,No,Yes,No,211,0.2168
LATVIA 3.5% 17.01.2028,EUR,Republic of Latvia,XS2576364371,Sovereign,17.01.2028,A,3.50,Annual,2.99257,,100.766,100’000,Latvia,1’420’000’000,1’000,No,Yes,No,109,1.0452
LATVIA 3.875% 25.03.2027,EUR,Republic of Latvia,XS2549862758,Sovereign,25.03.2027,A,3.88,Annual,2.888159,,100.842,100’000,Latvia,1’155’000’000,1’000,No,Yes,No,42,0.4459
LATVIA 0% 24.01.2029,EUR,Republic of Latvia,XS2361416915,Sovereign,24.01.2029,A,0.00,Annual,3.045569,,92.135,100’000,Latvia,800’000’000,1’000,No,Yes,No,102,0.00
LATVIA 1.125% 30.05.2028,EUR,Republic of Latvia,XS1829276275,Sovereign,30.05.2028,A,1.13,Annual,3.061553,,96.13,100’000,Latvia,821’750’000,1’000,No,Yes,No,341,1.051
LATVIA 0% 17.03.2031,EUR,Republic of Latvia,XS2317123052,Sovereign,17.03.2031,A,0.00,Annual,3.207833,,85.613,100’000,Latvia,1’540’500’000,1’000,No,Yes,No,50,0.00
LATVIA 3% 24.01.2032,EUR,Republic of Latvia,XS2906240028,Sovereign,24.01.2032,A,3.00,Annual,3.355507,,98.097,1’000,Latvia,860’000’000,1’000,No,Yes,No,102,0.8384
LATVIA 3.875% 22.05.2029,EUR,Republic of Latvia,XS2722876609,Sovereign,22.05.2029,A,3.88,Annual,3.018359,,102.419,1’000,Latvia,1’340’000’000,1’000,No,Yes,No,349,3.7051
LATVIA 5.125% 30.07.2034,USD,Republic of Latvia,XS2829701718,Sovereign,30.07.2034,A,5.13,Semi-Annual,5.027007,,100.4829,200’000,Latvia,1’250’000’000,1’000,No,Yes,No,96,1.3667
LEBANON 6.6% 27.11.2026,USD,Republic of Lebanon,XS0707820659,Sovereign,27.11.2026,D,6.60,Semi-Annual,446.035637,,27.00,1’000,Lebanon,1’600’000’000,1’000,No,Yes,No,158,0.00
LEBANON 8.2% 17.05.2033,USD,Republic of Lebanon,XS1824238239,Sovereign,17.05.2033,NA,8.20,Semi-Annual,19.518105,,27.00,1’000,Lebanon,1’500’000’000,1’000,No,Yes,No,169,0.00
LEBANON 6.85% 23.03.2027,USD,Republic of Lebanon,XS1586230051,Sovereign,23.03.2027,D,6.85,Semi-Annual,220.644219,,27.00,1’000,Lebanon,1’250’000’000,1’000,No,Yes,No,43,0.00
LEBANON 7% 23.03.2032,USD,Republic of Lebanon,XS1586230481,Sovereign,23.03.2032,D,7.00,Semi-Annual,23.552149,,27.00,1’000,Lebanon,1’000’000’000,1’000,No,Yes,No,43,0.00
LEBANON 8.25% 17.05.2034,USD,Republic of Lebanon,XS1824238072,Sovereign,17.05.2034,NA,8.25,Semi-Annual,16.987409,,27.00,1’000,Lebanon,1’500’000’000,1’000,No,Yes,No,169,0.00
LEBANON 7.05% 02.11.2035,USD,Republic of Lebanon,XS1313654623,Sovereign,02.11.2035,D,7.05,Semi-Annual,14.285736,,27.00,1’000,Lebanon,600’000’000,1’000,No,Yes,No,2,0.00
LEBANON 6.65% 03.11.2028,USD,Republic of Lebanon,XS1313675974,Sovereign,03.11.2028,D,6.65,Semi-Annual,60.098353,,27.00,1’000,Lebanon,893’197’000,1’000,No,Yes,No,2,0.00
LEBANON 6.65% 26.02.2030,USD,Republic of Lebanon,XS1196419854,Sovereign,26.02.2030,D,6.65,Semi-Annual,37.542502,,27.00,1’000,Lebanon,1’400’000’000,1’000,No,Yes,No,70,0.00
LEBANON 12% 27.07.2035,USD,Republic of Lebanon,XS2083908132,Sovereign,27.07.2035,NA,12.00,Semi-Annual,14.709069,,27.00,1’000,Lebanon,1’500’000’000,1’000,No,Yes,No,99,0.00
LEBANON 7% 20.03.2028,USD,Republic of Lebanon,XS1720803326,Sovereign,20.03.2028,NA,7.00,Semi-Annual,83.720884,,27.00,1’000,Lebanon,1’700’000’000,1’000,No,Yes,No,172,0.00
LEBANON 11.5% 27.11.2029,USD,Republic of Lebanon,XS2083908645,Sovereign,27.11.2029,NA,11.50,Semi-Annual,40.39866,,27.00,1’000,Lebanon,1’500’000’000,1’000,No,Yes,No,129,0.00
LEBANON 6.75% 29.11.2027,USD,Republic of Lebanon,XS0859366899,Sovereign,29.11.2027,NA,6.75,Semi-Annual,103.970886,,27.00,1’000,Lebanon,1’000’000’000,1’000,No,Yes,No,157,0.00
LEBANON 7% 22.04.2031,USD,Republic of Lebanon,XS1396347723,Sovereign,22.04.2031,D,7.00,Semi-Annual,28.212463,,27.00,1’000,Lebanon,300’000’000,1’000,No,Yes,No,14,0.00
LEBANON 6.85% 25.05.2029,USD,Republic of Lebanon,XS1419879769,Sovereign,25.05.2029,D,6.85,Semi-Annual,47.835908,,27.00,1’000,Lebanon,1’000’000’000,1’000,No,Yes,No,159,0.00
LITHUANIA 0.95% 26.05.2027,EUR,Republic of Lithuania,XS1619567677,Sovereign,26.05.2027,NA,0.95,Annual,2.881725,,97.918,1’000,Lithuania,1’100’000’000,1’000,No,Yes,No,345,0.8979
LITHUANIA 3.875% 14.06.2033,EUR,Republic of Lithuania,XS2604821228,Sovereign,14.06.2033,A,3.88,Annual,3.510179,,102.066,1’000,Lithuania,1’250’000’000,1’000,No,Yes,No,326,3.461
LITHUANIA 0.5% 19.06.2029,EUR,Republic of Lithuania,XS2013677864,Sovereign,19.06.2029,A,0.50,Annual,3.065389,,92.375,1’000,Lithuania,735’000’000,1’000,No,Yes,No,321,0.4397
LITHUANIA 2.125% 01.06.2032,EUR,Republic of Lithuania,XS2487342649,Sovereign,01.06.2032,A,2.13,Annual,3.371214,,93.086,1’000,Lithuania,1’585’000’000,1’000,No,Yes,No,339,1.9736
LITHUANIA 3.625% 10.03.2036,EUR,Republic of Lithuania,XS3175946071,Sovereign,10.03.2036,A,3.63,Annual,3.783228,,98.309,1’000,Lithuania,1’000’000’000,1’000,No,Yes,No,57,0.5661
LITHUANIA 0.75% 06.05.2030,EUR,Republic of Lithuania,XS2168038847,Sovereign,06.05.2030,A,0.75,Annual,3.078209,,91.308,1’000,Lithuania,1’250’000’000,1’000,No,Yes,No,,0.00
LITHUANIA 3% 22.01.2031,EUR,Republic of Lithuania,XS3276320358,Sovereign,22.01.2031,A,3.00,Annual,3.174663,,99.063,1’000,Lithuania,1’310’000’000,1’000,No,Yes,No,104,0.8548
LITHUANIA 3.5% 03.07.2031,EUR,Republic of Lithuania,XS2841247583,Sovereign,03.07.2031,A,3.50,Annual,3.228333,,101.165,1’000,Lithuania,1’540’000’000,1’000,No,Yes,No,307,2.9438
LITHUANIA 4.125% 25.04.2028,EUR,Republic of Lithuania,XS2547270756,Sovereign,25.04.2028,A,4.13,Annual,2.820031,,102.356,1’000,Lithuania,1’180’000’000,1’000,No,Yes,No,11,0.1243
LITHUANIA 3.5% 13.02.2034,EUR,Republic of Lithuania,XS2765498717,Sovereign,13.02.2034,A,3.50,Annual,3.581512,,99.184,1’000,Lithuania,2’275’000’000,1’000,No,Yes,No,82,0.7863
LITHUANIA 2.125% 22.10.2035,EUR,Republic of Lithuania,XS1310032260,Sovereign,22.10.2035,A,2.13,Annual,3.741979,,87.179,1’000,Lithuania,1’245’000’000,1’000,No,Yes,No,196,1.1411
LITHUANIA 2.875% 28.01.2030,EUR,Republic of Lithuania,XS2979761769,Sovereign,28.01.2030,A,2.88,Annual,3.072833,,99.081,1’000,Lithuania,1’625’000’000,1’000,No,Yes,No,98,0.7719
LITHUANIA 2.125% 29.10.2026,EUR,Republic of Lithuania,XS1130139667,Sovereign,29.10.2026,A,2.13,Annual,2.684533,,99.695,100’000,Lithuania,1’051’000’000,1’000,No,Yes,No,189,1.1003
MALTA 1% 23.08.2035,EUR,Republic of Malta,MT0000013194,Sovereign,23.08.2035,NA,1.00,Semi-Annual,3.84049,,78.56,100,Malta,144’200’000,100,No,Yes,Yes,72,0.1989
MALTA 1% 23.04.2031,EUR,Republic of Malta,MT0000013020,Sovereign,23.04.2031,NA,1.00,Semi-Annual,3.24958,,90.11,100,Malta,255’000’000,100,No,Yes,Yes,13,0.0355
MALTA 2.9% 24.10.2032,EUR,Republic of Malta,MT0000013525,Sovereign,24.10.2032,NA,2.90,Semi-Annual,3.45021,,97.34,100,Malta,57’720’300,100,No,Yes,Yes,12,0.0951
NORTH MACEDONIA 6.96% 13.03.2027,EUR,Republic of North Macedonia,XS2582522681,Sovereign,13.03.2027,BB-,6.96,Annual,4.438134,,102.052,100’000,Macedonia,500’000’000,1’000,No,Yes,No,54,1.0297
NORTH MACEDONIA 1.625% 10.03.2028,EUR,Republic of North Macedonia,XS2310118893,Sovereign,10.03.2028,BB-,1.63,Annual,4.382285,,95.181,100’000,Macedonia,700’000’000,1’000,No,Yes,No,246,1.09521
NORTH MACEDONIA 3.875% 21.01.2030,EUR,Republic of North Macedonia,XS3273795859,Sovereign,21.01.2030,BB-,3.88,Annual,4.371109,,98.206,100’000,Macedonia,500’000’000,1’000,No,Yes,No,105,1.1147
NORTH MACEDONIA 3.675% 03.06.2026,EUR,Republic of North Macedonia,XS2181690665,Sovereign,03.06.2026,BB-,3.68,Annual,3.823547,,99.924,100’000,Macedonia,316’311’000,1’000,No,Yes,No,337,3.3931
NORTH MACEDONIA 4.75% 21.01.2034,EUR,Republic of North Macedonia,XS3273796238,Sovereign,21.01.2034,BB-,4.75,Annual,5.028783,,98.17,100’000,Macedonia,500’000’000,1’000,No,Yes,No,105,1.3664
PARAGUAY 4.95% 28.04.2031,USD,Republic of Paraguay,USP75744AJ47,Sovereign,28.04.2031,BBB-,4.95,Semi-Annual,4.595286,,101.00,200’000,Paraguay,789’897’000,1’000,No,Yes,No,7,0.0963
PARAGUAY 2.739% 29.01.2033,USD,Republic of Paraguay,USP75744AK10,Sovereign,29.01.2033,BBB-,2.74,Semi-Annual,4.810065,,89.625,200’000,Paraguay,600’000’000,1’000,No,Yes,No,96,0.7304
PARAGUAY 6% 09.02.2036,USD,Republic of Paraguay,USP75744AN58,Sovereign,09.02.2036,BBB-,6.00,Semi-Annual,5.116566,,105.75,200’000,Paraguay,500’000’000,1’000,No,Yes,No,86,1.4333
PARAGUAY 5.85% 21.08.2033,USD,Republic of Paraguay,USP75744AM75,Sovereign,21.08.2033,BBB-,5.85,Semi-Annual,4.989004,,104.75,200’000,Paraguay,500’000’000,1’000,No,Yes,No,74,1.2025
PARAGUAY 4.7% 27.03.2027,USD,Republic of Paraguay,USP75744AE59,Sovereign,27.03.2027,BBB-,4.70,Semi-Annual,4.263505,,100.50,200’000,Paraguay,97’798’000,1’000,No,Yes,No,38,0.4961
PARAGUAY 3.849% 28.06.2033,USD,Republic of Paraguay,USP75744AL92,Sovereign,28.06.2033,BBB-,3.85,Semi-Annual,4.872766,,94.375,200’000,Paraguay,500’600’000,1’000,No,Yes,No,127,1.3578
PARAGUAY 6% 09.02.2036,USD,Republic of Paraguay,US699149AN04,Sovereign,09.02.2036,BBB-,6.00,Semi-Annual,5.200611,,105.2862,200’000,Paraguay,500’000’000,1’000,No,Yes,No,86,1.4333
PERU 4.125% 25.08.2027,USD,Republic of Peru,US715638BU55,Sovereign,25.08.2027,BBB-,4.13,Semi-Annual,3.92292,,100.375,1’000,Peru,449’023’000,1’000,No,Yes,No,70,0.8021
PERU 1.25% 11.03.2033,EUR,Republic of Peru,XS2314020806,Sovereign,11.03.2033,BBB-,1.25,Annual,3.909547,,84.229,100’000,Peru,825’000’000,1’000,No,Yes,No,245,0.83904
PERU 3% 15.01.2034,USD,Republic of Peru,US715638DU38,Sovereign,15.01.2034,BBB-,3.00,Semi-Annual,5.069404,,86.9002,1’000,Peru,2’250’000’000,1’000,No,Yes,No,110,0.9167
PERU 2.844% 20.06.2030,USD,Republic of Peru,US715638DA73,Sovereign,20.06.2030,BBB-,2.84,Semi-Annual,4.529034,,93.7509,1’000,Peru,465’675’000,1’000,No,Yes,No,135,1.0665
PERU 5.375% 08.02.2035,USD,Republic of Peru,US715638EB48,Sovereign,08.02.2035,BBB-,5.38,Semi-Annual,5.177735,,100.9669,1’000,Peru,1’250’000’000,1’000,No,Yes,No,87,1.299
PERU 8.75% 21.11.2033,USD,Republic of Peru,US715638AP79,Sovereign,21.11.2033,BBB-,8.75,Semi-Annual,4.973295,,123.1768,1’000,Peru,2’151’935’000,1’000,No,Yes,No,164,3.9861
PERU 2.783% 23.01.2031,USD,Republic of Peru,US715638DF60,Sovereign,23.01.2031,BBB-,2.78,Semi-Annual,4.641754,,92.0426,1’000,Peru,2’799’396’000,1’000,No,Yes,No,102,0.7885
PERU 1.862% 01.12.2032,USD,Republic of Peru,US715638DP43,Sovereign,01.12.2032,BBB-,1.86,Semi-Annual,4.886625,,82.877,1’000,Peru,1’000’000’000,1’000,No,Yes,No,154,0.7965
PERU 5.5% 30.03.2036,USD,Republic of Peru,US715638FC12,Sovereign,30.03.2036,BBB-,5.50,Semi-Annual,5.310836,,101.4663,1’000,Peru,1’600’000’000,1’000,No,Yes,No,35,0.5347
PERU 3.75% 01.03.2030,EUR,Republic of Peru,XS1373156618,Sovereign,01.03.2030,BBB-,3.75,Annual,3.401023,,101.163,100’000,Peru,860’172’000,1’000,No,Yes,No,66,0.6781
POLAND 4.875% 04.10.2033,USD,Republic of Poland,US731011AV42,Sovereign,04.10.2033,A-,4.88,Semi-Annual,4.812933,,100.311,1’000,Poland,2’500’000’000,1’000,No,Yes,No,31,0.4198
POLAND 4.625% 18.03.2029,USD,Republic of Poland,US731011AX08,Sovereign,18.03.2029,A-,4.63,Semi-Annual,4.168089,,101.2194,1’000,Poland,1’500’000’000,1’000,No,Yes,No,47,0.6038
POLAND 5.5% 16.11.2027,USD,Republic of Poland,US857524AD47,Sovereign,16.11.2027,A-,5.50,Semi-Annual,4.194272,,101.8364,1’000,Poland,1’500’000’000,1’000,No,Yes,No,169,2.5819
POLAND 2.75% 25.05.2032,EUR,Republic of Poland,XS2447602793,Sovereign,25.05.2032,A-,2.75,Annual,3.334298,,96.759,1’000,Poland,2’000’000’000,1’000,No,Yes,No,346,2.6068
POLAND 3.625% 11.01.2034,EUR,Republic of Poland,XS2746102479,Sovereign,11.01.2034,A-,3.63,Annual,3.527286,,100.573,1’000,Poland,2’500’000’000,1’000,No,Yes,No,115,1.1421
POLAND 1% 25.10.2028,EUR,Republic of Poland,XS1508566392,Sovereign,25.10.2028,A-,1.00,Annual,2.825172,,95.732,1’000,Poland,750’000’000,1’000,No,Yes,No,193,0.5288
POLAND 3% 16.01.2030,EUR,Republic of Poland,XS2975280509,Sovereign,16.01.2030,A-,3.00,Annual,3.0099,,99.798,1’000,Poland,1’500’000’000,1’000,No,Yes,No,110,0.9041
POLAND 2.375% 18.01.2036,EUR,Republic of Poland,XS1346201889,Sovereign,18.01.2036,A-,2.38,Annual,3.6882,,88.84,1’000,Poland,2’000’000’000,1’000,No,Yes,No,108,0.7027
POLAND 3.22% 04.08.2034,JPY,Republic of Poland,XS0197118465,Sovereign,04.08.2034,A-,3.22,Semi-Annual,2.692117,,103.877,100’000’000,Poland,16’800’000’000,100’000’000,No,Yes,No,92,0.8229
POLAND 3.625% 29.11.2030,EUR,Republic of Poland,XS2726911931,Sovereign,29.11.2030,NA,3.63,Annual,3.186969,,101.649,1’000,Poland,1’250’000’000,1’000,No,Yes,No,158,1.5692
POLAND 3.625% 16.01.2035,EUR,Republic of Poland,XS2975276143,Sovereign,16.01.2035,A-,3.63,Annual,3.615396,,99.801,1’000,Poland,1’500’000’000,1’000,No,Yes,No,110,1.0925
POLAND 2.875% 15.01.2031,EUR,Republic of Poland,XS3268040964,Sovereign,15.01.2031,A-,2.88,Annual,3.253532,,98.37,1’000,Poland,2’000’000’000,1’000,No,Yes,No,111,0.8743
POLAND 5.75% 16.11.2032,USD,Republic of Poland,US857524AE20,Sovereign,16.11.2032,A-,5.75,Semi-Annual,4.717956,,105.6916,1’000,Poland,1’500’000’000,1’000,No,Yes,No,169,2.6993
POLAND 5.125% 18.09.2034,USD,Republic of Poland,US731011AY80,Sovereign,18.09.2034,A-,5.13,Semi-Annual,4.971629,,100.9363,1’000,Poland,3’000’000’000,1’000,No,Yes,No,47,0.6691
POLAND 4.45% 02.02.2035,EUR,Republic of Poland,XS0211389753,Sovereign,02.02.2035,A-,4.45,Annual,3.258277,,108.686,1’000,Poland,500’000’000,1’000,No,Yes,No,93,1.1338
POLAND 3.125% 07.07.2032,EUR,Republic of Poland,XS3109446610,Sovereign,07.07.2032,A-,3.13,Annual,3.34116,,98.778,1’000,Poland,1’750’000’000,1’000,No,Yes,No,303,2.5942
POLAND 2.591% 22.11.2027,EUR,Republic of Poland,XS2943817168,Sovereign,22.11.2027,A-,2.59,Annual,2.580844,,99.652,200’000,Poland,250’000’000,200’000,No,Yes,No,165,1.1713
POLAND 3.875% 14.02.2033,EUR,Republic of Poland,XS2586944659,Sovereign,14.02.2033,A-,3.88,Annual,3.442745,,102.616,1’000,Poland,2’250’000’000,1’000,No,Yes,No,81,0.8599
POLAND 1.125% 07.08.2026,EUR,Republic of Poland,XS1766612672,Sovereign,07.08.2026,A-,1.13,Annual,2.322924,,99.593,1’000,Poland,1’000’000’000,1’000,No,Yes,No,272,0.8384
POLAND 0.875% 10.05.2027,EUR,Republic of Poland,XS1209947271,Sovereign,10.05.2027,A-,0.88,Annual,2.896419,,97.981,1’000,Poland,1’000’000’000,1’000,No,Yes,No,361,0.8654
POLAND 1% 07.03.2029,EUR,Republic of Poland,XS1958534528,Sovereign,07.03.2029,A-,1.00,Annual,2.850609,,94.957,1’000,Poland,1’500’000’000,1’000,No,Yes,No,60,0.1644
POLAND 1.75% 25.04.2032,PLN,Republic of Poland,PL0000113783,Sovereign,25.04.2032,NA,1.75,Annual,5.389,,81.828,1’000,Poland,63’684’961’000,1’000,No,Yes,No,11,0.053
POLAND 4.875% 12.02.2030,USD,Republic of Poland,US857524AF94,Sovereign,12.02.2030,A-,4.88,Semi-Annual,4.239394,,101.9675,1’000,Poland,2’750’000’000,1’000,No,Yes,No,83,1.124
POLAND 3.125% 22.10.2031,EUR,Republic of Poland,XS2922763896,Sovereign,22.10.2031,A-,3.13,Annual,3.266834,,99.166,1’000,Poland,1’750’000’000,1’000,No,Yes,No,196,1.6781
POLAND 1.375% 22.10.2027,EUR,Republic of Poland,XS1584894650,Sovereign,22.10.2027,A-,1.38,Annual,2.849279,,97.868,1’000,Poland,1’000’000’000,1’000,No,Yes,No,196,0.7384
POLAND 5.375% 14.04.2036,USD,Republic of Poland,US857524AK89,Sovereign,14.04.2036,A-,5.38,Semi-Annual,5.263086,,100.8685,1’000,Poland,2’500’000’000,1’000,No,Yes,No,21,0.3135
POLAND 4.625% 14.04.2031,USD,Republic of Poland,US857524AJ17,Sovereign,14.04.2031,A-,4.63,Semi-Annual,4.443166,,100.7543,1’000,Poland,1’000’000’000,1’000,No,Yes,No,21,0.2698
POLAND 5.375% 12.02.2035,USD,Republic of Poland,US857524AH50,Sovereign,12.02.2035,A-,5.38,Semi-Annual,5.067446,,102.091,1’000,Poland,2’750’000’000,1’000,No,Yes,No,83,1.2392
PORTUGAL 0.9% 12.10.2035,EUR,Republic of Portugal,PTOTENOE0034,Sovereign,12.10.2035,NA,0.90,Annual,3.331835,,80.185,0,Portugal,8’046’713’000,0,No,Yes,Yes,206,0.5079
PORTUGAL 2.875% 20.10.2034,EUR,Republic of Portugal,PTOTESOE0021,Sovereign,20.10.2034,NA,2.88,Annual,3.230452,,96.986,0,Portugal,6’358’681’000,0,No,Yes,Yes,198,1.5596
PORTUGAL 4.125% 14.04.2027,EUR,Republic of Portugal,PTOTEUOE0019,Sovereign,14.04.2027,NA,4.13,Annual,2.59611,,101.35,0,Portugal,7’729’046’000,0,No,Yes,Yes,22,0.2486
PORTUGAL 0.7% 15.10.2027,EUR,Republic of Portugal,PTOTEMOE0035,Sovereign,15.10.2027,NA,0.70,Annual,2.6564,,97.173,0,Portugal,7’598’456’000,0,No,Yes,Yes,203,0.3893
PORTUGAL 2.875% 14.10.2033,EUR,Republic of Portugal,PTOTEQOE0023,Sovereign,14.10.2033,NA,2.88,Annual,3.075872,,98.344,0,Portugal,4’179’000’000,0,No,Yes,Yes,218,1.7171
PORTUGAL 0% 19.03.2027,EUR,Republic of Portugal,PTPBTFGE0069,Sovereign,19.03.2027,NA,0.00,,2.510455,,97.803,1,Portugal,2’986’753’215,1,No,Yes,Yes,47,0.00
PORTUGAL 3.095% 22.04.2033,EUR,Republic of Portugal,PTIGCGOE0004,Sovereign,22.04.2033,NA,3.10,Annual,3.036387,,100.102,100’000,Portugal,100’000’000,100’000,No,Yes,Yes,14,0.1204
PORTUGAL 1.95% 15.06.2029,EUR,Republic of Portugal,PTOTEXOE0024,Sovereign,15.06.2029,NA,1.95,Annual,2.654302,,97.745,0,Portugal,13’800’486’000,0,No,Yes,Yes,325,1.7363
PORTUGAL 0% 22.05.2026,EUR,Republic of Portugal,PTPBTEGE0052,Sovereign,22.05.2026,NA,0.00,,1.949365,,99.914,1,Portugal,2’063’136’655,1,No,Yes,Yes,348,0.00
PORTUGAL 3.875% 15.02.2030,EUR,Republic of Portugal,PTOTEROE0014,Sovereign,15.02.2030,NA,3.88,Annual,2.696979,,103.94,0,Portugal,8’029’264’491,0,No,Yes,Yes,80,0.8493
PORTUGAL 0% 17.07.2026,EUR,Republic of Portugal,PTPBTBGE0071,Sovereign,17.07.2026,NA,0.00,,2.039113,,99.594,1,Portugal,3’004’804’177,1,No,Yes,Yes,292,0.00
PORTUGAL 0% 22.01.2027,EUR,Republic of Portugal,PTPBTZGE0032,Sovereign,22.01.2027,NA,0.00,,2.351072,,98.253,1,Portugal,2’437’829’710,1,No,Yes,Yes,103,0.00
PORTUGAL 0.3% 17.10.2031,EUR,Republic of Portugal,PTOTEOOE0033,Sovereign,17.10.2031,NA,0.30,Annual,2.886783,,86.828,0,Portugal,10’641’526’000,0,No,Yes,Yes,201,0.1652
PORTUGAL 2.25% 18.04.2034,EUR,Republic of Portugal,PTOTEWOE0017,Sovereign,18.04.2034,NA,2.25,Annual,3.169241,,93.23,0,Portugal,9’555’164’023,0,No,Yes,Yes,18,0.111
PORTUGAL 3% 15.06.2035,EUR,Republic of Portugal,PTOTEAOE0005,Sovereign,15.06.2035,NA,3.00,Annual,3.22311,,97.785,0,Portugal,7’104’944’000,0,No,Yes,Yes,325,2.6712
PORTUGAL 1.65% 16.07.2032,EUR,Republic of Portugal,PTOTEYOE0031,Sovereign,16.07.2032,NA,1.65,Annual,2.983702,,92.256,0,Portugal,7’816’409’000,0,No,Yes,Yes,294,1.329
PORTUGAL 2.875% 21.07.2026,EUR,Republic of Portugal,PTOTETOE0012,Sovereign,21.07.2026,NA,2.88,Annual,2.29915,,100.10,0,Portugal,9’275’196’000,0,No,Yes,Yes,289,2.2764
PORTUGAL 0.475% 18.10.2030,EUR,Republic of Portugal,PTOTELOE0028,Sovereign,18.10.2030,NA,0.48,Annual,2.781138,,90.24,0,Portugal,11’221’218’000,0,No,Yes,Yes,200,0.2603
PORTUGAL 0% 20.11.2026,EUR,Republic of Portugal,PTPBTCGE0070,Sovereign,20.11.2026,NA,0.00,,2.300368,,98.715,1,Portugal,2’325’000’000,1,No,Yes,Yes,117,0.00
PORTUGAL 2.125% 17.10.2028,EUR,Republic of Portugal,PTOTEVOE0018,Sovereign,17.10.2028,NA,2.13,Annual,2.647457,,98.61,0,Portugal,16’067’387’000,0,No,Yes,Yes,201,1.1702
PORTUGAL 0% 18.09.2026,EUR,Republic of Portugal,PTPBTAGE0072,Sovereign,18.09.2026,NA,0.00,,2.15084,,99.174,1,Portugal,1’842’636’000,1,No,Yes,Yes,229,0.00
RWANDA 5.5% 09.08.2031,USD,Republic of Rwanda,XS2373051320,Sovereign,09.08.2031,B+,5.50,Semi-Annual,6.876372,,94.00,200’000,Rwanda,620’000’000,1’000,No,Yes,No,87,1.3292
SENEGAL 4.75% 13.03.2028,EUR,Republic of Senegal,XS1790104530,Sovereign,13.03.2028,CCC+,4.75,Annual,43.772239,,67.063,100’000,Senegal,666’666’667,1’000,No,Yes,No,54,0.7027
SENEGAL 6.25% 23.05.2033,USD,Republic of Senegal,XS1619155564,Sovereign,23.05.2033,CCC+,6.25,Semi-Annual,18.386673,,56.875,200’000,Senegal,1’100’000’000,1’000,No,Yes,No,163,2.8299
SENEGAL 7.75% 10.06.2031,USD,Republic of Senegal,XS2838363476,Sovereign,10.06.2031,CCC+,7.75,Semi-Annual,20.461057,,61.00,200’000,Senegal,750’000’000,1’000,No,Yes,No,146,3.1431
SERBIA 6% 12.06.2034,USD,Republic of Serbia,XS2838999691,Sovereign,12.06.2034,BBB-,6.00,Semi-Annual,5.402013,,103.50,200’000,Serbia,1’500’000’000,1’000,No,Yes,No,144,2.40
SERBIA 6.25% 26.05.2028,USD,Republic of Serbia,XS2580269426,Sovereign,26.05.2028,BBB-,6.25,Semi-Annual,4.820242,,102.6375,200’000,Serbia,750’000’000,1’000,No,Yes,No,160,2.7778
SERBIA 1.5% 26.06.2029,EUR,Republic of Serbia,XS2015296465,Sovereign,26.06.2029,BBB-,1.50,Annual,3.997413,,92.637,100’000,Serbia,1’550’000’000,1’000,No,Yes,No,314,1.29
SERBIA 2.125% 01.12.2030,USD,Republic of Serbia,XS2264555744,Sovereign,01.12.2030,BBB-,2.13,Semi-Annual,4.935703,,88.50,200’000,Serbia,1’200’000’000,1’000,No,Yes,No,155,0.9149
SERBIA 3.125% 15.05.2027,EUR,Republic of Serbia,XS2170186923,Sovereign,15.05.2027,NA,3.13,Annual,3.228447,,99.691,100’000,Serbia,2’000’000’000,1’000,No,Yes,No,356,3.0479
SERBIA 1.65% 03.03.2033,EUR,Republic of Serbia,XS2308620793,Sovereign,03.03.2033,BBB-,1.65,Annual,4.377312,,84.191,100’000,Serbia,1’000’000’000,1’000,No,Yes,No,64,0.2893
SERBIA 4.25% 06.05.2031,EUR,Republic of Serbia,XS3363425383,Sovereign,06.05.2031,BBB-,4.25,Annual,4.369202,,99.466,100’000,Serbia,1’000’000’000,1’000,No,Yes,No,,0.00
SERBIA 6.5% 26.09.2033,USD,Republic of Serbia,XS2580270275,Sovereign,26.09.2033,BBB-,6.50,Semi-Annual,5.369476,,106.5623,200’000,Serbia,1’000’000’000,1’000,No,Yes,No,40,0.7222
SERBIA 1% 23.09.2028,EUR,Republic of Serbia,XS2388561677,Sovereign,23.09.2028,BBB-,1.00,Annual,3.728823,,93.87,100’000,Serbia,1’000’000’000,1’000,No,Yes,No,225,0.6164
SINGAPORE 3% 01.04.2029,SGD,Republic of Singapore,SGXF45447632,Sovereign,01.04.2029,NA,3.00,Semi-Annual,1.595529,,103.992,1’000,Singapore,5’400’000’000,1’000,No,Yes,No,34,0.2787
SINGAPORE 2.5% 01.04.2030,SGD,Republic of Singapore,SGXF69708166,Sovereign,01.04.2030,NA,2.50,Semi-Annual,1.668462,,103.105,1’000,Singapore,7’200’000’000,1’000,No,Yes,No,34,0.2322
SINGAPORE 2.875% 01.07.2029,SGD,Republic of Singapore,SG3263998209,Sovereign,01.07.2029,NA,2.88,Semi-Annual,1.631734,,103.827,1’000,Singapore,10’400’000’000,1’000,No,Yes,No,124,0.9848
SINGAPORE 2.875% 01.08.2028,SGD,Republic of Singapore,SGXF51035222,Sovereign,01.08.2028,NA,2.88,Semi-Annual,1.528613,,102.975,1’000,Singapore,5’100’000’000,1’000,No,Yes,No,93,0.7386
SINGAPORE 2.625% 01.05.2028,SGD,Republic of Singapore,SG31B7000002,Sovereign,01.05.2028,NA,2.63,Semi-Annual,1.509329,,102.196,1’000,Singapore,11’100’000’000,1’000,No,Yes,No,4,0.0285
SINGAPORE 2.875% 01.09.2027,SGD,Republic of Singapore,SGXF33080817,Sovereign,01.09.2027,NA,2.88,Semi-Annual,1.502616,,101.799,1’000,Singapore,7’400’000’000,1’000,No,Yes,No,65,0.5078
SINGAPORE 2.125% 01.06.2026,SGD,Republic of Singapore,SG31A8000003,Sovereign,01.06.2026,NA,2.13,Semi-Annual,0.80396,,100.10,1’000,Singapore,11’500’000’000,1’000,No,Yes,No,155,0.9049
SINGAPORE 3.5% 01.03.2027,SGD,Republic of Singapore,SG7J60932174,Sovereign,01.03.2027,NR,3.50,Semi-Annual,1.4162,,101.698,1’000,Singapore,13’400’000’000,1’000,No,Yes,No,65,0.6182
REPUBLIC SRPSKA 6.25% 02.04.2031,EUR,Republic of Srpska,XS3327023787,Sovereign,02.04.2031,B,6.25,Annual,5.884257,,101.591,100’000,Bosnia and Herz,500’000’000,1’000,No,Yes,No,34,0.5822
SURINAME 8.5% 06.11.2035,USD,Republic of Suriname,USP68788AG67,Sovereign,06.11.2035,NA,8.50,Semi-Annual,7.181913,,109.3442,200’000,Suriname,265’000’000,1’000,No,Yes,No,179,4.2264
SURINAME 8.5% 06.11.2035,USD,Republic of Suriname,USP68788AF84,Sovereign,06.11.2035,CCC+,8.50,Semi-Annual,7.177178,,109.375,200’000,Suriname,1’050’000’000,1’000,No,Yes,No,179,4.2264
SURINAME 7.7% 06.11.2030,USD,Republic of Suriname,USP68788AE10,Sovereign,06.11.2030,CCC+,7.70,Semi-Annual,6.561946,,104.65,200’000,Suriname,525’000’000,1’000,No,Yes,No,179,3.8286
TAJIKISTAN 7.125% 14.09.2027,USD,Republic of Tajikistan,XS1676401414,Sovereign,14.09.2027,B,7.13,Semi-Annual,0.801746,,105.75,200’000,Tajikistan,250’000’000,1’000,No,Yes,No,52,1.0292
TRINIDAD TOBAGO 5.95% 14.01.2031,USD,Republic of Trinidad and Tobago,USP93960AJ47,Sovereign,14.01.2031,BBB-,5.95,Semi-Annual,5.382511,,102.125,200’000,Trinidad and Tobago,560’000’000,1’000,No,Yes,No,111,1.8346
TRINIDAD TOBAGO 6.5% 28.01.2036,USD,Republic of Trinidad and Tobago,USP93960AL92,Sovereign,28.01.2036,BBB-,6.50,Semi-Annual,5.975571,,103.375,200’000,Trinidad and Tobago,1’000’000’000,1’000,No,Yes,No,97,1.7514
TRINIDAD TOBAGO 4.5% 26.06.2030,USD,Republic of Trinidad and Tobago,USP93960AH80,Sovereign,26.06.2030,BBB-,4.50,Semi-Annual,5.349559,,97.00,200’000,Trinidad and Tobago,500’000’000,1’000,No,Yes,No,129,1.6125
TRINIDAD TOBAGO 6.4% 26.06.2034,USD,Republic of Trinidad and Tobago,USP93960AK10,Sovereign,26.06.2034,BBB-,6.40,Semi-Annual,5.839965,,103.50,200’000,Trinidad and Tobago,750’000’000,1’000,No,Yes,No,129,2.2933
TRINIDAD TOBAGO 4.5% 04.08.2026,USD,Republic of Trinidad and Tobago,USP93960AG08,Sovereign,04.08.2026,BBB-,4.50,Semi-Annual,5.462754,,99.875,200’000,Trinidad and Tobago,407’040’000,1’000,No,Yes,No,91,1.1375
TRINIDAD TOBAGO 5.875% 17.05.2027,USD,Republic of Trinidad and Tobago,USP93960AD76,Sovereign,17.05.2027,BBB-,5.88,Semi-Annual,4.868766,,101.125,100’000,Trinidad and Tobago,150’000’000,1’000,No,Yes,No,168,2.7417
TURKIYE 11.875% 15.01.2030,USD,Republic of Turkiye,US900123AL40,Sovereign,15.01.2030,NR,11.88,Semi-Annual,5.779305,,120.125,1’000,Turkey,1’500’000’000,1’000,No,No,No,110,3.6285
TURKIYE 7.25% 29.05.2032,USD,Republic of Turkiye,US900123DQ00,Sovereign,29.05.2032,NA,7.25,Semi-Annual,6.614889,,103.00,200’000,Turkey,2’000’000’000,1’000,No,Yes,No,156,3.1417
TURKIYE 7.625% 26.04.2029,USD,Republic of Turkiye,US900123CT57,Sovereign,26.04.2029,NA,7.63,Semi-Annual,5.781517,,105.16,200’000,Turkey,3’000’000’000,1’000,No,Yes,No,9,0.1906
TURKIYE 9.375% 14.03.2029,USD,Republic of Turkiye,US900123DH01,Sovereign,14.03.2029,NA,9.38,Semi-Annual,5.629392,,109.75,200’000,Turkey,2’250’000’000,1’000,No,Yes,No,51,1.3281
TURKIYE 7.625% 15.05.2034,USD,Republic of Turkiye,US900123DK30,Sovereign,15.05.2034,NA,7.63,Semi-Annual,6.825633,,104.875,200’000,Turkey,3’000’000’000,1’000,No,Yes,No,170,3.6007
TURKIYE 4.375% 08.07.2027,EUR,Republic of Turkiye,XS2361850527,Sovereign,08.07.2027,NA,4.38,Annual,3.108503,,101.428,100’000,Turkey,1’500’000’000,1’000,No,Yes,No,302,3.6199
TURKIYE 6% 25.03.2027,USD,Republic of Turkiye,US900123CL22,Sovereign,25.03.2027,NA,6.00,Semi-Annual,4.399207,,101.25,200’000,Turkey,3’250’000’000,1’000,No,Yes,No,40,0.6667
TURKIYE 6.95% 16.09.2035,USD,Republic of Turkiye,US900123DR82,Sovereign,16.09.2035,NA,6.95,Semi-Annual,7.022014,,99.00,200’000,Turkey,2’000’000’000,1’000,No,Yes,No,49,0.946
TURKIYE 6.5% 03.01.2035,USD,Republic of Turkiye,US900123DN78,Sovereign,03.01.2035,NA,6.50,Semi-Annual,6.905879,,97.375,200’000,Turkey,3’500’000’000,1’000,No,Yes,No,122,2.2028
TURKIYE 5.875% 21.05.2030,EUR,Republic of Turkiye,XS2790222116,Sovereign,21.05.2030,NA,5.88,Annual,4.380244,,105.484,100’000,Turkey,2’000’000’000,1’000,No,Yes,No,350,5.6336
TURKIYE 9.125% 13.07.2030,USD,Republic of Turkiye,US900123DJ66,Sovereign,13.07.2030,NA,9.13,Semi-Annual,6.00869,,111.25,200’000,Turkey,2’500’000’000,1’000,No,Yes,No,112,2.8389
TURKIYE 8% 14.02.2034,USD,Republic of Turkiye,US900123AT75,Sovereign,14.02.2034,NR,8.00,Semi-Annual,6.72203,,107.75,2’000,Turkey,1’500’000’000,1’000,No,Yes,No,81,1.80
TURKIYE 5.125% 17.02.2028,USD,Republic of Turkiye,US900123CP36,Sovereign,17.02.2028,NA,5.13,Semi-Annual,5.046176,,99.875,200’000,Turkey,2’000’000’000,1’000,No,Yes,No,78,1.1104
TURKIYE 5.15% 10.03.2034,EUR,Republic of Turkiye,XS3293834662,Sovereign,10.03.2034,NA,5.15,Annual,5.364664,,98.42,100’000,Turkey,2’000’000’000,1’000,No,Yes,No,85,1.1993
TURKIYE 6.875% 17.03.2036,USD,Republic of Turkiye,US900123AY60,Sovereign,17.03.2036,NR,6.88,Semi-Annual,7.05131,,98.625,2’000,Turkey,2’750’000’000,1’000,No,Yes,No,48,0.9167
TURKIYE 6.125% 24.10.2028,USD,Republic of Turkiye,US900123CQ19,Sovereign,24.10.2028,NA,6.13,Semi-Annual,5.303899,,101.75,200’000,Turkey,2’750’000’000,1’000,No,Yes,No,11,0.1872
TURKIYE 7.125% 12.02.2032,USD,Republic of Turkiye,US900123DP27,Sovereign,12.02.2032,NA,7.13,Semi-Annual,6.516189,,102.875,200’000,Turkey,2’500’000’000,1’000,No,Yes,No,83,1.6427
TURKIYE 6.5% 20.09.2033,USD,Republic of Turkiye,US900123DD96,Sovereign,20.09.2033,NA,6.50,Semi-Annual,6.803937,,97.875,200’000,Turkey,1’500’000’000,1’000,No,Yes,No,45,0.8125
TURKIYE 4.875% 09.10.2026,USD,Republic of Turkiye,US900123CK49,Sovereign,09.10.2026,NA,4.88,Semi-Annual,3.674856,,100.375,200’000,Turkey,3’000’000’000,1’000,No,Yes,No,31,0.42
TURKIYE 6.375% 22.05.2031,USD,Republic of Turkiye,US900123DV94,Sovereign,22.05.2031,NA,6.38,Semi-Annual,6.342683,,99.75,200’000,Turkey,2’000’000’000,1’000,No,Yes,No,13,0.2302
TURKIYE 5.2% 17.08.2031,EUR,Republic of Turkiye,XS3123715297,Sovereign,17.08.2031,NA,5.20,Annual,4.817673,,101.85,100’000,Turkey,1’500’000’000,1’000,No,Yes,No,293,4.1742
TURKIYE 5.25% 13.03.2030,USD,Republic of Turkiye,US900123CY43,Sovereign,13.03.2030,NA,5.25,Semi-Annual,5.983355,,97.375,200’000,Turkey,2’000’000’000,1’000,No,Yes,No,52,0.7583
TURKIYE 9.375% 19.01.2033,USD,Republic of Turkiye,US900123DG28,Sovereign,19.01.2033,NA,9.38,Semi-Annual,6.720255,,114.25,200’000,Turkey,2’750’000’000,1’000,No,Yes,No,106,2.7604
TURKIYE 5.95% 15.01.2031,USD,Republic of Turkiye,US900123DA57,Sovereign,15.01.2031,NA,5.95,Semi-Annual,6.196072,,98.75,200’000,Turkey,2’250’000’000,1’000,No,Yes,No,110,1.8181
TURKIYE 7.125% 17.07.2032,USD,Republic of Turkiye,US900123DL13,Sovereign,17.07.2032,NA,7.13,Semi-Annual,6.599484,,102.50,200’000,Turkey,1’750’000’000,1’000,No,Yes,No,108,2.1375
TURKIYE 9.875% 15.01.2028,USD,Republic of Turkiye,US900123DF45,Sovereign,15.01.2028,NA,9.88,Semi-Annual,5.036854,,107.75,200’000,Turkey,3’500’000’000,1’000,No,Yes,No,110,3.0174
TURKIYE 6.3% 14.03.2033,USD,Republic of Turkiye,US900123DT49,Sovereign,14.03.2033,NA,6.30,Semi-Annual,6.759581,,97.50,200’000,Turkey,2’000’000’000,1’000,No,Yes,No,51,0.8925
TURKIYE 5.875% 26.06.2031,USD,Republic of Turkiye,US900123DC14,Sovereign,26.06.2031,NA,5.88,Semi-Annual,6.305499,,97.625,200’000,Turkey,1’750’000’000,1’000,No,Yes,No,129,2.1052
TURKIYE 8.6% 24.09.2027,USD,Republic of Turkiye,USM88269US88,Sovereign,24.09.2027,NA,8.60,Semi-Annual,4.639082,,105.125,200’000,Turkey,2’000’000’000,1’000,No,Yes,No,41,0.9794
TURKIYE 12.4% 08.03.2028,TRY,Republic of Turkiye,TRT080328T15,Sovereign,08.03.2028,NA,12.40,Every 182 days,37.66,,68.222,1’000,Turkey,80’370’272’026,1’000,No,Yes,Yes,54,1.8396
URUGUAY 1.617% 23.07.2035,CHF,Republic of Uruguay,CH1454185955,Sovereign,23.07.2035,BBB+,1.62,Annual,1.539515,,100.341,5’000,Uruguay,160’000’000,5’000,No,Yes,Yes,283,1.2715
URUGUAY 4.375% 23.01.2031,USD,Republic of Uruguay,US917288BK78,Sovereign,23.01.2031,BBB+,4.38,Semi-Annual,4.110176,,100.9119,1,Uruguay,1’878’974’729,1,No,Yes,No,102,1.2396
URUGUAY 1.04% 23.07.2030,CHF,Republic of Uruguay,CH1454185948,Sovereign,23.07.2030,BBB+,1.04,Annual,1.054479,,99.741,5’000,Uruguay,160’000’000,5’000,No,Yes,Yes,283,0.8176
URUGUAY 4.375% 27.10.2027,USD,Republic of Uruguay,US760942BB71,Sovereign,27.10.2027,BBB+,4.38,Semi-Annual,3.555549,,100.7096,1,Uruguay,845’977’495,1,No,Yes,No,8,0.0972
URUGUAY 7.875% 15.01.2033,USD,Republic of Uruguay,US917288BA96,Sovereign,15.01.2033,BBB+,7.88,Semi-Annual,4.56019,,118.993,1,Uruguay,840’598’054,1,No,Yes,No,110,2.4063
URUGUAY 7.625% 21.03.2036,USD,Republic of Uruguay,US760942AS16,Sovereign,21.03.2036,BBB+,7.63,Semi-Annual,4.806914,,119.988,1,Uruguay,1’056’636’806,1,No,Yes,No,44,0.9319
URUGUAY 5.75% 28.10.2034,USD,Republic of Uruguay,US760942BE11,Sovereign,28.10.2034,BBB+,5.75,Semi-Annual,4.866077,,105.3444,1,Uruguay,2’199’975’998,1,No,Yes,No,7,0.1118
UZBEKISTAN 5.1% 25.02.2029,EUR,Republic of Uzbekistan,XS3008639810,Sovereign,25.02.2029,NA,5.10,Annual,4.241632,,102.243,100’000,Uzbekistan,500’000’000,1’000,No,Yes,No,70,0.9781
UZBEKISTAN 6.9% 28.02.2032,USD,Republic of Uzbekistan,XS2827783437,Sovereign,28.02.2032,BB,6.90,Semi-Annual,5.32948,,107.875,200’000,Uzbekistan,600’000’000,1’000,No,Yes,No,68,1.3033
UZBEKISTAN 7.85% 12.10.2028,USD,Republic of Uzbekistan,XS2701166717,Sovereign,12.10.2028,BB,7.85,Semi-Annual,4.872324,,106.75,200’000,Uzbekistan,660’000’000,1’000,No,Yes,No,24,0.5233
UZBEKISTAN 3.9% 19.10.2031,USD,Republic of Uzbekistan,XS2365195978,Sovereign,19.10.2031,BB,3.90,Semi-Annual,5.259521,,93.25,200’000,Uzbekistan,635’000’000,1’000,No,Yes,No,17,0.1842
UZBEKISTAN 5.375% 29.05.2027,EUR,Republic of Uzbekistan,XS2827786455,Sovereign,29.05.2027,BB,5.38,Annual,3.963768,,101.54,100’000,Uzbekistan,600’000’000,1’000,No,Yes,No,342,5.0363
UZBEKISTAN 5.375% 20.02.2029,USD,Republic of Uzbekistan,XS1953915136,Sovereign,20.02.2029,BB,5.38,Semi-Annual,4.887042,,100.75,200’000,Uzbekistan,500’000’000,1’000,No,Yes,No,76,1.1347
UZBEKISTAN 6.947% 25.05.2032,USD,Republic of Uzbekistan,XS3008644737,Sovereign,25.05.2032,NA,6.95,Semi-Annual,5.357074,,108.375,200’000,Uzbekistan,500’000’000,1’000,No,Yes,No,161,3.107
UZBEKISTAN 3.7% 25.11.2030,USD,Republic of Uzbekistan,XS2263765856,Sovereign,25.11.2030,BB,3.70,Semi-Annual,5.164009,,93.50,200’000,Uzbekistan,555’000’000,1’000,No,Yes,No,161,1.6547
PHILIPPINES 4.25% 27.07.2031,USD,Republic of the Philippines,US718286DJ32,Sovereign,27.07.2031,BBB+,4.25,Semi-Annual,4.4182,,98.9445,200’000,Philippines,500’000’000,1’000,No,Yes,No,98,1.1569
PHILIPPINES 0.875% 17.05.2027,EUR,Republic of the Philippines,XS1991219442,Sovereign,17.05.2027,BBB+,0.88,Annual,3.048631,,97.85,100’000,Philippines,750’000’000,1’000,No,Yes,No,354,0.8486
PHILIPPINES 7.75% 14.01.2031,USD,Republic of the Philippines,US718286BB24,Sovereign,14.01.2031,BBB+,7.75,Semi-Annual,4.514515,,113.541,100’000,Philippines,1’744’446’000,1’000,No,Yes,No,111,2.3896
PHILIPPINES 4.625% 17.07.2028,USD,Republic of the Philippines,US718286CY18,Sovereign,17.07.2028,BBB+,4.63,Semi-Annual,4.155161,,100.8817,200’000,Philippines,500’000’000,1’000,No,Yes,No,108,1.3875
PHILIPPINES 4.375% 05.03.2030,USD,Republic of the Philippines,US718286DE45,Sovereign,05.03.2030,BBB+,4.38,Semi-Annual,4.30794,,100.0909,200’000,Philippines,500’000’000,1’000,No,Yes,No,60,0.7292
PHILIPPINES 5.5% 04.02.2035,USD,Republic of the Philippines,US718286DG92,Sovereign,04.02.2035,BBB+,5.50,Semi-Annual,5.132196,,102.593,200’000,Philippines,1’250’000’000,1’000,No,Yes,No,91,1.3903
PHILIPPINES 1.2% 28.04.2033,EUR,Republic of the Philippines,XS2334361354,Sovereign,28.04.2033,BBB+,1.20,Annual,3.862827,,83.821,100’000,Philippines,650’000’000,1’000,No,Yes,No,8,0.0263
PHILIPPINES 5.609% 13.04.2033,USD,Republic of the Philippines,US718286CT23,Sovereign,13.04.2033,BBB+,5.61,Semi-Annual,4.841997,,104.4573,200’000,Philippines,750’000’000,1’000,No,Yes,No,22,0.3428
PHILIPPINES 6.375% 15.01.2032,USD,Republic of the Philippines,US718286BD89,Sovereign,15.01.2032,BBB+,6.38,Semi-Annual,4.588958,,108.879,100’000,Philippines,1’022’248’000,1’000,No,Yes,No,110,1.9479
PHILIPPINES 3.75% 14.01.2029,USD,Republic of the Philippines,US718286CG02,Sovereign,14.01.2029,BBB+,3.75,Semi-Annual,4.193675,,98.9967,200’000,Philippines,1’500’000’000,1’000,No,Yes,No,111,1.1563
PHILIPPINES 5% 27.01.2036,USD,Republic of the Philippines,US718286DK05,Sovereign,27.01.2036,BBB+,5.00,Semi-Annual,5.185503,,98.7373,200’000,Philippines,1’500’000’000,1’000,No,Yes,No,98,1.3611
PHILIPPINES 5.17% 13.10.2027,USD,Republic of the Philippines,US718286CV78,Sovereign,13.10.2027,BBB+,5.17,Semi-Annual,4.004999,,101.5213,200’000,Philippines,500’000’000,1’000,No,Yes,No,22,0.3159
PHILIPPINES 2.457% 05.05.2030,USD,Republic of the Philippines,US718286CJ41,Sovereign,05.05.2030,BBB+,2.46,Semi-Annual,4.433291,,92.8352,200’000,Philippines,1’000’000’000,1’000,No,Yes,No,,0.00
PHILIPPINES 5% 17.07.2033,USD,Republic of the Philippines,US718286CW51,Sovereign,17.07.2033,BBB+,5.00,Semi-Annual,4.907296,,100.6388,200’000,Philippines,1’250’000’000,1’000,No,Yes,No,108,1.50
PHILIPPINES 3.625% 04.02.2032,EUR,Republic of the Philippines,XS2985434948,Sovereign,04.02.2032,BBB+,3.63,Annual,3.785369,,99.055,100’000,Philippines,1’000’000’000,1’000,No,Yes,No,91,0.9038
PHILIPPINES 3.229% 29.03.2027,USD,Republic of the Philippines,US718286CQ83,Sovereign,29.03.2027,BBB+,3.23,Semi-Annual,3.839545,,99.3713,200’000,Philippines,500’000’000,1’000,No,Yes,No,36,0.3229
PHILIPPINES 5.25% 14.05.2034,USD,Republic of the Philippines,US718286DA23,Sovereign,14.05.2034,BBB+,5.25,Semi-Annual,5.07857,,101.2909,200’000,Philippines,1’000’000’000,1’000,No,Yes,No,171,2.4938
PHILIPPINES 6.375% 23.10.2034,USD,Republic of the Philippines,US718286BG11,Sovereign,23.10.2034,BBB+,6.38,Semi-Annual,5.079907,,108.911,100’000,Philippines,1’900’131’000,1’000,No,Yes,No,12,0.2125
PHILIPPINES 1.648% 10.06.2031,USD,Republic of the Philippines,US718286CK14,Sovereign,10.06.2031,BBB+,1.65,Semi-Annual,4.423432,,87.5389,200’000,Philippines,1’250’000’000,1’000,No,Yes,No,145,0.6638
PHILIPPINES 0.7% 03.02.2029,EUR,Republic of the Philippines,XS2104985598,Sovereign,03.02.2029,BBB+,0.70,Annual,3.304,,93.104,100’000,Philippines,600’000’000,1’000,No,Yes,No,92,0.1764
PHILIPPINES 4.75% 05.03.2035,USD,Republic of the Philippines,US718286DC88,Sovereign,05.03.2035,BBB+,4.75,Semi-Annual,5.132576,,97.3524,200’000,Philippines,1’100’000’000,1’000,No,Yes,No,60,0.7917
PHILIPPINES 1.95% 06.01.2032,USD,Republic of the Philippines,US718286CN52,Sovereign,06.01.2032,BBB+,1.95,Semi-Annual,4.542942,,87.0825,200’000,Philippines,750’000’000,1’000,No,Yes,No,119,0.6446
PHILIPPINES 3.556% 29.09.2032,USD,Republic of the Philippines,US718286CR66,Sovereign,29.09.2032,BBB+,3.56,Semi-Annual,4.671429,,93.9104,200’000,Philippines,750’000’000,1’000,No,Yes,No,36,0.3556
PHILIPPINES 3% 01.02.2028,USD,Republic of the Philippines,US718286CC97,Sovereign,01.02.2028,BBB+,3.00,Semi-Annual,4.184078,,97.9945,200’000,Philippines,2’000’000’000,1’000,No,Yes,No,94,0.7833
PHILIPPINES 9.5% 02.02.2030,USD,Republic of the Philippines,US718286AY36,Sovereign,02.02.2030,BBB+,9.50,Semi-Annual,4.205309,,118.186,2’000,Philippines,2’000’000’000,1’000,No,Yes,No,93,2.4542
ARGENTINA 1% 09.07.2029,USD,Republica Argentina,US040114HX11,Sovereign,09.07.2029,CCC+,1.00,Semi-Annual,7.148771,,90.30,1,Argentina,1’844’520’212,1,No,Yes,No,116,0.3222
ARGENTINA 0.5% 09.07.2029,EUR,Republica Argentina,XS2200244072,Sovereign,09.07.2029,CCC+,0.50,Semi-Annual,7.352578,,89.719,1,Argentina,63’272’815,1,No,Yes,No,117,0.1625
ARGENTINA 11.75% 13.11.2026,DEM,Republica Argentina,DE0001348100,Sovereign,13.11.2026,NR,11.75,Annual,37.489,,55.00,1’000,Argentina,500’000’000,1’000,No,No,No,173,0.00
ARGENTINA 9.75% 19.09.2027,USD,Republica Argentina,US040114AV28,Sovereign,19.09.2027,NR,9.75,Semi-Annual,22.064264,,55.75,1’000,Argentina,110’950’000,1’000,No,No,No,46,0.00
ARGENTINA 0.125% 09.07.2030,EUR,Republica Argentina,XS2177363665,Sovereign,09.07.2030,CCC+,0.13,Semi-Annual,8.00971,,85.659,1,Argentina,839’225’402,1,No,Yes,No,117,0.0406
COLOMBIA 8% 14.11.2035,USD,Republica de Colombia,US195325EL56,Sovereign,14.11.2035,BB-,8.00,Semi-Annual,6.73724,,108.3567,200’000,Colombia,729’771’000,1’000,No,Yes,No,171,3.80
COLOMBIA 8.375% 15.02.2027,USD,Republica de Colombia,US195325AL92,Sovereign,15.02.2027,BB-,8.38,Semi-Annual,1.941224,,104.9102,1’000,Colombia,74’292’000,1’000,No,No,No,80,1.8611
COLOMBIA 10.375% 28.01.2033,USD,Republica de Colombia,US195325BB02,Sovereign,28.01.2033,BB-,10.38,Semi-Annual,5.980082,,123.2204,1’000,Colombia,183’135’000,1’000,No,Yes,No,97,2.7955
COLOMBIA 8% 20.04.2033,USD,Republica de Colombia,US195325EF88,Sovereign,20.04.2033,BB-,8.00,Semi-Annual,6.513804,,107.7065,200’000,Colombia,1’624’241’000,1’000,No,Yes,No,15,0.3333
COLOMBIA 5.375% 21.01.2029,USD,Republica de Colombia,US195325ET82,Sovereign,21.01.2029,BB-,5.38,Semi-Annual,5.371511,,99.75,200’000,Colombia,2’000’000’000,1’000,No,Yes,No,104,1.5528
COLOMBIA 3% 30.01.2030,USD,Republica de Colombia,US195325DR36,Sovereign,30.01.2030,BB-,3.00,Semi-Annual,6.013827,,90.4822,200’000,Colombia,1’542’968’000,1’000,No,Yes,No,95,0.7917
COLOMBIA 7.375% 25.04.2030,USD,Republica de Colombia,US195325ER27,Sovereign,25.04.2030,BB-,7.38,Semi-Annual,5.900601,,105.1431,200’000,Colombia,1’900’000’000,1’000,No,Yes,No,10,0.2049
COLOMBIA 5% 19.09.2032,EUR,Republica de Colombia,XS3183159733,Sovereign,19.09.2032,BB-,5.00,Annual,5.752066,,96.057,100’000,Colombia,1’450’000’000,1’000,No,Yes,No,229,3.137
COLOMBIA 4.5% 26.11.2030,EUR,Republica de Colombia,XS3239889788,Sovereign,26.11.2030,BB-,4.50,Annual,4.866611,,98.10,100’000,Colombia,500’000’000,1’000,No,Yes,No,161,1.9849
COLOMBIA 4.5% 15.03.2029,USD,Republica de Colombia,US195325DP79,Sovereign,15.03.2029,BB-,4.50,Semi-Annual,5.511827,,97.2692,200’000,Colombia,2’000’000’000,1’000,No,Yes,No,50,0.625
COLOMBIA 8.5% 25.04.2035,USD,Republica de Colombia,US195325ES00,Sovereign,25.04.2035,BB-,8.50,Semi-Annual,6.771539,,111.2163,200’000,Colombia,347’602’000,1’000,No,Yes,No,10,0.2361
COLOMBIA 6.125% 21.01.2031,USD,Republica de Colombia,US195325EU55,Sovereign,21.01.2031,BB-,6.13,Semi-Annual,5.966994,,100.375,200’000,Colombia,1’475’000’000,1’000,No,Yes,No,104,1.7694
COLOMBIA 3.125% 15.04.2031,USD,Republica de Colombia,US195325DS19,Sovereign,15.04.2031,BB-,3.13,Semi-Annual,6.054335,,87.2138,200’000,Colombia,2’539’952’000,1’000,No,Yes,No,20,0.1736
COLOMBIA 3.875% 25.04.2027,USD,Republica de Colombia,US195325DL65,Sovereign,25.04.2027,BB-,3.88,Semi-Annual,4.430512,,99.4091,200’000,Colombia,1’740’144’000,1’000,No,Yes,No,10,0.1076
COLOMBIA 3.75% 19.09.2028,EUR,Republica de Colombia,XS3178859388,Sovereign,19.09.2028,BB-,3.75,Annual,4.269126,,98.826,100’000,Colombia,1’450’000’000,1’000,No,Yes,No,229,2.3527
COLOMBIA 3.25% 22.04.2032,USD,Republica de Colombia,US195325DZ51,Sovereign,22.04.2032,BB-,3.25,Semi-Annual,6.262931,,84.7974,200’000,Colombia,2’000’000’000,1’000,No,Yes,No,13,0.1174
COLOMBIA 5.75% 26.11.2034,EUR,Republica de Colombia,XS3239891339,Sovereign,26.11.2034,BB-,5.75,Annual,6.166904,,96.997,100’000,Colombia,700’000’000,1’000,No,Yes,No,161,2.5363
COLOMBIA 6.5% 21.01.2033,USD,Republica de Colombia,US195325EV39,Sovereign,21.01.2033,BB-,6.50,Semi-Annual,6.488888,,99.6798,200’000,Colombia,1’475’000’000,1’000,No,Yes,No,104,1.8778
COLOMBIA 7.5% 02.02.2034,USD,Republica de Colombia,US195325EG61,Sovereign,02.02.2034,BB-,7.50,Semi-Annual,6.643806,,104.7561,200’000,Colombia,2’200’000’000,1’000,No,Yes,No,93,1.9375
COLOMBIA 5.625% 19.02.2036,EUR,Republica de Colombia,XS3183160236,Sovereign,19.02.2036,BB-,5.63,Annual,6.349062,,94.797,100’000,Colombia,1’200’000’000,1’000,No,Yes,No,76,1.1712
GUATEMALA 6.05% 06.08.2031,USD,Republica de Guatemala,USP5015VAT37,Sovereign,06.08.2031,BB+,6.05,Semi-Annual,5.062873,,104.375,200’000,Guatemala,600’000’000,1’000,No,Yes,No,89,1.4957
GUATEMALA 4.375% 05.06.2027,USD,Republica de Guatemala,USP5015VAG16,Sovereign,05.06.2027,BB+,4.38,Semi-Annual,4.252658,,100.375,200’000,Guatemala,500’000’000,1’000,No,Yes,No,150,1.8229
GUATEMALA 4.875% 13.02.2028,USD,Republica de Guatemala,USP5015VAE67,Sovereign,13.02.2028,BB+,4.88,Semi-Annual,4.279271,,100.875,200’000,Guatemala,700’000’000,1’000,No,Yes,No,82,1.1104
GUATEMALA 4.9% 01.06.2030,USD,Republica de Guatemala,USP5015VAH98,Sovereign,01.06.2030,BB+,4.90,Semi-Annual,4.762821,,100.375,200’000,Guatemala,500’000’000,1’000,No,Yes,No,154,2.0961
GUATEMALA 8.125% 06.10.2034,USD,Republica de Guatemala,USP8056GAB97,Sovereign,06.10.2034,BB+,8.13,Semi-Annual,5.567214,,117.00,10’000,Guatemala,330’000’000,1’000,No,Yes,No,29,0.6545
GUATEMALA 5.25% 10.08.2029,USD,Republica de Guatemala,USP5015VAP15,Sovereign,10.08.2029,BB+,5.25,Semi-Annual,4.862555,,101.25,200’000,Guatemala,500’000’000,1’000,No,Yes,No,90,1.3125
GUATEMALA 3.7% 07.10.2033,USD,Republica de Guatemala,USP5015VAM83,Sovereign,07.10.2033,BB+,3.70,Semi-Annual,5.305821,,90.25,200’000,Guatemala,500’000’000,1’000,No,Yes,No,28,0.2878
GUATEMALA 7.05% 04.10.2032,USD,Republica de Guatemala,USP5015VAR70,Sovereign,04.10.2032,BB+,7.05,Semi-Annual,5.206249,,109.50,200’000,Guatemala,565’000’000,1’000,No,Yes,No,31,0.6071
GUATEMALA 5.375% 24.04.2032,USD,Republica de Guatemala,USP5015VAK28,Sovereign,24.04.2032,BB+,5.38,Semi-Annual,5.024309,,101.75,200’000,Guatemala,500’000’000,1’000,No,Yes,No,11,0.1642
HONDURAS 8.625% 27.11.2034,USD,Republica de Honduras,USP5178RAE82,Sovereign,27.11.2034,BB-,8.63,Semi-Annual,6.22817,,115.25,150’000,Honduras,700’000’000,1’000,No,Yes,No,158,3.7854
HONDURAS 5.625% 24.06.2030,USD,Republica de Honduras,USP5178RAD00,Sovereign,24.06.2030,BB-,5.63,Semi-Annual,5.622876,,100.125,150’000,Honduras,600’000’000,1’000,No,Yes,No,131,2.0469
HONDURAS 6.25% 19.01.2027,USD,Republica de Honduras,USP5178RAC27,Sovereign,19.01.2027,BB-,6.25,Semi-Annual,4.239763,,101.625,150’000,Honduras,700’000’000,1’000,No,Yes,No,106,1.8403
CONGO REPUBLIC 8.75% 16.04.2032,USD,Republique Democratique du Congo,XS3344646875,Sovereign,16.04.2032,B-,8.75,Semi-Annual,7.906396,,103.125,200’000,Democratic Republic of the Congo,600’000’000,1’000,No,Yes,No,20,0.4861
COTE IVOIRE 6.375% 03.03.2028,USD,Republique de Cote d'Ivoire,XS1196517434,Sovereign,03.03.2028,BB,6.38,Semi-Annual,4.883778,,102.00,200’000,Ivory Coast,333’500’000,1’000,No,Yes,No,63,1.1156
COTE IVOIRE 6.125% 15.06.2033,USD,Republique de Cote d'Ivoire,XS1631415400,Sovereign,15.06.2033,BB,6.13,Semi-Annual,6.374324,,98.75,200’000,Ivory Coast,1’250’000’000,1’000,No,Yes,No,141,2.399
COTE IVOIRE 7.625% 30.01.2033,USD,Republique de Cote d'Ivoire,XS2752065040,Sovereign,30.01.2033,BB,7.63,Semi-Annual,6.389495,,106.125,200’000,Ivory Coast,1’100’000’000,1’000,No,Yes,No,96,2.0333
COTE IVOIRE 4.875% 30.01.2032,EUR,Republique de Cote d'Ivoire,XS2264871828,Sovereign,30.01.2032,BB,4.88,Annual,5.765728,,96.972,100’000,Ivory Coast,1’188’344’000,1’000,No,Yes,No,96,1.2822
COTE IVOIRE 5.25% 22.03.2030,EUR,Republique de Cote d'Ivoire,XS1793329225,Sovereign,22.03.2030,BB,5.25,Annual,5.109082,,100.506,100’000,Ivory Coast,850’000’000,1’000,No,Yes,No,45,0.6473
COTE IVOIRE 8.075% 01.04.2036,USD,Republique de Cote d'Ivoire,XS3030237120,Sovereign,01.04.2036,BB,8.08,Semi-Annual,6.96221,,107.983,200’000,Ivory Coast,1’750’000’000,1’000,No,Yes,No,35,0.7851
COTE IVOIRE 5.875% 17.10.2031,EUR,Republique de Cote d'Ivoire,XS2064786754,Sovereign,17.10.2031,BB,5.88,Annual,5.706898,,101.547,100’000,Ivory Coast,850’000’000,1’000,No,Yes,No,201,3.2353
CONGO 9.5% 17.02.2035,USD,Republique du Congo,XS3295059367,Sovereign,17.02.2035,CCC+,9.50,Semi-Annual,9.963185,,97.875,200’000,Congo,700’000’000,1’000,No,Yes,No,79,2.0847
CONGO 9.875% 07.11.2032,USD,Republique du Congo,XS3223166409,Sovereign,07.11.2032,CCC+,9.88,Semi-Annual,9.584305,,101.125,200’000,Congo,575’658’000,1’000,No,Yes,No,179,4.9101
ROMANIA 4.625% 04.03.2033,EUR,Romania,XS3307442197,Sovereign,04.03.2033,BBB-,4.63,Annual,5.537725,,95.008,1’000,Romania,2’250’000’000,1’000,No,Yes,No,63,0.7983
ROMANIA 5.375% 22.03.2031,EUR,Romania,XS2770920937,Sovereign,22.03.2031,BBB-,5.38,Annual,4.922996,,101.757,1’000,Romania,2’220’000’000,1’000,No,Yes,No,45,0.6627
ROMANIA 2.875% 26.05.2028,EUR,Romania,XS1420357318,Sovereign,26.05.2028,BBB-,2.88,Annual,3.602157,,98.555,1’000,Romania,2’000’000’000,1’000,No,Yes,No,345,2.7175
ROMANIA 3% 14.02.2031,USD,Romania,XS2201851172,Sovereign,14.02.2031,BBB-,3.00,Semi-Annual,5.472894,,89.63,2’000,Romania,1’300’000’000,2’000,No,Yes,No,88,0.73333
ROMANIA 6.375% 30.01.2034,USD,Romania,XS2756521303,Sovereign,30.01.2034,BBB-,6.38,Semi-Annual,6.124552,,101.3222,2’000,Romania,2’000’000’000,2’000,No,Yes,No,96,1.70
ROMANIA 3.75% 07.02.2034,EUR,Romania,XS2434895806,Sovereign,07.02.2034,BBB-,3.75,Annual,5.650784,,88.346,1’000,Romania,1’250’000’000,1’000,No,Yes,No,88,0.9041
ROMANIA 2.375% 19.04.2027,EUR,Romania,XS1599193403,Sovereign,19.04.2027,BBB-,2.38,Annual,3.085406,,99.263,1’000,Romania,2’000’000’000,1’000,No,Yes,No,17,0.1106
ROMANIA 2.124% 16.07.2031,EUR,Romania,XS2027596530,Sovereign,16.07.2031,BBB-,2.12,Annual,4.878109,,87.628,1’000,Romania,1’400’000’000,1’000,No,Yes,No,294,1.7108
ROMANIA 2.5% 08.02.2030,EUR,Romania,XS1768067297,Sovereign,08.02.2030,BBB-,2.50,Annual,4.21583,,94.017,1’000,Romania,750’000’000,1’000,No,Yes,No,87,0.5959
ROMANIA 5.375% 07.06.2033,EUR,Romania,XS3198384573,Sovereign,07.06.2033,BBB-,5.38,Annual,5.619207,,98.552,1’000,Romania,2’000’000’000,1’000,No,Yes,No,211,3.1072
ROMANIA 5.75% 16.09.2030,USD,Romania,XS3114901336,Sovereign,16.09.2030,BBB-,5.75,Semi-Annual,5.438088,,101.0958,2’000,Romania,2’000’000’000,2’000,No,Yes,No,50,0.7986
ROMANIA 6.25% 10.09.2034,EUR,Romania,XS2999552909,Sovereign,10.09.2034,BBB-,6.25,Annual,5.853762,,102.263,1’000,Romania,1’400’000’000,1’000,No,Yes,No,450,7.7055
ROMANIA 3.624% 26.05.2030,EUR,Romania,XS2178857954,Sovereign,26.05.2030,BBB-,3.62,Annual,4.37103,,97.431,1’000,Romania,2’000’000’000,1’000,No,Yes,No,345,3.4254
ROMANIA 5.5% 18.09.2028,EUR,Romania,XS2689949399,Sovereign,18.09.2028,BBB-,5.50,Annual,3.68947,,103.92,1’000,Romania,2’700’000’000,1’000,No,Yes,No,230,3.4658
ROMANIA 6% 25.05.2034,USD,Romania,XS2485249523,Sovereign,25.05.2034,BBB-,6.00,Semi-Annual,6.135184,,99.00,2’000,Romania,1’010’000’000,2’000,No,Yes,No,161,2.6833
ROMANIA 1.375% 02.12.2029,EUR,Romania,XS2262211076,Sovereign,02.12.2029,BBB-,1.38,Annual,4.088373,,91.116,1’000,Romania,1’000’000’000,1’000,No,Yes,No,155,0.5839
ROMANIA 5.625% 22.02.2036,EUR,Romania,XS2770921315,Sovereign,22.02.2036,BBB-,5.63,Annual,6.009619,,97.32,1’000,Romania,2’000’000’000,1’000,No,Yes,No,73,1.125
ROMANIA 2% 28.01.2032,EUR,Romania,XS2109812508,Sovereign,28.01.2032,BBB-,2.00,Annual,5.08551,,84.857,1’000,Romania,1’400’000’000,1’000,No,Yes,No,98,0.537
ROMANIA 5.875% 11.07.2032,EUR,Romania,XS3021378032,Sovereign,11.07.2032,BBB-,5.88,Annual,5.41268,,102.338,1’000,Romania,2’250’000’000,1’000,No,Yes,No,399,6.4223
ROMANIA 2% 14.04.2033,EUR,Romania,XS2330503694,Sovereign,14.04.2033,BBB-,2.00,Annual,5.478971,,80.213,1’000,Romania,2’000’000’000,1’000,No,Yes,No,22,0.1205
ROMANIA 2.875% 11.03.2029,EUR,Romania,XS1892141620,Sovereign,11.03.2029,BBB-,2.88,Annual,4.020328,,96.83,1’000,Romania,1’150’000’000,1’000,No,Yes,No,56,0.4411
ROMANIA 5.25% 25.11.2027,USD,Romania,XS2485248806,Sovereign,25.11.2027,BBB-,5.25,Semi-Annual,4.483967,,101.23,2’000,Romania,1’000’000’000,2’000,No,Yes,No,161,2.3479
ROMANIA 2.125% 07.03.2028,EUR,Romania,XS2434895558,Sovereign,07.03.2028,BBB-,2.13,Annual,3.491259,,97.494,1’000,Romania,1’250’000’000,1’000,No,Yes,No,60,0.3493
ROMANIA 5.125% 24.09.2031,EUR,Romania,XS2908644615,Sovereign,24.09.2031,BBB-,5.13,Annual,4.997102,,100.405,1’000,Romania,2’250’000’000,1’000,No,Yes,No,224,3.1452
ROMANIA 5.25% 10.03.2030,EUR,Romania,XS2999533271,Sovereign,10.03.2030,BBB-,5.25,Annual,4.483705,,102.625,1’000,Romania,1’400’000’000,1’000,No,Yes,No,57,0.8199
ROMANIA 3.625% 27.03.2032,USD,Romania,XS2434896010,Sovereign,27.03.2032,BBB-,3.63,Semi-Annual,5.650301,,89.9979,2’000,Romania,1’095’434’000,2’000,No,Yes,No,39,0.3927
ROMANIA 5.25% 30.05.2032,EUR,Romania,XS2829209720,Sovereign,30.05.2032,BBB-,5.25,Annual,5.230966,,100.00,1’000,Romania,1’842’255’000,1’000,No,Yes,No,341,4.9048
ROMANIA 3.875% 29.10.2035,EUR,Romania,XS1313004928,Sovereign,29.10.2035,BBB-,3.88,Annual,5.803583,,86.092,1’000,Romania,2’000’000’000,1’000,No,Yes,No,189,2.0065
ROMANIA 5.75% 24.03.2035,USD,Romania,XS2908633683,Sovereign,24.03.2035,BBB-,5.75,Semi-Annual,6.281346,,96.2857,2’000,Romania,2’100’000’000,2’000,No,Yes,No,42,0.6708
ROMANIA 3.5% 03.04.2034,EUR,Romania,XS1970549561,Sovereign,03.04.2034,BBB-,3.50,Annual,5.587787,,86.909,1’000,Romania,500’000’000,1’000,No,Yes,No,33,0.3164
ROMANIA 2% 08.12.2026,EUR,Romania,XS1934867547,Sovereign,08.12.2026,BBB-,2.00,Annual,3.114072,,99.394,1’000,Romania,940’394’000,1’000,No,Yes,No,149,0.8164
ROMANIA 1.75% 13.07.2030,EUR,Romania,XS2364199757,Sovereign,13.07.2030,BBB-,1.75,Annual,4.437911,,89.758,1’000,Romania,2’000’000’000,1’000,No,Yes,No,297,1.424
ROMANIA 6.625% 17.02.2028,USD,Romania,XS2571922884,Sovereign,17.02.2028,BBB-,6.63,Semi-Annual,5.065025,,102.6413,2’000,Romania,1’717’608’000,2’000,No,Yes,No,79,1.4538
ROMANIA 7.125% 17.01.2033,USD,Romania,XS2571923007,Sovereign,17.01.2033,BBB-,7.13,Semi-Annual,5.96691,,106.3741,2’000,Romania,1’600’000’000,2’000,No,Yes,No,109,2.1573
ROMANIA 6.375% 18.09.2033,EUR,Romania,XS2689948078,Sovereign,18.09.2033,BBB-,6.38,Annual,5.682657,,104.034,1’000,Romania,2’066’000’000,1’000,No,Yes,No,230,4.0171
ROMANIA 6.625% 27.09.2029,EUR,Romania,XS2538441598,Sovereign,27.09.2029,BBB-,6.63,Annual,4.171135,,107.473,1’000,Romania,3’190’000’000,1’000,No,Yes,No,221,4.0113
ROMANIA 5.875% 30.01.2029,USD,Romania,XS2756521212,Sovereign,30.01.2029,BBB-,5.88,Semi-Annual,5.200609,,101.5364,2’000,Romania,2’000’000’000,2’000,No,Yes,No,96,1.5667
ROMANIA 3% 27.02.2027,USD,Romania,XS2434895988,Sovereign,27.02.2027,BBB-,3.00,Semi-Annual,5.088949,,98.2765,2’000,Romania,1’350’000’000,2’000,No,Yes,No,69,0.575
ROMANIA 5% 27.09.2026,EUR,Romania,XS2538440780,Sovereign,27.09.2026,BBB-,5.00,Annual,3.155077,,100.628,1’000,Romania,1’559’670’000,1’000,No,Yes,No,221,3.0274
SLOVAKIA 4.4% 11.07.2029,EUR,Slovak Republic,SK4120008665,Sovereign,11.07.2029,A,4.40,Annual,3.490937,,103.15,1,Slovakia,125’000’000,1,No,Yes,No,299,3.6044
SLOVAKIA 2.7% 27.03.2028,EUR,Slovak Republic,SK4000028874,Sovereign,27.03.2028,NA,2.70,Annual,2.807423,,99.65,1’000,Slovakia,250’000’000,1’000,No,Yes,No,40,0.2959
SLOVAKIA 3.75% 23.02.2035,EUR,Slovak Republic,SK4000022539,Sovereign,23.02.2035,NA,3.75,Annual,3.551901,,101.22,1,Slovakia,5’000’000’000,1,No,Yes,No,72,0.7397
SLOVAKIA 4% 19.10.2032,EUR,Slovak Republic,SK4000021986,Sovereign,19.10.2032,NA,4.00,Annual,3.269485,,104.12,1,Slovakia,3’000’000’000,1,No,Yes,No,199,2.1808
SLOVAKIA 3.875% 08.02.2033,EUR,Slovak Republic,SK4120008954,Sovereign,08.02.2033,A,3.88,Annual,3.012104,,103.12,1,Slovakia,1’500’000’000,1,No,Yes,No,87,0.9236
SLOVAKIA 1% 14.05.2032,EUR,Slovak Republic,SK4000017166,Sovereign,14.05.2032,A,1.00,Annual,3.106638,,88.36,1,Slovakia,3’000’000’000,1,No,Yes,No,357,0.9781
SLOVAKIA 3.3% 02.04.2029,EUR,Slovak Republic,SK4000026860,Sovereign,02.04.2029,NA,3.30,Annual,3.187366,,100.26,1’000,Slovakia,250’000’000,1’000,No,Yes,No,34,0.3074
SLOVAKIA 1.915% 10.05.2034,CHF,Slovak Republic,CH1344316703,Sovereign,10.05.2034,A,1.92,Annual,1.169543,,105.435,5’000,Slovakia,310’000’000,5’000,No,Yes,Yes,356,1.8937
SLOVAKIA 3.625% 16.01.2029,EUR,Slovak Republic,SK4120009762,Sovereign,16.01.2029,A,3.63,Annual,2.764324,,102.04,1,Slovakia,3’000’000’000,1,No,Yes,No,110,1.0925
SLOVAKIA 3% 02.04.2027,EUR,Slovak Republic,SK4000026852,Sovereign,02.04.2027,NA,3.00,Annual,2.880346,,100.05,1’000,Slovakia,250’000’000,1’000,No,Yes,No,34,0.2795
SLOVAKIA 0.125% 17.06.2027,EUR,Slovak Republic,SK4000017380,Sovereign,17.06.2027,A,0.13,Annual,2.771192,,97.01,1,Slovakia,2’000’000’000,1,No,Yes,No,323,0.1106
SLOVAKIA 0.75% 09.04.2030,EUR,Slovak Republic,SK4120015173,Sovereign,09.04.2030,A,0.75,Annual,2.921581,,91.61,1,Slovakia,3’000’000’000,1,No,Yes,No,27,0.0555
SLOVAKIA 1.625% 21.01.2031,EUR,Slovak Republic,SK4120011420,Sovereign,21.01.2031,A,1.63,Annual,3.045037,,93.76,1,Slovakia,3’000’000’000,1,No,Yes,No,105,0.4675
SLOVAKIA 4.5% 10.05.2026,EUR,Slovak Republic,SK4120004987,Sovereign,10.05.2026,A,4.50,Annual,3.334306,,99.98,1,Slovakia,1’327’760’000,1,No,Yes,No,361,4.4507
SLOVAKIA 3.75% 06.03.2034,EUR,Slovak Republic,SK4000024865,Sovereign,06.03.2034,NA,3.75,Annual,3.434847,,101.90,1,Slovakia,5’000’000’000,1,No,Yes,No,61,0.6267
SLOVAKIA 3% 27.03.2030,EUR,Slovak Republic,SK4000028882,Sovereign,27.03.2030,NA,3.00,Annual,2.926432,,100.00,1’000,Slovakia,250’000’000,1’000,No,Yes,No,40,0.3288
SLOVAKIA 1% 09.10.2030,EUR,Slovak Republic,SK4000017059,Sovereign,09.10.2030,A,1.00,Annual,3.08938,,91.49,1,Slovakia,3’000’000’000,1,No,Yes,No,209,0.5726
SLOVAKIA 0.625% 22.05.2026,EUR,Slovak Republic,SK4120012220,Sovereign,22.05.2026,A,0.63,Annual,2.81186,,99.85,1,Slovakia,1’450’000’000,1,No,Yes,No,349,0.5976
SLOVAKIA 0.375% 21.04.2036,EUR,Slovak Republic,SK4000018958,Sovereign,21.04.2036,A,0.38,Annual,3.702,,72.54,1,Slovakia,5’000’000’000,1,No,Yes,No,15,0.0154
SLOVAKIA 3% 06.11.2031,EUR,Slovak Republic,SK4000026241,Sovereign,06.11.2031,NA,3.00,Annual,3.176975,,99.00,1,Slovakia,2’882’000’000,1,No,Yes,No,181,1.4877
SLOVAKIA 3% 07.02.2028,EUR,Slovak Republic,SK4000024683,Sovereign,07.02.2028,NA,3.00,Annual,2.823066,,100.18,1,Slovakia,1’948’100’000,1,No,Yes,No,88,0.7233
SLOVAKIA 4.3% 09.08.2032,EUR,Slovak Republic,SK4120008673,Sovereign,09.08.2032,A,4.30,Annual,3.300385,,105.30,1’000’000,Slovakia,500’000’000,1’000’000,No,Yes,No,270,3.1808
SLOVAKIA 3.625% 08.06.2033,EUR,Slovak Republic,SK4000023230,Sovereign,08.06.2033,NA,3.63,Annual,3.318678,,101.65,1,Slovakia,4’396’400’000,1,No,Yes,No,332,3.2973
SLOVAKIA 1.375% 21.01.2027,EUR,Slovak Republic,SK4120010430,Sovereign,21.01.2027,A,1.38,Annual,2.514357,,99.02,1,Slovakia,2’900’000’000,1,No,Yes,No,105,0.3955
SLOVAKIA 1.522% 10.05.2028,CHF,Slovak Republic,CH1344316695,Sovereign,10.05.2028,A,1.52,Annual,0.751274,,101.521,5’000,Slovakia,325’000’000,5’000,No,Yes,Yes,356,1.5056
SLOVAKIA 1% 12.06.2028,EUR,Slovak Republic,SK4120014150,Sovereign,12.06.2028,A,1.00,Annual,2.890345,,96.09,1,Slovakia,3’000’000’000,1,No,Yes,No,328,0.8986
SLOVAKIA 2.5% 04.06.2029,EUR,Slovak Republic,SK4000027397,Sovereign,04.06.2029,NA,2.50,Annual,2.86215,,98.74,1,Slovakia,936’400’000,1,No,Yes,No,336,2.3014
ISRAEL 4.5% 13.01.2031,USD,State of Israel,US46515CJY12,Sovereign,13.01.2031,A,4.50,Semi-Annual,4.846637,,98.34,200’000,Israel,2’250’000’000,1’000,No,Yes,No,112,1.40
ISRAEL 0.625% 18.01.2032,EUR,State of Israel,XS2433136194,Sovereign,18.01.2032,A,0.63,Annual,3.775534,,84.145,1’000,Israel,1’500’000’000,1’000,No,Yes,No,108,0.1849
ISRAEL 0% 15.05.2027,USD,State of Israel,US465139TL78,Sovereign,15.05.2027,AAA,0.00,,3.905593,,96.0504,1’000,Israel,62’159’000,1’000,No,No,No,171,0.00
ISRAEL 5.375% 19.02.2030,USD,State of Israel,US46514Y8A80,Sovereign,19.02.2030,A,5.38,Semi-Annual,4.766651,,101.8726,200’000,Israel,2’500’000’000,1’000,No,Yes,No,76,1.1347
ISRAEL 0% 15.11.2026,USD,State of Israel,US465139TK95,Sovereign,15.11.2026,AAA,0.00,,3.905563,,97.9729,1’000,Israel,62’159’000,1’000,No,No,No,171,0.00
ISRAEL 6.875% 21.10.2034,GBP,State of Israel,XS0103500855,Sovereign,21.10.2034,A,6.88,Annual,4.986536,,112.283,1’000,Israel,100’000’000,1’000,No,No,No,195,3.724
ISRAEL 5.625% 19.02.2035,USD,State of Israel,US46514Y8B63,Sovereign,19.02.2035,A,5.63,Semi-Annual,5.24381,,102.2511,200’000,Israel,2’500’000’000,1’000,No,Yes,No,76,1.1875
ISRAEL 0% 15.11.2027,USD,State of Israel,US465139TM51,Sovereign,15.11.2027,AAA,0.00,,4.119872,,93.874,1’000,Israel,62’159’000,1’000,No,No,No,171,0.00
ISRAEL 2.5% 15.01.2030,USD,State of Israel,US46513JXM88,Sovereign,15.01.2030,A,2.50,Semi-Annual,4.766648,,92.2112,200’000,Israel,1’000’000’000,1’000,No,Yes,No,110,0.7639
ISRAEL 5.375% 12.03.2029,USD,State of Israel,US46514BRN90,Sovereign,12.03.2029,A,5.38,Semi-Annual,4.714028,,101.5654,200’000,Israel,2’000’000’000,1’000,No,Yes,No,53,0.7913
ISRAEL 0% 15.05.2026,USD,State of Israel,US465139TJ23,Sovereign,15.05.2026,AAA,0.00,,3.835288,,99.8946,1’000,Israel,62’159’000,1’000,No,No,No,171,0.00
ISRAEL 3.25% 17.01.2028,USD,State of Israel,US46513YJH27,Sovereign,17.01.2028,A,3.25,Semi-Annual,4.366899,,98.0954,200’000,Israel,1’000’000’000,1’000,No,Yes,No,108,0.975
ISRAEL 7.25% 15.12.2028,USD,State of Israel,US465138ZR91,Sovereign,15.12.2028,A,7.25,Semi-Annual,4.345632,,106.9283,1’000,Israel,250’000’000,1’000,No,No,No,140,2.8194
ISRAEL 1.5% 18.01.2027,EUR,State of Israel,XS1551294256,Sovereign,18.01.2027,A,1.50,Annual,3.505809,,98.49,100’000,Israel,2’065’000’000,1’000,No,Yes,No,108,0.4438
ISRAEL 4.5% 17.01.2033,USD,State of Israel,US46514BRA79,Sovereign,17.01.2033,A,4.50,Semi-Annual,5.033809,,96.679,200’000,Israel,2’000’000’000,1’000,No,Yes,No,108,1.35
ISRAEL 5% 30.10.2026,EUR,State of Israel,XS2711443932,Sovereign,30.10.2026,A,5.00,Annual,3.347465,,100.332,100’000,Israel,1’800’000’000,1’000,No,Yes,No,188,2.5753
ISRAEL 1.5% 16.01.2029,EUR,State of Israel,XS1936100483,Sovereign,16.01.2029,A,1.50,Annual,3.516101,,94.968,1’000,Israel,1’835’000’000,1’000,No,Yes,No,110,0.4521
ISRAEL 5% 13.01.2036,USD,State of Israel,US46515CJZ86,Sovereign,13.01.2036,A,5.00,Semi-Annual,5.323808,,97.4316,200’000,Israel,2’000’000’000,1’000,No,Yes,No,112,1.5556
ISRAEL 5.5% 12.03.2034,USD,State of Israel,US46514BRL35,Sovereign,12.03.2034,A,5.50,Semi-Annual,5.143812,,101.9067,200’000,Israel,3’000’000’000,1’000,No,Yes,No,53,0.8097
ISRAEL 6.5% 06.11.2031,USD,State of Israel,XS2715285230,Sovereign,06.11.2031,A,6.50,Semi-Annual,4.916678,,107.253,200’000,Israel,800’000’000,1’000,No,Yes,No,,0.00
ISRAEL 2.75% 03.07.2030,USD,State of Israel,US46513JB346,Sovereign,03.07.2030,A,2.75,Semi-Annual,4.786643,,92.1829,200’000,Israel,2’000’000’000,1’000,No,Yes,No,122,0.9319
ISRAEL 6.25% 21.11.2027,USD,State of Israel,XS2722281081,Sovereign,21.11.2027,NA,6.25,Semi-Annual,4.429941,,102.587,200’000,Israel,725’000’000,1’000,No,Yes,No,165,2.8646
KUWAIT 4.652% 09.10.2035,USD,State of Kuwait,XS3190721871,Sovereign,09.10.2035,AA-,4.65,Semi-Annual,4.976782,,98.0085,200’000,Kuwait,5’000’000’000,1’000,No,Yes,No,27,0.3489
KUWAIT 4.016% 09.10.2028,USD,State of Kuwait,XS3190721012,Sovereign,09.10.2028,AA-,4.02,Semi-Annual,4.470896,,98.835,200’000,Kuwait,3’250’000’000,1’000,No,Yes,No,27,0.3012
KUWAIT 3.5% 20.03.2027,USD,State of Kuwait,XS1582346968,Sovereign,20.03.2027,AA-,3.50,Semi-Annual,4.405164,,99.338,200’000,Kuwait,4’500’000’000,1’000,No,Yes,No,46,0.4472
KUWAIT 4.804% 20.04.2033,USD,State of Kuwait,XS3350926781,Sovereign,20.04.2033,NA,4.80,Semi-Annual,4.709587,,100.715,200’000,Kuwait,2’000’000’000,1’000,No,Yes,No,16,0.2135
KUWAIT 4.136% 09.10.2030,USD,State of Kuwait,XS3190721525,Sovereign,09.10.2030,AA-,4.14,Semi-Annual,4.388615,,99.1154,200’000,Kuwait,3’000’000’000,1’000,No,Yes,No,27,0.3102
QATAR 4.8% 08.04.2033,USD,State of Qatar,XS3338487674,Sovereign,08.04.2033,AA,4.80,Semi-Annual,4.575779,,101.437,200’000,Qatar,3’000’000’000,1’000,No,Yes,No,27,0.36
QATAR 4.875% 27.02.2035,USD,State of Qatar,XS2918565198,Sovereign,27.02.2035,AA,4.88,Semi-Annual,4.480964,,102.4189,200’000,Qatar,2’000’000’000,1’000,No,Yes,No,69,0.9344
QATAR 4.625% 29.05.2029,USD,State of Qatar,XS2822506759,Sovereign,29.05.2029,AA,4.63,Semi-Annual,4.358413,,100.8063,200’000,Qatar,1’000’000’000,1’000,No,Yes,No,157,2.017
QATAR 4.5% 27.02.2028,USD,State of Qatar,XS2918565271,Sovereign,27.02.2028,AA,4.50,Semi-Annual,4.290118,,100.2528,200’000,Qatar,1’000’000’000,1’000,No,Yes,No,69,0.8625
QATAR 4% 14.03.2029,USD,State of Qatar,XS1959337582,Sovereign,14.03.2029,AA,4.00,Semi-Annual,4.382693,,98.9262,200’000,Qatar,4’000’000’000,1’000,No,Yes,No,52,0.5778
QATAR 3.75% 16.04.2030,USD,State of Qatar,XS2155352664,Sovereign,16.04.2030,AA,3.75,Semi-Annual,4.338079,,97.8649,200’000,Qatar,3’000’000’000,1’000,No,Yes,No,20,0.2083
QATAR 4.5% 23.04.2028,USD,State of Qatar,XS1807174393,Sovereign,23.04.2028,AA,4.50,Semi-Annual,4.293108,,100.319,200’000,Qatar,3’000’000’000,1’000,No,Yes,No,13,0.1625
QATAR 4.75% 29.05.2034,USD,State of Qatar,XS2822506833,Sovereign,29.05.2034,AA,4.75,Semi-Annual,4.421076,,102.3314,200’000,Qatar,1’500’000’000,1’000,No,Yes,No,157,2.0715
QATAR 3.25% 02.06.2026,USD,State of Qatar,XS1405782159,Sovereign,02.06.2026,AA,3.25,Semi-Annual,3.779066,,99.959,200’000,Qatar,3’500’000’000,1’000,No,Yes,No,154,1.3903
QATAR 9.75% 15.06.2030,USD,State of Qatar,XS0113419690,Sovereign,15.06.2030,AA,9.75,Semi-Annual,4.139549,,121.077,10’000,Qatar,1’400’000’000,1’000,No,No,No,141,3.8188
QATAR 3.625% 10.11.2028,USD,State of Qatar,XS3216220544,Sovereign,10.11.2028,AA,3.63,Semi-Annual,4.293023,,98.2819,200’000,Qatar,1’000’000’000,1’000,No,Yes,No,176,1.7722
OMAN 6% 01.08.2029,USD,Sultanate of Oman,XS1944412748,Sovereign,01.08.2029,NA,6.00,Semi-Annual,4.584066,,104.347,200’000,Oman,2’171’568’000,1’000,No,Yes,No,95,1.5833
OMAN 5.375% 08.03.2027,USD,Sultanate of Oman,XS1575967218,Sovereign,08.03.2027,BBB-,5.38,Semi-Annual,4.59771,,100.675,200’000,Oman,1’626’861’000,1’000,No,Yes,No,58,0.866
OMAN 6.75% 28.10.2027,USD,Sultanate of Oman,XS2234859101,Sovereign,28.10.2027,NA,6.75,Semi-Annual,4.532161,,103.167,200’000,Oman,1’369’177’000,1’000,No,Yes,No,8,0.15
OMAN 5.625% 17.01.2028,USD,Sultanate of Oman,XS1750113661,Sovereign,17.01.2028,NA,5.63,Semi-Annual,4.580625,,101.524,200’000,Oman,2’384’240’000,1’000,No,Yes,No,109,1.703
OMAN 4.75% 15.06.2026,USD,Sultanate of Oman,XS1405777589,Sovereign,15.06.2026,BBB-,4.75,Semi-Annual,5.532761,,99.892,200’000,Oman,2’083’216’000,1’000,No,Yes,No,141,1.8604
OMAN 7.375% 28.10.2032,USD,Sultanate of Oman,XS2234859283,Sovereign,28.10.2032,NA,7.38,Semi-Annual,4.788323,,114.335,200’000,Oman,1’022’457’000,1’000,No,Yes,No,8,0.1639
OMAN 6.25% 25.01.2031,USD,Sultanate of Oman,XS2288905370,Sovereign,25.01.2031,NA,6.25,Semi-Annual,4.690264,,106.66,200’000,Oman,1’637’035’000,1’000,No,Yes,No,101,1.7535
SWITZERLAND 0% 26.06.2034,CHF,Swiss Confederation,CH0440081393,Sovereign,26.06.2034,NA,0.00,Annual,0.3347,,97.118,1’000,Switzerland,3’907’433’000,1’000,No,Yes,Yes,310,0.00
SWITZERLAND 0.5% 27.06.2032,CHF,Swiss Confederation,CH0344958688,Sovereign,27.06.2032,AAA,0.50,Annual,0.241139,,101.182,1’000,Switzerland,4’010’580’000,1’000,No,Yes,Yes,309,0.4292
SWITZERLAND 0.5% 27.05.2030,CHF,Swiss Confederation,CH0224397171,Sovereign,27.05.2030,NA,0.50,Annual,0.170191,,101.083,1’000,Switzerland,4’220’287’000,1’000,No,Yes,Yes,339,0.4708
SWITZERLAND 2.5% 08.03.2036,CHF,Swiss Confederation,CH0024524966,Sovereign,08.03.2036,NR,2.50,Annual,0.3788,,120.17,1’000,Switzerland,4’571’740’000,1’000,No,Yes,Yes,58,0.4028
SWITZERLAND 2.25% 22.06.2031,CHF,Swiss Confederation,CH0127181029,Sovereign,22.06.2031,NA,2.25,Annual,0.2425,,110.041,1’000,Switzerland,3’524’465’000,1’000,No,Yes,Yes,314,1.9625
SWITZERLAND 0.25% 23.06.2035,CHF,Swiss Confederation,CH0557778310,Sovereign,23.06.2035,NA,0.25,Annual,0.347209,,99.008,1’000,Switzerland,3’233’175’000,1’000,No,Yes,Yes,313,0.2174
SWITZERLAND 3.5% 08.04.2033,CHF,Swiss Confederation,CH0015803239,Sovereign,08.04.2033,NR,3.50,Annual,0.2507,,122.03,1’000,Switzerland,4’703’860’000,1’000,No,Yes,Yes,28,0.2722
SWITZERLAND 4% 08.04.2028,CHF,Swiss Confederation,CH0008680370,Sovereign,08.04.2028,NR,4.00,Annual,0.1263,,107.384,1’000,Switzerland,5’612’455’000,1’000,No,Yes,No,28,0.3111
SWITZERLAND 3.25% 27.06.2027,CHF,Swiss Confederation,CH0031835561,Sovereign,27.06.2027,NR,3.25,Annual,0.0653,,103.608,1’000,Switzerland,3’080’515’000,1’000,No,Yes,Yes,309,2.7896
SWITZERLAND 0% 22.06.2029,CHF,Swiss Confederation,CH0224397346,Sovereign,22.06.2029,NA,0.00,Annual,0.135983,,99.372,1’000,Switzerland,4’992’375’000,1’000,No,Yes,Yes,314,0.00
SRI LANKA 4% 15.04.2028,USD,THE DEMOCRATIC SOCIALIST REPUBLIC OF SRI LANKA,XS2966242500,Sovereign,15.04.2028,CCC+,4.00,Semi-Annual,6.92526,,96.00,1’000,Sri Lanka,873’299’686,1,No,Yes,No,,
FOEROYA LANDSSTY 2.7% 03.05.2032,NOK,THE GOVERNMENT OF THE FAROE ISLANDS,NO0010791296,Sovereign,03.05.2032,NA,2.70,Annual,4.497211,,90.81,1’000’000,Faroe Islands,550’000’000,1’000’000,No,Yes,No,3,0.0222
FOEROYA LANDSSTY 3.25% 24.05.2029,DKK,THE GOVERNMENT OF THE FAROE ISLANDS,DK0030539549,Sovereign,24.05.2029,NA,3.25,Annual,2.875079,,100.794,0,Faroe Islands,1’100’000’000,0,No,Yes,No,347,3.0897
FOEROYA LANDSSTY 3.625% 19.06.2026,DKK,THE GOVERNMENT OF THE FAROE ISLANDS,DK0030525837,Sovereign,19.06.2026,NA,3.63,Annual,5.496416,,100.127,1’000,Faroe Islands,900’000’000,1’000,No,Yes,No,321,3.188
FOEROYA LANDSSTY 2.375% 22.05.2028,DKK,THE GOVERNMENT OF THE FAROE ISLANDS,DK0030549696,Sovereign,22.05.2028,NA,2.38,Annual,2.851073,,98.675,1’000,Faroe Islands,1’320’000’000,1’000,No,Yes,No,349,2.2709
KENYA 6.3% 23.01.2034,USD,THE REPUBLIC OF KENYA,XS2354781614,Sovereign,23.01.2034,B,6.30,Semi-Annual,8.537935,,88.25,200’000,Kenya,1’000’000’000,1’000,No,Yes,No,103,1.8025
KENYA 7% 22.05.2027,USD,THE REPUBLIC OF KENYA,XS1843435840,Sovereign,22.05.2027,B,7.00,Semi-Annual,6.031682,,100.50,200’000,Kenya,213’539’995,1’000,No,Yes,No,164,3.1889
KENYA 8% 22.05.2032,USD,THE REPUBLIC OF KENYA,XS1843435766,Sovereign,22.05.2032,B,8.00,Semi-Annual,8.152647,,99.50,200’000,Kenya,875’158’000,1’000,No,Yes,No,164,3.6444
KENYA 7.875% 09.10.2033,USD,THE REPUBLIC OF KENYA,XS3196101201,Sovereign,09.10.2033,B,7.88,Semi-Annual,8.621901,,96.375,200’000,Kenya,750’000’000,1’000,No,Yes,No,27,0.5906
KENYA 9.5% 05.03.2036,USD,THE REPUBLIC OF KENYA,XS3010561762,Sovereign,05.03.2036,B,9.50,Semi-Annual,9.282186,,101.14,200’000,Kenya,1’500’000’000,1’000,No,Yes,No,61,1.6097
KENYA 9.75% 16.02.2031,USD,THE REPUBLIC OF KENYA,XS2764839945,Sovereign,16.02.2031,B,9.75,Semi-Annual,7.752399,,106.125,200’000,Kenya,1’500’000’000,1’000,No,Yes,No,80,2.1667
KENYA 7.875% 26.02.2034,USD,THE REPUBLIC OF KENYA,XS3305838602,Sovereign,26.02.2034,B,7.88,Semi-Annual,8.945758,,94.625,200’000,Kenya,900’000’000,1’000,No,Yes,No,70,1.5313
KENYA 8.25% 22.01.2032,USD,THE REPUBLIC OF KENYA,XS2984140827,Sovereign,22.01.2032,NA,8.25,Semi-Annual,9.389,,94.299,200’000,Kenya,500’000’000,1’000,No,Yes,No,,
KENYA 7.25% 28.02.2028,USD,THE REPUBLIC OF KENYA,XS1781710543,Sovereign,28.02.2028,B,7.25,Semi-Annual,6.942778,,100.50,200’000,Kenya,281’049’000,1’000,No,Yes,No,68,1.3694
BAHAMAS CMNWLTH 6.95% 20.11.2029,USD,The Commonwealth of The Bahamas,USP06518AE74,Sovereign,20.11.2029,BB-,6.95,Semi-Annual,5.879292,,104.00,1’000,Bahamas,226’116’000,1’000,No,Yes,No,165,3.1854
BAHAMAS CMNWLTH 8.95% 15.10.2032,USD,The Commonwealth of The Bahamas,USP06518AH06,Sovereign,15.10.2032,BB-,8.95,Semi-Annual,6.06563,,112.875,200’000,Bahamas,626’399’000,1’000,No,Yes,No,20,0.4972
BAHAMAS CMNWLTH 6.625% 15.05.2033,USD,The Commonwealth of The Bahamas,USP06518AC19,Sovereign,15.05.2033,BB-,6.63,Semi-Annual,7.222256,,97.625,1’000,Bahamas,175’639’000,1’000,No,Yes,No,170,3.1285
BAHAMAS CMNWLTH 9% 16.06.2029,USD,The Commonwealth of The Bahamas,USP06518AJ61,Sovereign,16.06.2029,BB-,9.00,Semi-Annual,5.922813,,108.25,200’000,Bahamas,173’135’000,1’000,No,Yes,No,139,3.475
BAHAMAS CMNWLTH 6% 21.11.2028,USD,The Commonwealth of The Bahamas,USP06518AG23,Sovereign,21.11.2028,BB-,6.00,Semi-Annual,5.363453,,101.00,200’000,Bahamas,158’181’000,1’000,No,Yes,No,164,2.7333
LAOS 11.25% 12.11.2030,USD,The Government of The Lao People's Democratic Republic,XS3225349573,Sovereign,12.11.2030,CCC+,11.25,Semi-Annual,9.269158,,106.00,200’000,Laos,300’000’000,1’000,No,Yes,No,174,5.4375
INDONESIA 4.15% 20.09.2027,USD,The Government of the Republic of Indonesia,US455780DM52,Sovereign,20.09.2027,BBB,4.15,Semi-Annual,4.111365,,100.0731,200’000,Indonesia,750’000’000,1’000,No,Yes,No,45,0.5188
INDONESIA 4.65% 20.09.2032,USD,The Government of the Republic of Indonesia,US455780DN36,Sovereign,20.09.2032,BBB,4.65,Semi-Annual,4.741218,,99.5272,200’000,Indonesia,1’400’000’000,1’000,No,Yes,No,45,0.5813
INDONESIA 4.4% 10.03.2029,USD,The Government of the Republic of Indonesia,US455780DT06,Sovereign,10.03.2029,BBB,4.40,Semi-Annual,4.276623,,100.4693,200’000,Indonesia,500’000’000,1’000,No,Yes,No,55,0.6722
INDONESIA 2.85% 14.02.2030,USD,The Government of the Republic of Indonesia,US455780CQ75,Sovereign,14.02.2030,BBB,2.85,Semi-Annual,4.537701,,94.1819,200’000,Indonesia,1’200’000’000,1’000,No,Yes,No,81,0.6413
INDONESIA 3.75% 16.10.2033,EUR,The Government of the Republic of Indonesia,XS3200124496,Sovereign,16.10.2033,BBB,3.75,Annual,4.186226,,97.171,100’000,Indonesia,600’000’000,1’000,No,Yes,No,202,2.0753
INDONESIA 4.4% 14.08.2030,AUD,The Government of the Republic of Indonesia,AU3CB0324812,Sovereign,14.08.2030,BBB,4.40,Semi-Annual,5.249102,,96.811,10’000,Indonesia,500’000’000,10’000,No,Yes,Yes,81,0.985
INDONESIA 4.55% 11.01.2028,USD,The Government of the Republic of Indonesia,US455780DQ66,Sovereign,11.01.2028,BBB,4.55,Semi-Annual,4.200799,,100.6116,200’000,Indonesia,1’000’000’000,1’000,No,Yes,No,114,1.4408
INDONESIA 2.15% 28.07.2031,USD,The Government of the Republic of Indonesia,US455780CY00,Sovereign,28.07.2031,BBB,2.15,Semi-Annual,4.635198,,88.6208,200’000,Indonesia,1’200’000’000,1’000,No,Yes,No,97,0.5793
INDONESIA 3.85% 15.10.2030,USD,The Government of the Republic of Indonesia,US455780CS32,Sovereign,15.10.2030,BBB,3.85,Semi-Annual,4.548704,,97.2388,200’000,Indonesia,1’650’000’000,1’000,No,Yes,No,20,0.2139
INDONESIA 4.75% 11.02.2029,USD,The Government of the Republic of Indonesia,US455780CH76,Sovereign,11.02.2029,BBB,4.75,Semi-Annual,4.220523,,101.2382,200’000,Indonesia,1’250’000’000,1’000,No,Yes,No,84,1.1083
INDONESIA 4.35% 21.02.2031,USD,The Government of the Republic of Indonesia,US455780EE28,Sovereign,21.02.2031,BBB,4.35,Semi-Annual,4.58703,,99.035,200’000,Indonesia,1’100’000’000,1’000,No,Yes,No,104,1.2567
INDONESIA 3.65% 10.09.2032,EUR,The Government of the Republic of Indonesia,XS2895623978,Sovereign,10.09.2032,BBB,3.65,Annual,3.899243,,98.649,100’000,Indonesia,750’000’000,1’000,No,Yes,No,238,2.38
INDONESIA 1% 28.07.2029,EUR,The Government of the Republic of Indonesia,XS2366690332,Sovereign,28.07.2029,BBB,1.00,Annual,3.531214,,92.31,100’000,Indonesia,500’000’000,1’000,No,Yes,No,282,0.7726
INDONESIA 4.85% 11.01.2033,USD,The Government of the Republic of Indonesia,US455780DR40,Sovereign,11.01.2033,BBB,4.85,Semi-Annual,4.911441,,99.7229,200’000,Indonesia,1’250’000’000,1’000,No,Yes,No,114,1.5358
INDONESIA 1.1% 12.03.2033,EUR,The Government of the Republic of Indonesia,XS2280331898,Sovereign,12.03.2033,BBB,1.10,Annual,4.190348,,81.855,100’000,Indonesia,1’000’000’000,1’000,No,Yes,No,55,0.1658
INDONESIA 4.7% 10.02.2034,USD,The Government of the Republic of Indonesia,US455780DU78,Sovereign,10.02.2034,BBB,4.70,Semi-Annual,4.993522,,98.1748,200’000,Indonesia,650’000’000,1’000,No,Yes,No,85,1.1097
INDONESIA 4.95% 21.02.2036,USD,The Government of the Republic of Indonesia,US455780EF92,Sovereign,21.02.2036,BBB,4.95,Semi-Annual,5.249548,,97.9232,200’000,Indonesia,1’100’000’000,1’000,No,Yes,No,104,1.43
INDONESIA 5.25% 15.01.2030,USD,The Government of the Republic of Indonesia,US455780DZ65,Sovereign,15.01.2030,BBB,5.25,Semi-Annual,4.500245,,102.5568,200’000,Indonesia,900’000’000,1’000,No,Yes,No,110,1.6042
INDONESIA 4.9% 16.04.2036,USD,The Government of the Republic of Indonesia,US455780ED45,Sovereign,16.04.2036,BBB,4.90,Semi-Annual,5.231412,,97.6403,200’000,Indonesia,1’250’000’000,1’000,No,Yes,No,19,0.2586
INDONESIA 0.9% 14.02.2027,EUR,The Government of the Republic of Indonesia,XS2100404396,Sovereign,14.02.2027,BBB,0.90,Annual,3.006455,,98.325,100’000,Indonesia,1’000’000’000,1’000,No,Yes,No,81,0.1997
INDONESIA 5.3% 14.08.2035,AUD,The Government of the Republic of Indonesia,AU3CB0324820,Sovereign,14.08.2035,BBB,5.30,Semi-Annual,5.644948,,97.495,10’000,Indonesia,300’000’000,10’000,No,Yes,Yes,81,1.186
INDONESIA 3.75% 14.06.2028,EUR,The Government of the Republic of Indonesia,XS1432493440,Sovereign,14.06.2028,BBB,3.75,Annual,3.270108,,100.856,100’000,Indonesia,1’500’000’000,1’000,No,Yes,No,326,3.3493
INDONESIA 4.1% 04.03.2034,EUR,The Government of the Republic of Indonesia,XS3307444482,Sovereign,04.03.2034,BBB,4.10,Annual,4.354237,,98.269,100’000,Indonesia,1’200’000’000,1’000,No,Yes,No,63,0.7077
INDONESIA 4.35% 08.01.2027,USD,The Government of the Republic of Indonesia,USY20721BQ18,Sovereign,08.01.2027,NA,4.35,Semi-Annual,4.119172,,100.098,200’000,Indonesia,1’250’000’000,1’000,No,Yes,No,117,1.4138
INDONESIA 5.6% 15.01.2035,USD,The Government of the Republic of Indonesia,US455780EA06,Sovereign,15.01.2035,BBB,5.60,Semi-Annual,5.17679,,103.0939,200’000,Indonesia,1’100’000’000,1’000,No,Yes,No,110,1.7111
INDONESIA 3.4% 18.09.2029,USD,The Government of the Republic of Indonesia,US455780CK06,Sovereign,18.09.2029,BBB,3.40,Semi-Annual,4.225289,,97.4266,200’000,Indonesia,750’000’000,1’000,No,Yes,No,47,0.4439
INDONESIA 3.875% 15.01.2033,EUR,The Government of the Republic of Indonesia,XS2974517075,Sovereign,15.01.2033,BBB,3.88,Annual,4.084911,,98.838,100’000,Indonesia,700’000’000,1’000,No,Yes,No,111,1.1784
INDONESIA 4.75% 10.09.2034,USD,The Government of the Republic of Indonesia,US455780DX18,Sovereign,10.09.2034,BBB,4.75,Semi-Annual,5.076369,,97.8068,200’000,Indonesia,1’150’000’000,1’000,No,Yes,No,55,0.7257
INDONESIA 1.45% 18.09.2026,EUR,The Government of the Republic of Indonesia,XS2012546714,Sovereign,18.09.2026,BBB,1.45,Annual,3.223707,,99.323,100’000,Indonesia,750’000’000,1’000,No,Yes,No,230,0.9137
INDONESIA 3.5% 11.01.2028,USD,The Government of the Republic of Indonesia,US455780CD62,Sovereign,11.01.2028,BBB,3.50,Semi-Annual,4.157796,,98.8931,200’000,Indonesia,1’250’000’000,1’000,No,Yes,No,114,1.1083
INDONESIA 1.85% 12.03.2031,USD,The Government of the Republic of Indonesia,US455780CV60,Sovereign,12.03.2031,BBB,1.85,Semi-Annual,4.635256,,88.1985,200’000,Indonesia,1’250’000’000,1’000,No,Yes,No,53,0.2724
INDONESIA 3.55% 31.03.2032,USD,The Government of the Republic of Indonesia,US455780DJ24,Sovereign,31.03.2032,BBB,3.55,Semi-Annual,4.745539,,94.0525,200’000,Indonesia,1’000’000’000,1’000,No,Yes,No,35,0.3451
INDONESIA 4.1% 24.04.2028,USD,The Government of the Republic of Indonesia,US455780CF11,Sovereign,24.04.2028,BBB,4.10,Semi-Annual,4.115591,,99.9284,200’000,Indonesia,1’000’000’000,1’000,No,Yes,No,11,0.1253
INDONESIA 4.3% 16.04.2031,USD,The Government of the Republic of Indonesia,US455780EC61,Sovereign,16.04.2031,BBB,4.30,Semi-Annual,4.579481,,98.8536,200’000,Indonesia,600’000’000,1’000,No,Yes,No,19,0.2269
INDONESIA 3.85% 18.07.2027,USD,The Government of the Republic of Indonesia,USY20721BT56,Sovereign,18.07.2027,NA,3.85,Semi-Annual,4.088614,,99.68,200’000,Indonesia,1’000’000’000,1’000,No,Yes,No,107,1.1443
INDONESIA 1.3% 23.03.2034,EUR,The Government of the Republic of Indonesia,XS2387734317,Sovereign,23.03.2034,BBB,1.30,Annual,4.306472,,80.216,100’000,Indonesia,500’000’000,1’000,No,Yes,No,44,0.1567
INDONESIA 1.4% 30.10.2031,EUR,The Government of the Republic of Indonesia,XS2069959398,Sovereign,30.10.2031,BBB,1.40,Annual,3.756685,,88.424,100’000,Indonesia,1’000’000’000,1’000,No,Yes,No,188,0.7211
INDONESIA 8.5% 12.10.2035,USD,The Government of the Republic of Indonesia,USY20721AE96,Sovereign,12.10.2035,BBB,8.50,Semi-Annual,5.22921,,124.234,100’000,Indonesia,1’562’661’000,1’000,No,Yes,No,23,0.5431
JORDAN 7.75% 15.01.2028,USD,The Hashemite Kingdom of Jordan,XS2490731721,Sovereign,15.01.2028,BB-,7.75,Semi-Annual,5.469574,,103.375,200’000,Jordan,650’000’000,1’000,No,Yes,No,111,2.3896
JORDAN 5.85% 07.07.2030,USD,The Hashemite Kingdom of Jordan,XS2199272662,Sovereign,07.07.2030,BB-,5.85,Semi-Annual,5.711019,,100.00,200’000,Jordan,1’250’000’000,1’000,No,Yes,No,119,1.9338
JORDAN 5.75% 12.11.2032,USD,The Hashemite Kingdom of Jordan,XS3218674136,Sovereign,12.11.2032,BB-,5.75,Semi-Annual,6.078983,,98.125,200’000,Jordan,700’000’000,1’000,No,Yes,No,174,2.7792
JORDAN 7.5% 13.01.2029,USD,The Hashemite Kingdom of Jordan,XS2602742285,Sovereign,13.01.2029,BB-,7.50,Semi-Annual,5.826766,,103.815,200’000,Jordan,1’250’000’000,1’000,No,Yes,No,119,2.47917
JORDAN 5.75% 31.01.2027,USD,The Hashemite Kingdom of Jordan,XS1405770220,Sovereign,31.01.2027,BB-,5.75,Semi-Annual,4.860068,,100.375,200’000,Jordan,1’000’000’000,1’000,No,Yes,No,96,1.5333
UAE 4.857% 02.07.2034,USD,United Arab Emirates Government,XS2850662631,Sovereign,02.07.2034,NA,4.86,Semi-Annual,4.570988,,101.9133,200’000,United Arab Emirates,1’500’000’000,1’000,No,Yes,No,124,1.673
UAE 2% 19.10.2031,USD,United Arab Emirates Government,XS2397053757,Sovereign,19.10.2031,NA,2.00,Semi-Annual,4.339063,,88.96,200’000,United Arab Emirates,1’000’000’000,1’000,No,Yes,No,17,0.0944
UAE 4.917% 25.09.2033,USD,United Arab Emirates Government,XS2684502623,Sovereign,25.09.2033,NA,4.92,Semi-Annual,4.561304,,102.2169,200’000,United Arab Emirates,1’500’000’000,1’000,No,Yes,No,41,0.56
UAE 4.05% 07.07.2032,USD,United Arab Emirates Government,XS2492384818,Sovereign,07.07.2032,NA,4.05,Semi-Annual,4.414071,,98.1493,200’000,United Arab Emirates,1’750’000’000,1’000,No,Yes,No,119,1.3388
UNITED KINGDOM 1% 31.01.2032,GBP,United Kingdom of Great Britain and Northern Ireland,GB00BM8Z2T38,Sovereign,31.01.2032,NA,1.00,Semi-Annual,4.563726,,82.18,0,United Kingdom,36’801’371’000,0,No,Yes,No,94,0.2597
UNITED KINGDOM 0.625% 31.07.2035,GBP,United Kingdom of Great Britain and Northern Ireland,GB00BMGR2916,Sovereign,31.07.2035,NA,0.63,Semi-Annual,4.904583,,68.54,0,United Kingdom,35’633’850’000,0,No,Yes,No,102,0.17323
UNITED KINGDOM 0% 17.08.2026,GBP,United Kingdom of Great Britain and Northern Ireland,GB00BSGNLX88,Sovereign,17.08.2026,NA,0.00,,3.8784,,98.907,0,United Kingdom,2’000’000’000,0,No,Yes,No,259,0.00
UNITED KINGDOM 0% 14.09.2026,GBP,United Kingdom of Great Britain and Northern Ireland,GB00BSGQ7068,Sovereign,14.09.2026,NA,0.00,,3.9432,,98.593,0,United Kingdom,2’500’000’000,0,No,Yes,No,50,0.00
UNITED KINGDOM 4.375% 07.03.2030,GBP,United Kingdom of Great Britain and Northern Ireland,GB00BSQNRD01,Sovereign,07.03.2030,NA,4.38,Semi-Annual,4.424,,99.80,0,United Kingdom,45’215’344’000,0,No,Yes,No,59,0.7014
UNITED KINGDOM 0.125% 31.01.2028,GBP,United Kingdom of Great Britain and Northern Ireland,GB00BMBL1G81,Sovereign,31.01.2028,BB+,0.13,Semi-Annual,4.175,,93.25,0,United Kingdom,39’260’277’000,0,No,Yes,No,94,0.0325
UNITED KINGDOM 4.25% 07.06.2032,GBP,United Kingdom of Great Britain and Northern Ireland,GB0004893086,Sovereign,07.06.2032,NR,4.25,Semi-Annual,4.5403,,98.39,0,United Kingdom,46’026’149’499,0,No,Yes,No,149,1.7397
UNITED KINGDOM 4.25% 07.03.2036,GBP,United Kingdom of Great Britain and Northern Ireland,GB0032452392,Sovereign,07.03.2036,NR,4.25,Semi-Annual,4.999844,,94.36,0,United Kingdom,32’424’933’000,0,No,Yes,No,59,0.6814
UNITED KINGDOM 0% 26.10.2026,GBP,United Kingdom of Great Britain and Northern Ireland,GB00BSGQKS59,Sovereign,26.10.2026,NA,0.00,,4.0192,,98.121,0,United Kingdom,2’500’000’000,0,No,Yes,No,8,0.00
UNITED KINGDOM 4.125% 07.03.2033,GBP,United Kingdom of Great Britain and Northern Ireland,GB00BVP99780,Sovereign,07.03.2033,NA,4.13,Semi-Annual,4.6762,,96.96,0,United Kingdom,16’837’600’000,0,No,Yes,No,59,0.6613
UNITED KINGDOM 0% 22.06.2026,GBP,United Kingdom of Great Britain and Northern Ireland,GB00BSGPL455,Sovereign,22.06.2026,NA,0.00,,3.7597,,99.508,0,United Kingdom,5’500’000’000,0,No,Yes,No,134,0.00
UNITED KINGDOM 0% 18.05.2026,GBP,United Kingdom of Great Britain and Northern Ireland,GB00BSGP8Z54,Sovereign,18.05.2026,NA,0.00,,3.7111,,99.868,0,United Kingdom,5’500’000’000,0,No,Yes,No,169,0.00
UNITED KINGDOM 0% 29.06.2026,GBP,United Kingdom of Great Britain and Northern Ireland,GB00BSGPMK80,Sovereign,29.06.2026,NA,0.00,,3.7776,,99.434,0,United Kingdom,4’500’000’000,0,No,Yes,No,127,0.00
UNITED KINGDOM 0% 01.06.2026,GBP,United Kingdom of Great Britain and Northern Ireland,GB00BSGPF325,Sovereign,01.06.2026,NA,0.00,,3.7414,,99.724,0,United Kingdom,5’000’000’000,0,No,Yes,No,155,0.00
UNITED KINGDOM 4.125% 07.03.2031,GBP,United Kingdom of Great Britain and Northern Ireland,GB00BVP99673,Sovereign,07.03.2031,NA,4.13,Semi-Annual,4.4745,,98.45,0,United Kingdom,29’096’621’000,0,No,Yes,No,59,0.6613
UNITED KINGDOM 1.625% 22.10.2028,GBP,United Kingdom of Great Britain and Northern Ireland,GB00BFX0ZL78,Sovereign,22.10.2028,NA,1.63,Semi-Annual,4.299197,,93.81,0,United Kingdom,38’743’345’000,0,No,Yes,No,13,0.0577
UNITED KINGDOM 4.375% 07.03.2028,GBP,United Kingdom of Great Britain and Northern Ireland,GB00BSQNRC93,Sovereign,07.03.2028,NA,4.38,Semi-Annual,4.4035,,99.95,0,United Kingdom,47’199’189’000,0,No,Yes,No,59,0.7014
UNITED KINGDOM 0.5% 31.01.2029,GBP,United Kingdom of Great Britain and Northern Ireland,GB00BLPK7227,Sovereign,31.01.2029,NA,0.50,Semi-Annual,4.279,,90.32,0,United Kingdom,30’847’495’000,0,No,Yes,No,94,0.1298
UNITED KINGDOM 0% 02.11.2026,GBP,United Kingdom of Great Britain and Northern Ireland,GB00BSGQN319,Sovereign,02.11.2026,NA,0.00,,4.0273,,98.043,0,United Kingdom,2’500’000’000,0,No,Yes,No,,0.00
UNITED KINGDOM 0% 21.09.2026,GBP,United Kingdom of Great Britain and Northern Ireland,GB00BSGQ8Z86,Sovereign,21.09.2026,NA,0.00,,3.9582,,98.514,0,United Kingdom,2’500’000’000,0,No,Yes,No,43,0.00
UNITED KINGDOM 4.625% 31.01.2034,GBP,United Kingdom of Great Britain and Northern Ireland,GB00BPJJKN53,Sovereign,31.01.2034,NA,4.63,Semi-Annual,4.77959,,99.04,0,United Kingdom,32’512’329’000,0,No,Yes,No,94,1.201
UNITED KINGDOM 0% 06.07.2026,GBP,United Kingdom of Great Britain and Northern Ireland,GB00BSGQD757,Sovereign,06.07.2026,NA,0.00,,3.7801,,99.362,0,United Kingdom,2’500’000’000,0,No,Yes,No,28,0.00
UNITED KINGDOM 0% 20.07.2026,GBP,United Kingdom of Great Britain and Northern Ireland,GB00BSGPRS12,Sovereign,20.07.2026,NA,0.00,,3.8194,,99.211,0,United Kingdom,4’000’000’000,0,No,Yes,No,106,0.00
UNITED KINGDOM 4.5% 07.03.2035,GBP,United Kingdom of Great Britain and Northern Ireland,GB00BT7J0027,Sovereign,07.03.2035,NA,4.50,Semi-Annual,4.8964,,97.14,0,United Kingdom,40’752’157’000,0,No,Yes,No,59,0.7215
UNITED KINGDOM 0.875% 31.07.2033,GBP,United Kingdom of Great Britain and Northern Ireland,GB00BM8Z2S21,Sovereign,31.07.2033,NA,0.88,Semi-Annual,4.7057,,76.77,0,United Kingdom,39’783’000’000,0,No,Yes,No,94,0.2272
UNITED KINGDOM 0% 01.09.2026,GBP,United Kingdom of Great Britain and Northern Ireland,GB00BSGQ3Y25,Sovereign,01.09.2026,NA,0.00,,3.9109,,98.741,0,United Kingdom,2’000’000’000,0,No,Yes,No,64,0.00
UNITED KINGDOM 0% 12.10.2026,GBP,United Kingdom of Great Britain and Northern Ireland,GB00BSGQFR99,Sovereign,12.10.2026,NA,0.00,,3.9948,,98.279,0,United Kingdom,2’500’000’000,0,No,Yes,No,22,0.00
UNITED KINGDOM 0% 11.05.2026,GBP,United Kingdom of Great Britain and Northern Ireland,GB00BSGP6M85,Sovereign,11.05.2026,NA,0.00,,3.7131,,99.939,0,United Kingdom,5’500’000’000,0,No,Yes,No,176,0.00
UNITED KINGDOM 0% 10.08.2026,GBP,United Kingdom of Great Britain and Northern Ireland,GB00BSGPYF75,Sovereign,10.08.2026,NA,0.00,,3.8662,,98.983,0,United Kingdom,2’000’000’000,0,No,Yes,No,85,0.00
UNITED KINGDOM 0.375% 22.10.2030,GBP,United Kingdom of Great Britain and Northern Ireland,GB00BL68HH02,Sovereign,22.10.2030,NA,0.38,Semi-Annual,4.3306,,84.03,0,United Kingdom,41’316’747’000,0,No,Yes,No,13,0.0133
UNITED KINGDOM 3.75% 07.03.2027,GBP,United Kingdom of Great Britain and Northern Ireland,GB00BPSNB460,Sovereign,07.03.2027,NA,3.75,Semi-Annual,4.326924,,99.49,0,United Kingdom,37’352’749’000,0,No,Yes,No,59,0.6012
UNITED KINGDOM 0.375% 22.10.2026,GBP,United Kingdom of Great Britain and Northern Ireland,GB00BNNGP668,Sovereign,22.10.2026,NA,0.38,Semi-Annual,3.86829,,98.41,0,United Kingdom,33’660’598’000,0,No,Yes,No,13,0.0133
UNITED KINGDOM 0% 13.07.2026,GBP,United Kingdom of Great Britain and Northern Ireland,GB00BSGN9349,Sovereign,13.07.2026,NA,0.00,,3.7934,,99.288,0,United Kingdom,5’000’000’000,0,No,Yes,No,295,0.00
UNITED KINGDOM 1.25% 22.07.2027,GBP,United Kingdom of Great Britain and Northern Ireland,GB00BDRHNP05,Sovereign,22.07.2027,NA,1.25,Semi-Annual,4.351778,,96.31,0,United Kingdom,41’947’822’000,0,No,Yes,No,103,0.3557
UNITED KINGDOM 4% 22.10.2031,GBP,United Kingdom of Great Britain and Northern Ireland,GB00BPSNBF73,Sovereign,22.10.2031,NA,4.00,Semi-Annual,4.5296,,97.40,0,United Kingdom,36’623’371’000,0,No,Yes,No,13,0.1421
UNITED KINGDOM 4.75% 22.10.2035,GBP,United Kingdom of Great Britain and Northern Ireland,GB00BTXS1K06,Sovereign,22.10.2035,NA,4.75,Semi-Annual,4.9579,,98.49,0,United Kingdom,41’812’497’000,0,No,Yes,No,13,0.1687
UNITED KINGDOM 4.125% 29.01.2027,GBP,United Kingdom of Great Britain and Northern Ireland,GB00BL6C7720,Sovereign,29.01.2027,NA,4.13,Semi-Annual,4.291987,,99.86,0,United Kingdom,32’407’950’000,0,No,Yes,No,96,1.0939
UNITED KINGDOM 0% 08.06.2026,GBP,United Kingdom of Great Britain and Northern Ireland,GB00BSGPGK62,Sovereign,08.06.2026,NA,0.00,,3.7489,,99.652,0,United Kingdom,5’000’000’000,0,No,Yes,No,148,0.00
UNITED KINGDOM 4.25% 07.12.2027,GBP,United Kingdom of Great Britain and Northern Ireland,GB00B16NNR78,Sovereign,07.12.2027,NR,4.25,Semi-Annual,4.370283,,99.77,0,United Kingdom,33’776’823’000,0,No,Yes,No,149,1.7397
UNITED KINGDOM 0.875% 22.10.2029,GBP,United Kingdom of Great Britain and Northern Ireland,GB00BJMHB534,Sovereign,22.10.2029,NA,0.88,Semi-Annual,4.320787,,89.04,0,United Kingdom,44’643’059’000,0,No,Yes,No,13,0.0311
UNITED KINGDOM 0% 19.10.2026,GBP,United Kingdom of Great Britain and Northern Ireland,GB00BSGP4801,Sovereign,19.10.2026,NA,0.00,,4.0062,,98.201,0,United Kingdom,2’500’000’000,0,No,Yes,No,195,0.00
UNITED KINGDOM 3.25% 31.01.2033,GBP,United Kingdom of Great Britain and Northern Ireland,GB00BMV7TC88,Sovereign,31.01.2033,NA,3.25,Semi-Annual,4.674336,,91.94,0,United Kingdom,34’175’120’000,0,No,Yes,No,94,0.8439
UNITED KINGDOM 6% 07.12.2028,GBP,United Kingdom of Great Britain and Northern Ireland,GB0002404191,Sovereign,07.12.2028,NR,6.00,Semi-Annual,4.334697,,104.04,0,United Kingdom,20’730’554’560,0,No,Yes,No,149,2.456
UNITED KINGDOM 4.5% 07.06.2028,GBP,United Kingdom of Great Britain and Northern Ireland,GB00BMF9LG83,Sovereign,07.06.2028,NA,4.50,Semi-Annual,4.408137,,100.17,0,United Kingdom,35’216’988’000,0,No,Yes,No,149,1.842
UNITED KINGDOM 0% 26.05.2026,GBP,United Kingdom of Great Britain and Northern Ireland,GB00BSGPCJ77,Sovereign,26.05.2026,NA,0.00,,3.71,,99.787,0,United Kingdom,5’500’000’000,0,No,Yes,No,162,0.00
UNITED KINGDOM 0% 27.07.2026,GBP,United Kingdom of Great Britain and Northern Ireland,GB00BSGPTH47,Sovereign,27.07.2026,NA,0.00,,3.864,,99.129,0,United Kingdom,4’000’000’000,0,No,Yes,No,99,0.00
UNITED KINGDOM 0% 07.09.2026,GBP,United Kingdom of Great Britain and Northern Ireland,GB00BSGQ5138,Sovereign,07.09.2026,NA,0.00,,3.927,,98.673,0,United Kingdom,2’500’000’000,0,No,Yes,No,57,0.00
UNITED KINGDOM 0% 24.08.2026,GBP,United Kingdom of Great Britain and Northern Ireland,GB00BSGQ2B23,Sovereign,24.08.2026,NA,0.00,,3.8962,,98.829,0,United Kingdom,2’000’000’000,0,No,Yes,No,71,0.00
UNITED KINGDOM 1.5% 22.07.2026,GBP,United Kingdom of Great Britain and Northern Ireland,GB00BYZW3G56,Sovereign,22.07.2026,BBB-,1.50,Semi-Annual,3.806994,,99.503,0,United Kingdom,44’673’738’000,0,No,Yes,No,103,0.4268
UNITED KINGDOM 0.25% 31.07.2031,GBP,United Kingdom of Great Britain and Northern Ireland,GB00BMGR2809,Sovereign,31.07.2031,NA,0.25,Semi-Annual,4.412773,,80.71,0,United Kingdom,41’587’911’000,0,No,Yes,No,94,0.0649
UNITED KINGDOM 4.25% 31.07.2034,GBP,United Kingdom of Great Britain and Northern Ireland,GB00BQC82C90,Sovereign,31.07.2034,NA,4.25,Semi-Annual,4.826859,,96.11,0,United Kingdom,36’102’635’000,0,No,Yes,No,94,1.1036
UNITED KINGDOM 4.5% 07.09.2034,GBP,United Kingdom of Great Britain and Northern Ireland,GB00B52WS153,Sovereign,07.09.2034,NR,4.50,Semi-Annual,4.818,,97.74,0,United Kingdom,39’862’283’000,0,No,Yes,No,59,0.7215
UNITED KINGDOM 4.75% 07.12.2030,GBP,United Kingdom of Great Britain and Northern Ireland,GB00B24FF097,Sovereign,07.12.2030,NR,4.75,Semi-Annual,4.3691,,101.48,0,United Kingdom,45’073’380’570,0,No,Yes,No,149,1.9444
UNITED KINGDOM 0% 03.08.2026,GBP,United Kingdom of Great Britain and Northern Ireland,GB00BSGPWD12,Sovereign,03.08.2026,NA,0.00,,3.8691,,99.055,0,United Kingdom,2’000’000’000,0,No,Yes,No,92,0.00
UNITED KINGDOM 4% 22.05.2029,GBP,United Kingdom of Great Britain and Northern Ireland,GB00BVP99566,Sovereign,22.05.2029,NA,4.00,Semi-Annual,4.4225,,98.82,0,United Kingdom,30’796’412’000,0,No,Yes,No,208,2.2904
UNITED KINGDOM 0% 15.06.2026,GBP,United Kingdom of Great Britain and Northern Ireland,GB00BSGPJG32,Sovereign,15.06.2026,NA,0.00,,3.7458,,99.581,0,United Kingdom,5’500’000’000,0,No,Yes,No,141,0.00
UNITED KINGDOM 0% 28.09.2026,GBP,United Kingdom of Great Britain and Northern Ireland,GB00BSGQBJ36,Sovereign,28.09.2026,NA,0.00,,3.9695,,98.436,0,United Kingdom,2’500’000’000,0,No,Yes,No,36,0.00
UNITED KINGDOM 4.125% 22.07.2029,GBP,United Kingdom of Great Britain and Northern Ireland,GB00BQC82B83,Sovereign,22.07.2029,NA,4.13,Semi-Annual,4.430278,,99.12,0,United Kingdom,37’986’998’000,0,No,Yes,No,103,1.1737
UNITED KINGDOM 0% 05.10.2026,GBP,United Kingdom of Great Britain and Northern Ireland,GB00BSGQD864,Sovereign,05.10.2026,NA,0.00,,3.985,,98.357,0,United Kingdom,2’500’000’000,0,No,Yes,No,28,0.00
UTD MEXICAN 11.5% 15.05.2026,USD,United Mexican States (Mexico),US593048AX90,Sovereign,15.05.2026,BBB,11.50,Semi-Annual,6.095521,,100.1444,1’000,Mexico,320’445’000,1’000,No,Yes,No,170,5.4306
UTD MEXICAN 6% 13.05.2030,USD,United Mexican States (Mexico),US91087BBB53,Sovereign,13.05.2030,BBB,6.00,Semi-Annual,4.863364,,104.0983,200’000,Mexico,1’705’844’000,1’000,No,Yes,No,172,2.8667
UTD MEXICAN 3.25% 16.04.2030,USD,United Mexican States (Mexico),US91087BAH33,Sovereign,16.04.2030,BBB,3.25,Semi-Annual,4.839212,,94.342,200’000,Mexico,2’010’492’000,1’000,No,Yes,No,19,0.1715
UTD MEXICAN 4.875% 19.05.2033,USD,United Mexican States (Mexico),US91087BAT70,Sovereign,19.05.2033,BBB,4.88,Semi-Annual,5.58672,,95.6314,200’000,Mexico,2’203’576’000,1’000,No,Yes,No,171,2.316
UTD MEXICAN 8.3% 15.08.2031,USD,United Mexican States (Mexico),US91086QAG38,Sovereign,15.08.2031,BBB,8.30,Semi-Annual,4.409443,,118.0336,1’000,Mexico,1’053’407’000,1’000,No,Yes,No,80,1.8444
UTD MEXICAN 3.5% 12.02.2034,USD,United Mexican States (Mexico),US91087BAR15,Sovereign,12.02.2034,BBB,3.50,Semi-Annual,5.69407,,86.2708,200’000,Mexico,2’868’146’000,1’000,No,Yes,No,83,0.8069
UTD MEXICAN 4.5% 19.03.2034,EUR,United Mexican States (Mexico),XS3185370973,Sovereign,19.03.2034,BBB,4.50,Annual,4.636037,,99.132,100’000,Mexico,1’500’000’000,1’000,No,Yes,No,48,0.5918
UTD MEXICAN 3.5% 19.09.2029,EUR,United Mexican States (Mexico),XS3185370890,Sovereign,19.09.2029,BBB,3.50,Annual,3.729266,,99.259,100’000,Mexico,2’250’000’000,1’000,No,Yes,No,229,2.1959
UTD MEXICAN 4.75% 22.03.2031,USD,United Mexican States (Mexico),US91087BBJ89,Sovereign,22.03.2031,BBB,4.75,Semi-Annual,5.081105,,98.3988,200’000,Mexico,1’500’000’000,1’000,No,Yes,No,43,0.5674
UTD MEXICAN 5.85% 02.07.2032,USD,United Mexican States (Mexico),US91087BBE92,Sovereign,02.07.2032,BBB,5.85,Semi-Annual,5.390088,,102.1188,200’000,Mexico,3’949’715’000,1’000,No,Yes,No,123,1.9988
UTD MEXICAN 2.659% 24.05.2031,USD,United Mexican States (Mexico),US91087BAM28,Sovereign,24.05.2031,BBB,2.66,Semi-Annual,5.063237,,89.1523,200’000,Mexico,2’997’358’000,1’000,No,Yes,No,161,1.1892
UTD MEXICAN 2.375% 11.02.2030,EUR,United Mexican States (Mexico),XS2444273168,Sovereign,11.02.2030,BBB,2.38,Annual,3.886589,,94.692,100’000,Mexico,800’000’000,1’000,No,Yes,No,84,0.5466
UTD MEXICAN 1.45% 25.10.2033,EUR,United Mexican States (Mexico),XS2289587789,Sovereign,25.10.2033,BBB,1.45,Annual,4.51725,,81.008,100’000,Mexico,1’514’779’000,1’000,No,Yes,No,193,0.7667
UTD MEXICAN 4.49% 25.05.2032,EUR,United Mexican States (Mexico),XS2754067242,Sovereign,25.05.2032,BBB,4.49,Annual,4.289314,,101.004,100’000,Mexico,2’000’000’000,1’000,No,Yes,No,346,4.2562
UTD MEXICAN 6.75% 27.09.2034,USD,United Mexican States (Mexico),US91086QAS75,Sovereign,27.09.2034,BBB,6.75,Semi-Annual,5.631713,,106.9303,1’000,Mexico,1’696’200’000,1’000,No,Yes,No,38,0.7125
UTD MEXICAN 5.625% 22.09.2035,USD,United Mexican States (Mexico),US91087BBL36,Sovereign,22.09.2035,BBB,5.63,Semi-Annual,5.868267,,98.1273,200’000,Mexico,2’500’000’000,1’000,No,Yes,No,43,0.6719
UTD MEXICAN 6.35% 09.02.2035,USD,United Mexican States (Mexico),US91087BAV27,Sovereign,09.02.2035,BBB,6.35,Semi-Annual,5.817915,,103.4137,200’000,Mexico,2’750’000’000,1’000,No,Yes,No,86,1.5169
UTD MEXICAN 3.625% 09.04.2029,EUR,United Mexican States (Mexico),XS1054418600,Sovereign,09.04.2029,BBB,3.63,Annual,3.717259,,99.637,100’000,Mexico,1’000’000’000,1’000,No,Yes,No,27,0.2682
UTD MEXICAN 5.625% 09.02.2034,USD,United Mexican States (Mexico),US91087BBQ23,Sovereign,09.02.2034,BBB,5.63,Semi-Annual,5.693338,,99.1333,200’000,Mexico,3’000’000’000,1’000,No,Yes,No,116,1.8125
UTD MEXICAN 5% 07.05.2029,USD,United Mexican States (Mexico),US91087BAY65,Sovereign,07.05.2029,BBB,5.00,Semi-Annual,4.597189,,101.0212,200’000,Mexico,779’788’000,1’000,No,Yes,No,178,2.4722
UTD MEXICAN 7.5% 08.04.2033,USD,United Mexican States (Mexico),US91086QAN88,Sovereign,08.04.2033,BBB,7.50,Semi-Annual,4.908948,,115.3122,1’000,Mexico,769’896’000,1’000,No,Yes,No,27,0.5625
UTD MEXICAN 1.75% 17.04.2028,EUR,United Mexican States (Mexico),XS1751001139,Sovereign,17.04.2028,BBB,1.75,Annual,3.637562,,96.471,100’000,Mexico,1’323’899’000,1’000,No,Yes,No,19,0.0911
UTD MEXICAN 3.875% 16.05.2031,EUR,United Mexican States (Mexico),XS3265539729,Sovereign,16.05.2031,BBB,3.88,Annual,4.179089,,98.524,100’000,Mexico,2’000’000’000,1’000,No,Yes,No,110,1.1678
UTD MEXICAN 4.625% 04.05.2033,EUR,United Mexican States (Mexico),XS2991917530,Sovereign,04.05.2033,BBB,4.63,Annual,4.424515,,101.36,100’000,Mexico,1’400’000’000,1’000,No,Yes,No,2,0.0253
UTD MEXICAN 4.15% 28.03.2027,USD,United Mexican States (Mexico),US91087BAC46,Sovereign,28.03.2027,BBB,4.15,Semi-Annual,3.974558,,100.1986,200’000,Mexico,1’891’166’000,1’000,No,Yes,No,37,0.4265
UTD MEXICAN 4.5% 22.04.2029,USD,United Mexican States (Mexico),US91087BAF76,Sovereign,22.04.2029,BBB,4.50,Semi-Annual,4.485044,,99.8886,200’000,Mexico,2’684’332’000,1’000,No,Yes,No,13,0.1625
UTD MEXICAN 3.75% 11.01.2028,USD,United Mexican States (Mexico),US91087BAE02,Sovereign,11.01.2028,BBB,3.75,Semi-Annual,4.26883,,99.0528,200’000,Mexico,1’609’838’000,1’000,No,Yes,No,114,1.1875
UTD MEXICAN 8.5% 31.05.2029,MXN,United Mexican States (Mexico),MX0MGO0000H9,Sovereign,31.05.2029,BBB+,8.50,Every 182 days,8.17,,104.468793,100,Mexico,389’538’821’100,100,No,Yes,No,153,3.6125
UTD MEXICAN 3.375% 23.02.2031,EUR,United Mexican States (Mexico),XS1369323149,Sovereign,23.02.2031,BBB,3.38,Annual,3.95922,,97.295,100’000,Mexico,1’700’000’000,1’000,No,Yes,No,72,0.6658
UTD MEXICAN 1.35% 18.09.2027,EUR,United Mexican States (Mexico),XS2135361686,Sovereign,18.09.2027,BBB,1.35,Annual,3.266987,,97.447,100’000,Mexico,750’000’000,1’000,No,Yes,No,230,0.8507
UTD MEXICAN 1.125% 17.01.2030,EUR,United Mexican States (Mexico),XS2104886341,Sovereign,17.01.2030,NA,1.13,Annual,3.880079,,90.614,100’000,Mexico,1’250’000’000,1’000,No,Yes,No,109,0.336
UTD MEXICAN 5.4% 09.02.2028,USD,United Mexican States (Mexico),US91087BAU44,Sovereign,09.02.2028,BBB,5.40,Semi-Annual,4.35177,,101.7363,200’000,Mexico,1’167’610’000,1’000,No,Yes,No,86,1.29
UTD MEXICAN 5.375% 22.03.2033,USD,United Mexican States (Mexico),US91087BBK52,Sovereign,22.03.2033,BBB,5.38,Semi-Annual,5.583852,,98.8164,200’000,Mexico,4’000’000’000,1’000,No,Yes,No,43,0.642
UTD MEXICAN 4.75% 27.04.2032,USD,United Mexican States (Mexico),US91087BAK61,Sovereign,27.04.2032,BBB,4.75,Semi-Annual,5.324159,,97.2968,200’000,Mexico,2’432’997’000,1’000,No,Yes,No,8,0.1056
US AMERICA 3.5% 31.01.2028,USD,United States of America,US91282CGH88,Sovereign,31.01.2028,NA,3.50,Semi-Annual,3.867472,,99.285156,100,USA,116’750’836’800,100,No,Yes,No,102,0.97011
US AMERICA 0% 30.06.2026,USD,United States of America,US912797UC96,Sovereign,30.06.2026,NA,0.00,,3.676003,,99.440388,100,USA,70’198’502’500,100,No,Yes,No,,
US AMERICA 4.25% 31.12.2026,USD,United States of America,US91282CME83,Sovereign,31.12.2026,NA,4.25,Semi-Annual,4.016001,,100.347656,100,USA,69’666’366’400,100,No,Yes,No,133,1.53601
US AMERICA 3.625% 31.08.2029,USD,United States of America,US91282CLK52,Sovereign,31.08.2029,NA,3.63,Semi-Annual,3.933897,,98.832031,100,USA,75’543’787’400,100,No,Yes,No,71,0.71098
US AMERICA 4.875% 31.10.2030,USD,United States of America,US91282CJG78,Sovereign,31.10.2030,NA,4.88,Semi-Annual,3.994,,103.277344,100,USA,37’230’128’600,100,No,Yes,No,10,0.13467
US AMERICA 3.375% 15.09.2027,USD,United States of America,US91282CLL36,Sovereign,15.09.2027,NA,3.38,Semi-Annual,3.811,,99.335938,100,USA,58’553’785’300,100,No,Yes,No,56,0.5221
US AMERICA 3.25% 30.06.2029,USD,United States of America,US91282CEV90,Sovereign,30.06.2029,NA,3.25,Semi-Annual,3.917201,,97.855469,100,USA,42’974’146’400,100,No,Yes,No,133,1.17459
US AMERICA 0.5% 31.05.2027,USD,United States of America,US912828ZS21,Sovereign,31.05.2027,NA,0.50,Semi-Annual,3.979997,,96.550781,100,USA,40’799’354’500,100,No,Yes,No,163,0.22268
US AMERICA 1.25% 30.11.2026,USD,United States of America,US91282CDK45,Sovereign,30.11.2026,NA,1.25,Semi-Annual,4.07,,98.628906,100,USA,61’760’042’400,100,No,Yes,No,163,0.55669
US AMERICA 4% 31.05.2030,USD,United States of America,US91282CNG23,Sovereign,31.05.2030,NA,4.00,Semi-Annual,3.979701,,99.828125,100,USA,79’582’310’100,100,No,Yes,No,163,1.78142
US AMERICA 0% 18.02.2027,USD,United States of America,US912797TV96,Sovereign,18.02.2027,NA,0.00,,3.680405,,97.153403,100,USA,52’280’174’600,100,No,Yes,No,,
US AMERICA 3.875% 15.06.2028,USD,United States of America,US91282CNH06,Sovereign,15.06.2028,NA,3.88,Semi-Annual,3.875823,,99.863281,100,USA,59’042’863’500,100,No,Yes,No,148,1.56694
US AMERICA 4.625% 15.02.2035,USD,United States of America,US91282CMM00,Sovereign,15.02.2035,NA,4.63,Semi-Annual,4.321495,,101.769531,100,USA,138’494’271’300,100,No,Yes,No,87,1.09341
US AMERICA 0% 23.07.2026,USD,United States of America,US912797TP29,Sovereign,23.07.2026,NA,0.00,,3.656998,,99.214274,100,USA,175’745’323’800,100,No,Yes,No,,
US AMERICA 4.625% 15.11.2026,USD,United States of America,US91282CJK80,Sovereign,15.11.2026,NA,4.63,Semi-Annual,4.088999,,100.46875,100,USA,47’237’400’100,100,No,Yes,No,179,2.24966
US AMERICA 4.375% 15.08.2026,USD,United States of America,US91282CHU80,Sovereign,15.08.2026,NA,4.38,Semi-Annual,4.442975,,100.175781,100,USA,54’669’848’000,100,No,Yes,No,87,1.03431
US AMERICA 3.75% 30.06.2030,USD,United States of America,US91282CHJ36,Sovereign,30.06.2030,NA,3.75,Semi-Annual,3.986824,,98.871094,100,USA,34’099’121’900,100,No,Yes,No,133,1.3553
US AMERICA 4.5% 15.07.2026,USD,United States of America,US91282CHM64,Sovereign,15.07.2026,NA,4.50,Semi-Annual,4.727002,,100.148438,100,USA,36’457’024’000,100,No,Yes,No,118,1.44293
US AMERICA 1.625% 31.10.2026,USD,United States of America,US912828YQ73,Sovereign,31.10.2026,NA,1.63,Semi-Annual,4.199999,,98.96875,100,USA,34’732’666’600,100,No,Yes,No,10,0.04489
US AMERICA 3.875% 30.11.2027,USD,United States of America,US91282CFZ95,Sovereign,30.11.2027,NA,3.88,Semi-Annual,3.865184,,99.921875,100,USA,45’440’914’500,100,No,Yes,No,163,1.72575
US AMERICA 3.5% 30.04.2030,USD,United States of America,US91282CGZ86,Sovereign,30.04.2030,NA,3.50,Semi-Annual,3.975146,,98.066406,100,USA,38’040’088’900,100,No,Yes,No,10,0.09669
US AMERICA 1.75% 31.01.2029,USD,United States of America,US91282CDW82,Sovereign,31.01.2029,NA,1.75,Semi-Annual,3.904887,,94.277344,100,USA,60’456’656’900,100,No,Yes,No,102,0.48505
US AMERICA 2.375% 31.03.2029,USD,United States of America,US91282CEE75,Sovereign,31.03.2029,NA,2.38,Semi-Annual,3.909068,,95.65625,100,USA,55’674’720’700,100,No,Yes,No,41,0.26751
US AMERICA 3.75% 15.08.2027,USD,United States of America,US91282CLG41,Sovereign,15.08.2027,NA,3.75,Semi-Annual,3.841993,,99.84375,100,USA,66’582’279’200,100,No,Yes,No,87,0.88655
US AMERICA 4.125% 31.10.2026,USD,United States of America,US91282CLS88,Sovereign,31.10.2026,NA,4.13,Semi-Annual,4.182999,,100.171875,100,USA,66’250’341’800,100,No,Yes,No,10,0.11395
US AMERICA 0% 18.08.2026,USD,United States of America,US912797UU94,Sovereign,18.08.2026,NA,0.00,,3.672,,98.956403,100,USA,69’495’870’500,100,No,Yes,No,,
US AMERICA 4.125% 31.10.2031,USD,United States of America,US91282CLU35,Sovereign,31.10.2031,NA,4.13,Semi-Annual,4.078028,,99.941406,100,USA,44’695’110’400,100,No,Yes,No,10,0.11395
US AMERICA 4.125% 29.02.2032,USD,United States of America,US91282CMR96,Sovereign,29.02.2032,NA,4.13,Semi-Annual,4.105128,,99.789063,100,USA,48’434’941’600,100,No,Yes,No,71,0.80905
US AMERICA 0% 19.05.2026,USD,United States of America,US912797TS67,Sovereign,19.05.2026,NA,0.00,,3.606999,,99.862325,100,USA,235’353’839’000,100,No,Yes,No,,
US AMERICA 2.25% 15.08.2027,USD,United States of America,US9128282R06,Sovereign,15.08.2027,NA,2.25,Semi-Annual,3.847993,,97.972656,100,USA,69’595’360’400,100,No,Yes,No,87,0.53193
US AMERICA 4.125% 15.06.2026,USD,United States of America,US91282CHH79,Sovereign,15.06.2026,NA,4.13,Semi-Annual,5.610003,,100.035156,100,USA,39’999’462’300,100,No,Yes,No,148,1.66803
US AMERICA 4.375% 31.01.2032,USD,United States of America,US91282CMK44,Sovereign,31.01.2032,NA,4.38,Semi-Annual,4.425,,103.597656,100,USA,46’437’944’600,100,No,Yes,No,102,1.21264
US AMERICA 0% 24.09.2026,USD,United States of America,US912797UH83,Sovereign,24.09.2026,NA,0.00,,3.677999,,98.590241,100,USA,80’809’767’000,100,No,Yes,No,,
US AMERICA 3.75% 15.05.2028,USD,United States of America,US91282CND91,Sovereign,15.05.2028,NA,3.75,Semi-Annual,3.80075,,100.089844,100,USA,78’473’441’800,100,No,Yes,No,179,1.82405
US AMERICA 0.625% 31.12.2027,USD,United States of America,US91282CBB63,Sovereign,31.12.2027,NA,0.63,Semi-Annual,3.8782,,94.742188,100,USA,67’206’516’800,100,No,Yes,No,133,0.22588
US AMERICA 3.75% 30.11.2032,USD,United States of America,US91282CPM72,Sovereign,30.11.2032,NA,3.75,Semi-Annual,3.755,,3.755,100,USA,49’031’370’400,100,No,Yes,No,,
US AMERICA 4% 31.07.2029,USD,United States of America,US91282CLC37,Sovereign,31.07.2029,NA,4.00,Semi-Annual,3.927527,,100.023438,100,USA,73’590’609’300,100,No,Yes,No,102,1.1087
US AMERICA 4.625% 15.09.2026,USD,United States of America,US91282CHY03,Sovereign,15.09.2026,NA,4.63,Semi-Annual,4.249,,100.332031,100,USA,43’080’698’800,100,No,Yes,No,56,0.71547
US AMERICA 4.5% 31.05.2029,USD,United States of America,US91282CKT70,Sovereign,31.05.2029,NA,4.50,Semi-Annual,3.917274,,101.492188,100,USA,73’470’738’500,100,No,Yes,No,163,2.0041
US AMERICA 1.25% 30.09.2028,USD,United States of America,US91282CCY57,Sovereign,30.09.2028,NA,1.25,Semi-Annual,3.901775,,93.835938,100,USA,69’466’887’400,100,No,Yes,No,41,0.1408
US AMERICA 3.875% 15.04.2029,USD,United States of America,US91282CQJ35,Sovereign,15.04.2029,NA,3.88,Semi-Annual,3.915,,99.738281,100,USA,68’285’499’500,100,No,Yes,No,,
US AMERICA 0% 15.10.2026,USD,United States of America,US912797UK13,Sovereign,15.10.2026,NA,0.00,,3.674999,,98.376258,100,USA,80’040’927’900,100,No,Yes,No,,
US AMERICA 4.25% 15.01.2028,USD,United States of America,US91282CMF58,Sovereign,15.01.2028,NA,4.25,Semi-Annual,3.867993,,100.507813,100,USA,70’744’439’100,100,No,Yes,No,118,1.36277
US AMERICA 0.625% 15.08.2030,USD,United States of America,US91282CAE12,Sovereign,15.08.2030,NA,0.63,Semi-Annual,3.997923,,86.613281,100,USA,132’350’653’200,100,No,Yes,No,87,0.14776
US AMERICA 1.875% 15.02.2032,USD,United States of America,US91282CDY49,Sovereign,15.02.2032,NA,1.88,Semi-Annual,4.118122,,88.269531,100,USA,140’562’705’100,100,No,Yes,No,87,0.44327
US AMERICA 6.375% 15.08.2027,USD,United States of America,US912810FA17,Sovereign,15.08.2027,NR,6.38,Semi-Annual,3.973993,,102.902344,100,USA,9’196’756’000,100,No,No,No,87,1.50713
US AMERICA 1.625% 15.05.2031,USD,United States of America,US91282CCB54,Sovereign,15.05.2031,NA,1.63,Semi-Annual,4.044973,,88.824219,100,USA,147’677’715’100,100,No,Yes,No,179,0.79042
US AMERICA 1.875% 28.02.2029,USD,United States of America,US91282CEB37,Sovereign,28.02.2029,NA,1.88,Semi-Annual,3.905068,,94.453125,100,USA,57’010’831’800,100,No,Yes,No,71,0.36775
US AMERICA 0% 16.06.2026,USD,United States of America,US912797UA31,Sovereign,16.06.2026,NA,0.00,,3.635763,,99.5828,100,USA,144’722’098’100,100,No,Yes,No,,
US AMERICA 1.25% 31.05.2028,USD,United States of America,US91282CCE93,Sovereign,31.05.2028,NA,1.25,Semi-Annual,3.890297,,94.671875,100,USA,73’206’233’400,100,No,Yes,No,163,0.55669
US AMERICA 5.25% 15.11.2028,USD,United States of America,US912810FF04,Sovereign,15.11.2028,NR,5.25,Semi-Annual,3.985784,,102.863281,100,USA,10’947’052’000,100,No,No,No,179,2.55367
US AMERICA 3.5% 30.09.2027,USD,United States of America,US91282CPB18,Sovereign,30.09.2027,NA,3.50,Semi-Annual,3.819,,99.484375,100,USA,72’809’543’600,100,No,Yes,No,41,0.39423
US AMERICA 0% 29.10.2026,USD,United States of America,US912797SK41,Sovereign,29.10.2026,NA,0.00,,3.723,,98.232699,100,USA,135’145’090’600,100,No,Yes,No,11,0.00
US AMERICA 0% 22.10.2026,USD,United States of America,US912797UL95,Sovereign,22.10.2026,NA,0.00,,3.683001,,98.310888,100,USA,82’536’594’100,100,No,Yes,No,,
US AMERICA 6.5% 15.11.2026,USD,United States of America,US912810EY02,Sovereign,15.11.2026,NR,6.50,Semi-Annual,4.536999,,101.167969,100,USA,10’860’177’000,100,No,Yes,No,179,3.16168
US AMERICA 3.875% 30.04.2031,USD,United States of America,US91282CQK08,Sovereign,30.04.2031,NA,3.88,Semi-Annual,4.025,,99.097656,100,USA,78’810’010’600,100,No,Yes,No,,
US AMERICA 4.125% 31.08.2030,USD,United States of America,US91282CHW47,Sovereign,31.08.2030,NA,4.13,Semi-Annual,3.991007,,100.222656,100,USA,39’737’434’500,100,No,Yes,No,71,0.80905
US AMERICA 0.375% 30.09.2027,USD,United States of America,US91282CAL54,Sovereign,30.09.2027,NA,0.38,Semi-Annual,3.837,,95.242188,100,USA,56’617’294’300,100,No,Yes,No,41,0.04224
US AMERICA 4% 15.02.2034,USD,United States of America,US91282CJZ59,Sovereign,15.02.2034,NA,4.00,Semi-Annual,4.257144,,97.953125,100,USA,123’092’882’300,100,No,Yes,No,87,0.94565
US AMERICA 0% 15.04.2027,USD,United States of America,US912797UE52,Sovereign,15.04.2027,NA,0.00,,3.704001,,96.553006,100,USA,51’974’576’400,100,No,Yes,No,,
US AMERICA 4.875% 31.05.2026,USD,United States of America,US91282CKS97,Sovereign,31.05.2026,NA,4.88,Semi-Annual,6.790999,,100.0625,100,USA,61’056’489’600,100,No,Yes,No,163,2.17111
US AMERICA 4.25% 15.08.2035,USD,United States of America,US91282CNT44,Sovereign,15.08.2035,NA,4.25,Semi-Annual,4.350595,,98.820313,100,USA,134’934’766’500,100,No,Yes,No,87,1.00476
US AMERICA 3.375% 30.11.2027,USD,United States of America,US91282CPL99,Sovereign,30.11.2027,NA,3.38,Semi-Annual,3.482,,3.482,100,USA,76’889’528’300,100,No,Yes,No,,
US AMERICA 3.75% 15.04.2028,USD,United States of America,US91282CMW81,Sovereign,15.04.2028,NA,3.75,Semi-Annual,3.76575,,3.76575,100,USA,67’679’301’900,100,No,Yes,No,26,0.26786
US AMERICA 0% 20.08.2026,USD,United States of America,US912797TX52,Sovereign,20.08.2026,NA,0.00,,3.64884,,98.94018,100,USA,80’513’220’700,100,No,Yes,No,,
US AMERICA 0% 10.09.2026,USD,United States of America,US912797UF28,Sovereign,10.09.2026,NA,0.00,,3.67,,98.72934,100,USA,81’380’608’000,100,No,Yes,No,,
US AMERICA 0.75% 31.01.2028,USD,United States of America,US91282CBJ99,Sovereign,31.01.2028,NA,0.75,Semi-Annual,3.875503,,94.675781,100,USA,69’770’849’700,100,No,Yes,No,102,0.20788
US AMERICA 3.5% 30.09.2029,USD,United States of America,US91282CLN91,Sovereign,30.09.2029,NA,3.50,Semi-Annual,3.939317,,98.402344,100,USA,71’324’682’000,100,No,Yes,No,41,0.39423
US AMERICA 3.875% 31.07.2030,USD,United States of America,US91282CNN73,Sovereign,31.07.2030,NA,3.88,Semi-Annual,3.984909,,99.300781,100,USA,74’766’596’300,100,No,Yes,No,102,1.07405
US AMERICA 3.875% 15.08.2033,USD,United States of America,US91282CHT18,Sovereign,15.08.2033,AAA,3.88,Semi-Annual,4.221018,,97.496094,100,USA,122’099’798’800,100,No,Yes,No,87,0.9161
US AMERICA 2.875% 30.04.2029,USD,United States of America,US91282CEM91,Sovereign,30.04.2029,NA,2.88,Semi-Annual,3.913863,,96.929688,100,USA,48’814’233’500,100,No,Yes,No,10,0.07942
US AMERICA 4% 30.06.2032,USD,United States of America,US91282CNJ61,Sovereign,30.06.2032,NA,4.00,Semi-Annual,3.993,,3.993,100,USA,48’378’224’700,100,No,Yes,No,133,1.44565
US AMERICA 3.75% 30.04.2028,USD,United States of America,US91282CQL80,Sovereign,30.04.2028,NA,3.75,Semi-Annual,3.89,,99.632813,100,USA,77’684’221’100,100,No,Yes,No,,
US AMERICA 1.5% 15.08.2026,USD,United States of America,US9128282A70,Sovereign,15.08.2026,NA,1.50,Semi-Annual,4.501973,,99.371094,100,USA,64’404’240’500,100,No,Yes,No,87,0.35462
US AMERICA 2.375% 15.05.2029,USD,United States of America,US9128286T26,Sovereign,15.05.2029,NA,2.38,Semi-Annual,3.915677,,95.460938,100,USA,84’173’058’900,100,No,Yes,No,179,1.15523
US AMERICA 4.625% 30.09.2030,USD,United States of America,US91282CHZ77,Sovereign,30.09.2030,NA,4.63,Semi-Annual,3.991,,102.242188,100,USA,36’834’903’800,100,No,Yes,No,41,0.52095
US AMERICA 1.125% 31.10.2026,USD,United States of America,US91282CDG33,Sovereign,31.10.2026,NA,1.13,Semi-Annual,4.200999,,98.730469,100,USA,66’586’691’100,100,No,Yes,No,10,0.03108
US AMERICA 1.875% 31.07.2026,USD,United States of America,US912828Y958,Sovereign,31.07.2026,NA,1.88,Semi-Annual,4.550002,,99.566406,100,USA,30’977’132’300,100,No,Yes,No,102,0.5197
US AMERICA 4.125% 30.04.2033,USD,United States of America,US91282CQN47,Sovereign,30.04.2033,NA,4.13,Semi-Annual,4.206,,99.179688,100,USA,49’537’771’700,100,No,Yes,No,,
US AMERICA 3.625% 15.05.2026,USD,United States of America,US91282CHB00,Sovereign,15.05.2026,NA,3.63,Semi-Annual,4.090984,,99.984375,100,USA,46’092’822’000,100,No,Yes,No,179,1.76325
US AMERICA 4.125% 31.10.2027,USD,United States of America,US91282CFU09,Sovereign,31.10.2027,NA,4.13,Semi-Annual,3.861004,,100.316406,100,USA,42’612’555’900,100,No,Yes,No,10,0.11395
US AMERICA 0.5% 30.04.2027,USD,United States of America,US912828ZN34,Sovereign,30.04.2027,NA,0.50,Semi-Annual,3.744,,96.839844,100,USA,37’218’590’200,100,No,Yes,No,10,0.01381
US AMERICA 0.5% 31.08.2027,USD,United States of America,US91282CAH43,Sovereign,31.08.2027,NA,0.50,Semi-Annual,3.847,,95.6875,100,USA,50’805’075’700,100,No,Yes,No,71,0.09807
US AMERICA 1.25% 31.03.2028,USD,United States of America,US91282CBS98,Sovereign,31.03.2028,NA,1.25,Semi-Annual,3.882879,,95.101563,100,USA,72’851’916’000,100,No,Yes,No,41,0.1408
US AMERICA 0.5% 30.06.2027,USD,United States of America,US912828ZV59,Sovereign,30.06.2027,NA,0.50,Semi-Annual,3.815,,96.269531,100,USA,45’951’731’900,100,No,Yes,No,133,0.18071
US AMERICA 3.25% 30.06.2027,USD,United States of America,US91282CEW73,Sovereign,30.06.2027,NA,3.25,Semi-Annual,3.797,,99.339844,100,USA,50’592’571’800,100,No,Yes,No,133,1.17459
US AMERICA 3.875% 30.11.2029,USD,United States of America,US91282CFY21,Sovereign,30.11.2029,NA,3.88,Semi-Annual,3.952988,,99.558594,100,USA,38’155’411’300,100,No,Yes,No,163,1.72575
US AMERICA 3.5% 31.01.2030,USD,United States of America,US91282CGJ45,Sovereign,31.01.2030,NA,3.50,Semi-Annual,3.960228,,98.210938,100,USA,34’045’566’000,100,No,Yes,No,102,0.97011
US AMERICA 3.875% 30.06.2030,USD,United States of America,US91282CNK35,Sovereign,30.06.2030,NA,3.88,Semi-Annual,3.984181,,99.347656,100,USA,76’965’547’200,100,No,Yes,No,133,1.40048
US AMERICA 4.25% 31.01.2030,USD,United States of America,US91282CMG32,Sovereign,31.01.2030,NA,4.25,Semi-Annual,3.958555,,100.777344,100,USA,73’885’625’600,100,No,Yes,No,102,1.17799
US AMERICA 3.625% 31.10.2030,USD,United States of America,US91282CPD73,Sovereign,31.10.2030,NA,3.63,Semi-Annual,4.001725,,98.246094,100,USA,74’019’363’100,100,No,Yes,No,10,0.10014
US AMERICA 0% 06.08.2026,USD,United States of America,US912797RG48,Sovereign,06.08.2026,NA,0.00,,3.689998,,99.070566,100,USA,133’270’264’900,100,No,Yes,No,95,0.00
US AMERICA 4% 15.12.2027,USD,United States of America,US91282CMB45,Sovereign,15.12.2027,NA,4.00,Semi-Annual,3.868471,,100.117188,100,USA,58’415’371’000,100,No,Yes,No,148,1.61749
US AMERICA 1.25% 30.06.2028,USD,United States of America,US91282CCH25,Sovereign,30.06.2028,NA,1.25,Semi-Annual,3.886747,,94.46875,100,USA,70’834’102’100,100,No,Yes,No,133,0.45177
US AMERICA 4.375% 31.07.2026,USD,United States of America,US91282CLB53,Sovereign,31.07.2026,NA,4.38,Semi-Annual,4.540001,,100.164063,100,USA,66’460’888’300,100,No,Yes,No,102,1.21264
US AMERICA 0.75% 31.08.2026,USD,United States of America,US91282CCW91,Sovereign,31.08.2026,NA,0.75,Semi-Annual,4.407999,,99.050781,100,USA,59’156’147’000,100,No,Yes,No,71,0.1471
US AMERICA 1.125% 15.02.2031,USD,United States of America,US91282CBL46,Sovereign,15.02.2031,NA,1.13,Semi-Annual,4.006121,,87.308594,100,USA,140’062’614’700,100,No,Yes,No,87,0.26596
US AMERICA 4% 31.01.2033,USD,United States of America,US91282CPY11,Sovereign,31.01.2033,NA,4.00,Semi-Annual,4.182567,,98.632813,100,USA,47’100’452’700,100,No,Yes,No,,
US AMERICA 3.75% 28.02.2033,USD,United States of America,US91282CQC81,Sovereign,28.02.2033,NA,3.75,Semi-Annual,4.190011,,97.195313,100,USA,49’271’026’700,100,No,Yes,No,,
US AMERICA 1.375% 31.12.2028,USD,United States of America,US91282CDP32,Sovereign,31.12.2028,NA,1.38,Semi-Annual,3.89277,,93.539063,100,USA,63’608’180’100,100,No,Yes,No,133,0.49694
US AMERICA 4.125% 31.03.2029,USD,United States of America,US91282CKG59,Sovereign,31.03.2029,NA,4.13,Semi-Annual,3.906575,,100.425781,100,USA,66’999’721’600,100,No,Yes,No,41,0.46463
US AMERICA 1.5% 30.11.2028,USD,United States of America,US91282CDL28,Sovereign,30.11.2028,NA,1.50,Semi-Annual,3.897962,,94.035156,100,USA,62’983’620’600,100,No,Yes,No,163,0.66803
US AMERICA 4.125% 31.01.2027,USD,United States of America,US91282CMH15,Sovereign,31.01.2027,NA,4.13,Semi-Annual,3.976001,,100.269531,100,USA,66’585’780’700,100,No,Yes,No,102,1.14334
US AMERICA 4.25% 15.02.2028,USD,United States of America,US91282CMN82,Sovereign,15.02.2028,NA,4.25,Semi-Annual,3.87428,,100.535156,100,USA,73’431’099’300,100,No,Yes,No,87,1.00476
US AMERICA 0% 25.08.2026,USD,United States of America,US912797UV77,Sovereign,25.08.2026,NA,0.00,,3.677,,98.886704,100,USA,69’918’225’000,100,No,Yes,No,,
US AMERICA 5.5% 15.08.2028,USD,United States of America,US912810FE39,Sovereign,15.08.2028,NR,5.50,Semi-Annual,4.027051,,103.089844,100,USA,11’776’201’000,100,No,No,No,87,1.30027
US AMERICA 6.125% 15.08.2029,USD,United States of America,US912810FJ26,Sovereign,15.08.2029,NR,6.13,Semi-Annual,3.994942,,106.25,100,USA,11’178’580’000,100,No,No,No,87,1.44803
US AMERICA 6.25% 15.05.2030,USD,United States of America,US912810FM54,Sovereign,15.05.2030,NR,6.25,Semi-Annual,4.030442,,107.957031,100,USA,17’043’162’000,100,No,No,No,179,3.04008
US AMERICA 3.75% 31.05.2030,USD,United States of America,US91282CHF14,Sovereign,31.05.2030,NA,3.75,Semi-Annual,3.985543,,98.902344,100,USA,40’694’951’400,100,No,Yes,No,163,1.67008
US AMERICA 0% 13.08.2026,USD,United States of America,US912797TW79,Sovereign,13.08.2026,NA,0.00,,3.67,,99.008021,100,USA,81’482’500’100,100,No,Yes,No,,
US AMERICA 2.5% 31.03.2027,USD,United States of America,US91282CEF41,Sovereign,31.03.2027,NA,2.50,Semi-Annual,3.958,,98.894531,100,USA,60’044’711’300,100,No,Yes,No,41,0.28159
US AMERICA 4% 30.04.2032,USD,United States of America,US91282CNA52,Sovereign,30.04.2032,NA,4.00,Semi-Annual,4.116,,4.116,100,USA,47’013’040’900,100,No,Yes,No,10,0.1105
US AMERICA 3.875% 30.04.2030,USD,United States of America,US91282CMZ13,Sovereign,30.04.2030,NA,3.88,Semi-Annual,3.971764,,99.402344,100,USA,74’793’782’100,100,No,Yes,No,10,0.10704
US AMERICA 3.875% 30.09.2032,USD,United States of America,US91282CNZ04,Sovereign,30.09.2032,NA,3.88,Semi-Annual,4.160384,,98.074219,100,USA,46’429’711’200,100,No,Yes,No,41,0.43647
US AMERICA 3.5% 15.01.2029,USD,United States of America,US91282CPT26,Sovereign,15.01.2029,NA,3.50,Semi-Annual,3.894349,,98.84375,100,USA,74’881’959’100,100,No,Yes,No,,
US AMERICA 4% 30.06.2028,USD,United States of America,US91282CHK09,Sovereign,30.06.2028,NA,4.00,Semi-Annual,3.874377,,100.109375,100,USA,42’999’664’500,100,No,Yes,No,133,1.44565
US AMERICA 4.375% 30.11.2028,USD,United States of America,US91282CJN20,Sovereign,30.11.2028,NA,4.38,Semi-Annual,3.895242,,101.007813,100,USA,55’055’033’700,100,No,Yes,No,163,1.94843
US AMERICA 2.875% 15.05.2028,USD,United States of America,US9128284N73,Sovereign,15.05.2028,NA,2.88,Semi-Annual,3.887679,,97.914063,100,USA,73’143’230’800,100,No,Yes,No,179,1.39844
US AMERICA 0% 25.06.2026,USD,United States of America,US912797TE71,Sovereign,25.06.2026,NA,0.00,,3.648999,,99.493418,100,USA,173’945’198’600,100,No,Yes,No,,
US AMERICA 4% 15.01.2027,USD,United States of America,US91282CJT99,Sovereign,15.01.2027,NA,4.00,Semi-Annual,3.982999,,100.191406,100,USA,51’119’747’600,100,No,Yes,No,118,1.28261
US AMERICA 3.875% 15.10.2027,USD,United States of America,US91282CLQ23,Sovereign,15.10.2027,NA,3.88,Semi-Annual,3.828,,99.96875,100,USA,57’648’814’000,100,No,Yes,No,26,0.27679
US AMERICA 3.625% 30.09.2031,USD,United States of America,US91282CLM19,Sovereign,30.09.2031,NA,3.63,Semi-Annual,4.068401,,97.570313,100,USA,44’900’730’600,100,No,Yes,No,41,0.40831
US AMERICA 3.875% 31.03.2028,USD,United States of America,US91282CQH78,Sovereign,31.03.2028,NA,3.88,Semi-Annual,3.870322,,99.894531,100,USA,76’129’743’700,100,No,Yes,No,,
US AMERICA 0% 27.11.2026,USD,United States of America,US912797SU23,Sovereign,27.11.2026,NA,0.00,,3.668465,,97.981271,100,USA,52’302’103’300,100,No,Yes,No,,
US AMERICA 3.75% 31.01.2031,USD,United States of America,US91282CPW54,Sovereign,31.01.2031,NA,3.75,Semi-Annual,4.01401,,98.65625,100,USA,74’932’853’000,100,No,Yes,No,,
US AMERICA 3.375% 29.02.2028,USD,United States of America,US91282CQB09,Sovereign,29.02.2028,NA,3.38,Semi-Annual,3.855,,99.046875,100,USA,77’264’442’400,100,No,Yes,No,,
US AMERICA 0% 28.05.2026,USD,United States of America,US912797SW88,Sovereign,28.05.2026,NA,0.00,,3.597996,,99.774166,100,USA,245’645’497’900,100,No,Yes,No,,
US AMERICA 4% 15.11.2035,USD,United States of America,US91282CPJ44,Sovereign,15.11.2035,NA,4.00,Semi-Annual,4.368001,,96.804688,100,USA,137’892’443’700,100,No,Yes,No,,
US AMERICA 1.375% 15.11.2031,USD,United States of America,US91282CDJ71,Sovereign,15.11.2031,NA,1.38,Semi-Annual,4.099314,,86.371094,100,USA,144’585’275’900,100,No,Yes,No,179,0.66882
US AMERICA 4% 29.02.2028,USD,United States of America,US91282CGP05,Sovereign,29.02.2028,NA,4.00,Semi-Annual,3.869491,,100.117188,100,USA,52’169’316’800,100,No,Yes,No,71,0.78453
US AMERICA 6.125% 15.11.2027,USD,United States of America,US912810FB99,Sovereign,15.11.2027,NR,6.13,Semi-Annual,4.01,,103.015625,100,USA,22’021’339’000,100,No,No,No,179,2.97928
US AMERICA 2.625% 15.02.2029,USD,United States of America,US9128286B18,Sovereign,15.02.2029,NA,2.63,Semi-Annual,3.906038,,96.492188,100,USA,80’704’475’000,100,No,Yes,No,87,0.62058
US AMERICA 2.75% 31.07.2027,USD,United States of America,US91282CFB28,Sovereign,31.07.2027,NA,2.75,Semi-Annual,3.813986,,98.664063,100,USA,49’039’678’200,100,No,Yes,No,102,0.76223
US AMERICA 2.375% 15.05.2027,USD,United States of America,US912828X885,Sovereign,15.05.2027,NA,2.38,Semi-Annual,3.991986,,98.542969,100,USA,68’188’220’599,100,No,Yes,No,179,1.15523
US AMERICA 4% 31.10.2029,USD,United States of America,US91282CFT36,Sovereign,31.10.2029,NA,4.00,Semi-Annual,3.948743,,99.976563,100,USA,34’908’022’800,100,No,Yes,No,10,0.1105
US AMERICA 3.125% 31.08.2027,USD,United States of America,US91282CFH97,Sovereign,31.08.2027,NA,3.13,Semi-Annual,3.81579,,99.035156,100,USA,49’703’903’200,100,No,Yes,No,71,0.61291
US AMERICA 3.875% 15.08.2034,USD,United States of America,US91282CLF67,Sovereign,15.08.2034,NA,3.88,Semi-Annual,4.292253,,96.757813,100,USA,128’740’374’900,100,No,Yes,No,87,0.9161
US AMERICA 4.125% 31.03.2031,USD,United States of America,US91282CKF76,Sovereign,31.03.2031,NA,4.13,Semi-Annual,4.030633,,100.132813,100,USA,42’350’914’600,100,No,Yes,No,41,0.46463
US AMERICA 0% 14.07.2026,USD,United States of America,US912797UP00,Sovereign,14.07.2026,NA,0.00,,3.630675,,99.307391,100,USA,69’514’984’400,100,No,Yes,No,,
US AMERICA 0% 24.12.2026,USD,United States of America,US912797TC16,Sovereign,24.12.2026,NA,0.00,,3.664908,,97.734529,100,USA,52’285’412’200,100,No,Yes,No,,
US AMERICA 4.125% 30.11.2029,USD,United States of America,US91282CMA61,Sovereign,30.11.2029,NA,4.13,Semi-Annual,3.94863,,100.371094,100,USA,74’761’031’200,100,No,Yes,No,163,1.83709
US AMERICA 4.625% 30.04.2029,USD,United States of America,US91282CKP58,Sovereign,30.04.2029,NA,4.63,Semi-Annual,3.906803,,101.824219,100,USA,70’232’305’800,100,No,Yes,No,10,0.12776
US AMERICA 0% 01.09.2026,USD,United States of America,US912797UW50,Sovereign,01.09.2026,NA,0.00,,3.695,,98.811579,100,USA,70’975’422’200,100,No,Yes,No,,0.00
US AMERICA 6.625% 15.02.2027,USD,United States of America,US912810EZ76,Sovereign,15.02.2027,NR,6.63,Semi-Annual,4.228,,102.023438,100,USA,9’521’971’000,100,No,No,No,87,1.56624
US AMERICA 1.375% 31.10.2028,USD,United States of America,US91282CDF59,Sovereign,31.10.2028,NA,1.38,Semi-Annual,3.898251,,93.921875,100,USA,67’761’325’000,100,No,Yes,No,10,0.03798
US AMERICA 3.625% 31.03.2028,USD,United States of America,US91282CGT27,Sovereign,31.03.2028,NA,3.63,Semi-Annual,3.879986,,99.425781,100,USA,42’999’809’700,100,No,Yes,No,41,0.40831
US AMERICA 3.375% 15.05.2033,USD,United States of America,US91282CHC82,Sovereign,15.05.2033,NA,3.38,Semi-Annual,4.208632,,94.636719,100,USA,108’332’778’100,100,No,Yes,No,179,1.64164
US AMERICA 3.625% 31.08.2030,USD,United States of America,US91282CNX55,Sovereign,31.08.2030,NA,3.63,Semi-Annual,4.00128,,98.269531,100,USA,78’448’335’700,100,No,Yes,No,71,0.71098
US AMERICA 2.125% 31.05.2026,USD,United States of America,US9128286X38,Sovereign,31.05.2026,NA,2.13,Semi-Annual,6.814005,,99.875,100,USA,34’012’566’900,100,No,Yes,No,163,0.94638
US AMERICA 0.625% 31.03.2027,USD,United States of America,US912828ZE35,Sovereign,31.03.2027,NA,0.63,Semi-Annual,3.959,,97.246094,100,USA,35’888’504’700,100,No,Yes,No,41,0.0704
US AMERICA 4.5% 15.11.2033,USD,United States of America,US91282CJJ18,Sovereign,15.11.2033,NA,4.50,Semi-Annual,4.235821,,101.328125,100,USA,114’678’295’900,100,No,Yes,No,179,2.18886
US AMERICA 3.125% 31.08.2029,USD,United States of America,US91282CFJ53,Sovereign,31.08.2029,NA,3.13,Semi-Annual,3.939145,,97.316406,100,USA,41’030’502’000,100,No,Yes,No,71,0.61291
US AMERICA 4.5% 15.02.2036,USD,United States of America,US912810FT08,Sovereign,15.02.2036,NR,4.50,Semi-Annual,4.3057,,101.074219,100,USA,26’397’130’000,100,No,Yes,No,87,1.06386
US AMERICA 0% 27.08.2026,USD,United States of America,US912797TY36,Sovereign,27.08.2026,NA,0.00,,3.670002,,98.870716,100,USA,79’882’216’100,100,No,Yes,No,,
US AMERICA 4.875% 31.10.2028,USD,United States of America,US91282CJF95,Sovereign,31.10.2028,NA,4.88,Semi-Annual,3.898976,,102.140625,100,USA,51’839’331’500,100,No,Yes,No,10,0.13467
US AMERICA 1.625% 30.09.2026,USD,United States of America,US912828YG91,Sovereign,30.09.2026,NA,1.63,Semi-Annual,4.231999,,99.164063,100,USA,35’324’210’400,100,No,Yes,No,41,0.18304
US AMERICA 2.75% 31.05.2029,USD,United States of America,US91282CES61,Sovereign,31.05.2029,NA,2.75,Semi-Annual,3.915567,,96.492188,100,USA,46’198’124’300,100,No,Yes,No,163,1.22473
US AMERICA 4.375% 15.12.2026,USD,United States of America,US91282CJP77,Sovereign,15.12.2026,NA,4.38,Semi-Annual,4.006,,100.414063,100,USA,49’998’646’500,100,No,Yes,No,148,1.76913
US AMERICA 2.75% 15.08.2032,USD,United States of America,US91282CFF32,Sovereign,15.08.2032,NA,2.75,Semi-Annual,4.160658,,92.046875,100,USA,119’549’203’200,100,No,Yes,No,87,0.65014
US AMERICA 0.875% 30.09.2026,USD,United States of America,US91282CCZ23,Sovereign,30.09.2026,NA,0.88,Semi-Annual,4.251001,,98.871094,100,USA,68’246’425’300,100,No,Yes,No,41,0.09856
US AMERICA 4.25% 30.11.2026,USD,United States of America,US91282CLY56,Sovereign,30.11.2026,NA,4.25,Semi-Annual,4.049,,100.304688,100,USA,64’571’790’700,100,No,Yes,No,163,1.89276
US AMERICA 0% 03.09.2026,USD,United States of America,US912797RS85,Sovereign,03.09.2026,NA,0.00,,3.662001,,98.801174,100,USA,130’574’924’900,100,No,Yes,No,67,0.00
US AMERICA 0% 04.06.2026,USD,United States of America,US912797SX61,Sovereign,04.06.2026,NA,0.00,,3.636001,,99.703103,100,USA,246’103’499’700,100,No,Yes,No,,
US AMERICA 0.75% 31.05.2026,USD,United States of America,US91282CCF68,Sovereign,31.05.2026,NA,0.75,Semi-Annual,6.963003,,99.773438,100,USA,65’231’141’000,100,No,Yes,No,163,0.33402
US AMERICA 4.125% 15.11.2032,USD,United States of America,US91282CFV81,Sovereign,15.11.2032,NA,4.13,Semi-Annual,4.175212,,99.496094,100,USA,111’255’140’400,100,No,Yes,No,179,2.00645
US AMERICA 1.625% 15.08.2029,USD,United States of America,US912828YB05,Sovereign,15.08.2029,NA,1.63,Semi-Annual,3.911688,,92.832031,100,USA,92’618’670’000,100,No,Yes,No,87,0.38417
US AMERICA 3.75% 31.08.2031,USD,United States of America,US91282CLJ89,Sovereign,31.08.2031,NA,3.75,Semi-Annual,4.061797,,98.226563,100,USA,47’498’483’900,100,No,Yes,No,71,0.7355
US AMERICA 0% 07.05.2026,USD,United States of America,US912797SP38,Sovereign,07.05.2026,NA,0.00,,3.622921,,99.98036,100,USA,257’634’877’800,100,No,Yes,No,3,0.00
US AMERICA 4.625% 30.04.2031,USD,United States of America,US91282CKN01,Sovereign,30.04.2031,NA,4.63,Semi-Annual,4.038698,,102.355469,100,USA,44’059’745’400,100,No,Yes,No,10,0.12776
US AMERICA 3.5% 30.11.2030,USD,United States of America,US91282CPN55,Sovereign,30.11.2030,NA,3.50,Semi-Annual,3.994,,97.679688,100,USA,78’004’638’600,100,No,Yes,No,,
US AMERICA 3.625% 31.12.2030,USD,United States of America,US91282CPR69,Sovereign,31.12.2030,NA,3.63,Semi-Annual,4.012479,,98.15625,100,USA,77’460’086’600,100,No,Yes,No,,
US AMERICA 3.5% 28.02.2031,USD,United States of America,US91282CQD64,Sovereign,28.02.2031,NA,3.50,Semi-Annual,4.009957,,97.558594,100,USA,78’385’492’100,100,No,Yes,No,,
US AMERICA 2.25% 15.02.2027,USD,United States of America,US912828V988,Sovereign,15.02.2027,NA,2.25,Semi-Annual,3.984999,,98.847656,100,USA,61’002’868’400,100,No,Yes,No,87,0.53193
US AMERICA 4% 31.01.2029,USD,United States of America,US91282CJW29,Sovereign,31.01.2029,NA,4.00,Semi-Annual,3.901267,,100.085938,100,USA,60’789’591’400,100,No,Yes,No,102,1.1087
US AMERICA 1.625% 30.11.2026,USD,United States of America,US912828YU85,Sovereign,30.11.2026,NA,1.63,Semi-Annual,4.06,,98.839844,100,USA,32’632’488’100,100,No,Yes,No,163,0.7237
US AMERICA 4.25% 28.02.2031,USD,United States of America,US91282CKC46,Sovereign,28.02.2031,NA,4.25,Semi-Annual,4.026161,,100.703125,100,USA,41’165’937’800,100,No,Yes,No,71,0.83356
US AMERICA 0% 11.08.2026,USD,United States of America,US912797UT22,Sovereign,11.08.2026,NA,0.00,,3.661298,,99.024792,100,USA,69’769’193’500,100,No,Yes,No,,
US AMERICA 0% 11.06.2026,USD,United States of America,US912797QX89,Sovereign,11.06.2026,NA,0.00,,3.651,,99.631766,100,USA,298’805’362’100,100,No,Yes,No,151,0.00
US AMERICA 3.375% 15.09.2028,USD,United States of America,US91282CNY39,Sovereign,15.09.2028,NA,3.38,Semi-Annual,3.498,,3.498,100,USA,57’999’399’100,100,No,Yes,No,56,0.5221
US AMERICA 3.875% 15.07.2028,USD,United States of America,US91282CNM90,Sovereign,15.07.2028,NA,3.88,Semi-Annual,3.882172,,99.84375,100,USA,64’862’560’600,100,No,Yes,No,118,1.24253
US AMERICA 0.625% 15.05.2030,USD,United States of America,US912828ZQ64,Sovereign,15.05.2030,NA,0.63,Semi-Annual,3.988483,,87.382813,100,USA,109’704’721’500,100,No,Yes,No,179,0.30401
US AMERICA 3.875% 31.07.2027,USD,United States of America,US91282CNP22,Sovereign,31.07.2027,NA,3.88,Semi-Annual,3.798986,,100.019531,100,USA,72’888’287’500,100,No,Yes,No,102,1.07405
US AMERICA 4.625% 15.10.2026,USD,United States of America,US91282CJC64,Sovereign,15.10.2026,NA,4.63,Semi-Annual,4.147001,,100.410156,100,USA,42’449’811’500,100,No,Yes,No,26,0.33036
US AMERICA 4% 31.07.2030,USD,United States of America,US91282CHR51,Sovereign,31.07.2030,NA,4.00,Semi-Annual,3.983,,99.777344,100,USA,33’760’308’600,100,No,Yes,No,102,1.1087
US AMERICA 0% 14.05.2026,USD,United States of America,US912797QN08,Sovereign,14.05.2026,NA,0.00,,3.618575,,99.91137,100,USA,307’567’226’400,100,No,Yes,No,179,0.00
US AMERICA 2.75% 30.04.2027,USD,United States of America,US91282CEN74,Sovereign,30.04.2027,NA,2.75,Semi-Annual,3.731137,,99.003906,100,USA,54’915’875’700,100,No,Yes,No,10,0.07597
US AMERICA 3.875% 15.03.2028,USD,United States of America,US91282CMS79,Sovereign,15.03.2028,NA,3.88,Semi-Annual,3.876663,,99.890625,100,USA,58’981’363’000,100,No,Yes,No,56,0.59945
US AMERICA 3.625% 31.03.2030,USD,United States of America,US91282CGS44,Sovereign,31.03.2030,NA,3.63,Semi-Annual,3.971591,,98.554688,100,USA,33’994’910’500,100,No,Yes,No,41,0.40831
US AMERICA 3.875% 31.03.2027,USD,United States of America,US91282CMV09,Sovereign,31.03.2027,NA,3.88,Semi-Annual,3.989,,3.989,100,USA,70’776’196’800,100,No,Yes,No,41,0.43647
US AMERICA 4.25% 30.06.2029,USD,United States of America,US91282CKX82,Sovereign,30.06.2029,NA,4.25,Semi-Annual,3.922493,,100.773438,100,USA,72’149’783’400,100,No,Yes,No,133,1.53601
US AMERICA 1.25% 31.12.2026,USD,United States of America,US91282CDQ15,Sovereign,31.12.2026,NA,1.25,Semi-Annual,4.032,,98.421875,100,USA,63’499’191’500,100,No,Yes,No,133,0.45177
US AMERICA 0% 01.10.2026,USD,United States of America,US912797SA68,Sovereign,01.10.2026,NA,0.00,,3.672999,,98.519823,100,USA,134’245’063’699,100,No,Yes,No,39,0.00
US AMERICA 0% 21.07.2026,USD,United States of America,US912797UQ82,Sovereign,21.07.2026,NA,0.00,,3.638002,,99.237338,100,USA,69’475’491’100,100,No,Yes,No,,
US AMERICA 1.25% 15.08.2031,USD,United States of America,US91282CCS89,Sovereign,15.08.2031,NA,1.25,Semi-Annual,4.069285,,86.460938,100,USA,141’344’457’200,100,No,Yes,No,87,0.29552
US AMERICA 4.125% 31.03.2032,USD,United States of America,US91282CMT52,Sovereign,31.03.2032,NA,4.13,Semi-Annual,4.22,,4.22,100,USA,45’299’485’000,100,No,Yes,No,41,0.46463
US AMERICA 1.875% 30.06.2026,USD,United States of America,US9128287B09,Sovereign,30.06.2026,NA,1.88,Semi-Annual,5.044002,,99.71875,100,USA,33’828’122’100,100,No,Yes,No,133,0.67765
US AMERICA 4% 28.02.2030,USD,United States of America,US91282CGQ87,Sovereign,28.02.2030,NA,4.00,Semi-Annual,3.964273,,99.953125,100,USA,119’634’793’800,100,No,Yes,No,71,0.78453
US AMERICA 3.5% 15.03.2029,USD,United States of America,US91282CQE48,Sovereign,15.03.2029,NA,3.50,Semi-Annual,3.894035,,98.789063,100,USA,58’013’946’300,100,No,Yes,No,,
US AMERICA 3.5% 15.11.2028,USD,United States of America,US91282CPK17,Sovereign,15.11.2028,NA,3.50,Semi-Annual,3.596,,3.596,100,USA,67’032’853’800,100,No,Yes,No,,
US AMERICA 3.875% 31.12.2027,USD,United States of America,US91282CGC91,Sovereign,31.12.2027,NA,3.88,Semi-Annual,3.876109,,99.894531,100,USA,42’999’713’400,100,No,Yes,No,133,1.40048
US AMERICA 0% 17.09.2026,USD,United States of America,US912797UG01,Sovereign,17.09.2026,NA,0.00,,3.673,,98.659701,100,USA,83’173’511’600,100,No,Yes,No,,
US AMERICA 0% 09.07.2026,USD,United States of America,US912797RF64,Sovereign,09.07.2026,NA,0.00,,3.639113,,99.35578,100,USA,229’329’503’400,100,No,Yes,No,123,0.00
US AMERICA 4.375% 15.07.2027,USD,United States of America,US91282CKZ31,Sovereign,15.07.2027,NA,4.38,Semi-Annual,3.808,,100.605469,100,USA,65’460’277’900,100,No,Yes,No,118,1.40285
US AMERICA 0% 08.10.2026,USD,United States of America,US912797UJ40,Sovereign,08.10.2026,NA,0.00,,3.700019,,98.449047,100,USA,82’620’251’800,100,No,Yes,No,,
US AMERICA 4.125% 30.09.2027,USD,United States of America,US91282CFM82,Sovereign,30.09.2027,NA,4.13,Semi-Annual,3.82,,100.320313,100,USA,44’000’115’400,100,No,Yes,No,41,0.46463
US AMERICA 4.125% 30.11.2031,USD,United States of America,US91282CLZ22,Sovereign,30.11.2031,NA,4.13,Semi-Annual,4.078927,,99.910156,100,USA,46’942’484’600,100,No,Yes,No,163,1.83709
US AMERICA 4.125% 15.02.2036,USD,United States of America,US91282CPZ85,Sovereign,15.02.2036,NA,4.13,Semi-Annual,4.382,,97.59375,100,USA,138’825’915’100,100,No,Yes,No,,
US AMERICA 0% 21.05.2026,USD,United States of America,US912797SV06,Sovereign,21.05.2026,NA,0.00,,3.616054,,99.843183,100,USA,248’905’410’900,100,No,Yes,No,,
US AMERICA 0% 07.07.2026,USD,United States of America,US912797UN51,Sovereign,07.07.2026,NA,0.00,,3.638377,,99.375137,100,USA,69’215’215’400,100,No,Yes,No,,
US AMERICA 0% 18.06.2026,USD,United States of America,US912797TD98,Sovereign,18.06.2026,NA,0.00,,3.661726,,99.559298,100,USA,175’849’036’600,100,No,Yes,No,,
US AMERICA 0% 02.07.2026,USD,United States of America,US912797TF47,Sovereign,02.07.2026,NA,0.00,,3.646788,,99.425115,100,USA,175’623’917’500,100,No,Yes,No,,
US AMERICA 0% 12.05.2026,USD,United States of America,US912797TR84,Sovereign,12.05.2026,NA,0.00,,3.605012,,99.93126,100,USA,240’776’865’800,100,No,Yes,No,,
US AMERICA 1.125% 29.02.2028,USD,United States of America,US91282CBP59,Sovereign,29.02.2028,NA,1.13,Semi-Annual,3.876972,,95.097656,100,USA,75’418’148’500,100,No,Yes,No,71,0.22065
US AMERICA 1.125% 31.08.2028,USD,United States of America,US91282CCV19,Sovereign,31.08.2028,NA,1.13,Semi-Annual,3.896526,,93.765625,100,USA,69’172’802’900,100,No,Yes,No,71,0.22065
US AMERICA 1.75% 15.11.2029,USD,United States of America,US912828YS30,Sovereign,15.11.2029,NA,1.75,Semi-Annual,3.931053,,92.671875,100,USA,88’552’507’200,100,No,Yes,No,179,0.85122
US AMERICA 3.875% 30.09.2029,USD,United States of America,US91282CFL00,Sovereign,30.09.2029,NA,3.88,Semi-Annual,3.945721,,99.597656,100,USA,35’786’998’000,100,No,Yes,No,41,0.43647
US AMERICA 2.875% 15.05.2032,USD,United States of America,US91282CEP23,Sovereign,15.05.2032,NA,2.88,Semi-Annual,4.141791,,93.003906,100,USA,132’744’633’900,100,No,Yes,No,179,1.39844
US AMERICA 4.625% 30.06.2026,USD,United States of America,US91282CKY65,Sovereign,30.06.2026,NA,4.63,Semi-Annual,5.023002,,100.136719,100,USA,69’717’445’700,100,No,Yes,No,133,1.67154
US AMERICA 0.625% 31.07.2026,USD,United States of America,US91282CCP41,Sovereign,31.07.2026,NA,0.63,Semi-Annual,4.596999,,99.273438,100,USA,64’100’591’900,100,No,Yes,No,102,0.17323
US AMERICA 3.875% 31.12.2029,USD,United States of America,US91282CGB19,Sovereign,31.12.2029,NA,3.88,Semi-Annual,3.958732,,99.546875,100,USA,34’277’955’299,100,No,Yes,No,133,1.40048
US AMERICA 1.125% 28.02.2027,USD,United States of America,US912828ZB95,Sovereign,28.02.2027,NA,1.13,Semi-Annual,3.986,,97.890625,100,USA,36’747’323’900,100,No,Yes,No,71,0.22065
US AMERICA 1.25% 30.04.2028,USD,United States of America,US91282CBZ32,Sovereign,30.04.2028,NA,1.25,Semi-Annual,3.88736,,94.890625,100,USA,73’420’270’100,100,No,Yes,No,10,0.03453
US AMERICA 4.5% 31.12.2031,USD,United States of America,US91282CMC28,Sovereign,31.12.2031,NA,4.50,Semi-Annual,4.088696,,101.75,100,USA,44’208’080’300,100,No,Yes,No,133,1.62636
US AMERICA 3.875% 31.08.2032,USD,United States of America,US91282CNW72,Sovereign,31.08.2032,NA,3.88,Semi-Annual,4.156199,,98.152344,100,USA,49’310’201’500,100,No,Yes,No,71,0.76001
US AMERICA 3.875% 31.05.2027,USD,United States of America,US91282CNE74,Sovereign,31.05.2027,NA,3.88,Semi-Annual,3.960998,,100.050781,100,USA,76’432’775’700,100,No,Yes,No,163,1.72575
US AMERICA 3.75% 31.10.2032,USD,United States of America,US91282CPF22,Sovereign,31.10.2032,NA,3.75,Semi-Annual,4.170869,,97.410156,100,USA,46’526’428’000,100,No,Yes,No,10,0.10359
US AMERICA 4.625% 15.06.2027,USD,United States of America,US91282CKV27,Sovereign,15.06.2027,NA,4.63,Semi-Annual,3.792,,100.863281,100,USA,59’875’603’300,100,No,Yes,No,148,1.87022
US AMERICA 4.125% 31.07.2031,USD,United States of America,US91282CLD10,Sovereign,31.07.2031,NA,4.13,Semi-Annual,4.051124,,100.054688,100,USA,46’292’985’100,100,No,Yes,No,102,1.14334
US AMERICA 3.5% 15.02.2029,USD,United States of America,US91282CQA26,Sovereign,15.02.2029,NA,3.50,Semi-Annual,3.897332,,98.8125,100,USA,74’434’374’600,100,No,Yes,No,,
US AMERICA 0% 16.07.2026,USD,United States of America,US912797TN70,Sovereign,16.07.2026,NA,0.00,,3.636549,,99.285924,100,USA,172’036’989’100,100,No,Yes,No,,
US AMERICA 0% 02.06.2026,USD,United States of America,US912797TU14,Sovereign,02.06.2026,NA,0.00,,3.650715,,99.721163,100,USA,144’654’909’900,100,No,Yes,No,,
US AMERICA 0% 09.06.2026,USD,United States of America,US912797TZ01,Sovereign,09.06.2026,NA,0.00,,3.623001,,99.653423,100,USA,145’034’411’900,100,No,Yes,No,,
US AMERICA 0% 23.06.2026,USD,United States of America,US912797UB14,Sovereign,23.06.2026,NA,0.00,,3.64858,,99.512256,100,USA,145’192’274’700,100,No,Yes,No,,
US AMERICA 4.25% 15.03.2027,USD,United States of America,US91282CKE02,Sovereign,15.03.2027,NA,4.25,Semi-Annual,3.939,,100.421875,100,USA,55’201’866’700,100,No,Yes,No,56,0.65746
US AMERICA 2.75% 15.02.2028,USD,United States of America,US9128283W81,Sovereign,15.02.2028,NA,2.75,Semi-Annual,3.880252,,97.957031,100,USA,69’894’104’500,100,No,Yes,No,87,0.65014
US AMERICA 2% 15.11.2026,USD,United States of America,US912828U246,Sovereign,15.11.2026,NA,2.00,Semi-Annual,4.112,,99.109375,100,USA,64’287’574’900,100,No,Yes,No,179,0.97283
US AMERICA 0.375% 31.07.2027,USD,United States of America,US91282CAD39,Sovereign,31.07.2027,NA,0.38,Semi-Annual,3.844986,,95.796875,100,USA,48’738’101’100,100,No,Yes,No,102,0.10394
US AMERICA 3.5% 30.09.2026,USD,United States of America,US91282CLP40,Sovereign,30.09.2026,NA,3.50,Semi-Annual,4.232001,,99.914063,100,USA,70’419’958’500,100,No,Yes,No,41,0.39423
US AMERICA 2.625% 31.05.2027,USD,United States of America,US91282CET45,Sovereign,31.05.2027,NA,2.63,Semi-Annual,3.970998,,98.761719,100,USA,54’180’612’200,100,No,Yes,No,163,1.16906
US AMERICA 0% 30.07.2026,USD,United States of America,US912797TQ02,Sovereign,30.07.2026,NA,0.00,,3.668998,,99.144091,100,USA,175’733’056’700,100,No,Yes,No,,
US AMERICA 0.875% 15.11.2030,USD,United States of America,US91282CAV37,Sovereign,15.11.2030,NA,0.88,Semi-Annual,4.01037,,86.886719,100,USA,133’680’820’700,100,No,Yes,No,179,0.42561
US AMERICA 3.5% 15.02.2033,USD,United States of America,US91282CGM73,Sovereign,15.02.2033,NA,3.50,Semi-Annual,4.192516,,95.683594,100,USA,114’600’847’400,100,No,Yes,No,87,0.82745
US AMERICA 4.125% 31.07.2028,USD,United States of America,US91282CHQ78,Sovereign,31.07.2028,NA,4.13,Semi-Annual,3.881887,,100.371094,100,USA,42’999’671’100,100,No,Yes,No,102,1.14334
US AMERICA 3.125% 15.11.2028,USD,United States of America,US9128285M81,Sovereign,15.11.2028,NA,3.13,Semi-Annual,3.898417,,97.988281,100,USA,80’486’854’300,100,No,Yes,No,179,1.52004
US AMERICA 2.875% 15.08.2028,USD,United States of America,US9128284V99,Sovereign,15.08.2028,NA,2.88,Semi-Annual,3.884775,,97.667969,100,USA,73’273’710’100,100,No,Yes,No,87,0.67969
US AMERICA 2.25% 15.11.2027,USD,United States of America,US9128283F58,Sovereign,15.11.2027,NA,2.25,Semi-Annual,3.870997,,97.53125,100,USA,65’568’110’600,100,No,Yes,No,179,1.09443
US AMERICA 4.25% 15.11.2034,USD,United States of America,US91282CLW90,Sovereign,15.11.2034,NA,4.25,Semi-Annual,4.310919,,99.175781,100,USA,139’055’916’700,100,No,Yes,No,179,2.06726
US AMERICA 4% 31.01.2031,USD,United States of America,US91282CJX02,Sovereign,31.01.2031,NA,4.00,Semi-Annual,4.021135,,99.632813,100,USA,39’409’875’200,100,No,Yes,No,102,1.1087
US AMERICA 4.375% 31.08.2028,USD,United States of America,US91282CHX20,Sovereign,31.08.2028,NA,4.38,Semi-Annual,3.892722,,100.921875,100,USA,50’672’970’600,100,No,Yes,No,71,0.85808
US AMERICA 4.375% 15.05.2034,USD,United States of America,US91282CKQ32,Sovereign,15.05.2034,NA,4.38,Semi-Annual,4.270429,,100.328125,100,USA,132’755’968’000,100,No,Yes,No,179,2.12806
US AMERICA 3.5% 31.10.2027,USD,United States of America,US91282CPE56,Sovereign,31.10.2027,NA,3.50,Semi-Annual,3.847005,,99.4375,100,USA,72’960’428’500,100,No,Yes,No,10,0.09669
US AMERICA 3.75% 31.08.2026,USD,United States of America,US91282CLH24,Sovereign,31.08.2026,NA,3.75,Semi-Annual,4.370001,,99.996094,100,USA,66’428’642’800,100,No,Yes,No,71,0.7355
US AMERICA 4% 31.03.2030,USD,United States of America,US91282CMU26,Sovereign,31.03.2030,NA,4.00,Semi-Annual,3.966295,,99.867188,100,USA,72’023’524’700,100,No,Yes,No,41,0.45055
US AMERICA 3.5% 15.12.2028,USD,United States of America,US91282CPP04,Sovereign,15.12.2028,NA,3.50,Semi-Annual,3.611,,3.611,100,USA,58’000’253’800,100,No,Yes,No,,
US AMERICA 5.25% 15.02.2029,USD,United States of America,US912810FG86,Sovereign,15.02.2029,NR,5.25,Semi-Annual,3.896722,,103.355469,100,USA,11’350’341’000,100,No,No,No,87,1.24117
US AMERICA 1.625% 15.05.2026,USD,United States of America,US912828R366,Sovereign,15.05.2026,NA,1.63,Semi-Annual,4.393011,,99.929688,100,USA,66’871’759’100,100,No,Yes,No,179,0.79042
US AMERICA 4.125% 15.02.2027,USD,United States of America,US91282CKA89,Sovereign,15.02.2027,NA,4.13,Semi-Annual,3.971,,100.273438,100,USA,52’822’441’000,100,No,Yes,No,87,0.9752
US AMERICA 1.75% 31.12.2026,USD,United States of America,US912828YX25,Sovereign,31.12.2026,NA,1.75,Semi-Annual,4.029999,,98.738281,100,USA,35’011’701’400,100,No,Yes,No,133,0.63247
US AMERICA 4.25% 15.05.2035,USD,United States of America,US91282CNC19,Sovereign,15.05.2035,NA,4.25,Semi-Annual,4.306,,4.306,100,USA,140’129’876’700,100,No,Yes,No,179,2.06726
US AMERICA 3.375% 31.12.2027,USD,United States of America,US91282CPS43,Sovereign,31.12.2027,NA,3.38,Semi-Annual,3.498,,3.498,100,USA,76’351’783’500,100,No,Yes,No,,
US AMERICA 0.875% 30.06.2026,USD,United States of America,US91282CCJ80,Sovereign,30.06.2026,NA,0.88,Semi-Annual,5.155998,,99.558594,100,USA,70’259’271’800,100,No,Yes,No,133,0.31624
US AMERICA 3.625% 30.09.2030,USD,United States of America,US91282CPA35,Sovereign,30.09.2030,NA,3.63,Semi-Annual,3.985,,98.265625,100,USA,73’865’254’700,100,No,Yes,No,41,0.40831
US AMERICA 6.75% 15.08.2026,USD,United States of America,US912810EX29,Sovereign,15.08.2026,NR,6.75,Semi-Annual,5.414972,,100.632813,100,USA,8’810’418’000,100,No,No,No,87,1.59579
US AMERICA 4.125% 31.10.2029,USD,United States of America,US91282CLR06,Sovereign,31.10.2029,NA,4.13,Semi-Annual,3.941,,100.363281,100,USA,70’855’639’200,100,No,Yes,No,10,0.11395
US AMERICA 2.625% 31.07.2029,USD,United States of America,US91282CFC01,Sovereign,31.07.2029,NA,2.63,Semi-Annual,3.934833,,95.882813,100,USA,39’606’963’900,100,No,Yes,No,102,0.72758
US AMERICA 3.625% 31.08.2027,USD,United States of America,US91282CNV99,Sovereign,31.08.2027,NA,3.63,Semi-Annual,3.824,,99.675781,100,USA,75’355’191’100,100,No,Yes,No,71,0.71098
US AMERICA 0% 28.07.2026,USD,United States of America,US912797UR65,Sovereign,28.07.2026,NA,0.00,,3.625507,,99.171524,100,USA,69’726’929’000,100,No,Yes,No,,
US AMERICA 3.875% 31.03.2031,USD,United States of America,US91282CQG95,Sovereign,31.03.2031,NA,3.88,Semi-Annual,4.01971,,99.132813,100,USA,77’233’097’500,100,No,Yes,No,,
US AMERICA 4.125% 28.02.2027,USD,United States of America,US91282CMP31,Sovereign,28.02.2027,NA,4.13,Semi-Annual,3.971,,100.304688,100,USA,75’093’356’900,100,No,Yes,No,71,0.80905
US AMERICA 3.625% 15.08.2028,USD,United States of America,US91282CNU17,Sovereign,15.08.2028,NA,3.63,Semi-Annual,3.876755,,99.300781,100,USA,77’683’333’800,100,No,Yes,No,87,0.857
US AMERICA 3.75% 31.12.2030,USD,United States of America,US91282CJQ50,Sovereign,31.12.2030,NA,3.75,Semi-Annual,4.021504,,98.601563,100,USA,39’446’897’900,100,No,Yes,No,133,1.3553
US AMERICA 4.5% 15.05.2027,USD,United States of America,US91282CKR15,Sovereign,15.05.2027,NA,4.50,Semi-Annual,3.972986,,100.675781,100,USA,63’153’043’500,100,No,Yes,No,179,2.18886
US AMERICA 1.5% 15.02.2030,USD,United States of America,US912828Z948,Sovereign,15.02.2030,NA,1.50,Semi-Annual,3.953837,,91.230469,100,USA,87’401’595’700,100,No,Yes,No,87,0.35462
US AMERICA 3.75% 30.04.2027,USD,United States of America,US91282CMY48,Sovereign,30.04.2027,NA,3.75,Semi-Annual,3.736,,99.964844,100,USA,73’715’294’800,100,No,Yes,No,10,0.10359
US AMERICA 3.875% 31.12.2032,USD,United States of America,US91282CPQ86,Sovereign,31.12.2032,NA,3.88,Semi-Annual,4.180384,,97.960938,100,USA,48’688’412’000,100,No,Yes,No,,
US AMERICA 4.375% 30.11.2030,USD,United States of America,US91282CJM47,Sovereign,30.11.2030,NA,4.38,Semi-Annual,4.00,,101.226563,100,USA,39’411’696’300,100,No,Yes,No,163,1.94843
US AMERICA 4% 31.07.2032,USD,United States of America,US91282CNR87,Sovereign,31.07.2032,NA,4.00,Semi-Annual,4.149366,,98.871094,100,USA,46’916’552’300,100,No,Yes,No,102,1.1087
US AMERICA 4.375% 31.12.2029,USD,United States of America,US91282CMD01,Sovereign,31.12.2029,NA,4.38,Semi-Annual,3.954896,,101.203125,100,USA,70’388’986’200,100,No,Yes,No,133,1.58118
US AMERICA 3.625% 31.05.2028,USD,United States of America,US91282CHE49,Sovereign,31.05.2028,NA,3.63,Semi-Annual,3.885907,,99.359375,100,USA,49’268’154’200,100,No,Yes,No,163,1.61441
US AMERICA 1.5% 31.01.2027,USD,United States of America,US912828Z781,Sovereign,31.01.2027,NA,1.50,Semi-Annual,3.995,,98.375,100,USA,96’656’840’600,100,No,Yes,No,102,0.41576
US AMERICA 3.75% 30.06.2027,USD,United States of America,US91282CNL18,Sovereign,30.06.2027,NA,3.75,Semi-Annual,3.794,,99.90625,100,USA,75’863’430’700,100,No,Yes,No,133,1.3553
US AMERICA 0% 21.01.2027,USD,United States of America,US912797TM97,Sovereign,21.01.2027,NA,0.00,,3.667394,,97.45308,100,USA,52’160’061’400,100,No,Yes,No,,
US AMERICA 0% 04.08.2026,USD,United States of America,US912797US49,Sovereign,04.08.2026,NA,0.00,,3.648001,,99.098696,100,USA,69’367’142’300,100,No,Yes,No,,
US AMERICA 4.25% 31.03.2033,USD,United States of America,US91282CQF13,Sovereign,31.03.2033,NA,4.25,Semi-Annual,4.192078,,100.0625,100,USA,48’546’497’200,100,No,Yes,No,,
US AMERICA 3.5% 30.04.2028,USD,United States of America,US91282CHA27,Sovereign,30.04.2028,NA,3.50,Semi-Annual,3.881385,,99.148438,100,USA,47’182’513’200,100,No,Yes,No,10,0.09669
US AMERICA 4.125% 15.11.2027,USD,United States of America,US91282CLX73,Sovereign,15.11.2027,NA,4.13,Semi-Annual,3.86938,,100.285156,100,USA,71’180’446’200,100,No,Yes,No,179,2.00645
US AMERICA 4.25% 30.06.2031,USD,United States of America,US91282CKW00,Sovereign,30.06.2031,NA,4.25,Semi-Annual,4.045669,,100.644531,100,USA,45’531’296’400,100,No,Yes,No,133,1.53601
US AMERICA 0.625% 30.11.2027,USD,United States of America,US91282CAY75,Sovereign,30.11.2027,NA,0.63,Semi-Annual,3.867334,,95.007813,100,USA,63’156’886’200,100,No,Yes,No,163,0.27835
US AMERICA 5.375% 15.02.2031,USD,United States of America,US912810FP85,Sovereign,15.02.2031,NR,5.38,Semi-Annual,4.050395,,105.457031,100,USA,16’427’648’000,100,No,Yes,No,87,1.27072
US AMERICA 3.75% 31.12.2028,USD,United States of America,US91282CJR34,Sovereign,31.12.2028,NA,3.75,Semi-Annual,3.899003,,99.460938,100,USA,57’996’267’100,100,No,Yes,No,133,1.3553
US AMERICA 4.25% 28.02.2029,USD,United States of America,US91282CKD29,Sovereign,28.02.2029,NA,4.25,Semi-Annual,3.902831,,100.746094,100,USA,66’465’325’100,100,No,Yes,No,71,0.83356
US AMERICA 4.625% 30.09.2028,USD,United States of America,US91282CJA09,Sovereign,30.09.2028,NA,4.63,Semi-Annual,3.884406,,101.519531,100,USA,48’999’971’300,100,No,Yes,No,41,0.52095
US AMERICA 0.5% 31.10.2027,USD,United States of America,US91282CAU53,Sovereign,31.10.2027,NA,0.50,Semi-Annual,3.848005,,95.140625,100,USA,57’732’976’800,100,No,Yes,No,10,0.01381
US AMERICA 3.5% 15.10.2028,USD,United States of America,US91282CPC90,Sovereign,15.10.2028,NA,3.50,Semi-Annual,3.891289,,98.960938,100,USA,59’076’392’700,100,No,Yes,No,26,0.25
US AMERICA 1.375% 31.08.2026,USD,United States of America,US912828YD60,Sovereign,31.08.2026,NA,1.38,Semi-Annual,4.385999,,99.265625,100,USA,33’396’382’100,100,No,Yes,No,71,0.26968
US AMERICA 4.125% 31.05.2032,USD,United States of America,US91282CNF40,Sovereign,31.05.2032,NA,4.13,Semi-Annual,4.130732,,99.652344,100,USA,50’023’665’200,100,No,Yes,No,163,1.83709
US AMERICA 0% 18.03.2027,USD,United States of America,US912797UD79,Sovereign,18.03.2027,NA,0.00,,3.660926,,96.863558,100,USA,54’006’557’100,100,No,Yes,No,,
US AMERICA 1% 31.07.2028,USD,United States of America,US91282CCR07,Sovereign,31.07.2028,NA,1.00,Semi-Annual,3.886662,,93.730469,100,USA,66’695’658’600,100,No,Yes,No,102,0.27717
US AMERICA 4.625% 31.05.2031,USD,United States of America,US91282CKU44,Sovereign,31.05.2031,NA,4.63,Semi-Annual,4.046818,,102.355469,100,USA,46’211’832’500,100,No,Yes,No,163,2.05977
US AMERICA 0% 26.05.2026,USD,United States of America,US912797TT41,Sovereign,26.05.2026,NA,0.00,,3.612007,,99.7929,100,USA,231’089’486’200,100,No,Yes,No,,
US AMERICA 4.5% 15.04.2027,USD,United States of America,US91282CKJ98,Sovereign,15.04.2027,NA,4.50,Semi-Annual,3.937,,100.679688,100,USA,58’950’295’800,100,No,Yes,No,26,0.32143
US AMERICA 1.875% 28.02.2027,USD,United States of America,US91282CEC10,Sovereign,28.02.2027,NA,1.88,Semi-Annual,3.982,,98.492188,100,USA,55’897’784’800,100,No,Yes,No,71,0.36775
HONG KONG SAR 3.375% 07.06.2027,EUR,the Hong Kong Special Administrative Region Government,HK0000929676,Sovereign,07.06.2027,AA+,3.38,Annual,2.596621,,100.812,100’000,Hong Kong,750’000’000,1’000,No,Yes,No,334,3.0884
HONG KONG SAR 3.75% 07.06.2032,EUR,the Hong Kong Special Administrative Region Government,HK0000929684,Sovereign,07.06.2032,AA+,3.75,Annual,2.882715,,104.931,100’000,Hong Kong,750’000’000,1’000,No,Yes,No,334,3.4315
HONG KONG SAR 2.02% 07.03.2034,HKD,the Hong Kong Special Administrative Region Government,HK0000486388,Sovereign,07.03.2034,NA,2.02,Semi-Annual,2.747416,,94.808,50’000,Hong Kong,7’700’000’000,50’000,No,Yes,No,61,0.3376
HONG KONG SAR 0% 02.09.2026,HKD,the Hong Kong Special Administrative Region Government,HK0001268728,Sovereign,02.09.2026,NA,0.00,,2.280586,,99.265,500’000,Hong Kong,16’000’000’000,500’000,No,Yes,No,64,0.00
HONG KONG SAR 4.25% 07.06.2026,USD,the Hong Kong Special Administrative Region Government,USY3422VCY21,Sovereign,07.06.2026,AA+,4.25,Semi-Annual,4.004927,,100.0159,200’000,Hong Kong,500’000’000,1’000,No,Yes,No,148,1.7472
HONG KONG SAR 0% 27.05.2026,HKD,the Hong Kong Special Administrative Region Government,HK0001268470,Sovereign,27.05.2026,NA,0.00,,2.242401,,99.874,500’000,Hong Kong,68’057’000’000,500’000,No,Yes,No,71,0.00
HONG KONG SAR 0% 07.10.2026,HKD,the Hong Kong Special Administrative Region Government,HK0001285771,Sovereign,07.10.2026,NA,0.00,,2.288882,,99.054,500’000,Hong Kong,19’000’000’000,500’000,No,Yes,No,29,0.00
HONG KONG SAR 0% 16.09.2026,HKD,the Hong Kong Special Administrative Region Government,HK0001277398,Sovereign,16.09.2026,NA,0.00,,2.29084,,99.178,500’000,Hong Kong,14’000’000’000,500’000,No,Yes,No,50,0.00
HONG KONG SAR 0% 13.05.2026,HKD,the Hong Kong Special Administrative Region Government,HK0001221214,Sovereign,13.05.2026,NA,0.00,,2.252545,,99.962,500’000,Hong Kong,19’000’000’000,500’000,No,Yes,No,176,0.00
HONG KONG SAR 3.875% 11.01.2030,EUR,the Hong Kong Special Administrative Region Government,HK0000895901,Sovereign,11.01.2030,AA+,3.88,Annual,2.878214,,103.508,100’000,Hong Kong,500’000’000,1’000,No,Yes,No,116,1.2315
HONG KONG SAR 1.375% 02.02.2031,USD,the Hong Kong Special Administrative Region Government,USY3422VCS52,Sovereign,02.02.2031,AA+,1.38,Semi-Annual,4.023272,,88.3785,200’000,Hong Kong,1’000’000’000,1’000,No,Yes,No,93,0.3552
HONG KONG SAR 0% 15.07.2026,HKD,the Hong Kong Special Administrative Region Government,HK0001249215,Sovereign,15.07.2026,NA,0.00,,2.272486,,99.567,500’000,Hong Kong,19’800’000’000,500’000,No,Yes,No,113,0.00
HONG KONG SAR 0% 21.10.2026,HKD,the Hong Kong Special Administrative Region Government,HK0001206751,Sovereign,21.10.2026,NA,0.00,,2.290518,,98.968,500’000,Hong Kong,5’000’000’000,500’000,No,Yes,No,197,0.00
HONG KONG SAR 3.625% 12.11.2028,USD,the Hong Kong Special Administrative Region Government,HK0001201893,Sovereign,12.11.2028,AA+,3.63,Semi-Annual,3.879068,,99.405,200’000,Hong Kong,300’000’000,1’000,No,Yes,No,175,1.7622
HONG KONG SAR 2.16% 26.05.2027,HKD,the Hong Kong Special Administrative Region Government,HK0001146429,Sovereign,26.05.2027,NA,2.16,Semi-Annual,2.230696,,99.881,50’000,Hong Kong,1’200’000’000,50’000,No,Yes,No,162,0.9587
HONG KONG SAR 3.375% 24.07.2031,EUR,the Hong Kong Special Administrative Region Government,HK0001031944,Sovereign,24.07.2031,AA+,3.38,Annual,2.918086,,102.125,100’000,Hong Kong,750’000’000,1’000,No,Yes,No,287,2.6538
HONG KONG SAR 0% 26.08.2026,HKD,the Hong Kong Special Administrative Region Government,HK0001185773,Sovereign,26.08.2026,NA,0.00,,2.281373,,99.308,500’000,Hong Kong,5’000’000’000,500’000,No,Yes,No,253,0.00
HONG KONG SAR 0% 07.04.2027,HKD,the Hong Kong Special Administrative Region Government,HK0001285789,Sovereign,07.04.2027,NA,0.00,,2.24,,97.933,500’000,Hong Kong,4’000’000’000,500’000,No,Yes,No,29,0.00
HONG KONG SAR 2.5% 11.11.2027,HKD,the Hong Kong Special Administrative Region Government,HK0001201927,Sovereign,11.11.2027,AA+,2.50,Semi-Annual,2.605211,,99.906,1’000’000,Hong Kong,2’500’000’000,500’000,No,Yes,No,177,1.2123
HONG KONG SAR 0% 22.07.2026,HKD,the Hong Kong Special Administrative Region Government,HK0001293411,Sovereign,22.07.2026,NA,0.00,,2.280628,,99.523,500’000,Hong Kong,65’612’000’000,500’000,No,Yes,No,15,0.00
HONG KONG SAR 2.7% 15.05.2030,HKD,the Hong Kong Special Administrative Region Government,HK0001145983,Sovereign,15.05.2030,NA,2.70,Semi-Annual,2.413312,,101.02,50’000,Hong Kong,9’500’000’000,50’000,No,Yes,No,173,1.2797
HONG KONG SAR 0% 16.12.2026,HKD,the Hong Kong Special Administrative Region Government,HK0001232567,Sovereign,16.12.2026,NA,0.00,,2.260649,,98.621,500’000,Hong Kong,2’100’000’000,500’000,No,Yes,No,141,0.00
HONG KONG SAR 0% 23.09.2026,HKD,the Hong Kong Special Administrative Region Government,HK0001201539,Sovereign,23.09.2026,NA,0.00,,2.290017,,99.135,500’000,Hong Kong,5’000’000’000,500’000,No,Yes,No,225,0.00
HONG KONG SAR 2.24% 27.08.2029,HKD,the Hong Kong Special Administrative Region Government,HK0000212438,Sovereign,27.08.2029,AA+,2.24,Semi-Annual,2.432154,,99.391,50’000,Hong Kong,600’000’000,50’000,No,Yes,No,69,0.4235
HONG KONG SAR 0% 29.07.2026,HKD,the Hong Kong Special Administrative Region Government,HK0001256376,Sovereign,29.07.2026,NA,0.00,,2.278697,,99.48,500’000,Hong Kong,15’000’000’000,500’000,No,Yes,No,99,0.00
HONG KONG SAR 3.77% 26.05.2026,HKD,the Hong Kong Special Administrative Region Government,HK0001020806,Sovereign,26.05.2026,NA,3.77,Semi-Annual,2.217624,,100.076,50’000,Hong Kong,1’200’000’000,50’000,No,Yes,No,165,1.7042
HONG KONG SAR 0% 20.05.2026,HKD,the Hong Kong Special Administrative Region Government,HK0001221446,Sovereign,20.05.2026,NA,0.00,,2.27232,,99.917,500’000,Hong Kong,15’000’000’000,500’000,No,Yes,No,169,0.00
HONG KONG SAR 2.48% 28.02.2029,HKD,the Hong Kong Special Administrative Region Government,HK0000187234,Sovereign,28.02.2029,AA+,2.48,Semi-Annual,2.416163,,100.155,50’000,Hong Kong,600’000’000,50’000,No,Yes,No,68,0.462
HONG KONG SAR 1.89% 02.03.2032,HKD,the Hong Kong Special Administrative Region Government,HK0000329679,Sovereign,02.03.2032,NA,1.89,Semi-Annual,2.54536,,96.41,50’000,Hong Kong,5’700’000’000,50’000,No,Yes,No,66,0.3418
HONG KONG SAR 0% 08.07.2026,HKD,the Hong Kong Special Administrative Region Government,HK0001241816,Sovereign,08.07.2026,NA,0.00,,2.268691,,99.612,500’000,Hong Kong,19’800’000’000,500’000,No,Yes,No,120,0.00
HONG KONG SAR 0% 12.08.2026,HKD,the Hong Kong Special Administrative Region Government,HK0001179123,Sovereign,12.08.2026,NA,0.00,,2.279925,,99.393,500’000,Hong Kong,3’000’000’000,500’000,No,Yes,No,267,0.00
HONG KONG SAR 2.91% 07.02.2033,HKD,the Hong Kong Special Administrative Region Government,HK0001256640,Sovereign,07.02.2033,NA,2.91,Semi-Annual,2.548428,,102.17,50’000,Hong Kong,3’250’000’000,50’000,No,Yes,No,91,0.7255
HONG KONG SAR 0% 13.05.2026,HKD,the Hong Kong Special Administrative Region Government,HK0001262531,Sovereign,13.05.2026,NA,0.00,,2.253,,99.962,500’000,Hong Kong,65’865’000’000,500’000,No,Yes,No,85,0.00
HONG KONG SAR 0% 24.11.2026,EUR,the Hong Kong Special Administrative Region Government,HK0000789849,Sovereign,24.11.2026,AA+,0.00,,2.485435,,98.63,100’000,Hong Kong,1’250’000’000,1’000,No,Yes,No,164,0.00
HONG KONG SAR 1.75% 24.11.2031,USD,the Hong Kong Special Administrative Region Government,HK0000789823,Sovereign,24.11.2031,AA+,1.75,Semi-Annual,4.050309,,88.491,200’000,Hong Kong,1’000’000’000,1’000,No,Yes,No,163,0.7924
HONG KONG SAR 3.125% 10.06.2033,EUR,the Hong Kong Special Administrative Region Government,HK0001151015,Sovereign,10.06.2033,AA+,3.13,Annual,2.929447,,101.598,100’000,Hong Kong,1’000’000’000,1’000,No,Yes,No,331,2.8339
HONG KONG SAR 0% 09.09.2026,HKD,the Hong Kong Special Administrative Region Government,HK0001269197,Sovereign,09.09.2026,NA,0.00,,2.280003,,99.222,500’000,Hong Kong,15’600’000’000,500’000,No,Yes,No,57,0.00
HONG KONG SAR 0% 23.09.2026,HKD,the Hong Kong Special Administrative Region Government,HK0001285060,Sovereign,23.09.2026,NA,0.00,,2.290017,,99.135,500’000,Hong Kong,15’000’000’000,500’000,No,Yes,No,43,0.00
HONG KONG SAR 2.5% 11.11.2029,EUR,the Hong Kong Special Administrative Region Government,HK0001201901,Sovereign,11.11.2029,AA+,2.50,Semi-Annual,2.842395,,99.101,100’000,Hong Kong,300’000’000,1’000,No,Yes,No,177,1.2224
HONG KONG SAR 2.07% 26.08.2026,HKD,the Hong Kong Special Administrative Region Government,HK0000087145,Sovereign,26.08.2026,AA+,2.07,Semi-Annual,2.242197,,99.941,50’000,Hong Kong,600’000’000,50’000,No,Yes,No,70,0.397
HONG KONG SAR 0% 28.10.2026,HKD,the Hong Kong Special Administrative Region Government,HK0001293676,Sovereign,28.10.2026,NA,0.00,,2.29,,98.925,500’000,Hong Kong,15’000’000’000,500’000,No,Yes,No,8,0.00
HONG KONG SAR 0% 17.06.2026,HKD,the Hong Kong Special Administrative Region Government,HK0001277380,Sovereign,17.06.2026,NA,0.00,,2.251719,,99.744,500’000,Hong Kong,63’714’000’000,500’000,No,Yes,No,50,0.00
HONG KONG SAR 0% 29.07.2026,HKD,the Hong Kong Special Administrative Region Government,HK0001173605,Sovereign,29.07.2026,NA,0.00,,2.278697,,99.48,500’000,Hong Kong,5’000’000’000,500’000,No,Yes,No,281,0.00
HONG KONG SAR 0% 06.05.2026,HKD,the Hong Kong Special Administrative Region Government,HK0001220992,Sovereign,06.05.2026,NA,0.00,,2.130131,,99.993,500’000,Hong Kong,17’000’000’000,500’000,No,Yes,No,,
HONG KONG SAR 0% 10.02.2027,HKD,the Hong Kong Special Administrative Region Government,HK0001262556,Sovereign,10.02.2027,NA,0.00,,2.240396,,98.279,500’000,Hong Kong,3’000’000’000,500’000,No,Yes,No,85,0.00
HONG KONG SAR 3.19% 25.11.2026,HKD,the Hong Kong Special Administrative Region Government,HK0001085379,Sovereign,25.11.2026,NA,3.19,Semi-Annual,2.232151,,100.533,500’000,Hong Kong,1’200’000’000,500’000,No,Yes,No,163,1.4246
HONG KONG SAR 0% 10.06.2026,HKD,the Hong Kong Special Administrative Region Government,HK0001269189,Sovereign,10.06.2026,NA,0.00,,2.253061,,99.789,500’000,Hong Kong,64’371’000’000,500’000,No,Yes,No,57,0.00
HONG KONG SAR 2.49% 22.08.2028,HKD,the Hong Kong Special Administrative Region Government,HK0000159993,Sovereign,22.08.2028,AA+,2.49,Semi-Annual,2.404104,,100.166,50’000,Hong Kong,600’000’000,50’000,No,Yes,No,74,0.5048
HONG KONG SAR 2.77% 24.08.2026,HKD,the Hong Kong Special Administrative Region Government,HK0001051207,Sovereign,24.08.2026,NA,2.77,Semi-Annual,2.242262,,100.149,500’000,Hong Kong,1’200’000’000,500’000,No,Yes,No,74,0.5616
HONG KONG SAR 3.23% 05.12.2029,HKD,the Hong Kong Special Administrative Region Government,HK0001088944,Sovereign,05.12.2029,NA,3.23,Semi-Annual,2.379996,,102.826,50’000,Hong Kong,5’250’000’000,50’000,No,Yes,No,153,1.3539
HONG KONG SAR 1.25% 29.06.2027,HKD,the Hong Kong Special Administrative Region Government,HK0000345436,Sovereign,29.06.2027,NA,1.25,Semi-Annual,2.149438,,98.96,50’000,Hong Kong,16’600’000’000,50’000,No,Yes,No,129,0.4418
HONG KONG SAR 2.76% 25.04.2028,HKD,the Hong Kong Special Administrative Region Government,HK0001136313,Sovereign,25.04.2028,NA,2.76,Semi-Annual,2.24634,,100.952,50’000,Hong Kong,12’500’000’000,50’000,No,Yes,No,12,0.0907
HONG KONG SAR 2.4% 24.11.2027,HKD,the Hong Kong Special Administrative Region Government,HK0001221610,Sovereign,24.11.2027,NA,2.40,Semi-Annual,2.350568,,100.042,50’000,Hong Kong,1’200’000’000,50’000,No,Yes,No,164,1.0784
HONG KONG SAR 0% 22.07.2026,HKD,the Hong Kong Special Administrative Region Government,HK0001249769,Sovereign,22.07.2026,NA,0.00,,2.280628,,99.523,500’000,Hong Kong,12’600’000’000,500’000,No,Yes,No,106,0.00
HONG KONG SAR 0% 21.10.2026,HKD,the Hong Kong Special Administrative Region Government,HK0001293429,Sovereign,21.10.2026,NA,0.00,,2.290518,,98.968,500’000,Hong Kong,12’000’000’000,500’000,No,Yes,No,15,0.00
HONG KONG SAR 4% 07.06.2028,USD,the Hong Kong Special Administrative Region Government,USY3422VCZ95,Sovereign,07.06.2028,AA+,4.00,Semi-Annual,3.934375,,100.0098,200’000,Hong Kong,750’000’000,1’000,No,Yes,No,148,1.6444
HONG KONG SAR 0% 02.07.2026,HKD,the Hong Kong Special Administrative Region Government,HK0001161006,Sovereign,02.07.2026,NA,0.00,,2.262083,,99.65,500’000,Hong Kong,5’000’000’000,500’000,No,Yes,No,309,0.00
HONG KONG SAR 0% 14.10.2026,HKD,the Hong Kong Special Administrative Region Government,HK0001293064,Sovereign,14.10.2026,NA,0.00,,2.290854,,99.011,500’000,Hong Kong,19’000’000’000,500’000,No,Yes,No,22,0.00
HONG KONG SAR 0% 17.06.2026,HKD,the Hong Kong Special Administrative Region Government,HK0001232559,Sovereign,17.06.2026,NA,0.00,,2.251719,,99.744,500’000,Hong Kong,13’000’000’000,500’000,No,Yes,No,141,0.00
HONG KONG SAR 0% 15.07.2026,HKD,the Hong Kong Special Administrative Region Government,HK0001293056,Sovereign,15.07.2026,NA,0.00,,2.272486,,99.567,500’000,Hong Kong,69’637’000’000,500’000,No,Yes,No,22,0.00
HONG KONG SAR 0% 30.09.2026,HKD,the Hong Kong Special Administrative Region Government,HK0001285508,Sovereign,30.09.2026,NA,0.00,,2.289373,,99.093,500’000,Hong Kong,20’000’000’000,500’000,No,Yes,No,,
HONG KONG SAR 1.51% 24.02.2027,HKD,the Hong Kong Special Administrative Region Government,HK0000102316,Sovereign,24.02.2027,AA+,1.51,Semi-Annual,2.199635,,99.428,50’000,Hong Kong,600’000’000,50’000,No,Yes,No,72,0.2979
HONG KONG SAR 4.625% 11.01.2033,USD,the Hong Kong Special Administrative Region Government,USY3422VCW64,Sovereign,11.01.2033,AA+,4.63,Semi-Annual,4.356437,,101.1044,200’000,Hong Kong,1’000’000’000,1’000,No,Yes,No,114,1.4646
HONG KONG SAR 0% 13.01.2027,HKD,the Hong Kong Special Administrative Region Government,HK0001249223,Sovereign,13.01.2027,NA,0.00,,2.24,,98.45,500’000,Hong Kong,5’000’000’000,500’000,No,Yes,No,113,0.00
HONG KONG SAR 2.23% 23.02.2028,HKD,the Hong Kong Special Administrative Region Government,HK0001268421,Sovereign,23.02.2028,NA,2.23,Semi-Annual,2.397126,,99.679,50’000,Hong Kong,1’200’000’000,50’000,No,Yes,No,73,0.446
HONG KONG SAR 0% 27.05.2026,HKD,the Hong Kong Special Administrative Region Government,HK0001221800,Sovereign,27.05.2026,NA,0.00,,2.242401,,99.874,500’000,Hong Kong,15’000’000’000,500’000,No,Yes,No,162,0.00
HONG KONG SAR 0% 10.03.2027,HKD,the Hong Kong Special Administrative Region Government,HK0001269205,Sovereign,10.03.2027,NA,0.00,,2.240238,,98.103,500’000,Hong Kong,3’000’000’000,500’000,No,Yes,No,57,0.00
HONG KONG SAR 0% 06.05.2026,HKD,the Hong Kong Special Administrative Region Government,HK0001262036,Sovereign,06.05.2026,NA,0.00,,2.130131,,99.993,500’000,Hong Kong,64’253’000’000,500’000,No,Yes,No,,
HONG KONG SAR 2.89% 25.10.2027,HKD,the Hong Kong Special Administrative Region Government,HK0001075180,Sovereign,25.10.2027,NA,2.89,Semi-Annual,2.205868,,100.943,50’000,Hong Kong,7’500’000’000,50’000,No,Yes,No,,
HONG KONG SAR 0% 03.06.2026,HKD,the Hong Kong Special Administrative Region Government,HK0001155024,Sovereign,03.06.2026,NA,0.00,,2.242062,,99.831,500’000,Hong Kong,3’000’000’000,500’000,No,Yes,No,337,0.00
HONG KONG SAR 0% 10.06.2026,HKD,the Hong Kong Special Administrative Region Government,HK0001232187,Sovereign,10.06.2026,NA,0.00,,2.253061,,99.789,500’000,Hong Kong,14’000’000’000,500’000,No,Yes,No,148,0.00
HONG KONG SAR 0% 20.05.2026,HKD,the Hong Kong Special Administrative Region Government,HK0001268264,Sovereign,20.05.2026,NA,0.00,,2.27232,,99.917,500’000,Hong Kong,6’711’000’000,500’000,No,Yes,No,76,0.00
HONG KONG SAR 0% 08.07.2026,HKD,the Hong Kong Special Administrative Region Government,HK0001285763,Sovereign,08.07.2026,NA,0.00,,2.268691,,99.612,500’000,Hong Kong,70’440’000’000,500’000,No,Yes,No,29,0.00
HONG KONG SAR 0% 29.07.2026,HKD,the Hong Kong Special Administrative Region Government,HK0001293668,Sovereign,29.07.2026,NA,0.00,,2.279,,99.48,500’000,Hong Kong,64’347’000’000,500’000,No,Yes,No,8,0.00
HONG KONG SAR 4.125% 10.06.2030,USD,the Hong Kong Special Administrative Region Government,USY3422VDD74,Sovereign,10.06.2030,AA+,4.13,Semi-Annual,4.015525,,100.2028,200’000,Hong Kong,1’000’000’000,1’000,No,Yes,No,145,1.6615
HONG KONG SAR 0% 02.07.2026,HKD,the Hong Kong Special Administrative Region Government,HK0001241618,Sovereign,02.07.2026,NA,0.00,,2.262083,,99.65,500’000,Hong Kong,20’400’000’000,500’000,No,Yes,No,127,0.00
HONG KONG SAR 0% 26.08.2026,HKD,the Hong Kong Special Administrative Region Government,HK0001268488,Sovereign,26.08.2026,NA,0.00,,2.281373,,99.308,500’000,Hong Kong,14’600’000’000,500’000,No,Yes,No,71,0.00
HONG KONG SAR 3.34% 24.02.2027,HKD,the Hong Kong Special Administrative Region Government,HK0001111019,Sovereign,24.02.2027,NA,3.34,Semi-Annual,2.205084,,100.87,50’000,Hong Kong,1’200’000’000,50’000,No,Yes,No,72,0.6588
HONG KONG SAR 4% 07.06.2033,USD,the Hong Kong Special Administrative Region Government,USY3422VDA36,Sovereign,07.06.2033,AA+,4.00,Semi-Annual,4.36994,,97.5582,200’000,Hong Kong,1’000’000’000,1’000,No,Yes,No,148,1.6444
HONG KONG SAR 0% 18.11.2026,HKD,the Hong Kong Special Administrative Region Government,HK0001221453,Sovereign,18.11.2026,NA,0.00,,2.280573,,98.796,500’000,Hong Kong,5’000’000’000,500’000,No,Yes,No,169,0.00
HONG KONG SAR 0% 24.06.2026,HKD,the Hong Kong Special Administrative Region Government,HK0001285052,Sovereign,24.06.2026,NA,0.00,,2.258716,,99.70,500’000,Hong Kong,65’442’000’000,500’000,No,Yes,No,43,0.00
HONG KONG SAR 0% 03.06.2026,HKD,the Hong Kong Special Administrative Region Government,HK0001231908,Sovereign,03.06.2026,NA,0.00,,2.242062,,99.831,500’000,Hong Kong,13’000’000’000,500’000,No,Yes,No,155,0.00
HONG KONG SAR 3.84% 16.01.2035,HKD,the Hong Kong Special Administrative Region Government,HK0001101879,Sovereign,16.01.2035,NA,3.84,Semi-Annual,2.847327,,107.512,50’000,Hong Kong,2’000’000’000,50’000,No,Yes,No,111,1.1678
HONG KONG SAR 0% 05.08.2026,HKD,the Hong Kong Special Administrative Region Government,HK0001262044,Sovereign,05.08.2026,NA,0.00,,2.281328,,99.436,500’000,Hong Kong,14’000’000’000,500’000,No,Yes,No,92,0.00
HONG KONG SAR 2.13% 16.07.2030,HKD,the Hong Kong Special Administrative Region Government,HK0000257821,Sovereign,16.07.2030,AA+,2.13,Semi-Annual,2.45883,,98.63,50’000,Hong Kong,5’200’000’000,50’000,No,Yes,No,111,0.6478
HONG KONG SAR 1.85% 25.08.2027,HKD,the Hong Kong Special Administrative Region Government,HK0001185575,Sovereign,25.08.2027,NA,1.85,Semi-Annual,2.293493,,99.388,50’000,Hong Kong,1’200’000’000,50’000,No,Yes,No,71,0.3599
HONG KONG SAR 0% 02.07.2026,HKD,the Hong Kong Special Administrative Region Government,HK0001285490,Sovereign,02.07.2026,NA,0.00,,2.262083,,99.65,500’000,Hong Kong,69’491’000’000,500’000,No,Yes,No,36,0.00
HONG KONG SAR 0% 06.05.2026,HKD,the Hong Kong Special Administrative Region Government,HK0001145595,Sovereign,06.05.2026,NA,0.00,,2.130131,,99.993,500’000,Hong Kong,3’000’000’000,500’000,No,Yes,No,,
HONG KONG SAR 0% 24.06.2026,HKD,the Hong Kong Special Administrative Region Government,HK0001241360,Sovereign,24.06.2026,NA,0.00,,2.258716,,99.70,500’000,Hong Kong,19’800’000’000,500’000,No,Yes,No,134,0.00
HONG KONG SAR 0% 03.06.2026,HKD,the Hong Kong Special Administrative Region Government,HK0001268751,Sovereign,03.06.2026,NA,0.00,,2.242,,99.831,500’000,Hong Kong,66’119’000’000,500’000,No,Yes,No,64,0.00
HONG KONG SAR 4.5% 11.01.2028,USD,the Hong Kong Special Administrative Region Government,USY3422VCV81,Sovereign,11.01.2028,AA+,4.50,Semi-Annual,3.978803,,100.9142,200’000,Hong Kong,1’000’000’000,1’000,No,Yes,No,114,1.425
HONG KONG SAR 0% 12.08.2026,HKD,the Hong Kong Special Administrative Region Government,HK0001262549,Sovereign,12.08.2026,NA,0.00,,2.279925,,99.393,500’000,Hong Kong,16’000’000’000,500’000,No,Yes,No,85,0.00
HONG KONG SAR 1.97% 17.01.2029,HKD,the Hong Kong Special Administrative Region Government,HK0000474293,Sovereign,17.01.2029,NA,1.97,Semi-Annual,2.357951,,98.969,50’000,Hong Kong,4’700’000’000,50’000,No,Yes,No,110,0.5937
HONG KONG SAR 3.17% 24.07.2035,HKD,the Hong Kong Special Administrative Region Government,HK0001167730,Sovereign,24.07.2035,NA,3.17,Semi-Annual,2.848899,,102.564,50’000,Hong Kong,4’000’000’000,50’000,No,Yes,No,103,0.8945
