Name,Currency,Issuer,ISIN,Sector,Maturity,S&P Rating,Coupon,Coupon frequency,YTM (Ask),Ask,Minimum size,Country of issue,Amount issued,Increment size,Subordinated,EU Tax,W/Tax,Accrued days,Accrued interest
EGYPT 7.3% 30.09.2033,USD,Arab Republic of Egypt,XS2391395154,Sovereign,2033-09-30,B,7.300,Semi-Annual,7.612,98.375,200000,Egypt,1125000000,1000,No,Yes,No,36.000,0.730
EGYPT 7.5% 31.01.2027,USD,Arab Republic of Egypt,XS1558078736,Sovereign,2027-01-31,NaN,7.500,Semi-Annual,5.369,101.500,200000,Egypt,2000000000,1000,No,Yes,No,96.000,2.000
EGYPT 7.053% 15.01.2032,USD,Arab Republic of Egypt,XS2079842642,Sovereign,2032-01-15,B,7.050,Semi-Annual,7.158,99.375,200000,Egypt,1000000000,1000,No,Yes,No,111.000,2.175
EGYPT 5.875% 16.02.2031,USD,Arab Republic of Egypt,XS2297226545,Sovereign,2031-02-16,B,5.880,Semi-Annual,6.773,96.375,200000,Egypt,1500000000,1000,No,Yes,No,80.000,1.306
EGYPT 7% 10.11.2028,USD,Arab Republic of Egypt,XS1504948776,Sovereign,2028-10-11,NaN,7.000,Semi-Annual,6.290,101.625,200000,Egypt,1320000000,1000,No,Yes,No,176.000,3.422
EGYPT 7.6% 01.03.2029,USD,Arab Republic of Egypt,XS1953057061,Sovereign,2029-01-03,B,7.600,Semi-Annual,6.270,103.250,200000,Egypt,1750000000,1000,No,Yes,No,65.000,1.372
EGYPT 5.8% 30.09.2027,USD,Arab Republic of Egypt,XS2391394348,Sovereign,2027-09-30,B,5.800,Semi-Annual,5.513,100.375,200000,Egypt,1125000000,1000,No,Yes,No,36.000,0.580
EGYPT 8.625% 04.02.2030,USD,Arab Republic of Egypt,XS2989586941,Sovereign,2030-04-02,B,8.630,Semi-Annual,6.521,107.000,200000,Egypt,1250000000,1000,No,Yes,No,92.000,2.204
EGYPT 7.625% 29.05.2032,USD,Arab Republic of Egypt,XS2176897754,Sovereign,2032-05-29,B,7.630,Semi-Annual,7.416,100.875,200000,Egypt,1750000000,1000,No,Yes,No,157.000,3.325
EGYPT 7.625% 10.11.2030,USD,Arab Republic of Egypt,XS1903489463,Sovereign,2030-10-11,B,7.630,Semi-Annual,8.751,95.875,200000,Egypt,1710000000,1000,No,Yes,No,176.000,3.728
EGYPT 5.625% 16.04.2030,EUR,Arab Republic of Egypt,XS1807305328,Sovereign,2030-04-16,B,5.630,Annual,6.411,97.652,100000,Egypt,1000000000,1000,No,Yes,No,20.000,0.308
EGYPT 6.588% 21.02.2028,USD,Arab Republic of Egypt,XS1775618439,Sovereign,2028-02-21,B,6.590,Semi-Annual,5.763,101.250,200000,Egypt,1250000000,1000,No,Yes,No,75.000,1.373
EGYPT 7.125% 10.11.2026,USD,Arab Republic of Egypt,XS1903488572,Sovereign,2026-10-11,B,7.130,Semi-Annual,6.869,100.125,200000,Egypt,860000000,1000,No,Yes,No,176.000,3.483
EGYPT 6.375% 11.04.2031,EUR,Arab Republic of Egypt,XS1980255936,Sovereign,2031-11-04,B,6.380,Annual,6.669,99.356,100000,Egypt,1250000000,1000,No,Yes,No,25.000,0.437
EGYPT 9.45% 04.02.2033,USD,Arab Republic of Egypt,XS2990500766,Sovereign,2033-04-02,B,9.450,Semi-Annual,7.641,109.250,200000,Egypt,1250000000,1000,No,Yes,No,92.000,2.415
BARBADOS 8% 26.06.2035,USD,Barbados,USP48864AS47,Sovereign,2035-06-26,NaN,8.000,Semi-Annual,6.551,109.872,2000,Barbados,500000000,1000,No,Yes,No,129.000,2.867
BARBADOS 6.5% 01.10.2029,USD,Barbados,USP48864AQ80,Sovereign,2029-01-10,B+,6.500,Semi-Annual,5.996,100.875,100,Barbados,52270750,100,No,Yes,No,34.000,0.614
BOSNIA HERZEGOV 5.5% 17.07.2030,EUR,Bosnia and Herzegovina,XS3123478730,Sovereign,2030-07-17,B+,5.500,Annual,4.488,103.775,100000,Bosnia and Herz,350000000,1000,No,Yes,No,293.000,4.415
CANADA 0% 24.02.2027,CAD,Canada,CA1350Z7EW07,Sovereign,2027-02-24,NaN,0.000,NaN,2.485,97.979,1000,Canada,9200000000,1000,No,Yes,No,68.000,0.000
CANADA 0% 29.07.2026,CAD,Canada,CA1350Z7ES94,Sovereign,2026-07-29,NaN,0.000,NaN,2.221,99.483,1000,Canada,25400000000,1000,No,Yes,No,96.000,0.000
CANADA 1% 01.06.2027,CAD,Canada,CA135087F825,Sovereign,2027-01-06,AAA,1.000,Semi-Annual,2.665,98.160,1000,Canada,15490000000,1000,No,Yes,No,155.000,0.425
CANADA 0% 26.08.2026,CAD,Canada,CA1350Z7EV24,Sovereign,2026-08-26,NaN,0.000,NaN,2.225,99.312,1000,Canada,9200000000,1000,No,Yes,No,68.000,0.000
CANADA 5.75% 01.06.2029,CAD,Canada,CA135087WL43,Sovereign,2029-01-06,AAA,5.750,Semi-Annual,3.040,107.595,1000,Canada,10598959000,1000,No,No,No,155.000,2.442
CANADA 0% 17.06.2026,CAD,Canada,CA1350Z7EA86,Sovereign,2026-06-17,NaN,0.000,NaN,2.213,99.734,1000,Canada,22000000000,1000,No,Yes,No,142.000,0.000
CANADA 2.75% 01.05.2027,CAD,Canada,CA135087S885,Sovereign,2027-01-05,AAA,2.750,Semi-Annual,2.660,100.010,1000,Canada,25658430000,1000,No,Yes,No,4.000,0.030
CANADA 1.5% 01.06.2026,CAD,Canada,CA135087E679,Sovereign,2026-01-06,AAA,1.500,Semi-Annual,2.255,99.944,1000,Canada,13472000000,1000,No,Yes,No,155.000,0.637
CANADA 0% 07.10.2026,CAD,Canada,CA1350Z7EK68,Sovereign,2026-07-10,NaN,0.000,NaN,2.302,99.020,1000,Canada,10000000000,1000,No,Yes,No,208.000,0.000
CANADA 2.5% 01.12.2032,CAD,Canada,CA135087P329,Sovereign,2032-01-12,AAA,2.500,Semi-Annual,3.322,94.679,1000,Canada,21000000000,1000,No,Yes,No,162.000,1.110
CANADA 0% 02.07.2026,CAD,Canada,CA1350Z7EQ39,Sovereign,2026-02-07,NaN,0.000,NaN,2.210,99.645,1000,Canada,21000000000,1000,No,Yes,No,124.000,0.000
CANADA 1% 01.09.2026,CAD,Canada,CA135087L930,Sovereign,2026-01-09,AAA,1.000,Semi-Annual,2.400,99.553,1000,Canada,20599000000,1000,No,Yes,No,65.000,0.178
CANADA 3.5% 01.03.2028,CAD,Canada,CA135087P576,Sovereign,2028-01-03,AAA,3.500,Semi-Annual,2.875,100.916,1000,Canada,15000000000,1000,No,Yes,No,65.000,0.623
CANADA 3% 01.09.2031,CAD,Canada,CA135087U691,Sovereign,2031-01-09,AAA,3.000,Semi-Annual,3.202,98.590,1000,Canada,10000000000,1000,No,Yes,No,26.000,0.214
CANADA 3% 01.02.2027,CAD,Canada,CA135087S547,Sovereign,2027-01-02,AAA,3.000,Semi-Annual,2.531,100.303,1000,Canada,20971667000,1000,No,Yes,No,93.000,0.764
CANADA 4% 01.03.2029,CAD,Canada,CA135087Q988,Sovereign,2029-01-03,AAA,4.000,Semi-Annual,2.979,102.455,1000,Canada,27000000000,1000,No,Yes,No,65.000,0.712
CANADA 3.245% 24.08.2027,CAD,Canada,CA135087P733,Sovereign,2027-08-24,AAA,3.250,Semi-Annual,2.686,100.574,100,Canada,500000000,100,No,Yes,No,70.000,0.622
CANADA 3.5% 01.03.2034,CAD,Canada,CA135087R713,Sovereign,2034-01-03,AAA,3.500,Semi-Annual,3.374,100.255,1000,Canada,6000000000,1000,No,Yes,No,65.000,0.623
CANADA 1.25% 01.03.2027,CAD,Canada,CA135087M847,Sovereign,2027-01-03,AAA,1.250,Semi-Annual,2.559,98.891,1000,Canada,15966000000,1000,No,Yes,No,65.000,0.223
CANADA 5.75% 01.06.2033,CAD,Canada,CA135087XG49,Sovereign,2033-01-06,AAA,5.750,Semi-Annual,3.353,114.359,1000,Canada,11988905000,1000,No,Yes,No,155.000,2.442
CANADA 2.5% 01.05.2028,CAD,Canada,CA135087U444,Sovereign,2028-01-05,AAA,2.500,Semi-Annual,2.884,99.052,1000,Canada,29000000000,1000,No,Yes,No,4.000,0.027
CANADA 3.5% 01.09.2029,CAD,Canada,CA135087R895,Sovereign,2029-01-09,AAA,3.500,Semi-Annual,3.019,101.231,1000,Canada,30000000000,1000,No,Yes,No,65.000,0.623
CANADA 2.25% 01.06.2029,CAD,Canada,CA135087J397,Sovereign,2029-01-06,AAA,2.250,Semi-Annual,2.975,97.602,1000,Canada,12300000000,1000,No,Yes,No,155.000,0.956
CANADA 2.25% 01.02.2028,CAD,Canada,CA135087T958,Sovereign,2028-01-02,AAA,2.250,Semi-Annual,2.864,98.778,1000,Canada,30000000000,1000,No,Yes,No,93.000,0.573
CANADA 3.25% 01.12.2035,CAD,Canada,CA135087T537,Sovereign,2035-01-12,AAA,3.250,Semi-Annual,3.504,97.287,1000,Canada,42000000000,1000,No,Yes,No,155.000,1.380
CANADA 0% 20.05.2026,CAD,Canada,CA1350Z7D682,Sovereign,2026-05-20,NaN,0.000,NaN,2.206,99.903,1000,Canada,25200000000,1000,No,Yes,No,348.000,0.000
CANADA 3.25% 01.11.2026,CAD,Canada,CA135087S398,Sovereign,2026-01-11,AAA,3.250,Semi-Annual,2.410,100.394,1000,Canada,18957666000,1000,No,Yes,No,4.000,0.036
CANADA 3.75% 26.04.2028,USD,Canada,US135087Q560,Sovereign,2028-04-26,AAA,3.750,Semi-Annual,3.838,99.733,5000,Canada,4000000000,5000,No,Yes,No,9.000,0.094
CANADA 3% 01.06.2034,CAD,Canada,CA135087R481,Sovereign,2034-01-06,AAA,3.000,Semi-Annual,3.395,96.637,1000,Canada,34000000000,1000,No,Yes,No,155.000,1.274
CANADA 2.5% 01.11.2027,CAD,Canada,CA135087T610,Sovereign,2027-01-11,AAA,2.500,Semi-Annual,2.805,99.422,1000,Canada,30000000000,1000,No,Yes,No,4.000,0.027
CANADA 2.75% 01.03.2031,CAD,Canada,CA135087T792,Sovereign,2031-01-03,AAA,2.750,Semi-Annual,3.153,97.803,1000,Canada,42000000000,1000,No,Yes,No,65.000,0.490
CANADA 0% 21.10.2026,CAD,Canada,CA1350Z7E425,Sovereign,2026-10-21,NaN,0.000,NaN,2.410,98.870,1000,Canada,5800000000,1000,No,Yes,No,12.000,0.000
CANADA 8% 01.06.2027,CAD,Canada,CA135087VW17,Sovereign,2027-01-06,AAA,8.000,Semi-Annual,2.676,105.506,1000,Canada,3620841000,1000,No,No,No,155.000,3.397
CANADA 0% 12.08.2026,CAD,Canada,CA1350Z7EE09,Sovereign,2026-12-08,NaN,0.000,NaN,2.222,99.376,1000,Canada,12000000000,1000,No,Yes,No,NaN,NaN
CANADA 2% 01.06.2028,CAD,Canada,CA135087H235,Sovereign,2028-01-06,AAA,2.000,Semi-Annual,2.895,98.014,1000,Canada,13500000000,1000,No,Yes,No,155.000,0.849
CANADA 2.75% 01.06.2033,CAD,Canada,CA135087Q236,Sovereign,2033-01-06,AAA,2.750,Semi-Annual,3.343,95.753,1000,Canada,19000000000,1000,No,Yes,No,155.000,1.168
CANADA 4% 01.08.2026,CAD,Canada,CA135087R978,Sovereign,2026-01-08,AAA,4.000,Semi-Annual,2.299,100.411,1000,Canada,19323429000,1000,No,Yes,No,93.000,1.019
CANADA 2.75% 01.09.2030,CAD,Canada,CA135087T388,Sovereign,2030-01-09,AAA,2.750,Semi-Annual,3.115,98.162,1000,Canada,42000000000,1000,No,Yes,No,65.000,0.490
CANADA 4% 18.03.2030,USD,Canada,US43358BAB99,Sovereign,2030-03-18,AAA,4.000,Semi-Annual,3.945,99.970,5000,Canada,3500000000,5000,No,Yes,No,47.000,0.522
CANADA 3.25% 01.06.2035,CAD,Canada,CA135087S620,Sovereign,2035-01-06,AAA,3.250,Semi-Annual,3.464,97.703,1000,Canada,39000000000,1000,No,Yes,No,155.000,1.380
CANADA 1.5% 01.06.2031,CAD,Canada,CA135087M276,Sovereign,2031-01-06,AAA,1.500,Semi-Annual,3.199,91.718,1000,Canada,42000000000,1000,No,Yes,No,155.000,0.637
CANADA 2.75% 01.03.2030,CAD,Canada,CA135087S471,Sovereign,2030-01-03,AAA,2.750,Semi-Annual,3.067,98.542,1000,Canada,33000000000,1000,No,Yes,No,65.000,0.490
CANADA 0% 30.12.2026,CAD,Canada,CA1350Z7ER12,Sovereign,2026-12-30,NaN,0.000,NaN,2.418,98.407,1000,Canada,7600000000,1000,No,Yes,No,124.000,0.000
CANADA 0% 21.04.2027,CAD,Canada,CA1350Z7E599,Sovereign,2027-04-21,NaN,0.000,NaN,2.645,97.491,1000,Canada,5800000000,1000,No,Yes,No,12.000,0.000
CANADA 0% 24.03.2027,CAD,Canada,CA1350Z7EZ38,Sovereign,2027-03-24,NaN,0.000,NaN,2.526,97.748,1000,Canada,10400000000,1000,No,Yes,No,40.000,0.000
CANADA 1.5% 01.12.2031,CAD,Canada,CA135087N266,Sovereign,2031-01-12,AAA,1.500,Semi-Annual,3.242,90.787,1000,Canada,32000000000,1000,No,Yes,No,155.000,0.637
CANADA 0% 03.06.2026,CAD,Canada,CA1350Z7EN08,Sovereign,2026-03-06,NaN,0.000,NaN,2.204,99.820,1000,Canada,21200000000,1000,No,Yes,No,152.000,0.000
CANADA 2% 01.06.2032,CAD,Canada,CA135087N597,Sovereign,2032-01-06,AAA,2.000,Semi-Annual,3.287,92.504,1000,Canada,24000000000,1000,No,Yes,No,155.000,0.849
CANADA 3.25% 01.09.2028,CAD,Canada,CA135087Q491,Sovereign,2028-01-09,AAA,3.250,Semi-Annual,2.934,100.480,1000,Canada,20000000000,1000,No,Yes,No,65.000,0.579
CANADA 3% 01.03.2032,CAD,Canada,CA135087S968,Sovereign,2032-01-03,AAA,3.000,Semi-Annual,3.225,98.377,1000,Canada,3500000000,1000,No,Yes,No,65.000,0.534
CANADA 3.25% 01.03.2036,CAD,Canada,CA135087U360,Sovereign,2036-01-03,AAA,3.250,Semi-Annual,3.522,97.089,1000,Canada,2000000000,1000,No,Yes,No,65.000,0.579
CANADA 0.75% 19.05.2026,USD,Canada,US427028AB18,Sovereign,2026-05-19,AAA,0.750,Semi-Annual,3.645,99.888,5000,Canada,3500000000,5000,No,Yes,No,166.000,0.346
CANADA 4.625% 30.04.2029,USD,Canada,US43358BAA17,Sovereign,2029-04-30,AAA,4.630,Semi-Annual,3.886,101.909,5000,Canada,3000000000,5000,No,Yes,No,5.000,0.064
CANADA 3.25% 01.12.2033,CAD,Canada,CA135087Q723,Sovereign,2033-01-12,AAA,3.250,Semi-Annual,3.359,98.694,1000,Canada,21000000000,1000,No,Yes,No,155.000,1.380
CANADA 1.25% 01.06.2030,CAD,Canada,CA135087K379,Sovereign,2030-01-06,AAA,1.250,Semi-Annual,3.071,92.733,1000,Canada,44200000000,1000,No,Yes,No,155.000,0.531
CANADA 2.5% 01.08.2027,CAD,Canada,CA135087T461,Sovereign,2027-01-08,AAA,2.500,Semi-Annual,2.748,99.591,1000,Canada,29220667000,1000,No,Yes,No,93.000,0.637
CANADA 2.25% 01.12.2029,CAD,Canada,CA135087N670,Sovereign,2029-01-12,AAA,2.250,Semi-Annual,3.018,97.118,1000,Canada,5000000000,1000,No,Yes,No,155.000,0.956
CANADA 0.5% 01.12.2030,CAD,Canada,CA135087L443,Sovereign,2030-01-12,AAA,0.500,Semi-Annual,3.139,88.461,1000,Canada,40000000000,1000,No,Yes,No,155.000,0.212
CANADA 0% 23.09.2026,CAD,Canada,CA1350Z7EY62,Sovereign,2026-09-23,NaN,0.000,NaN,2.287,99.115,1000,Canada,10400000000,1000,No,Yes,No,40.000,0.000
CANADA 0% 27.01.2027,CAD,Canada,CA1350Z7ET77,Sovereign,2027-01-27,NaN,0.000,NaN,2.456,98.192,1000,Canada,9000000000,1000,No,Yes,No,96.000,0.000
CANADA 0% 15.07.2026,CAD,Canada,CA1350Z7EC43,Sovereign,2026-07-15,NaN,0.000,NaN,2.222,99.565,1000,Canada,26400000000,1000,No,Yes,No,292.000,0.000
CANADA 3.25% 01.12.2034,CAD,Canada,CA135087S216,Sovereign,2034-01-12,AAA,3.250,Semi-Annual,3.427,98.065,1000,Canada,30000000000,1000,No,Yes,No,155.000,1.380
CANADA 0% 04.11.2026,CAD,Canada,CA1350Z7EM25,Sovereign,2026-04-11,NaN,0.000,NaN,2.332,98.826,1000,Canada,9400000000,1000,No,Yes,No,180.000,0.000
CANADA 0% 02.12.2026,CAD,Canada,CA1350Z7EP55,Sovereign,2026-02-12,NaN,0.000,NaN,2.371,98.622,1000,Canada,7800000000,1000,No,Yes,No,152.000,0.000
CANADA 0% 06.05.2026,CAD,Canada,CA1350Z7EL42,Sovereign,2026-06-05,NaN,0.000,NaN,2.273,99.987,1000,Canada,26000000000,1000,No,Yes,No,NaN,NaN
CANADA 0% 09.09.2026,CAD,Canada,CA1350Z7EH30,Sovereign,2026-09-09,NaN,0.000,NaN,2.269,99.211,1000,Canada,10800000000,1000,No,Yes,No,236.000,0.000
CANADA 2.75% 01.09.2027,CAD,Canada,CA135087N837,Sovereign,2027-01-09,AAA,2.750,Semi-Annual,2.770,99.834,1000,Canada,16000000000,1000,No,Yes,No,65.000,0.490
AUSTRALIA 1.25% 21.05.2032,AUD,Commonwealth of Australia,AU0000075681,Sovereign,2032-05-21,NaN,1.250,Semi-Annual,4.797,81.739,1000,Australia,43200000000,1000,No,Yes,No,166.000,0.573
AUSTRALIA 2.5% 21.05.2030,AUD,Commonwealth of Australia,AU0000013740,Sovereign,2030-05-21,NaN,2.500,Semi-Annual,4.656,92.041,1000,Australia,43000000000,1000,No,Yes,No,166.000,1.146
AUSTRALIA 2.75% 21.11.2028,AUD,Commonwealth of Australia,AU000XCLWAU3,Sovereign,2028-11-21,NaN,2.750,Semi-Annual,4.665,95.437,1000,Australia,45100000000,1000,No,Yes,No,166.000,1.261
AUSTRALIA 2.25% 21.05.2028,AUD,Commonwealth of Australia,AU000XCLWAR9,Sovereign,2028-05-21,NaN,2.250,Semi-Annual,4.674,95.253,1000,Australia,37900000000,1000,No,Yes,No,166.000,1.032
AUSTRALIA 0% 24.07.2026,AUD,Commonwealth of Australia,AU2CLT240764,Sovereign,2026-07-24,NaN,0.000,NaN,4.319,99.056,5000,Australia,6000000000,5000,No,Yes,Yes,109.000,0.000
AUSTRALIA 1% 21.11.2031,AUD,Commonwealth of Australia,AU0000101792,Sovereign,2031-11-21,NaN,1.000,Semi-Annual,4.718,81.907,1000,Australia,45500000000,1000,No,Yes,No,166.000,0.459
AUSTRALIA 2.75% 21.06.2035,AUD,Commonwealth of Australia,AU000XCLWAM0,Sovereign,2035-06-21,NaN,2.750,Semi-Annual,4.947,83.789,1000,Australia,30850000000,1000,No,Yes,No,136.000,1.027
AUSTRALIA 3.5% 21.12.2034,AUD,Commonwealth of Australia,AU0000274706,Sovereign,2034-12-21,NaN,3.500,Semi-Annual,4.920,89.936,1000,Australia,29200000000,1000,No,Yes,Yes,143.000,1.367
AUSTRALIA 0% 07.08.2026,AUD,Commonwealth of Australia,AU2CLT070864,Sovereign,2026-07-08,NaN,0.000,NaN,4.389,98.879,5000,Australia,2000000000,5000,No,Yes,Yes,67.000,0.000
AUSTRALIA 4.25% 21.03.2036,AUD,Commonwealth of Australia,AU0000381832,Sovereign,2036-03-21,NaN,4.250,Semi-Annual,5.014,94.393,1000,Australia,25300000000,1000,No,Yes,No,46.000,0.531
AUSTRALIA 1.75% 21.11.2032,AUD,Commonwealth of Australia,AU0000143901,Sovereign,2032-11-21,NaN,1.750,Semi-Annual,4.794,82.930,1000,Australia,32500000000,1000,No,Yes,No,166.000,0.802
AUSTRALIA 0% 21.08.2026,AUD,Commonwealth of Australia,AU2CLT210866,Sovereign,2026-08-21,NaN,0.000,NaN,4.419,98.702,5000,Australia,4000000000,5000,No,Yes,Yes,95.000,0.000
AUSTRALIA 0% 22.05.2026,AUD,Commonwealth of Australia,AU2CLT220568,Sovereign,2026-05-22,NaN,0.000,NaN,4.169,99.806,5000,Australia,8000000000,5000,No,Yes,Yes,137.000,0.000
AUSTRALIA 3.25% 21.04.2029,AUD,Commonwealth of Australia,AU3TB0000150,Sovereign,2029-04-21,NaN,3.250,Semi-Annual,4.656,96.174,1000,Australia,43499786000,1000,No,Yes,No,15.000,0.133
AUSTRALIA 0% 08.05.2026,AUD,Commonwealth of Australia,AU2CLT080566,Sovereign,2026-08-05,NaN,0.000,NaN,4.209,99.965,5000,Australia,6500000000,5000,No,Yes,Yes,151.000,0.000
AUSTRALIA 1% 21.12.2030,AUD,Commonwealth of Australia,AU0000087454,Sovereign,2030-12-21,NaN,1.000,Semi-Annual,4.669,84.791,1000,Australia,45600000000,1000,No,Yes,No,136.000,0.374
AUSTRALIA 0% 12.06.2026,AUD,Commonwealth of Australia,AU2CLT120669,Sovereign,2026-12-06,NaN,0.000,NaN,4.299,99.552,5000,Australia,7000000000,5000,No,Yes,Yes,102.000,0.000
AUSTRALIA 0% 11.09.2026,AUD,Commonwealth of Australia,AU2CLT110967,Sovereign,2026-11-09,NaN,0.000,NaN,4.439,98.455,5000,Australia,3000000000,5000,No,Yes,Yes,7.000,0.000
AUSTRALIA 0% 10.07.2026,AUD,Commonwealth of Australia,AU2CLT100760,Sovereign,2026-10-07,NaN,0.000,NaN,4.359,99.214,5000,Australia,5000000000,5000,No,Yes,Yes,53.000,0.000
AUSTRALIA 1.5% 21.06.2031,AUD,Commonwealth of Australia,AU0000047003,Sovereign,2031-06-21,NaN,1.500,Semi-Annual,4.692,85.480,1000,Australia,46000000000,1000,No,Yes,No,136.000,0.560
AUSTRALIA 3% 21.11.2033,AUD,Commonwealth of Australia,AU0000217101,Sovereign,2033-11-21,NaN,3.000,Semi-Annual,4.847,88.256,1000,Australia,28200000000,1000,No,Yes,No,166.000,1.376
AUSTRALIA 4.25% 21.12.2035,AUD,Commonwealth of Australia,AU0000345241,Sovereign,2035-12-21,NaN,4.250,Semi-Annual,4.957,94.397,1000,Australia,23900000000,1000,No,Yes,No,136.000,1.588
AUSTRALIA 0% 26.06.2026,AUD,Commonwealth of Australia,AU2CLT260663,Sovereign,2026-06-26,NaN,0.000,NaN,4.349,99.381,5000,Australia,6000000000,5000,No,Yes,Yes,81.000,0.000
AUSTRALIA 4.5% 21.04.2033,AUD,Commonwealth of Australia,AU000XCLWAG2,Sovereign,2033-04-21,NaN,4.500,Semi-Annual,4.805,98.080,1000,Australia,26700000000,1000,No,Yes,No,15.000,0.184
AUSTRALIA 4.25% 21.06.2034,AUD,Commonwealth of Australia,AU3TB0000200,Sovereign,2034-06-21,NaN,4.250,Semi-Annual,4.879,95.578,1000,Australia,10000000000,1000,No,Yes,No,136.000,1.588
AUSTRALIA 2.75% 21.11.2027,AUD,Commonwealth of Australia,AU000XCLWAQ1,Sovereign,2027-11-21,NaN,2.750,Semi-Annual,4.684,97.113,1000,Australia,36000000000,1000,No,Yes,No,166.000,1.261
AUSTRALIA 3.75% 21.05.2034,AUD,Commonwealth of Australia,AU0000249302,Sovereign,2034-05-21,NaN,3.750,Semi-Annual,4.884,92.318,1000,Australia,25000000000,1000,No,Yes,Yes,166.000,1.720
AUSTRALIA 4.75% 21.04.2027,AUD,Commonwealth of Australia,AU3TB0000135,Sovereign,2027-04-21,NaN,4.750,Semi-Annual,4.678,100.065,1000,Australia,39399548000,1000,No,Yes,No,15.000,0.195
AUSTRALIA 0.5% 21.09.2026,AUD,Commonwealth of Australia,AU0000106411,Sovereign,2026-09-21,NaN,0.500,Semi-Annual,4.453,98.518,1000,Australia,39400000000,1000,No,Yes,No,51.000,0.070
AUSTRALIA 2.75% 21.11.2029,AUD,Commonwealth of Australia,AU000XCLWAX7,Sovereign,2029-11-21,NaN,2.750,Semi-Annual,4.655,93.815,1000,Australia,44500000000,1000,No,Yes,No,166.000,1.261
CZECH REPUBLIC 1% 26.06.2026,CZK,Czech Republic,CZ0001004469,Sovereign,2026-06-26,NaN,1.000,Annual,3.349,99.740,10000,Czech Republic,94236780000,10000,No,Yes,No,314.000,0.860
DOMINICAN REP 5.5% 22.02.2029,USD,Dominican Republic,USP3579ECP09,Sovereign,2029-02-22,BB,5.500,Semi-Annual,5.139,100.875,150000,Dominican Republic,1782000000,1000,No,Yes,No,73.000,1.115
DOMINICAN REP 4.875% 23.09.2032,USD,Dominican Republic,USP3579ECH82,Sovereign,2032-09-23,BB,4.880,Semi-Annual,5.750,95.375,150000,Dominican Republic,3066000000,1000,No,Yes,No,42.000,0.569
DOMINICAN REP 5.95% 25.01.2027,USD,Dominican Republic,USP3579EBV85,Sovereign,2027-01-25,BB,5.950,Semi-Annual,4.346,101.250,100000,Dominican Republic,1700000000,1000,No,Yes,No,100.000,1.653
DOMINICAN REP 4.5% 30.01.2030,USD,Dominican Republic,USP3579ECF27,Sovereign,2030-01-30,BB,4.500,Semi-Annual,5.357,97.000,150000,Dominican Republic,2000000000,1000,No,Yes,No,95.000,1.188
DOMINICAN REP 6.65% 27.12.2026,USD,Dominican Republic,XS2100776934,Sovereign,2026-12-27,NaN,6.650,Semi-Annual,5.735,100.670,1000,Dominican Republic,600000000,1000,No,Yes,No,130.000,2.375
DOMINICAN REP 8.625% 20.04.2027,USD,Dominican Republic,USP3579EAG28,Sovereign,2027-04-20,BB,8.630,Semi-Annual,4.316,104.125,100000,Dominican Republic,99999000,1000,No,Yes,No,15.000,0.359
DOMINICAN REP 7.05% 03.02.2031,USD,Dominican Republic,USP3579ECR64,Sovereign,2031-03-02,BB,7.050,Semi-Annual,5.517,106.125,150000,Dominican Republic,1200000000,1000,No,Yes,No,92.000,1.802
DOMINICAN REP 6% 22.02.2033,USD,Dominican Republic,USP3579ECN50,Sovereign,2033-02-22,BB,6.000,Semi-Annual,5.883,100.625,150000,Dominican Republic,1782000000,1000,No,Yes,No,73.000,1.217
DOMINICAN REP 5.875% 28.10.2035,USD,Dominican Republic,USP3579ECZ80,Sovereign,2035-10-28,BB,5.880,Semi-Annual,6.050,98.625,150000,Dominican Republic,1600000000,1000,No,Yes,No,7.000,0.114
DOMINICAN REP 5.75% 17.03.2034,USD,Dominican Republic,USP3579EDA21,Sovereign,2034-03-17,BB,5.750,Semi-Annual,5.989,98.375,150000,Dominican Republic,1250000000,1000,No,Yes,No,78.000,1.246
DOMINICAN REP 6% 19.07.2028,USD,Dominican Republic,USP3579ECB13,Sovereign,2028-07-19,BB,6.000,Semi-Annual,4.967,102.250,150000,Dominican Republic,1300000000,1000,No,Yes,No,106.000,1.767
BOLIVIA 4.5% 20.03.2028,USD,Estado Plurinacional de Bolivia,USP37878AC26,Sovereign,2028-03-20,CCC+,4.500,Semi-Annual,6.632,97.000,200000,Bolivia,666700000,1000,No,Yes,No,45.000,0.562
BOLIVIA 7.5% 02.03.2030,USD,Estado Plurinacional de Bolivia,USP37878AE81,Sovereign,2030-02-03,CCC+,7.500,Semi-Annual,8.546,97.000,200000,Bolivia,850000000,1000,No,Yes,No,63.000,1.312
NIGERIA 6.5% 28.11.2027,USD,FEDERAL REPUBLIC OF NIGERIA,XS1717011982,Sovereign,2027-11-28,B-,6.500,Semi-Annual,5.231,102.000,200000,Nigeria,1500000000,1000,No,Yes,No,158.000,2.853
NIGERIA 8.631% 13.01.2036,USD,FEDERAL REPUBLIC OF NIGERIA,XS3218072919,Sovereign,2036-01-13,B-,8.630,Semi-Annual,7.074,110.750,200000,Nigeria,1247465000,1000,No,Yes,No,173.000,4.148
NIGERIA 7.875% 16.02.2032,USD,FEDERAL REPUBLIC OF NIGERIA,XS1566179039,Sovereign,2032-02-16,B-,7.880,Semi-Annual,6.504,106.375,200000,Nigeria,1500000000,1000,No,Yes,No,80.000,1.750
NIGERIA 6.125% 28.09.2028,USD,FEDERAL REPUBLIC OF NIGERIA,XS2384698994,Sovereign,2028-09-28,B-,6.130,Semi-Annual,5.445,101.500,200000,Nigeria,1250000000,1000,No,Yes,No,38.000,0.646
NIGERIA 7.375% 28.09.2033,USD,FEDERAL REPUBLIC OF NIGERIA,XS2384701020,Sovereign,2033-09-28,B-,7.380,Semi-Annual,6.764,103.250,200000,Nigeria,1500000000,1000,No,Yes,No,38.000,0.778
NIGERIA 7.143% 23.02.2030,USD,FEDERAL REPUBLIC OF NIGERIA,XS1777972511,Sovereign,2030-02-23,B-,7.140,Semi-Annual,5.874,104.250,200000,Nigeria,1250000000,1000,No,Yes,No,73.000,1.448
NIGERIA 8.375% 24.03.2029,USD,FEDERAL REPUBLIC OF NIGERIA,XS2445169985,Sovereign,2029-03-24,B-,8.380,Semi-Annual,5.341,108.000,200000,Nigeria,1250000000,1000,No,Yes,No,42.000,0.977
NIGERIA 9.625% 09.06.2031,USD,FEDERAL REPUBLIC OF NIGERIA,XS2948511949,Sovereign,2031-09-06,B-,9.630,Semi-Annual,6.414,113.750,200000,Nigeria,700000000,1000,No,Yes,No,147.000,3.930
NIGERIA 8.747% 21.01.2031,USD,FEDERAL REPUBLIC OF NIGERIA,XS1910827887,Sovereign,2031-01-21,B-,8.750,Semi-Annual,6.405,109.500,200000,Nigeria,1000000000,1000,No,Yes,No,105.000,2.551
NIGERIA 10.375% 09.12.2034,USD,FEDERAL REPUBLIC OF NIGERIA,XS2948512913,Sovereign,2034-09-12,B-,10.380,Semi-Annual,7.087,120.875,200000,Nigeria,1500000000,1000,No,Yes,No,147.000,4.237
AUSTRIA 0.5% 20.04.2027,EUR,Federal Chancellery of Austria,AT0000A1VGK0,Sovereign,2027-04-20,AA+,0.500,Annual,2.493,98.040,1000,Austria,15799028000,1000,No,Yes,Yes,16.000,0.022
AUSTRIA 3.825% 16.03.2035,EUR,Federal Chancellery of Austria,XS3241239030,Sovereign,2035-03-16,AA+,3.830,Annual,3.352,103.143,100000,Austria,600000000,100000,No,Yes,No,51.000,0.534
AUSTRIA 0% 20.02.2031,EUR,Federal Chancellery of Austria,AT0000A2NW83,Sovereign,2031-02-20,AA+,0.000,Annual,2.840,87.230,1000,Austria,17949236000,1000,No,Yes,Yes,75.000,0.000
AUSTRIA 0.75% 20.02.2028,EUR,Federal Chancellery of Austria,AT0000A1ZGE4,Sovereign,2028-02-20,AA+,0.750,Annual,2.606,96.670,1000,Austria,14399317000,1000,No,Yes,Yes,75.000,0.154
AUSTRIA 0% 30.07.2026,EUR,Federal Chancellery of Austria,AT0000A3QTP8,Sovereign,2026-07-30,NaN,0.000,NaN,2.046,99.523,100,Austria,2000000000,100,No,Yes,Yes,97.000,0.000
AUSTRIA 2.9% 20.02.2033,EUR,Federal Chancellery of Austria,AT0000A324S8,Sovereign,2033-02-20,AA+,2.900,Annual,3.025,98.960,1000,Austria,18922283000,1000,No,Yes,Yes,75.000,0.596
AUSTRIA 4% 13.04.2035,EUR,Federal Chancellery of Austria,XS3241239543,Sovereign,2035-04-13,AA+,4.000,Annual,3.337,104.558,100000,Austria,500000000,100000,No,Yes,No,23.000,0.252
AUSTRIA 3.445% 02.03.2035,EUR,Federal Chancellery of Austria,XS3241239972,Sovereign,2035-02-03,AA+,3.450,Annual,3.352,100.276,100000,Austria,250000000,100000,No,Yes,No,65.000,0.614
AUSTRIA 2.4% 23.05.2034,EUR,Federal Chancellery of Austria,AT0000A10683,Sovereign,2034-05-23,AA+,2.400,Annual,3.126,94.640,1000,Austria,10429919000,1000,No,Yes,Yes,348.000,2.288
AUSTRIA 2.8% 20.09.2032,EUR,Federal Chancellery of Austria,AT0000A3NY15,Sovereign,2032-09-20,AA+,2.800,Annual,2.957,98.771,100,Austria,5202500000,100,No,Yes,Yes,246.000,1.887
AUSTRIA 6.25% 15.07.2027,EUR,Federal Chancellery of Austria,AT0000383864,Sovereign,2027-07-15,AA+,6.250,Annual,2.573,104.128,0,Austria,9899531002,0,No,Yes,Yes,295.000,5.051
AUSTRIA 0% 20.02.2030,EUR,Federal Chancellery of Austria,AT0000A2CQD2,Sovereign,2030-02-20,AA+,0.000,Annual,2.747,89.980,1000,Austria,14733848000,1000,No,Yes,Yes,75.000,0.000
AUSTRIA 2% 15.07.2026,EUR,Federal Chancellery of Austria,AT0000A308C5,Sovereign,2026-07-15,AA+,2.000,Annual,2.025,99.980,1000,Austria,4885124000,1000,No,Yes,Yes,295.000,1.616
AUSTRIA 0% 28.05.2026,EUR,Federal Chancellery of Austria,AT0000A3QTQ6,Sovereign,2026-05-28,NaN,0.000,NaN,1.901,99.884,100,Austria,2250000000,100,No,Yes,Yes,69.000,0.000
AUSTRIA 2.9% 20.02.2034,EUR,Federal Chancellery of Austria,AT0000A39UW5,Sovereign,2034-02-20,AA+,2.900,Annual,3.116,98.244,100,Austria,13796803700,100,No,Yes,Yes,75.000,0.596
AUSTRIA 3.56% 19.10.2029,EUR,Federal Chancellery of Austria,XS0749005186,Sovereign,2029-10-19,AA+,3.560,Annual,2.974,101.675,100000,Austria,109000000,100000,No,Yes,No,199.000,1.941
AUSTRIA 3.91% 05.04.2035,EUR,Federal Chancellery of Austria,XS3241238149,Sovereign,2035-05-04,AA+,3.910,Annual,3.352,103.806,100000,Austria,750000000,100000,No,Yes,No,31.000,0.332
AUSTRIA 0% 14.01.2032,EUR,Federal Chancellery of Austria,XS1627601906,Sovereign,2032-01-14,NaN,0.000,NaN,2.979,84.422,1,Austria,1108322805,1,No,Yes,No,112.000,0.000
AUSTRIA 2.5% 20.10.2029,EUR,Federal Chancellery of Austria,AT0000A3EPP2,Sovereign,2029-10-20,AA+,2.500,Annual,2.729,99.033,100,Austria,8975000000,100,No,Yes,Yes,198.000,1.356
AUSTRIA 0% 30.06.2027,EUR,Federal Chancellery of Austria,XS2648467145,Sovereign,2027-06-30,AA+,0.000,NaN,2.853,96.721,1,Austria,107320000,1,No,Yes,No,310.000,0.000
AUSTRIA 0.9% 20.02.2032,EUR,Federal Chancellery of Austria,AT0000A2WSC8,Sovereign,2032-02-20,AA+,0.900,Annual,2.932,89.070,1000,Austria,13974429000,1000,No,Yes,Yes,75.000,0.185
AUSTRIA 0.5% 20.02.2029,EUR,Federal Chancellery of Austria,AT0000A269M8,Sovereign,2029-02-20,AA+,0.500,Annual,2.661,94.070,1000,Austria,15741577000,1000,No,Yes,Yes,75.000,0.103
AUSTRIA 0% 24.09.2026,EUR,Federal Chancellery of Austria,AT0000A3QTR4,Sovereign,2026-09-24,NaN,0.000,NaN,2.174,99.135,100,Austria,1750000000,100,No,Yes,Yes,41.000,0.000
AUSTRIA 0.75% 20.10.2026,EUR,Federal Chancellery of Austria,AT0000A1K9C8,Sovereign,2026-10-20,AA+,0.750,Annual,2.240,99.287,1000,Austria,16955895000,1000,No,Yes,Yes,198.000,0.407
AUSTRIA 4% 11.05.2035,EUR,Federal Chancellery of Austria,XS3241239386,Sovereign,2035-11-05,AA+,4.000,Annual,3.352,104.535,100000,Austria,50000000,100000,No,Yes,No,360.000,3.945
AUSTRIA 5.375% 01.12.2034,CAD,Federal Chancellery of Austria,US052591AS38,Sovereign,2034-01-12,AA+,5.380,Semi-Annual,4.156,108.716,1000,Austria,300000000,1000,No,Yes,No,155.000,2.289
AUSTRIA 3.45% 20.10.2030,EUR,Federal Chancellery of Austria,AT0000A38239,Sovereign,2030-10-20,AA+,3.450,Annual,2.795,102.374,100,Austria,12762038300,100,No,Yes,Yes,198.000,1.871
AUSTRIA 0% 29.10.2026,EUR,Federal Chancellery of Austria,AT0000A3TF04,Sovereign,2026-10-29,NaN,0.000,NaN,2.243,98.880,100,Austria,1000000000,100,No,Yes,Yes,6.000,0.000
AUSTRIA 3.2% 20.02.2036,EUR,Federal Chancellery of Austria,AT0000A3RVH9,Sovereign,2036-02-20,AA+,3.200,Annual,3.289,98.716,100,Austria,8059643600,100,No,Yes,Yes,98.000,0.859
AUSTRIA 2.9% 23.05.2029,EUR,Federal Chancellery of Austria,AT0000A33SH3,Sovereign,2029-05-23,AA+,2.900,Annual,2.618,100.620,1000,Austria,7815324000,1000,No,Yes,Yes,348.000,2.765
AUSTRIA 0% 20.10.2028,EUR,Federal Chancellery of Austria,AT0000A2VB47,Sovereign,2028-10-20,AA+,0.000,Annual,2.649,93.625,1000,Austria,11766213000,1000,No,Yes,Yes,198.000,0.000
BRAZIL 3.75% 12.09.2031,USD,Federative Republic of Brazil,US105756CE88,Sovereign,2031-12-09,BB,3.750,Semi-Annual,5.154,93.375,200000,Brazil,1500000000,1000,No,Yes,No,53.000,0.552
BRAZIL 5.5% 04.02.2033,USD,Federative Republic of Brazil,US105756CP36,Sovereign,2033-04-02,BB,5.500,Semi-Annual,5.585,99.500,200000,Brazil,1500000000,1000,No,Yes,No,171.000,2.612
BRAZIL 6.25% 18.03.2031,USD,Federative Republic of Brazil,US105756CG37,Sovereign,2031-03-18,BB,6.250,Semi-Annual,4.991,105.125,200000,Brazil,2000000000,1000,No,Yes,No,47.000,0.816
BRAZIL 5.5% 06.11.2030,USD,Federative Republic of Brazil,US105756CM05,Sovereign,2030-06-11,BB,5.500,Semi-Annual,4.875,102.500,200000,Brazil,2250000000,1000,No,Yes,No,179.000,2.735
BRAZIL 8.25% 20.01.2034,USD,Federative Republic of Brazil,US105756BB58,Sovereign,2034-01-20,BB,8.250,Semi-Annual,5.566,116.500,1000,Brazil,1369310000,1000,No,Yes,No,105.000,2.406
BRAZIL 6% 20.10.2033,USD,Federative Republic of Brazil,US105756CF53,Sovereign,2033-10-20,BB,6.000,Semi-Annual,5.687,101.750,200000,Brazil,2250000000,1000,No,Yes,No,15.000,0.250
BRAZIL 3.875% 12.06.2030,USD,Federative Republic of Brazil,US105756CC23,Sovereign,2030-12-06,BB,3.880,Semi-Annual,4.755,96.500,200000,Brazil,3500000000,1000,No,Yes,No,143.000,1.539
BRAZIL 4.625% 13.01.2028,USD,Federative Republic of Brazil,US105756BZ27,Sovereign,2028-01-13,BB,4.630,Semi-Annual,4.083,100.750,200000,Brazil,3000000000,1000,No,Yes,No,112.000,1.439
BRAZIL 6.125% 15.03.2034,USD,Federative Republic of Brazil,US105756CH10,Sovereign,2034-03-15,BB,6.130,Semi-Annual,5.764,102.125,200000,Brazil,2250000000,1000,No,Yes,No,50.000,0.851
BRAZIL 4.875% 23.04.2033,EUR,Federative Republic of Brazil,XS3344411643,Sovereign,2033-04-23,BB,4.880,Annual,4.902,100.095,100000,Brazil,1500000000,1000,No,Yes,No,13.000,0.174
BRAZIL 6.125% 22.01.2032,USD,Federative Republic of Brazil,US105756CK49,Sovereign,2032-01-22,BB,6.130,Semi-Annual,5.327,103.750,200000,Brazil,2000000000,1000,No,Yes,No,103.000,1.752
BRAZIL 5.5% 23.04.2036,EUR,Federative Republic of Brazil,XS3344411726,Sovereign,2036-04-23,BB,5.500,Annual,5.373,101.089,100000,Brazil,1500000000,1000,No,Yes,No,13.000,0.196
BRAZIL 10.25% 10.01.2028,BRL,Federative Republic of Brazil,US105756BN96,Sovereign,2028-10-01,BB,10.250,Semi-Annual,10.452,99.510,250000,Brazil,4764785000,1000,No,Yes,No,115.000,3.274
BRAZIL 12.25% 06.03.2030,USD,Federative Republic of Brazil,US105756AL40,Sovereign,2030-06-03,BB,12.250,Semi-Annual,4.349,127.250,1000,Brazil,237592000,1000,No,No,No,59.000,2.008
BRAZIL 4.5% 30.05.2029,USD,Federative Republic of Brazil,US105756CA66,Sovereign,2029-05-30,BB,4.500,Semi-Annual,4.406,100.625,200000,Brazil,2000000000,1000,No,Yes,No,155.000,1.938
BRAZIL 4% 23.04.2030,EUR,Federative Republic of Brazil,XS3344411486,Sovereign,2030-04-23,BB,4.000,Annual,4.025,100.008,100000,Brazil,2000000000,1000,No,Yes,No,13.000,0.142
BRAZIL 6.625% 15.03.2035,USD,Federative Republic of Brazil,US105756CL22,Sovereign,2035-03-15,BB,6.630,Semi-Annual,5.962,104.375,200000,Brazil,4500000000,1000,No,Yes,No,50.000,0.920
BRAZIL 10.125% 15.05.2027,USD,Federative Republic of Brazil,US105756AE07,Sovereign,2027-05-15,BB,10.130,Semi-Annual,3.981,106.375,1000,Brazil,765023000,1000,No,Yes,No,170.000,4.781
PANAMA 6.875% 31.01.2036,USD,GOBIERNO DE LA REPUBLICA DE PANAMA,US698299BW36,Sovereign,2036-01-31,BBB-,6.880,Semi-Annual,5.431,110.467,200000,Panama,1000000000,1000,No,Yes,No,95.000,1.814
PANAMA 3.362% 30.06.2031,USD,GOBIERNO DE LA REPUBLICA DE PANAMA,USP90603AP97,Sovereign,2031-06-30,BBB-,3.360,Semi-Annual,5.205,92.138,1000,Panama,1250000000,1000,No,Yes,No,125.000,1.167
PANAMA 8.125% 28.04.2034,USD,GOBIERNO DE LA REPUBLICA DE PANAMA,US698299AT16,Sovereign,2034-04-28,BBB-,8.130,Semi-Annual,6.040,113.049,1000,Panama,84479000,1000,No,Yes,No,7.000,0.158
PANAMA 7.5% 01.03.2031,USD,GOBIERNO DE LA REPUBLICA DE PANAMA,US698299BX19,Sovereign,2031-01-03,BBB-,7.500,Semi-Annual,4.542,112.165,200000,Panama,389135000,1000,No,Yes,No,64.000,1.333
PANAMA 6.7% 26.01.2036,USD,GOBIERNO DE LA REPUBLICA DE PANAMA,US698299AW45,Sovereign,2036-01-26,BBB-,6.700,Semi-Annual,5.331,109.997,1000,Panama,2033893000,1000,No,Yes,No,99.000,1.843
PANAMA 9.375% 01.04.2029,USD,GOBIERNO DE LA REPUBLICA DE PANAMA,US698299AK07,Sovereign,2029-01-04,BBB-,9.380,Semi-Annual,4.388,113.332,1000,Panama,407335000,1000,No,Yes,No,34.000,0.885
PANAMA 6.4% 14.02.2035,USD,GOBIERNO DE LA REPUBLICA DE PANAMA,US698299BT07,Sovereign,2035-02-14,BBB-,6.400,Semi-Annual,5.331,107.244,200000,Panama,2300000000,1000,No,Yes,No,81.000,1.440
PANAMA 8.875% 30.09.2027,USD,GOBIERNO DE LA REPUBLICA DE PANAMA,US698299AD63,Sovereign,2027-09-30,BBB-,8.880,Semi-Annual,4.211,106.156,1000,Panama,975000000,1000,No,Yes,No,35.000,0.863
PANAMA 3.298% 19.01.2033,USD,GOBIERNO DE LA REPUBLICA DE PANAMA,US698299BR41,Sovereign,2033-01-19,BBB-,3.300,Semi-Annual,5.026,90.133,200000,Panama,1000000000,1000,No,Yes,No,106.000,0.971
PANAMA 3.16% 23.01.2030,USD,GOBIERNO DE LA REPUBLICA DE PANAMA,US698299BK97,Sovereign,2030-01-23,BBB-,3.160,Semi-Annual,4.527,95.242,200000,Panama,1550000000,1000,No,Yes,No,102.000,0.895
PANAMA 5.227% 23.02.2034,USD,GOBIERNO DE LA REPUBLICA DE PANAMA,US698299CB89,Sovereign,2034-02-23,BBB-,5.230,Semi-Annual,5.205,100.125,200000,Panama,1490000000,1000,No,Yes,No,72.000,1.045
PANAMA 3.875% 17.03.2028,USD,GOBIERNO DE LA REPUBLICA DE PANAMA,US698299BF03,Sovereign,2028-03-17,BBB-,3.880,Semi-Annual,4.348,99.031,200000,Panama,1253988000,1000,No,Yes,No,48.000,0.517
PANAMA 2.252% 29.09.2032,USD,GOBIERNO DE LA REPUBLICA DE PANAMA,US698299BN37,Sovereign,2032-09-29,BBB-,2.250,Semi-Annual,4.993,85.140,200000,Panama,2500000000,1000,No,Yes,No,36.000,0.225
BERMUDA 2.375% 20.08.2030,USD,GOVERNMENT OF BERMUDA,USG10367AE36,Sovereign,2030-08-20,A+,2.380,Semi-Annual,4.764,90.793,200000,Bermuda,675000000,1000,No,Yes,No,75.000,0.495
BERMUDA 5% 15.07.2032,USD,GOVERNMENT OF BERMUDA,USG10367AH66,Sovereign,2032-07-15,A+,5.000,Semi-Annual,4.833,101.087,200000,Bermuda,890000000,1000,No,Yes,No,115.000,1.597
BERMUDA 3.717% 25.01.2027,USD,GOVERNMENT OF BERMUDA,USG10367AD52,Sovereign,2027-01-25,A+,3.720,Semi-Annual,3.125,100.610,200000,Bermuda,604624000,1000,No,Yes,No,100.000,1.032
BERMUDA 4.75% 15.02.2029,USD,GOVERNMENT OF BERMUDA,USG10367AF01,Sovereign,2029-02-15,A+,4.750,Semi-Annual,4.594,100.427,200000,Bermuda,449268000,1000,No,Yes,No,80.000,1.056
GERMANY 2.4% 15.11.2030,EUR,"Germany, Federal Republic of (Government)",DE000BU27006,Sovereign,2030-11-15,NaN,2.400,Annual,2.714,98.424,0,Germany,28000000000,0,No,Yes,Yes,172.000,1.131
GERMANY 2.9% 18.06.2026,EUR,"Germany, Federal Republic of (Government)",DE000BU22056,Sovereign,2026-06-18,NaN,2.900,Annual,2.127,100.083,0,Germany,19000000000,0,No,Yes,Yes,322.000,2.558
GERMANY 2.3% 15.02.2033,EUR,"Germany, Federal Republic of (Government)",DE000BU3Z005,Sovereign,2033-02-15,NaN,2.300,Annual,2.835,96.436,0,Germany,13000000000,0,No,Yes,Yes,80.000,0.504
GERMANY 2.2% 11.03.2027,EUR,"Germany, Federal Republic of (Government)",DE000BU22080,Sovereign,2027-11-03,NaN,2.200,Annual,2.468,99.690,0,Germany,18500000000,0,No,Yes,Yes,56.000,0.338
GERMANY 4.75% 04.07.2034,EUR,"Germany, Federal Republic of (Government)",DE0001135226,Sovereign,2034-04-07,NR,4.750,Annual,2.895,112.937,0,Germany,24500000000,0,No,Yes,Yes,306.000,3.982
GERMANY 2.5% 15.02.2035,EUR,"Germany, Federal Republic of (Government)",DE000BU3Z047,Sovereign,2035-02-15,NaN,2.500,Annual,2.958,96.119,0,Germany,8000000000,0,No,Yes,Yes,80.000,0.548
GERMANY 0% 16.09.2026,EUR,"Germany, Federal Republic of (Government)",DE000BU0E337,Sovereign,2026-09-16,NaN,0.000,NaN,2.042,99.215,0,Germany,12000000000,0,No,Yes,Yes,231.000,0.000
GERMANY 2.1% 15.03.2028,EUR,"Germany, Federal Republic of (Government)",DE000BU22122,Sovereign,2028-03-15,NaN,2.100,Annual,2.605,98.919,0,Germany,22000000000,0,No,Yes,Yes,97.000,0.558
GERMANY 0% 15.05.2035,EUR,"Germany, Federal Republic of (Government)",DE0001102515,Sovereign,2035-05-15,NaN,0.000,Annual,2.991,76.334,0,Germany,23750000000,0,No,Yes,Yes,356.000,0.000
GERMANY 0% 15.11.2026,EUR,"Germany, Federal Republic of (Government)",DE0003811774,Sovereign,2026-11-15,NaN,0.000,NaN,3.760,98.043,0,Germany,252000000,0,No,Yes,Yes,171.000,0.000
GERMANY 0% 17.02.2027,EUR,"Germany, Federal Republic of (Government)",DE000BU0E386,Sovereign,2027-02-17,NaN,0.000,NaN,2.366,98.061,0,Germany,5000000000,0,No,Yes,Yes,77.000,0.000
GERMANY 0% 13.05.2026,EUR,"Germany, Federal Republic of (Government)",DE000BU0E295,Sovereign,2026-05-13,NaN,0.000,NaN,1.741,99.966,0,Germany,11000000000,0,No,Yes,Yes,357.000,0.000
GERMANY 0% 14.10.2026,EUR,"Germany, Federal Republic of (Government)",DE000BU0E345,Sovereign,2026-10-14,NaN,0.000,NaN,2.124,99.020,0,Germany,8500000000,0,No,Yes,Yes,203.000,0.000
GERMANY 0% 15.11.2028,EUR,"Germany, Federal Republic of (Government)",DE0001102556,Sovereign,2028-11-15,NaN,0.000,Annual,2.585,93.590,0,Germany,27000000000,0,No,Yes,Yes,172.000,0.000
GERMANY 0.25% 15.08.2028,EUR,"Germany, Federal Republic of (Government)",DE0001102457,Sovereign,2028-08-15,NaN,0.250,Annual,2.591,94.740,0,Germany,28500000000,0,No,Yes,Yes,264.000,0.181
GERMANY 0% 17.06.2026,EUR,"Germany, Federal Republic of (Government)",DE000BU0E303,Sovereign,2026-06-17,NaN,0.000,NaN,1.725,99.781,0,Germany,13500000000,0,No,Yes,Yes,322.000,0.000
GERMANY 4.75% 04.07.2028,EUR,"Germany, Federal Republic of (Government)",DE0001135085,Sovereign,2028-04-07,NR,4.750,Annual,2.551,104.397,0,Germany,13750000000,0,No,Yes,Yes,306.000,3.982
GERMANY 0% 15.08.2030,EUR,"Germany, Federal Republic of (Government)",DE0001030708,Sovereign,2030-08-15,NaN,0.000,Annual,2.648,89.205,0,Germany,11000000000,0,No,Yes,Yes,264.000,0.000
GERMANY 0% 15.08.2026,EUR,"Germany, Federal Republic of (Government)",DE0001102408,Sovereign,2026-08-15,NaN,0.000,Annual,2.175,99.389,0,Germany,32500000000,0,No,Yes,Yes,264.000,0.000
GERMANY 0% 14.04.2027,EUR,"Germany, Federal Republic of (Government)",DE000BU0E402,Sovereign,2027-04-14,NaN,0.000,NaN,2.378,97.690,0,Germany,3000000000,0,No,Yes,Yes,21.000,0.000
GERMANY 2.5% 16.04.2031,EUR,"Germany, Federal Republic of (Government)",DE000BU25067,Sovereign,2031-04-16,NaN,2.500,Annual,2.721,98.619,0,Germany,26000000000,0,No,Yes,Yes,111.000,0.760
GERMANY 0% 15.11.2027,EUR,"Germany, Federal Republic of (Government)",DE0003811782,Sovereign,2027-11-15,NaN,0.000,NaN,2.089,96.792,0,Germany,252000000,0,No,Yes,Yes,171.000,0.000
GERMANY 0% 15.11.2028,EUR,"Germany, Federal Republic of (Government)",DE0003811790,Sovereign,2028-11-15,NaN,0.000,NaN,2.959,92.783,0,Germany,252000000,0,No,Yes,Yes,171.000,0.000
GERMANY 5.5% 04.01.2031,EUR,"Germany, Federal Republic of (Government)",DE0001135176,Sovereign,2031-04-01,NR,5.500,Annual,2.684,111.937,0,Germany,21500000000,0,No,Yes,Yes,122.000,1.838
GERMANY 2.1% 15.11.2029,EUR,"Germany, Federal Republic of (Government)",DE0001102622,Sovereign,2029-11-15,NaN,2.100,Annual,2.672,97.887,0,Germany,26000000000,0,No,Yes,Yes,172.000,0.990
GERMANY 2.7% 17.09.2026,EUR,"Germany, Federal Republic of (Government)",DE000BU22064,Sovereign,2026-09-17,NaN,2.700,Annual,2.213,100.140,0,Germany,19000000000,0,No,Yes,Yes,231.000,1.709
GERMANY 2% 10.12.2026,EUR,"Germany, Federal Republic of (Government)",DE000BU22072,Sovereign,2026-10-12,NaN,2.000,Annual,2.363,99.740,0,Germany,19000000000,0,No,Yes,Yes,147.000,0.805
GERMANY 0% 17.03.2027,EUR,"Germany, Federal Republic of (Government)",DE000BU0E394,Sovereign,2027-03-17,NaN,0.000,NaN,2.341,97.899,0,Germany,5000000000,0,No,Yes,Yes,49.000,0.000
GERMANY 1.7% 15.08.2032,EUR,"Germany, Federal Republic of (Government)",DE0001102606,Sovereign,2032-08-15,NaN,1.700,Annual,2.789,93.517,0,Germany,28000000000,0,No,Yes,Yes,264.000,1.230
GERMANY 6.25% 04.01.2030,EUR,"Germany, Federal Republic of (Government)",DE0001135143,Sovereign,2030-04-01,NR,6.250,Annual,2.641,112.226,0,Germany,11750000000,0,No,Yes,Yes,122.000,2.089
GERMANY 2.1% 12.04.2029,EUR,"Germany, Federal Republic of (Government)",DE000BU25026,Sovereign,2029-12-04,NaN,2.100,Annual,2.640,98.312,0,Germany,25000000000,0,No,Yes,Yes,24.000,0.138
GERMANY 1.3% 15.10.2027,EUR,"Germany, Federal Republic of (Government)",DE0001030740,Sovereign,2027-10-15,NaN,1.300,Annual,2.539,98.136,0,Germany,9750000000,0,No,Yes,Yes,203.000,0.723
GERMANY 0% 15.11.2029,EUR,"Germany, Federal Republic of (Government)",DE0003811808,Sovereign,2029-11-15,NaN,0.000,NaN,2.560,91.328,0,Germany,252000000,0,No,Yes,Yes,171.000,0.000
GERMANY 0% 15.07.2026,EUR,"Germany, Federal Republic of (Government)",DE000BU0E311,Sovereign,2026-07-15,NaN,0.000,NaN,1.865,99.638,0,Germany,13500000000,0,No,Yes,Yes,294.000,0.000
GERMANY 0% 15.08.2029,EUR,"Germany, Federal Republic of (Government)",DE0001102473,Sovereign,2029-08-15,NaN,0.000,Annual,2.628,91.668,0,Germany,29500000000,0,No,Yes,Yes,264.000,0.000
GERMANY 0.5% 15.02.2028,EUR,"Germany, Federal Republic of (Government)",DE0001102440,Sovereign,2028-02-15,NaN,0.500,Annual,2.586,96.282,0,Germany,28500000000,0,No,Yes,Yes,80.000,0.110
GERMANY 0.25% 15.02.2029,EUR,"Germany, Federal Republic of (Government)",DE0001102465,Sovereign,2029-02-15,NaN,0.250,Annual,2.601,93.613,0,Germany,29500000000,0,No,Yes,Yes,80.000,0.055
GERMANY 0% 15.02.2031,EUR,"Germany, Federal Republic of (Government)",DE0001102531,Sovereign,2031-02-15,NaN,0.000,Annual,2.693,87.835,0,Germany,28000000000,0,No,Yes,Yes,80.000,0.000
GERMANY 2.4% 18.04.2030,EUR,"Germany, Federal Republic of (Government)",DE000BU25042,Sovereign,2030-04-18,NaN,2.400,Annual,2.694,98.673,0,Germany,32000000000,0,No,Yes,Yes,18.000,0.118
GERMANY 0% 15.02.2030,EUR,"Germany, Federal Republic of (Government)",DE0001102499,Sovereign,2030-02-15,NaN,0.000,Annual,2.667,90.316,0,Germany,28000000000,0,No,Yes,Yes,80.000,0.000
GERMANY 1.3% 15.10.2027,EUR,"Germany, Federal Republic of (Government)",DE0001141869,Sovereign,2027-10-15,NaN,1.300,Annual,2.572,98.098,0,Germany,30000000000,0,No,Yes,Yes,203.000,0.723
GERMANY 6.5% 04.07.2027,EUR,"Germany, Federal Republic of (Government)",DE0001135044,Sovereign,2027-04-07,NR,6.500,Annual,2.516,104.395,0,Germany,13750000000,0,No,Yes,Yes,306.000,5.449
GERMANY 2.2% 15.02.2034,EUR,"Germany, Federal Republic of (Government)",DE000BU2Z023,Sovereign,2034-02-15,BBB-,2.200,Annual,2.917,94.739,0,Germany,35000000000,0,No,Yes,Yes,80.000,0.482
GERMANY 2.6% 15.08.2034,EUR,"Germany, Federal Republic of (Government)",DE000BU2Z031,Sovereign,2034-08-15,NaN,2.600,Annual,2.937,97.192,0,Germany,35000000000,0,No,Yes,Yes,264.000,1.881
GERMANY 1.9% 16.09.2027,EUR,"Germany, Federal Republic of (Government)",DE000BU22106,Sovereign,2027-09-16,NaN,1.900,Annual,2.596,98.957,0,Germany,19000000000,0,No,Yes,Yes,293.000,1.525
GERMANY 2.4% 19.10.2028,EUR,"Germany, Federal Republic of (Government)",DE000BU25018,Sovereign,2028-10-19,NaN,2.400,Annual,2.617,99.307,0,Germany,29500000000,0,No,Yes,Yes,199.000,1.308
GERMANY 2.3% 15.02.2033,EUR,"Germany, Federal Republic of (Government)",DE000BU2Z007,Sovereign,2033-02-15,NaN,2.300,Annual,2.845,96.365,0,Germany,38250000000,0,No,Yes,Yes,80.000,0.504
GERMANY 0% 19.08.2026,EUR,"Germany, Federal Republic of (Government)",DE000BU0E329,Sovereign,2026-08-19,NaN,0.000,NaN,1.998,99.388,0,Germany,11500000000,0,No,Yes,Yes,259.000,0.000
GERMANY 2% 16.12.2027,EUR,"Germany, Federal Republic of (Government)",DE000BU22114,Sovereign,2027-12-16,NaN,2.000,Annual,2.599,98.905,0,Germany,21000000000,0,No,Yes,Yes,202.000,1.107
GERMANY 0% 15.11.2027,EUR,"Germany, Federal Republic of (Government)",DE0001102523,Sovereign,2027-11-15,NaN,0.000,Annual,2.553,96.095,0,Germany,22000000000,0,No,Yes,Yes,172.000,0.000
GERMANY 2.5% 11.10.2029,EUR,"Germany, Federal Republic of (Government)",DE000BU25034,Sovereign,2029-11-10,NaN,2.500,Annual,2.656,99.264,0,Germany,24000000000,0,No,Yes,Yes,207.000,1.418
GERMANY 2.2% 10.10.2030,EUR,"Germany, Federal Republic of (Government)",DE000BU25059,Sovereign,2030-10-10,NaN,2.200,Annual,2.707,97.644,0,Germany,31000000000,0,No,Yes,Yes,300.000,1.808
GERMANY 0% 16.04.2027,EUR,"Germany, Federal Republic of (Government)",DE0001141851,Sovereign,2027-04-16,NaN,0.000,Annual,2.509,97.597,0,Germany,22000000000,0,No,Yes,Yes,20.000,0.000
GERMANY 2.5% 15.11.2032,EUR,"Germany, Federal Republic of (Government)",DE000BU27014,Sovereign,2032-11-15,NaN,2.500,Annual,2.830,97.677,0,Germany,19000000000,0,No,Yes,Yes,250.000,1.712
GERMANY 0% 15.08.2031,EUR,"Germany, Federal Republic of (Government)",DE0001102564,Sovereign,2031-08-15,NaN,0.000,Annual,2.732,86.514,0,Germany,32000000000,0,No,Yes,Yes,264.000,0.000
GERMANY 1.7% 10.06.2027,EUR,"Germany, Federal Republic of (Government)",DE000BU22098,Sovereign,2027-10-06,NaN,1.700,Annual,2.571,98.969,0,Germany,18000000000,0,No,Yes,Yes,377.000,1.756
GERMANY 0.25% 15.02.2027,EUR,"Germany, Federal Republic of (Government)",DE0001102416,Sovereign,2027-02-15,NaN,0.250,Annual,2.415,98.264,0,Germany,30500000000,0,No,Yes,Yes,80.000,0.055
GERMANY 2.6% 15.08.2033,EUR,"Germany, Federal Republic of (Government)",DE000BU2Z015,Sovereign,2033-08-15,NaN,2.600,Annual,2.878,97.865,0,Germany,30500000000,0,No,Yes,Yes,264.000,1.881
GERMANY 2.5% 15.02.2035,EUR,"Germany, Federal Republic of (Government)",DE000BU2Z049,Sovereign,2035-02-15,NaN,2.500,Annual,2.961,96.079,0,Germany,35000000000,0,No,Yes,Yes,80.000,0.548
GERMANY 0% 09.10.2026,EUR,"Germany, Federal Republic of (Government)",DE0001141844,Sovereign,2026-09-10,NaN,0.000,Annual,2.279,99.012,0,Germany,24000000000,0,No,Yes,Yes,209.000,0.000
GERMANY 2.2% 13.04.2028,EUR,"Germany, Federal Republic of (Government)",DE000BU25000,Sovereign,2028-04-13,NaN,2.200,Annual,2.612,99.077,0,Germany,25000000000,0,No,Yes,Yes,23.000,0.139
GERMANY 2.5% 14.06.2028,EUR,"Germany, Federal Republic of (Government)",DE000BU22130,Sovereign,2028-06-14,NaN,2.500,Annual,2.621,99.560,0,Germany,6000000000,0,No,Yes,Yes,13.000,0.089
GERMANY 0% 15.08.2030,EUR,"Germany, Federal Republic of (Government)",DE0001102507,Sovereign,2030-08-15,NaN,0.000,Annual,2.673,89.109,0,Germany,33500000000,0,No,Yes,Yes,264.000,0.000
GERMANY 2.9% 15.02.2036,EUR,"Germany, Federal Republic of (Government)",DE000BU2Z064,Sovereign,2036-02-15,NaN,2.900,Annual,3.024,98.471,0,Germany,32500000000,0,No,Yes,Yes,117.000,0.930
GERMANY 0% 15.08.2031,EUR,"Germany, Federal Republic of (Government)",DE0001030732,Sovereign,2031-08-15,NaN,0.000,Annual,2.711,86.617,0,Germany,9500000000,0,No,Yes,Yes,264.000,0.000
GERMANY 0% 15.02.2029,EUR,"Germany, Federal Republic of (Government)",DE0001142867,Sovereign,2029-02-15,NaN,0.000,NaN,2.623,92.902,0,Germany,45000000,0,No,Yes,Yes,81.000,0.000
GERMANY 0.5% 15.08.2027,EUR,"Germany, Federal Republic of (Government)",DE0001102424,Sovereign,2027-08-15,NaN,0.500,Annual,2.562,97.350,0,Germany,32500000000,0,No,Yes,Yes,264.000,0.362
GERMANY 0% 15.02.2032,EUR,"Germany, Federal Republic of (Government)",DE0001102580,Sovereign,2032-02-15,NaN,0.000,Annual,2.761,85.188,0,Germany,31000000000,0,No,Yes,Yes,80.000,0.000
GERMANY 0% 18.11.2026,EUR,"Germany, Federal Republic of (Government)",DE000BU0E352,Sovereign,2026-11-18,NaN,0.000,NaN,2.181,98.778,0,Germany,6500000000,0,No,Yes,Yes,168.000,0.000
GERMANY 0% 13.01.2027,EUR,"Germany, Federal Republic of (Government)",DE000BU0E360,Sovereign,2027-01-13,NaN,0.000,NaN,2.278,98.355,0,Germany,8000000000,0,No,Yes,Yes,112.000,0.000
GERMANY 2.6% 15.08.2035,EUR,"Germany, Federal Republic of (Government)",DE000BU2Z056,Sovereign,2035-08-15,NaN,2.600,Annual,2.988,96.477,0,Germany,33500000000,0,No,Yes,Yes,306.000,2.180
GERMANY 2.1% 12.04.2029,EUR,"Germany, Federal Republic of (Government)",DE000BU35025,Sovereign,2029-12-04,NaN,2.100,Annual,2.619,98.367,0,Germany,6500000000,0,No,Yes,Yes,24.000,0.138
GERMANY 5.625% 04.01.2028,EUR,"Germany, Federal Republic of (Government)",DE0001135069,Sovereign,2028-04-01,NR,5.630,Annual,2.563,104.770,0,Germany,17000000000,0,No,Yes,Yes,122.000,1.880
GERMANY 0% 09.12.2026,EUR,"Germany, Federal Republic of (Government)",DE000BU0E378,Sovereign,2026-09-12,NaN,0.000,NaN,2.263,98.613,0,Germany,5000000000,0,No,Yes,Yes,105.000,0.000
ARUBA 6.5% 31.01.2029,USD,Government of Aruba,XS1860989869,Sovereign,2029-01-31,NaN,6.500,Semi-Annual,5.917,101.291,100000,Aruba,125000000,1000,No,Yes,No,96.000,1.733
MONGOLIA 4.45% 07.07.2031,USD,Government of Mongolia,USY6142NAE86,Sovereign,2031-07-07,BB-,4.450,Semi-Annual,5.720,94.250,200000,Mongolia,500000000,1000,No,Yes,No,118.000,1.459
MONGOLIA 7.875% 05.06.2029,USD,Government of Mongolia,USY6142NAH18,Sovereign,2029-05-06,BB-,7.880,Semi-Annual,5.507,106.625,200000,Mongolia,350000000,1000,No,Yes,No,150.000,3.281
MONGOLIA 8.65% 19.01.2028,USD,Government of Mongolia,USY6142NAG35,Sovereign,2028-01-19,BB-,8.650,Semi-Annual,4.857,106.250,200000,Mongolia,220123000,1000,No,Yes,No,106.000,2.547
MONGOLIA 6.625% 25.02.2030,USD,Government of Mongolia,USY6142NAJ73,Sovereign,2030-02-25,BB-,6.630,Semi-Annual,5.692,103.140,200000,Mongolia,500000000,1000,No,Yes,No,70.000,1.288
MONGOLIA 5.95% 09.03.2032,USD,Government of Mongolia,USY6142NAL20,Sovereign,2032-09-03,BB-,5.950,Semi-Annual,5.694,101.125,200000,Mongolia,500000000,1000,No,Yes,No,56.000,0.926
MONGOLIA 3.5% 07.07.2027,USD,Government of Mongolia,USY6142NAF51,Sovereign,2027-07-07,BB-,3.500,Semi-Annual,5.165,98.250,200000,Mongolia,342442000,1000,No,Yes,No,118.000,1.147
SOUTH KOREA 3.625% 12.02.2029,USD,Government of the Republic of Korea,US50064FAZ71,Sovereign,2029-12-02,AA,3.630,Semi-Annual,3.990,98.891,200000,Korea,1000000000,1000,No,Yes,No,83.000,0.836
SOUTH KOREA 2.25% 03.07.2028,EUR,Government of the Republic of Korea,XS3095441021,Sovereign,2028-03-07,AA,2.250,Annual,2.718,98.802,100000,Korea,700000000,1000,No,Yes,No,307.000,1.893
SOUTH KOREA 4.51% 10.12.2029,AUD,Government of the Republic of Korea,AU3CB0316420,Sovereign,2029-10-12,AA,4.510,Semi-Annual,5.042,98.260,10000,Korea,450000000,10000,No,Yes,No,147.000,1.821
SOUTH KOREA 2.75% 19.01.2027,USD,Government of the Republic of Korea,US50064FAM68,Sovereign,2027-01-19,AA,2.750,Semi-Annual,4.009,99.091,200000,Korea,1000000000,1000,No,Yes,No,106.000,0.810
SOUTH KOREA 4.5% 03.07.2029,USD,Government of the Republic of Korea,US50064FAX24,Sovereign,2029-03-07,AA,4.500,Semi-Annual,4.080,101.030,200000,Korea,1000000000,1000,No,Yes,No,122.000,1.525
SOUTH KOREA 3.625% 29.10.2030,USD,Government of the Republic of Korea,US50064FAY07,Sovereign,2030-10-29,AA,3.630,Semi-Annual,4.089,97.873,200000,Korea,1000000000,1000,No,Yes,No,6.000,0.060
SOUTH KOREA 2.5% 19.06.2029,USD,Government of the Republic of Korea,US50064FAQ72,Sovereign,2029-06-19,NaN,2.500,Semi-Annual,4.054,95.299,200000,Korea,1000000000,1000,No,Yes,No,136.000,0.944
SOUTH KOREA 3.875% 12.02.2031,USD,Government of the Republic of Korea,US50064FBA12,Sovereign,2031-12-02,AA,3.880,Semi-Annual,4.125,98.669,200000,Korea,2000000000,1000,No,Yes,No,83.000,0.893
SOUTH KOREA 2.875% 03.07.2032,EUR,Government of the Republic of Korea,XS3095441377,Sovereign,2032-03-07,AA,2.880,Annual,3.091,98.505,100000,Korea,700000000,1000,No,Yes,No,307.000,2.418
SOUTH KOREA 0% 15.10.2026,EUR,Government of the Republic of Korea,XS2376820259,Sovereign,2026-10-15,AA,0.000,NaN,2.587,98.795,100000,Korea,700000000,1000,No,Yes,No,201.000,0.000
SOUTH KOREA 1% 16.09.2030,USD,Government of the Republic of Korea,US50064FAS39,Sovereign,2030-09-16,AA,1.000,Semi-Annual,4.093,87.509,200000,Korea,625000000,1000,No,Yes,No,49.000,0.136
SOUTH KOREA 1.75% 15.10.2031,USD,Government of the Republic of Korea,US50064FAU84,Sovereign,2031-10-15,AA,1.750,Semi-Annual,4.137,88.243,200000,Korea,500000000,1000,No,Yes,No,20.000,0.097
SOUTH KOREA 3.5% 20.09.2028,USD,Government of the Republic of Korea,US50064FAP99,Sovereign,2028-09-20,AA,3.500,Semi-Annual,4.066,98.596,200000,Korea,500000000,1000,No,Yes,No,45.000,0.438
LUXEMBOURG 2.875% 01.03.2034,EUR,Grand Duchy of Luxembourg,LU2773894873,Sovereign,2034-01-03,AAA,2.880,Annual,3.054,98.435,1000,Luxembourg,1250000000,1000,No,Yes,No,66.000,0.520
LUXEMBOURG 3.125% 24.03.2036,EUR,Grand Duchy of Luxembourg,LU3315368814,Sovereign,2036-03-24,AAA,3.130,Annual,3.226,98.802,1000,Luxembourg,2500000000,1000,No,Yes,No,43.000,0.368
LUXEMBOURG 0.625% 01.02.2027,EUR,Grand Duchy of Luxembourg,LU1556942974,Sovereign,2027-01-02,AAA,0.630,Annual,2.530,98.549,1000,Luxembourg,2000000000,1000,No,Yes,No,94.000,0.161
LUXEMBOURG 2.625% 23.10.2034,EUR,Grand Duchy of Luxembourg,LU2922074849,Sovereign,2034-10-23,AAA,2.630,Annual,3.101,96.168,1000,Luxembourg,1250000000,1000,No,Yes,No,195.000,1.402
LUXEMBOURG 3% 02.03.2033,EUR,Grand Duchy of Luxembourg,LU2591860569,Sovereign,2033-02-03,AAA,3.000,Annual,2.977,99.816,1000,Luxembourg,1250000000,1000,No,Yes,No,65.000,0.534
LUXEMBOURG 0% 13.11.2026,EUR,Grand Duchy of Luxembourg,LU2076841712,Sovereign,2026-11-13,AAA,0.000,Annual,2.459,98.721,1000,Luxembourg,1700000000,1000,No,Yes,Yes,363.000,0.000
LUXEMBOURG 0% 28.04.2030,EUR,Grand Duchy of Luxembourg,LU2162831981,Sovereign,2030-04-28,AAA,0.000,Annual,2.876,89.132,1000,Luxembourg,1000000000,1000,No,Yes,Yes,197.000,0.000
LUXEMBOURG 1.375% 25.05.2029,EUR,Grand Duchy of Luxembourg,LU2475493826,Sovereign,2029-05-25,AAA,1.380,Annual,2.842,95.607,1000,Luxembourg,1250000000,1000,No,Yes,No,346.000,1.303
LUXEMBOURG 2.9% 17.09.2035,EUR,Grand Duchy of Luxembourg,LU3182454440,Sovereign,2035-09-17,AAA,2.900,Annual,3.174,97.411,1000,Luxembourg,2500000000,1000,No,Yes,No,231.000,1.835
LUXEMBOURG 0% 14.09.2032,EUR,Grand Duchy of Luxembourg,LU2228213398,Sovereign,2032-09-14,AAA,0.000,Annual,2.960,82.790,1000,Luxembourg,1500000000,1000,No,Yes,No,58.000,0.000
LUXEMBOURG 2.25% 19.03.2028,EUR,Grand Duchy of Luxembourg,LU0905090048,Sovereign,2028-03-19,AAA,2.250,Annual,2.666,99.109,1000,Luxembourg,750000000,1000,No,Yes,No,48.000,0.296
LUXEMBOURG 0% 24.03.2031,EUR,Grand Duchy of Luxembourg,LU2320463339,Sovereign,2031-03-24,AAA,0.000,Annual,2.934,86.580,1000,Luxembourg,2500000000,1000,No,Yes,No,232.000,0.000
GRENADA 7% 12.05.2030,USD,Grenada,USP48863AE77,Sovereign,2030-12-05,NaN,7.000,Semi-Annual,7.810,97.250,100,Grenada,51964999,100,No,Yes,No,173.000,3.364
GREECE 0% 10.07.2026,EUR,Hellenic Republic,GR0000247537,Sovereign,2026-10-07,NaN,0.000,NaN,2.068,99.540,1000,Greece,500000000,1000,No,Yes,Yes,22.000,0.000
GREECE 6.14% 14.04.2028,EUR,Hellenic Republic,XS0110307930,Sovereign,2028-04-14,BBB,6.140,Annual,2.958,105.772,100000,Greece,200000000,100000,No,No,No,22.000,0.375
GREECE 0% 24.07.2026,EUR,Hellenic Republic,GR0002284538,Sovereign,2026-07-24,NaN,0.000,NaN,2.098,99.530,1000,Greece,500000000,1000,No,Yes,Yes,103.000,0.000
GREECE 0% 29.05.2026,EUR,Hellenic Republic,GR0002281500,Sovereign,2026-05-29,NaN,0.000,NaN,2.094,99.860,1000,Greece,600000000,1000,No,Yes,Yes,159.000,0.000
GREECE 0% 05.03.2027,EUR,Hellenic Republic,GR0004143690,Sovereign,2027-05-03,NaN,0.000,NaN,2.387,98.020,1000,Greece,500000000,1000,No,Yes,Yes,61.000,0.000
GREECE 0% 25.09.2026,EUR,Hellenic Republic,GR0002286558,Sovereign,2026-09-25,NaN,0.000,NaN,2.280,99.110,1000,Greece,500000000,1000,No,Yes,Yes,40.000,0.000
GREECE 3.75% 30.01.2028,EUR,Hellenic Republic,GR0124034688,Sovereign,2028-01-30,BBB,3.750,Annual,2.598,101.815,1,Greece,5962747327,1,No,Yes,No,96.000,0.986
GREECE 0% 21.08.2026,EUR,Hellenic Republic,GR0002285543,Sovereign,2026-08-21,NaN,0.000,NaN,2.169,99.360,1000,Greece,500000000,1000,No,Yes,Yes,75.000,0.000
GREECE 5.2% 17.07.2034,EUR,Hellenic Republic,XS0191352847,Sovereign,2034-07-17,BBB,5.200,Annual,4.029,107.592,1000,Greece,313860000,1000,No,Yes,No,293.000,4.174
GREECE 0% 26.06.2026,EUR,Hellenic Republic,GR0002282516,Sovereign,2026-06-26,NaN,0.000,NaN,2.095,99.700,1000,Greece,500000000,1000,No,Yes,Yes,128.000,0.000
GREECE 0% 04.09.2026,EUR,Hellenic Republic,GR0004141678,Sovereign,2026-04-09,NaN,0.000,NaN,2.330,99.220,1000,Greece,600000000,1000,No,Yes,Yes,243.000,0.000
GREECE 0% 31.07.2026,EUR,Hellenic Republic,GR0000248543,Sovereign,2026-07-31,NaN,0.000,NaN,2.173,99.450,1000,Greece,500000000,1000,No,Yes,Yes,2.000,0.000
GREECE 0% 23.10.2026,EUR,Hellenic Republic,GR0002287564,Sovereign,2026-10-23,NaN,0.000,NaN,2.364,98.900,1000,Greece,500000000,1000,No,Yes,Yes,12.000,0.000
GREECE 3.9% 30.01.2033,EUR,Hellenic Republic,GR0128015725,Sovereign,2033-01-30,BBB,3.900,Annual,3.329,102.928,1,Greece,7067309386,1,No,Yes,No,96.000,1.026
GREECE 0% 05.06.2026,EUR,Hellenic Republic,GR0004140662,Sovereign,2026-05-06,NaN,0.000,NaN,2.184,99.830,1000,Greece,600000000,1000,No,Yes,Yes,334.000,0.000
GREECE 0% 04.12.2026,EUR,Hellenic Republic,GR0004142684,Sovereign,2026-04-12,NaN,0.000,NaN,2.224,98.710,1000,Greece,600000000,1000,No,Yes,Yes,152.000,0.000
HUNGARY 0.125% 21.09.2028,EUR,Hungary,XS2386583145,Sovereign,2028-09-21,BBB-,0.130,Annual,3.059,93.341,100000,Hungary,1000000000,1000,No,Yes,No,227.000,0.078
HUNGARY 3% 27.10.2027,HUF,Hungary,HU0000403118,Sovereign,2027-10-27,BBB-,3.000,Annual,5.806,96.127,10000,Hungary,1501206850000,10000,No,Yes,No,191.000,1.570
HUNGARY 0% 23.12.2026,HUF,Hungary,HU0000525241,Sovereign,2026-12-23,NaN,0.000,NaN,5.780,96.489,10000,Hungary,274655391472,10000,No,Yes,No,134.000,0.000
HUNGARY 0% 17.02.2027,HUF,Hungary,HU0000525266,Sovereign,2027-02-17,NaN,0.000,NaN,5.826,95.620,10000,Hungary,133158832725,10000,No,Yes,No,77.000,0.000
HUNGARY 6.5% 29.08.2029,HUF,Hungary,HU0000407101,Sovereign,2029-08-29,NaN,6.500,Annual,5.827,102.002,1,Hungary,42966806916,1,No,Yes,No,250.000,4.452
HUNGARY 6% 28.11.2029,HUF,Hungary,HU0000407150,Sovereign,2029-11-28,NaN,6.000,Annual,5.824,100.581,1,Hungary,28858228955,1,No,Yes,No,159.000,2.614
HUNGARY 6.75% 22.10.2028,HUF,Hungary,HU0000402532,Sovereign,2028-10-22,BBB-,6.750,Annual,5.860,102.005,10000,Hungary,2025188880000,10000,No,Yes,No,196.000,3.625
HUNGARY 6.75% 23.07.2031,HUF,Hungary,HU0000407317,Sovereign,2031-07-23,NaN,6.750,Annual,5.834,104.052,10000,Hungary,966537020000,10000,No,Yes,No,385.000,7.118
HUNGARY 4.5% 27.05.2032,HUF,Hungary,HU0000405535,Sovereign,2032-05-27,NaN,4.500,Annual,5.891,93.272,10000,Hungary,525847630000,10000,No,Yes,No,344.000,4.241
HUNGARY 6% 28.11.2029,HUF,Hungary,HU0000407424,Sovereign,2029-11-28,NaN,6.000,Annual,5.884,100.437,10000,Hungary,456151380000,10000,No,Yes,No,159.000,2.614
HUNGARY 5.375% 12.09.2033,EUR,Hungary,XS2680932907,Sovereign,2033-12-09,BBB-,5.380,Annual,4.092,107.836,1000,Hungary,1750000000,1000,No,Yes,No,236.000,3.475
HUNGARY 7% 22.01.2027,HUF,Hungary,HU0000406921,Sovereign,2027-01-22,NaN,7.000,Quarterly,5.981,100.813,1,Hungary,240868429440,1,No,Yes,No,14.000,0.269
HUNGARY 0% 24.06.2026,HUF,Hungary,HU0000525183,Sovereign,2026-06-24,NaN,0.000,NaN,5.960,99.206,10000,Hungary,687215459229,10000,No,Yes,No,315.000,0.000
HUNGARY 6.5% 25.04.2030,HUF,Hungary,HU0000407333,Sovereign,2030-04-25,NaN,6.500,Quarterly,5.900,102.644,1,Hungary,85462292639,1,No,Yes,No,11.000,0.197
HUNGARY 0% 19.08.2026,HUF,Hungary,HU0000525209,Sovereign,2026-08-19,NaN,0.000,NaN,5.984,98.373,10000,Hungary,588965735013,10000,No,Yes,No,258.000,0.000
HUNGARY 6% 26.09.2035,USD,Hungary,XS3101499260,Sovereign,2035-09-26,BBB-,6.000,Semi-Annual,5.386,104.076,200000,Hungary,1000000000,1000,No,Yes,No,40.000,0.667
HUNGARY 4.25% 16.06.2031,EUR,Hungary,XS2010026214,Sovereign,2031-06-16,BBB-,4.250,Annual,3.509,103.215,100000,Hungary,750000000,1000,No,Yes,No,324.000,3.773
HUNGARY 0% 28.04.2027,HUF,Hungary,HU0000525282,Sovereign,2027-04-28,NaN,0.000,NaN,5.794,94.637,10000,Hungary,60000000000,10000,No,Yes,No,7.000,0.000
HUNGARY 4% 25.07.2029,EUR,Hungary,XS2753429047,Sovereign,2029-07-25,BBB-,4.000,Annual,3.175,102.355,1000,Hungary,1500000000,1000,No,Yes,No,285.000,3.123
HUNGARY 2.75% 22.12.2026,HUF,Hungary,HU0000403340,Sovereign,2026-12-22,NaN,2.750,Annual,5.626,98.251,10000,Hungary,813935530000,10000,No,Yes,No,135.000,1.017
HUNGARY 5.25% 16.06.2029,USD,Hungary,XS2010026305,Sovereign,2029-06-16,BBB-,5.250,Semi-Annual,4.644,101.579,200000,Hungary,1750000000,1000,No,Yes,No,140.000,2.042
HUNGARY 7% 22.07.2027,HUF,Hungary,HU0000407085,Sovereign,2027-07-22,NaN,7.000,Quarterly,5.892,101.436,1,Hungary,153083858837,1,No,Yes,No,14.000,0.269
HUNGARY 6.25% 22.09.2032,USD,Hungary,XS2574267261,Sovereign,2032-09-22,BBB-,6.250,Semi-Annual,4.965,106.904,200000,Hungary,1800000000,1000,No,Yes,No,44.000,0.764
HUNGARY 4.75% 24.11.2032,HUF,Hungary,HU0000405550,Sovereign,2032-11-24,NaN,4.750,Annual,5.921,93.938,10000,Hungary,1571258670000,10000,No,Yes,No,163.000,2.121
HUNGARY 4.5% 16.06.2034,EUR,Hungary,XS2971936948,Sovereign,2034-06-16,BBB-,4.500,Annual,4.119,102.695,1000,Hungary,1500000000,1000,No,Yes,No,324.000,3.994
HUNGARY 5.5% 26.03.2036,USD,Hungary,XS2744128369,Sovereign,2036-03-26,BBB-,5.500,Semi-Annual,5.451,100.302,200000,Hungary,2500000000,1000,No,Yes,No,40.000,0.611
HUNGARY 6.75% 23.07.2027,HUF,Hungary,HU0000407119,Sovereign,2027-07-23,NaN,6.750,Quarterly,5.892,101.130,1,Hungary,106943132515,1,No,Yes,No,13.000,0.241
HUNGARY 6.25% 26.09.2029,HUF,Hungary,HU0000407127,Sovereign,2029-09-26,NaN,6.250,Annual,5.826,101.296,1,Hungary,36761703051,1,No,Yes,No,222.000,3.801
HUNGARY 5.375% 26.09.2030,USD,Hungary,XS3101499187,Sovereign,2030-09-26,BBB-,5.380,Semi-Annual,4.728,102.442,200000,Hungary,1500000000,1000,No,Yes,No,40.000,0.597
HUNGARY 2.25% 20.04.2033,HUF,Hungary,HU0000404744,Sovereign,2033-04-20,NaN,2.250,Annual,5.879,79.979,10000,Hungary,1513594420000,10000,No,Yes,No,16.000,0.099
HUNGARY 6% 27.12.2029,HUF,Hungary,HU0000407176,Sovereign,2029-12-27,NaN,6.000,Annual,5.844,100.536,1,Hungary,30860299525,1,No,Yes,No,130.000,2.137
HUNGARY 9.5% 21.10.2026,HUF,Hungary,HU0000406160,Sovereign,2026-10-21,NaN,9.500,Annual,5.847,101.544,10000,Hungary,739397110000,10000,No,Yes,No,197.000,5.127
HUNGARY 6.5% 20.07.2028,HUF,Hungary,HU0000407408,Sovereign,2028-07-20,NaN,6.500,Quarterly,5.796,101.718,1,Hungary,258184759140,1,No,Yes,No,16.000,0.287
HUNGARY 6.5% 21.01.2028,HUF,Hungary,HU0000407200,Sovereign,2028-01-21,NaN,6.500,Quarterly,5.878,101.239,1,Hungary,579353774427,1,No,Yes,No,15.000,0.269
HUNGARY 1.625% 28.04.2032,EUR,Hungary,XS2161992511,Sovereign,2032-04-28,BBB-,1.630,Annual,3.544,89.747,1000,Hungary,1000000000,1000,No,Yes,No,8.000,0.036
HUNGARY 6.5% 25.07.2029,HUF,Hungary,HU0000407093,Sovereign,2029-07-25,NaN,6.500,Annual,5.828,101.952,1,Hungary,41083307380,1,No,Yes,No,285.000,5.075
HUNGARY 6.5% 27.04.2028,HUF,Hungary,HU0000407325,Sovereign,2028-04-27,NaN,6.500,Quarterly,5.784,101.572,1,Hungary,362975296309,1,No,Yes,No,9.000,0.161
HUNGARY 2% 23.05.2029,HUF,Hungary,HU0000404603,Sovereign,2029-05-23,NaN,2.000,Annual,5.870,89.525,10000,Hungary,2055916230000,10000,No,Yes,No,348.000,1.907
HUNGARY 6.5% 22.10.2027,HUF,Hungary,HU0000407143,Sovereign,2027-10-22,NaN,6.500,Quarterly,5.775,101.192,1,Hungary,226555749620,1,No,Yes,No,14.000,0.251
HUNGARY 6.5% 20.01.2028,HUF,Hungary,HU0000407192,Sovereign,2028-01-20,NaN,6.500,Quarterly,5.929,101.159,10000,Hungary,71054815733,10000,No,Yes,No,16.000,0.287
HUNGARY 7% 24.10.2035,HUF,Hungary,HU0000406624,Sovereign,2035-10-24,NaN,7.000,Annual,5.959,107.826,10000,Hungary,2329542190000,10000,No,Yes,No,194.000,3.720
HUNGARY 0.5% 18.11.2030,EUR,Hungary,XS2259191273,Sovereign,2030-11-18,BBB-,0.500,Annual,3.198,88.689,1000,Hungary,1250000000,1000,No,Yes,No,169.000,0.232
HUNGARY 1.75% 10.10.2027,EUR,Hungary,XS1696445516,Sovereign,2027-10-10,BBB-,1.750,Annual,2.945,98.180,1000,Hungary,1000000000,1000,No,Yes,No,208.000,0.997
HUNGARY 2.25% 22.06.2034,HUF,Hungary,HU0000404892,Sovereign,2034-06-22,NaN,2.250,Annual,5.873,77.470,10000,Hungary,959499650000,10000,No,Yes,No,318.000,1.960
HUNGARY 5.5% 16.06.2034,USD,Hungary,XS2010026487,Sovereign,2034-06-16,BBB-,5.500,Semi-Annual,5.249,101.513,200000,Hungary,1250000000,1000,No,Yes,No,140.000,2.139
HUNGARY 4.25% 26.05.2033,EUR,Hungary,XS3269554690,Sovereign,2033-05-26,BBB-,4.250,Annual,3.958,101.707,1000,Hungary,2000000000,1000,No,Yes,No,112.000,1.304
HUNGARY 2.125% 22.09.2031,USD,Hungary,XS2388586401,Sovereign,2031-09-22,BBB-,2.130,Semi-Annual,4.898,86.813,200000,Hungary,2250000000,1000,No,Yes,No,44.000,0.260
HUNGARY 4.5% 23.03.2028,HUF,Hungary,HU0000405543,Sovereign,2028-03-23,NaN,4.500,Annual,5.838,97.701,10000,Hungary,1358130690000,10000,No,Yes,No,44.000,0.542
HUNGARY 1.5% 26.08.2026,HUF,Hungary,HU0000404934,Sovereign,2026-08-26,NaN,1.500,Annual,5.674,98.755,10000,Hungary,600345570000,10000,No,Yes,No,253.000,1.040
HUNGARY 7% 22.04.2027,HUF,Hungary,HU0000407069,Sovereign,2027-04-22,NaN,7.000,Quarterly,6.028,101.023,1,Hungary,202288570177,1,No,Yes,No,14.000,0.269
HUNGARY 5.75% 30.01.2030,HUF,Hungary,HU0000407184,Sovereign,2030-01-30,NaN,5.750,Annual,5.873,99.645,10000,Hungary,54469607604,10000,No,Yes,No,96.000,1.512
HUNGARY 3% 21.08.2030,HUF,Hungary,HU0000403696,Sovereign,2030-08-21,NaN,3.000,Annual,5.847,89.587,10000,Hungary,2086829880000,10000,No,Yes,No,258.000,2.120
HUNGARY 1.75% 05.06.2035,EUR,Hungary,XS2181689659,Sovereign,2035-05-06,BBB-,1.750,Annual,4.091,82.444,1000,Hungary,1500000000,1000,No,Yes,No,335.000,1.606
HUNGARY 6% 24.10.2029,HUF,Hungary,HU0000407135,Sovereign,2029-10-24,NaN,6.000,Annual,5.825,100.561,1,Hungary,33797245424,1,No,Yes,No,194.000,3.189
HUNGARY 3.25% 22.10.2031,HUF,Hungary,HU0000403001,Sovereign,2031-10-22,BBB-,3.250,Annual,5.849,88.314,10000,Hungary,1989656370000,10000,No,Yes,No,196.000,1.745
HUNGARY 0% 27.05.2026,HUF,Hungary,HU0000525258,Sovereign,2026-05-27,NaN,0.000,NaN,6.010,99.655,10000,Hungary,403530042050,10000,No,Yes,No,98.000,0.000
HUNGARY 0% 22.07.2026,HUF,Hungary,HU0000525274,Sovereign,2026-07-22,NaN,0.000,NaN,5.980,98.754,10000,Hungary,103766052711,10000,No,Yes,No,42.000,0.000
HUNGARY 5.75% 27.02.2030,HUF,Hungary,HU0000407234,Sovereign,2030-02-27,NaN,5.750,Annual,5.902,99.550,1,Hungary,49496559542,1,No,Yes,No,68.000,1.071
HUNGARY 6.125% 22.05.2028,USD,Hungary,XS2574267188,Sovereign,2028-05-22,BBB-,6.130,Semi-Annual,4.550,103.013,200000,Hungary,2150000000,1000,No,Yes,No,164.000,2.790
HUNGARY 5% 22.02.2027,EUR,Hungary,XS2558594391,Sovereign,2027-02-22,BBB-,5.000,Annual,2.774,101.746,1000,Hungary,1000000000,1000,No,Yes,No,73.000,1.000
HUNGARY 6.5% 24.02.2028,HUF,Hungary,HU0000407267,Sovereign,2028-02-24,NaN,6.500,Quarterly,5.774,101.445,1,Hungary,408903323667,1,No,Yes,No,71.000,1.300
HUNGARY 6.5% 25.07.2030,HUF,Hungary,HU0000407416,Sovereign,2030-07-25,NaN,6.500,Quarterly,5.898,102.801,1,Hungary,64328044319,1,No,Yes,No,11.000,0.197
HUNGARY 0% 28.10.2026,HUF,Hungary,HU0000525225,Sovereign,2026-10-28,NaN,0.000,NaN,5.979,97.234,10000,Hungary,531830511268,10000,No,Yes,No,189.000,0.000
HUNGARY 6.5% 27.06.2029,HUF,Hungary,HU0000407077,Sovereign,2029-06-27,NaN,6.500,Annual,5.829,101.915,1,Hungary,41365307764,1,No,Yes,No,313.000,5.574
HUNGARY 7% 24.10.2030,HUF,Hungary,HU0000407465,Sovereign,2030-10-24,NaN,7.000,Quarterly,5.895,104.929,1,Hungary,470406086571,1,No,Yes,No,12.000,0.231
PAPUA NEW GUINEA 8.375% 04.10.2028,USD,Independent State of Papua New Guinea,USY6726SAP66,Sovereign,2028-04-10,B-,8.380,Semi-Annual,5.622,106.500,200000,Papua New Guinea,500000000,1000,No,Yes,No,31.000,0.721
IRELAND 1% 15.05.2026,EUR,Ireland,IE00BV8C9418,Sovereign,2026-05-15,AA+,1.000,Annual,2.377,100.033,0,Ireland,11638750000,0,No,Yes,No,356.000,0.975
IRELAND 0% 18.10.2031,EUR,Ireland,IE00BMQ5JL65,Sovereign,2031-10-18,AA+,0.000,Annual,2.859,85.548,0,Ireland,8893470000,0,No,Yes,No,200.000,0.000
IRELAND 0.2% 15.05.2027,EUR,Ireland,IE00BKFVC568,Sovereign,2027-05-15,AA+,0.200,Annual,2.496,97.765,0,Ireland,7750500000,0,No,Yes,No,356.000,0.195
IRELAND 0.4% 15.05.2035,EUR,Ireland,IE00BKFVC345,Sovereign,2035-05-15,AA+,0.400,Annual,3.163,78.204,0,Ireland,5365750000,0,No,Yes,No,356.000,0.390
IRELAND 0.9% 15.05.2028,EUR,Ireland,IE00BDHDPR44,Sovereign,2028-05-15,AA+,0.900,Annual,2.645,96.589,0,Ireland,8458000000,0,No,Yes,No,356.000,0.878
PAKISTAN 7.875% 31.03.2036,USD,Islamic Republic of Pakistan,USY8793YAL66,Sovereign,2036-03-31,B-,7.880,Semi-Annual,8.381,96.875,100000,Pakistan,300000000,1000,No,Yes,No,35.000,0.766
PAKISTAN 6.875% 05.12.2027,USD,Islamic Republic of Pakistan,XS1729875598,Sovereign,2027-05-12,B-,6.880,Semi-Annual,6.029,101.250,200000,Pakistan,1500000000,1000,No,Yes,No,151.000,2.884
PAKISTAN 6.975% 24.04.2029,USD,Islamic Republic of Pakistan,XS3353905121,Sovereign,2029-04-24,NaN,6.980,Semi-Annual,7.355,99.375,200000,Pakistan,118316000,1000,No,Yes,No,4.000,0.077
PAKISTAN 7.375% 08.04.2031,USD,Islamic Republic of Pakistan,XS2322319638,Sovereign,2031-08-04,NaN,7.380,Semi-Annual,8.029,97.625,200000,Pakistan,1400000000,1000,No,Yes,No,28.000,0.574
PAKISTAN 6.975% 24.04.2029,USD,Islamic Republic of Pakistan,XS3353874145,Sovereign,2029-04-24,NaN,6.980,Semi-Annual,7.307,99.375,200000,Pakistan,750000000,1000,No,Yes,No,4.000,0.077
ISLE OF MAN 5.375% 14.08.2034,GBP,Isle of Man,XS0133431360,Sovereign,2034-08-14,NR,5.380,Annual,5.385,99.953,1000,Isle Of Man,185000000,1000,No,Yes,No,265.000,3.902
ISLE OF MAN 5.625% 29.03.2030,GBP,Isle of Man,XS0109719004,Sovereign,2030-03-29,NR,5.630,Annual,4.876,102.366,1000,Isle Of Man,75000000,1000,No,No,No,37.000,0.578
ITALY 1.1% 01.04.2027,EUR,Italian Republic,IT0005484552,Sovereign,2027-01-04,NaN,1.100,Semi-Annual,2.575,98.585,1000,Italy,16650068000,1000,No,Yes,Yes,35.000,0.105
ITALY 3.35% 01.07.2029,EUR,Italian Republic,IT0005584849,Sovereign,2029-01-07,NaN,3.350,Semi-Annual,2.995,100.973,1000,Italy,19100000000,1000,No,Yes,Yes,125.000,1.157
ITALY 0% 14.04.2027,EUR,Italian Republic,IT0005704447,Sovereign,2027-04-14,NaN,0.000,NaN,2.565,97.556,1000,Italy,8250000000,1000,No,Yes,Yes,22.000,0.000
ITALY 5.25% 07.12.2034,GBP,Italian Republic,XS0197336968,Sovereign,2034-07-12,NR,5.250,Annual,5.551,97.448,1000,Italy,250000000,1000,No,Yes,No,149.000,2.173
ITALY 3.35% 01.03.2035,EUR,Italian Republic,IT0005358806,Sovereign,2035-01-03,NaN,3.350,Semi-Annual,3.716,97.169,1000,Italy,24404000000,1000,No,Yes,Yes,66.000,0.601
ITALY 0% 12.03.2027,EUR,Italian Republic,IT0005699340,Sovereign,2027-12-03,NaN,0.000,NaN,2.588,97.779,1000,Italy,8000000000,1000,No,Yes,Yes,54.000,0.000
ITALY 5% 01.08.2034,EUR,Italian Republic,IT0003535157,Sovereign,2034-01-08,NR,5.000,Semi-Annual,3.668,109.125,1000,Italy,29290621000,1000,No,Yes,Yes,94.000,1.298
ITALY 2.45% 01.09.2033,EUR,Italian Republic,IT0005240350,Sovereign,2033-01-09,NaN,2.450,Semi-Annual,3.536,92.988,1000,Italy,22876925000,1000,No,Yes,Yes,66.000,0.439
ITALY 1.901% 22.06.2031,EUR,Italian Republic,XS1435990863,Sovereign,2031-06-22,NaN,1.900,Semi-Annual,3.625,91.807,500000,Italy,700000000,500000,No,Yes,No,135.000,0.705
ITALY 3.4% 01.04.2028,EUR,Italian Republic,IT0005521981,Sovereign,2028-01-04,NaN,3.400,Semi-Annual,2.815,100.972,1000,Italy,18300000000,1000,No,Yes,Yes,35.000,0.325
ITALY 2.4% 15.03.2029,EUR,Italian Republic,IT0005689960,Sovereign,2029-03-15,NaN,2.400,Semi-Annual,2.925,98.459,1000,Italy,13900000000,1000,No,Yes,Yes,52.000,0.339
ITALY 2.875% 17.10.2029,USD,Italian Republic,US465410BY32,Sovereign,2029-10-17,NaN,2.880,Semi-Annual,4.241,95.529,200000,Italy,2000000000,1000,No,Yes,No,18.000,0.144
ITALY 3.85% 01.02.2035,EUR,Italian Republic,IT0005607970,Sovereign,2035-01-02,NaN,3.850,Semi-Annual,3.738,100.739,1000,Italy,20900000000,1000,No,Yes,Yes,94.000,1.000
ITALY 4% 30.04.2035,EUR,Italian Republic,IT0005508590,Sovereign,2035-04-30,NaN,4.000,Semi-Annual,3.730,101.965,1000,Italy,14530000000,1000,No,Yes,Yes,6.000,0.066
ITALY 1.65% 01.03.2032,EUR,Italian Republic,IT0005094088,Sovereign,2032-01-03,NaN,1.650,Semi-Annual,3.345,90.946,1000,Italy,27451727000,1000,No,Yes,Yes,66.000,0.296
ITALY 2.55% 25.02.2027,EUR,Italian Republic,IT0005633794,Sovereign,2027-02-25,NaN,2.550,Semi-Annual,2.556,99.897,1000,Italy,17150000000,1000,No,Yes,Yes,70.000,0.493
ITALY 3.25% 15.07.2032,EUR,Italian Republic,IT0005647265,Sovereign,2032-07-15,NaN,3.250,Semi-Annual,3.418,99.005,1000,Italy,20117355000,1000,No,Yes,Yes,111.000,0.997
ITALY 0% 14.07.2026,EUR,Italian Republic,IT0005704454,Sovereign,2026-07-14,NaN,0.000,NaN,2.064,99.601,1000,Italy,5049605000,1000,No,Yes,Yes,22.000,0.000
ITALY 3.25% 15.11.2032,EUR,Italian Republic,IT0005668220,Sovereign,2032-11-15,NaN,3.250,Semi-Annual,3.465,98.688,1000,Italy,18700000000,1000,No,Yes,Yes,172.000,1.544
ITALY 3.5% 01.03.2030,EUR,Italian Republic,IT0005024234,Sovereign,2030-01-03,NaN,3.500,Semi-Annual,3.056,101.516,1000,Italy,30206449000,1000,No,Yes,Yes,66.000,0.628
ITALY 3.15% 15.11.2031,EUR,Italian Republic,IT0005619546,Sovereign,2031-11-15,NaN,3.150,Semi-Annual,3.315,99.091,1000,Italy,21100000000,1000,No,Yes,Yes,172.000,1.497
ITALY 2.35% 15.01.2029,EUR,Italian Republic,IT0005660052,Sovereign,2029-01-15,NaN,2.350,Semi-Annual,2.920,98.462,1000,Italy,16470000000,1000,No,Yes,Yes,111.000,0.721
ITALY 0.25% 15.03.2028,EUR,Italian Republic,IT0005433690,Sovereign,2028-03-15,NaN,0.250,Semi-Annual,2.784,95.360,1000,Italy,18704378000,1000,No,Yes,Yes,52.000,0.035
ITALY 0% 12.02.2027,EUR,Italian Republic,IT0005695256,Sovereign,2027-12-02,NaN,0.000,NaN,2.484,98.050,1000,Italy,9350000000,1000,No,Yes,Yes,82.000,0.000
ITALY 0% 31.07.2026,EUR,Italian Republic,IT0005692485,Sovereign,2026-07-31,NaN,0.000,NaN,2.093,99.499,1000,Italy,10800280000,1000,No,Yes,Yes,96.000,0.000
ITALY 3.45% 15.07.2031,EUR,Italian Republic,IT0005595803,Sovereign,2031-07-15,NaN,3.450,Semi-Annual,3.274,100.756,1000,Italy,19200000000,1000,No,Yes,Yes,111.000,1.058
ITALY 4.35% 01.11.2033,EUR,Italian Republic,IT0005544082,Sovereign,2033-01-11,NaN,4.350,Semi-Annual,3.593,104.886,1000,Italy,21200000000,1000,No,Yes,Yes,5.000,0.059
ITALY 5.75% 01.02.2033,EUR,Italian Republic,IT0003256820,Sovereign,2033-01-02,NR,5.750,Semi-Annual,3.482,113.465,1000,Italy,26261000000,1000,No,Yes,Yes,94.000,1.493
ITALY 2.7% 15.10.2027,EUR,Italian Republic,IT0005622128,Sovereign,2027-10-15,NaN,2.700,Semi-Annual,2.787,99.792,1000,Italy,15400000000,1000,No,Yes,Yes,21.000,0.155
ITALY 2.2% 01.06.2027,EUR,Italian Republic,IT0005240830,Sovereign,2027-01-06,NaN,2.200,Semi-Annual,2.634,99.461,1000,Italy,19869551000,1000,No,Yes,Yes,156.000,0.943
ITALY 4% 15.11.2030,EUR,Italian Republic,IT0005561888,Sovereign,2030-11-15,NaN,4.000,Semi-Annual,3.102,103.682,1000,Italy,17422664000,1000,No,Yes,Yes,172.000,1.901
ITALY 0.5% 15.07.2028,EUR,Italian Republic,IT0005445306,Sovereign,2028-07-15,NaN,0.500,Semi-Annual,2.818,95.014,1000,Italy,15743896000,1000,No,Yes,Yes,111.000,0.153
ITALY 2.95% 01.07.2030,EUR,Italian Republic,IT0005637399,Sovereign,2030-01-07,NaN,2.950,Semi-Annual,3.140,99.189,1000,Italy,18075000000,1000,No,Yes,Yes,125.000,1.019
ITALY 0% 14.07.2026,EUR,Italian Republic,IT0005660029,Sovereign,2026-07-14,NaN,0.000,NaN,2.051,99.600,1000,Italy,7500000000,1000,No,Yes,Yes,296.000,0.000
ITALY 0% 29.05.2026,EUR,Italian Republic,IT0005680639,Sovereign,2026-05-29,NaN,0.000,NaN,1.986,99.874,1000,Italy,9520000000,1000,No,Yes,Yes,159.000,0.000
ITALY 4.1% 01.02.2029,EUR,Italian Republic,IT0005566408,Sovereign,2029-01-02,NaN,4.100,Semi-Annual,2.937,102.958,1000,Italy,17601644000,1000,No,Yes,Yes,94.000,1.065
ITALY 3% 01.08.2029,EUR,Italian Republic,IT0005365165,Sovereign,2029-01-08,NaN,3.000,Semi-Annual,2.963,100.044,1000,Italy,23966500000,1000,No,Yes,Yes,94.000,0.779
ITALY 4.2% 01.03.2034,EUR,Italian Republic,IT0005560948,Sovereign,2034-01-03,NaN,4.200,Semi-Annual,3.635,103.548,1000,Italy,20173518000,1000,No,Yes,Yes,66.000,0.753
ITALY 0.6% 01.08.2031,EUR,Italian Republic,IT0005436693,Sovereign,2031-01-08,NaN,0.600,Semi-Annual,3.262,87.207,1000,Italy,21300000000,1000,No,Yes,Yes,94.000,0.156
ITALY 1.862% 02.02.2028,EUR,Italian Republic,XS1180157544,Sovereign,2028-02-02,NaN,1.860,Annual,3.058,97.876,500000,Italy,1000000000,500000,No,Yes,No,93.000,0.474
ITALY 3.85% 15.09.2026,EUR,Italian Republic,IT0005556011,Sovereign,2026-09-15,NaN,3.850,Semi-Annual,2.289,100.505,1000,Italy,15509000000,1000,No,Yes,Yes,52.000,0.544
ITALY 0% 14.12.2026,EUR,Italian Republic,IT0005684888,Sovereign,2026-12-14,NaN,0.000,NaN,2.388,98.526,1000,Italy,9900000000,1000,No,Yes,Yes,143.000,0.000
ITALY 0.95% 01.08.2030,EUR,Italian Republic,IT0005403396,Sovereign,2030-01-08,NaN,0.950,Semi-Annual,3.107,91.364,1000,Italy,18895169000,1000,No,Yes,Yes,94.000,0.247
ITALY 0% 14.09.2026,EUR,Italian Republic,IT0005669269,Sovereign,2026-09-14,NaN,0.000,NaN,2.203,99.195,1000,Italy,9000000000,1000,No,Yes,Yes,234.000,0.000
ITALY 3.85% 15.12.2029,EUR,Italian Republic,IT0005519787,Sovereign,2029-12-15,NaN,3.850,Semi-Annual,3.054,102.602,1000,Italy,23346000000,1000,No,Yes,Yes,142.000,1.502
ITALY 2.8% 15.06.2029,EUR,Italian Republic,IT0005495731,Sovereign,2029-06-15,NaN,2.800,Semi-Annual,2.974,99.419,1000,Italy,16800000000,1000,No,Yes,Yes,142.000,1.092
ITALY 0.95% 15.09.2027,EUR,Italian Republic,IT0005416570,Sovereign,2027-09-15,NaN,0.950,Semi-Annual,2.713,97.581,1000,Italy,21907356000,1000,No,Yes,Yes,52.000,0.134
ITALY 0% 01.08.2026,EUR,Italian Republic,IT0005454241,Sovereign,2026-01-08,NaN,0.000,Semi-Annual,2.077,99.475,1000,Italy,16591235000,1000,No,Yes,Yes,94.000,0.000
ITALY 2.1% 26.08.2027,EUR,Italian Republic,IT0005657330,Sovereign,2027-08-26,NaN,2.100,Semi-Annual,2.753,99.085,1000,Italy,16876496000,1000,No,Yes,Yes,69.000,0.400
ITALY 0.95% 01.06.2032,EUR,Italian Republic,IT0005466013,Sovereign,2032-01-06,NaN,0.950,Semi-Annual,3.377,86.717,1000,Italy,22600000000,1000,No,Yes,Yes,156.000,0.407
ITALY 3% 01.10.2029,EUR,Italian Republic,IT0005611055,Sovereign,2029-01-10,NaN,3.000,Semi-Annual,3.026,99.832,1000,Italy,17400000000,1000,No,Yes,Yes,35.000,0.287
ITALY 2.192% 02.02.2032,EUR,Italian Republic,XS1180459395,Sovereign,2032-02-02,NaN,2.190,Annual,3.780,91.518,500000,Italy,500000000,500000,No,Yes,No,93.000,0.558
ITALY 1.771% 05.03.2029,EUR,Italian Republic,XS1199014306,Sovereign,2029-05-03,NaN,1.770,Annual,3.055,96.411,500000,Italy,500000000,500000,No,Yes,No,62.000,0.301
ITALY 3.85% 01.07.2034,EUR,Italian Republic,IT0005584856,Sovereign,2034-01-07,NaN,3.850,Semi-Annual,3.676,101.109,1000,Italy,19521883000,1000,No,Yes,Yes,125.000,1.329
ITALY 2.127% 22.05.2027,EUR,Italian Republic,XS1236858657,Sovereign,2027-05-22,NaN,2.130,Semi-Annual,2.863,99.150,500000,Italy,700000000,500000,No,Yes,No,165.000,0.970
ITALY 2.85% 01.02.2031,EUR,Italian Republic,IT0005671273,Sovereign,2031-01-02,NaN,2.850,Semi-Annual,3.132,98.660,1000,Italy,20600000000,1000,No,Yes,Yes,94.000,0.740
ITALY 3.7% 15.06.2030,EUR,Italian Republic,IT0005542797,Sovereign,2030-06-15,NaN,3.700,Semi-Annual,3.138,102.056,1000,Italy,16318312000,1000,No,Yes,Yes,142.000,1.443
ITALY 3.45% 01.02.2036,EUR,Italian Republic,IT0005676504,Sovereign,2036-01-02,NaN,3.450,Semi-Annual,3.757,97.457,1000,Italy,20327369000,1000,No,Yes,Yes,94.000,0.896
ITALY 2.7% 01.10.2030,EUR,Italian Republic,IT0005654642,Sovereign,2030-01-10,NaN,2.700,Semi-Annual,3.163,98.024,1000,Italy,19450000000,1000,No,Yes,Yes,35.000,0.258
ITALY 0% 12.06.2026,EUR,Italian Republic,IT0005655037,Sovereign,2026-12-06,NaN,0.000,NaN,2.026,99.802,1000,Italy,9350000000,1000,No,Yes,Yes,327.000,0.000
ITALY 4.75% 01.09.2028,EUR,Italian Republic,IT0004889033,Sovereign,2028-01-09,NaN,4.750,Semi-Annual,2.878,104.167,1000,Italy,26576154000,1000,No,Yes,Yes,66.000,0.852
ITALY 3.45% 15.07.2027,EUR,Italian Republic,IT0005599904,Sovereign,2027-07-15,NaN,3.450,Semi-Annual,2.715,100.773,1000,Italy,14121391000,1000,No,Yes,Yes,111.000,1.058
ITALY 2.05% 01.08.2027,EUR,Italian Republic,IT0005274805,Sovereign,2027-01-08,NaN,2.050,Semi-Annual,2.686,99.143,1000,Italy,19362628000,1000,No,Yes,Yes,94.000,0.532
ITALY 3.65% 01.08.2035,EUR,Italian Republic,IT0005631590,Sovereign,2035-01-08,NaN,3.650,Semi-Annual,3.790,98.830,1000,Italy,21372835000,1000,No,Yes,Yes,94.000,0.948
ITALY 2.5% 01.12.2032,EUR,Italian Republic,IT0005494239,Sovereign,2032-01-12,NaN,2.500,Semi-Annual,3.424,94.470,1000,Italy,23188000000,1000,No,Yes,Yes,156.000,1.071
ITALY 1.666% 06.05.2028,EUR,Italian Republic,XS1227831382,Sovereign,2028-06-05,NaN,1.670,Annual,3.091,97.205,500000,Italy,500000000,500000,No,Yes,No,NaN,0.000
ITALY 6.5% 01.11.2027,EUR,Italian Republic,IT0001174611,Sovereign,2027-01-11,NR,6.500,Semi-Annual,2.762,105.318,1000,Italy,27763132147,1000,No,Yes,Yes,5.000,0.088
ITALY 5.2% 31.07.2034,EUR,Italian Republic,IT0003685093,Sovereign,2034-07-31,NR,5.200,Annual,4.018,107.092,1000,Italy,2200000000,1000,No,Yes,No,279.000,3.975
ITALY 1.25% 01.12.2026,EUR,Italian Republic,IT0005210650,Sovereign,2026-01-12,NaN,1.250,Semi-Annual,2.308,99.354,1000,Italy,19776843000,1000,No,Yes,Yes,156.000,0.536
ITALY 1.913% 18.05.2029,EUR,Italian Republic,XS1413812881,Sovereign,2029-05-18,NaN,1.910,Annual,3.289,95.999,500000,Italy,800000000,500000,No,Yes,No,353.000,1.850
ITALY 2.1% 15.07.2026,EUR,Italian Republic,IT0005370306,Sovereign,2026-07-15,NaN,2.100,Semi-Annual,2.156,99.979,1000,Italy,17225321000,1000,No,Yes,Yes,111.000,0.644
ITALY 0% 14.10.2026,EUR,Italian Republic,IT0005674335,Sovereign,2026-10-14,NaN,0.000,NaN,2.336,98.951,1000,Italy,9900000000,1000,No,Yes,Yes,204.000,0.000
ITALY 0% 14.01.2027,EUR,Italian Republic,IT0005689887,Sovereign,2027-01-14,NaN,0.000,NaN,2.441,98.280,1000,Italy,8800000000,1000,No,Yes,Yes,112.000,0.000
ITALY 4.4% 01.05.2033,EUR,Italian Republic,IT0005518128,Sovereign,2033-01-05,NaN,4.400,Semi-Annual,3.512,105.384,1000,Italy,21350000000,1000,No,Yes,Yes,5.000,0.060
ITALY 1.35% 01.04.2030,EUR,Italian Republic,IT0005383309,Sovereign,2030-01-04,NaN,1.350,Semi-Annual,3.068,93.657,1000,Italy,25258941000,1000,No,Yes,Yes,35.000,0.129
ITALY 3.8% 01.08.2028,EUR,Italian Republic,IT0005548315,Sovereign,2028-01-08,NaN,3.800,Semi-Annual,2.868,101.913,1000,Italy,17606000000,1000,No,Yes,Yes,94.000,0.987
ITALY 5.375% 15.06.2033,USD,Italian Republic,US465410BG26,Sovereign,2033-06-15,NR,5.380,Semi-Annual,4.543,105.019,1000,Italy,2000000000,1000,No,Yes,No,140.000,2.090
ITALY 3.3% 15.06.2033,EUR,Italian Republic,IT0005704868,Sovereign,2033-06-15,NaN,3.300,Semi-Annual,3.528,98.450,1000,Italy,3750000000,1000,No,Yes,Yes,21.000,0.190
ITALY 0.45% 15.02.2029,EUR,Italian Republic,IT0005467482,Sovereign,2029-02-15,NaN,0.450,Semi-Annual,2.911,93.411,1000,Italy,17150000000,1000,No,Yes,Yes,80.000,0.100
ITALY 0.9% 01.04.2031,EUR,Italian Republic,IT0005422891,Sovereign,2031-01-04,NaN,0.900,Semi-Annual,3.221,89.481,1000,Italy,25950073000,1000,No,Yes,Yes,35.000,0.086
ITALY 2.65% 01.12.2027,EUR,Italian Republic,IT0005500068,Sovereign,2027-01-12,NaN,2.650,Semi-Annual,2.770,99.729,1000,Italy,20600000000,1000,No,Yes,Yes,156.000,1.136
ITALY 4.425% 28.03.2036,EUR,Italian Republic,XS0247541971,Sovereign,2036-03-28,NaN,4.430,Annual,4.220,101.679,100000,Italy,192000000,100000,No,Yes,No,38.000,0.467
ITALY 0.85% 15.01.2027,EUR,Italian Republic,IT0005390874,Sovereign,2027-01-15,NaN,0.850,Semi-Annual,2.377,98.876,1000,Italy,18863736000,1000,No,Yes,Yes,111.000,0.261
ITALY 3.6% 01.10.2035,EUR,Italian Republic,IT0005648149,Sovereign,2035-01-10,NaN,3.600,Semi-Annual,3.808,98.310,1000,Italy,20523784000,1000,No,Yes,Yes,35.000,0.344
ITALY 6% 04.08.2028,GBP,Italian Republic,XS0089572316,Sovereign,2028-04-08,NR,6.000,Annual,4.966,101.983,1000,Italy,2234043931,1000,No,Yes,No,272.000,4.533
ITALY 6% 01.05.2031,EUR,Italian Republic,IT0001444378,Sovereign,2031-01-05,NR,6.000,Semi-Annual,3.204,112.527,1000,Italy,32254500000,1000,No,Yes,Yes,5.000,0.082
ITALY 2% 05.09.2032,EUR,Italian Republic,XS1199008670,Sovereign,2032-05-09,NaN,2.000,Semi-Annual,3.818,89.561,500000,Italy,500000000,500000,No,Yes,No,62.000,0.337
ITALY 1.65% 01.12.2030,EUR,Italian Republic,IT0005413171,Sovereign,2030-01-12,NaN,1.650,Semi-Annual,3.177,93.471,1000,Italy,24107903000,1000,No,Yes,Yes,156.000,0.707
ITALY 3.1% 28.08.2026,EUR,Italian Republic,IT0005607269,Sovereign,2026-08-28,NaN,3.100,Semi-Annual,2.267,100.230,1000,Italy,13241167000,1000,No,Yes,Yes,67.000,0.574
ITALY 3.15% 01.06.2031,EUR,Italian Republic,IT0005707614,Sovereign,2031-01-06,NaN,3.150,Semi-Annual,3.115,99.818,1000,Italy,5200000000,1000,No,Yes,Yes,2.000,0.017
ITALY 2.65% 15.06.2028,EUR,Italian Republic,IT0005641029,Sovereign,2028-06-15,NaN,2.650,Semi-Annual,2.858,99.493,1000,Italy,15940686000,1000,No,Yes,Yes,142.000,1.034
ITALY 4% 30.10.2031,EUR,Italian Republic,IT0005542359,Sovereign,2031-10-30,NaN,4.000,Semi-Annual,3.296,103.451,1000,Italy,13025573000,1000,No,Yes,Yes,6.000,0.066
ITALY 3.15% 15.03.2033,EUR,Italian Republic,IT0005689994,Sovereign,2033-03-15,NaN,3.150,Semi-Annual,3.490,97.809,1000,Italy,19300000000,1000,No,Yes,Yes,52.000,0.445
ITALY 5.25% 01.11.2029,EUR,Italian Republic,IT0001278511,Sovereign,2029-01-11,NR,5.250,Semi-Annual,3.017,107.255,1000,Italy,30819999209,1000,No,Yes,Yes,5.000,0.071
ITALY 0% 14.05.2026,EUR,Italian Republic,IT0005650574,Sovereign,2026-05-14,NaN,0.000,NaN,1.862,99.959,1000,Italy,8500000000,1000,No,Yes,Yes,357.000,0.000
ITALY 1.6% 01.06.2026,EUR,Italian Republic,IT0005170839,Sovereign,2026-01-06,NaN,1.600,Semi-Annual,1.992,99.969,1000,Italy,19927500000,1000,No,Yes,Yes,156.000,0.686
ITALY 0% 13.11.2026,EUR,Italian Republic,IT0005678492,Sovereign,2026-11-13,NaN,0.000,NaN,2.284,98.776,1000,Italy,8500000000,1000,No,Yes,Yes,173.000,0.000
ITALY 2.2% 28.02.2028,EUR,Italian Republic,IT0005692410,Sovereign,2028-02-28,NaN,2.200,Semi-Annual,2.798,98.853,1000,Italy,11400000000,1000,No,Yes,Yes,67.000,0.407
ITALY 2% 01.02.2028,EUR,Italian Republic,IT0005323032,Sovereign,2028-01-02,NaN,2.000,Semi-Annual,2.781,98.601,1000,Italy,23740220000,1000,No,Yes,Yes,94.000,0.519
ITALY 0% 30.09.2026,EUR,Italian Republic,IT0005702656,Sovereign,2026-09-30,NaN,0.000,NaN,2.269,99.070,1000,Italy,10637000000,1000,No,Yes,Yes,36.000,0.000
ITALY 3.5% 15.02.2031,EUR,Italian Republic,IT0005580094,Sovereign,2031-02-15,NaN,3.500,Semi-Annual,3.226,101.114,1000,Italy,19000000000,1000,No,Yes,Yes,80.000,0.773
ITALY 7.25% 01.11.2026,EUR,Italian Republic,IT0001086567,Sovereign,2026-01-11,NR,7.250,Semi-Annual,2.295,102.329,1000,Italy,12423130223,1000,No,Yes,Yes,5.000,0.099
ITALY 0% 14.08.2026,EUR,Italian Republic,IT0005666851,Sovereign,2026-08-14,NaN,0.000,NaN,2.165,99.400,1000,Italy,8800000000,1000,No,Yes,Yes,265.000,0.000
ITALY 1.45% 01.03.2036,EUR,Italian Republic,IT0005402117,Sovereign,2036-01-03,NaN,1.450,Semi-Annual,3.838,80.568,1000,Italy,15400000000,1000,No,Yes,Yes,66.000,0.260
ITALY 0.95% 01.12.2031,EUR,Italian Republic,IT0005449969,Sovereign,2031-01-12,NaN,0.950,Semi-Annual,3.312,88.013,1000,Italy,20515000000,1000,No,Yes,Yes,156.000,0.407
ITALY 2.95% 15.02.2027,EUR,Italian Republic,IT0005580045,Sovereign,2027-02-15,NaN,2.950,Semi-Annual,2.541,100.212,1000,Italy,17300000000,1000,No,Yes,Yes,80.000,0.652
ITALY 2.8% 01.12.2028,EUR,Italian Republic,IT0005340929,Sovereign,2028-01-12,NaN,2.800,Semi-Annual,2.856,99.785,1000,Italy,23868192000,1000,No,Yes,Yes,156.000,1.200
ITALY 1.448% 17.04.2027,EUR,Italian Republic,XS1505666815,Sovereign,2027-04-17,NaN,1.450,Annual,2.975,98.580,500000,Italy,900000000,500000,No,Yes,No,19.000,0.075
JAMAICA 6.75% 28.04.2028,USD,Jamaica,US470160CA80,Sovereign,2028-04-28,BB,6.750,Semi-Annual,4.448,103.500,200000,Jamaica,837530667,1000,No,Yes,No,7.000,0.131
JAMAICA 8.5% 28.02.2036,USD,Jamaica,US470160AU62,Sovereign,2036-02-28,BB,8.500,Semi-Annual,6.967,110.500,100000,Jamaica,250000000,1000,No,Yes,No,67.000,1.582
BAHRAIN 5.625% 18.05.2034,USD,Kingdom of Bahrain,XS2408003064,Sovereign,2034-05-18,B,5.630,Semi-Annual,6.854,92.125,200000,Bahrain,1000000000,1000,No,Yes,No,168.000,2.625
BAHRAIN 5.45% 16.09.2032,USD,Kingdom of Bahrain,XS2226916216,Sovereign,2032-09-16,B,5.450,Semi-Annual,6.619,93.875,200000,Bahrain,1000000000,1000,No,Yes,No,50.000,0.757
BAHRAIN 5.25% 25.01.2033,USD,Kingdom of Bahrain,XS2290957146,Sovereign,2033-01-25,B,5.250,Semi-Annual,6.699,92.000,200000,Bahrain,1000000000,1000,No,Yes,No,101.000,1.473
BAHRAIN 7.375% 14.05.2030,USD,Kingdom of Bahrain,XS2172965282,Sovereign,2030-05-14,B,7.380,Semi-Annual,6.444,103.375,200000,Bahrain,1000000000,1000,No,Yes,No,172.000,3.524
BAHRAIN 6.75% 20.09.2029,USD,Kingdom of Bahrain,XS1675862012,Sovereign,2029-09-20,B,6.750,Semi-Annual,6.371,101.000,200000,Bahrain,1250000000,1000,No,Yes,No,46.000,0.863
BAHRAIN 4.25% 25.01.2028,USD,Kingdom of Bahrain,XS2290956924,Sovereign,2028-01-25,B,4.250,Semi-Annual,6.030,96.750,200000,Bahrain,500000000,1000,No,Yes,No,101.000,1.192
BAHRAIN 5.625% 05.07.2029,USD,Kingdom of Bahrain,XS3260289163,Sovereign,2029-05-07,NaN,5.630,Semi-Annual,6.851,96.440,200000,Bahrain,500000000,1000,No,Yes,No,121.000,1.891
BAHRAIN 5.625% 30.09.2031,USD,Kingdom of Bahrain,XS2058948451,Sovereign,2031-09-30,B,5.630,Semi-Annual,6.485,95.875,200000,Bahrain,1000000000,1000,No,Yes,No,36.000,0.562
BAHRAIN 7.5% 12.02.2036,USD,Kingdom of Bahrain,XS2764424813,Sovereign,2036-12-02,B,7.500,Semi-Annual,6.997,103.250,200000,Bahrain,1000000000,1000,No,Yes,No,84.000,1.750
BAHRAIN 5.5% 01.08.2033,USD,Kingdom of Bahrain,XS2649148090,Sovereign,2033-01-08,NaN,5.500,Semi-Annual,6.729,92.769,200000,Bahrain,1000000000,1000,No,Yes,No,95.000,1.451
BAHRAIN 7% 12.10.2028,USD,Kingdom of Bahrain,XS1405766541,Sovereign,2028-12-10,B,7.000,Semi-Annual,6.267,101.500,200000,Bahrain,1600000000,1000,No,Yes,No,24.000,0.467
BAHRAIN 7.75% 18.04.2035,USD,Kingdom of Bahrain,XS2611617700,Sovereign,2035-04-18,B,7.750,Semi-Annual,6.951,104.375,200000,Bahrain,1000000000,1000,No,Yes,No,18.000,0.388
BELGIUM 0% 11.02.2027,EUR,Kingdom of Belgium,BE0312821938,Sovereign,2027-11-02,NaN,0.000,NaN,2.449,98.051,0,Belgium,2844000000,0,No,Yes,No,83.000,0.000
BELGIUM 0% 10.12.2026,EUR,Kingdom of Belgium,BE0312819916,Sovereign,2026-10-12,NaN,0.000,NaN,2.342,98.533,0,Belgium,3015000000,0,No,Yes,No,146.000,0.000
BELGIUM 5.43% 07.03.2036,AUD,Kingdom of Belgium,BE6372502870,Sovereign,2036-07-03,NaN,5.430,Semi-Annual,5.783,97.481,200000,Belgium,165000000,2000,No,Yes,No,49.000,0.739
BELGIUM 0.8% 22.06.2028,EUR,Kingdom of Belgium,BE0000345547,Sovereign,2028-06-22,NaN,0.800,Annual,2.703,95.964,0,Belgium,17387000000,0,No,Yes,No,142.000,0.311
BELGIUM 2% 04.12.2026,EUR,Kingdom of Belgium,BE3871308388,Sovereign,2026-04-12,NaN,2.000,At maturity,2.896,99.469,100,Belgium,247655900,100,No,Yes,Yes,153.000,0.838
BELGIUM 0.9% 22.06.2029,EUR,Kingdom of Belgium,BE0000347568,Sovereign,2029-06-22,NaN,0.900,Annual,2.794,94.240,0,Belgium,20304000000,0,No,Yes,No,318.000,0.784
BELGIUM 3% 22.06.2034,EUR,Kingdom of Belgium,BE0000333428,Sovereign,2034-06-22,NaN,3.000,Annual,3.350,97.190,0,Belgium,11926000000,0,No,Yes,No,318.000,2.614
BELGIUM 1.25% 22.04.2033,EUR,Kingdom of Belgium,BE0000346552,Sovereign,2033-04-22,NaN,1.250,Annual,3.168,87.910,0,Belgium,12455000000,0,No,Yes,No,14.000,0.048
BELGIUM 1.8% 04.06.2026,EUR,Kingdom of Belgium,BE3871304346,Sovereign,2026-04-06,NaN,1.800,At maturity,2.015,99.984,100,Belgium,98464300,100,No,Yes,Yes,336.000,1.657
BELGIUM 0% 14.05.2026,EUR,Kingdom of Belgium,BE0312812846,Sovereign,2026-05-14,NaN,0.000,NaN,1.942,99.957,0,Belgium,5731000000,0,No,Yes,No,356.000,0.000
BELGIUM 1.91% 27.07.2026,JPY,Kingdom of Belgium,BE6223606862,Sovereign,2026-07-27,NaN,1.910,Semi-Annual,1.489,100.092,100000000,Belgium,10000000000,100000000,No,Yes,No,99.000,0.525
BELGIUM 0% 14.01.2027,EUR,Kingdom of Belgium,BE0312820922,Sovereign,2027-01-14,NaN,0.000,NaN,2.416,98.259,0,Belgium,2916000000,0,No,Yes,No,111.000,0.000
BELGIUM 4.5% 02.04.2035,USD,Kingdom of Belgium,BE6362168351,Sovereign,2035-02-04,NaN,4.500,Semi-Annual,4.499,99.624,200000,Belgium,1300000000,2000,No,Yes,No,33.000,0.412
BELGIUM 0% 22.10.2027,EUR,Kingdom of Belgium,BE0000351602,Sovereign,2027-10-22,NaN,0.000,Annual,2.661,96.110,0,Belgium,11078000000,0,No,Yes,No,196.000,0.000
BELGIUM 5.5% 28.03.2028,EUR,Kingdom of Belgium,BE0000291972,Sovereign,2028-03-28,NR,5.500,Annual,2.657,105.018,0,Belgium,20187939135,0,No,Yes,No,39.000,0.588
BELGIUM 0% 13.08.2026,EUR,Kingdom of Belgium,BE0312815872,Sovereign,2026-08-13,NaN,0.000,NaN,2.006,99.397,0,Belgium,3892000000,0,No,Yes,No,265.000,0.000
BELGIUM 5.7% 28.05.2032,GBP,Kingdom of Belgium,BE0365452532,Sovereign,2032-05-28,NR,5.700,Annual,5.044,103.022,150000,Belgium,100000000,150000,No,Yes,No,343.000,5.356
BELGIUM 4.35% 06.11.2034,USD,Kingdom of Belgium,BE6357339561,Sovereign,2034-06-11,NaN,4.350,Semi-Annual,4.471,98.899,200000,Belgium,1000000000,2000,No,Yes,No,NaN,0.000
BELGIUM 2.5% 04.06.2026,EUR,Kingdom of Belgium,BE3871289190,Sovereign,2026-04-06,NaN,2.500,Annual,8.936,99.476,100,Belgium,97084200,100,No,Yes,No,336.000,2.301
BELGIUM 3.1% 22.06.2035,EUR,Kingdom of Belgium,BE0000363722,Sovereign,2035-06-22,NaN,3.100,Annual,3.488,96.620,0,Belgium,14681000000,0,No,Yes,No,318.000,2.701
BELGIUM 4.2% 18.07.2033,NOK,Kingdom of Belgium,BE6255948307,Sovereign,2033-07-18,NaN,4.200,Annual,4.428,98.426,1000000,Belgium,1000000000,1000000,No,Yes,No,288.000,3.360
BELGIUM 2.6% 22.10.2030,EUR,Kingdom of Belgium,BE0000365743,Sovereign,2030-10-22,NaN,2.600,Annual,2.932,98.320,0,Belgium,9186000000,0,No,Yes,No,196.000,1.396
BELGIUM 0.1% 22.06.2030,EUR,Kingdom of Belgium,BE0000349580,Sovereign,2030-06-22,NaN,0.100,Annual,2.904,88.990,0,Belgium,16327000000,0,No,Yes,No,318.000,0.087
BELGIUM 4.5% 25.05.2028,EUR,Kingdom of Belgium,BE6221228362,Sovereign,2028-05-25,NaN,4.500,Annual,3.042,103.000,5000000,Belgium,75000000,5000000,No,Yes,No,346.000,4.266
BELGIUM 4% 28.03.2032,EUR,Kingdom of Belgium,BE0000326356,Sovereign,2032-03-28,NaN,4.000,Annual,3.068,104.680,0,Belgium,9580000000,0,No,Yes,No,39.000,0.427
BELGIUM 3% 22.06.2033,EUR,Kingdom of Belgium,BE0000357666,Sovereign,2033-06-22,NaN,3.000,Annual,3.238,98.200,0,Belgium,22391000000,0,No,Yes,No,318.000,2.614
BELGIUM 0% 10.09.2026,EUR,Kingdom of Belgium,BE0312816888,Sovereign,2026-10-09,NaN,0.000,NaN,2.189,99.204,0,Belgium,4355000000,0,No,Yes,No,237.000,0.000
BELGIUM 3.63% 02.04.2029,NOK,Kingdom of Belgium,BE6350763767,Sovereign,2029-02-04,NaN,3.630,Annual,4.547,97.447,1000000,Belgium,475000000,1000000,No,Yes,No,34.000,0.338
BELGIUM 2.7% 22.10.2029,EUR,Kingdom of Belgium,BE0000362716,Sovereign,2029-10-22,NaN,2.700,Annual,2.837,99.320,0,Belgium,10058000000,0,No,Yes,No,196.000,1.450
BELGIUM 4.09% 10.11.2031,EUR,Kingdom of Belgium,BE6228424543,Sovereign,2031-10-11,NaN,4.090,Annual,3.474,102.803,100000,Belgium,50000000,100000,No,Yes,No,177.000,1.983
BELGIUM 0.35% 22.06.2032,EUR,Kingdom of Belgium,BE0000354630,Sovereign,2032-06-22,NaN,0.350,Annual,3.138,84.430,0,Belgium,17672000000,0,No,Yes,No,318.000,0.305
BELGIUM 0% 11.03.2027,EUR,Kingdom of Belgium,BE0312822944,Sovereign,2027-11-03,NaN,0.000,NaN,2.495,97.882,0,Belgium,2944000000,0,No,Yes,No,55.000,0.000
BELGIUM 1% 22.06.2031,EUR,Kingdom of Belgium,BE0000335449,Sovereign,2031-06-22,NaN,1.000,Annual,3.024,90.310,0,Belgium,17922000000,0,No,Yes,No,318.000,0.871
BELGIUM 4.5% 16.08.2035,USD,Kingdom of Belgium,BE6367588231,Sovereign,2035-08-16,NaN,4.500,Semi-Annual,4.552,99.179,200000,Belgium,2400000000,2000,No,Yes,No,80.000,1.000
BELGIUM 2.85% 22.10.2034,EUR,Kingdom of Belgium,BE0000360694,Sovereign,2034-10-22,NaN,2.850,Annual,3.400,95.630,0,Belgium,19995000000,0,No,Yes,No,196.000,1.530
BELGIUM 2% 04.03.2027,EUR,Kingdom of Belgium,BE3871310400,Sovereign,2027-04-03,NaN,2.000,At maturity,2.567,99.452,100,Belgium,234166600,100,No,Yes,Yes,63.000,0.345
BELGIUM 3.2% 04.12.2035,EUR,Kingdom of Belgium,BE3871309394,Sovereign,2035-04-12,NaN,3.200,Annual,3.700,95.675,100,Belgium,52481200,100,No,Yes,Yes,153.000,1.341
BELGIUM 5% 28.03.2035,EUR,Kingdom of Belgium,BE0000304130,Sovereign,2035-03-28,NR,5.000,Annual,3.438,111.357,0,Belgium,20971692800,0,No,Yes,No,39.000,0.534
BELGIUM 1% 28.05.2030,USD,Kingdom of Belgium,BE6322164920,Sovereign,2030-05-28,NaN,1.000,Semi-Annual,4.195,88.128,200000,Belgium,1500000000,2000,No,Yes,No,158.000,0.439
BELGIUM 0% 22.10.2031,EUR,Kingdom of Belgium,BE0000352618,Sovereign,2031-10-22,NaN,0.000,Annual,3.049,84.660,0,Belgium,14087000000,0,No,Yes,No,196.000,0.000
BELGIUM 3.98% 10.11.2031,EUR,Kingdom of Belgium,BE6228117386,Sovereign,2031-10-11,NaN,3.980,Annual,3.439,102.539,100000,Belgium,300000000,100000,No,Yes,No,177.000,1.930
BELGIUM 1.9% 04.09.2026,EUR,Kingdom of Belgium,BE3871306366,Sovereign,2026-04-09,NaN,1.900,At maturity,2.153,99.909,100,Belgium,358755000,100,No,Yes,Yes,244.000,1.270
BELGIUM 1% 22.06.2026,EUR,Kingdom of Belgium,BE0000337460,Sovereign,2026-06-22,NaN,1.000,Annual,2.097,99.860,0,Belgium,14355000000,0,No,Yes,No,318.000,0.871
BELGIUM 0.8% 22.06.2027,EUR,Kingdom of Belgium,BE0000341504,Sovereign,2027-06-22,NaN,0.800,Annual,2.594,97.930,0,Belgium,17005000000,0,No,Yes,No,318.000,0.697
BELGIUM 0% 08.04.2027,EUR,Kingdom of Belgium,BE0312823959,Sovereign,2027-08-04,NaN,0.000,NaN,2.523,97.603,0,Belgium,2235000000,0,No,Yes,No,27.000,0.000
BELGIUM 0% 09.07.2026,EUR,Kingdom of Belgium,BE0312814867,Sovereign,2026-09-07,NaN,0.000,NaN,2.003,99.639,0,Belgium,5874000000,0,No,Yes,No,300.000,0.000
BELGIUM 3% 04.03.2033,EUR,Kingdom of Belgium,BE3871288184,Sovereign,2033-04-03,NaN,3.000,Annual,3.410,97.240,100,Belgium,44323000,100,No,Yes,No,63.000,0.518
BELGIUM 0% 12.11.2026,EUR,Kingdom of Belgium,BE0312818900,Sovereign,2026-12-11,NaN,0.000,NaN,2.314,98.743,0,Belgium,2757000000,0,No,Yes,No,174.000,0.000
BELGIUM 0% 15.10.2026,EUR,Kingdom of Belgium,BE0312817894,Sovereign,2026-10-15,NaN,0.000,NaN,2.256,98.954,0,Belgium,3432000000,0,No,Yes,No,202.000,0.000
BELGIUM 0% 11.06.2026,EUR,Kingdom of Belgium,BE0312813851,Sovereign,2026-11-06,NaN,0.000,NaN,2.044,99.799,0,Belgium,6329000000,0,No,Yes,No,328.000,0.000
DENMARK 0% 15.11.2031,DKK,Kingdom of Denmark,DK0009924102,Sovereign,2031-11-15,NaN,0.000,Annual,2.586,86.522,0,Denmark,43505000000,0,No,Yes,No,172.000,0.000
DENMARK 2.25% 15.11.2035,DKK,Kingdom of Denmark,DK0009925182,Sovereign,2035-11-15,NaN,2.250,Annual,2.761,95.738,0,Denmark,9575000000,0,No,Yes,No,172.000,1.060
DENMARK 2% 15.11.2028,DKK,Kingdom of Denmark,DK0009925265,Sovereign,2028-11-15,NaN,2.000,Annual,2.328,99.162,0,Denmark,19980000000,0,No,Yes,No,172.000,0.943
DENMARK 0.5% 15.11.2027,DKK,Kingdom of Denmark,DK0009923567,Sovereign,2027-11-15,NR,0.500,Annual,2.302,97.070,0,Denmark,56495000000,0,No,Yes,No,172.000,0.236
DENMARK 2.25% 15.11.2026,DKK,Kingdom of Denmark,DK0009924888,Sovereign,2026-11-15,NaN,2.250,Annual,1.837,100.100,0,Denmark,19427000000,0,No,Yes,No,172.000,1.060
DENMARK 0% 15.11.2031,DKK,Kingdom of Denmark,DK0009924375,Sovereign,2031-11-15,NaN,0.000,Annual,2.580,86.596,0,Denmark,16240000000,0,No,Yes,No,172.000,0.000
DENMARK 2.25% 15.11.2035,DKK,Kingdom of Denmark,DK0009924961,Sovereign,2035-11-15,NaN,2.250,Annual,2.761,94.945,0,Denmark,43580000000,0,No,Yes,No,172.000,1.060
DENMARK 2.25% 15.11.2033,DKK,Kingdom of Denmark,DK0009924532,Sovereign,2033-11-15,NaN,2.250,Annual,2.741,96.216,0,Denmark,66345000000,0,No,Yes,No,172.000,1.060
DENMARK 2.25% 02.10.2026,EUR,Kingdom of Denmark,XS2911156326,Sovereign,2026-02-10,NaN,2.250,Annual,2.228,99.974,50000,Denmark,1000000000,1000,No,Yes,No,216.000,1.331
DENMARK 3.875% 01.07.2027,USD,Kingdom of Denmark,XS3106087771,Sovereign,2027-01-07,NaN,3.880,Semi-Annual,3.910,99.900,100000,Denmark,1500000000,1000,No,Yes,No,125.000,1.345
DENMARK 2.25% 15.11.2033,DKK,Kingdom of Denmark,DK0009924615,Sovereign,2033-11-15,NaN,2.250,Annual,2.661,96.741,0,Denmark,18165000000,0,No,Yes,No,361.000,2.225
DENMARK 0% 02.06.2026,DKK,Kingdom of Denmark,DK0009820243,Sovereign,2026-02-06,NaN,0.000,NaN,1.745,99.870,0,Denmark,7860000000,0,No,Yes,No,155.000,0.000
DENMARK 0% 02.09.2026,DKK,Kingdom of Denmark,DK0009820409,Sovereign,2026-02-09,NaN,0.000,NaN,1.883,99.354,0,Denmark,5920000000,0,No,Yes,No,64.000,0.000
DENMARK 0.5% 15.11.2029,DKK,Kingdom of Denmark,DK0009923807,Sovereign,2029-11-15,NaN,0.500,Annual,2.465,93.345,0,Denmark,47735000000,0,No,Yes,No,172.000,0.236
MOROCCO 4.75% 02.04.2035,EUR,Kingdom of Morocco,XS3041322051,Sovereign,2035-02-04,BBB-,4.750,Annual,4.668,101.061,100000,Morocco,1100000000,1000,No,Yes,No,34.000,0.443
MOROCCO 2% 30.09.2030,EUR,Kingdom of Morocco,XS2239829216,Sovereign,2030-09-30,BBB-,2.000,Annual,3.999,92.187,100000,Morocco,500000000,1000,No,Yes,No,37.000,0.203
MOROCCO 6.5% 08.09.2033,USD,Kingdom of Morocco,XS2595028700,Sovereign,2033-08-09,BBB-,6.500,Semi-Annual,5.194,107.875,200000,Morocco,1250000000,1000,No,Yes,No,58.000,1.047
MOROCCO 5.95% 08.03.2028,USD,Kingdom of Morocco,XS2595028452,Sovereign,2028-08-03,BBB-,5.950,Semi-Annual,4.655,102.375,200000,Morocco,1250000000,1000,No,Yes,No,58.000,0.959
MOROCCO 2.375% 15.12.2027,USD,Kingdom of Morocco,XS2270576619,Sovereign,2027-12-15,BBB-,2.380,Semi-Annual,4.492,97.000,200000,Morocco,750000000,1000,No,Yes,No,141.000,0.931
MOROCCO 3% 15.12.2032,USD,Kingdom of Morocco,XS2270576965,Sovereign,2032-12-15,BBB-,3.000,Semi-Annual,5.142,88.125,200000,Morocco,1000000000,1000,No,Yes,No,141.000,1.175
MOROCCO 3.875% 02.04.2029,EUR,Kingdom of Morocco,XS3041270664,Sovereign,2029-02-04,BBB-,3.880,Annual,3.698,100.537,100000,Morocco,900000000,1000,No,Yes,No,34.000,0.361
MOROCCO 1.5% 27.11.2031,EUR,Kingdom of Morocco,XS2080771806,Sovereign,2031-11-27,BBB-,1.500,Annual,4.096,87.537,100000,Morocco,1000000000,1000,No,Yes,No,160.000,0.657
NORWAY 1.25% 17.09.2031,NOK,Kingdom of Norway,NO0010930522,Sovereign,2031-09-17,NR,1.250,Annual,4.431,84.962,1000,Norway,47960000000,1000,No,Yes,No,231.000,0.791
NORWAY 1.75% 17.02.2027,NOK,Kingdom of Norway,NO0010786288,Sovereign,2027-02-17,NR,1.750,Annual,4.442,97.890,1000,Norway,54975000000,1000,No,Yes,No,78.000,0.374
NORWAY 0% 16.09.2026,NOK,Kingdom of Norway,NO0013660423,Sovereign,2026-09-16,NaN,0.000,NaN,4.232,98.501,1000,Norway,12000000000,1000,No,Yes,No,231.000,0.000
NORWAY 0% 17.03.2027,NOK,Kingdom of Norway,NO0013737973,Sovereign,2027-03-17,NaN,0.000,NaN,4.427,96.318,1000,Norway,10000000000,1000,No,Yes,No,49.000,0.000
NORWAY 3% 15.08.2033,NOK,Kingdom of Norway,NO0012837642,Sovereign,2033-08-15,NR,3.000,Annual,4.356,91.522,1000,Norway,59098000000,1000,No,Yes,No,264.000,2.170
NORWAY 1.75% 06.09.2029,NOK,Kingdom of Norway,NO0010844079,Sovereign,2029-06-09,NR,1.750,Annual,4.564,91.360,1000,Norway,70060000000,1000,No,Yes,No,242.000,1.160
NORWAY 2.125% 18.05.2032,NOK,Kingdom of Norway,NO0012440397,Sovereign,2032-05-18,NR,2.130,Annual,4.406,88.009,1000,Norway,51086000000,1000,No,Yes,No,353.000,2.055
NORWAY 2% 26.04.2028,NOK,Kingdom of Norway,NO0010821598,Sovereign,2028-04-26,NR,2.000,Annual,4.572,95.200,1000,Norway,49150000000,1000,No,Yes,No,10.000,0.055
NORWAY 1.375% 19.08.2030,NOK,Kingdom of Norway,NO0010875230,Sovereign,2030-08-19,NR,1.380,Annual,4.527,87.854,1000,Norway,64450000000,1000,No,Yes,No,260.000,0.980
NORWAY 0% 17.06.2026,NOK,Kingdom of Norway,NO0013583377,Sovereign,2026-06-17,NaN,0.000,NaN,3.997,99.549,1000,Norway,18000000000,1000,No,Yes,No,322.000,0.000
NORWAY 3.625% 13.04.2034,NOK,Kingdom of Norway,NO0013148338,Sovereign,2034-04-13,NaN,3.630,Annual,4.351,95.067,1000,Norway,52430000000,1000,No,Yes,No,23.000,0.228
NORWAY 0% 16.12.2026,NOK,Kingdom of Norway,NO0013708610,Sovereign,2026-12-16,NaN,0.000,NaN,4.296,97.434,1000,Norway,12000000000,1000,No,Yes,No,140.000,0.000
NORWAY 3.75% 12.06.2035,NOK,Kingdom of Norway,NO0013475558,Sovereign,2035-12-06,NaN,3.750,Annual,4.373,95.279,1000,Norway,63505000000,1000,No,Yes,No,328.000,3.370
SAUDI ARABIA 4.375% 16.04.2029,USD,Kingdom of Saudi Arabia,XS1936302865,Sovereign,2029-04-16,NaN,4.380,Semi-Annual,4.584,99.385,200000,Saudi Arabia,4000000000,1000,No,Yes,No,20.000,0.243
SAUDI ARABIA 5% 16.01.2034,USD,Kingdom of Saudi Arabia,XS2747599095,Sovereign,2034-01-16,NaN,5.000,Semi-Annual,4.947,100.348,200000,Saudi Arabia,4000000000,1000,No,Yes,No,110.000,1.528
SAUDI ARABIA 2.5% 03.02.2027,USD,Kingdom of Saudi Arabia,XS2109766126,Sovereign,2027-03-02,NaN,2.500,Semi-Annual,4.414,98.597,200000,Saudi Arabia,1250000000,1000,No,Yes,No,93.000,0.646
SAUDI ARABIA 3.25% 22.10.2030,USD,Kingdom of Saudi Arabia,XS2159975700,Sovereign,2030-10-22,NaN,3.250,Semi-Annual,4.635,94.631,200000,Saudi Arabia,1500000000,1000,No,Yes,No,14.000,0.126
SAUDI ARABIA 0.625% 03.03.2030,EUR,Kingdom of Saudi Arabia,XS2308197693,Sovereign,2030-03-03,NaN,0.630,Annual,3.262,90.601,100000,Saudi Arabia,500000000,1000,No,Yes,No,64.000,0.110
SAUDI ARABIA 5.625% 13.01.2035,USD,Kingdom of Saudi Arabia,XS2974969482,Sovereign,2035-01-13,NaN,5.630,Semi-Annual,5.053,103.784,200000,Saudi Arabia,4000000000,1000,No,Yes,No,113.000,1.766
SAUDI ARABIA 2.25% 02.02.2033,USD,Kingdom of Saudi Arabia,XS2294322818,Sovereign,2033-02-02,NaN,2.250,Semi-Annual,4.903,85.026,200000,Saudi Arabia,2750000000,1000,No,Yes,No,94.000,0.588
SAUDI ARABIA 5.375% 13.01.2031,USD,Kingdom of Saudi Arabia,XS2974968161,Sovereign,2031-01-13,NaN,5.380,Semi-Annual,4.733,102.662,200000,Saudi Arabia,3000000000,1000,No,Yes,No,113.000,1.687
SAUDI ARABIA 3.375% 05.03.2032,EUR,Kingdom of Saudi Arabia,XS3015244711,Sovereign,2032-05-03,NaN,3.380,Annual,3.735,98.094,100000,Saudi Arabia,1500000000,1000,No,Yes,No,62.000,0.573
SAUDI ARABIA 4.5% 17.04.2030,USD,Kingdom of Saudi Arabia,XS1791939066,Sovereign,2030-04-17,NaN,4.500,Semi-Annual,4.637,99.539,200000,Saudi Arabia,3000000000,1000,No,Yes,No,19.000,0.237
SAUDI ARABIA 3.625% 04.03.2028,USD,Kingdom of Saudi Arabia,XS1694217495,Sovereign,2028-04-03,NaN,3.630,Semi-Annual,4.597,98.340,200000,Saudi Arabia,5000000000,1000,No,Yes,No,62.000,0.624
SAUDI ARABIA 5.125% 13.01.2028,USD,Kingdom of Saudi Arabia,XS2974923497,Sovereign,2028-01-13,NaN,5.130,Semi-Annual,4.509,100.926,200000,Saudi Arabia,5000000000,1000,No,Yes,No,113.000,1.609
SAUDI ARABIA 5.5% 25.10.2032,USD,Kingdom of Saudi Arabia,XS2548892020,Sovereign,2032-10-25,NaN,5.500,Semi-Annual,4.839,103.570,200000,Saudi Arabia,2500000000,1000,No,Yes,No,11.000,0.168
SAUDI ARABIA 0.75% 09.07.2027,EUR,Kingdom of Saudi Arabia,XS2024540622,Sovereign,2027-09-07,NaN,0.750,Annual,3.229,97.108,100000,Saudi Arabia,1000000000,1000,No,Yes,No,301.000,0.619
SAUDI ARABIA 3.25% 26.10.2026,USD,Kingdom of Saudi Arabia,XS1508675417,Sovereign,2026-10-26,NaN,3.250,Semi-Annual,4.407,99.454,200000,Saudi Arabia,5212325000,1000,No,Yes,No,10.000,0.090
SAUDI ARABIA 4.75% 16.01.2030,USD,Kingdom of Saudi Arabia,XS2747598444,Sovereign,2030-01-16,NaN,4.750,Semi-Annual,4.597,100.423,200000,Saudi Arabia,3250000000,1000,No,Yes,No,110.000,1.451
SAUDI ARABIA 4.375% 12.01.2031,USD,Kingdom of Saudi Arabia,XS3267899840,Sovereign,2031-12-01,A+,4.380,Semi-Annual,4.696,98.592,200000,Saudi Arabia,2750000000,1000,No,Yes,No,114.000,1.385
SAUDI ARABIA 4.875% 18.07.2033,USD,Kingdom of Saudi Arabia,XS2577135127,Sovereign,2033-07-18,NaN,4.880,Semi-Annual,4.925,99.703,200000,Saudi Arabia,3500000000,1000,No,Yes,No,108.000,1.462
SAUDI ARABIA 4.75% 18.01.2028,USD,Kingdom of Saudi Arabia,XS2577134401,Sovereign,2028-01-18,NaN,4.750,Semi-Annual,4.517,100.344,200000,Saudi Arabia,3250000000,1000,No,Yes,No,108.000,1.425
SAUDI ARABIA 4.125% 12.01.2029,USD,Kingdom of Saudi Arabia,XS3267899683,Sovereign,2029-12-01,A+,4.130,Semi-Annual,4.567,98.879,200000,Saudi Arabia,2500000000,1000,No,Yes,No,114.000,1.306
SAUDI ARABIA 4.875% 12.01.2036,USD,Kingdom of Saudi Arabia,XS3267901174,Sovereign,2036-12-01,A+,4.880,Semi-Annual,5.103,98.282,200000,Saudi Arabia,2750000000,1000,No,Yes,No,114.000,1.544
SAUDI ARABIA 2.75% 03.02.2032,USD,Kingdom of Saudi Arabia,XS2109766472,Sovereign,2032-03-02,NaN,2.750,Semi-Annual,4.804,89.750,200000,Saudi Arabia,1000000000,1000,No,Yes,No,93.000,0.710
SPAIN 5.25% 06.04.2029,GBP,Kingdom of Spain,XS0096272355,Sovereign,2029-06-04,NR,5.250,Annual,4.596,101.634,1000,Spain,200000000,1000,No,No,No,30.000,0.438
SPAIN 0% 31.01.2028,EUR,Kingdom of Spain,ES0000012I08,Sovereign,2028-01-31,NaN,0.000,Annual,2.670,95.416,1000,Spain,28408116000,1000,No,Yes,Yes,95.000,0.000
SPAIN 2.915% 02.12.2030,JPY,Kingdom of Spain,XS0565340758,Sovereign,2030-02-12,NaN,2.920,Semi-Annual,1.706,105.294,100000000,Spain,20000000000,100000000,No,Yes,No,154.000,1.247
SPAIN 0% 10.07.2026,EUR,Kingdom of Spain,ES0L02607106,Sovereign,2026-10-07,NaN,0.000,NaN,1.996,99.637,1000,Spain,8970482000,1000,No,Yes,Yes,300.000,0.000
SPAIN 3.2% 31.10.2035,EUR,Kingdom of Spain,ES0000012P33,Sovereign,2035-10-31,NaN,3.200,Annual,3.431,97.750,1000,Spain,28445015000,1000,No,Yes,Yes,187.000,1.639
SPAIN 3.1% 30.07.2031,EUR,Kingdom of Spain,ES0000012N43,Sovereign,2031-07-30,NaN,3.100,Annual,2.966,100.389,1000,Spain,27054155000,1000,No,Yes,Yes,280.000,2.378
SPAIN 2.35% 31.03.2029,EUR,Kingdom of Spain,ES0000012P90,Sovereign,2029-03-31,NaN,2.350,Annual,2.779,98.588,1000,Spain,9446196000,1000,No,Yes,Yes,36.000,0.232
SPAIN 2.4% 31.05.2028,EUR,Kingdom of Spain,ES0000012O59,Sovereign,2028-05-31,NaN,2.400,Annual,2.713,99.241,1000,Spain,22340256000,1000,No,Yes,Yes,340.000,2.236
SPAIN 1.4% 30.04.2028,EUR,Kingdom of Spain,ES0000012B39,Sovereign,2028-04-30,NaN,1.400,Annual,2.674,97.419,1000,Spain,27919919000,1000,No,Yes,Yes,6.000,0.023
SPAIN 0% 05.02.2027,EUR,Kingdom of Spain,ES0L02702055,Sovereign,2027-05-02,NaN,0.000,NaN,2.395,98.090,1000,Spain,4402720000,1000,No,Yes,Yes,89.000,0.000
SPAIN 0.5% 30.04.2030,EUR,Kingdom of Spain,ES0000012F76,Sovereign,2030-04-30,NaN,0.500,Annual,2.846,91.074,1000,Spain,27563373000,1000,No,Yes,Yes,6.000,0.008
SPAIN 0% 05.03.2027,EUR,Kingdom of Spain,ES0L02703053,Sovereign,2027-05-03,NaN,0.000,NaN,2.430,97.898,1000,Spain,4227343000,1000,No,Yes,Yes,61.000,0.000
SPAIN 0% 04.12.2026,EUR,Kingdom of Spain,ES0L02612049,Sovereign,2026-04-12,NaN,0.000,NaN,2.342,98.573,1000,Spain,6177156000,1000,No,Yes,Yes,152.000,0.000
SPAIN 1.25% 31.10.2030,EUR,Kingdom of Spain,ES0000012G34,Sovereign,2030-10-31,NaN,1.250,Annual,2.896,92.955,1000,Spain,30241721000,1000,No,Yes,Yes,187.000,0.640
SPAIN 2.5% 31.05.2027,EUR,Kingdom of Spain,ES0000012M77,Sovereign,2027-05-31,NaN,2.500,Annual,2.646,99.748,1000,Spain,23815497000,1000,No,Yes,Yes,340.000,2.329
SPAIN 3.15% 30.04.2035,EUR,Kingdom of Spain,ES0000012O67,Sovereign,2035-04-30,NaN,3.150,Annual,3.385,97.819,1000,Spain,26234454000,1000,No,Yes,Yes,6.000,0.052
SPAIN 0% 08.05.2026,EUR,Kingdom of Spain,ES0L02605084,Sovereign,2026-08-05,NaN,0.000,NaN,1.950,99.989,1000,Spain,9009452000,1000,No,Yes,Yes,362.000,0.000
SPAIN 2.7% 31.01.2030,EUR,Kingdom of Spain,ES0000012O00,Sovereign,2030-01-31,NaN,2.700,Annual,2.842,99.296,1000,Spain,22684382000,1000,No,Yes,Yes,95.000,0.703
SPAIN 1.4% 30.07.2028,EUR,Kingdom of Spain,ES0000012B88,Sovereign,2028-07-30,NaN,1.400,Annual,2.680,97.106,1000,Spain,26689438000,1000,No,Yes,Yes,280.000,1.074
SPAIN 0% 09.10.2026,EUR,Kingdom of Spain,ES0L02610092,Sovereign,2026-09-10,NaN,0.000,NaN,2.230,98.999,1000,Spain,8953967000,1000,No,Yes,Yes,208.000,0.000
SPAIN 0.5% 31.10.2031,EUR,Kingdom of Spain,ES0000012I32,Sovereign,2031-10-31,NaN,0.500,Annual,2.993,87.342,1000,Spain,25938543000,1000,No,Yes,Yes,187.000,0.256
SPAIN 0% 06.11.2026,EUR,Kingdom of Spain,ES0L02611066,Sovereign,2026-06-11,NaN,0.000,NaN,2.335,98.790,1000,Spain,5661681000,1000,No,Yes,Yes,180.000,0.000
SPAIN 2.55% 31.10.2032,EUR,Kingdom of Spain,ES0000012K61,Sovereign,2032-10-31,NaN,2.550,Annual,3.108,96.486,1000,Spain,27361176000,1000,No,Yes,Yes,187.000,1.306
SPAIN 0.6% 31.10.2029,EUR,Kingdom of Spain,ES0000012F43,Sovereign,2029-10-31,NaN,0.600,Annual,2.795,92.617,1000,Spain,25484312000,1000,No,Yes,Yes,187.000,0.307
SPAIN 1.3% 31.10.2026,EUR,Kingdom of Spain,ES00000128H5,Sovereign,2026-10-31,NR,1.300,Annual,2.327,99.447,1000,Spain,28619365000,1000,No,Yes,Yes,187.000,0.666
SPAIN 0% 15.01.2027,EUR,Kingdom of Spain,ES0L02701156,Sovereign,2027-01-15,NaN,0.000,NaN,2.407,98.248,1000,Spain,6452801000,1000,No,Yes,Yes,110.000,0.000
SPAIN 2.8% 31.05.2026,EUR,Kingdom of Spain,ES0000012L29,Sovereign,2026-05-31,NaN,2.800,Annual,2.206,100.029,1000,Spain,23585400000,1000,No,Yes,Yes,340.000,2.608
SPAIN 0% 31.01.2027,EUR,Kingdom of Spain,ES0000012J15,Sovereign,2027-01-31,NaN,0.000,Annual,2.476,98.130,1000,Spain,22790169000,1000,No,Yes,Yes,95.000,0.000
SPAIN 3.55% 31.10.2033,EUR,Kingdom of Spain,ES0000012L78,Sovereign,2033-10-31,NaN,3.550,Annual,3.237,101.720,1000,Spain,26711488000,1000,No,Yes,Yes,187.000,1.819
SPAIN 1.45% 31.10.2027,EUR,Kingdom of Spain,ES0000012A89,Sovereign,2027-10-31,NR,1.450,Annual,2.644,98.157,1000,Spain,25076332000,1000,No,Yes,Yes,187.000,0.743
SPAIN 5.75% 30.07.2032,EUR,Kingdom of Spain,ES0000012411,Sovereign,2032-07-30,NR,5.750,Annual,3.048,114.846,1000,Spain,23844611000,1000,No,Yes,Yes,280.000,4.411
SPAIN 0% 04.09.2026,EUR,Kingdom of Spain,ES0L02609045,Sovereign,2026-04-09,NaN,0.000,NaN,2.142,99.251,1000,Spain,7935337000,1000,No,Yes,Yes,243.000,0.000
SPAIN 3.3% 30.04.2036,EUR,Kingdom of Spain,ES0000012Q08,Sovereign,2036-04-30,NaN,3.300,Annual,3.468,98.144,1000,Spain,20668513000,1000,No,Yes,Yes,6.000,0.054
SPAIN 1.95% 30.07.2030,EUR,Kingdom of Spain,ES00000127A2,Sovereign,2030-07-30,NR,1.950,Annual,2.861,96.199,1000,Spain,27591302000,1000,No,Yes,Yes,280.000,1.496
SPAIN 0.7% 30.04.2032,EUR,Kingdom of Spain,ES0000012K20,Sovereign,2032-04-30,NaN,0.700,Annual,3.057,87.055,1000,Spain,29085289000,1000,No,Yes,Yes,6.000,0.011
SPAIN 0% 09.04.2027,EUR,Kingdom of Spain,ES0L02704093,Sovereign,2027-09-04,NaN,0.000,NaN,2.501,97.599,1000,Spain,5297784000,1000,No,Yes,Yes,26.000,0.000
SPAIN 3.5% 31.05.2029,EUR,Kingdom of Spain,ES0000012M51,Sovereign,2029-05-31,NaN,3.500,Annual,2.768,101.948,1000,Spain,28935953000,1000,No,Yes,Yes,340.000,3.260
SPAIN 2.35% 30.07.2033,EUR,Kingdom of Spain,ES00000128Q6,Sovereign,2033-07-30,NR,2.350,Annual,3.194,94.335,1000,Spain,22596026000,1000,No,Yes,Yes,280.000,1.803
SPAIN 0.1% 30.04.2031,EUR,Kingdom of Spain,ES0000012H41,Sovereign,2031-04-30,NaN,0.100,Annual,2.938,86.819,1000,Spain,28197314000,1000,No,Yes,Yes,6.000,0.002
SPAIN 3.25% 30.04.2034,EUR,Kingdom of Spain,ES0000012M85,Sovereign,2034-04-30,NaN,3.250,Annual,3.298,99.316,1000,Spain,24512712000,1000,No,Yes,Yes,6.000,0.053
SPAIN 3.45% 31.10.2034,EUR,Kingdom of Spain,ES0000012N35,Sovereign,2034-10-31,NaN,3.450,Annual,3.341,100.405,1000,Spain,25957416000,1000,No,Yes,Yes,187.000,1.768
SPAIN 3% 31.01.2033,EUR,Kingdom of Spain,ES0000012P74,Sovereign,2033-01-31,NaN,3.000,Annual,3.156,98.787,1000,Spain,16750534000,1000,No,Yes,Yes,95.000,0.781
SPAIN 2.6% 31.05.2031,EUR,Kingdom of Spain,ES0000012Q16,Sovereign,2031-05-31,NaN,2.600,Annual,2.942,98.143,1000,Spain,7885995000,1000,No,Yes,Yes,71.000,0.506
SPAIN 0% 05.06.2026,EUR,Kingdom of Spain,ES0L02606058,Sovereign,2026-05-06,NaN,0.000,NaN,1.931,99.839,1000,Spain,8468803000,1000,No,Yes,Yes,334.000,0.000
SPAIN 0.8% 30.07.2029,EUR,Kingdom of Spain,ES0000012K53,Sovereign,2029-07-30,NaN,0.800,Annual,2.799,93.740,1000,Spain,27423408000,1000,No,Yes,Yes,280.000,0.614
SPAIN 0.8% 30.07.2027,EUR,Kingdom of Spain,ES0000012G26,Sovereign,2027-07-30,NaN,0.800,Annual,2.636,97.681,1000,Spain,23002777000,1000,No,Yes,Yes,280.000,0.614
SPAIN 0% 07.08.2026,EUR,Kingdom of Spain,ES0L02608070,Sovereign,2026-07-08,NaN,0.000,NaN,2.099,99.438,1000,Spain,7806056000,1000,No,Yes,Yes,271.000,0.000
SPAIN 1.85% 30.07.2035,EUR,Kingdom of Spain,ES0000012E69,Sovereign,2035-07-30,NaN,1.850,Annual,3.391,87.584,1000,Spain,25069438000,1000,No,Yes,Yes,280.000,1.419
SPAIN 3.15% 30.04.2033,EUR,Kingdom of Spain,ES0000012L52,Sovereign,2033-04-30,NaN,3.150,Annual,3.175,99.538,1000,Spain,25679589000,1000,No,Yes,Yes,6.000,0.052
SPAIN 1.45% 30.04.2029,EUR,Kingdom of Spain,ES0000012E51,Sovereign,2029-04-30,NaN,1.450,Annual,2.736,96.212,1000,Spain,24530192000,1000,No,Yes,Yes,6.000,0.024
SPAIN 6% 31.01.2029,EUR,Kingdom of Spain,ES0000011868,Sovereign,2029-01-31,NR,6.000,Annual,2.699,108.441,1000,Spain,23673062979,1000,No,Yes,Yes,95.000,1.562
SPAIN 5.15% 31.10.2028,EUR,Kingdom of Spain,ES00000124C5,Sovereign,2028-10-31,NR,5.150,Annual,2.702,105.639,1000,Spain,24266450000,1000,No,Yes,Yes,187.000,2.639
SPAIN 1.5% 30.04.2027,EUR,Kingdom of Spain,ES00000128P8,Sovereign,2027-04-30,NR,1.500,Annual,2.584,98.862,1000,Spain,25709998000,1000,No,Yes,Yes,6.000,0.025
SPAIN 5.9% 30.07.2026,EUR,Kingdom of Spain,ES00000123C7,Sovereign,2026-07-30,NR,5.900,Annual,2.132,100.851,1000,Spain,23864214000,1000,No,Yes,Yes,280.000,4.526
SWEDEN 0% 16.12.2026,SEK,Kingdom of Sweden,SE0027099375,Sovereign,2026-12-16,NaN,0.000,NaN,2.141,98.688,5000,Sweden,35000000000,5000,No,Yes,No,NaN,NaN
SWEDEN 2.25% 01.06.2032,SEK,Kingdom of Sweden,SE0004517290,Sovereign,2032-01-06,NR,2.250,Annual,2.609,98.196,5000,Sweden,54097000000,5000,No,Yes,Yes,160.000,1.000
SWEDEN 2.25% 11.05.2035,SEK,Kingdom of Sweden,SE0021308541,Sovereign,2035-11-05,NaN,2.250,Annual,2.830,96.670,5000,Sweden,88750000000,5000,No,Yes,Yes,180.000,1.125
SWEDEN 0.125% 09.09.2030,SEK,Kingdom of Sweden,XS2226974504,Sovereign,2030-09-09,NaN,0.130,Annual,2.513,90.587,1000000,Sweden,20000000000,10000,No,Yes,No,237.000,0.082
SWEDEN 2% 26.06.2028,EUR,Kingdom of Sweden,XS3101501776,Sovereign,2028-06-26,NaN,2.000,Annual,2.709,98.397,100000,Sweden,2000000000,1000,No,Yes,No,314.000,1.720
SWEDEN 0% 16.09.2026,SEK,Kingdom of Sweden,SE0026142598,Sovereign,2026-09-16,NaN,0.000,NaN,1.970,98.658,5000,Sweden,37500000000,5000,No,Yes,No,56.000,0.000
SWEDEN 0.75% 12.11.2029,SEK,Kingdom of Sweden,SE0011281922,Sovereign,2029-12-11,NaN,0.750,Annual,2.519,94.336,5000,Sweden,90339000000,5000,No,Yes,Yes,1.000,-0.002
SWEDEN 0.125% 12.05.2031,SEK,Kingdom of Sweden,SE0013935319,Sovereign,2031-12-05,NaN,0.130,Annual,2.617,88.815,5000,Sweden,75390000000,5000,No,Yes,Yes,179.000,0.062
SWEDEN 0% 17.06.2026,SEK,Kingdom of Sweden,SE0025198237,Sovereign,2026-06-17,NaN,0.000,NaN,1.850,99.787,5000,Sweden,35000000000,5000,No,Yes,No,141.000,0.000
SWEDEN 0.75% 12.05.2028,SEK,Kingdom of Sweden,SE0009496367,Sovereign,2028-12-05,NaN,0.750,Annual,2.455,96.809,5000,Sweden,90013000000,5000,No,Yes,Yes,179.000,0.373
SWEDEN 0% 17.03.2027,SEK,Kingdom of Sweden,SE0028001073,Sovereign,2027-03-17,NaN,0.000,NaN,2.270,98.056,5000,Sweden,23100000000,5000,No,Yes,No,NaN,NaN
SWEDEN 0% 19.08.2026,SEK,Kingdom of Sweden,SE0028778225,Sovereign,2026-08-19,NaN,0.000,NaN,1.918,99.445,5000,Sweden,10000000000,5000,No,Yes,No,NaN,NaN
SWEDEN 1.75% 11.11.2033,SEK,Kingdom of Sweden,SE0017830730,Sovereign,2033-11-11,NaN,1.750,Annual,2.738,94.090,5000,Sweden,62960000000,5000,No,Yes,Yes,NaN,0.000
SWEDEN 0% 20.05.2026,SEK,Kingdom of Sweden,SE0027620337,Sovereign,2026-05-20,NaN,0.000,NaN,1.804,99.929,5000,Sweden,20000000000,5000,No,Yes,No,NaN,NaN
SWEDEN 0% 15.07.2026,SEK,Kingdom of Sweden,SE0028355024,Sovereign,2026-07-15,NaN,0.000,NaN,1.882,99.636,5000,Sweden,20000000000,5000,No,Yes,No,NaN,NaN
SWEDEN 1% 12.11.2026,SEK,Kingdom of Sweden,SE0007125927,Sovereign,2026-12-11,NaN,1.000,Annual,2.165,99.419,5000,Sweden,96414000000,5000,No,Yes,Yes,1.000,-0.003
SWEDEN 3.375% 28.01.2028,USD,Kingdom of Sweden,XS3216984099,Sovereign,2028-01-28,NaN,3.380,Semi-Annual,3.849,99.122,100000,Sweden,2000000000,1000,No,Yes,No,98.000,0.919
NETHERLANDS 0.75% 15.07.2027,EUR,Kingdom of the Netherlands,NL0012171458,Sovereign,2027-07-15,NaN,0.750,Annual,2.559,97.810,1,Netherlands,17617926000,1,No,Yes,No,295.000,0.606
NETHERLANDS 0.5% 15.07.2026,EUR,Kingdom of the Netherlands,NL0011819040,Sovereign,2026-07-15,NaN,0.500,Annual,2.001,99.700,1,Netherlands,17171051000,1,No,Yes,No,295.000,0.404
NETHERLANDS 2.5% 15.07.2035,EUR,Kingdom of the Netherlands,NL0015002F72,Sovereign,2035-07-15,NaN,2.500,Annual,3.056,95.170,1,Netherlands,13620507000,1,No,Yes,No,295.000,2.021
NETHERLANDS 0.25% 15.07.2029,EUR,Kingdom of the Netherlands,NL0013332430,Sovereign,2029-07-15,NaN,0.250,Annual,2.679,92.460,1,Netherlands,14659587000,1,No,Yes,No,295.000,0.202
NETHERLANDS 0.5% 15.07.2032,EUR,Kingdom of the Netherlands,NL0015000RP1,Sovereign,2032-07-15,NaN,0.500,Annual,2.888,86.410,1,Netherlands,16035815000,1,No,Yes,No,295.000,0.404
NETHERLANDS 2.5% 15.01.2030,EUR,Kingdom of the Netherlands,NL0015001DQ7,Sovereign,2030-01-15,NaN,2.500,Annual,2.724,99.010,1,Netherlands,15125000000,1,No,Yes,No,111.000,0.760
NETHERLANDS 0.75% 15.07.2028,EUR,Kingdom of the Netherlands,NL0012818504,Sovereign,2028-07-15,NaN,0.750,Annual,2.610,95.930,1,Netherlands,19331941000,1,No,Yes,No,295.000,0.606
NETHERLANDS 0% 15.07.2030,EUR,Kingdom of the Netherlands,NL0014555419,Sovereign,2030-07-15,NaN,0.000,Annual,2.748,89.000,1,Netherlands,16313462000,1,No,Yes,No,295.000,0.000
NETHERLANDS 0% 29.09.2026,EUR,Kingdom of the Netherlands,NL00150740W0,Sovereign,2026-09-29,NaN,0.000,NaN,2.155,99.096,1,Netherlands,2590000000,1,No,Yes,No,27.000,0.000
NETHERLANDS 0% 28.08.2026,EUR,Kingdom of the Netherlands,NL0015073VU0,Sovereign,2026-08-28,NaN,0.000,NaN,2.090,99.314,1,Netherlands,3310000000,1,No,Yes,No,63.000,0.000
NETHERLANDS 0% 15.01.2029,EUR,Kingdom of the Netherlands,NL0015000LS8,Sovereign,2029-01-15,NaN,0.000,Annual,2.647,93.030,1,Netherlands,16476000000,1,No,Yes,No,111.000,0.000
NETHERLANDS 0% 28.05.2026,EUR,Kingdom of the Netherlands,NL0015002XE9,Sovereign,2026-05-28,NaN,0.000,NaN,1.903,99.885,1,Netherlands,5860000000,1,No,Yes,No,154.000,0.000
NETHERLANDS 2.5% 15.01.2033,EUR,Kingdom of the Netherlands,NL0010071189,Sovereign,2033-01-15,NaN,2.500,Annual,2.891,97.360,1,Netherlands,15507900000,1,No,Yes,No,111.000,0.760
NETHERLANDS 2.5% 15.07.2033,EUR,Kingdom of the Netherlands,NL0015001AM2,Sovereign,2033-07-15,NaN,2.500,Annual,2.959,96.780,1,Netherlands,12159993000,1,No,Yes,No,295.000,2.021
NETHERLANDS 2.5% 15.07.2034,EUR,Kingdom of the Netherlands,NL0015001XZ6,Sovereign,2034-07-15,NaN,2.500,Annual,3.015,95.980,1,Netherlands,13353584000,1,No,Yes,No,295.000,2.021
NETHERLANDS 2.5% 15.01.2031,EUR,Kingdom of the Netherlands,NL0015073TQ2,Sovereign,2031-01-15,NaN,2.500,Annual,2.781,98.500,1,Netherlands,8969000000,1,No,Yes,No,111.000,0.760
NETHERLANDS 0% 15.01.2027,EUR,Kingdom of the Netherlands,NL0015031501,Sovereign,2027-01-15,NaN,0.000,Annual,2.332,98.370,1,Netherlands,14954000000,1,No,Yes,No,111.000,0.000
NETHERLANDS 0% 15.07.2031,EUR,Kingdom of the Netherlands,NL00150006U0,Sovereign,2031-07-15,NaN,0.000,Annual,2.819,86.360,1,Netherlands,17530805000,1,No,Yes,No,295.000,0.000
NETHERLANDS 5.5% 15.01.2028,EUR,Kingdom of the Netherlands,NL0000102317,Sovereign,2028-01-15,NR,5.500,Annual,2.576,104.660,1,Netherlands,13027960851,1,No,Yes,No,300.000,4.521
NETHERLANDS 0% 29.06.2026,EUR,Kingdom of the Netherlands,NL0015073S14,Sovereign,2026-06-29,NaN,0.000,NaN,1.939,99.706,1,Netherlands,6460000000,1,No,Yes,No,119.000,0.000
NETHERLANDS 0% 30.07.2026,EUR,Kingdom of the Netherlands,NL0015073UH9,Sovereign,2026-07-30,NaN,0.000,NaN,2.011,99.510,1,Netherlands,5490000000,1,No,Yes,No,91.000,0.000
KYRGYZSTAN 7.75% 03.06.2030,USD,Kyrgyz Republic,XS3080755591,Sovereign,2030-03-06,B+,7.750,Semi-Annual,7.060,102.179,200000,NaN,700000000,1000,No,Yes,No,153.000,3.294
MONTENEGRO 2.875% 16.12.2027,EUR,Montenegro,XS2270576700,Sovereign,2027-12-16,B+,2.880,Annual,4.000,98.296,100000,Montenegro,750000000,1000,No,Yes,No,330.000,2.599
MONTENEGRO 7.25% 12.03.2031,USD,Montenegro,XS2779850630,Sovereign,2031-12-03,B+,7.250,Semi-Annual,5.807,106.000,200000,Montenegro,750000000,1000,No,Yes,No,54.000,1.087
MONTENEGRO 2.55% 03.10.2029,EUR,Montenegro,XS2050982755,Sovereign,2029-03-10,B+,2.550,Annual,4.093,95.184,100000,Montenegro,500000000,1000,No,Yes,No,215.000,1.502
MONTENEGRO 4.875% 01.04.2032,EUR,Montenegro,XS3037625319,Sovereign,2032-01-04,B+,4.880,Annual,4.705,100.846,100000,Montenegro,850000000,1000,No,Yes,No,35.000,0.468
NEW ZEALAND 0.25% 15.05.2028,NZD,New Zealand,NZGOVDT528C6,Sovereign,2028-05-15,AAA,0.250,Semi-Annual,3.578,93.556,10000,New Zealand,15420000000,1000,No,Yes,No,9.000,-0.006
NEW ZEALAND 3.5% 14.04.2033,NZD,New Zealand,NZGOVDT433C9,Sovereign,2033-04-14,AAA,3.500,Semi-Annual,4.367,94.852,10000,New Zealand,16784000000,1000,No,Yes,No,22.000,0.210
NEW ZEALAND 0% 13.01.2027,NZD,New Zealand,NZRTBDTRACC1,Sovereign,2027-01-13,NaN,0.000,NaN,2.838,98.071,10000,New Zealand,175000000,1000,No,Yes,Yes,111.000,0.000
NEW ZEALAND 0% 21.10.2026,NZD,New Zealand,NZRTBDTQJKC7,Sovereign,2026-10-21,NaN,0.000,NaN,2.609,98.806,10000,New Zealand,280000000,1000,No,Yes,Yes,195.000,0.000
NEW ZEALAND 3% 20.04.2029,NZD,New Zealand,NZGOVDT429C7,Sovereign,2029-04-20,AAA,3.000,Semi-Annual,3.768,97.871,10000,New Zealand,21841000000,1000,No,Yes,No,16.000,0.131
NEW ZEALAND 0% 10.02.2027,NZD,New Zealand,NZRTBDTRB0C8,Sovereign,2027-10-02,NaN,0.000,NaN,2.908,97.810,10000,New Zealand,170000000,1000,No,Yes,Yes,83.000,0.000
NEW ZEALAND 0% 29.07.2026,NZD,New Zealand,NZRTBDTQGSC6,Sovereign,2026-07-29,NaN,0.000,NaN,2.439,99.439,10000,New Zealand,405000000,1000,No,Yes,Yes,279.000,0.000
NEW ZEALAND 1.5% 15.05.2031,NZD,New Zealand,NZGOVDT531C0,Sovereign,2031-05-15,AAA,1.500,Semi-Annual,4.148,88.207,10000,New Zealand,19309000000,1000,No,Yes,No,9.000,-0.037
NEW ZEALAND 0% 18.11.2026,NZD,New Zealand,NZRTBDTQKHC1,Sovereign,2026-11-18,NaN,0.000,NaN,2.679,98.575,10000,New Zealand,200000000,1000,No,Yes,Yes,167.000,0.000
NEW ZEALAND 4.5% 15.04.2027,NZD,New Zealand,NZGOVDT427C1,Sovereign,2027-04-15,AAA,4.500,Semi-Annual,3.020,101.364,10000,New Zealand,17963000000,1000,No,Yes,No,21.000,0.258
NEW ZEALAND 0.5% 15.05.2026,NZD,New Zealand,NZGOVDT526C0,Sovereign,2026-05-15,AAA,0.500,Semi-Annual,2.300,99.955,10000,New Zealand,7855000000,1000,No,Yes,No,9.000,-0.012
NEW ZEALAND 4.5% 15.05.2030,NZD,New Zealand,NZGOVDT530C2,Sovereign,2030-05-15,AAA,4.500,Semi-Annual,3.940,102.067,10000,New Zealand,19225000000,1000,No,Yes,No,9.000,-0.112
NEW ZEALAND 4.25% 15.05.2034,NZD,New Zealand,NZGOVDT534C4,Sovereign,2034-05-15,AAA,4.250,Semi-Annual,4.465,98.564,10000,New Zealand,11875000000,1000,No,Yes,No,9.000,-0.106
NEW ZEALAND 0% 23.09.2026,NZD,New Zealand,NZRTBDTQIMC5,Sovereign,2026-09-23,NaN,0.000,NaN,2.552,99.027,10000,New Zealand,550000000,1000,No,Yes,Yes,223.000,0.000
NEW ZEALAND 2% 15.05.2032,NZD,New Zealand,NZGOVDT532C8,Sovereign,2032-05-15,AAA,2.000,Semi-Annual,4.270,88.053,10000,New Zealand,14725000000,1000,No,Yes,No,9.000,-0.050
NEW ZEALAND 0% 07.04.2027,NZD,New Zealand,NZRTBDTRD7C1,Sovereign,2027-07-04,NaN,0.000,NaN,3.031,97.278,10000,New Zealand,200000000,1000,No,Yes,Yes,27.000,0.000
NEW ZEALAND 0% 01.07.2026,NZD,New Zealand,NZRTBDTQG1C2,Sovereign,2026-01-07,NaN,0.000,NaN,2.367,99.630,10000,New Zealand,1000000000,1000,No,Yes,Yes,307.000,0.000
NEW ZEALAND 0% 26.08.2026,NZD,New Zealand,NZRTBDTQHPC0,Sovereign,2026-08-26,NaN,0.000,NaN,2.503,99.237,10000,New Zealand,600000000,1000,No,Yes,Yes,251.000,0.000
NEW ZEALAND 0% 03.06.2026,NZD,New Zealand,NZRTBDTQF3C9,Sovereign,2026-03-06,NaN,0.000,NaN,2.300,99.816,10000,New Zealand,510000000,1000,No,Yes,Yes,335.000,0.000
NEW ZEALAND 0% 06.05.2026,NZD,New Zealand,NZRTBDTQE6C3,Sovereign,2026-06-05,NaN,0.000,NaN,2.200,99.994,10000,New Zealand,515000000,1000,No,Yes,Yes,349.000,0.000
NEW ZEALAND 4.5% 15.05.2035,NZD,New Zealand,NZGOVDT535C1,Sovereign,2035-05-15,AAA,4.500,Semi-Annual,4.553,99.616,10000,New Zealand,15300000000,1000,No,Yes,No,9.000,-0.112
NEW ZEALAND 0% 10.03.2027,NZD,New Zealand,NZRTBDTRC0C7,Sovereign,2027-10-03,NaN,0.000,NaN,2.982,97.537,10000,New Zealand,150000000,1000,No,Yes,Yes,55.000,0.000
CHINA 1.75% 26.10.2031,USD,People\'s Republic of China,USY5325QAF91,Sovereign,2031-10-26,A+,1.750,Semi-Annual,3.648,90.303,200000,China,1000000000,1000,No,Yes,No,9.000,0.044
CHINA 1.25% 26.10.2026,USD,People\'s Republic of China,USY5325QAE27,Sovereign,2026-10-26,A+,1.250,Semi-Annual,3.880,98.759,200000,China,1500000000,1000,No,Yes,No,9.000,0.031
CHINA 7.5% 28.10.2027,USD,People\'s Republic of China,US712219AG90,Sovereign,2027-10-28,A+,7.500,Semi-Annual,3.585,105.628,1000,China,100000000,1000,No,No,No,7.000,0.146
CHINA 0.625% 17.11.2033,EUR,People\'s Republic of China,HK0000789559,Sovereign,2033-11-17,A+,0.630,Annual,2.970,84.057,100000,China,1000000000,1000,No,Yes,No,171.000,0.293
CHINA 3.5% 19.10.2028,USD,People\'s Republic of China,XS1891574441,Sovereign,2028-10-19,NaN,3.500,Semi-Annual,3.628,99.585,200000,China,1000000000,1000,No,Yes,No,17.000,0.165
CHINA 2.375% 25.11.2029,EUR,People\'s Republic of China,HK0001221297,Sovereign,2029-11-25,A+,2.380,Annual,2.486,99.583,100000,China,2000000000,1000,No,Yes,No,164.000,1.067
CHINA 0.25% 25.11.2030,EUR,People\'s Republic of China,XS2259626856,Sovereign,2030-11-25,A+,0.250,Annual,2.906,88.716,100000,China,2000000000,1000,No,Yes,No,162.000,0.111
CHINA 4.25% 20.11.2029,USD,People\'s Republic of China,USY15025AF98,Sovereign,2029-11-20,A+,4.250,Semi-Annual,3.617,101.948,200000,China,750000000,1000,No,Yes,No,165.000,1.948
CHINA 0.5% 12.11.2031,EUR,People\'s Republic of China,XS2078533218,Sovereign,2031-12-11,A+,0.500,Annual,2.907,87.717,100000,China,1000000000,1000,No,Yes,No,175.000,0.240
CHINA 0.625% 25.11.2035,EUR,People\'s Republic of China,XS2259627235,Sovereign,2035-11-25,A+,0.630,Annual,3.010,80.165,100000,China,1250000000,1000,No,Yes,No,162.000,0.277
CHINA 4.125% 20.11.2027,USD,People\'s Republic of China,USY15025AE24,Sovereign,2027-11-20,A+,4.130,Semi-Annual,3.518,100.790,200000,China,1250000000,1000,No,Yes,No,165.000,1.891
CHINA 2.625% 02.11.2027,USD,People\'s Republic of China,XS1706605281,Sovereign,2027-02-11,NaN,2.630,Semi-Annual,3.544,98.624,200000,China,1000000000,1000,No,Yes,No,4.000,0.029
CHINA 0.125% 12.11.2026,EUR,People\'s Republic of China,XS2078532913,Sovereign,2026-12-11,A+,0.130,Annual,2.688,98.651,100000,China,2000000000,1000,No,Yes,No,175.000,0.060
CHINA 0.125% 17.11.2028,EUR,People\'s Republic of China,XS2407277735,Sovereign,2028-11-17,A+,0.130,Annual,2.593,93.942,100000,China,1500000000,1000,No,Yes,No,170.000,0.058
CHINA 2.125% 03.12.2029,USD,People\'s Republic of China,XS2084425110,Sovereign,2029-03-12,NaN,2.130,Semi-Annual,3.573,95.023,200000,China,2000000000,1000,No,Yes,No,153.000,0.903
CHINA 2.625% 25.11.2032,EUR,People\'s Republic of China,HK0001221305,Sovereign,2032-11-25,A+,2.630,Annual,2.740,99.179,100000,China,2000000000,1000,No,Yes,No,163.000,1.172
ANDORRA 1.25% 23.02.2027,EUR,Principality of Andorra,XS2445667236,Sovereign,2027-02-23,NaN,1.250,Annual,3.125,98.474,100000,Andorra,500000000,100000,No,Yes,No,72.000,0.247
ANDORRA 1.25% 06.05.2031,EUR,Principality of Andorra,XS2339399946,Sovereign,2031-06-05,A-,1.250,Annual,3.469,89.730,100000,Andorra,500000000,100000,No,Yes,No,NaN,0.000
BULGARIA 3.625% 05.09.2032,EUR,REPUBLIC OF BULGARIA,XS2890420834,Sovereign,2032-05-09,NaN,3.630,Annual,3.408,101.158,1000,Bulgaria,1750000000,1000,No,Yes,No,243.000,2.413
BULGARIA 0.375% 23.09.2030,EUR,REPUBLIC OF BULGARIA,XS2234571425,Sovereign,2030-09-23,NaN,0.380,Annual,3.148,88.746,1000,Bulgaria,1250000000,1000,No,Yes,No,225.000,0.231
BULGARIA 4.375% 13.05.2031,EUR,REPUBLIC OF BULGARIA,XS2716887760,Sovereign,2031-05-13,NaN,4.380,Annual,3.169,105.301,1000,Bulgaria,1300000000,1000,No,Yes,No,358.000,4.291
BULGARIA 4.625% 23.09.2034,EUR,REPUBLIC OF BULGARIA,XS2536817484,Sovereign,2034-09-23,NaN,4.630,Annual,3.626,106.937,1000,Bulgaria,750000000,1000,No,Yes,No,225.000,2.851
BULGARIA 3.125% 26.03.2035,EUR,REPUBLIC OF BULGARIA,XS1208856341,Sovereign,2035-03-26,BBB+,3.130,Annual,3.737,95.349,100000,Bulgaria,900000000,1000,No,Yes,No,41.000,0.351
BULGARIA 4.5% 27.01.2033,EUR,REPUBLIC OF BULGARIA,XS2579483319,Sovereign,2033-01-27,NaN,4.500,Annual,3.448,106.116,1000,Bulgaria,1500000000,1000,No,Yes,No,99.000,1.220
BULGARIA 2.625% 26.03.2027,EUR,REPUBLIC OF BULGARIA,XS1208855889,Sovereign,2027-03-26,BBB+,2.630,Annual,2.744,99.820,100000,Bulgaria,1000000000,1000,No,Yes,No,41.000,0.295
BULGARIA 3.375% 18.07.2035,EUR,REPUBLIC OF BULGARIA,XS3124345631,Sovereign,2035-07-18,NaN,3.380,Annual,3.800,96.585,1000,Bulgaria,2000000000,1000,No,Yes,No,292.000,2.700
BULGARIA 4.125% 23.09.2029,EUR,REPUBLIC OF BULGARIA,XS2536817211,Sovereign,2029-09-23,NaN,4.130,Annual,2.950,103.610,1000,Bulgaria,1500000000,1000,No,Yes,No,225.000,2.543
BULGARIA 3.5% 07.05.2034,EUR,REPUBLIC OF BULGARIA,XS3063879368,Sovereign,2034-07-05,NaN,3.500,Annual,3.672,98.789,1000,Bulgaria,2250000000,1000,No,Yes,No,364.000,3.490
BULGARIA 3% 21.03.2028,EUR,REPUBLIC OF BULGARIA,XS1382696398,Sovereign,2028-03-21,BBB+,3.000,Annual,2.907,100.110,100000,Bulgaria,850000000,1000,No,Yes,No,46.000,0.378
SLOVENIA 1% 06.03.2028,EUR,REPUBLIC OF SLOVENIA,SI0002103776,Sovereign,2028-06-03,AA,1.000,Annual,2.701,96.970,1000,Slovenia,2350000000,1000,No,Yes,No,61.000,0.167
SLOVENIA 0% 09.07.2026,EUR,REPUBLIC OF SLOVENIA,SI0002504148,Sovereign,2026-09-07,NaN,0.000,NaN,2.122,99.630,1000,Slovenia,51737000,1000,No,Yes,No,118.000,0.000
SLOVENIA 0% 07.05.2026,EUR,REPUBLIC OF SLOVENIA,SI0002504007,Sovereign,2026-07-05,NaN,0.000,NaN,3.566,99.990,1000,Slovenia,49502000,1000,No,Yes,No,363.000,0.000
SLOVENIA 0% 12.02.2031,EUR,REPUBLIC OF SLOVENIA,SI0002104105,Sovereign,2031-12-02,AA,0.000,Annual,2.988,86.620,1000,Slovenia,2142508000,1000,No,Yes,No,83.000,0.000
SLOVENIA 0% 08.10.2026,EUR,REPUBLIC OF SLOVENIA,SI0002104972,Sovereign,2026-08-10,NaN,0.000,NaN,2.262,99.030,1000,Slovenia,80778000,1000,No,Yes,No,210.000,0.000
SLOVENIA 0.275% 14.01.2030,EUR,REPUBLIC OF SLOVENIA,SI0002103966,Sovereign,2030-01-14,AA,0.280,Annual,2.749,91.210,1000,Slovenia,1735000000,1000,No,Yes,No,112.000,0.084
SLOVENIA 1.25% 22.03.2027,EUR,REPUBLIC OF SLOVENIA,SI0002103685,Sovereign,2027-03-22,AA,1.250,Annual,2.553,98.860,1000,Slovenia,2833778000,1000,No,Yes,No,45.000,0.154
SLOVENIA 0% 07.01.2027,EUR,REPUBLIC OF SLOVENIA,SI0002504155,Sovereign,2027-07-01,NaN,0.000,NaN,2.471,98.310,1000,Slovenia,59643000,1000,No,Yes,No,118.000,0.000
SLOVENIA 0% 08.10.2026,EUR,REPUBLIC OF SLOVENIA,SI0002504270,Sovereign,2026-08-10,NaN,0.000,NaN,2.358,98.990,1000,Slovenia,44834000,1000,No,Yes,No,20.000,0.000
SLOVENIA 5% 19.09.2033,USD,REPUBLIC OF SLOVENIA,XS2635185437,Sovereign,2033-09-19,AA,5.000,Semi-Annual,4.486,102.981,200000,Slovenia,1000000000,1000,No,Yes,No,47.000,0.653
SLOVENIA 2.25% 03.03.2032,EUR,REPUBLIC OF SLOVENIA,SI0002103602,Sovereign,2032-03-03,AA,2.250,Annual,2.924,96.170,1000,Slovenia,3680919000,1000,No,Yes,No,64.000,0.395
SLOVENIA 3% 10.03.2034,EUR,REPUBLIC OF SLOVENIA,SI0002104576,Sovereign,2034-10-03,AA,3.000,Annual,3.155,98.540,1000,Slovenia,2650000000,1000,No,Yes,No,57.000,0.469
SLOVENIA 2.75% 28.03.2028,EUR,REPUBLIC OF SLOVENIA,SI0002104923,Sovereign,2028-03-28,AA,2.750,Annual,2.709,99.940,1000,Slovenia,250000000,1000,No,Yes,No,39.000,0.294
SLOVENIA 3.4% 23.02.2027,EUR,REPUBLIC OF SLOVENIA,SI0002104592,Sovereign,2027-02-23,NaN,3.400,Annual,2.620,100.580,1000,Slovenia,261000000,1000,No,Yes,No,72.000,0.671
SLOVENIA 0% 11.02.2027,EUR,REPUBLIC OF SLOVENIA,SI0002504205,Sovereign,2027-11-02,NaN,0.000,NaN,2.509,98.040,1000,Slovenia,94517000,1000,No,Yes,No,83.000,0.000
SLOVENIA 3.125% 02.07.2035,EUR,REPUBLIC OF SLOVENIA,SI0002105052,Sovereign,2035-02-07,AA,3.130,Annual,3.377,97.560,1000,Slovenia,1000000000,1000,No,Yes,No,308.000,2.637
SLOVENIA 0.125% 01.07.2031,EUR,REPUBLIC OF SLOVENIA,SI0002104196,Sovereign,2031-01-07,AA,0.130,Annual,2.778,87.140,1000,Slovenia,1239946000,1000,No,Yes,No,309.000,0.106
SLOVENIA 0.875% 15.07.2030,EUR,REPUBLIC OF SLOVENIA,SI0002103990,Sovereign,2030-07-15,AA,0.880,Annual,2.707,92.570,1000,Slovenia,1143737000,1000,No,Yes,No,295.000,0.707
SLOVENIA 1.188% 14.03.2029,EUR,REPUBLIC OF SLOVENIA,SI0002103842,Sovereign,2029-03-14,AA,1.190,Annual,2.668,95.790,1000,Slovenia,2440000000,1000,No,Yes,No,242.000,0.787
SLOVENIA 3% 02.04.2029,EUR,REPUBLIC OF SLOVENIA,SI0002105292,Sovereign,2029-02-04,AA,3.000,Annual,2.709,100.600,1000,Slovenia,225000000,1000,No,Yes,No,34.000,0.280
SLOVENIA 1.5% 25.03.2035,EUR,REPUBLIC OF SLOVENIA,SI0002103487,Sovereign,2035-03-25,AA,1.500,Annual,3.276,86.110,1000,Slovenia,2709605000,1000,No,Yes,No,42.000,0.173
SLOVENIA 3.275% 12.03.2036,EUR,REPUBLIC OF SLOVENIA,SI0002105227,Sovereign,2036-12-03,AA,3.280,Annual,3.433,98.230,1000,Slovenia,2500000000,1000,No,Yes,No,114.000,1.023
SLOVENIA 0% 07.10.2027,EUR,REPUBLIC OF SLOVENIA,SI0002105318,Sovereign,2027-07-10,NaN,0.000,NaN,2.733,96.110,1000,Slovenia,48268000,1000,No,Yes,No,20.000,0.000
SLOVENIA 3.625% 11.03.2033,EUR,REPUBLIC OF SLOVENIA,SI0002104303,Sovereign,2033-11-03,AA,3.630,Annual,3.040,103.240,1000,Slovenia,1250000000,1000,No,Yes,No,56.000,0.556
SOUTH AFRICA 0% 14.10.2026,ZAR,REPUBLIC OF SOUTH AFRICA,ZAM000718451,Sovereign,2026-10-14,NaN,0.000,NaN,7.482,96.766,100000,South Africa,14100000000,100000,No,Yes,No,201.000,0.000
SOUTH AFRICA 0% 30.12.2026,ZAR,REPUBLIC OF SOUTH AFRICA,ZAM000725878,Sovereign,2026-12-30,NaN,0.000,NaN,7.691,95.186,100000,South Africa,10450000000,100000,No,Yes,No,124.000,0.000
SOUTH AFRICA 0% 13.05.2026,ZAR,REPUBLIC OF SOUTH AFRICA,ZAM000704568,Sovereign,2026-05-13,NaN,0.000,NaN,7.091,99.825,100000,South Africa,15600000000,100000,No,Yes,No,355.000,0.000
SOUTH AFRICA 0% 23.09.2026,ZAR,REPUBLIC OF SOUTH AFRICA,ZAM000716208,Sovereign,2026-09-23,NaN,0.000,NaN,7.362,97.215,100000,South Africa,14525000000,100000,No,Yes,No,221.000,0.000
SOUTH AFRICA 4.85% 27.09.2027,USD,REPUBLIC OF SOUTH AFRICA,US836205AW44,Sovereign,2027-09-27,NaN,4.850,Semi-Annual,4.194,101.000,200000,South Africa,1000000000,1000,No,Yes,No,38.000,0.512
SOUTH AFRICA 0% 17.02.2027,ZAR,REPUBLIC OF SOUTH AFRICA,ZAM000729730,Sovereign,2027-02-17,NaN,0.000,NaN,7.760,94.211,100000,South Africa,5300000000,100000,No,Yes,No,75.000,0.000
SOUTH AFRICA 0% 21.04.2027,ZAR,REPUBLIC OF SOUTH AFRICA,ZAM000736339,Sovereign,2027-04-21,NaN,0.000,NaN,7.804,93.000,100000,South Africa,5450000000,100000,No,Yes,No,12.000,0.000
SOUTH AFRICA 0% 22.07.2026,ZAR,REPUBLIC OF SOUTH AFRICA,ZAM000711191,Sovereign,2026-07-22,NaN,0.000,NaN,7.050,98.496,100000,South Africa,15700000000,100000,No,Yes,No,285.000,0.000
SOUTH AFRICA 0% 23.12.2026,ZAR,REPUBLIC OF SOUTH AFRICA,ZAM000725621,Sovereign,2026-12-23,NaN,0.000,NaN,7.681,95.325,100000,South Africa,10788000000,100000,No,Yes,No,131.000,0.000
SOUTH AFRICA 0% 25.11.2026,ZAR,REPUBLIC OF SOUTH AFRICA,ZAM000723188,Sovereign,2026-11-25,NaN,0.000,NaN,7.621,95.895,100000,South Africa,10300000000,100000,No,Yes,No,159.000,0.000
SOUTH AFRICA 10.5% 21.12.2026,ZAR,REPUBLIC OF SOUTH AFRICA,ZAG000215088,Sovereign,2026-12-21,NaN,10.500,Semi-Annual,7.307,101.937,1000000,South Africa,87049919187,1,No,Yes,No,137.000,3.941
SOUTH AFRICA 0% 11.11.2026,ZAR,REPUBLIC OF SOUTH AFRICA,ZAM000721307,Sovereign,2026-11-11,NaN,0.000,NaN,7.591,96.179,100000,South Africa,10300000000,100000,No,Yes,No,173.000,0.000
SOUTH AFRICA 0% 10.06.2026,ZAR,REPUBLIC OF SOUTH AFRICA,ZAM000707348,Sovereign,2026-10-06,NaN,0.000,NaN,7.054,99.289,100000,South Africa,15600000000,100000,No,Yes,No,327.000,0.000
SOUTH AFRICA 0% 17.06.2026,ZAR,REPUBLIC OF SOUTH AFRICA,ZAM000707892,Sovereign,2026-06-17,NaN,0.000,NaN,7.054,99.156,100000,South Africa,15600000000,100000,No,Yes,No,320.000,0.000
SOUTH AFRICA 0% 29.07.2026,ZAR,REPUBLIC OF SOUTH AFRICA,ZAM000711720,Sovereign,2026-07-29,NaN,0.000,NaN,7.051,98.365,100000,South Africa,14186000000,100000,No,Yes,No,278.000,0.000
SOUTH AFRICA 0% 31.03.2027,ZAR,REPUBLIC OF SOUTH AFRICA,ZAM000734235,Sovereign,2027-03-31,NaN,0.000,NaN,7.791,93.401,100000,South Africa,2050000000,100000,No,Yes,No,33.000,0.000
SOUTH AFRICA 0% 06.01.2027,ZAR,REPUBLIC OF SOUTH AFRICA,ZAM000726058,Sovereign,2027-06-01,NaN,0.000,NaN,7.710,95.041,100000,South Africa,5300000000,100000,No,Yes,No,117.000,0.000
SOUTH AFRICA 3.75% 24.07.2026,EUR,REPUBLIC OF SOUTH AFRICA,XS1090107159,Sovereign,2026-07-24,BB,3.750,Annual,3.712,100.082,100000,South Africa,500000000,1000,No,Yes,No,286.000,2.938
SOUTH AFRICA 4.85% 30.09.2029,USD,REPUBLIC OF SOUTH AFRICA,US836205BA15,Sovereign,2029-09-30,BB,4.850,Semi-Annual,4.808,100.375,200000,South Africa,2000000000,1000,No,Yes,No,35.000,0.471
SOUTH AFRICA 8% 31.01.2030,ZAR,REPUBLIC OF SOUTH AFRICA,ZAG000106998,Sovereign,2030-01-31,BB+,8.000,Semi-Annual,8.169,99.703,1,South Africa,312168110031,1,No,Yes,No,96.000,2.104
SOUTH AFRICA 0% 26.08.2026,ZAR,REPUBLIC OF SOUTH AFRICA,ZAM000713718,Sovereign,2026-08-26,NaN,0.000,NaN,7.203,97.799,100000,South Africa,14000000000,100000,No,Yes,No,250.000,0.000
SOUTH AFRICA 0% 02.09.2026,ZAR,REPUBLIC OF SOUTH AFRICA,ZAM000714278,Sovereign,2026-02-09,NaN,0.000,NaN,7.242,97.655,100000,South Africa,14359000000,100000,No,Yes,No,243.000,0.000
SOUTH AFRICA 0% 16.09.2026,ZAR,REPUBLIC OF SOUTH AFRICA,ZAM000715457,Sovereign,2026-09-16,NaN,0.000,NaN,7.323,97.363,100000,South Africa,14000000000,100000,No,Yes,No,229.000,0.000
SOUTH AFRICA 0% 10.02.2027,ZAR,REPUBLIC OF SOUTH AFRICA,ZAM000729136,Sovereign,2027-10-02,NaN,0.000,NaN,7.760,94.343,100000,South Africa,5300000000,100000,No,Yes,No,82.000,0.000
SOUTH AFRICA 0% 03.03.2027,ZAR,REPUBLIC OF SOUTH AFRICA,ZAM000731009,Sovereign,2027-03-03,NaN,0.000,NaN,7.771,93.940,100000,South Africa,5300000000,100000,No,Yes,No,61.000,0.000
SOUTH AFRICA 0% 01.07.2026,ZAR,REPUBLIC OF SOUTH AFRICA,ZAM000709401,Sovereign,2026-01-07,NaN,0.000,NaN,7.054,98.891,100000,South Africa,19100000000,100000,No,Yes,No,306.000,0.000
SOUTH AFRICA 0% 24.02.2027,ZAR,REPUBLIC OF SOUTH AFRICA,ZAM000730233,Sovereign,2027-02-24,NaN,0.000,NaN,7.771,94.071,100000,South Africa,5300000000,100000,No,Yes,No,68.000,0.000
SOUTH AFRICA 0% 09.12.2026,ZAR,REPUBLIC OF SOUTH AFRICA,ZAM000724574,Sovereign,2026-09-12,NaN,0.000,NaN,7.651,95.610,100000,South Africa,10300000000,100000,No,Yes,No,145.000,0.000
SOUTH AFRICA 8.575% 31.03.2036,ZAR,REPUBLIC OF SOUTH AFRICA,ZAG000221045,Sovereign,2036-03-31,NaN,8.580,Semi-Annual,8.774,98.841,1000000,South Africa,6996000000,1000000,No,Yes,No,37.000,0.869
SOUTH AFRICA 0% 24.06.2026,ZAR,REPUBLIC OF SOUTH AFRICA,ZAM000708619,Sovereign,2026-06-24,NaN,0.000,NaN,7.056,99.023,100000,South Africa,15075000000,100000,No,Yes,No,313.000,0.000
SOUTH AFRICA 10% 31.03.2033,ZAR,REPUBLIC OF SOUTH AFRICA,ZAG000208372,Sovereign,2033-03-31,NaN,10.000,Semi-Annual,8.589,107.703,1000000,South Africa,59753273342,1000000,No,Yes,No,43.000,1.178
SOUTH AFRICA 0% 03.02.2027,ZAR,REPUBLIC OF SOUTH AFRICA,ZAM000728492,Sovereign,2027-03-02,NaN,0.000,NaN,7.751,94.482,100000,South Africa,5300000000,100000,No,Yes,No,89.000,0.000
SOUTH AFRICA 0% 28.04.2027,ZAR,REPUBLIC OF SOUTH AFRICA,ZAM000736925,Sovereign,2027-04-28,NaN,0.000,NaN,7.810,92.866,100000,South Africa,5714000000,100000,No,Yes,No,5.000,0.000
SOUTH AFRICA 10.5% 21.12.2027,ZAR,REPUBLIC OF SOUTH AFRICA,ZAG000215096,Sovereign,2027-12-21,BB+,10.500,Semi-Annual,7.505,104.593,100000,South Africa,95904918743,1,No,Yes,No,137.000,3.941
SOUTH AFRICA 0% 06.05.2026,ZAR,REPUBLIC OF SOUTH AFRICA,ZAM000703966,Sovereign,2026-06-05,NaN,0.000,NaN,7.203,99.960,100000,South Africa,15600000000,100000,No,Yes,No,362.000,0.000
SOUTH AFRICA 0% 15.07.2026,ZAR,REPUBLIC OF SOUTH AFRICA,ZAM000710581,Sovereign,2026-07-15,NaN,0.000,NaN,7.051,98.628,100000,South Africa,15700000000,100000,No,Yes,No,292.000,0.000
SOUTH AFRICA 0% 02.12.2026,ZAR,REPUBLIC OF SOUTH AFRICA,ZAM000723840,Sovereign,2026-02-12,NaN,0.000,NaN,7.630,95.756,100000,South Africa,10300000000,100000,No,Yes,No,152.000,0.000
SOUTH AFRICA 0% 20.05.2026,ZAR,REPUBLIC OF SOUTH AFRICA,ZAM000705276,Sovereign,2026-05-20,NaN,0.000,NaN,7.063,99.691,100000,South Africa,15600000000,100000,No,Yes,No,348.000,0.000
SOUTH AFRICA 8.25% 31.03.2032,ZAR,REPUBLIC OF SOUTH AFRICA,ZAG000107004,Sovereign,2032-03-31,BB+,8.250,Semi-Annual,8.481,99.329,1,South Africa,349557490951,1,No,Yes,No,37.000,0.836
SOUTH AFRICA 8.875% 28.02.2035,ZAR,REPUBLIC OF SOUTH AFRICA,ZAG000125972,Sovereign,2035-02-28,BB+,8.880,Semi-Annual,8.755,101.186,1,South Africa,369467745890,1,No,Yes,No,68.000,1.653
SOUTH AFRICA 0% 21.10.2026,ZAR,REPUBLIC OF SOUTH AFRICA,ZAM000719293,Sovereign,2026-10-21,NaN,0.000,NaN,7.521,96.615,100000,South Africa,14100000000,100000,No,Yes,No,194.000,0.000
SOUTH AFRICA 0% 17.03.2027,ZAR,REPUBLIC OF SOUTH AFRICA,ZAM000732395,Sovereign,2027-03-17,NaN,0.000,NaN,7.781,93.670,100000,South Africa,5300000000,100000,No,Yes,No,47.000,0.000
SOUTH AFRICA 0% 14.04.2027,ZAR,REPUBLIC OF SOUTH AFRICA,ZAM000735588,Sovereign,2027-04-14,NaN,0.000,NaN,7.800,93.133,100000,South Africa,5450000000,100000,No,Yes,No,19.000,0.000
SOUTH AFRICA 0% 28.10.2026,ZAR,REPUBLIC OF SOUTH AFRICA,ZAM000719756,Sovereign,2026-10-28,NaN,0.000,NaN,7.552,96.467,100000,South Africa,15007000000,100000,No,Yes,No,187.000,0.000
SOUTH AFRICA 0% 16.12.2026,ZAR,REPUBLIC OF SOUTH AFRICA,ZAM000725159,Sovereign,2026-12-16,NaN,0.000,NaN,7.661,95.471,100000,South Africa,10929000000,100000,No,Yes,No,138.000,0.000
SOUTH AFRICA 0% 05.08.2026,ZAR,REPUBLIC OF SOUTH AFRICA,ZAM000712249,Sovereign,2026-05-08,NaN,0.000,NaN,7.094,98.224,100000,South Africa,14000000000,100000,No,Yes,No,271.000,0.000
SOUTH AFRICA 0% 10.03.2027,ZAR,REPUBLIC OF SOUTH AFRICA,ZAM000731702,Sovereign,2027-10-03,NaN,0.000,NaN,7.780,93.801,100000,South Africa,5300000000,100000,No,Yes,No,54.000,0.000
SOUTH AFRICA 0% 24.03.2027,ZAR,REPUBLIC OF SOUTH AFRICA,ZAM000733195,Sovereign,2027-03-24,NaN,0.000,NaN,7.791,93.531,100000,South Africa,5300000000,100000,No,Yes,No,40.000,0.000
SOUTH AFRICA 0% 07.10.2026,ZAR,REPUBLIC OF SOUTH AFRICA,ZAM000717560,Sovereign,2026-07-10,NaN,0.000,NaN,7.440,96.918,100000,South Africa,10660000000,100000,No,Yes,No,208.000,0.000
SOUTH AFRICA 5.875% 22.06.2030,USD,REPUBLIC OF SOUTH AFRICA,US836205AY00,Sovereign,2030-06-22,BB,5.880,Semi-Annual,5.092,102.625,200000,South Africa,1400000000,1000,No,Yes,No,133.000,2.171
SOUTH AFRICA 0% 30.09.2026,ZAR,REPUBLIC OF SOUTH AFRICA,ZAM000716752,Sovereign,2026-09-30,NaN,0.000,NaN,7.401,97.067,100000,South Africa,14100000000,100000,No,Yes,No,215.000,0.000
SOUTH AFRICA 0% 19.08.2026,ZAR,REPUBLIC OF SOUTH AFRICA,ZAM000713171,Sovereign,2026-08-19,NaN,0.000,NaN,7.160,97.944,100000,South Africa,14000000000,100000,No,Yes,No,257.000,0.000
SOUTH AFRICA 0% 12.08.2026,ZAR,REPUBLIC OF SOUTH AFRICA,ZAM000712678,Sovereign,2026-12-08,NaN,0.000,NaN,7.121,98.086,100000,South Africa,14000000000,100000,No,Yes,No,264.000,0.000
SOUTH AFRICA 5.875% 20.04.2032,USD,REPUBLIC OF SOUTH AFRICA,US836205BC70,Sovereign,2032-04-20,BB,5.880,Semi-Annual,5.378,102.250,200000,South Africa,1400000000,1000,No,Yes,No,15.000,0.245
SOUTH AFRICA 7% 28.02.2031,ZAR,REPUBLIC OF SOUTH AFRICA,ZAG000077470,Sovereign,2031-02-28,BB+,7.000,Semi-Annual,8.335,95.079,1,South Africa,218177161244,1,No,Yes,No,68.000,1.304
SOUTH AFRICA 4.3% 12.10.2028,USD,REPUBLIC OF SOUTH AFRICA,US836205AU87,Sovereign,2028-12-10,BB,4.300,Semi-Annual,4.463,99.625,200000,South Africa,2000000000,1000,No,Yes,No,23.000,0.275
SOUTH AFRICA 0% 18.11.2026,ZAR,REPUBLIC OF SOUTH AFRICA,ZAM000722263,Sovereign,2026-11-18,NaN,0.000,NaN,7.601,96.040,100000,South Africa,10300000000,100000,No,Yes,No,166.000,0.000
SOUTH AFRICA 0% 09.09.2026,ZAR,REPUBLIC OF SOUTH AFRICA,ZAM000714930,Sovereign,2026-09-09,NaN,0.000,NaN,7.281,97.510,100000,South Africa,14000000000,100000,No,Yes,No,236.000,0.000
SOUTH AFRICA 0% 08.07.2026,ZAR,REPUBLIC OF SOUTH AFRICA,ZAM000710003,Sovereign,2026-08-07,NaN,0.000,NaN,7.054,98.759,100000,South Africa,14381000000,100000,No,Yes,No,299.000,0.000
SOUTH AFRICA 0% 27.01.2027,ZAR,REPUBLIC OF SOUTH AFRICA,ZAM000727858,Sovereign,2027-01-27,NaN,0.000,NaN,7.750,94.615,100000,South Africa,10793000000,100000,No,Yes,No,96.000,0.000
SOUTH AFRICA 0% 20.01.2027,ZAR,REPUBLIC OF SOUTH AFRICA,ZAM000727288,Sovereign,2027-01-20,NaN,0.000,NaN,7.731,94.761,100000,South Africa,10450000000,100000,No,Yes,No,103.000,0.000
SOUTH AFRICA 0% 03.06.2026,ZAR,REPUBLIC OF SOUTH AFRICA,ZAM000706811,Sovereign,2026-03-06,NaN,0.000,NaN,7.059,99.423,100000,South Africa,15600000000,100000,No,Yes,No,334.000,0.000
SOUTH AFRICA 0% 04.11.2026,ZAR,REPUBLIC OF SOUTH AFRICA,ZAM000720556,Sovereign,2026-04-11,NaN,0.000,NaN,7.571,96.323,100000,South Africa,10300000000,100000,No,Yes,No,180.000,0.000
SOUTH AFRICA 0% 27.05.2026,ZAR,REPUBLIC OF SOUTH AFRICA,ZAM000706084,Sovereign,2026-05-27,NaN,0.000,NaN,7.074,99.556,100000,South Africa,15600000000,100000,No,Yes,No,341.000,0.000
SOUTH AFRICA 6.25% 31.03.2036,ZAR,REPUBLIC OF SOUTH AFRICA,ZAG000030404,Sovereign,2036-03-31,BB+,6.250,Semi-Annual,8.903,83.276,1,South Africa,104262552145,1,No,Yes,No,37.000,0.634
SAN MARINO 6.5% 19.01.2027,EUR,Repubblica di San Marino,XS2619991883,Sovereign,2027-01-19,NaN,6.500,Annual,3.918,101.566,100000,San Marino,75766000,1000,No,Yes,No,107.000,1.905
SAN MARINO 3.625% 30.04.2031,EUR,Repubblica di San Marino,XS3328490423,Sovereign,2031-04-30,BBB+,3.630,Annual,3.578,99.897,100000,San Marino,350000000,1000,No,Yes,No,6.000,0.060
CAMEROON 8.875% 30.01.2033,USD,Republic Of Cameroon,XS3284960625,Sovereign,2033-01-30,B-,8.880,Semi-Annual,9.205,98.750,200000,Cameroon,850000000,1000,No,Yes,No,96.000,2.367
CAMEROON 5.95% 07.07.2032,EUR,Republic Of Cameroon,XS2360598630,Sovereign,2032-07-07,B-,5.950,Annual,8.678,89.457,100000,Cameroon,685000000,1000,No,Yes,No,303.000,4.939
CAMEROON 9.5% 31.07.2031,USD,Republic Of Cameroon,XS2869469333,Sovereign,2031-07-31,B-,9.500,Semi-Annual,8.796,101.875,200000,Cameroon,550000000,1000,No,Yes,No,96.000,2.533
ALBANIA 5.9% 09.06.2028,EUR,Republic of Albania,XS2636412210,Sovereign,2028-09-06,BB,5.900,Annual,3.721,104.387,100000,Albania,600000000,1000,No,Yes,No,331.000,5.350
ALBANIA 4.75% 14.02.2035,EUR,Republic of Albania,XS3004338557,Sovereign,2035-02-14,BB,4.750,Annual,4.730,100.348,100000,Albania,650000000,1000,No,Yes,No,81.000,1.054
ALBANIA 3.5% 23.11.2031,EUR,Republic of Albania,XS2406936075,Sovereign,2031-11-23,BB,3.500,Annual,3.706,99.104,100000,Albania,650000000,1000,No,Yes,No,164.000,1.573
ALBANIA 3.5% 16.06.2027,EUR,Republic of Albania,XS2010031990,Sovereign,2027-06-16,BB,3.500,Annual,3.530,100.059,100000,Albania,650000000,1000,No,Yes,No,324.000,3.107
ANGOLA 9.375% 31.03.2033,USD,Republic of Angola,XS3328007797,Sovereign,2033-03-31,B-,9.380,Semi-Annual,7.962,107.375,200000,Angola,1500000000,1000,No,Yes,No,36.000,0.938
ANGOLA 8.75% 14.04.2032,USD,Republic of Angola,XS2446175577,Sovereign,2032-04-14,B-,8.750,Semi-Annual,7.581,105.375,200000,Angola,1750000000,1000,No,Yes,No,22.000,0.535
ANGOLA 9.244% 15.01.2031,USD,Republic of Angola,XS3204248440,Sovereign,2031-01-15,B-,9.240,Semi-Annual,7.200,107.875,200000,Angola,1000000000,1000,No,Yes,No,111.000,2.850
ANGOLA 10.95% 27.12.2030,USD,Republic of Angola,XS2965710598,Sovereign,2030-12-27,B-,10.950,Semi-Annual,9.649,104.750,200000,Angola,1928000000,1000,No,Yes,No,129.000,3.924
ANGOLA 8% 26.11.2029,USD,Republic of Angola,XS2083302419,Sovereign,2029-11-26,B-,8.000,Semi-Annual,6.990,103.000,200000,Angola,1750000000,1000,No,Yes,No,160.000,3.556
ANGOLA 9.875% 15.10.2035,USD,Republic of Angola,XS3204755543,Sovereign,2035-10-15,B-,9.880,Semi-Annual,8.433,109.125,200000,Angola,750000000,1000,No,Yes,No,21.000,0.576
ANGOLA 8.25% 09.05.2028,USD,Republic of Angola,XS1819680288,Sovereign,2028-09-05,NaN,8.250,Semi-Annual,6.431,103.250,200000,Angola,1259803000,1000,No,Yes,No,141.000,3.231
ARMENIA 3.95% 26.09.2029,USD,Republic of Armenia,XS2010043904,Sovereign,2029-09-26,NaN,3.950,Semi-Annual,5.045,96.375,200000,Armenia,500000000,1000,No,Yes,No,40.000,0.439
ARMENIA 6.75% 12.03.2035,USD,Republic of Armenia,XS3020792696,Sovereign,2035-12-03,BB-,6.750,Semi-Annual,5.923,105.375,200000,Armenia,750000000,1000,No,Yes,No,54.000,1.012
ARMENIA 3.6% 02.02.2031,USD,Republic of Armenia,XS2010028939,Sovereign,2031-02-02,NaN,3.600,Semi-Annual,5.446,92.250,200000,Armenia,750000000,1000,No,Yes,No,94.000,0.940
AZERBAIJAN 5.125% 01.09.2029,USD,Republic of Azerbaijan,XS1678623064,Sovereign,2029-01-09,NaN,5.130,Semi-Annual,4.146,102.125,150000,Azerbaijan,310718000,1000,No,Yes,No,65.000,0.925
AZERBAIJAN 3.5% 01.09.2032,USD,Republic of Azerbaijan,XS1678623734,Sovereign,2032-01-09,NaN,3.500,Semi-Annual,4.627,94.625,150000,Azerbaijan,1076578000,1000,No,Yes,No,65.000,0.632
BENIN 4.95% 22.01.2035,EUR,Republic of Benin,XS2366832496,Sovereign,2035-01-22,BB-,4.950,Annual,6.499,91.474,100000,Benin,500000000,1000,No,Yes,No,104.000,1.430
BENIN 4.875% 19.01.2032,EUR,Republic of Benin,XS2278994418,Sovereign,2032-01-19,BB-,4.880,Annual,5.814,96.800,100000,Benin,325496000,1000,No,Yes,No,107.000,1.429
CHILE 2.55% 27.07.2033,USD,Republic of Chile,US168863DT21,Sovereign,2033-07-27,A,2.550,Semi-Annual,4.769,86.241,200000,Chile,2250000000,1000,No,Yes,No,98.000,0.694
CHILE 4.85% 22.01.2029,USD,Republic of Chile,US168863EB04,Sovereign,2029-01-22,A,4.850,Semi-Annual,4.268,101.441,200000,Chile,1700000000,1000,No,Yes,No,103.000,1.388
CHILE 4.35% 13.04.2031,USD,Republic of Chile,US168863EF18,Sovereign,2031-04-13,A,4.350,Semi-Annual,4.564,98.758,200000,Chile,850000000,1000,No,Yes,No,22.000,0.266
CHILE 3.24% 06.02.2028,USD,Republic of Chile,US168863CF36,Sovereign,2028-06-02,A,3.240,Semi-Annual,4.191,98.357,200000,Chile,1793691000,1000,No,Yes,No,89.000,0.801
CHILE 0.83% 02.07.2031,EUR,Republic of Chile,XS1843433639,Sovereign,2031-02-07,A,0.830,Annual,3.558,87.312,100000,Chile,1954685000,1000,No,Yes,No,308.000,0.700
CHILE 2.75% 31.01.2027,USD,Republic of Chile,US168863DX33,Sovereign,2027-01-31,A,2.750,Semi-Annual,4.151,99.011,200000,Chile,1500000000,1000,No,Yes,No,95.000,0.726
CHILE 2.45% 31.01.2031,USD,Republic of Chile,US168863DP09,Sovereign,2031-01-31,A,2.450,Semi-Annual,4.463,91.718,200000,Chile,1465534000,1000,No,Yes,No,95.000,0.646
CHILE 2.55% 27.01.2032,USD,Republic of Chile,US168863DN50,Sovereign,2032-01-27,A,2.550,Semi-Annual,4.652,89.304,200000,Chile,1500000000,1000,No,Yes,No,98.000,0.694
CHILE 3.875% 09.07.2031,EUR,Republic of Chile,XS2856800938,Sovereign,2031-09-07,A,3.880,Annual,3.598,101.275,100000,Chile,1600000000,1000,No,Yes,No,301.000,3.196
CHILE 1.875% 27.05.2030,EUR,Republic of Chile,XS1236685613,Sovereign,2030-05-27,A,1.880,Annual,3.301,94.574,100000,Chile,1273550000,1000,No,Yes,No,344.000,1.767
CHILE 3.5% 31.01.2034,USD,Republic of Chile,US168863DV76,Sovereign,2034-01-31,A,3.500,Semi-Annual,4.812,91.180,200000,Chile,1500000000,1000,No,Yes,No,95.000,0.924
CHILE 1.44% 01.02.2029,EUR,Republic of Chile,XS1760409042,Sovereign,2029-01-02,A,1.440,Annual,3.345,94.989,100000,Chile,620635000,1000,No,Yes,No,94.000,0.371
CHILE 3.8% 01.07.2035,EUR,Republic of Chile,XS3107229281,Sovereign,2035-01-07,A,3.800,Annual,3.917,99.118,1000,Chile,1411014928,1,No,Yes,No,308.000,3.207
CHILE 3.375% 14.04.2032,EUR,Republic of Chile,XS3272223259,Sovereign,2032-04-14,A,3.380,Annual,3.714,98.149,1000,Chile,1500000000,1,No,Yes,No,22.000,0.203
CHILE 0.555% 21.01.2029,EUR,Republic of Chile,XS2388560604,Sovereign,2029-01-21,A,0.560,Annual,3.271,92.953,100000,Chile,918000000,1000,No,Yes,No,105.000,0.160
CHILE 4.125% 05.07.2034,EUR,Republic of Chile,XS2645248225,Sovereign,2034-05-07,A,4.130,Annual,3.822,101.840,100000,Chile,750000000,1,No,Yes,No,305.000,3.447
CHILE 3.75% 14.01.2032,EUR,Republic of Chile,XS2975303483,Sovereign,2032-01-14,A,3.750,Annual,3.686,100.137,100000,Chile,1700000000,1000,No,Yes,No,112.000,1.151
CHILE 4.95% 05.01.2036,USD,Republic of Chile,US168863DZ80,Sovereign,2036-05-01,A,4.950,Semi-Annual,4.917,99.742,200000,Chile,1649852623,1,No,Yes,No,120.000,1.650
CHILE 3.875% 14.04.2036,EUR,Republic of Chile,XS3272223762,Sovereign,2036-04-14,A,3.880,Annual,4.091,98.161,1000,Chile,1500000000,1,No,Yes,No,22.000,0.234
CHILE 0.1% 26.01.2027,EUR,Republic of Chile,XS2369244087,Sovereign,2027-01-26,A,0.100,Annual,3.249,97.905,100000,Chile,1000000000,1000,No,Yes,No,100.000,0.027
COSTA RICA 7.06% 16.01.2036,EUR,Republic of Costa Rica,XS3273874563,Sovereign,2036-01-16,NaN,7.060,Semi-Annual,6.461,104.722,250000,Costa Rica,1000000000,250000,No,Yes,No,110.000,2.157
COSTA RICA 6.47% 21.11.2030,EUR,Republic of Costa Rica,XS3239964664,Sovereign,2030-11-21,NaN,6.470,Semi-Annual,5.476,103.862,250000,Costa Rica,1000000000,250000,No,Yes,No,165.000,2.965
COSTA RICA 7% 21.11.2029,USD,Republic of Costa Rica,XS1764001373,Sovereign,2029-11-21,NaN,7.000,Semi-Annual,4.603,107.750,1000,Costa Rica,140641000,1000,No,Yes,No,171.000,3.325
COSTA RICA 6.55% 03.04.2034,USD,Republic of Costa Rica,USP3699PGM34,Sovereign,2034-03-04,BB,6.550,Semi-Annual,5.101,108.000,200000,Costa Rica,1500000000,1000,No,Yes,No,32.000,0.582
COSTA RICA 7.25% 22.11.2030,USD,Republic of Costa Rica,XS2001163059,Sovereign,2030-11-22,NaN,7.250,Semi-Annual,4.775,110.000,1000,Costa Rica,205915000,1000,No,Yes,No,164.000,3.303
COSTA RICA 6.5% 24.05.2028,USD,Republic of Costa Rica,XS1689695119,Sovereign,2028-05-24,NaN,6.500,Semi-Annual,5.910,101.120,1000,Costa Rica,116653000,1000,No,Yes,No,168.000,3.033
COSTA RICA 6.125% 19.02.2031,USD,Republic of Costa Rica,USP3699PGK77,Sovereign,2031-02-19,BB,6.130,Semi-Annual,4.840,104.375,200000,Costa Rica,1200000000,1000,No,Yes,No,76.000,1.293
COSTA RICA 7.4% 21.07.2027,USD,Republic of Costa Rica,XS2343108952,Sovereign,2027-07-21,NaN,7.400,Semi-Annual,5.016,102.750,1,Costa Rica,237505000,1,No,Yes,No,105.000,2.158
COSTA RICA 10% 26.08.2026,USD,Republic of Costa Rica,XS1961076228,Sovereign,2026-08-26,NaN,10.000,Semi-Annual,3.701,101.900,1000,Costa Rica,556491000,1000,No,Yes,No,70.000,1.944
COSTA RICA 6.001% 16.01.2036,EUR,Republic of Costa Rica,XS3273873912,Sovereign,2036-01-16,NaN,6.000,Semi-Annual,5.391,104.748,250000,Costa Rica,1000000000,250000,No,Yes,No,110.000,1.834
CROATIA 3.25% 25.02.2036,EUR,Republic of Croatia,XS3303026150,Sovereign,2036-02-25,A,3.250,Annual,3.510,97.801,100000,Croatia,2000000000,1000,No,Yes,No,70.000,0.623
CROATIA 2.7% 15.06.2028,EUR,Republic of Croatia,XS1713462668,Sovereign,2028-06-15,A,2.700,Annual,2.860,99.704,100000,Croatia,750000000,1000,No,Yes,No,325.000,2.404
CROATIA 1.5% 17.06.2031,EUR,Republic of Croatia,XS2190201983,Sovereign,2031-06-17,A,1.500,Annual,2.979,93.044,100000,Croatia,2000000000,1000,No,Yes,No,323.000,1.327
CROATIA 1.125% 04.03.2033,EUR,Republic of Croatia,XS2309428113,Sovereign,2033-04-03,A,1.130,Annual,3.168,87.728,100000,Croatia,1000000000,1000,No,Yes,No,63.000,0.194
CROATIA 1.125% 19.06.2029,EUR,Republic of Croatia,XS1843434876,Sovereign,2029-06-19,A,1.130,Annual,2.846,94.811,100000,Croatia,1500000000,1000,No,Yes,No,321.000,0.989
CROATIA 2.75% 27.01.2030,EUR,Republic of Croatia,XS1713475306,Sovereign,2030-01-27,A,2.750,Annual,2.863,99.557,100000,Croatia,1275000000,1000,No,Yes,No,99.000,0.746
CROATIA 2.875% 22.04.2032,EUR,Republic of Croatia,XS2471549654,Sovereign,2032-04-22,A,2.880,Annual,3.104,98.639,100000,Croatia,1250000000,1000,No,Yes,No,14.000,0.110
CROATIA 3% 20.03.2027,EUR,Republic of Croatia,XS1428088626,Sovereign,2027-03-20,A,3.000,Annual,2.775,100.143,100000,Croatia,1250000000,1000,No,Yes,No,47.000,0.386
CROATIA 4% 14.06.2035,EUR,Republic of Croatia,XS2636439684,Sovereign,2035-06-14,A,4.000,Annual,3.413,104.543,100000,Croatia,1500000000,1000,No,Yes,No,326.000,3.573
CROATIA 3.375% 12.03.2034,EUR,Republic of Croatia,XS2783084218,Sovereign,2034-12-03,A,3.380,Annual,3.285,100.494,100000,Croatia,1500000000,1000,No,Yes,No,55.000,0.509
CYPRUS 0.95% 20.01.2032,EUR,Republic of Cyprus,XS2434393968,Sovereign,2032-01-20,A-,0.950,Annual,3.126,88.247,1000,Cyprus,1000000000,1000,No,Yes,No,106.000,0.276
CYPRUS 1.5% 16.04.2027,EUR,Republic of Cyprus,XS2157184255,Sovereign,2027-04-16,A-,1.500,Annual,2.335,99.307,1000,Cyprus,1250000000,1000,No,Yes,No,20.000,0.082
CYPRUS 2.375% 25.09.2028,EUR,Republic of Cyprus,XS1883942648,Sovereign,2028-09-25,A-,2.380,Annual,2.808,98.937,1000,Cyprus,1350226000,1000,No,Yes,No,223.000,1.451
CYPRUS 4.125% 13.04.2033,EUR,Republic of Cyprus,XS2610236445,Sovereign,2033-04-13,A-,4.130,Annual,3.399,104.060,1000,Cyprus,1000000000,1000,No,Yes,No,23.000,0.260
CYPRUS 2.75% 26.02.2034,EUR,Republic of Cyprus,XS1956050923,Sovereign,2034-02-26,A-,2.750,Annual,3.313,95.354,1000,Cyprus,1100000000,1000,No,Yes,No,69.000,0.520
CYPRUS 3.25% 28.01.2036,EUR,Republic of Cyprus,XS3281842578,Sovereign,2036-01-28,A-,3.250,Annual,3.483,97.368,1000,Cyprus,1000000000,1000,No,Yes,No,98.000,0.873
CYPRUS 3.25% 27.06.2031,EUR,Republic of Cyprus,XS2849767202,Sovereign,2031-06-27,A-,3.250,Annual,3.048,100.644,1000,Cyprus,1000000000,1000,No,Yes,No,137.000,1.220
CYPRUS 0.625% 21.01.2030,EUR,Republic of Cyprus,XS2105095777,Sovereign,2030-01-21,A-,0.630,Annual,2.911,91.871,1000,Cyprus,1000000000,1000,No,Yes,No,105.000,0.180
ECUADOR 0% 31.07.2030,USD,Republic of Ecuador,XS2214239506,Sovereign,2030-07-31,B-,0.000,NaN,6.804,86.375,1,Ecuador,904447793,1,No,Yes,No,276.000,0.000
ECUADOR 7.25% 30.01.2035,USD,Republic of Ecuador,XS2107382157,Sovereign,2035-01-30,B-,7.250,Semi-Annual,14.779,56.000,200000,Ecuador,200000000,1000,No,Yes,No,96.000,1.933
ECUADOR 8.75% 29.01.2034,USD,Republic of Ecuador,XS3285368620,Sovereign,2034-01-29,B-,8.750,Semi-Annual,8.180,102.000,200000,Ecuador,2200000000,1000,No,Yes,No,97.000,2.358
EL SALVADOR 8.25% 10.04.2032,USD,Republic of El Salvador,XS0146173371,Sovereign,2032-10-04,B-,8.250,Semi-Annual,6.805,106.692,10000,El Salvador,500000000,1000,No,Yes,No,26.000,0.596
EL SALVADOR 9.25% 17.04.2030,USD,Republic of El Salvador,USP01012CF16,Sovereign,2030-04-17,B-,9.250,Semi-Annual,6.387,110.010,150000,El Salvador,1000000000,1000,No,Yes,No,18.000,0.463
EL SALVADOR 7.625% 21.09.2034,USD,Republic of El Salvador,USP01012AM84,Sovereign,2034-09-21,B-,7.630,Semi-Annual,7.130,103.452,10000,El Salvador,248183000,1000,No,Yes,No,44.000,0.932
EL SALVADOR 6.375% 18.01.2027,USD,Republic of El Salvador,USP01012AT38,Sovereign,2027-01-18,B-,6.380,Semi-Annual,6.192,100.238,5000,El Salvador,148600000,1000,No,Yes,No,107.000,1.895
EL SALVADOR 7.65% 15.06.2035,USD,Republic of El Salvador,USP01012AN67,Sovereign,2035-06-15,B-,7.650,Semi-Annual,7.126,103.458,10000,El Salvador,874501000,1000,No,Yes,No,140.000,2.975
EL SALVADOR 8.625% 28.02.2029,USD,Republic of El Salvador,USP01012BX31,Sovereign,2029-02-28,B-,8.630,Semi-Annual,5.837,107.047,5000,El Salvador,500000000,1000,No,Yes,No,65.000,1.557
ESTONIA 4% 12.10.2032,EUR,Republic of Estonia,XS2532370231,Sovereign,2032-12-10,NR,4.000,Annual,3.258,104.064,1000,Estonia,1500000000,1000,No,Yes,No,206.000,2.257
ESTONIA 0.125% 10.06.2030,EUR,Republic of Estonia,XS2181347183,Sovereign,2030-10-06,NR,0.130,Annual,3.153,88.494,1000,Estonia,1500000000,1000,No,Yes,No,330.000,0.113
ESTONIA 3.25% 17.01.2034,EUR,Republic of Estonia,XS2740429076,Sovereign,2034-01-17,NR,3.250,Annual,3.408,98.758,1000,Estonia,1500000000,1000,No,Yes,No,109.000,0.971
FINLAND 0.5% 15.09.2029,EUR,Republic of Finland,FI4000369467,Sovereign,2029-09-15,AA+,0.500,Annual,2.799,92.541,1000,Finland,7955000000,1000,No,Yes,Yes,233.000,0.319
FINLAND 0% 13.10.2026,EUR,Republic of Finland,FI4000602560,Sovereign,2026-10-13,NaN,0.000,NaN,2.315,98.982,1000,Finland,4615000000,1000,No,Yes,No,43.000,0.000
FINLAND 0% 13.08.2026,EUR,Republic of Finland,FI4000592183,Sovereign,2026-08-13,NaN,0.000,NaN,2.165,99.412,1000,Finland,5218000000,1000,No,Yes,No,237.000,0.000
FINLAND 3% 15.09.2035,EUR,Republic of Finland,FI4000587415,Sovereign,2035-09-15,AA+,3.000,Annual,3.294,97.261,1000,Finland,9054000000,1000,No,Yes,Yes,233.000,1.915
FINLAND 0.125% 15.09.2031,EUR,Republic of Finland,FI4000507231,Sovereign,2031-09-15,AA+,0.130,Annual,2.927,86.016,1000,Finland,8002000000,1000,No,Yes,Yes,233.000,0.080
FINLAND 0% 15.09.2030,EUR,Republic of Finland,FI4000441878,Sovereign,2030-09-15,AA+,0.000,Annual,2.837,88.286,1000,Finland,6802000000,1000,No,Yes,Yes,233.000,0.000
FINLAND 1.5% 15.09.2032,EUR,Republic of Finland,FI4000523238,Sovereign,2032-09-15,AA+,1.500,Annual,3.045,90.915,1000,Finland,7767000000,1000,No,Yes,Yes,233.000,0.958
FINLAND 0% 17.06.2026,USD,Republic of Finland,FI4000598552,Sovereign,2026-06-17,NaN,0.000,NaN,3.686,99.578,1000,Finland,1500000000,1000,No,Yes,No,119.000,0.000
FINLAND 0% 15.02.2027,EUR,Republic of Finland,FI4000602230,Sovereign,2027-02-15,NaN,0.000,NaN,2.489,98.042,1000,Finland,2390000000,1000,No,Yes,No,55.000,0.000
FINLAND 1.375% 15.04.2027,EUR,Republic of Finland,FI4000527551,Sovereign,2027-04-15,AA+,1.380,Annual,2.541,98.848,1000,Finland,4327000000,1000,No,Yes,Yes,21.000,0.079
FINLAND 0.75% 15.04.2031,EUR,Republic of Finland,FI4000148630,Sovereign,2031-04-15,AA+,0.750,Annual,2.926,89.874,1000,Finland,5527000000,1000,No,Yes,Yes,21.000,0.043
FINLAND 0.125% 15.04.2036,EUR,Republic of Finland,FI4000415153,Sovereign,2036-04-15,AA+,0.130,Annual,3.387,72.567,1000,Finland,5153000000,1000,No,Yes,Yes,21.000,0.007
FINLAND 3% 15.09.2034,EUR,Republic of Finland,FI4000571104,Sovereign,2034-09-15,AA+,3.000,Annual,3.224,98.037,1000,Finland,8928000000,1000,No,Yes,Yes,233.000,1.915
FINLAND 0% 13.05.2026,EUR,Republic of Finland,FI4000590971,Sovereign,2026-05-13,NaN,0.000,NaN,1.926,99.962,1000,Finland,7297000000,1000,No,Yes,No,335.000,0.000
FINLAND 2.5% 15.04.2030,EUR,Republic of Finland,FI4000577952,Sovereign,2030-04-15,AA+,2.500,Annual,2.844,98.491,1000,Finland,5622000000,1000,No,Yes,No,22.000,0.151
FINLAND 3% 15.09.2033,EUR,Republic of Finland,FI4000550249,Sovereign,2033-09-15,AA+,3.000,Annual,3.117,98.923,1000,Finland,7924000000,1000,No,Yes,Yes,233.000,1.915
FINLAND 2.75% 04.07.2028,EUR,Republic of Finland,FI4000037635,Sovereign,2028-04-07,AA+,2.750,Annual,2.625,100.086,1000,Finland,5300000000,1000,No,Yes,Yes,306.000,2.305
FINLAND 1.125% 15.04.2034,EUR,Republic of Finland,FI4000306758,Sovereign,2034-04-15,AA+,1.130,Annual,3.195,85.368,1000,Finland,5454000000,1000,No,Yes,Yes,21.000,0.065
FINLAND 0.5% 15.09.2028,EUR,Republic of Finland,FI4000348727,Sovereign,2028-09-15,AA+,0.500,Annual,2.715,94.843,1000,Finland,7619000000,1000,No,Yes,Yes,233.000,0.319
FINLAND 0.5% 15.09.2027,EUR,Republic of Finland,FI4000278551,Sovereign,2027-09-15,AA+,0.500,Annual,2.670,97.045,1000,Finland,6913000000,1000,No,Yes,Yes,233.000,0.319
FINLAND 0.875% 20.05.2030,USD,Republic of Finland,XS2177026155,Sovereign,2030-05-20,AA+,0.880,Semi-Annual,4.053,88.085,200000,Finland,1500000000,1000,No,Yes,No,166.000,0.404
FINLAND 0% 13.11.2026,EUR,Republic of Finland,FI4000598396,Sovereign,2026-11-13,NaN,0.000,NaN,2.364,98.759,1000,Finland,4276000000,1000,No,Yes,No,117.000,0.000
FINLAND 0% 15.09.2026,EUR,Republic of Finland,FI4000511449,Sovereign,2026-09-15,AA+,0.000,Annual,2.133,99.213,1000,Finland,3995000000,1000,No,Yes,Yes,233.000,0.000
FINLAND 3.23% 15.04.2036,SEK,Republic of Finland,XS3295724804,Sovereign,2036-04-15,AA+,3.230,Annual,3.479,98.233,2000000,Finland,3500000000,2000000,No,Yes,No,84.000,0.754
FINLAND 2.625% 15.04.2032,EUR,Republic of Finland,FI4000591862,Sovereign,2032-04-15,AA+,2.630,Annual,2.984,97.816,1000,Finland,4698000000,1000,No,Yes,Yes,21.000,0.151
FINLAND 4.375% 02.07.2034,USD,Republic of Finland,XS2853088362,Sovereign,2034-02-07,AA+,4.380,Semi-Annual,4.351,99.795,200000,Finland,1000000000,1000,No,Yes,No,124.000,1.507
FINLAND 3.625% 04.11.2030,USD,Republic of Finland,XS3222747936,Sovereign,2030-04-11,AA+,3.630,Semi-Annual,4.021,98.159,200000,Finland,1500000000,1000,No,Yes,No,2.000,0.020
FINLAND 2.875% 15.04.2029,EUR,Republic of Finland,FI4000557525,Sovereign,2029-04-15,AA+,2.880,Annual,2.696,100.336,1000,Finland,7761000000,1000,No,Yes,Yes,21.000,0.165
FRANCE 0.25% 25.11.2026,EUR,Republic of France,FR0013200813,Sovereign,2026-11-25,NaN,0.250,Annual,2.447,98.760,1,France,36708000000,1,No,Yes,Yes,162.000,0.111
FRANCE 5.5% 25.04.2029,EUR,Republic of France,FR0000571218,Sovereign,2029-04-25,NR,5.500,Annual,2.850,107.260,1,France,44514880458,1,No,Yes,Yes,11.000,0.166
FRANCE 0% 01.07.2026,EUR,Republic of France,FR0129287308,Sovereign,2026-01-07,NaN,0.000,NaN,2.003,99.686,1,France,4504000000,1,No,Yes,Yes,140.000,0.000
FRANCE 0% 27.05.2026,EUR,Republic of France,FR0129437507,Sovereign,2026-05-27,NaN,0.000,NaN,1.942,99.887,1,France,6845000000,1,No,Yes,Yes,77.000,0.000
FRANCE 4.75% 25.04.2035,EUR,Republic of France,FR0010070060,Sovereign,2035-04-25,NR,4.750,Annual,3.581,108.420,1,France,37723000000,1,No,Yes,Yes,11.000,0.143
FRANCE 0% 28.03.2028,EUR,Republic of France,FR0000571226,Sovereign,2028-03-28,NR,0.000,NaN,3.058,94.330,1,France,46232603,1,No,Yes,Yes,39.000,0.000
FRANCE 5.75% 25.10.2032,EUR,Republic of France,FR0000187635,Sovereign,2032-10-25,NR,5.750,Annual,3.272,113.910,1,France,35192322600,1,No,Yes,Yes,193.000,3.040
FRANCE 0% 06.05.2026,EUR,Republic of France,FR0129287282,Sovereign,2026-06-05,NaN,0.000,NaN,2.480,99.994,1,France,5396000000,1,No,Yes,Yes,NaN,NaN
FRANCE 0% 02.12.2026,EUR,Republic of France,FR0129287332,Sovereign,2026-02-12,NaN,0.000,NaN,2.378,98.607,1,France,7338000000,1,No,Yes,Yes,154.000,0.000
FRANCE 3.2% 25.05.2035,EUR,Republic of France,FR001400X8V5,Sovereign,2035-05-25,NaN,3.200,Annual,3.612,96.460,1,France,54712000000,1,No,Yes,Yes,346.000,3.033
FRANCE 2.5% 25.05.2030,EUR,Republic of France,FR0011883966,Sovereign,2030-05-25,NaN,2.500,Annual,2.984,97.930,1,France,73381000000,1,No,Yes,Yes,346.000,2.370
FRANCE 0% 25.05.2032,EUR,Republic of France,FR0014007L00,Sovereign,2032-05-25,NaN,0.000,Annual,3.251,82.150,1,France,50484000000,1,No,Yes,Yes,346.000,0.000
FRANCE 0.75% 25.02.2028,EUR,Republic of France,FR001400AIN5,Sovereign,2028-02-25,NaN,0.750,Annual,2.763,96.350,1,France,51553000000,1,No,Yes,Yes,70.000,0.144
FRANCE 0% 23.09.2026,EUR,Republic of France,FR0129437564,Sovereign,2026-09-23,NaN,0.000,NaN,2.261,99.121,1,France,8183000000,1,No,Yes,Yes,56.000,0.000
FRANCE 0% 04.11.2026,EUR,Republic of France,FR0129287324,Sovereign,2026-04-11,NaN,0.000,NaN,2.335,98.814,1,France,8274000000,1,No,Yes,Yes,182.000,0.000
FRANCE 0% 21.10.2026,EUR,Republic of France,FR0129570588,Sovereign,2026-10-21,NaN,0.000,NaN,2.321,98.916,1,France,8556000000,1,No,Yes,Yes,27.000,0.000
FRANCE 1% 25.05.2027,EUR,Republic of France,FR0013250560,Sovereign,2027-05-25,NaN,1.000,Annual,2.666,98.190,1,France,43239000000,1,No,Yes,Yes,346.000,0.948
FRANCE 0% 24.03.2027,EUR,Republic of France,FR0129437598,Sovereign,2027-03-24,NaN,0.000,NaN,2.537,97.734,1,France,10395000000,1,No,Yes,Yes,42.000,0.000
FRANCE 0% 22.07.2026,EUR,Republic of France,FR0129570521,Sovereign,2026-07-22,NaN,0.000,NaN,2.070,99.557,1,France,8074000000,1,No,Yes,Yes,21.000,0.000
FRANCE 2.75% 25.10.2027,EUR,Republic of France,FR0011317783,Sovereign,2027-10-25,NaN,2.750,Annual,2.751,99.870,1,France,61763000000,1,No,Yes,Yes,193.000,1.454
FRANCE 2.5% 24.09.2027,EUR,Republic of France,FR001400NBC6,Sovereign,2027-09-24,NaN,2.500,Annual,2.744,99.560,1,France,42847000000,1,No,Yes,Yes,224.000,1.534
FRANCE 0% 21.04.2027,EUR,Republic of France,FR0129570620,Sovereign,2027-04-21,NaN,0.000,NaN,2.568,97.508,1,France,4100000000,1,No,Yes,Yes,14.000,0.000
FRANCE 2.75% 25.02.2030,EUR,Republic of France,FR001400PM68,Sovereign,2030-02-25,NaN,2.750,Annual,2.967,98.990,1,France,56570000000,1,No,Yes,Yes,70.000,0.527
FRANCE 0% 24.06.2026,EUR,Republic of France,FR0129437523,Sovereign,2026-06-24,NaN,0.000,NaN,1.992,99.727,1,France,7113000000,1,No,Yes,Yes,49.000,0.000
FRANCE 2.75% 25.02.2029,EUR,Republic of France,FR001400HI98,Sovereign,2029-02-25,NaN,2.750,Annual,2.849,99.540,1,France,63538000000,1,No,Yes,Yes,70.000,0.527
FRANCE 2.4% 24.09.2029,EUR,Republic of France,FR0014016G71,Sovereign,2029-09-24,NaN,2.400,Annual,2.898,98.180,1,France,15411000000,1,No,Yes,Yes,224.000,1.473
FRANCE 3.5% 25.11.2033,EUR,Republic of France,FR001400L834,Sovereign,2033-11-25,NaN,3.500,Annual,3.444,100.000,1,France,57237000000,1,No,Yes,Yes,162.000,1.553
FRANCE 1.25% 25.05.2034,EUR,Republic of France,FR0013313582,Sovereign,2034-05-25,NaN,1.250,Annual,3.518,84.010,1,France,65035000000,1,No,Yes,Yes,346.000,1.185
FRANCE 2.7% 25.02.2031,EUR,Republic of France,FR001400Z2L7,Sovereign,2031-02-25,NaN,2.700,Annual,3.079,98.070,1,France,55790000000,1,No,Yes,Yes,70.000,0.518
FRANCE 0.5% 25.05.2029,EUR,Republic of France,FR0013407236,Sovereign,2029-05-25,NaN,0.500,Annual,2.872,92.970,1,France,58805000000,1,No,Yes,Yes,346.000,0.474
FRANCE 0% 20.05.2026,EUR,Republic of France,FR0128984004,Sovereign,2026-05-20,NaN,0.000,NaN,2.003,99.922,1,France,12246000000,1,No,Yes,Yes,350.000,0.000
FRANCE 3% 25.11.2034,EUR,Republic of France,FR001400QMF9,Sovereign,2034-11-25,NaN,3.000,Annual,3.559,95.550,1,France,46997000000,1,No,Yes,Yes,162.000,1.331
FRANCE 0% 25.11.2031,EUR,Republic of France,FR0014002WK3,Sovereign,2031-11-25,NaN,0.000,Annual,3.177,83.820,1,France,59865000000,1,No,Yes,Yes,162.000,0.000
FRANCE 2% 25.11.2032,EUR,Republic of France,FR001400BKZ3,Sovereign,2032-11-25,NaN,2.000,Annual,3.315,92.070,1,France,59439000000,1,No,Yes,Yes,351.000,1.923
FRANCE 2.5% 24.09.2026,EUR,Republic of France,FR001400FYQ4,Sovereign,2026-09-24,NaN,2.500,Annual,2.333,100.030,1,France,24280000000,1,No,Yes,Yes,224.000,1.534
FRANCE 0% 12.08.2026,EUR,Republic of France,FR0129132736,Sovereign,2026-12-08,NaN,0.000,NaN,2.161,99.413,1,France,9486000000,1,No,Yes,Yes,266.000,0.000
FRANCE 0% 15.07.2026,EUR,Republic of France,FR0129132728,Sovereign,2026-07-15,NaN,0.000,NaN,2.059,99.596,1,France,8638000000,1,No,Yes,Yes,293.000,0.000
FRANCE 0% 13.05.2026,EUR,Republic of France,FR0129437499,Sovereign,2026-05-13,NaN,0.000,NaN,1.906,99.961,1,France,6890000000,1,No,Yes,Yes,91.000,0.000
FRANCE 0% 27.01.2027,EUR,Republic of France,FR0129437572,Sovereign,2027-01-27,NaN,0.000,NaN,2.472,98.173,1,France,9173000000,1,No,Yes,Yes,98.000,0.000
FRANCE 0% 07.10.2026,EUR,Republic of France,FR0129287316,Sovereign,2026-07-10,NaN,0.000,NaN,2.350,98.990,1,France,9551000000,1,No,Yes,Yes,210.000,0.000
FRANCE 0% 05.08.2026,EUR,Republic of France,FR0129570539,Sovereign,2026-05-08,NaN,0.000,NaN,2.105,99.458,1,France,3299000000,1,No,Yes,Yes,7.000,0.000
FRANCE 0% 10.06.2026,EUR,Republic of France,FR0129437515,Sovereign,2026-10-06,NaN,0.000,NaN,1.972,99.810,1,France,7562000000,1,No,Yes,Yes,63.000,0.000
FRANCE 3.5% 25.11.2035,EUR,Republic of France,FR0014012II5,Sovereign,2035-11-25,NaN,3.500,Annual,3.668,98.266,1,France,50919000000,1,No,Yes,Yes,162.000,1.553
FRANCE 3% 25.05.2033,EUR,Republic of France,FR001400H7V7,Sovereign,2033-05-25,NaN,3.000,Annual,3.385,97.310,1,France,50596000000,1,No,Yes,Yes,346.000,2.844
FRANCE 0% 08.07.2026,EUR,Republic of France,FR0129437531,Sovereign,2026-08-07,NaN,0.000,NaN,2.016,99.644,1,France,8091000000,1,No,Yes,Yes,35.000,0.000
FRANCE 0.75% 25.11.2028,EUR,Republic of France,FR0013341682,Sovereign,2028-11-25,NaN,0.750,Annual,2.822,94.790,1,France,62095000000,1,No,Yes,Yes,162.000,0.333
FRANCE 0% 24.02.2027,EUR,Republic of France,FR0129437580,Sovereign,2027-02-24,NaN,0.000,NaN,2.495,97.958,1,France,9643000000,1,No,Yes,Yes,70.000,0.000
FRANCE 0% 03.06.2026,EUR,Republic of France,FR0129287290,Sovereign,2026-03-06,NaN,0.000,NaN,1.935,99.851,1,France,4272000000,1,No,Yes,Yes,168.000,0.000
FRANCE 0% 25.11.2030,EUR,Republic of France,FR0013516549,Sovereign,2030-11-25,NaN,0.000,Annual,3.046,87.000,1,France,58857000000,1,No,Yes,Yes,162.000,0.000
FRANCE 0.5% 25.05.2026,EUR,Republic of France,FR0013131877,Sovereign,2026-05-25,NaN,0.500,Annual,2.358,99.910,1,France,32927000000,1,No,Yes,Yes,346.000,0.474
FRANCE 0% 25.11.2029,EUR,Republic of France,FR0013451507,Sovereign,2029-11-25,NaN,0.000,Annual,2.927,90.040,1,France,49931000000,1,No,Yes,Yes,162.000,0.000
FRANCE 0% 17.06.2026,EUR,Republic of France,FR0128984012,Sovereign,2026-06-17,NaN,0.000,NaN,2.021,99.764,1,France,11454000000,1,No,Yes,Yes,322.000,0.000
FRANCE 0% 30.12.2026,EUR,Republic of France,FR0129287340,Sovereign,2026-12-30,NaN,0.000,NaN,2.424,98.390,1,France,7719000000,1,No,Yes,Yes,119.000,0.000
FRANCE 2.4% 24.09.2028,EUR,Republic of France,FR001400XLW2,Sovereign,2028-09-24,NaN,2.400,Annual,2.797,98.920,1,France,48096000000,1,No,Yes,Yes,224.000,1.473
FRANCE 1.5% 25.05.2031,EUR,Republic of France,FR0012993103,Sovereign,2031-05-25,NaN,1.500,Annual,3.104,92.370,1,France,68285000000,1,No,Yes,Yes,346.000,1.422
FRANCE 0% 25.02.2027,EUR,Republic of France,FR0014003513,Sovereign,2027-02-25,NaN,0.000,Annual,2.589,97.890,1,France,42430000000,1,No,Yes,Yes,70.000,0.000
FRANCE 0% 09.09.2026,EUR,Republic of France,FR0129132744,Sovereign,2026-09-09,NaN,0.000,NaN,2.219,99.224,1,France,9514000000,1,No,Yes,Yes,238.000,0.000
FRANCE 0% 29.07.2026,EUR,Republic of France,FR0129437549,Sovereign,2026-07-29,NaN,0.000,NaN,2.101,99.511,1,France,10456000000,1,No,Yes,Yes,112.000,0.000
FRANCE 0% 26.08.2026,EUR,Republic of France,FR0129437556,Sovereign,2026-08-26,NaN,0.000,NaN,2.189,99.319,1,France,8700000000,1,No,Yes,Yes,84.000,0.000
FRANCE 0.75% 25.05.2028,EUR,Republic of France,FR0013286192,Sovereign,2028-05-25,NaN,0.750,Annual,2.790,95.830,1,France,67202000000,1,No,Yes,Yes,346.000,0.711
GABON 7% 24.11.2031,USD,Republic of Gabon,XS2407752711,Sovereign,2031-11-24,NaN,7.000,Semi-Annual,11.453,84.500,200000,Gabon,500000000,1000,No,Yes,No,162.000,3.150
GABON 6.625% 06.02.2031,USD,Republic of Gabon,XS2113615228,Sovereign,2031-06-02,NaN,6.630,Semi-Annual,11.434,85.750,200000,Gabon,894682000,1000,No,Yes,No,90.000,1.656
GABON 9.5% 18.02.2029,USD,Republic of Gabon,XS3000946437,Sovereign,2029-02-18,NaN,9.500,Semi-Annual,11.669,95.625,200000,Gabon,570000000,1000,No,Yes,No,78.000,2.058
GEORGIA 5.125% 28.01.2031,USD,Republic of Georgia,XS3262542155,Sovereign,2031-01-28,BB,5.130,Semi-Annual,5.672,97.750,200000,Georgia,500000000,1000,No,Yes,No,98.000,1.395
GHANA 0% 03.07.2026,USD,Republic of Ghana,XS2893146873,Sovereign,2026-03-07,B-,0.000,NaN,5.479,99.250,1000,Ghana,104512449,1,No,Yes,No,307.000,0.000
GHANA 0% 03.01.2030,USD,Republic of Ghana,XS2893147681,Sovereign,2030-03-01,B-,0.000,NaN,6.406,88.875,1000,Ghana,490079281,1,No,Yes,No,123.000,0.000
ICELAND 3.4% 28.06.2027,EUR,Republic of Iceland,XS2852055651,Sovereign,2027-06-28,NaN,3.400,Annual,3.465,99.835,100000,Iceland,50000000,100000,No,Yes,No,312.000,2.906
ICELAND 2.625% 27.05.2030,EUR,Republic of Iceland,XS3081371554,Sovereign,2030-05-27,A+,2.630,Annual,3.081,98.044,100000,Iceland,750000000,1000,No,Yes,No,344.000,2.474
ICELAND 3.5% 21.03.2034,EUR,Republic of Iceland,XS2788435050,Sovereign,2034-03-21,A+,3.500,Annual,3.446,100.043,100000,Iceland,750000000,1000,No,Yes,No,46.000,0.441
ICELAND 0% 15.04.2028,EUR,Republic of Iceland,XS2293755125,Sovereign,2028-04-15,A+,0.000,Annual,3.157,93.996,100000,Iceland,750000000,1000,No,Yes,No,21.000,0.000
ICELAND 0.625% 03.06.2026,EUR,Republic of Iceland,XS2182399274,Sovereign,2026-03-06,NaN,0.630,Annual,2.515,99.868,100000,Iceland,296291000,1000,No,Yes,No,337.000,0.577
KAZAKHSTAN 5% 01.07.2032,USD,Republic of Kazakhstan,XS3093655341,Sovereign,2032-01-07,BBB-,5.000,Semi-Annual,4.800,100.738,200000,Kyrgystan,1350000000,1000,No,Yes,No,125.000,1.736
KAZAKHSTAN 0.6% 30.09.2026,EUR,Republic of Kazakhstan,XS2050933899,Sovereign,2026-09-30,BBB-,0.600,Annual,3.133,98.961,100000,Kyrgystan,500000000,1000,No,Yes,No,218.000,0.358
KAZAKHSTAN 2.375% 09.11.2028,EUR,Republic of Kazakhstan,XS1901718335,Sovereign,2028-09-11,BBB-,2.380,Annual,2.964,98.617,100000,Kyrgystan,525000000,1000,No,Yes,No,178.000,1.158
KAZAKHSTAN 4.412% 28.10.2030,USD,Republic of Kazakhstan,XS3212533262,Sovereign,2030-10-28,BBB-,4.410,Semi-Annual,4.721,98.645,200000,Kyrgystan,1500000000,1000,No,Yes,No,8.000,0.098
KAZAKHSTAN 1.5% 30.09.2034,EUR,Republic of Kazakhstan,XS2050933626,Sovereign,2034-09-30,BBB-,1.500,Annual,3.907,83.248,100000,Kyrgystan,650000000,1000,No,Yes,No,218.000,0.896
KAZAKHSTAN 4.714% 09.04.2035,USD,Republic of Kazakhstan,XS2914770545,Sovereign,2035-09-04,BBB-,4.710,Semi-Annual,4.906,98.222,200000,Kyrgystan,1500000000,1000,No,Yes,No,27.000,0.354
LATVIA 3.875% 12.07.2033,EUR,Republic of Latvia,XS2648672660,Sovereign,2033-12-07,A,3.880,Annual,3.504,102.216,100000,Latvia,1030000000,1000,No,Yes,No,298.000,3.164
LATVIA 2.875% 21.05.2030,EUR,Republic of Latvia,XS3075496896,Sovereign,2030-05-21,A,2.880,Annual,3.110,99.077,1000,Latvia,1375000000,1000,No,Yes,No,350.000,2.757
LATVIA 3.5% 02.10.2035,EUR,Republic of Latvia,XS3194153352,Sovereign,2035-02-10,A,3.500,Annual,3.758,97.773,1000,Latvia,1300000000,1000,No,Yes,No,216.000,2.071
LATVIA 0.25% 23.01.2030,EUR,Republic of Latvia,XS2420426038,Sovereign,2030-01-23,A,0.250,Annual,3.092,90.020,100000,Latvia,600000000,1000,No,Yes,No,103.000,0.070
LATVIA 0.375% 07.10.2026,EUR,Republic of Latvia,XS1501554874,Sovereign,2026-07-10,A,0.380,Annual,2.726,99.034,100000,Latvia,2020000000,1000,No,Yes,No,211.000,0.217
LATVIA 3.5% 17.01.2028,EUR,Republic of Latvia,XS2576364371,Sovereign,2028-01-17,A,3.500,Annual,2.993,100.766,100000,Latvia,1420000000,1000,No,Yes,No,109.000,1.045
LATVIA 3.875% 25.03.2027,EUR,Republic of Latvia,XS2549862758,Sovereign,2027-03-25,A,3.880,Annual,2.888,100.842,100000,Latvia,1155000000,1000,No,Yes,No,42.000,0.446
LATVIA 0% 24.01.2029,EUR,Republic of Latvia,XS2361416915,Sovereign,2029-01-24,A,0.000,Annual,3.046,92.135,100000,Latvia,800000000,1000,No,Yes,No,102.000,0.000
LATVIA 1.125% 30.05.2028,EUR,Republic of Latvia,XS1829276275,Sovereign,2028-05-30,A,1.130,Annual,3.062,96.130,100000,Latvia,821750000,1000,No,Yes,No,341.000,1.051
LATVIA 0% 17.03.2031,EUR,Republic of Latvia,XS2317123052,Sovereign,2031-03-17,A,0.000,Annual,3.208,85.613,100000,Latvia,1540500000,1000,No,Yes,No,50.000,0.000
LATVIA 3% 24.01.2032,EUR,Republic of Latvia,XS2906240028,Sovereign,2032-01-24,A,3.000,Annual,3.356,98.097,1000,Latvia,860000000,1000,No,Yes,No,102.000,0.838
LATVIA 3.875% 22.05.2029,EUR,Republic of Latvia,XS2722876609,Sovereign,2029-05-22,A,3.880,Annual,3.018,102.419,1000,Latvia,1340000000,1000,No,Yes,No,349.000,3.705
LATVIA 5.125% 30.07.2034,USD,Republic of Latvia,XS2829701718,Sovereign,2034-07-30,A,5.130,Semi-Annual,5.027,100.483,200000,Latvia,1250000000,1000,No,Yes,No,96.000,1.367
LEBANON 6.6% 27.11.2026,USD,Republic of Lebanon,XS0707820659,Sovereign,2026-11-27,D,6.600,Semi-Annual,446.036,27.000,1000,Lebanon,1600000000,1000,No,Yes,No,158.000,0.000
LEBANON 8.2% 17.05.2033,USD,Republic of Lebanon,XS1824238239,Sovereign,2033-05-17,NaN,8.200,Semi-Annual,19.518,27.000,1000,Lebanon,1500000000,1000,No,Yes,No,169.000,0.000
LEBANON 6.85% 23.03.2027,USD,Republic of Lebanon,XS1586230051,Sovereign,2027-03-23,D,6.850,Semi-Annual,220.644,27.000,1000,Lebanon,1250000000,1000,No,Yes,No,43.000,0.000
LEBANON 7% 23.03.2032,USD,Republic of Lebanon,XS1586230481,Sovereign,2032-03-23,D,7.000,Semi-Annual,23.552,27.000,1000,Lebanon,1000000000,1000,No,Yes,No,43.000,0.000
LEBANON 8.25% 17.05.2034,USD,Republic of Lebanon,XS1824238072,Sovereign,2034-05-17,NaN,8.250,Semi-Annual,16.987,27.000,1000,Lebanon,1500000000,1000,No,Yes,No,169.000,0.000
LEBANON 7.05% 02.11.2035,USD,Republic of Lebanon,XS1313654623,Sovereign,2035-02-11,D,7.050,Semi-Annual,14.286,27.000,1000,Lebanon,600000000,1000,No,Yes,No,2.000,0.000
LEBANON 6.65% 03.11.2028,USD,Republic of Lebanon,XS1313675974,Sovereign,2028-03-11,D,6.650,Semi-Annual,60.098,27.000,1000,Lebanon,893197000,1000,No,Yes,No,2.000,0.000
LEBANON 6.65% 26.02.2030,USD,Republic of Lebanon,XS1196419854,Sovereign,2030-02-26,D,6.650,Semi-Annual,37.543,27.000,1000,Lebanon,1400000000,1000,No,Yes,No,70.000,0.000
LEBANON 12% 27.07.2035,USD,Republic of Lebanon,XS2083908132,Sovereign,2035-07-27,NaN,12.000,Semi-Annual,14.709,27.000,1000,Lebanon,1500000000,1000,No,Yes,No,99.000,0.000
LEBANON 7% 20.03.2028,USD,Republic of Lebanon,XS1720803326,Sovereign,2028-03-20,NaN,7.000,Semi-Annual,83.721,27.000,1000,Lebanon,1700000000,1000,No,Yes,No,172.000,0.000
LEBANON 11.5% 27.11.2029,USD,Republic of Lebanon,XS2083908645,Sovereign,2029-11-27,NaN,11.500,Semi-Annual,40.399,27.000,1000,Lebanon,1500000000,1000,No,Yes,No,129.000,0.000
LEBANON 6.75% 29.11.2027,USD,Republic of Lebanon,XS0859366899,Sovereign,2027-11-29,NaN,6.750,Semi-Annual,103.971,27.000,1000,Lebanon,1000000000,1000,No,Yes,No,157.000,0.000
LEBANON 7% 22.04.2031,USD,Republic of Lebanon,XS1396347723,Sovereign,2031-04-22,D,7.000,Semi-Annual,28.212,27.000,1000,Lebanon,300000000,1000,No,Yes,No,14.000,0.000
LEBANON 6.85% 25.05.2029,USD,Republic of Lebanon,XS1419879769,Sovereign,2029-05-25,D,6.850,Semi-Annual,47.836,27.000,1000,Lebanon,1000000000,1000,No,Yes,No,159.000,0.000
LITHUANIA 0.95% 26.05.2027,EUR,Republic of Lithuania,XS1619567677,Sovereign,2027-05-26,NaN,0.950,Annual,2.882,97.918,1000,Lithuania,1100000000,1000,No,Yes,No,345.000,0.898
LITHUANIA 3.875% 14.06.2033,EUR,Republic of Lithuania,XS2604821228,Sovereign,2033-06-14,A,3.880,Annual,3.510,102.066,1000,Lithuania,1250000000,1000,No,Yes,No,326.000,3.461
LITHUANIA 0.5% 19.06.2029,EUR,Republic of Lithuania,XS2013677864,Sovereign,2029-06-19,A,0.500,Annual,3.065,92.375,1000,Lithuania,735000000,1000,No,Yes,No,321.000,0.440
LITHUANIA 2.125% 01.06.2032,EUR,Republic of Lithuania,XS2487342649,Sovereign,2032-01-06,A,2.130,Annual,3.371,93.086,1000,Lithuania,1585000000,1000,No,Yes,No,339.000,1.974
LITHUANIA 3.625% 10.03.2036,EUR,Republic of Lithuania,XS3175946071,Sovereign,2036-10-03,A,3.630,Annual,3.783,98.309,1000,Lithuania,1000000000,1000,No,Yes,No,57.000,0.566
LITHUANIA 0.75% 06.05.2030,EUR,Republic of Lithuania,XS2168038847,Sovereign,2030-06-05,A,0.750,Annual,3.078,91.308,1000,Lithuania,1250000000,1000,No,Yes,No,NaN,0.000
LITHUANIA 3% 22.01.2031,EUR,Republic of Lithuania,XS3276320358,Sovereign,2031-01-22,A,3.000,Annual,3.175,99.063,1000,Lithuania,1310000000,1000,No,Yes,No,104.000,0.855
LITHUANIA 3.5% 03.07.2031,EUR,Republic of Lithuania,XS2841247583,Sovereign,2031-03-07,A,3.500,Annual,3.228,101.165,1000,Lithuania,1540000000,1000,No,Yes,No,307.000,2.944
LITHUANIA 4.125% 25.04.2028,EUR,Republic of Lithuania,XS2547270756,Sovereign,2028-04-25,A,4.130,Annual,2.820,102.356,1000,Lithuania,1180000000,1000,No,Yes,No,11.000,0.124
LITHUANIA 3.5% 13.02.2034,EUR,Republic of Lithuania,XS2765498717,Sovereign,2034-02-13,A,3.500,Annual,3.582,99.184,1000,Lithuania,2275000000,1000,No,Yes,No,82.000,0.786
LITHUANIA 2.125% 22.10.2035,EUR,Republic of Lithuania,XS1310032260,Sovereign,2035-10-22,A,2.130,Annual,3.742,87.179,1000,Lithuania,1245000000,1000,No,Yes,No,196.000,1.141
LITHUANIA 2.875% 28.01.2030,EUR,Republic of Lithuania,XS2979761769,Sovereign,2030-01-28,A,2.880,Annual,3.073,99.081,1000,Lithuania,1625000000,1000,No,Yes,No,98.000,0.772
LITHUANIA 2.125% 29.10.2026,EUR,Republic of Lithuania,XS1130139667,Sovereign,2026-10-29,A,2.130,Annual,2.685,99.695,100000,Lithuania,1051000000,1000,No,Yes,No,189.000,1.100
MALTA 1% 23.08.2035,EUR,Republic of Malta,MT0000013194,Sovereign,2035-08-23,NaN,1.000,Semi-Annual,3.840,78.560,100,Malta,144200000,100,No,Yes,Yes,72.000,0.199
MALTA 1% 23.04.2031,EUR,Republic of Malta,MT0000013020,Sovereign,2031-04-23,NaN,1.000,Semi-Annual,3.250,90.110,100,Malta,255000000,100,No,Yes,Yes,13.000,0.035
MALTA 2.9% 24.10.2032,EUR,Republic of Malta,MT0000013525,Sovereign,2032-10-24,NaN,2.900,Semi-Annual,3.450,97.340,100,Malta,57720300,100,No,Yes,Yes,12.000,0.095
NORTH MACEDONIA 6.96% 13.03.2027,EUR,Republic of North Macedonia,XS2582522681,Sovereign,2027-03-13,BB-,6.960,Annual,4.438,102.052,100000,Macedonia,500000000,1000,No,Yes,No,54.000,1.030
NORTH MACEDONIA 1.625% 10.03.2028,EUR,Republic of North Macedonia,XS2310118893,Sovereign,2028-10-03,BB-,1.630,Annual,4.382,95.181,100000,Macedonia,700000000,1000,No,Yes,No,246.000,1.095
NORTH MACEDONIA 3.875% 21.01.2030,EUR,Republic of North Macedonia,XS3273795859,Sovereign,2030-01-21,BB-,3.880,Annual,4.371,98.206,100000,Macedonia,500000000,1000,No,Yes,No,105.000,1.115
NORTH MACEDONIA 3.675% 03.06.2026,EUR,Republic of North Macedonia,XS2181690665,Sovereign,2026-03-06,BB-,3.680,Annual,3.824,99.924,100000,Macedonia,316311000,1000,No,Yes,No,337.000,3.393
NORTH MACEDONIA 4.75% 21.01.2034,EUR,Republic of North Macedonia,XS3273796238,Sovereign,2034-01-21,BB-,4.750,Annual,5.029,98.170,100000,Macedonia,500000000,1000,No,Yes,No,105.000,1.366
PARAGUAY 4.95% 28.04.2031,USD,Republic of Paraguay,USP75744AJ47,Sovereign,2031-04-28,BBB-,4.950,Semi-Annual,4.595,101.000,200000,Paraguay,789897000,1000,No,Yes,No,7.000,0.096
PARAGUAY 2.739% 29.01.2033,USD,Republic of Paraguay,USP75744AK10,Sovereign,2033-01-29,BBB-,2.740,Semi-Annual,4.810,89.625,200000,Paraguay,600000000,1000,No,Yes,No,96.000,0.730
PARAGUAY 6% 09.02.2036,USD,Republic of Paraguay,USP75744AN58,Sovereign,2036-09-02,BBB-,6.000,Semi-Annual,5.117,105.750,200000,Paraguay,500000000,1000,No,Yes,No,86.000,1.433
PARAGUAY 5.85% 21.08.2033,USD,Republic of Paraguay,USP75744AM75,Sovereign,2033-08-21,BBB-,5.850,Semi-Annual,4.989,104.750,200000,Paraguay,500000000,1000,No,Yes,No,74.000,1.202
PARAGUAY 4.7% 27.03.2027,USD,Republic of Paraguay,USP75744AE59,Sovereign,2027-03-27,BBB-,4.700,Semi-Annual,4.264,100.500,200000,Paraguay,97798000,1000,No,Yes,No,38.000,0.496
PARAGUAY 3.849% 28.06.2033,USD,Republic of Paraguay,USP75744AL92,Sovereign,2033-06-28,BBB-,3.850,Semi-Annual,4.873,94.375,200000,Paraguay,500600000,1000,No,Yes,No,127.000,1.358
PARAGUAY 6% 09.02.2036,USD,Republic of Paraguay,US699149AN04,Sovereign,2036-09-02,BBB-,6.000,Semi-Annual,5.201,105.286,200000,Paraguay,500000000,1000,No,Yes,No,86.000,1.433
PERU 4.125% 25.08.2027,USD,Republic of Peru,US715638BU55,Sovereign,2027-08-25,BBB-,4.130,Semi-Annual,3.923,100.375,1000,Peru,449023000,1000,No,Yes,No,70.000,0.802
PERU 1.25% 11.03.2033,EUR,Republic of Peru,XS2314020806,Sovereign,2033-11-03,BBB-,1.250,Annual,3.910,84.229,100000,Peru,825000000,1000,No,Yes,No,245.000,0.839
PERU 3% 15.01.2034,USD,Republic of Peru,US715638DU38,Sovereign,2034-01-15,BBB-,3.000,Semi-Annual,5.069,86.900,1000,Peru,2250000000,1000,No,Yes,No,110.000,0.917
PERU 2.844% 20.06.2030,USD,Republic of Peru,US715638DA73,Sovereign,2030-06-20,BBB-,2.840,Semi-Annual,4.529,93.751,1000,Peru,465675000,1000,No,Yes,No,135.000,1.067
PERU 5.375% 08.02.2035,USD,Republic of Peru,US715638EB48,Sovereign,2035-08-02,BBB-,5.380,Semi-Annual,5.178,100.967,1000,Peru,1250000000,1000,No,Yes,No,87.000,1.299
PERU 8.75% 21.11.2033,USD,Republic of Peru,US715638AP79,Sovereign,2033-11-21,BBB-,8.750,Semi-Annual,4.973,123.177,1000,Peru,2151935000,1000,No,Yes,No,164.000,3.986
PERU 2.783% 23.01.2031,USD,Republic of Peru,US715638DF60,Sovereign,2031-01-23,BBB-,2.780,Semi-Annual,4.642,92.043,1000,Peru,2799396000,1000,No,Yes,No,102.000,0.788
PERU 1.862% 01.12.2032,USD,Republic of Peru,US715638DP43,Sovereign,2032-01-12,BBB-,1.860,Semi-Annual,4.887,82.877,1000,Peru,1000000000,1000,No,Yes,No,154.000,0.796
PERU 5.5% 30.03.2036,USD,Republic of Peru,US715638FC12,Sovereign,2036-03-30,BBB-,5.500,Semi-Annual,5.311,101.466,1000,Peru,1600000000,1000,No,Yes,No,35.000,0.535
PERU 3.75% 01.03.2030,EUR,Republic of Peru,XS1373156618,Sovereign,2030-01-03,BBB-,3.750,Annual,3.401,101.163,100000,Peru,860172000,1000,No,Yes,No,66.000,0.678
POLAND 4.875% 04.10.2033,USD,Republic of Poland,US731011AV42,Sovereign,2033-04-10,A-,4.880,Semi-Annual,4.813,100.311,1000,Poland,2500000000,1000,No,Yes,No,31.000,0.420
POLAND 4.625% 18.03.2029,USD,Republic of Poland,US731011AX08,Sovereign,2029-03-18,A-,4.630,Semi-Annual,4.168,101.219,1000,Poland,1500000000,1000,No,Yes,No,47.000,0.604
POLAND 5.5% 16.11.2027,USD,Republic of Poland,US857524AD47,Sovereign,2027-11-16,A-,5.500,Semi-Annual,4.194,101.836,1000,Poland,1500000000,1000,No,Yes,No,169.000,2.582
POLAND 2.75% 25.05.2032,EUR,Republic of Poland,XS2447602793,Sovereign,2032-05-25,A-,2.750,Annual,3.334,96.759,1000,Poland,2000000000,1000,No,Yes,No,346.000,2.607
POLAND 3.625% 11.01.2034,EUR,Republic of Poland,XS2746102479,Sovereign,2034-11-01,A-,3.630,Annual,3.527,100.573,1000,Poland,2500000000,1000,No,Yes,No,115.000,1.142
POLAND 1% 25.10.2028,EUR,Republic of Poland,XS1508566392,Sovereign,2028-10-25,A-,1.000,Annual,2.825,95.732,1000,Poland,750000000,1000,No,Yes,No,193.000,0.529
POLAND 3% 16.01.2030,EUR,Republic of Poland,XS2975280509,Sovereign,2030-01-16,A-,3.000,Annual,3.010,99.798,1000,Poland,1500000000,1000,No,Yes,No,110.000,0.904
POLAND 2.375% 18.01.2036,EUR,Republic of Poland,XS1346201889,Sovereign,2036-01-18,A-,2.380,Annual,3.688,88.840,1000,Poland,2000000000,1000,No,Yes,No,108.000,0.703
POLAND 3.22% 04.08.2034,JPY,Republic of Poland,XS0197118465,Sovereign,2034-04-08,A-,3.220,Semi-Annual,2.692,103.877,100000000,Poland,16800000000,100000000,No,Yes,No,92.000,0.823
POLAND 3.625% 29.11.2030,EUR,Republic of Poland,XS2726911931,Sovereign,2030-11-29,NaN,3.630,Annual,3.187,101.649,1000,Poland,1250000000,1000,No,Yes,No,158.000,1.569
POLAND 3.625% 16.01.2035,EUR,Republic of Poland,XS2975276143,Sovereign,2035-01-16,A-,3.630,Annual,3.615,99.801,1000,Poland,1500000000,1000,No,Yes,No,110.000,1.093
POLAND 2.875% 15.01.2031,EUR,Republic of Poland,XS3268040964,Sovereign,2031-01-15,A-,2.880,Annual,3.254,98.370,1000,Poland,2000000000,1000,No,Yes,No,111.000,0.874
POLAND 5.75% 16.11.2032,USD,Republic of Poland,US857524AE20,Sovereign,2032-11-16,A-,5.750,Semi-Annual,4.718,105.692,1000,Poland,1500000000,1000,No,Yes,No,169.000,2.699
POLAND 5.125% 18.09.2034,USD,Republic of Poland,US731011AY80,Sovereign,2034-09-18,A-,5.130,Semi-Annual,4.972,100.936,1000,Poland,3000000000,1000,No,Yes,No,47.000,0.669
POLAND 4.45% 02.02.2035,EUR,Republic of Poland,XS0211389753,Sovereign,2035-02-02,A-,4.450,Annual,3.258,108.686,1000,Poland,500000000,1000,No,Yes,No,93.000,1.134
POLAND 3.125% 07.07.2032,EUR,Republic of Poland,XS3109446610,Sovereign,2032-07-07,A-,3.130,Annual,3.341,98.778,1000,Poland,1750000000,1000,No,Yes,No,303.000,2.594
POLAND 2.591% 22.11.2027,EUR,Republic of Poland,XS2943817168,Sovereign,2027-11-22,A-,2.590,Annual,2.581,99.652,200000,Poland,250000000,200000,No,Yes,No,165.000,1.171
POLAND 3.875% 14.02.2033,EUR,Republic of Poland,XS2586944659,Sovereign,2033-02-14,A-,3.880,Annual,3.443,102.616,1000,Poland,2250000000,1000,No,Yes,No,81.000,0.860
POLAND 1.125% 07.08.2026,EUR,Republic of Poland,XS1766612672,Sovereign,2026-07-08,A-,1.130,Annual,2.323,99.593,1000,Poland,1000000000,1000,No,Yes,No,272.000,0.838
POLAND 0.875% 10.05.2027,EUR,Republic of Poland,XS1209947271,Sovereign,2027-10-05,A-,0.880,Annual,2.896,97.981,1000,Poland,1000000000,1000,No,Yes,No,361.000,0.865
POLAND 1% 07.03.2029,EUR,Republic of Poland,XS1958534528,Sovereign,2029-07-03,A-,1.000,Annual,2.851,94.957,1000,Poland,1500000000,1000,No,Yes,No,60.000,0.164
POLAND 1.75% 25.04.2032,PLN,Republic of Poland,PL0000113783,Sovereign,2032-04-25,NaN,1.750,Annual,5.389,81.828,1000,Poland,63684961000,1000,No,Yes,No,11.000,0.053
POLAND 4.875% 12.02.2030,USD,Republic of Poland,US857524AF94,Sovereign,2030-12-02,A-,4.880,Semi-Annual,4.239,101.968,1000,Poland,2750000000,1000,No,Yes,No,83.000,1.124
POLAND 3.125% 22.10.2031,EUR,Republic of Poland,XS2922763896,Sovereign,2031-10-22,A-,3.130,Annual,3.267,99.166,1000,Poland,1750000000,1000,No,Yes,No,196.000,1.678
POLAND 1.375% 22.10.2027,EUR,Republic of Poland,XS1584894650,Sovereign,2027-10-22,A-,1.380,Annual,2.849,97.868,1000,Poland,1000000000,1000,No,Yes,No,196.000,0.738
POLAND 5.375% 14.04.2036,USD,Republic of Poland,US857524AK89,Sovereign,2036-04-14,A-,5.380,Semi-Annual,5.263,100.868,1000,Poland,2500000000,1000,No,Yes,No,21.000,0.314
POLAND 4.625% 14.04.2031,USD,Republic of Poland,US857524AJ17,Sovereign,2031-04-14,A-,4.630,Semi-Annual,4.443,100.754,1000,Poland,1000000000,1000,No,Yes,No,21.000,0.270
POLAND 5.375% 12.02.2035,USD,Republic of Poland,US857524AH50,Sovereign,2035-12-02,A-,5.380,Semi-Annual,5.067,102.091,1000,Poland,2750000000,1000,No,Yes,No,83.000,1.239
PORTUGAL 0.9% 12.10.2035,EUR,Republic of Portugal,PTOTENOE0034,Sovereign,2035-12-10,NaN,0.900,Annual,3.332,80.185,0,Portugal,8046713000,0,No,Yes,Yes,206.000,0.508
PORTUGAL 2.875% 20.10.2034,EUR,Republic of Portugal,PTOTESOE0021,Sovereign,2034-10-20,NaN,2.880,Annual,3.230,96.986,0,Portugal,6358681000,0,No,Yes,Yes,198.000,1.560
PORTUGAL 4.125% 14.04.2027,EUR,Republic of Portugal,PTOTEUOE0019,Sovereign,2027-04-14,NaN,4.130,Annual,2.596,101.350,0,Portugal,7729046000,0,No,Yes,Yes,22.000,0.249
PORTUGAL 0.7% 15.10.2027,EUR,Republic of Portugal,PTOTEMOE0035,Sovereign,2027-10-15,NaN,0.700,Annual,2.656,97.173,0,Portugal,7598456000,0,No,Yes,Yes,203.000,0.389
PORTUGAL 2.875% 14.10.2033,EUR,Republic of Portugal,PTOTEQOE0023,Sovereign,2033-10-14,NaN,2.880,Annual,3.076,98.344,0,Portugal,4179000000,0,No,Yes,Yes,218.000,1.717
PORTUGAL 0% 19.03.2027,EUR,Republic of Portugal,PTPBTFGE0069,Sovereign,2027-03-19,NaN,0.000,NaN,2.510,97.803,1,Portugal,2986753215,1,No,Yes,Yes,47.000,0.000
PORTUGAL 3.095% 22.04.2033,EUR,Republic of Portugal,PTIGCGOE0004,Sovereign,2033-04-22,NaN,3.100,Annual,3.036,100.102,100000,Portugal,100000000,100000,No,Yes,Yes,14.000,0.120
PORTUGAL 1.95% 15.06.2029,EUR,Republic of Portugal,PTOTEXOE0024,Sovereign,2029-06-15,NaN,1.950,Annual,2.654,97.745,0,Portugal,13800486000,0,No,Yes,Yes,325.000,1.736
PORTUGAL 0% 22.05.2026,EUR,Republic of Portugal,PTPBTEGE0052,Sovereign,2026-05-22,NaN,0.000,NaN,1.949,99.914,1,Portugal,2063136655,1,No,Yes,Yes,348.000,0.000
PORTUGAL 3.875% 15.02.2030,EUR,Republic of Portugal,PTOTEROE0014,Sovereign,2030-02-15,NaN,3.880,Annual,2.697,103.940,0,Portugal,8029264491,0,No,Yes,Yes,80.000,0.849
PORTUGAL 0% 17.07.2026,EUR,Republic of Portugal,PTPBTBGE0071,Sovereign,2026-07-17,NaN,0.000,NaN,2.039,99.594,1,Portugal,3004804177,1,No,Yes,Yes,292.000,0.000
PORTUGAL 0% 22.01.2027,EUR,Republic of Portugal,PTPBTZGE0032,Sovereign,2027-01-22,NaN,0.000,NaN,2.351,98.253,1,Portugal,2437829710,1,No,Yes,Yes,103.000,0.000
PORTUGAL 0.3% 17.10.2031,EUR,Republic of Portugal,PTOTEOOE0033,Sovereign,2031-10-17,NaN,0.300,Annual,2.887,86.828,0,Portugal,10641526000,0,No,Yes,Yes,201.000,0.165
PORTUGAL 2.25% 18.04.2034,EUR,Republic of Portugal,PTOTEWOE0017,Sovereign,2034-04-18,NaN,2.250,Annual,3.169,93.230,0,Portugal,9555164023,0,No,Yes,Yes,18.000,0.111
PORTUGAL 3% 15.06.2035,EUR,Republic of Portugal,PTOTEAOE0005,Sovereign,2035-06-15,NaN,3.000,Annual,3.223,97.785,0,Portugal,7104944000,0,No,Yes,Yes,325.000,2.671
PORTUGAL 1.65% 16.07.2032,EUR,Republic of Portugal,PTOTEYOE0031,Sovereign,2032-07-16,NaN,1.650,Annual,2.984,92.256,0,Portugal,7816409000,0,No,Yes,Yes,294.000,1.329
PORTUGAL 2.875% 21.07.2026,EUR,Republic of Portugal,PTOTETOE0012,Sovereign,2026-07-21,NaN,2.880,Annual,2.299,100.100,0,Portugal,9275196000,0,No,Yes,Yes,289.000,2.276
PORTUGAL 0.475% 18.10.2030,EUR,Republic of Portugal,PTOTELOE0028,Sovereign,2030-10-18,NaN,0.480,Annual,2.781,90.240,0,Portugal,11221218000,0,No,Yes,Yes,200.000,0.260
PORTUGAL 0% 20.11.2026,EUR,Republic of Portugal,PTPBTCGE0070,Sovereign,2026-11-20,NaN,0.000,NaN,2.300,98.715,1,Portugal,2325000000,1,No,Yes,Yes,117.000,0.000
PORTUGAL 2.125% 17.10.2028,EUR,Republic of Portugal,PTOTEVOE0018,Sovereign,2028-10-17,NaN,2.130,Annual,2.647,98.610,0,Portugal,16067387000,0,No,Yes,Yes,201.000,1.170
PORTUGAL 0% 18.09.2026,EUR,Republic of Portugal,PTPBTAGE0072,Sovereign,2026-09-18,NaN,0.000,NaN,2.151,99.174,1,Portugal,1842636000,1,No,Yes,Yes,229.000,0.000
RWANDA 5.5% 09.08.2031,USD,Republic of Rwanda,XS2373051320,Sovereign,2031-09-08,B+,5.500,Semi-Annual,6.876,94.000,200000,Rwanda,620000000,1000,No,Yes,No,87.000,1.329
SENEGAL 4.75% 13.03.2028,EUR,Republic of Senegal,XS1790104530,Sovereign,2028-03-13,CCC+,4.750,Annual,43.772,67.063,100000,Senegal,666666667,1000,No,Yes,No,54.000,0.703
SENEGAL 6.25% 23.05.2033,USD,Republic of Senegal,XS1619155564,Sovereign,2033-05-23,CCC+,6.250,Semi-Annual,18.387,56.875,200000,Senegal,1100000000,1000,No,Yes,No,163.000,2.830
SENEGAL 7.75% 10.06.2031,USD,Republic of Senegal,XS2838363476,Sovereign,2031-10-06,CCC+,7.750,Semi-Annual,20.461,61.000,200000,Senegal,750000000,1000,No,Yes,No,146.000,3.143
SERBIA 6% 12.06.2034,USD,Republic of Serbia,XS2838999691,Sovereign,2034-12-06,BBB-,6.000,Semi-Annual,5.402,103.500,200000,Serbia,1500000000,1000,No,Yes,No,144.000,2.400
SERBIA 6.25% 26.05.2028,USD,Republic of Serbia,XS2580269426,Sovereign,2028-05-26,BBB-,6.250,Semi-Annual,4.820,102.638,200000,Serbia,750000000,1000,No,Yes,No,160.000,2.778
SERBIA 1.5% 26.06.2029,EUR,Republic of Serbia,XS2015296465,Sovereign,2029-06-26,BBB-,1.500,Annual,3.997,92.637,100000,Serbia,1550000000,1000,No,Yes,No,314.000,1.290
SERBIA 2.125% 01.12.2030,USD,Republic of Serbia,XS2264555744,Sovereign,2030-01-12,BBB-,2.130,Semi-Annual,4.936,88.500,200000,Serbia,1200000000,1000,No,Yes,No,155.000,0.915
SERBIA 3.125% 15.05.2027,EUR,Republic of Serbia,XS2170186923,Sovereign,2027-05-15,NaN,3.130,Annual,3.228,99.691,100000,Serbia,2000000000,1000,No,Yes,No,356.000,3.048
SERBIA 1.65% 03.03.2033,EUR,Republic of Serbia,XS2308620793,Sovereign,2033-03-03,BBB-,1.650,Annual,4.377,84.191,100000,Serbia,1000000000,1000,No,Yes,No,64.000,0.289
SERBIA 4.25% 06.05.2031,EUR,Republic of Serbia,XS3363425383,Sovereign,2031-06-05,BBB-,4.250,Annual,4.369,99.466,100000,Serbia,1000000000,1000,No,Yes,No,NaN,0.000
SERBIA 6.5% 26.09.2033,USD,Republic of Serbia,XS2580270275,Sovereign,2033-09-26,BBB-,6.500,Semi-Annual,5.369,106.562,200000,Serbia,1000000000,1000,No,Yes,No,40.000,0.722
SERBIA 1% 23.09.2028,EUR,Republic of Serbia,XS2388561677,Sovereign,2028-09-23,BBB-,1.000,Annual,3.729,93.870,100000,Serbia,1000000000,1000,No,Yes,No,225.000,0.616
SINGAPORE 3% 01.04.2029,SGD,Republic of Singapore,SGXF45447632,Sovereign,2029-01-04,NaN,3.000,Semi-Annual,1.596,103.992,1000,Singapore,5400000000,1000,No,Yes,No,34.000,0.279
SINGAPORE 2.5% 01.04.2030,SGD,Republic of Singapore,SGXF69708166,Sovereign,2030-01-04,NaN,2.500,Semi-Annual,1.668,103.105,1000,Singapore,7200000000,1000,No,Yes,No,34.000,0.232
SINGAPORE 2.875% 01.07.2029,SGD,Republic of Singapore,SG3263998209,Sovereign,2029-01-07,NaN,2.880,Semi-Annual,1.632,103.827,1000,Singapore,10400000000,1000,No,Yes,No,124.000,0.985
SINGAPORE 2.875% 01.08.2028,SGD,Republic of Singapore,SGXF51035222,Sovereign,2028-01-08,NaN,2.880,Semi-Annual,1.529,102.975,1000,Singapore,5100000000,1000,No,Yes,No,93.000,0.739
SINGAPORE 2.625% 01.05.2028,SGD,Republic of Singapore,SG31B7000002,Sovereign,2028-01-05,NaN,2.630,Semi-Annual,1.509,102.196,1000,Singapore,11100000000,1000,No,Yes,No,4.000,0.029
SINGAPORE 2.875% 01.09.2027,SGD,Republic of Singapore,SGXF33080817,Sovereign,2027-01-09,NaN,2.880,Semi-Annual,1.503,101.799,1000,Singapore,7400000000,1000,No,Yes,No,65.000,0.508
SINGAPORE 2.125% 01.06.2026,SGD,Republic of Singapore,SG31A8000003,Sovereign,2026-01-06,NaN,2.130,Semi-Annual,0.804,100.100,1000,Singapore,11500000000,1000,No,Yes,No,155.000,0.905
SINGAPORE 3.5% 01.03.2027,SGD,Republic of Singapore,SG7J60932174,Sovereign,2027-01-03,NR,3.500,Semi-Annual,1.416,101.698,1000,Singapore,13400000000,1000,No,Yes,No,65.000,0.618
REPUBLIC SRPSKA 6.25% 02.04.2031,EUR,Republic of Srpska,XS3327023787,Sovereign,2031-02-04,B,6.250,Annual,5.884,101.591,100000,Bosnia and Herz,500000000,1000,No,Yes,No,34.000,0.582
SURINAME 8.5% 06.11.2035,USD,Republic of Suriname,USP68788AG67,Sovereign,2035-06-11,NaN,8.500,Semi-Annual,7.182,109.344,200000,Suriname,265000000,1000,No,Yes,No,179.000,4.226
SURINAME 8.5% 06.11.2035,USD,Republic of Suriname,USP68788AF84,Sovereign,2035-06-11,CCC+,8.500,Semi-Annual,7.177,109.375,200000,Suriname,1050000000,1000,No,Yes,No,179.000,4.226
SURINAME 7.7% 06.11.2030,USD,Republic of Suriname,USP68788AE10,Sovereign,2030-06-11,CCC+,7.700,Semi-Annual,6.562,104.650,200000,Suriname,525000000,1000,No,Yes,No,179.000,3.829
TAJIKISTAN 7.125% 14.09.2027,USD,Republic of Tajikistan,XS1676401414,Sovereign,2027-09-14,B,7.130,Semi-Annual,0.802,105.750,200000,Tajikistan,250000000,1000,No,Yes,No,52.000,1.029
TRINIDAD TOBAGO 5.95% 14.01.2031,USD,Republic of Trinidad and Tobago,USP93960AJ47,Sovereign,2031-01-14,BBB-,5.950,Semi-Annual,5.383,102.125,200000,Trinidad and Tobago,560000000,1000,No,Yes,No,111.000,1.835
TRINIDAD TOBAGO 6.5% 28.01.2036,USD,Republic of Trinidad and Tobago,USP93960AL92,Sovereign,2036-01-28,BBB-,6.500,Semi-Annual,5.976,103.375,200000,Trinidad and Tobago,1000000000,1000,No,Yes,No,97.000,1.751
TRINIDAD TOBAGO 4.5% 26.06.2030,USD,Republic of Trinidad and Tobago,USP93960AH80,Sovereign,2030-06-26,BBB-,4.500,Semi-Annual,5.350,97.000,200000,Trinidad and Tobago,500000000,1000,No,Yes,No,129.000,1.613
TRINIDAD TOBAGO 6.4% 26.06.2034,USD,Republic of Trinidad and Tobago,USP93960AK10,Sovereign,2034-06-26,BBB-,6.400,Semi-Annual,5.840,103.500,200000,Trinidad and Tobago,750000000,1000,No,Yes,No,129.000,2.293
TRINIDAD TOBAGO 4.5% 04.08.2026,USD,Republic of Trinidad and Tobago,USP93960AG08,Sovereign,2026-04-08,BBB-,4.500,Semi-Annual,5.463,99.875,200000,Trinidad and Tobago,407040000,1000,No,Yes,No,91.000,1.137
TRINIDAD TOBAGO 5.875% 17.05.2027,USD,Republic of Trinidad and Tobago,USP93960AD76,Sovereign,2027-05-17,BBB-,5.880,Semi-Annual,4.869,101.125,100000,Trinidad and Tobago,150000000,1000,No,Yes,No,168.000,2.742
TURKIYE 11.875% 15.01.2030,USD,Republic of Turkiye,US900123AL40,Sovereign,2030-01-15,NR,11.880,Semi-Annual,5.779,120.125,1000,Turkey,1500000000,1000,No,No,No,110.000,3.628
TURKIYE 7.25% 29.05.2032,USD,Republic of Turkiye,US900123DQ00,Sovereign,2032-05-29,NaN,7.250,Semi-Annual,6.615,103.000,200000,Turkey,2000000000,1000,No,Yes,No,156.000,3.142
TURKIYE 7.625% 26.04.2029,USD,Republic of Turkiye,US900123CT57,Sovereign,2029-04-26,NaN,7.630,Semi-Annual,5.782,105.160,200000,Turkey,3000000000,1000,No,Yes,No,9.000,0.191
TURKIYE 9.375% 14.03.2029,USD,Republic of Turkiye,US900123DH01,Sovereign,2029-03-14,NaN,9.380,Semi-Annual,5.629,109.750,200000,Turkey,2250000000,1000,No,Yes,No,51.000,1.328
TURKIYE 7.625% 15.05.2034,USD,Republic of Turkiye,US900123DK30,Sovereign,2034-05-15,NaN,7.630,Semi-Annual,6.826,104.875,200000,Turkey,3000000000,1000,No,Yes,No,170.000,3.601
TURKIYE 4.375% 08.07.2027,EUR,Republic of Turkiye,XS2361850527,Sovereign,2027-08-07,NaN,4.380,Annual,3.109,101.428,100000,Turkey,1500000000,1000,No,Yes,No,302.000,3.620
TURKIYE 6% 25.03.2027,USD,Republic of Turkiye,US900123CL22,Sovereign,2027-03-25,NaN,6.000,Semi-Annual,4.399,101.250,200000,Turkey,3250000000,1000,No,Yes,No,40.000,0.667
TURKIYE 6.95% 16.09.2035,USD,Republic of Turkiye,US900123DR82,Sovereign,2035-09-16,NaN,6.950,Semi-Annual,7.022,99.000,200000,Turkey,2000000000,1000,No,Yes,No,49.000,0.946
TURKIYE 6.5% 03.01.2035,USD,Republic of Turkiye,US900123DN78,Sovereign,2035-03-01,NaN,6.500,Semi-Annual,6.906,97.375,200000,Turkey,3500000000,1000,No,Yes,No,122.000,2.203
TURKIYE 5.875% 21.05.2030,EUR,Republic of Turkiye,XS2790222116,Sovereign,2030-05-21,NaN,5.880,Annual,4.380,105.484,100000,Turkey,2000000000,1000,No,Yes,No,350.000,5.634
TURKIYE 9.125% 13.07.2030,USD,Republic of Turkiye,US900123DJ66,Sovereign,2030-07-13,NaN,9.130,Semi-Annual,6.009,111.250,200000,Turkey,2500000000,1000,No,Yes,No,112.000,2.839
TURKIYE 8% 14.02.2034,USD,Republic of Turkiye,US900123AT75,Sovereign,2034-02-14,NR,8.000,Semi-Annual,6.722,107.750,2000,Turkey,1500000000,1000,No,Yes,No,81.000,1.800
TURKIYE 5.125% 17.02.2028,USD,Republic of Turkiye,US900123CP36,Sovereign,2028-02-17,NaN,5.130,Semi-Annual,5.046,99.875,200000,Turkey,2000000000,1000,No,Yes,No,78.000,1.110
TURKIYE 5.15% 10.03.2034,EUR,Republic of Turkiye,XS3293834662,Sovereign,2034-10-03,NaN,5.150,Annual,5.365,98.420,100000,Turkey,2000000000,1000,No,Yes,No,85.000,1.199
TURKIYE 6.875% 17.03.2036,USD,Republic of Turkiye,US900123AY60,Sovereign,2036-03-17,NR,6.880,Semi-Annual,7.051,98.625,2000,Turkey,2750000000,1000,No,Yes,No,48.000,0.917
TURKIYE 6.125% 24.10.2028,USD,Republic of Turkiye,US900123CQ19,Sovereign,2028-10-24,NaN,6.130,Semi-Annual,5.304,101.750,200000,Turkey,2750000000,1000,No,Yes,No,11.000,0.187
TURKIYE 7.125% 12.02.2032,USD,Republic of Turkiye,US900123DP27,Sovereign,2032-12-02,NaN,7.130,Semi-Annual,6.516,102.875,200000,Turkey,2500000000,1000,No,Yes,No,83.000,1.643
TURKIYE 6.5% 20.09.2033,USD,Republic of Turkiye,US900123DD96,Sovereign,2033-09-20,NaN,6.500,Semi-Annual,6.804,97.875,200000,Turkey,1500000000,1000,No,Yes,No,45.000,0.812
TURKIYE 4.875% 09.10.2026,USD,Republic of Turkiye,US900123CK49,Sovereign,2026-09-10,NaN,4.880,Semi-Annual,3.675,100.375,200000,Turkey,3000000000,1000,No,Yes,No,31.000,0.420
TURKIYE 6.375% 22.05.2031,USD,Republic of Turkiye,US900123DV94,Sovereign,2031-05-22,NaN,6.380,Semi-Annual,6.343,99.750,200000,Turkey,2000000000,1000,No,Yes,No,13.000,0.230
TURKIYE 5.2% 17.08.2031,EUR,Republic of Turkiye,XS3123715297,Sovereign,2031-08-17,NaN,5.200,Annual,4.818,101.850,100000,Turkey,1500000000,1000,No,Yes,No,293.000,4.174
TURKIYE 5.25% 13.03.2030,USD,Republic of Turkiye,US900123CY43,Sovereign,2030-03-13,NaN,5.250,Semi-Annual,5.983,97.375,200000,Turkey,2000000000,1000,No,Yes,No,52.000,0.758
TURKIYE 9.375% 19.01.2033,USD,Republic of Turkiye,US900123DG28,Sovereign,2033-01-19,NaN,9.380,Semi-Annual,6.720,114.250,200000,Turkey,2750000000,1000,No,Yes,No,106.000,2.760
TURKIYE 5.95% 15.01.2031,USD,Republic of Turkiye,US900123DA57,Sovereign,2031-01-15,NaN,5.950,Semi-Annual,6.196,98.750,200000,Turkey,2250000000,1000,No,Yes,No,110.000,1.818
TURKIYE 7.125% 17.07.2032,USD,Republic of Turkiye,US900123DL13,Sovereign,2032-07-17,NaN,7.130,Semi-Annual,6.599,102.500,200000,Turkey,1750000000,1000,No,Yes,No,108.000,2.138
TURKIYE 9.875% 15.01.2028,USD,Republic of Turkiye,US900123DF45,Sovereign,2028-01-15,NaN,9.880,Semi-Annual,5.037,107.750,200000,Turkey,3500000000,1000,No,Yes,No,110.000,3.017
TURKIYE 6.3% 14.03.2033,USD,Republic of Turkiye,US900123DT49,Sovereign,2033-03-14,NaN,6.300,Semi-Annual,6.760,97.500,200000,Turkey,2000000000,1000,No,Yes,No,51.000,0.892
TURKIYE 5.875% 26.06.2031,USD,Republic of Turkiye,US900123DC14,Sovereign,2031-06-26,NaN,5.880,Semi-Annual,6.305,97.625,200000,Turkey,1750000000,1000,No,Yes,No,129.000,2.105
TURKIYE 8.6% 24.09.2027,USD,Republic of Turkiye,USM88269US88,Sovereign,2027-09-24,NaN,8.600,Semi-Annual,4.639,105.125,200000,Turkey,2000000000,1000,No,Yes,No,41.000,0.979
TURKIYE 12.4% 08.03.2028,TRY,Republic of Turkiye,TRT080328T15,Sovereign,2028-08-03,NaN,12.400,Every 182 days,37.660,68.222,1000,Turkey,80370272026,1000,No,Yes,Yes,54.000,1.840
URUGUAY 1.617% 23.07.2035,CHF,Republic of Uruguay,CH1454185955,Sovereign,2035-07-23,BBB+,1.620,Annual,1.540,100.341,5000,Uruguay,160000000,5000,No,Yes,Yes,283.000,1.272
URUGUAY 4.375% 23.01.2031,USD,Republic of Uruguay,US917288BK78,Sovereign,2031-01-23,BBB+,4.380,Semi-Annual,4.110,100.912,1,Uruguay,1878974729,1,No,Yes,No,102.000,1.240
URUGUAY 1.04% 23.07.2030,CHF,Republic of Uruguay,CH1454185948,Sovereign,2030-07-23,BBB+,1.040,Annual,1.054,99.741,5000,Uruguay,160000000,5000,No,Yes,Yes,283.000,0.818
URUGUAY 4.375% 27.10.2027,USD,Republic of Uruguay,US760942BB71,Sovereign,2027-10-27,BBB+,4.380,Semi-Annual,3.556,100.710,1,Uruguay,845977495,1,No,Yes,No,8.000,0.097
URUGUAY 7.875% 15.01.2033,USD,Republic of Uruguay,US917288BA96,Sovereign,2033-01-15,BBB+,7.880,Semi-Annual,4.560,118.993,1,Uruguay,840598054,1,No,Yes,No,110.000,2.406
URUGUAY 7.625% 21.03.2036,USD,Republic of Uruguay,US760942AS16,Sovereign,2036-03-21,BBB+,7.630,Semi-Annual,4.807,119.988,1,Uruguay,1056636806,1,No,Yes,No,44.000,0.932
URUGUAY 5.75% 28.10.2034,USD,Republic of Uruguay,US760942BE11,Sovereign,2034-10-28,BBB+,5.750,Semi-Annual,4.866,105.344,1,Uruguay,2199975998,1,No,Yes,No,7.000,0.112
UZBEKISTAN 5.1% 25.02.2029,EUR,Republic of Uzbekistan,XS3008639810,Sovereign,2029-02-25,NaN,5.100,Annual,4.242,102.243,100000,Uzbekistan,500000000,1000,No,Yes,No,70.000,0.978
UZBEKISTAN 6.9% 28.02.2032,USD,Republic of Uzbekistan,XS2827783437,Sovereign,2032-02-28,BB,6.900,Semi-Annual,5.329,107.875,200000,Uzbekistan,600000000,1000,No,Yes,No,68.000,1.303
UZBEKISTAN 7.85% 12.10.2028,USD,Republic of Uzbekistan,XS2701166717,Sovereign,2028-12-10,BB,7.850,Semi-Annual,4.872,106.750,200000,Uzbekistan,660000000,1000,No,Yes,No,24.000,0.523
UZBEKISTAN 3.9% 19.10.2031,USD,Republic of Uzbekistan,XS2365195978,Sovereign,2031-10-19,BB,3.900,Semi-Annual,5.260,93.250,200000,Uzbekistan,635000000,1000,No,Yes,No,17.000,0.184
UZBEKISTAN 5.375% 29.05.2027,EUR,Republic of Uzbekistan,XS2827786455,Sovereign,2027-05-29,BB,5.380,Annual,3.964,101.540,100000,Uzbekistan,600000000,1000,No,Yes,No,342.000,5.036
UZBEKISTAN 5.375% 20.02.2029,USD,Republic of Uzbekistan,XS1953915136,Sovereign,2029-02-20,BB,5.380,Semi-Annual,4.887,100.750,200000,Uzbekistan,500000000,1000,No,Yes,No,76.000,1.135
UZBEKISTAN 6.947% 25.05.2032,USD,Republic of Uzbekistan,XS3008644737,Sovereign,2032-05-25,NaN,6.950,Semi-Annual,5.357,108.375,200000,Uzbekistan,500000000,1000,No,Yes,No,161.000,3.107
UZBEKISTAN 3.7% 25.11.2030,USD,Republic of Uzbekistan,XS2263765856,Sovereign,2030-11-25,BB,3.700,Semi-Annual,5.164,93.500,200000,Uzbekistan,555000000,1000,No,Yes,No,161.000,1.655
PHILIPPINES 4.25% 27.07.2031,USD,Republic of the Philippines,US718286DJ32,Sovereign,2031-07-27,BBB+,4.250,Semi-Annual,4.418,98.945,200000,Philippines,500000000,1000,No,Yes,No,98.000,1.157
PHILIPPINES 0.875% 17.05.2027,EUR,Republic of the Philippines,XS1991219442,Sovereign,2027-05-17,BBB+,0.880,Annual,3.049,97.850,100000,Philippines,750000000,1000,No,Yes,No,354.000,0.849
PHILIPPINES 7.75% 14.01.2031,USD,Republic of the Philippines,US718286BB24,Sovereign,2031-01-14,BBB+,7.750,Semi-Annual,4.515,113.541,100000,Philippines,1744446000,1000,No,Yes,No,111.000,2.390
PHILIPPINES 4.625% 17.07.2028,USD,Republic of the Philippines,US718286CY18,Sovereign,2028-07-17,BBB+,4.630,Semi-Annual,4.155,100.882,200000,Philippines,500000000,1000,No,Yes,No,108.000,1.387
PHILIPPINES 4.375% 05.03.2030,USD,Republic of the Philippines,US718286DE45,Sovereign,2030-05-03,BBB+,4.380,Semi-Annual,4.308,100.091,200000,Philippines,500000000,1000,No,Yes,No,60.000,0.729
PHILIPPINES 5.5% 04.02.2035,USD,Republic of the Philippines,US718286DG92,Sovereign,2035-04-02,BBB+,5.500,Semi-Annual,5.132,102.593,200000,Philippines,1250000000,1000,No,Yes,No,91.000,1.390
PHILIPPINES 1.2% 28.04.2033,EUR,Republic of the Philippines,XS2334361354,Sovereign,2033-04-28,BBB+,1.200,Annual,3.863,83.821,100000,Philippines,650000000,1000,No,Yes,No,8.000,0.026
PHILIPPINES 5.609% 13.04.2033,USD,Republic of the Philippines,US718286CT23,Sovereign,2033-04-13,BBB+,5.610,Semi-Annual,4.842,104.457,200000,Philippines,750000000,1000,No,Yes,No,22.000,0.343
PHILIPPINES 6.375% 15.01.2032,USD,Republic of the Philippines,US718286BD89,Sovereign,2032-01-15,BBB+,6.380,Semi-Annual,4.589,108.879,100000,Philippines,1022248000,1000,No,Yes,No,110.000,1.948
PHILIPPINES 3.75% 14.01.2029,USD,Republic of the Philippines,US718286CG02,Sovereign,2029-01-14,BBB+,3.750,Semi-Annual,4.194,98.997,200000,Philippines,1500000000,1000,No,Yes,No,111.000,1.156
PHILIPPINES 5% 27.01.2036,USD,Republic of the Philippines,US718286DK05,Sovereign,2036-01-27,BBB+,5.000,Semi-Annual,5.186,98.737,200000,Philippines,1500000000,1000,No,Yes,No,98.000,1.361
PHILIPPINES 5.17% 13.10.2027,USD,Republic of the Philippines,US718286CV78,Sovereign,2027-10-13,BBB+,5.170,Semi-Annual,4.005,101.521,200000,Philippines,500000000,1000,No,Yes,No,22.000,0.316
PHILIPPINES 2.457% 05.05.2030,USD,Republic of the Philippines,US718286CJ41,Sovereign,2030-05-05,BBB+,2.460,Semi-Annual,4.433,92.835,200000,Philippines,1000000000,1000,No,Yes,No,NaN,0.000
PHILIPPINES 5% 17.07.2033,USD,Republic of the Philippines,US718286CW51,Sovereign,2033-07-17,BBB+,5.000,Semi-Annual,4.907,100.639,200000,Philippines,1250000000,1000,No,Yes,No,108.000,1.500
PHILIPPINES 3.625% 04.02.2032,EUR,Republic of the Philippines,XS2985434948,Sovereign,2032-04-02,BBB+,3.630,Annual,3.785,99.055,100000,Philippines,1000000000,1000,No,Yes,No,91.000,0.904
PHILIPPINES 3.229% 29.03.2027,USD,Republic of the Philippines,US718286CQ83,Sovereign,2027-03-29,BBB+,3.230,Semi-Annual,3.840,99.371,200000,Philippines,500000000,1000,No,Yes,No,36.000,0.323
PHILIPPINES 5.25% 14.05.2034,USD,Republic of the Philippines,US718286DA23,Sovereign,2034-05-14,BBB+,5.250,Semi-Annual,5.079,101.291,200000,Philippines,1000000000,1000,No,Yes,No,171.000,2.494
PHILIPPINES 6.375% 23.10.2034,USD,Republic of the Philippines,US718286BG11,Sovereign,2034-10-23,BBB+,6.380,Semi-Annual,5.080,108.911,100000,Philippines,1900131000,1000,No,Yes,No,12.000,0.212
PHILIPPINES 1.648% 10.06.2031,USD,Republic of the Philippines,US718286CK14,Sovereign,2031-10-06,BBB+,1.650,Semi-Annual,4.423,87.539,200000,Philippines,1250000000,1000,No,Yes,No,145.000,0.664
PHILIPPINES 0.7% 03.02.2029,EUR,Republic of the Philippines,XS2104985598,Sovereign,2029-03-02,BBB+,0.700,Annual,3.304,93.104,100000,Philippines,600000000,1000,No,Yes,No,92.000,0.176
PHILIPPINES 4.75% 05.03.2035,USD,Republic of the Philippines,US718286DC88,Sovereign,2035-05-03,BBB+,4.750,Semi-Annual,5.133,97.352,200000,Philippines,1100000000,1000,No,Yes,No,60.000,0.792
PHILIPPINES 1.95% 06.01.2032,USD,Republic of the Philippines,US718286CN52,Sovereign,2032-06-01,BBB+,1.950,Semi-Annual,4.543,87.082,200000,Philippines,750000000,1000,No,Yes,No,119.000,0.645
PHILIPPINES 3.556% 29.09.2032,USD,Republic of the Philippines,US718286CR66,Sovereign,2032-09-29,BBB+,3.560,Semi-Annual,4.671,93.910,200000,Philippines,750000000,1000,No,Yes,No,36.000,0.356
PHILIPPINES 3% 01.02.2028,USD,Republic of the Philippines,US718286CC97,Sovereign,2028-01-02,BBB+,3.000,Semi-Annual,4.184,97.995,200000,Philippines,2000000000,1000,No,Yes,No,94.000,0.783
PHILIPPINES 9.5% 02.02.2030,USD,Republic of the Philippines,US718286AY36,Sovereign,2030-02-02,BBB+,9.500,Semi-Annual,4.205,118.186,2000,Philippines,2000000000,1000,No,Yes,No,93.000,2.454
ARGENTINA 1% 09.07.2029,USD,Republica Argentina,US040114HX11,Sovereign,2029-09-07,CCC+,1.000,Semi-Annual,7.149,90.300,1,Argentina,1844520212,1,No,Yes,No,116.000,0.322
ARGENTINA 0.5% 09.07.2029,EUR,Republica Argentina,XS2200244072,Sovereign,2029-09-07,CCC+,0.500,Semi-Annual,7.353,89.719,1,Argentina,63272815,1,No,Yes,No,117.000,0.163
ARGENTINA 11.75% 13.11.2026,DEM,Republica Argentina,DE0001348100,Sovereign,2026-11-13,NR,11.750,Annual,37.489,55.000,1000,Argentina,500000000,1000,No,No,No,173.000,0.000
ARGENTINA 9.75% 19.09.2027,USD,Republica Argentina,US040114AV28,Sovereign,2027-09-19,NR,9.750,Semi-Annual,22.064,55.750,1000,Argentina,110950000,1000,No,No,No,46.000,0.000
ARGENTINA 0.125% 09.07.2030,EUR,Republica Argentina,XS2177363665,Sovereign,2030-09-07,CCC+,0.130,Semi-Annual,8.010,85.659,1,Argentina,839225402,1,No,Yes,No,117.000,0.041
COLOMBIA 8% 14.11.2035,USD,Republica de Colombia,US195325EL56,Sovereign,2035-11-14,BB-,8.000,Semi-Annual,6.737,108.357,200000,Colombia,729771000,1000,No,Yes,No,171.000,3.800
COLOMBIA 8.375% 15.02.2027,USD,Republica de Colombia,US195325AL92,Sovereign,2027-02-15,BB-,8.380,Semi-Annual,1.941,104.910,1000,Colombia,74292000,1000,No,No,No,80.000,1.861
COLOMBIA 10.375% 28.01.2033,USD,Republica de Colombia,US195325BB02,Sovereign,2033-01-28,BB-,10.380,Semi-Annual,5.980,123.220,1000,Colombia,183135000,1000,No,Yes,No,97.000,2.796
COLOMBIA 8% 20.04.2033,USD,Republica de Colombia,US195325EF88,Sovereign,2033-04-20,BB-,8.000,Semi-Annual,6.514,107.707,200000,Colombia,1624241000,1000,No,Yes,No,15.000,0.333
COLOMBIA 5.375% 21.01.2029,USD,Republica de Colombia,US195325ET82,Sovereign,2029-01-21,BB-,5.380,Semi-Annual,5.372,99.750,200000,Colombia,2000000000,1000,No,Yes,No,104.000,1.553
COLOMBIA 3% 30.01.2030,USD,Republica de Colombia,US195325DR36,Sovereign,2030-01-30,BB-,3.000,Semi-Annual,6.014,90.482,200000,Colombia,1542968000,1000,No,Yes,No,95.000,0.792
COLOMBIA 7.375% 25.04.2030,USD,Republica de Colombia,US195325ER27,Sovereign,2030-04-25,BB-,7.380,Semi-Annual,5.901,105.143,200000,Colombia,1900000000,1000,No,Yes,No,10.000,0.205
COLOMBIA 5% 19.09.2032,EUR,Republica de Colombia,XS3183159733,Sovereign,2032-09-19,BB-,5.000,Annual,5.752,96.057,100000,Colombia,1450000000,1000,No,Yes,No,229.000,3.137
COLOMBIA 4.5% 26.11.2030,EUR,Republica de Colombia,XS3239889788,Sovereign,2030-11-26,BB-,4.500,Annual,4.867,98.100,100000,Colombia,500000000,1000,No,Yes,No,161.000,1.985
COLOMBIA 4.5% 15.03.2029,USD,Republica de Colombia,US195325DP79,Sovereign,2029-03-15,BB-,4.500,Semi-Annual,5.512,97.269,200000,Colombia,2000000000,1000,No,Yes,No,50.000,0.625
COLOMBIA 8.5% 25.04.2035,USD,Republica de Colombia,US195325ES00,Sovereign,2035-04-25,BB-,8.500,Semi-Annual,6.772,111.216,200000,Colombia,347602000,1000,No,Yes,No,10.000,0.236
COLOMBIA 6.125% 21.01.2031,USD,Republica de Colombia,US195325EU55,Sovereign,2031-01-21,BB-,6.130,Semi-Annual,5.967,100.375,200000,Colombia,1475000000,1000,No,Yes,No,104.000,1.769
COLOMBIA 3.125% 15.04.2031,USD,Republica de Colombia,US195325DS19,Sovereign,2031-04-15,BB-,3.130,Semi-Annual,6.054,87.214,200000,Colombia,2539952000,1000,No,Yes,No,20.000,0.174
COLOMBIA 3.875% 25.04.2027,USD,Republica de Colombia,US195325DL65,Sovereign,2027-04-25,BB-,3.880,Semi-Annual,4.431,99.409,200000,Colombia,1740144000,1000,No,Yes,No,10.000,0.108
COLOMBIA 3.75% 19.09.2028,EUR,Republica de Colombia,XS3178859388,Sovereign,2028-09-19,BB-,3.750,Annual,4.269,98.826,100000,Colombia,1450000000,1000,No,Yes,No,229.000,2.353
COLOMBIA 3.25% 22.04.2032,USD,Republica de Colombia,US195325DZ51,Sovereign,2032-04-22,BB-,3.250,Semi-Annual,6.263,84.797,200000,Colombia,2000000000,1000,No,Yes,No,13.000,0.117
COLOMBIA 5.75% 26.11.2034,EUR,Republica de Colombia,XS3239891339,Sovereign,2034-11-26,BB-,5.750,Annual,6.167,96.997,100000,Colombia,700000000,1000,No,Yes,No,161.000,2.536
COLOMBIA 6.5% 21.01.2033,USD,Republica de Colombia,US195325EV39,Sovereign,2033-01-21,BB-,6.500,Semi-Annual,6.489,99.680,200000,Colombia,1475000000,1000,No,Yes,No,104.000,1.878
COLOMBIA 7.5% 02.02.2034,USD,Republica de Colombia,US195325EG61,Sovereign,2034-02-02,BB-,7.500,Semi-Annual,6.644,104.756,200000,Colombia,2200000000,1000,No,Yes,No,93.000,1.938
COLOMBIA 5.625% 19.02.2036,EUR,Republica de Colombia,XS3183160236,Sovereign,2036-02-19,BB-,5.630,Annual,6.349,94.797,100000,Colombia,1200000000,1000,No,Yes,No,76.000,1.171
GUATEMALA 6.05% 06.08.2031,USD,Republica de Guatemala,USP5015VAT37,Sovereign,2031-06-08,BB+,6.050,Semi-Annual,5.063,104.375,200000,Guatemala,600000000,1000,No,Yes,No,89.000,1.496
GUATEMALA 4.375% 05.06.2027,USD,Republica de Guatemala,USP5015VAG16,Sovereign,2027-05-06,BB+,4.380,Semi-Annual,4.253,100.375,200000,Guatemala,500000000,1000,No,Yes,No,150.000,1.823
GUATEMALA 4.875% 13.02.2028,USD,Republica de Guatemala,USP5015VAE67,Sovereign,2028-02-13,BB+,4.880,Semi-Annual,4.279,100.875,200000,Guatemala,700000000,1000,No,Yes,No,82.000,1.110
GUATEMALA 4.9% 01.06.2030,USD,Republica de Guatemala,USP5015VAH98,Sovereign,2030-01-06,BB+,4.900,Semi-Annual,4.763,100.375,200000,Guatemala,500000000,1000,No,Yes,No,154.000,2.096
GUATEMALA 8.125% 06.10.2034,USD,Republica de Guatemala,USP8056GAB97,Sovereign,2034-06-10,BB+,8.130,Semi-Annual,5.567,117.000,10000,Guatemala,330000000,1000,No,Yes,No,29.000,0.654
GUATEMALA 5.25% 10.08.2029,USD,Republica de Guatemala,USP5015VAP15,Sovereign,2029-10-08,BB+,5.250,Semi-Annual,4.863,101.250,200000,Guatemala,500000000,1000,No,Yes,No,90.000,1.312
GUATEMALA 3.7% 07.10.2033,USD,Republica de Guatemala,USP5015VAM83,Sovereign,2033-07-10,BB+,3.700,Semi-Annual,5.306,90.250,200000,Guatemala,500000000,1000,No,Yes,No,28.000,0.288
GUATEMALA 7.05% 04.10.2032,USD,Republica de Guatemala,USP5015VAR70,Sovereign,2032-04-10,BB+,7.050,Semi-Annual,5.206,109.500,200000,Guatemala,565000000,1000,No,Yes,No,31.000,0.607
GUATEMALA 5.375% 24.04.2032,USD,Republica de Guatemala,USP5015VAK28,Sovereign,2032-04-24,BB+,5.380,Semi-Annual,5.024,101.750,200000,Guatemala,500000000,1000,No,Yes,No,11.000,0.164
HONDURAS 8.625% 27.11.2034,USD,Republica de Honduras,USP5178RAE82,Sovereign,2034-11-27,BB-,8.630,Semi-Annual,6.228,115.250,150000,Honduras,700000000,1000,No,Yes,No,158.000,3.785
HONDURAS 5.625% 24.06.2030,USD,Republica de Honduras,USP5178RAD00,Sovereign,2030-06-24,BB-,5.630,Semi-Annual,5.623,100.125,150000,Honduras,600000000,1000,No,Yes,No,131.000,2.047
HONDURAS 6.25% 19.01.2027,USD,Republica de Honduras,USP5178RAC27,Sovereign,2027-01-19,BB-,6.250,Semi-Annual,4.240,101.625,150000,Honduras,700000000,1000,No,Yes,No,106.000,1.840
CONGO REPUBLIC 8.75% 16.04.2032,USD,Republique Democratique du Congo,XS3344646875,Sovereign,2032-04-16,B-,8.750,Semi-Annual,7.906,103.125,200000,Democratic Republic of the Congo,600000000,1000,No,Yes,No,20.000,0.486
COTE IVOIRE 6.375% 03.03.2028,USD,Republique de Cote d\'Ivoire,XS1196517434,Sovereign,2028-03-03,BB,6.380,Semi-Annual,4.884,102.000,200000,Ivory Coast,333500000,1000,No,Yes,No,63.000,1.116
COTE IVOIRE 6.125% 15.06.2033,USD,Republique de Cote d\'Ivoire,XS1631415400,Sovereign,2033-06-15,BB,6.130,Semi-Annual,6.374,98.750,200000,Ivory Coast,1250000000,1000,No,Yes,No,141.000,2.399
COTE IVOIRE 7.625% 30.01.2033,USD,Republique de Cote d\'Ivoire,XS2752065040,Sovereign,2033-01-30,BB,7.630,Semi-Annual,6.389,106.125,200000,Ivory Coast,1100000000,1000,No,Yes,No,96.000,2.033
COTE IVOIRE 4.875% 30.01.2032,EUR,Republique de Cote d\'Ivoire,XS2264871828,Sovereign,2032-01-30,BB,4.880,Annual,5.766,96.972,100000,Ivory Coast,1188344000,1000,No,Yes,No,96.000,1.282
COTE IVOIRE 5.25% 22.03.2030,EUR,Republique de Cote d\'Ivoire,XS1793329225,Sovereign,2030-03-22,BB,5.250,Annual,5.109,100.506,100000,Ivory Coast,850000000,1000,No,Yes,No,45.000,0.647
COTE IVOIRE 8.075% 01.04.2036,USD,Republique de Cote d\'Ivoire,XS3030237120,Sovereign,2036-01-04,BB,8.080,Semi-Annual,6.962,107.983,200000,Ivory Coast,1750000000,1000,No,Yes,No,35.000,0.785
COTE IVOIRE 5.875% 17.10.2031,EUR,Republique de Cote d\'Ivoire,XS2064786754,Sovereign,2031-10-17,BB,5.880,Annual,5.707,101.547,100000,Ivory Coast,850000000,1000,No,Yes,No,201.000,3.235
CONGO 9.5% 17.02.2035,USD,Republique du Congo,XS3295059367,Sovereign,2035-02-17,CCC+,9.500,Semi-Annual,9.963,97.875,200000,Congo,700000000,1000,No,Yes,No,79.000,2.085
CONGO 9.875% 07.11.2032,USD,Republique du Congo,XS3223166409,Sovereign,2032-07-11,CCC+,9.880,Semi-Annual,9.584,101.125,200000,Congo,575658000,1000,No,Yes,No,179.000,4.910
ROMANIA 4.625% 04.03.2033,EUR,Romania,XS3307442197,Sovereign,2033-04-03,BBB-,4.630,Annual,5.538,95.008,1000,Romania,2250000000,1000,No,Yes,No,63.000,0.798
ROMANIA 5.375% 22.03.2031,EUR,Romania,XS2770920937,Sovereign,2031-03-22,BBB-,5.380,Annual,4.923,101.757,1000,Romania,2220000000,1000,No,Yes,No,45.000,0.663
ROMANIA 2.875% 26.05.2028,EUR,Romania,XS1420357318,Sovereign,2028-05-26,BBB-,2.880,Annual,3.602,98.555,1000,Romania,2000000000,1000,No,Yes,No,345.000,2.717
ROMANIA 3% 14.02.2031,USD,Romania,XS2201851172,Sovereign,2031-02-14,BBB-,3.000,Semi-Annual,5.473,89.630,2000,Romania,1300000000,2000,No,Yes,No,88.000,0.733
ROMANIA 6.375% 30.01.2034,USD,Romania,XS2756521303,Sovereign,2034-01-30,BBB-,6.380,Semi-Annual,6.125,101.322,2000,Romania,2000000000,2000,No,Yes,No,96.000,1.700
ROMANIA 3.75% 07.02.2034,EUR,Romania,XS2434895806,Sovereign,2034-07-02,BBB-,3.750,Annual,5.651,88.346,1000,Romania,1250000000,1000,No,Yes,No,88.000,0.904
ROMANIA 2.375% 19.04.2027,EUR,Romania,XS1599193403,Sovereign,2027-04-19,BBB-,2.380,Annual,3.085,99.263,1000,Romania,2000000000,1000,No,Yes,No,17.000,0.111
ROMANIA 2.124% 16.07.2031,EUR,Romania,XS2027596530,Sovereign,2031-07-16,BBB-,2.120,Annual,4.878,87.628,1000,Romania,1400000000,1000,No,Yes,No,294.000,1.711
ROMANIA 2.5% 08.02.2030,EUR,Romania,XS1768067297,Sovereign,2030-08-02,BBB-,2.500,Annual,4.216,94.017,1000,Romania,750000000,1000,No,Yes,No,87.000,0.596
ROMANIA 5.375% 07.06.2033,EUR,Romania,XS3198384573,Sovereign,2033-07-06,BBB-,5.380,Annual,5.619,98.552,1000,Romania,2000000000,1000,No,Yes,No,211.000,3.107
ROMANIA 5.75% 16.09.2030,USD,Romania,XS3114901336,Sovereign,2030-09-16,BBB-,5.750,Semi-Annual,5.438,101.096,2000,Romania,2000000000,2000,No,Yes,No,50.000,0.799
ROMANIA 6.25% 10.09.2034,EUR,Romania,XS2999552909,Sovereign,2034-10-09,BBB-,6.250,Annual,5.854,102.263,1000,Romania,1400000000,1000,No,Yes,No,450.000,7.705
ROMANIA 3.624% 26.05.2030,EUR,Romania,XS2178857954,Sovereign,2030-05-26,BBB-,3.620,Annual,4.371,97.431,1000,Romania,2000000000,1000,No,Yes,No,345.000,3.425
ROMANIA 5.5% 18.09.2028,EUR,Romania,XS2689949399,Sovereign,2028-09-18,BBB-,5.500,Annual,3.689,103.920,1000,Romania,2700000000,1000,No,Yes,No,230.000,3.466
ROMANIA 6% 25.05.2034,USD,Romania,XS2485249523,Sovereign,2034-05-25,BBB-,6.000,Semi-Annual,6.135,99.000,2000,Romania,1010000000,2000,No,Yes,No,161.000,2.683
ROMANIA 1.375% 02.12.2029,EUR,Romania,XS2262211076,Sovereign,2029-02-12,BBB-,1.380,Annual,4.088,91.116,1000,Romania,1000000000,1000,No,Yes,No,155.000,0.584
ROMANIA 5.625% 22.02.2036,EUR,Romania,XS2770921315,Sovereign,2036-02-22,BBB-,5.630,Annual,6.010,97.320,1000,Romania,2000000000,1000,No,Yes,No,73.000,1.125
ROMANIA 2% 28.01.2032,EUR,Romania,XS2109812508,Sovereign,2032-01-28,BBB-,2.000,Annual,5.086,84.857,1000,Romania,1400000000,1000,No,Yes,No,98.000,0.537
ROMANIA 5.875% 11.07.2032,EUR,Romania,XS3021378032,Sovereign,2032-11-07,BBB-,5.880,Annual,5.413,102.338,1000,Romania,2250000000,1000,No,Yes,No,399.000,6.422
ROMANIA 2% 14.04.2033,EUR,Romania,XS2330503694,Sovereign,2033-04-14,BBB-,2.000,Annual,5.479,80.213,1000,Romania,2000000000,1000,No,Yes,No,22.000,0.120
ROMANIA 2.875% 11.03.2029,EUR,Romania,XS1892141620,Sovereign,2029-11-03,BBB-,2.880,Annual,4.020,96.830,1000,Romania,1150000000,1000,No,Yes,No,56.000,0.441
ROMANIA 5.25% 25.11.2027,USD,Romania,XS2485248806,Sovereign,2027-11-25,BBB-,5.250,Semi-Annual,4.484,101.230,2000,Romania,1000000000,2000,No,Yes,No,161.000,2.348
ROMANIA 2.125% 07.03.2028,EUR,Romania,XS2434895558,Sovereign,2028-07-03,BBB-,2.130,Annual,3.491,97.494,1000,Romania,1250000000,1000,No,Yes,No,60.000,0.349
ROMANIA 5.125% 24.09.2031,EUR,Romania,XS2908644615,Sovereign,2031-09-24,BBB-,5.130,Annual,4.997,100.405,1000,Romania,2250000000,1000,No,Yes,No,224.000,3.145
ROMANIA 5.25% 10.03.2030,EUR,Romania,XS2999533271,Sovereign,2030-10-03,BBB-,5.250,Annual,4.484,102.625,1000,Romania,1400000000,1000,No,Yes,No,57.000,0.820
ROMANIA 3.625% 27.03.2032,USD,Romania,XS2434896010,Sovereign,2032-03-27,BBB-,3.630,Semi-Annual,5.650,89.998,2000,Romania,1095434000,2000,No,Yes,No,39.000,0.393
ROMANIA 5.25% 30.05.2032,EUR,Romania,XS2829209720,Sovereign,2032-05-30,BBB-,5.250,Annual,5.231,100.000,1000,Romania,1842255000,1000,No,Yes,No,341.000,4.905
ROMANIA 3.875% 29.10.2035,EUR,Romania,XS1313004928,Sovereign,2035-10-29,BBB-,3.880,Annual,5.804,86.092,1000,Romania,2000000000,1000,No,Yes,No,189.000,2.006
ROMANIA 5.75% 24.03.2035,USD,Romania,XS2908633683,Sovereign,2035-03-24,BBB-,5.750,Semi-Annual,6.281,96.286,2000,Romania,2100000000,2000,No,Yes,No,42.000,0.671
ROMANIA 3.5% 03.04.2034,EUR,Romania,XS1970549561,Sovereign,2034-03-04,BBB-,3.500,Annual,5.588,86.909,1000,Romania,500000000,1000,No,Yes,No,33.000,0.316
ROMANIA 2% 08.12.2026,EUR,Romania,XS1934867547,Sovereign,2026-08-12,BBB-,2.000,Annual,3.114,99.394,1000,Romania,940394000,1000,No,Yes,No,149.000,0.816
ROMANIA 1.75% 13.07.2030,EUR,Romania,XS2364199757,Sovereign,2030-07-13,BBB-,1.750,Annual,4.438,89.758,1000,Romania,2000000000,1000,No,Yes,No,297.000,1.424
ROMANIA 6.625% 17.02.2028,USD,Romania,XS2571922884,Sovereign,2028-02-17,BBB-,6.630,Semi-Annual,5.065,102.641,2000,Romania,1717608000,2000,No,Yes,No,79.000,1.454
ROMANIA 7.125% 17.01.2033,USD,Romania,XS2571923007,Sovereign,2033-01-17,BBB-,7.130,Semi-Annual,5.967,106.374,2000,Romania,1600000000,2000,No,Yes,No,109.000,2.157
ROMANIA 6.375% 18.09.2033,EUR,Romania,XS2689948078,Sovereign,2033-09-18,BBB-,6.380,Annual,5.683,104.034,1000,Romania,2066000000,1000,No,Yes,No,230.000,4.017
ROMANIA 6.625% 27.09.2029,EUR,Romania,XS2538441598,Sovereign,2029-09-27,BBB-,6.630,Annual,4.171,107.473,1000,Romania,3190000000,1000,No,Yes,No,221.000,4.011
ROMANIA 5.875% 30.01.2029,USD,Romania,XS2756521212,Sovereign,2029-01-30,BBB-,5.880,Semi-Annual,5.201,101.536,2000,Romania,2000000000,2000,No,Yes,No,96.000,1.567
ROMANIA 3% 27.02.2027,USD,Romania,XS2434895988,Sovereign,2027-02-27,BBB-,3.000,Semi-Annual,5.089,98.276,2000,Romania,1350000000,2000,No,Yes,No,69.000,0.575
ROMANIA 5% 27.09.2026,EUR,Romania,XS2538440780,Sovereign,2026-09-27,BBB-,5.000,Annual,3.155,100.628,1000,Romania,1559670000,1000,No,Yes,No,221.000,3.027
SLOVAKIA 4.4% 11.07.2029,EUR,Slovak Republic,SK4120008665,Sovereign,2029-11-07,A,4.400,Annual,3.491,103.150,1,Slovakia,125000000,1,No,Yes,No,299.000,3.604
SLOVAKIA 2.7% 27.03.2028,EUR,Slovak Republic,SK4000028874,Sovereign,2028-03-27,NaN,2.700,Annual,2.807,99.650,1000,Slovakia,250000000,1000,No,Yes,No,40.000,0.296
SLOVAKIA 3.75% 23.02.2035,EUR,Slovak Republic,SK4000022539,Sovereign,2035-02-23,NaN,3.750,Annual,3.552,101.220,1,Slovakia,5000000000,1,No,Yes,No,72.000,0.740
SLOVAKIA 4% 19.10.2032,EUR,Slovak Republic,SK4000021986,Sovereign,2032-10-19,NaN,4.000,Annual,3.269,104.120,1,Slovakia,3000000000,1,No,Yes,No,199.000,2.181
SLOVAKIA 3.875% 08.02.2033,EUR,Slovak Republic,SK4120008954,Sovereign,2033-08-02,A,3.880,Annual,3.012,103.120,1,Slovakia,1500000000,1,No,Yes,No,87.000,0.924
SLOVAKIA 1% 14.05.2032,EUR,Slovak Republic,SK4000017166,Sovereign,2032-05-14,A,1.000,Annual,3.107,88.360,1,Slovakia,3000000000,1,No,Yes,No,357.000,0.978
SLOVAKIA 3.3% 02.04.2029,EUR,Slovak Republic,SK4000026860,Sovereign,2029-02-04,NaN,3.300,Annual,3.187,100.260,1000,Slovakia,250000000,1000,No,Yes,No,34.000,0.307
SLOVAKIA 1.915% 10.05.2034,CHF,Slovak Republic,CH1344316703,Sovereign,2034-10-05,A,1.920,Annual,1.170,105.435,5000,Slovakia,310000000,5000,No,Yes,Yes,356.000,1.894
SLOVAKIA 3.625% 16.01.2029,EUR,Slovak Republic,SK4120009762,Sovereign,2029-01-16,A,3.630,Annual,2.764,102.040,1,Slovakia,3000000000,1,No,Yes,No,110.000,1.093
SLOVAKIA 3% 02.04.2027,EUR,Slovak Republic,SK4000026852,Sovereign,2027-02-04,NaN,3.000,Annual,2.880,100.050,1000,Slovakia,250000000,1000,No,Yes,No,34.000,0.280
SLOVAKIA 0.125% 17.06.2027,EUR,Slovak Republic,SK4000017380,Sovereign,2027-06-17,A,0.130,Annual,2.771,97.010,1,Slovakia,2000000000,1,No,Yes,No,323.000,0.111
SLOVAKIA 0.75% 09.04.2030,EUR,Slovak Republic,SK4120015173,Sovereign,2030-09-04,A,0.750,Annual,2.922,91.610,1,Slovakia,3000000000,1,No,Yes,No,27.000,0.056
SLOVAKIA 1.625% 21.01.2031,EUR,Slovak Republic,SK4120011420,Sovereign,2031-01-21,A,1.630,Annual,3.045,93.760,1,Slovakia,3000000000,1,No,Yes,No,105.000,0.468
SLOVAKIA 4.5% 10.05.2026,EUR,Slovak Republic,SK4120004987,Sovereign,2026-10-05,A,4.500,Annual,3.334,99.980,1,Slovakia,1327760000,1,No,Yes,No,361.000,4.451
SLOVAKIA 3.75% 06.03.2034,EUR,Slovak Republic,SK4000024865,Sovereign,2034-06-03,NaN,3.750,Annual,3.435,101.900,1,Slovakia,5000000000,1,No,Yes,No,61.000,0.627
SLOVAKIA 3% 27.03.2030,EUR,Slovak Republic,SK4000028882,Sovereign,2030-03-27,NaN,3.000,Annual,2.926,100.000,1000,Slovakia,250000000,1000,No,Yes,No,40.000,0.329
SLOVAKIA 1% 09.10.2030,EUR,Slovak Republic,SK4000017059,Sovereign,2030-09-10,A,1.000,Annual,3.089,91.490,1,Slovakia,3000000000,1,No,Yes,No,209.000,0.573
SLOVAKIA 0.625% 22.05.2026,EUR,Slovak Republic,SK4120012220,Sovereign,2026-05-22,A,0.630,Annual,2.812,99.850,1,Slovakia,1450000000,1,No,Yes,No,349.000,0.598
SLOVAKIA 0.375% 21.04.2036,EUR,Slovak Republic,SK4000018958,Sovereign,2036-04-21,A,0.380,Annual,3.702,72.540,1,Slovakia,5000000000,1,No,Yes,No,15.000,0.015
SLOVAKIA 3% 06.11.2031,EUR,Slovak Republic,SK4000026241,Sovereign,2031-06-11,NaN,3.000,Annual,3.177,99.000,1,Slovakia,2882000000,1,No,Yes,No,181.000,1.488
SLOVAKIA 3% 07.02.2028,EUR,Slovak Republic,SK4000024683,Sovereign,2028-07-02,NaN,3.000,Annual,2.823,100.180,1,Slovakia,1948100000,1,No,Yes,No,88.000,0.723
SLOVAKIA 4.3% 09.08.2032,EUR,Slovak Republic,SK4120008673,Sovereign,2032-09-08,A,4.300,Annual,3.300,105.300,1000000,Slovakia,500000000,1000000,No,Yes,No,270.000,3.181
SLOVAKIA 3.625% 08.06.2033,EUR,Slovak Republic,SK4000023230,Sovereign,2033-08-06,NaN,3.630,Annual,3.319,101.650,1,Slovakia,4396400000,1,No,Yes,No,332.000,3.297
SLOVAKIA 1.375% 21.01.2027,EUR,Slovak Republic,SK4120010430,Sovereign,2027-01-21,A,1.380,Annual,2.514,99.020,1,Slovakia,2900000000,1,No,Yes,No,105.000,0.396
SLOVAKIA 1.522% 10.05.2028,CHF,Slovak Republic,CH1344316695,Sovereign,2028-10-05,A,1.520,Annual,0.751,101.521,5000,Slovakia,325000000,5000,No,Yes,Yes,356.000,1.506
SLOVAKIA 1% 12.06.2028,EUR,Slovak Republic,SK4120014150,Sovereign,2028-12-06,A,1.000,Annual,2.890,96.090,1,Slovakia,3000000000,1,No,Yes,No,328.000,0.899
SLOVAKIA 2.5% 04.06.2029,EUR,Slovak Republic,SK4000027397,Sovereign,2029-04-06,NaN,2.500,Annual,2.862,98.740,1,Slovakia,936400000,1,No,Yes,No,336.000,2.301
ISRAEL 4.5% 13.01.2031,USD,State of Israel,US46515CJY12,Sovereign,2031-01-13,A,4.500,Semi-Annual,4.847,98.340,200000,Israel,2250000000,1000,No,Yes,No,112.000,1.400
ISRAEL 0.625% 18.01.2032,EUR,State of Israel,XS2433136194,Sovereign,2032-01-18,A,0.630,Annual,3.776,84.145,1000,Israel,1500000000,1000,No,Yes,No,108.000,0.185
ISRAEL 0% 15.05.2027,USD,State of Israel,US465139TL78,Sovereign,2027-05-15,AAA,0.000,NaN,3.906,96.050,1000,Israel,62159000,1000,No,No,No,171.000,0.000
ISRAEL 5.375% 19.02.2030,USD,State of Israel,US46514Y8A80,Sovereign,2030-02-19,A,5.380,Semi-Annual,4.767,101.873,200000,Israel,2500000000,1000,No,Yes,No,76.000,1.135
ISRAEL 0% 15.11.2026,USD,State of Israel,US465139TK95,Sovereign,2026-11-15,AAA,0.000,NaN,3.906,97.973,1000,Israel,62159000,1000,No,No,No,171.000,0.000
ISRAEL 6.875% 21.10.2034,GBP,State of Israel,XS0103500855,Sovereign,2034-10-21,A,6.880,Annual,4.987,112.283,1000,Israel,100000000,1000,No,No,No,195.000,3.724
ISRAEL 5.625% 19.02.2035,USD,State of Israel,US46514Y8B63,Sovereign,2035-02-19,A,5.630,Semi-Annual,5.244,102.251,200000,Israel,2500000000,1000,No,Yes,No,76.000,1.188
ISRAEL 0% 15.11.2027,USD,State of Israel,US465139TM51,Sovereign,2027-11-15,AAA,0.000,NaN,4.120,93.874,1000,Israel,62159000,1000,No,No,No,171.000,0.000
ISRAEL 2.5% 15.01.2030,USD,State of Israel,US46513JXM88,Sovereign,2030-01-15,A,2.500,Semi-Annual,4.767,92.211,200000,Israel,1000000000,1000,No,Yes,No,110.000,0.764
ISRAEL 5.375% 12.03.2029,USD,State of Israel,US46514BRN90,Sovereign,2029-12-03,A,5.380,Semi-Annual,4.714,101.565,200000,Israel,2000000000,1000,No,Yes,No,53.000,0.791
ISRAEL 0% 15.05.2026,USD,State of Israel,US465139TJ23,Sovereign,2026-05-15,AAA,0.000,NaN,3.835,99.895,1000,Israel,62159000,1000,No,No,No,171.000,0.000
ISRAEL 3.25% 17.01.2028,USD,State of Israel,US46513YJH27,Sovereign,2028-01-17,A,3.250,Semi-Annual,4.367,98.095,200000,Israel,1000000000,1000,No,Yes,No,108.000,0.975
ISRAEL 7.25% 15.12.2028,USD,State of Israel,US465138ZR91,Sovereign,2028-12-15,A,7.250,Semi-Annual,4.346,106.928,1000,Israel,250000000,1000,No,No,No,140.000,2.819
ISRAEL 1.5% 18.01.2027,EUR,State of Israel,XS1551294256,Sovereign,2027-01-18,A,1.500,Annual,3.506,98.490,100000,Israel,2065000000,1000,No,Yes,No,108.000,0.444
ISRAEL 4.5% 17.01.2033,USD,State of Israel,US46514BRA79,Sovereign,2033-01-17,A,4.500,Semi-Annual,5.034,96.679,200000,Israel,2000000000,1000,No,Yes,No,108.000,1.350
ISRAEL 5% 30.10.2026,EUR,State of Israel,XS2711443932,Sovereign,2026-10-30,A,5.000,Annual,3.347,100.332,100000,Israel,1800000000,1000,No,Yes,No,188.000,2.575
ISRAEL 1.5% 16.01.2029,EUR,State of Israel,XS1936100483,Sovereign,2029-01-16,A,1.500,Annual,3.516,94.968,1000,Israel,1835000000,1000,No,Yes,No,110.000,0.452
ISRAEL 5% 13.01.2036,USD,State of Israel,US46515CJZ86,Sovereign,2036-01-13,A,5.000,Semi-Annual,5.324,97.432,200000,Israel,2000000000,1000,No,Yes,No,112.000,1.556
ISRAEL 5.5% 12.03.2034,USD,State of Israel,US46514BRL35,Sovereign,2034-12-03,A,5.500,Semi-Annual,5.144,101.907,200000,Israel,3000000000,1000,No,Yes,No,53.000,0.810
ISRAEL 6.5% 06.11.2031,USD,State of Israel,XS2715285230,Sovereign,2031-06-11,A,6.500,Semi-Annual,4.917,107.253,200000,Israel,800000000,1000,No,Yes,No,NaN,0.000
ISRAEL 2.75% 03.07.2030,USD,State of Israel,US46513JB346,Sovereign,2030-03-07,A,2.750,Semi-Annual,4.787,92.183,200000,Israel,2000000000,1000,No,Yes,No,122.000,0.932
ISRAEL 6.25% 21.11.2027,USD,State of Israel,XS2722281081,Sovereign,2027-11-21,NaN,6.250,Semi-Annual,4.430,102.587,200000,Israel,725000000,1000,No,Yes,No,165.000,2.865
KUWAIT 4.652% 09.10.2035,USD,State of Kuwait,XS3190721871,Sovereign,2035-09-10,AA-,4.650,Semi-Annual,4.977,98.008,200000,Kuwait,5000000000,1000,No,Yes,No,27.000,0.349
KUWAIT 4.016% 09.10.2028,USD,State of Kuwait,XS3190721012,Sovereign,2028-09-10,AA-,4.020,Semi-Annual,4.471,98.835,200000,Kuwait,3250000000,1000,No,Yes,No,27.000,0.301
KUWAIT 3.5% 20.03.2027,USD,State of Kuwait,XS1582346968,Sovereign,2027-03-20,AA-,3.500,Semi-Annual,4.405,99.338,200000,Kuwait,4500000000,1000,No,Yes,No,46.000,0.447
KUWAIT 4.804% 20.04.2033,USD,State of Kuwait,XS3350926781,Sovereign,2033-04-20,NaN,4.800,Semi-Annual,4.710,100.715,200000,Kuwait,2000000000,1000,No,Yes,No,16.000,0.213
KUWAIT 4.136% 09.10.2030,USD,State of Kuwait,XS3190721525,Sovereign,2030-09-10,AA-,4.140,Semi-Annual,4.389,99.115,200000,Kuwait,3000000000,1000,No,Yes,No,27.000,0.310
QATAR 4.8% 08.04.2033,USD,State of Qatar,XS3338487674,Sovereign,2033-08-04,AA,4.800,Semi-Annual,4.576,101.437,200000,Qatar,3000000000,1000,No,Yes,No,27.000,0.360
QATAR 4.875% 27.02.2035,USD,State of Qatar,XS2918565198,Sovereign,2035-02-27,AA,4.880,Semi-Annual,4.481,102.419,200000,Qatar,2000000000,1000,No,Yes,No,69.000,0.934
QATAR 4.625% 29.05.2029,USD,State of Qatar,XS2822506759,Sovereign,2029-05-29,AA,4.630,Semi-Annual,4.358,100.806,200000,Qatar,1000000000,1000,No,Yes,No,157.000,2.017
QATAR 4.5% 27.02.2028,USD,State of Qatar,XS2918565271,Sovereign,2028-02-27,AA,4.500,Semi-Annual,4.290,100.253,200000,Qatar,1000000000,1000,No,Yes,No,69.000,0.863
QATAR 4% 14.03.2029,USD,State of Qatar,XS1959337582,Sovereign,2029-03-14,AA,4.000,Semi-Annual,4.383,98.926,200000,Qatar,4000000000,1000,No,Yes,No,52.000,0.578
QATAR 3.75% 16.04.2030,USD,State of Qatar,XS2155352664,Sovereign,2030-04-16,AA,3.750,Semi-Annual,4.338,97.865,200000,Qatar,3000000000,1000,No,Yes,No,20.000,0.208
QATAR 4.5% 23.04.2028,USD,State of Qatar,XS1807174393,Sovereign,2028-04-23,AA,4.500,Semi-Annual,4.293,100.319,200000,Qatar,3000000000,1000,No,Yes,No,13.000,0.163
QATAR 4.75% 29.05.2034,USD,State of Qatar,XS2822506833,Sovereign,2034-05-29,AA,4.750,Semi-Annual,4.421,102.331,200000,Qatar,1500000000,1000,No,Yes,No,157.000,2.071
QATAR 3.25% 02.06.2026,USD,State of Qatar,XS1405782159,Sovereign,2026-02-06,AA,3.250,Semi-Annual,3.779,99.959,200000,Qatar,3500000000,1000,No,Yes,No,154.000,1.390
QATAR 9.75% 15.06.2030,USD,State of Qatar,XS0113419690,Sovereign,2030-06-15,AA,9.750,Semi-Annual,4.140,121.077,10000,Qatar,1400000000,1000,No,No,No,141.000,3.819
QATAR 3.625% 10.11.2028,USD,State of Qatar,XS3216220544,Sovereign,2028-10-11,AA,3.630,Semi-Annual,4.293,98.282,200000,Qatar,1000000000,1000,No,Yes,No,176.000,1.772
OMAN 6% 01.08.2029,USD,Sultanate of Oman,XS1944412748,Sovereign,2029-01-08,NaN,6.000,Semi-Annual,4.584,104.347,200000,Oman,2171568000,1000,No,Yes,No,95.000,1.583
OMAN 5.375% 08.03.2027,USD,Sultanate of Oman,XS1575967218,Sovereign,2027-08-03,BBB-,5.380,Semi-Annual,4.598,100.675,200000,Oman,1626861000,1000,No,Yes,No,58.000,0.866
OMAN 6.75% 28.10.2027,USD,Sultanate of Oman,XS2234859101,Sovereign,2027-10-28,NaN,6.750,Semi-Annual,4.532,103.167,200000,Oman,1369177000,1000,No,Yes,No,8.000,0.150
OMAN 5.625% 17.01.2028,USD,Sultanate of Oman,XS1750113661,Sovereign,2028-01-17,NaN,5.630,Semi-Annual,4.581,101.524,200000,Oman,2384240000,1000,No,Yes,No,109.000,1.703
OMAN 4.75% 15.06.2026,USD,Sultanate of Oman,XS1405777589,Sovereign,2026-06-15,BBB-,4.750,Semi-Annual,5.533,99.892,200000,Oman,2083216000,1000,No,Yes,No,141.000,1.860
OMAN 7.375% 28.10.2032,USD,Sultanate of Oman,XS2234859283,Sovereign,2032-10-28,NaN,7.380,Semi-Annual,4.788,114.335,200000,Oman,1022457000,1000,No,Yes,No,8.000,0.164
OMAN 6.25% 25.01.2031,USD,Sultanate of Oman,XS2288905370,Sovereign,2031-01-25,NaN,6.250,Semi-Annual,4.690,106.660,200000,Oman,1637035000,1000,No,Yes,No,101.000,1.754
SWITZERLAND 0% 26.06.2034,CHF,Swiss Confederation,CH0440081393,Sovereign,2034-06-26,NaN,0.000,Annual,0.335,97.118,1000,Switzerland,3907433000,1000,No,Yes,Yes,310.000,0.000
SWITZERLAND 0.5% 27.06.2032,CHF,Swiss Confederation,CH0344958688,Sovereign,2032-06-27,AAA,0.500,Annual,0.241,101.182,1000,Switzerland,4010580000,1000,No,Yes,Yes,309.000,0.429
SWITZERLAND 0.5% 27.05.2030,CHF,Swiss Confederation,CH0224397171,Sovereign,2030-05-27,NaN,0.500,Annual,0.170,101.083,1000,Switzerland,4220287000,1000,No,Yes,Yes,339.000,0.471
SWITZERLAND 2.5% 08.03.2036,CHF,Swiss Confederation,CH0024524966,Sovereign,2036-08-03,NR,2.500,Annual,0.379,120.170,1000,Switzerland,4571740000,1000,No,Yes,Yes,58.000,0.403
SWITZERLAND 2.25% 22.06.2031,CHF,Swiss Confederation,CH0127181029,Sovereign,2031-06-22,NaN,2.250,Annual,0.242,110.041,1000,Switzerland,3524465000,1000,No,Yes,Yes,314.000,1.962
SWITZERLAND 0.25% 23.06.2035,CHF,Swiss Confederation,CH0557778310,Sovereign,2035-06-23,NaN,0.250,Annual,0.347,99.008,1000,Switzerland,3233175000,1000,No,Yes,Yes,313.000,0.217
SWITZERLAND 3.5% 08.04.2033,CHF,Swiss Confederation,CH0015803239,Sovereign,2033-08-04,NR,3.500,Annual,0.251,122.030,1000,Switzerland,4703860000,1000,No,Yes,Yes,28.000,0.272
SWITZERLAND 4% 08.04.2028,CHF,Swiss Confederation,CH0008680370,Sovereign,2028-08-04,NR,4.000,Annual,0.126,107.384,1000,Switzerland,5612455000,1000,No,Yes,No,28.000,0.311
SWITZERLAND 3.25% 27.06.2027,CHF,Swiss Confederation,CH0031835561,Sovereign,2027-06-27,NR,3.250,Annual,0.065,103.608,1000,Switzerland,3080515000,1000,No,Yes,Yes,309.000,2.790
SWITZERLAND 0% 22.06.2029,CHF,Swiss Confederation,CH0224397346,Sovereign,2029-06-22,NaN,0.000,Annual,0.136,99.372,1000,Switzerland,4992375000,1000,No,Yes,Yes,314.000,0.000
SRI LANKA 4% 15.04.2028,USD,THE DEMOCRATIC SOCIALIST REPUBLIC OF SRI LANKA,XS2966242500,Sovereign,2028-04-15,CCC+,4.000,Semi-Annual,6.925,96.000,1000,Sri Lanka,873299686,1,No,Yes,No,NaN,NaN
FOEROYA LANDSSTY 2.7% 03.05.2032,NOK,THE GOVERNMENT OF THE FAROE ISLANDS,NO0010791296,Sovereign,2032-03-05,NaN,2.700,Annual,4.497,90.810,1000000,Faroe Islands,550000000,1000000,No,Yes,No,3.000,0.022
FOEROYA LANDSSTY 3.25% 24.05.2029,DKK,THE GOVERNMENT OF THE FAROE ISLANDS,DK0030539549,Sovereign,2029-05-24,NaN,3.250,Annual,2.875,100.794,0,Faroe Islands,1100000000,0,No,Yes,No,347.000,3.090
FOEROYA LANDSSTY 3.625% 19.06.2026,DKK,THE GOVERNMENT OF THE FAROE ISLANDS,DK0030525837,Sovereign,2026-06-19,NaN,3.630,Annual,5.496,100.127,1000,Faroe Islands,900000000,1000,No,Yes,No,321.000,3.188
FOEROYA LANDSSTY 2.375% 22.05.2028,DKK,THE GOVERNMENT OF THE FAROE ISLANDS,DK0030549696,Sovereign,2028-05-22,NaN,2.380,Annual,2.851,98.675,1000,Faroe Islands,1320000000,1000,No,Yes,No,349.000,2.271
KENYA 6.3% 23.01.2034,USD,THE REPUBLIC OF KENYA,XS2354781614,Sovereign,2034-01-23,B,6.300,Semi-Annual,8.538,88.250,200000,Kenya,1000000000,1000,No,Yes,No,103.000,1.802
KENYA 7% 22.05.2027,USD,THE REPUBLIC OF KENYA,XS1843435840,Sovereign,2027-05-22,B,7.000,Semi-Annual,6.032,100.500,200000,Kenya,213539995,1000,No,Yes,No,164.000,3.189
KENYA 8% 22.05.2032,USD,THE REPUBLIC OF KENYA,XS1843435766,Sovereign,2032-05-22,B,8.000,Semi-Annual,8.153,99.500,200000,Kenya,875158000,1000,No,Yes,No,164.000,3.644
KENYA 7.875% 09.10.2033,USD,THE REPUBLIC OF KENYA,XS3196101201,Sovereign,2033-09-10,B,7.880,Semi-Annual,8.622,96.375,200000,Kenya,750000000,1000,No,Yes,No,27.000,0.591
KENYA 9.5% 05.03.2036,USD,THE REPUBLIC OF KENYA,XS3010561762,Sovereign,2036-05-03,B,9.500,Semi-Annual,9.282,101.140,200000,Kenya,1500000000,1000,No,Yes,No,61.000,1.610
KENYA 9.75% 16.02.2031,USD,THE REPUBLIC OF KENYA,XS2764839945,Sovereign,2031-02-16,B,9.750,Semi-Annual,7.752,106.125,200000,Kenya,1500000000,1000,No,Yes,No,80.000,2.167
KENYA 7.875% 26.02.2034,USD,THE REPUBLIC OF KENYA,XS3305838602,Sovereign,2034-02-26,B,7.880,Semi-Annual,8.946,94.625,200000,Kenya,900000000,1000,No,Yes,No,70.000,1.531
KENYA 8.25% 22.01.2032,USD,THE REPUBLIC OF KENYA,XS2984140827,Sovereign,2032-01-22,NaN,8.250,Semi-Annual,9.389,94.299,200000,Kenya,500000000,1000,No,Yes,No,NaN,NaN
KENYA 7.25% 28.02.2028,USD,THE REPUBLIC OF KENYA,XS1781710543,Sovereign,2028-02-28,B,7.250,Semi-Annual,6.943,100.500,200000,Kenya,281049000,1000,No,Yes,No,68.000,1.369
BAHAMAS CMNWLTH 6.95% 20.11.2029,USD,The Commonwealth of The Bahamas,USP06518AE74,Sovereign,2029-11-20,BB-,6.950,Semi-Annual,5.879,104.000,1000,Bahamas,226116000,1000,No,Yes,No,165.000,3.185
BAHAMAS CMNWLTH 8.95% 15.10.2032,USD,The Commonwealth of The Bahamas,USP06518AH06,Sovereign,2032-10-15,BB-,8.950,Semi-Annual,6.066,112.875,200000,Bahamas,626399000,1000,No,Yes,No,20.000,0.497
BAHAMAS CMNWLTH 6.625% 15.05.2033,USD,The Commonwealth of The Bahamas,USP06518AC19,Sovereign,2033-05-15,BB-,6.630,Semi-Annual,7.222,97.625,1000,Bahamas,175639000,1000,No,Yes,No,170.000,3.128
BAHAMAS CMNWLTH 9% 16.06.2029,USD,The Commonwealth of The Bahamas,USP06518AJ61,Sovereign,2029-06-16,BB-,9.000,Semi-Annual,5.923,108.250,200000,Bahamas,173135000,1000,No,Yes,No,139.000,3.475
BAHAMAS CMNWLTH 6% 21.11.2028,USD,The Commonwealth of The Bahamas,USP06518AG23,Sovereign,2028-11-21,BB-,6.000,Semi-Annual,5.363,101.000,200000,Bahamas,158181000,1000,No,Yes,No,164.000,2.733
LAOS 11.25% 12.11.2030,USD,The Government of The Lao People\'s Democratic Republic,XS3225349573,Sovereign,2030-12-11,CCC+,11.250,Semi-Annual,9.269,106.000,200000,Laos,300000000,1000,No,Yes,No,174.000,5.438
INDONESIA 4.15% 20.09.2027,USD,The Government of the Republic of Indonesia,US455780DM52,Sovereign,2027-09-20,BBB,4.150,Semi-Annual,4.111,100.073,200000,Indonesia,750000000,1000,No,Yes,No,45.000,0.519
INDONESIA 4.65% 20.09.2032,USD,The Government of the Republic of Indonesia,US455780DN36,Sovereign,2032-09-20,BBB,4.650,Semi-Annual,4.741,99.527,200000,Indonesia,1400000000,1000,No,Yes,No,45.000,0.581
INDONESIA 4.4% 10.03.2029,USD,The Government of the Republic of Indonesia,US455780DT06,Sovereign,2029-10-03,BBB,4.400,Semi-Annual,4.277,100.469,200000,Indonesia,500000000,1000,No,Yes,No,55.000,0.672
INDONESIA 2.85% 14.02.2030,USD,The Government of the Republic of Indonesia,US455780CQ75,Sovereign,2030-02-14,BBB,2.850,Semi-Annual,4.538,94.182,200000,Indonesia,1200000000,1000,No,Yes,No,81.000,0.641
INDONESIA 3.75% 16.10.2033,EUR,The Government of the Republic of Indonesia,XS3200124496,Sovereign,2033-10-16,BBB,3.750,Annual,4.186,97.171,100000,Indonesia,600000000,1000,No,Yes,No,202.000,2.075
INDONESIA 4.4% 14.08.2030,AUD,The Government of the Republic of Indonesia,AU3CB0324812,Sovereign,2030-08-14,BBB,4.400,Semi-Annual,5.249,96.811,10000,Indonesia,500000000,10000,No,Yes,Yes,81.000,0.985
INDONESIA 4.55% 11.01.2028,USD,The Government of the Republic of Indonesia,US455780DQ66,Sovereign,2028-11-01,BBB,4.550,Semi-Annual,4.201,100.612,200000,Indonesia,1000000000,1000,No,Yes,No,114.000,1.441
INDONESIA 2.15% 28.07.2031,USD,The Government of the Republic of Indonesia,US455780CY00,Sovereign,2031-07-28,BBB,2.150,Semi-Annual,4.635,88.621,200000,Indonesia,1200000000,1000,No,Yes,No,97.000,0.579
INDONESIA 3.85% 15.10.2030,USD,The Government of the Republic of Indonesia,US455780CS32,Sovereign,2030-10-15,BBB,3.850,Semi-Annual,4.549,97.239,200000,Indonesia,1650000000,1000,No,Yes,No,20.000,0.214
INDONESIA 4.75% 11.02.2029,USD,The Government of the Republic of Indonesia,US455780CH76,Sovereign,2029-11-02,BBB,4.750,Semi-Annual,4.221,101.238,200000,Indonesia,1250000000,1000,No,Yes,No,84.000,1.108
INDONESIA 4.35% 21.02.2031,USD,The Government of the Republic of Indonesia,US455780EE28,Sovereign,2031-02-21,BBB,4.350,Semi-Annual,4.587,99.035,200000,Indonesia,1100000000,1000,No,Yes,No,104.000,1.257
INDONESIA 3.65% 10.09.2032,EUR,The Government of the Republic of Indonesia,XS2895623978,Sovereign,2032-10-09,BBB,3.650,Annual,3.899,98.649,100000,Indonesia,750000000,1000,No,Yes,No,238.000,2.380
INDONESIA 1% 28.07.2029,EUR,The Government of the Republic of Indonesia,XS2366690332,Sovereign,2029-07-28,BBB,1.000,Annual,3.531,92.310,100000,Indonesia,500000000,1000,No,Yes,No,282.000,0.773
INDONESIA 4.85% 11.01.2033,USD,The Government of the Republic of Indonesia,US455780DR40,Sovereign,2033-11-01,BBB,4.850,Semi-Annual,4.911,99.723,200000,Indonesia,1250000000,1000,No,Yes,No,114.000,1.536
INDONESIA 1.1% 12.03.2033,EUR,The Government of the Republic of Indonesia,XS2280331898,Sovereign,2033-12-03,BBB,1.100,Annual,4.190,81.855,100000,Indonesia,1000000000,1000,No,Yes,No,55.000,0.166
INDONESIA 4.7% 10.02.2034,USD,The Government of the Republic of Indonesia,US455780DU78,Sovereign,2034-10-02,BBB,4.700,Semi-Annual,4.994,98.175,200000,Indonesia,650000000,1000,No,Yes,No,85.000,1.110
INDONESIA 4.95% 21.02.2036,USD,The Government of the Republic of Indonesia,US455780EF92,Sovereign,2036-02-21,BBB,4.950,Semi-Annual,5.250,97.923,200000,Indonesia,1100000000,1000,No,Yes,No,104.000,1.430
INDONESIA 5.25% 15.01.2030,USD,The Government of the Republic of Indonesia,US455780DZ65,Sovereign,2030-01-15,BBB,5.250,Semi-Annual,4.500,102.557,200000,Indonesia,900000000,1000,No,Yes,No,110.000,1.604
INDONESIA 4.9% 16.04.2036,USD,The Government of the Republic of Indonesia,US455780ED45,Sovereign,2036-04-16,BBB,4.900,Semi-Annual,5.231,97.640,200000,Indonesia,1250000000,1000,No,Yes,No,19.000,0.259
INDONESIA 0.9% 14.02.2027,EUR,The Government of the Republic of Indonesia,XS2100404396,Sovereign,2027-02-14,BBB,0.900,Annual,3.006,98.325,100000,Indonesia,1000000000,1000,No,Yes,No,81.000,0.200
INDONESIA 5.3% 14.08.2035,AUD,The Government of the Republic of Indonesia,AU3CB0324820,Sovereign,2035-08-14,BBB,5.300,Semi-Annual,5.645,97.495,10000,Indonesia,300000000,10000,No,Yes,Yes,81.000,1.186
INDONESIA 3.75% 14.06.2028,EUR,The Government of the Republic of Indonesia,XS1432493440,Sovereign,2028-06-14,BBB,3.750,Annual,3.270,100.856,100000,Indonesia,1500000000,1000,No,Yes,No,326.000,3.349
INDONESIA 4.1% 04.03.2034,EUR,The Government of the Republic of Indonesia,XS3307444482,Sovereign,2034-04-03,BBB,4.100,Annual,4.354,98.269,100000,Indonesia,1200000000,1000,No,Yes,No,63.000,0.708
INDONESIA 4.35% 08.01.2027,USD,The Government of the Republic of Indonesia,USY20721BQ18,Sovereign,2027-08-01,NaN,4.350,Semi-Annual,4.119,100.098,200000,Indonesia,1250000000,1000,No,Yes,No,117.000,1.414
INDONESIA 5.6% 15.01.2035,USD,The Government of the Republic of Indonesia,US455780EA06,Sovereign,2035-01-15,BBB,5.600,Semi-Annual,5.177,103.094,200000,Indonesia,1100000000,1000,No,Yes,No,110.000,1.711
INDONESIA 3.4% 18.09.2029,USD,The Government of the Republic of Indonesia,US455780CK06,Sovereign,2029-09-18,BBB,3.400,Semi-Annual,4.225,97.427,200000,Indonesia,750000000,1000,No,Yes,No,47.000,0.444
INDONESIA 3.875% 15.01.2033,EUR,The Government of the Republic of Indonesia,XS2974517075,Sovereign,2033-01-15,BBB,3.880,Annual,4.085,98.838,100000,Indonesia,700000000,1000,No,Yes,No,111.000,1.178
INDONESIA 4.75% 10.09.2034,USD,The Government of the Republic of Indonesia,US455780DX18,Sovereign,2034-10-09,BBB,4.750,Semi-Annual,5.076,97.807,200000,Indonesia,1150000000,1000,No,Yes,No,55.000,0.726
INDONESIA 1.45% 18.09.2026,EUR,The Government of the Republic of Indonesia,XS2012546714,Sovereign,2026-09-18,BBB,1.450,Annual,3.224,99.323,100000,Indonesia,750000000,1000,No,Yes,No,230.000,0.914
INDONESIA 3.5% 11.01.2028,USD,The Government of the Republic of Indonesia,US455780CD62,Sovereign,2028-11-01,BBB,3.500,Semi-Annual,4.158,98.893,200000,Indonesia,1250000000,1000,No,Yes,No,114.000,1.108
INDONESIA 1.85% 12.03.2031,USD,The Government of the Republic of Indonesia,US455780CV60,Sovereign,2031-12-03,BBB,1.850,Semi-Annual,4.635,88.198,200000,Indonesia,1250000000,1000,No,Yes,No,53.000,0.272
INDONESIA 3.55% 31.03.2032,USD,The Government of the Republic of Indonesia,US455780DJ24,Sovereign,2032-03-31,BBB,3.550,Semi-Annual,4.746,94.052,200000,Indonesia,1000000000,1000,No,Yes,No,35.000,0.345
INDONESIA 4.1% 24.04.2028,USD,The Government of the Republic of Indonesia,US455780CF11,Sovereign,2028-04-24,BBB,4.100,Semi-Annual,4.116,99.928,200000,Indonesia,1000000000,1000,No,Yes,No,11.000,0.125
INDONESIA 4.3% 16.04.2031,USD,The Government of the Republic of Indonesia,US455780EC61,Sovereign,2031-04-16,BBB,4.300,Semi-Annual,4.579,98.854,200000,Indonesia,600000000,1000,No,Yes,No,19.000,0.227
INDONESIA 3.85% 18.07.2027,USD,The Government of the Republic of Indonesia,USY20721BT56,Sovereign,2027-07-18,NaN,3.850,Semi-Annual,4.089,99.680,200000,Indonesia,1000000000,1000,No,Yes,No,107.000,1.144
INDONESIA 1.3% 23.03.2034,EUR,The Government of the Republic of Indonesia,XS2387734317,Sovereign,2034-03-23,BBB,1.300,Annual,4.306,80.216,100000,Indonesia,500000000,1000,No,Yes,No,44.000,0.157
INDONESIA 1.4% 30.10.2031,EUR,The Government of the Republic of Indonesia,XS2069959398,Sovereign,2031-10-30,BBB,1.400,Annual,3.757,88.424,100000,Indonesia,1000000000,1000,No,Yes,No,188.000,0.721
INDONESIA 8.5% 12.10.2035,USD,The Government of the Republic of Indonesia,USY20721AE96,Sovereign,2035-12-10,BBB,8.500,Semi-Annual,5.229,124.234,100000,Indonesia,1562661000,1000,No,Yes,No,23.000,0.543
JORDAN 7.75% 15.01.2028,USD,The Hashemite Kingdom of Jordan,XS2490731721,Sovereign,2028-01-15,BB-,7.750,Semi-Annual,5.470,103.375,200000,Jordan,650000000,1000,No,Yes,No,111.000,2.390
JORDAN 5.85% 07.07.2030,USD,The Hashemite Kingdom of Jordan,XS2199272662,Sovereign,2030-07-07,BB-,5.850,Semi-Annual,5.711,100.000,200000,Jordan,1250000000,1000,No,Yes,No,119.000,1.934
JORDAN 5.75% 12.11.2032,USD,The Hashemite Kingdom of Jordan,XS3218674136,Sovereign,2032-12-11,BB-,5.750,Semi-Annual,6.079,98.125,200000,Jordan,700000000,1000,No,Yes,No,174.000,2.779
JORDAN 7.5% 13.01.2029,USD,The Hashemite Kingdom of Jordan,XS2602742285,Sovereign,2029-01-13,BB-,7.500,Semi-Annual,5.827,103.815,200000,Jordan,1250000000,1000,No,Yes,No,119.000,2.479
JORDAN 5.75% 31.01.2027,USD,The Hashemite Kingdom of Jordan,XS1405770220,Sovereign,2027-01-31,BB-,5.750,Semi-Annual,4.860,100.375,200000,Jordan,1000000000,1000,No,Yes,No,96.000,1.533
UAE 4.857% 02.07.2034,USD,United Arab Emirates Government,XS2850662631,Sovereign,2034-02-07,NaN,4.860,Semi-Annual,4.571,101.913,200000,United Arab Emirates,1500000000,1000,No,Yes,No,124.000,1.673
UAE 2% 19.10.2031,USD,United Arab Emirates Government,XS2397053757,Sovereign,2031-10-19,NaN,2.000,Semi-Annual,4.339,88.960,200000,United Arab Emirates,1000000000,1000,No,Yes,No,17.000,0.094
UAE 4.917% 25.09.2033,USD,United Arab Emirates Government,XS2684502623,Sovereign,2033-09-25,NaN,4.920,Semi-Annual,4.561,102.217,200000,United Arab Emirates,1500000000,1000,No,Yes,No,41.000,0.560
UAE 4.05% 07.07.2032,USD,United Arab Emirates Government,XS2492384818,Sovereign,2032-07-07,NaN,4.050,Semi-Annual,4.414,98.149,200000,United Arab Emirates,1750000000,1000,No,Yes,No,119.000,1.339
UNITED KINGDOM 1% 31.01.2032,GBP,United Kingdom of Great Britain and Northern Ireland,GB00BM8Z2T38,Sovereign,2032-01-31,NaN,1.000,Semi-Annual,4.564,82.180,0,United Kingdom,36801371000,0,No,Yes,No,94.000,0.260
UNITED KINGDOM 0.625% 31.07.2035,GBP,United Kingdom of Great Britain and Northern Ireland,GB00BMGR2916,Sovereign,2035-07-31,NaN,0.630,Semi-Annual,4.905,68.540,0,United Kingdom,35633850000,0,No,Yes,No,102.000,0.173
UNITED KINGDOM 0% 17.08.2026,GBP,United Kingdom of Great Britain and Northern Ireland,GB00BSGNLX88,Sovereign,2026-08-17,NaN,0.000,NaN,3.878,98.907,0,United Kingdom,2000000000,0,No,Yes,No,259.000,0.000
UNITED KINGDOM 0% 14.09.2026,GBP,United Kingdom of Great Britain and Northern Ireland,GB00BSGQ7068,Sovereign,2026-09-14,NaN,0.000,NaN,3.943,98.593,0,United Kingdom,2500000000,0,No,Yes,No,50.000,0.000
UNITED KINGDOM 4.375% 07.03.2030,GBP,United Kingdom of Great Britain and Northern Ireland,GB00BSQNRD01,Sovereign,2030-07-03,NaN,4.380,Semi-Annual,4.424,99.800,0,United Kingdom,45215344000,0,No,Yes,No,59.000,0.701
UNITED KINGDOM 0.125% 31.01.2028,GBP,United Kingdom of Great Britain and Northern Ireland,GB00BMBL1G81,Sovereign,2028-01-31,BB+,0.130,Semi-Annual,4.175,93.250,0,United Kingdom,39260277000,0,No,Yes,No,94.000,0.033
UNITED KINGDOM 4.25% 07.06.2032,GBP,United Kingdom of Great Britain and Northern Ireland,GB0004893086,Sovereign,2032-07-06,NR,4.250,Semi-Annual,4.540,98.390,0,United Kingdom,46026149499,0,No,Yes,No,149.000,1.740
UNITED KINGDOM 4.25% 07.03.2036,GBP,United Kingdom of Great Britain and Northern Ireland,GB0032452392,Sovereign,2036-07-03,NR,4.250,Semi-Annual,5.000,94.360,0,United Kingdom,32424933000,0,No,Yes,No,59.000,0.681
UNITED KINGDOM 0% 26.10.2026,GBP,United Kingdom of Great Britain and Northern Ireland,GB00BSGQKS59,Sovereign,2026-10-26,NaN,0.000,NaN,4.019,98.121,0,United Kingdom,2500000000,0,No,Yes,No,8.000,0.000
UNITED KINGDOM 4.125% 07.03.2033,GBP,United Kingdom of Great Britain and Northern Ireland,GB00BVP99780,Sovereign,2033-07-03,NaN,4.130,Semi-Annual,4.676,96.960,0,United Kingdom,16837600000,0,No,Yes,No,59.000,0.661
UNITED KINGDOM 0% 22.06.2026,GBP,United Kingdom of Great Britain and Northern Ireland,GB00BSGPL455,Sovereign,2026-06-22,NaN,0.000,NaN,3.760,99.508,0,United Kingdom,5500000000,0,No,Yes,No,134.000,0.000
UNITED KINGDOM 0% 18.05.2026,GBP,United Kingdom of Great Britain and Northern Ireland,GB00BSGP8Z54,Sovereign,2026-05-18,NaN,0.000,NaN,3.711,99.868,0,United Kingdom,5500000000,0,No,Yes,No,169.000,0.000
UNITED KINGDOM 0% 29.06.2026,GBP,United Kingdom of Great Britain and Northern Ireland,GB00BSGPMK80,Sovereign,2026-06-29,NaN,0.000,NaN,3.778,99.434,0,United Kingdom,4500000000,0,No,Yes,No,127.000,0.000
UNITED KINGDOM 0% 01.06.2026,GBP,United Kingdom of Great Britain and Northern Ireland,GB00BSGPF325,Sovereign,2026-01-06,NaN,0.000,NaN,3.741,99.724,0,United Kingdom,5000000000,0,No,Yes,No,155.000,0.000
UNITED KINGDOM 4.125% 07.03.2031,GBP,United Kingdom of Great Britain and Northern Ireland,GB00BVP99673,Sovereign,2031-07-03,NaN,4.130,Semi-Annual,4.474,98.450,0,United Kingdom,29096621000,0,No,Yes,No,59.000,0.661
UNITED KINGDOM 1.625% 22.10.2028,GBP,United Kingdom of Great Britain and Northern Ireland,GB00BFX0ZL78,Sovereign,2028-10-22,NaN,1.630,Semi-Annual,4.299,93.810,0,United Kingdom,38743345000,0,No,Yes,No,13.000,0.058
UNITED KINGDOM 4.375% 07.03.2028,GBP,United Kingdom of Great Britain and Northern Ireland,GB00BSQNRC93,Sovereign,2028-07-03,NaN,4.380,Semi-Annual,4.404,99.950,0,United Kingdom,47199189000,0,No,Yes,No,59.000,0.701
UNITED KINGDOM 0.5% 31.01.2029,GBP,United Kingdom of Great Britain and Northern Ireland,GB00BLPK7227,Sovereign,2029-01-31,NaN,0.500,Semi-Annual,4.279,90.320,0,United Kingdom,30847495000,0,No,Yes,No,94.000,0.130
UNITED KINGDOM 0% 02.11.2026,GBP,United Kingdom of Great Britain and Northern Ireland,GB00BSGQN319,Sovereign,2026-02-11,NaN,0.000,NaN,4.027,98.043,0,United Kingdom,2500000000,0,No,Yes,No,NaN,0.000
UNITED KINGDOM 0% 21.09.2026,GBP,United Kingdom of Great Britain and Northern Ireland,GB00BSGQ8Z86,Sovereign,2026-09-21,NaN,0.000,NaN,3.958,98.514,0,United Kingdom,2500000000,0,No,Yes,No,43.000,0.000
UNITED KINGDOM 4.625% 31.01.2034,GBP,United Kingdom of Great Britain and Northern Ireland,GB00BPJJKN53,Sovereign,2034-01-31,NaN,4.630,Semi-Annual,4.780,99.040,0,United Kingdom,32512329000,0,No,Yes,No,94.000,1.201
UNITED KINGDOM 0% 06.07.2026,GBP,United Kingdom of Great Britain and Northern Ireland,GB00BSGQD757,Sovereign,2026-06-07,NaN,0.000,NaN,3.780,99.362,0,United Kingdom,2500000000,0,No,Yes,No,28.000,0.000
UNITED KINGDOM 0% 20.07.2026,GBP,United Kingdom of Great Britain and Northern Ireland,GB00BSGPRS12,Sovereign,2026-07-20,NaN,0.000,NaN,3.819,99.211,0,United Kingdom,4000000000,0,No,Yes,No,106.000,0.000
UNITED KINGDOM 4.5% 07.03.2035,GBP,United Kingdom of Great Britain and Northern Ireland,GB00BT7J0027,Sovereign,2035-07-03,NaN,4.500,Semi-Annual,4.896,97.140,0,United Kingdom,40752157000,0,No,Yes,No,59.000,0.722
UNITED KINGDOM 0.875% 31.07.2033,GBP,United Kingdom of Great Britain and Northern Ireland,GB00BM8Z2S21,Sovereign,2033-07-31,NaN,0.880,Semi-Annual,4.706,76.770,0,United Kingdom,39783000000,0,No,Yes,No,94.000,0.227
UNITED KINGDOM 0% 01.09.2026,GBP,United Kingdom of Great Britain and Northern Ireland,GB00BSGQ3Y25,Sovereign,2026-01-09,NaN,0.000,NaN,3.911,98.741,0,United Kingdom,2000000000,0,No,Yes,No,64.000,0.000
UNITED KINGDOM 0% 12.10.2026,GBP,United Kingdom of Great Britain and Northern Ireland,GB00BSGQFR99,Sovereign,2026-12-10,NaN,0.000,NaN,3.995,98.279,0,United Kingdom,2500000000,0,No,Yes,No,22.000,0.000
UNITED KINGDOM 0% 11.05.2026,GBP,United Kingdom of Great Britain and Northern Ireland,GB00BSGP6M85,Sovereign,2026-11-05,NaN,0.000,NaN,3.713,99.939,0,United Kingdom,5500000000,0,No,Yes,No,176.000,0.000
UNITED KINGDOM 0% 10.08.2026,GBP,United Kingdom of Great Britain and Northern Ireland,GB00BSGPYF75,Sovereign,2026-10-08,NaN,0.000,NaN,3.866,98.983,0,United Kingdom,2000000000,0,No,Yes,No,85.000,0.000
UNITED KINGDOM 0.375% 22.10.2030,GBP,United Kingdom of Great Britain and Northern Ireland,GB00BL68HH02,Sovereign,2030-10-22,NaN,0.380,Semi-Annual,4.331,84.030,0,United Kingdom,41316747000,0,No,Yes,No,13.000,0.013
UNITED KINGDOM 3.75% 07.03.2027,GBP,United Kingdom of Great Britain and Northern Ireland,GB00BPSNB460,Sovereign,2027-07-03,NaN,3.750,Semi-Annual,4.327,99.490,0,United Kingdom,37352749000,0,No,Yes,No,59.000,0.601
UNITED KINGDOM 0.375% 22.10.2026,GBP,United Kingdom of Great Britain and Northern Ireland,GB00BNNGP668,Sovereign,2026-10-22,NaN,0.380,Semi-Annual,3.868,98.410,0,United Kingdom,33660598000,0,No,Yes,No,13.000,0.013
UNITED KINGDOM 0% 13.07.2026,GBP,United Kingdom of Great Britain and Northern Ireland,GB00BSGN9349,Sovereign,2026-07-13,NaN,0.000,NaN,3.793,99.288,0,United Kingdom,5000000000,0,No,Yes,No,295.000,0.000
UNITED KINGDOM 1.25% 22.07.2027,GBP,United Kingdom of Great Britain and Northern Ireland,GB00BDRHNP05,Sovereign,2027-07-22,NaN,1.250,Semi-Annual,4.352,96.310,0,United Kingdom,41947822000,0,No,Yes,No,103.000,0.356
UNITED KINGDOM 4% 22.10.2031,GBP,United Kingdom of Great Britain and Northern Ireland,GB00BPSNBF73,Sovereign,2031-10-22,NaN,4.000,Semi-Annual,4.530,97.400,0,United Kingdom,36623371000,0,No,Yes,No,13.000,0.142
UNITED KINGDOM 4.75% 22.10.2035,GBP,United Kingdom of Great Britain and Northern Ireland,GB00BTXS1K06,Sovereign,2035-10-22,NaN,4.750,Semi-Annual,4.958,98.490,0,United Kingdom,41812497000,0,No,Yes,No,13.000,0.169
UNITED KINGDOM 4.125% 29.01.2027,GBP,United Kingdom of Great Britain and Northern Ireland,GB00BL6C7720,Sovereign,2027-01-29,NaN,4.130,Semi-Annual,4.292,99.860,0,United Kingdom,32407950000,0,No,Yes,No,96.000,1.094
UNITED KINGDOM 0% 08.06.2026,GBP,United Kingdom of Great Britain and Northern Ireland,GB00BSGPGK62,Sovereign,2026-08-06,NaN,0.000,NaN,3.749,99.652,0,United Kingdom,5000000000,0,No,Yes,No,148.000,0.000
UNITED KINGDOM 4.25% 07.12.2027,GBP,United Kingdom of Great Britain and Northern Ireland,GB00B16NNR78,Sovereign,2027-07-12,NR,4.250,Semi-Annual,4.370,99.770,0,United Kingdom,33776823000,0,No,Yes,No,149.000,1.740
UNITED KINGDOM 0.875% 22.10.2029,GBP,United Kingdom of Great Britain and Northern Ireland,GB00BJMHB534,Sovereign,2029-10-22,NaN,0.880,Semi-Annual,4.321,89.040,0,United Kingdom,44643059000,0,No,Yes,No,13.000,0.031
UNITED KINGDOM 0% 19.10.2026,GBP,United Kingdom of Great Britain and Northern Ireland,GB00BSGP4801,Sovereign,2026-10-19,NaN,0.000,NaN,4.006,98.201,0,United Kingdom,2500000000,0,No,Yes,No,195.000,0.000
UNITED KINGDOM 3.25% 31.01.2033,GBP,United Kingdom of Great Britain and Northern Ireland,GB00BMV7TC88,Sovereign,2033-01-31,NaN,3.250,Semi-Annual,4.674,91.940,0,United Kingdom,34175120000,0,No,Yes,No,94.000,0.844
UNITED KINGDOM 6% 07.12.2028,GBP,United Kingdom of Great Britain and Northern Ireland,GB0002404191,Sovereign,2028-07-12,NR,6.000,Semi-Annual,4.335,104.040,0,United Kingdom,20730554560,0,No,Yes,No,149.000,2.456
UNITED KINGDOM 4.5% 07.06.2028,GBP,United Kingdom of Great Britain and Northern Ireland,GB00BMF9LG83,Sovereign,2028-07-06,NaN,4.500,Semi-Annual,4.408,100.170,0,United Kingdom,35216988000,0,No,Yes,No,149.000,1.842
UNITED KINGDOM 0% 26.05.2026,GBP,United Kingdom of Great Britain and Northern Ireland,GB00BSGPCJ77,Sovereign,2026-05-26,NaN,0.000,NaN,3.710,99.787,0,United Kingdom,5500000000,0,No,Yes,No,162.000,0.000
UNITED KINGDOM 0% 27.07.2026,GBP,United Kingdom of Great Britain and Northern Ireland,GB00BSGPTH47,Sovereign,2026-07-27,NaN,0.000,NaN,3.864,99.129,0,United Kingdom,4000000000,0,No,Yes,No,99.000,0.000
UNITED KINGDOM 0% 07.09.2026,GBP,United Kingdom of Great Britain and Northern Ireland,GB00BSGQ5138,Sovereign,2026-07-09,NaN,0.000,NaN,3.927,98.673,0,United Kingdom,2500000000,0,No,Yes,No,57.000,0.000
UNITED KINGDOM 0% 24.08.2026,GBP,United Kingdom of Great Britain and Northern Ireland,GB00BSGQ2B23,Sovereign,2026-08-24,NaN,0.000,NaN,3.896,98.829,0,United Kingdom,2000000000,0,No,Yes,No,71.000,0.000
UNITED KINGDOM 1.5% 22.07.2026,GBP,United Kingdom of Great Britain and Northern Ireland,GB00BYZW3G56,Sovereign,2026-07-22,BBB-,1.500,Semi-Annual,3.807,99.503,0,United Kingdom,44673738000,0,No,Yes,No,103.000,0.427
UNITED KINGDOM 0.25% 31.07.2031,GBP,United Kingdom of Great Britain and Northern Ireland,GB00BMGR2809,Sovereign,2031-07-31,NaN,0.250,Semi-Annual,4.413,80.710,0,United Kingdom,41587911000,0,No,Yes,No,94.000,0.065
UNITED KINGDOM 4.25% 31.07.2034,GBP,United Kingdom of Great Britain and Northern Ireland,GB00BQC82C90,Sovereign,2034-07-31,NaN,4.250,Semi-Annual,4.827,96.110,0,United Kingdom,36102635000,0,No,Yes,No,94.000,1.104
UNITED KINGDOM 4.5% 07.09.2034,GBP,United Kingdom of Great Britain and Northern Ireland,GB00B52WS153,Sovereign,2034-07-09,NR,4.500,Semi-Annual,4.818,97.740,0,United Kingdom,39862283000,0,No,Yes,No,59.000,0.722
UNITED KINGDOM 4.75% 07.12.2030,GBP,United Kingdom of Great Britain and Northern Ireland,GB00B24FF097,Sovereign,2030-07-12,NR,4.750,Semi-Annual,4.369,101.480,0,United Kingdom,45073380570,0,No,Yes,No,149.000,1.944
UNITED KINGDOM 0% 03.08.2026,GBP,United Kingdom of Great Britain and Northern Ireland,GB00BSGPWD12,Sovereign,2026-03-08,NaN,0.000,NaN,3.869,99.055,0,United Kingdom,2000000000,0,No,Yes,No,92.000,0.000
UNITED KINGDOM 4% 22.05.2029,GBP,United Kingdom of Great Britain and Northern Ireland,GB00BVP99566,Sovereign,2029-05-22,NaN,4.000,Semi-Annual,4.423,98.820,0,United Kingdom,30796412000,0,No,Yes,No,208.000,2.290
UNITED KINGDOM 0% 15.06.2026,GBP,United Kingdom of Great Britain and Northern Ireland,GB00BSGPJG32,Sovereign,2026-06-15,NaN,0.000,NaN,3.746,99.581,0,United Kingdom,5500000000,0,No,Yes,No,141.000,0.000
UNITED KINGDOM 0% 28.09.2026,GBP,United Kingdom of Great Britain and Northern Ireland,GB00BSGQBJ36,Sovereign,2026-09-28,NaN,0.000,NaN,3.970,98.436,0,United Kingdom,2500000000,0,No,Yes,No,36.000,0.000
UNITED KINGDOM 4.125% 22.07.2029,GBP,United Kingdom of Great Britain and Northern Ireland,GB00BQC82B83,Sovereign,2029-07-22,NaN,4.130,Semi-Annual,4.430,99.120,0,United Kingdom,37986998000,0,No,Yes,No,103.000,1.174
UNITED KINGDOM 0% 05.10.2026,GBP,United Kingdom of Great Britain and Northern Ireland,GB00BSGQD864,Sovereign,2026-05-10,NaN,0.000,NaN,3.985,98.357,0,United Kingdom,2500000000,0,No,Yes,No,28.000,0.000
UTD MEXICAN 11.5% 15.05.2026,USD,United Mexican States (Mexico),US593048AX90,Sovereign,2026-05-15,BBB,11.500,Semi-Annual,6.096,100.144,1000,Mexico,320445000,1000,No,Yes,No,170.000,5.431
UTD MEXICAN 6% 13.05.2030,USD,United Mexican States (Mexico),US91087BBB53,Sovereign,2030-05-13,BBB,6.000,Semi-Annual,4.863,104.098,200000,Mexico,1705844000,1000,No,Yes,No,172.000,2.867
UTD MEXICAN 3.25% 16.04.2030,USD,United Mexican States (Mexico),US91087BAH33,Sovereign,2030-04-16,BBB,3.250,Semi-Annual,4.839,94.342,200000,Mexico,2010492000,1000,No,Yes,No,19.000,0.172
UTD MEXICAN 4.875% 19.05.2033,USD,United Mexican States (Mexico),US91087BAT70,Sovereign,2033-05-19,BBB,4.880,Semi-Annual,5.587,95.631,200000,Mexico,2203576000,1000,No,Yes,No,171.000,2.316
UTD MEXICAN 8.3% 15.08.2031,USD,United Mexican States (Mexico),US91086QAG38,Sovereign,2031-08-15,BBB,8.300,Semi-Annual,4.409,118.034,1000,Mexico,1053407000,1000,No,Yes,No,80.000,1.844
UTD MEXICAN 3.5% 12.02.2034,USD,United Mexican States (Mexico),US91087BAR15,Sovereign,2034-12-02,BBB,3.500,Semi-Annual,5.694,86.271,200000,Mexico,2868146000,1000,No,Yes,No,83.000,0.807
UTD MEXICAN 4.5% 19.03.2034,EUR,United Mexican States (Mexico),XS3185370973,Sovereign,2034-03-19,BBB,4.500,Annual,4.636,99.132,100000,Mexico,1500000000,1000,No,Yes,No,48.000,0.592
UTD MEXICAN 3.5% 19.09.2029,EUR,United Mexican States (Mexico),XS3185370890,Sovereign,2029-09-19,BBB,3.500,Annual,3.729,99.259,100000,Mexico,2250000000,1000,No,Yes,No,229.000,2.196
UTD MEXICAN 4.75% 22.03.2031,USD,United Mexican States (Mexico),US91087BBJ89,Sovereign,2031-03-22,BBB,4.750,Semi-Annual,5.081,98.399,200000,Mexico,1500000000,1000,No,Yes,No,43.000,0.567
UTD MEXICAN 5.85% 02.07.2032,USD,United Mexican States (Mexico),US91087BBE92,Sovereign,2032-02-07,BBB,5.850,Semi-Annual,5.390,102.119,200000,Mexico,3949715000,1000,No,Yes,No,123.000,1.999
UTD MEXICAN 2.659% 24.05.2031,USD,United Mexican States (Mexico),US91087BAM28,Sovereign,2031-05-24,BBB,2.660,Semi-Annual,5.063,89.152,200000,Mexico,2997358000,1000,No,Yes,No,161.000,1.189
UTD MEXICAN 2.375% 11.02.2030,EUR,United Mexican States (Mexico),XS2444273168,Sovereign,2030-11-02,BBB,2.380,Annual,3.887,94.692,100000,Mexico,800000000,1000,No,Yes,No,84.000,0.547
UTD MEXICAN 1.45% 25.10.2033,EUR,United Mexican States (Mexico),XS2289587789,Sovereign,2033-10-25,BBB,1.450,Annual,4.517,81.008,100000,Mexico,1514779000,1000,No,Yes,No,193.000,0.767
UTD MEXICAN 4.49% 25.05.2032,EUR,United Mexican States (Mexico),XS2754067242,Sovereign,2032-05-25,BBB,4.490,Annual,4.289,101.004,100000,Mexico,2000000000,1000,No,Yes,No,346.000,4.256
UTD MEXICAN 6.75% 27.09.2034,USD,United Mexican States (Mexico),US91086QAS75,Sovereign,2034-09-27,BBB,6.750,Semi-Annual,5.632,106.930,1000,Mexico,1696200000,1000,No,Yes,No,38.000,0.713
UTD MEXICAN 5.625% 22.09.2035,USD,United Mexican States (Mexico),US91087BBL36,Sovereign,2035-09-22,BBB,5.630,Semi-Annual,5.868,98.127,200000,Mexico,2500000000,1000,No,Yes,No,43.000,0.672
UTD MEXICAN 6.35% 09.02.2035,USD,United Mexican States (Mexico),US91087BAV27,Sovereign,2035-09-02,BBB,6.350,Semi-Annual,5.818,103.414,200000,Mexico,2750000000,1000,No,Yes,No,86.000,1.517
UTD MEXICAN 3.625% 09.04.2029,EUR,United Mexican States (Mexico),XS1054418600,Sovereign,2029-09-04,BBB,3.630,Annual,3.717,99.637,100000,Mexico,1000000000,1000,No,Yes,No,27.000,0.268
UTD MEXICAN 5.625% 09.02.2034,USD,United Mexican States (Mexico),US91087BBQ23,Sovereign,2034-09-02,BBB,5.630,Semi-Annual,5.693,99.133,200000,Mexico,3000000000,1000,No,Yes,No,116.000,1.812
UTD MEXICAN 5% 07.05.2029,USD,United Mexican States (Mexico),US91087BAY65,Sovereign,2029-07-05,BBB,5.000,Semi-Annual,4.597,101.021,200000,Mexico,779788000,1000,No,Yes,No,178.000,2.472
UTD MEXICAN 7.5% 08.04.2033,USD,United Mexican States (Mexico),US91086QAN88,Sovereign,2033-08-04,BBB,7.500,Semi-Annual,4.909,115.312,1000,Mexico,769896000,1000,No,Yes,No,27.000,0.562
UTD MEXICAN 1.75% 17.04.2028,EUR,United Mexican States (Mexico),XS1751001139,Sovereign,2028-04-17,BBB,1.750,Annual,3.638,96.471,100000,Mexico,1323899000,1000,No,Yes,No,19.000,0.091
UTD MEXICAN 3.875% 16.05.2031,EUR,United Mexican States (Mexico),XS3265539729,Sovereign,2031-05-16,BBB,3.880,Annual,4.179,98.524,100000,Mexico,2000000000,1000,No,Yes,No,110.000,1.168
UTD MEXICAN 4.625% 04.05.2033,EUR,United Mexican States (Mexico),XS2991917530,Sovereign,2033-04-05,BBB,4.630,Annual,4.425,101.360,100000,Mexico,1400000000,1000,No,Yes,No,2.000,0.025
UTD MEXICAN 4.15% 28.03.2027,USD,United Mexican States (Mexico),US91087BAC46,Sovereign,2027-03-28,BBB,4.150,Semi-Annual,3.975,100.199,200000,Mexico,1891166000,1000,No,Yes,No,37.000,0.426
UTD MEXICAN 4.5% 22.04.2029,USD,United Mexican States (Mexico),US91087BAF76,Sovereign,2029-04-22,BBB,4.500,Semi-Annual,4.485,99.889,200000,Mexico,2684332000,1000,No,Yes,No,13.000,0.163
UTD MEXICAN 3.75% 11.01.2028,USD,United Mexican States (Mexico),US91087BAE02,Sovereign,2028-11-01,BBB,3.750,Semi-Annual,4.269,99.053,200000,Mexico,1609838000,1000,No,Yes,No,114.000,1.188
UTD MEXICAN 8.5% 31.05.2029,MXN,United Mexican States (Mexico),MX0MGO0000H9,Sovereign,2029-05-31,BBB+,8.500,Every 182 days,8.170,104.469,100,Mexico,389538821100,100,No,Yes,No,153.000,3.612
UTD MEXICAN 3.375% 23.02.2031,EUR,United Mexican States (Mexico),XS1369323149,Sovereign,2031-02-23,BBB,3.380,Annual,3.959,97.295,100000,Mexico,1700000000,1000,No,Yes,No,72.000,0.666
UTD MEXICAN 1.35% 18.09.2027,EUR,United Mexican States (Mexico),XS2135361686,Sovereign,2027-09-18,BBB,1.350,Annual,3.267,97.447,100000,Mexico,750000000,1000,No,Yes,No,230.000,0.851
UTD MEXICAN 1.125% 17.01.2030,EUR,United Mexican States (Mexico),XS2104886341,Sovereign,2030-01-17,NaN,1.130,Annual,3.880,90.614,100000,Mexico,1250000000,1000,No,Yes,No,109.000,0.336
UTD MEXICAN 5.4% 09.02.2028,USD,United Mexican States (Mexico),US91087BAU44,Sovereign,2028-09-02,BBB,5.400,Semi-Annual,4.352,101.736,200000,Mexico,1167610000,1000,No,Yes,No,86.000,1.290
UTD MEXICAN 5.375% 22.03.2033,USD,United Mexican States (Mexico),US91087BBK52,Sovereign,2033-03-22,BBB,5.380,Semi-Annual,5.584,98.816,200000,Mexico,4000000000,1000,No,Yes,No,43.000,0.642
UTD MEXICAN 4.75% 27.04.2032,USD,United Mexican States (Mexico),US91087BAK61,Sovereign,2032-04-27,BBB,4.750,Semi-Annual,5.324,97.297,200000,Mexico,2432997000,1000,No,Yes,No,8.000,0.106
US AMERICA 3.5% 31.01.2028,USD,United States of America,US91282CGH88,Sovereign,2028-01-31,NaN,3.500,Semi-Annual,3.867,99.285,100,USA,116750836800,100,No,Yes,No,102.000,0.970
US AMERICA 0% 30.06.2026,USD,United States of America,US912797UC96,Sovereign,2026-06-30,NaN,0.000,NaN,3.676,99.440,100,USA,70198502500,100,No,Yes,No,NaN,NaN
US AMERICA 4.25% 31.12.2026,USD,United States of America,US91282CME83,Sovereign,2026-12-31,NaN,4.250,Semi-Annual,4.016,100.348,100,USA,69666366400,100,No,Yes,No,133.000,1.536
US AMERICA 3.625% 31.08.2029,USD,United States of America,US91282CLK52,Sovereign,2029-08-31,NaN,3.630,Semi-Annual,3.934,98.832,100,USA,75543787400,100,No,Yes,No,71.000,0.711
US AMERICA 4.875% 31.10.2030,USD,United States of America,US91282CJG78,Sovereign,2030-10-31,NaN,4.880,Semi-Annual,3.994,103.277,100,USA,37230128600,100,No,Yes,No,10.000,0.135
US AMERICA 3.375% 15.09.2027,USD,United States of America,US91282CLL36,Sovereign,2027-09-15,NaN,3.380,Semi-Annual,3.811,99.336,100,USA,58553785300,100,No,Yes,No,56.000,0.522
US AMERICA 3.25% 30.06.2029,USD,United States of America,US91282CEV90,Sovereign,2029-06-30,NaN,3.250,Semi-Annual,3.917,97.855,100,USA,42974146400,100,No,Yes,No,133.000,1.175
US AMERICA 0.5% 31.05.2027,USD,United States of America,US912828ZS21,Sovereign,2027-05-31,NaN,0.500,Semi-Annual,3.980,96.551,100,USA,40799354500,100,No,Yes,No,163.000,0.223
US AMERICA 1.25% 30.11.2026,USD,United States of America,US91282CDK45,Sovereign,2026-11-30,NaN,1.250,Semi-Annual,4.070,98.629,100,USA,61760042400,100,No,Yes,No,163.000,0.557
US AMERICA 4% 31.05.2030,USD,United States of America,US91282CNG23,Sovereign,2030-05-31,NaN,4.000,Semi-Annual,3.980,99.828,100,USA,79582310100,100,No,Yes,No,163.000,1.781
US AMERICA 0% 18.02.2027,USD,United States of America,US912797TV96,Sovereign,2027-02-18,NaN,0.000,NaN,3.680,97.153,100,USA,52280174600,100,No,Yes,No,NaN,NaN
US AMERICA 3.875% 15.06.2028,USD,United States of America,US91282CNH06,Sovereign,2028-06-15,NaN,3.880,Semi-Annual,3.876,99.863,100,USA,59042863500,100,No,Yes,No,148.000,1.567
US AMERICA 4.625% 15.02.2035,USD,United States of America,US91282CMM00,Sovereign,2035-02-15,NaN,4.630,Semi-Annual,4.321,101.770,100,USA,138494271300,100,No,Yes,No,87.000,1.093
US AMERICA 0% 23.07.2026,USD,United States of America,US912797TP29,Sovereign,2026-07-23,NaN,0.000,NaN,3.657,99.214,100,USA,175745323800,100,No,Yes,No,NaN,NaN
US AMERICA 4.625% 15.11.2026,USD,United States of America,US91282CJK80,Sovereign,2026-11-15,NaN,4.630,Semi-Annual,4.089,100.469,100,USA,47237400100,100,No,Yes,No,179.000,2.250
US AMERICA 4.375% 15.08.2026,USD,United States of America,US91282CHU80,Sovereign,2026-08-15,NaN,4.380,Semi-Annual,4.443,100.176,100,USA,54669848000,100,No,Yes,No,87.000,1.034
US AMERICA 3.75% 30.06.2030,USD,United States of America,US91282CHJ36,Sovereign,2030-06-30,NaN,3.750,Semi-Annual,3.987,98.871,100,USA,34099121900,100,No,Yes,No,133.000,1.355
US AMERICA 4.5% 15.07.2026,USD,United States of America,US91282CHM64,Sovereign,2026-07-15,NaN,4.500,Semi-Annual,4.727,100.148,100,USA,36457024000,100,No,Yes,No,118.000,1.443
US AMERICA 1.625% 31.10.2026,USD,United States of America,US912828YQ73,Sovereign,2026-10-31,NaN,1.630,Semi-Annual,4.200,98.969,100,USA,34732666600,100,No,Yes,No,10.000,0.045
US AMERICA 3.875% 30.11.2027,USD,United States of America,US91282CFZ95,Sovereign,2027-11-30,NaN,3.880,Semi-Annual,3.865,99.922,100,USA,45440914500,100,No,Yes,No,163.000,1.726
US AMERICA 3.5% 30.04.2030,USD,United States of America,US91282CGZ86,Sovereign,2030-04-30,NaN,3.500,Semi-Annual,3.975,98.066,100,USA,38040088900,100,No,Yes,No,10.000,0.097
US AMERICA 1.75% 31.01.2029,USD,United States of America,US91282CDW82,Sovereign,2029-01-31,NaN,1.750,Semi-Annual,3.905,94.277,100,USA,60456656900,100,No,Yes,No,102.000,0.485
US AMERICA 2.375% 31.03.2029,USD,United States of America,US91282CEE75,Sovereign,2029-03-31,NaN,2.380,Semi-Annual,3.909,95.656,100,USA,55674720700,100,No,Yes,No,41.000,0.268
US AMERICA 3.75% 15.08.2027,USD,United States of America,US91282CLG41,Sovereign,2027-08-15,NaN,3.750,Semi-Annual,3.842,99.844,100,USA,66582279200,100,No,Yes,No,87.000,0.887
US AMERICA 4.125% 31.10.2026,USD,United States of America,US91282CLS88,Sovereign,2026-10-31,NaN,4.130,Semi-Annual,4.183,100.172,100,USA,66250341800,100,No,Yes,No,10.000,0.114
US AMERICA 0% 18.08.2026,USD,United States of America,US912797UU94,Sovereign,2026-08-18,NaN,0.000,NaN,3.672,98.956,100,USA,69495870500,100,No,Yes,No,NaN,NaN
US AMERICA 4.125% 31.10.2031,USD,United States of America,US91282CLU35,Sovereign,2031-10-31,NaN,4.130,Semi-Annual,4.078,99.941,100,USA,44695110400,100,No,Yes,No,10.000,0.114
US AMERICA 4.125% 29.02.2032,USD,United States of America,US91282CMR96,Sovereign,2032-02-29,NaN,4.130,Semi-Annual,4.105,99.789,100,USA,48434941600,100,No,Yes,No,71.000,0.809
US AMERICA 0% 19.05.2026,USD,United States of America,US912797TS67,Sovereign,2026-05-19,NaN,0.000,NaN,3.607,99.862,100,USA,235353839000,100,No,Yes,No,NaN,NaN
US AMERICA 2.25% 15.08.2027,USD,United States of America,US9128282R06,Sovereign,2027-08-15,NaN,2.250,Semi-Annual,3.848,97.973,100,USA,69595360400,100,No,Yes,No,87.000,0.532
US AMERICA 4.125% 15.06.2026,USD,United States of America,US91282CHH79,Sovereign,2026-06-15,NaN,4.130,Semi-Annual,5.610,100.035,100,USA,39999462300,100,No,Yes,No,148.000,1.668
US AMERICA 4.375% 31.01.2032,USD,United States of America,US91282CMK44,Sovereign,2032-01-31,NaN,4.380,Semi-Annual,4.425,103.598,100,USA,46437944600,100,No,Yes,No,102.000,1.213
US AMERICA 0% 24.09.2026,USD,United States of America,US912797UH83,Sovereign,2026-09-24,NaN,0.000,NaN,3.678,98.590,100,USA,80809767000,100,No,Yes,No,NaN,NaN
US AMERICA 3.75% 15.05.2028,USD,United States of America,US91282CND91,Sovereign,2028-05-15,NaN,3.750,Semi-Annual,3.801,100.090,100,USA,78473441800,100,No,Yes,No,179.000,1.824
US AMERICA 0.625% 31.12.2027,USD,United States of America,US91282CBB63,Sovereign,2027-12-31,NaN,0.630,Semi-Annual,3.878,94.742,100,USA,67206516800,100,No,Yes,No,133.000,0.226
US AMERICA 3.75% 30.11.2032,USD,United States of America,US91282CPM72,Sovereign,2032-11-30,NaN,3.750,Semi-Annual,3.755,3.755,100,USA,49031370400,100,No,Yes,No,NaN,NaN
US AMERICA 4% 31.07.2029,USD,United States of America,US91282CLC37,Sovereign,2029-07-31,NaN,4.000,Semi-Annual,3.928,100.023,100,USA,73590609300,100,No,Yes,No,102.000,1.109
US AMERICA 4.625% 15.09.2026,USD,United States of America,US91282CHY03,Sovereign,2026-09-15,NaN,4.630,Semi-Annual,4.249,100.332,100,USA,43080698800,100,No,Yes,No,56.000,0.715
US AMERICA 4.5% 31.05.2029,USD,United States of America,US91282CKT70,Sovereign,2029-05-31,NaN,4.500,Semi-Annual,3.917,101.492,100,USA,73470738500,100,No,Yes,No,163.000,2.004
US AMERICA 1.25% 30.09.2028,USD,United States of America,US91282CCY57,Sovereign,2028-09-30,NaN,1.250,Semi-Annual,3.902,93.836,100,USA,69466887400,100,No,Yes,No,41.000,0.141
US AMERICA 3.875% 15.04.2029,USD,United States of America,US91282CQJ35,Sovereign,2029-04-15,NaN,3.880,Semi-Annual,3.915,99.738,100,USA,68285499500,100,No,Yes,No,NaN,NaN
US AMERICA 0% 15.10.2026,USD,United States of America,US912797UK13,Sovereign,2026-10-15,NaN,0.000,NaN,3.675,98.376,100,USA,80040927900,100,No,Yes,No,NaN,NaN
US AMERICA 4.25% 15.01.2028,USD,United States of America,US91282CMF58,Sovereign,2028-01-15,NaN,4.250,Semi-Annual,3.868,100.508,100,USA,70744439100,100,No,Yes,No,118.000,1.363
US AMERICA 0.625% 15.08.2030,USD,United States of America,US91282CAE12,Sovereign,2030-08-15,NaN,0.630,Semi-Annual,3.998,86.613,100,USA,132350653200,100,No,Yes,No,87.000,0.148
US AMERICA 1.875% 15.02.2032,USD,United States of America,US91282CDY49,Sovereign,2032-02-15,NaN,1.880,Semi-Annual,4.118,88.270,100,USA,140562705100,100,No,Yes,No,87.000,0.443
US AMERICA 6.375% 15.08.2027,USD,United States of America,US912810FA17,Sovereign,2027-08-15,NR,6.380,Semi-Annual,3.974,102.902,100,USA,9196756000,100,No,No,No,87.000,1.507
US AMERICA 1.625% 15.05.2031,USD,United States of America,US91282CCB54,Sovereign,2031-05-15,NaN,1.630,Semi-Annual,4.045,88.824,100,USA,147677715100,100,No,Yes,No,179.000,0.790
US AMERICA 1.875% 28.02.2029,USD,United States of America,US91282CEB37,Sovereign,2029-02-28,NaN,1.880,Semi-Annual,3.905,94.453,100,USA,57010831800,100,No,Yes,No,71.000,0.368
US AMERICA 0% 16.06.2026,USD,United States of America,US912797UA31,Sovereign,2026-06-16,NaN,0.000,NaN,3.636,99.583,100,USA,144722098100,100,No,Yes,No,NaN,NaN
US AMERICA 1.25% 31.05.2028,USD,United States of America,US91282CCE93,Sovereign,2028-05-31,NaN,1.250,Semi-Annual,3.890,94.672,100,USA,73206233400,100,No,Yes,No,163.000,0.557
US AMERICA 5.25% 15.11.2028,USD,United States of America,US912810FF04,Sovereign,2028-11-15,NR,5.250,Semi-Annual,3.986,102.863,100,USA,10947052000,100,No,No,No,179.000,2.554
US AMERICA 3.5% 30.09.2027,USD,United States of America,US91282CPB18,Sovereign,2027-09-30,NaN,3.500,Semi-Annual,3.819,99.484,100,USA,72809543600,100,No,Yes,No,41.000,0.394
US AMERICA 0% 29.10.2026,USD,United States of America,US912797SK41,Sovereign,2026-10-29,NaN,0.000,NaN,3.723,98.233,100,USA,135145090600,100,No,Yes,No,11.000,0.000
US AMERICA 0% 22.10.2026,USD,United States of America,US912797UL95,Sovereign,2026-10-22,NaN,0.000,NaN,3.683,98.311,100,USA,82536594100,100,No,Yes,No,NaN,NaN
US AMERICA 6.5% 15.11.2026,USD,United States of America,US912810EY02,Sovereign,2026-11-15,NR,6.500,Semi-Annual,4.537,101.168,100,USA,10860177000,100,No,Yes,No,179.000,3.162
US AMERICA 3.875% 30.04.2031,USD,United States of America,US91282CQK08,Sovereign,2031-04-30,NaN,3.880,Semi-Annual,4.025,99.098,100,USA,78810010600,100,No,Yes,No,NaN,NaN
US AMERICA 4.125% 31.08.2030,USD,United States of America,US91282CHW47,Sovereign,2030-08-31,NaN,4.130,Semi-Annual,3.991,100.223,100,USA,39737434500,100,No,Yes,No,71.000,0.809
US AMERICA 0.375% 30.09.2027,USD,United States of America,US91282CAL54,Sovereign,2027-09-30,NaN,0.380,Semi-Annual,3.837,95.242,100,USA,56617294300,100,No,Yes,No,41.000,0.042
US AMERICA 4% 15.02.2034,USD,United States of America,US91282CJZ59,Sovereign,2034-02-15,NaN,4.000,Semi-Annual,4.257,97.953,100,USA,123092882300,100,No,Yes,No,87.000,0.946
US AMERICA 0% 15.04.2027,USD,United States of America,US912797UE52,Sovereign,2027-04-15,NaN,0.000,NaN,3.704,96.553,100,USA,51974576400,100,No,Yes,No,NaN,NaN
US AMERICA 4.875% 31.05.2026,USD,United States of America,US91282CKS97,Sovereign,2026-05-31,NaN,4.880,Semi-Annual,6.791,100.062,100,USA,61056489600,100,No,Yes,No,163.000,2.171
US AMERICA 4.25% 15.08.2035,USD,United States of America,US91282CNT44,Sovereign,2035-08-15,NaN,4.250,Semi-Annual,4.351,98.820,100,USA,134934766500,100,No,Yes,No,87.000,1.005
US AMERICA 3.375% 30.11.2027,USD,United States of America,US91282CPL99,Sovereign,2027-11-30,NaN,3.380,Semi-Annual,3.482,3.482,100,USA,76889528300,100,No,Yes,No,NaN,NaN
US AMERICA 3.75% 15.04.2028,USD,United States of America,US91282CMW81,Sovereign,2028-04-15,NaN,3.750,Semi-Annual,3.766,3.766,100,USA,67679301900,100,No,Yes,No,26.000,0.268
US AMERICA 0% 20.08.2026,USD,United States of America,US912797TX52,Sovereign,2026-08-20,NaN,0.000,NaN,3.649,98.940,100,USA,80513220700,100,No,Yes,No,NaN,NaN
US AMERICA 0% 10.09.2026,USD,United States of America,US912797UF28,Sovereign,2026-10-09,NaN,0.000,NaN,3.670,98.729,100,USA,81380608000,100,No,Yes,No,NaN,NaN
US AMERICA 0.75% 31.01.2028,USD,United States of America,US91282CBJ99,Sovereign,2028-01-31,NaN,0.750,Semi-Annual,3.876,94.676,100,USA,69770849700,100,No,Yes,No,102.000,0.208
US AMERICA 3.5% 30.09.2029,USD,United States of America,US91282CLN91,Sovereign,2029-09-30,NaN,3.500,Semi-Annual,3.939,98.402,100,USA,71324682000,100,No,Yes,No,41.000,0.394
US AMERICA 3.875% 31.07.2030,USD,United States of America,US91282CNN73,Sovereign,2030-07-31,NaN,3.880,Semi-Annual,3.985,99.301,100,USA,74766596300,100,No,Yes,No,102.000,1.074
US AMERICA 3.875% 15.08.2033,USD,United States of America,US91282CHT18,Sovereign,2033-08-15,AAA,3.880,Semi-Annual,4.221,97.496,100,USA,122099798800,100,No,Yes,No,87.000,0.916
US AMERICA 2.875% 30.04.2029,USD,United States of America,US91282CEM91,Sovereign,2029-04-30,NaN,2.880,Semi-Annual,3.914,96.930,100,USA,48814233500,100,No,Yes,No,10.000,0.079
US AMERICA 4% 30.06.2032,USD,United States of America,US91282CNJ61,Sovereign,2032-06-30,NaN,4.000,Semi-Annual,3.993,3.993,100,USA,48378224700,100,No,Yes,No,133.000,1.446
US AMERICA 3.75% 30.04.2028,USD,United States of America,US91282CQL80,Sovereign,2028-04-30,NaN,3.750,Semi-Annual,3.890,99.633,100,USA,77684221100,100,No,Yes,No,NaN,NaN
US AMERICA 1.5% 15.08.2026,USD,United States of America,US9128282A70,Sovereign,2026-08-15,NaN,1.500,Semi-Annual,4.502,99.371,100,USA,64404240500,100,No,Yes,No,87.000,0.355
US AMERICA 2.375% 15.05.2029,USD,United States of America,US9128286T26,Sovereign,2029-05-15,NaN,2.380,Semi-Annual,3.916,95.461,100,USA,84173058900,100,No,Yes,No,179.000,1.155
US AMERICA 4.625% 30.09.2030,USD,United States of America,US91282CHZ77,Sovereign,2030-09-30,NaN,4.630,Semi-Annual,3.991,102.242,100,USA,36834903800,100,No,Yes,No,41.000,0.521
US AMERICA 1.125% 31.10.2026,USD,United States of America,US91282CDG33,Sovereign,2026-10-31,NaN,1.130,Semi-Annual,4.201,98.730,100,USA,66586691100,100,No,Yes,No,10.000,0.031
US AMERICA 1.875% 31.07.2026,USD,United States of America,US912828Y958,Sovereign,2026-07-31,NaN,1.880,Semi-Annual,4.550,99.566,100,USA,30977132300,100,No,Yes,No,102.000,0.520
US AMERICA 4.125% 30.04.2033,USD,United States of America,US91282CQN47,Sovereign,2033-04-30,NaN,4.130,Semi-Annual,4.206,99.180,100,USA,49537771700,100,No,Yes,No,NaN,NaN
US AMERICA 3.625% 15.05.2026,USD,United States of America,US91282CHB00,Sovereign,2026-05-15,NaN,3.630,Semi-Annual,4.091,99.984,100,USA,46092822000,100,No,Yes,No,179.000,1.763
US AMERICA 4.125% 31.10.2027,USD,United States of America,US91282CFU09,Sovereign,2027-10-31,NaN,4.130,Semi-Annual,3.861,100.316,100,USA,42612555900,100,No,Yes,No,10.000,0.114
US AMERICA 0.5% 30.04.2027,USD,United States of America,US912828ZN34,Sovereign,2027-04-30,NaN,0.500,Semi-Annual,3.744,96.840,100,USA,37218590200,100,No,Yes,No,10.000,0.014
US AMERICA 0.5% 31.08.2027,USD,United States of America,US91282CAH43,Sovereign,2027-08-31,NaN,0.500,Semi-Annual,3.847,95.688,100,USA,50805075700,100,No,Yes,No,71.000,0.098
US AMERICA 1.25% 31.03.2028,USD,United States of America,US91282CBS98,Sovereign,2028-03-31,NaN,1.250,Semi-Annual,3.883,95.102,100,USA,72851916000,100,No,Yes,No,41.000,0.141
US AMERICA 0.5% 30.06.2027,USD,United States of America,US912828ZV59,Sovereign,2027-06-30,NaN,0.500,Semi-Annual,3.815,96.270,100,USA,45951731900,100,No,Yes,No,133.000,0.181
US AMERICA 3.25% 30.06.2027,USD,United States of America,US91282CEW73,Sovereign,2027-06-30,NaN,3.250,Semi-Annual,3.797,99.340,100,USA,50592571800,100,No,Yes,No,133.000,1.175
US AMERICA 3.875% 30.11.2029,USD,United States of America,US91282CFY21,Sovereign,2029-11-30,NaN,3.880,Semi-Annual,3.953,99.559,100,USA,38155411300,100,No,Yes,No,163.000,1.726
US AMERICA 3.5% 31.01.2030,USD,United States of America,US91282CGJ45,Sovereign,2030-01-31,NaN,3.500,Semi-Annual,3.960,98.211,100,USA,34045566000,100,No,Yes,No,102.000,0.970
US AMERICA 3.875% 30.06.2030,USD,United States of America,US91282CNK35,Sovereign,2030-06-30,NaN,3.880,Semi-Annual,3.984,99.348,100,USA,76965547200,100,No,Yes,No,133.000,1.400
US AMERICA 4.25% 31.01.2030,USD,United States of America,US91282CMG32,Sovereign,2030-01-31,NaN,4.250,Semi-Annual,3.959,100.777,100,USA,73885625600,100,No,Yes,No,102.000,1.178
US AMERICA 3.625% 31.10.2030,USD,United States of America,US91282CPD73,Sovereign,2030-10-31,NaN,3.630,Semi-Annual,4.002,98.246,100,USA,74019363100,100,No,Yes,No,10.000,0.100
US AMERICA 0% 06.08.2026,USD,United States of America,US912797RG48,Sovereign,2026-06-08,NaN,0.000,NaN,3.690,99.071,100,USA,133270264900,100,No,Yes,No,95.000,0.000
US AMERICA 4% 15.12.2027,USD,United States of America,US91282CMB45,Sovereign,2027-12-15,NaN,4.000,Semi-Annual,3.868,100.117,100,USA,58415371000,100,No,Yes,No,148.000,1.617
US AMERICA 1.25% 30.06.2028,USD,United States of America,US91282CCH25,Sovereign,2028-06-30,NaN,1.250,Semi-Annual,3.887,94.469,100,USA,70834102100,100,No,Yes,No,133.000,0.452
US AMERICA 4.375% 31.07.2026,USD,United States of America,US91282CLB53,Sovereign,2026-07-31,NaN,4.380,Semi-Annual,4.540,100.164,100,USA,66460888300,100,No,Yes,No,102.000,1.213
US AMERICA 0.75% 31.08.2026,USD,United States of America,US91282CCW91,Sovereign,2026-08-31,NaN,0.750,Semi-Annual,4.408,99.051,100,USA,59156147000,100,No,Yes,No,71.000,0.147
US AMERICA 1.125% 15.02.2031,USD,United States of America,US91282CBL46,Sovereign,2031-02-15,NaN,1.130,Semi-Annual,4.006,87.309,100,USA,140062614700,100,No,Yes,No,87.000,0.266
US AMERICA 4% 31.01.2033,USD,United States of America,US91282CPY11,Sovereign,2033-01-31,NaN,4.000,Semi-Annual,4.183,98.633,100,USA,47100452700,100,No,Yes,No,NaN,NaN
US AMERICA 3.75% 28.02.2033,USD,United States of America,US91282CQC81,Sovereign,2033-02-28,NaN,3.750,Semi-Annual,4.190,97.195,100,USA,49271026700,100,No,Yes,No,NaN,NaN
US AMERICA 1.375% 31.12.2028,USD,United States of America,US91282CDP32,Sovereign,2028-12-31,NaN,1.380,Semi-Annual,3.893,93.539,100,USA,63608180100,100,No,Yes,No,133.000,0.497
US AMERICA 4.125% 31.03.2029,USD,United States of America,US91282CKG59,Sovereign,2029-03-31,NaN,4.130,Semi-Annual,3.907,100.426,100,USA,66999721600,100,No,Yes,No,41.000,0.465
US AMERICA 1.5% 30.11.2028,USD,United States of America,US91282CDL28,Sovereign,2028-11-30,NaN,1.500,Semi-Annual,3.898,94.035,100,USA,62983620600,100,No,Yes,No,163.000,0.668
US AMERICA 4.125% 31.01.2027,USD,United States of America,US91282CMH15,Sovereign,2027-01-31,NaN,4.130,Semi-Annual,3.976,100.270,100,USA,66585780700,100,No,Yes,No,102.000,1.143
US AMERICA 4.25% 15.02.2028,USD,United States of America,US91282CMN82,Sovereign,2028-02-15,NaN,4.250,Semi-Annual,3.874,100.535,100,USA,73431099300,100,No,Yes,No,87.000,1.005
US AMERICA 0% 25.08.2026,USD,United States of America,US912797UV77,Sovereign,2026-08-25,NaN,0.000,NaN,3.677,98.887,100,USA,69918225000,100,No,Yes,No,NaN,NaN
US AMERICA 5.5% 15.08.2028,USD,United States of America,US912810FE39,Sovereign,2028-08-15,NR,5.500,Semi-Annual,4.027,103.090,100,USA,11776201000,100,No,No,No,87.000,1.300
US AMERICA 6.125% 15.08.2029,USD,United States of America,US912810FJ26,Sovereign,2029-08-15,NR,6.130,Semi-Annual,3.995,106.250,100,USA,11178580000,100,No,No,No,87.000,1.448
US AMERICA 6.25% 15.05.2030,USD,United States of America,US912810FM54,Sovereign,2030-05-15,NR,6.250,Semi-Annual,4.030,107.957,100,USA,17043162000,100,No,No,No,179.000,3.040
US AMERICA 3.75% 31.05.2030,USD,United States of America,US91282CHF14,Sovereign,2030-05-31,NaN,3.750,Semi-Annual,3.986,98.902,100,USA,40694951400,100,No,Yes,No,163.000,1.670
US AMERICA 0% 13.08.2026,USD,United States of America,US912797TW79,Sovereign,2026-08-13,NaN,0.000,NaN,3.670,99.008,100,USA,81482500100,100,No,Yes,No,NaN,NaN
US AMERICA 2.5% 31.03.2027,USD,United States of America,US91282CEF41,Sovereign,2027-03-31,NaN,2.500,Semi-Annual,3.958,98.895,100,USA,60044711300,100,No,Yes,No,41.000,0.282
US AMERICA 4% 30.04.2032,USD,United States of America,US91282CNA52,Sovereign,2032-04-30,NaN,4.000,Semi-Annual,4.116,4.116,100,USA,47013040900,100,No,Yes,No,10.000,0.111
US AMERICA 3.875% 30.04.2030,USD,United States of America,US91282CMZ13,Sovereign,2030-04-30,NaN,3.880,Semi-Annual,3.972,99.402,100,USA,74793782100,100,No,Yes,No,10.000,0.107
US AMERICA 3.875% 30.09.2032,USD,United States of America,US91282CNZ04,Sovereign,2032-09-30,NaN,3.880,Semi-Annual,4.160,98.074,100,USA,46429711200,100,No,Yes,No,41.000,0.436
US AMERICA 3.5% 15.01.2029,USD,United States of America,US91282CPT26,Sovereign,2029-01-15,NaN,3.500,Semi-Annual,3.894,98.844,100,USA,74881959100,100,No,Yes,No,NaN,NaN
US AMERICA 4% 30.06.2028,USD,United States of America,US91282CHK09,Sovereign,2028-06-30,NaN,4.000,Semi-Annual,3.874,100.109,100,USA,42999664500,100,No,Yes,No,133.000,1.446
US AMERICA 4.375% 30.11.2028,USD,United States of America,US91282CJN20,Sovereign,2028-11-30,NaN,4.380,Semi-Annual,3.895,101.008,100,USA,55055033700,100,No,Yes,No,163.000,1.948
US AMERICA 2.875% 15.05.2028,USD,United States of America,US9128284N73,Sovereign,2028-05-15,NaN,2.880,Semi-Annual,3.888,97.914,100,USA,73143230800,100,No,Yes,No,179.000,1.398
US AMERICA 0% 25.06.2026,USD,United States of America,US912797TE71,Sovereign,2026-06-25,NaN,0.000,NaN,3.649,99.493,100,USA,173945198600,100,No,Yes,No,NaN,NaN
US AMERICA 4% 15.01.2027,USD,United States of America,US91282CJT99,Sovereign,2027-01-15,NaN,4.000,Semi-Annual,3.983,100.191,100,USA,51119747600,100,No,Yes,No,118.000,1.283
US AMERICA 3.875% 15.10.2027,USD,United States of America,US91282CLQ23,Sovereign,2027-10-15,NaN,3.880,Semi-Annual,3.828,99.969,100,USA,57648814000,100,No,Yes,No,26.000,0.277
US AMERICA 3.625% 30.09.2031,USD,United States of America,US91282CLM19,Sovereign,2031-09-30,NaN,3.630,Semi-Annual,4.068,97.570,100,USA,44900730600,100,No,Yes,No,41.000,0.408
US AMERICA 3.875% 31.03.2028,USD,United States of America,US91282CQH78,Sovereign,2028-03-31,NaN,3.880,Semi-Annual,3.870,99.895,100,USA,76129743700,100,No,Yes,No,NaN,NaN
US AMERICA 0% 27.11.2026,USD,United States of America,US912797SU23,Sovereign,2026-11-27,NaN,0.000,NaN,3.668,97.981,100,USA,52302103300,100,No,Yes,No,NaN,NaN
US AMERICA 3.75% 31.01.2031,USD,United States of America,US91282CPW54,Sovereign,2031-01-31,NaN,3.750,Semi-Annual,4.014,98.656,100,USA,74932853000,100,No,Yes,No,NaN,NaN
US AMERICA 3.375% 29.02.2028,USD,United States of America,US91282CQB09,Sovereign,2028-02-29,NaN,3.380,Semi-Annual,3.855,99.047,100,USA,77264442400,100,No,Yes,No,NaN,NaN
US AMERICA 0% 28.05.2026,USD,United States of America,US912797SW88,Sovereign,2026-05-28,NaN,0.000,NaN,3.598,99.774,100,USA,245645497900,100,No,Yes,No,NaN,NaN
US AMERICA 4% 15.11.2035,USD,United States of America,US91282CPJ44,Sovereign,2035-11-15,NaN,4.000,Semi-Annual,4.368,96.805,100,USA,137892443700,100,No,Yes,No,NaN,NaN
US AMERICA 1.375% 15.11.2031,USD,United States of America,US91282CDJ71,Sovereign,2031-11-15,NaN,1.380,Semi-Annual,4.099,86.371,100,USA,144585275900,100,No,Yes,No,179.000,0.669
US AMERICA 4% 29.02.2028,USD,United States of America,US91282CGP05,Sovereign,2028-02-29,NaN,4.000,Semi-Annual,3.869,100.117,100,USA,52169316800,100,No,Yes,No,71.000,0.785
US AMERICA 6.125% 15.11.2027,USD,United States of America,US912810FB99,Sovereign,2027-11-15,NR,6.130,Semi-Annual,4.010,103.016,100,USA,22021339000,100,No,No,No,179.000,2.979
US AMERICA 2.625% 15.02.2029,USD,United States of America,US9128286B18,Sovereign,2029-02-15,NaN,2.630,Semi-Annual,3.906,96.492,100,USA,80704475000,100,No,Yes,No,87.000,0.621
US AMERICA 2.75% 31.07.2027,USD,United States of America,US91282CFB28,Sovereign,2027-07-31,NaN,2.750,Semi-Annual,3.814,98.664,100,USA,49039678200,100,No,Yes,No,102.000,0.762
US AMERICA 2.375% 15.05.2027,USD,United States of America,US912828X885,Sovereign,2027-05-15,NaN,2.380,Semi-Annual,3.992,98.543,100,USA,68188220599,100,No,Yes,No,179.000,1.155
US AMERICA 4% 31.10.2029,USD,United States of America,US91282CFT36,Sovereign,2029-10-31,NaN,4.000,Semi-Annual,3.949,99.977,100,USA,34908022800,100,No,Yes,No,10.000,0.111
US AMERICA 3.125% 31.08.2027,USD,United States of America,US91282CFH97,Sovereign,2027-08-31,NaN,3.130,Semi-Annual,3.816,99.035,100,USA,49703903200,100,No,Yes,No,71.000,0.613
US AMERICA 3.875% 15.08.2034,USD,United States of America,US91282CLF67,Sovereign,2034-08-15,NaN,3.880,Semi-Annual,4.292,96.758,100,USA,128740374900,100,No,Yes,No,87.000,0.916
US AMERICA 4.125% 31.03.2031,USD,United States of America,US91282CKF76,Sovereign,2031-03-31,NaN,4.130,Semi-Annual,4.031,100.133,100,USA,42350914600,100,No,Yes,No,41.000,0.465
US AMERICA 0% 14.07.2026,USD,United States of America,US912797UP00,Sovereign,2026-07-14,NaN,0.000,NaN,3.631,99.307,100,USA,69514984400,100,No,Yes,No,NaN,NaN
US AMERICA 0% 24.12.2026,USD,United States of America,US912797TC16,Sovereign,2026-12-24,NaN,0.000,NaN,3.665,97.735,100,USA,52285412200,100,No,Yes,No,NaN,NaN
US AMERICA 4.125% 30.11.2029,USD,United States of America,US91282CMA61,Sovereign,2029-11-30,NaN,4.130,Semi-Annual,3.949,100.371,100,USA,74761031200,100,No,Yes,No,163.000,1.837
US AMERICA 4.625% 30.04.2029,USD,United States of America,US91282CKP58,Sovereign,2029-04-30,NaN,4.630,Semi-Annual,3.907,101.824,100,USA,70232305800,100,No,Yes,No,10.000,0.128
US AMERICA 0% 01.09.2026,USD,United States of America,US912797UW50,Sovereign,2026-01-09,NaN,0.000,NaN,3.695,98.812,100,USA,70975422200,100,No,Yes,No,NaN,0.000
US AMERICA 6.625% 15.02.2027,USD,United States of America,US912810EZ76,Sovereign,2027-02-15,NR,6.630,Semi-Annual,4.228,102.023,100,USA,9521971000,100,No,No,No,87.000,1.566
US AMERICA 1.375% 31.10.2028,USD,United States of America,US91282CDF59,Sovereign,2028-10-31,NaN,1.380,Semi-Annual,3.898,93.922,100,USA,67761325000,100,No,Yes,No,10.000,0.038
US AMERICA 3.625% 31.03.2028,USD,United States of America,US91282CGT27,Sovereign,2028-03-31,NaN,3.630,Semi-Annual,3.880,99.426,100,USA,42999809700,100,No,Yes,No,41.000,0.408
US AMERICA 3.375% 15.05.2033,USD,United States of America,US91282CHC82,Sovereign,2033-05-15,NaN,3.380,Semi-Annual,4.209,94.637,100,USA,108332778100,100,No,Yes,No,179.000,1.642
US AMERICA 3.625% 31.08.2030,USD,United States of America,US91282CNX55,Sovereign,2030-08-31,NaN,3.630,Semi-Annual,4.001,98.270,100,USA,78448335700,100,No,Yes,No,71.000,0.711
US AMERICA 2.125% 31.05.2026,USD,United States of America,US9128286X38,Sovereign,2026-05-31,NaN,2.130,Semi-Annual,6.814,99.875,100,USA,34012566900,100,No,Yes,No,163.000,0.946
US AMERICA 0.625% 31.03.2027,USD,United States of America,US912828ZE35,Sovereign,2027-03-31,NaN,0.630,Semi-Annual,3.959,97.246,100,USA,35888504700,100,No,Yes,No,41.000,0.070
US AMERICA 4.5% 15.11.2033,USD,United States of America,US91282CJJ18,Sovereign,2033-11-15,NaN,4.500,Semi-Annual,4.236,101.328,100,USA,114678295900,100,No,Yes,No,179.000,2.189
US AMERICA 3.125% 31.08.2029,USD,United States of America,US91282CFJ53,Sovereign,2029-08-31,NaN,3.130,Semi-Annual,3.939,97.316,100,USA,41030502000,100,No,Yes,No,71.000,0.613
US AMERICA 4.5% 15.02.2036,USD,United States of America,US912810FT08,Sovereign,2036-02-15,NR,4.500,Semi-Annual,4.306,101.074,100,USA,26397130000,100,No,Yes,No,87.000,1.064
US AMERICA 0% 27.08.2026,USD,United States of America,US912797TY36,Sovereign,2026-08-27,NaN,0.000,NaN,3.670,98.871,100,USA,79882216100,100,No,Yes,No,NaN,NaN
US AMERICA 4.875% 31.10.2028,USD,United States of America,US91282CJF95,Sovereign,2028-10-31,NaN,4.880,Semi-Annual,3.899,102.141,100,USA,51839331500,100,No,Yes,No,10.000,0.135
US AMERICA 1.625% 30.09.2026,USD,United States of America,US912828YG91,Sovereign,2026-09-30,NaN,1.630,Semi-Annual,4.232,99.164,100,USA,35324210400,100,No,Yes,No,41.000,0.183
US AMERICA 2.75% 31.05.2029,USD,United States of America,US91282CES61,Sovereign,2029-05-31,NaN,2.750,Semi-Annual,3.916,96.492,100,USA,46198124300,100,No,Yes,No,163.000,1.225
US AMERICA 4.375% 15.12.2026,USD,United States of America,US91282CJP77,Sovereign,2026-12-15,NaN,4.380,Semi-Annual,4.006,100.414,100,USA,49998646500,100,No,Yes,No,148.000,1.769
US AMERICA 2.75% 15.08.2032,USD,United States of America,US91282CFF32,Sovereign,2032-08-15,NaN,2.750,Semi-Annual,4.161,92.047,100,USA,119549203200,100,No,Yes,No,87.000,0.650
US AMERICA 0.875% 30.09.2026,USD,United States of America,US91282CCZ23,Sovereign,2026-09-30,NaN,0.880,Semi-Annual,4.251,98.871,100,USA,68246425300,100,No,Yes,No,41.000,0.099
US AMERICA 4.25% 30.11.2026,USD,United States of America,US91282CLY56,Sovereign,2026-11-30,NaN,4.250,Semi-Annual,4.049,100.305,100,USA,64571790700,100,No,Yes,No,163.000,1.893
US AMERICA 0% 03.09.2026,USD,United States of America,US912797RS85,Sovereign,2026-03-09,NaN,0.000,NaN,3.662,98.801,100,USA,130574924900,100,No,Yes,No,67.000,0.000
US AMERICA 0% 04.06.2026,USD,United States of America,US912797SX61,Sovereign,2026-04-06,NaN,0.000,NaN,3.636,99.703,100,USA,246103499700,100,No,Yes,No,NaN,NaN
US AMERICA 0.75% 31.05.2026,USD,United States of America,US91282CCF68,Sovereign,2026-05-31,NaN,0.750,Semi-Annual,6.963,99.773,100,USA,65231141000,100,No,Yes,No,163.000,0.334
US AMERICA 4.125% 15.11.2032,USD,United States of America,US91282CFV81,Sovereign,2032-11-15,NaN,4.130,Semi-Annual,4.175,99.496,100,USA,111255140400,100,No,Yes,No,179.000,2.006
US AMERICA 1.625% 15.08.2029,USD,United States of America,US912828YB05,Sovereign,2029-08-15,NaN,1.630,Semi-Annual,3.912,92.832,100,USA,92618670000,100,No,Yes,No,87.000,0.384
US AMERICA 3.75% 31.08.2031,USD,United States of America,US91282CLJ89,Sovereign,2031-08-31,NaN,3.750,Semi-Annual,4.062,98.227,100,USA,47498483900,100,No,Yes,No,71.000,0.736
US AMERICA 0% 07.05.2026,USD,United States of America,US912797SP38,Sovereign,2026-07-05,NaN,0.000,NaN,3.623,99.980,100,USA,257634877800,100,No,Yes,No,3.000,0.000
US AMERICA 4.625% 30.04.2031,USD,United States of America,US91282CKN01,Sovereign,2031-04-30,NaN,4.630,Semi-Annual,4.039,102.355,100,USA,44059745400,100,No,Yes,No,10.000,0.128
US AMERICA 3.5% 30.11.2030,USD,United States of America,US91282CPN55,Sovereign,2030-11-30,NaN,3.500,Semi-Annual,3.994,97.680,100,USA,78004638600,100,No,Yes,No,NaN,NaN
US AMERICA 3.625% 31.12.2030,USD,United States of America,US91282CPR69,Sovereign,2030-12-31,NaN,3.630,Semi-Annual,4.012,98.156,100,USA,77460086600,100,No,Yes,No,NaN,NaN
US AMERICA 3.5% 28.02.2031,USD,United States of America,US91282CQD64,Sovereign,2031-02-28,NaN,3.500,Semi-Annual,4.010,97.559,100,USA,78385492100,100,No,Yes,No,NaN,NaN
US AMERICA 2.25% 15.02.2027,USD,United States of America,US912828V988,Sovereign,2027-02-15,NaN,2.250,Semi-Annual,3.985,98.848,100,USA,61002868400,100,No,Yes,No,87.000,0.532
US AMERICA 4% 31.01.2029,USD,United States of America,US91282CJW29,Sovereign,2029-01-31,NaN,4.000,Semi-Annual,3.901,100.086,100,USA,60789591400,100,No,Yes,No,102.000,1.109
US AMERICA 1.625% 30.11.2026,USD,United States of America,US912828YU85,Sovereign,2026-11-30,NaN,1.630,Semi-Annual,4.060,98.840,100,USA,32632488100,100,No,Yes,No,163.000,0.724
US AMERICA 4.25% 28.02.2031,USD,United States of America,US91282CKC46,Sovereign,2031-02-28,NaN,4.250,Semi-Annual,4.026,100.703,100,USA,41165937800,100,No,Yes,No,71.000,0.834
US AMERICA 0% 11.08.2026,USD,United States of America,US912797UT22,Sovereign,2026-11-08,NaN,0.000,NaN,3.661,99.025,100,USA,69769193500,100,No,Yes,No,NaN,NaN
US AMERICA 0% 11.06.2026,USD,United States of America,US912797QX89,Sovereign,2026-11-06,NaN,0.000,NaN,3.651,99.632,100,USA,298805362100,100,No,Yes,No,151.000,0.000
US AMERICA 3.375% 15.09.2028,USD,United States of America,US91282CNY39,Sovereign,2028-09-15,NaN,3.380,Semi-Annual,3.498,3.498,100,USA,57999399100,100,No,Yes,No,56.000,0.522
US AMERICA 3.875% 15.07.2028,USD,United States of America,US91282CNM90,Sovereign,2028-07-15,NaN,3.880,Semi-Annual,3.882,99.844,100,USA,64862560600,100,No,Yes,No,118.000,1.243
US AMERICA 0.625% 15.05.2030,USD,United States of America,US912828ZQ64,Sovereign,2030-05-15,NaN,0.630,Semi-Annual,3.988,87.383,100,USA,109704721500,100,No,Yes,No,179.000,0.304
US AMERICA 3.875% 31.07.2027,USD,United States of America,US91282CNP22,Sovereign,2027-07-31,NaN,3.880,Semi-Annual,3.799,100.020,100,USA,72888287500,100,No,Yes,No,102.000,1.074
US AMERICA 4.625% 15.10.2026,USD,United States of America,US91282CJC64,Sovereign,2026-10-15,NaN,4.630,Semi-Annual,4.147,100.410,100,USA,42449811500,100,No,Yes,No,26.000,0.330
US AMERICA 4% 31.07.2030,USD,United States of America,US91282CHR51,Sovereign,2030-07-31,NaN,4.000,Semi-Annual,3.983,99.777,100,USA,33760308600,100,No,Yes,No,102.000,1.109
US AMERICA 0% 14.05.2026,USD,United States of America,US912797QN08,Sovereign,2026-05-14,NaN,0.000,NaN,3.619,99.911,100,USA,307567226400,100,No,Yes,No,179.000,0.000
US AMERICA 2.75% 30.04.2027,USD,United States of America,US91282CEN74,Sovereign,2027-04-30,NaN,2.750,Semi-Annual,3.731,99.004,100,USA,54915875700,100,No,Yes,No,10.000,0.076
US AMERICA 3.875% 15.03.2028,USD,United States of America,US91282CMS79,Sovereign,2028-03-15,NaN,3.880,Semi-Annual,3.877,99.891,100,USA,58981363000,100,No,Yes,No,56.000,0.599
US AMERICA 3.625% 31.03.2030,USD,United States of America,US91282CGS44,Sovereign,2030-03-31,NaN,3.630,Semi-Annual,3.972,98.555,100,USA,33994910500,100,No,Yes,No,41.000,0.408
US AMERICA 3.875% 31.03.2027,USD,United States of America,US91282CMV09,Sovereign,2027-03-31,NaN,3.880,Semi-Annual,3.989,3.989,100,USA,70776196800,100,No,Yes,No,41.000,0.436
US AMERICA 4.25% 30.06.2029,USD,United States of America,US91282CKX82,Sovereign,2029-06-30,NaN,4.250,Semi-Annual,3.922,100.773,100,USA,72149783400,100,No,Yes,No,133.000,1.536
US AMERICA 1.25% 31.12.2026,USD,United States of America,US91282CDQ15,Sovereign,2026-12-31,NaN,1.250,Semi-Annual,4.032,98.422,100,USA,63499191500,100,No,Yes,No,133.000,0.452
US AMERICA 0% 01.10.2026,USD,United States of America,US912797SA68,Sovereign,2026-01-10,NaN,0.000,NaN,3.673,98.520,100,USA,134245063699,100,No,Yes,No,39.000,0.000
US AMERICA 0% 21.07.2026,USD,United States of America,US912797UQ82,Sovereign,2026-07-21,NaN,0.000,NaN,3.638,99.237,100,USA,69475491100,100,No,Yes,No,NaN,NaN
US AMERICA 1.25% 15.08.2031,USD,United States of America,US91282CCS89,Sovereign,2031-08-15,NaN,1.250,Semi-Annual,4.069,86.461,100,USA,141344457200,100,No,Yes,No,87.000,0.296
US AMERICA 4.125% 31.03.2032,USD,United States of America,US91282CMT52,Sovereign,2032-03-31,NaN,4.130,Semi-Annual,4.220,4.220,100,USA,45299485000,100,No,Yes,No,41.000,0.465
US AMERICA 1.875% 30.06.2026,USD,United States of America,US9128287B09,Sovereign,2026-06-30,NaN,1.880,Semi-Annual,5.044,99.719,100,USA,33828122100,100,No,Yes,No,133.000,0.678
US AMERICA 4% 28.02.2030,USD,United States of America,US91282CGQ87,Sovereign,2030-02-28,NaN,4.000,Semi-Annual,3.964,99.953,100,USA,119634793800,100,No,Yes,No,71.000,0.785
US AMERICA 3.5% 15.03.2029,USD,United States of America,US91282CQE48,Sovereign,2029-03-15,NaN,3.500,Semi-Annual,3.894,98.789,100,USA,58013946300,100,No,Yes,No,NaN,NaN
US AMERICA 3.5% 15.11.2028,USD,United States of America,US91282CPK17,Sovereign,2028-11-15,NaN,3.500,Semi-Annual,3.596,3.596,100,USA,67032853800,100,No,Yes,No,NaN,NaN
US AMERICA 3.875% 31.12.2027,USD,United States of America,US91282CGC91,Sovereign,2027-12-31,NaN,3.880,Semi-Annual,3.876,99.895,100,USA,42999713400,100,No,Yes,No,133.000,1.400
US AMERICA 0% 17.09.2026,USD,United States of America,US912797UG01,Sovereign,2026-09-17,NaN,0.000,NaN,3.673,98.660,100,USA,83173511600,100,No,Yes,No,NaN,NaN
US AMERICA 0% 09.07.2026,USD,United States of America,US912797RF64,Sovereign,2026-09-07,NaN,0.000,NaN,3.639,99.356,100,USA,229329503400,100,No,Yes,No,123.000,0.000
US AMERICA 4.375% 15.07.2027,USD,United States of America,US91282CKZ31,Sovereign,2027-07-15,NaN,4.380,Semi-Annual,3.808,100.605,100,USA,65460277900,100,No,Yes,No,118.000,1.403
US AMERICA 0% 08.10.2026,USD,United States of America,US912797UJ40,Sovereign,2026-08-10,NaN,0.000,NaN,3.700,98.449,100,USA,82620251800,100,No,Yes,No,NaN,NaN
US AMERICA 4.125% 30.09.2027,USD,United States of America,US91282CFM82,Sovereign,2027-09-30,NaN,4.130,Semi-Annual,3.820,100.320,100,USA,44000115400,100,No,Yes,No,41.000,0.465
US AMERICA 4.125% 30.11.2031,USD,United States of America,US91282CLZ22,Sovereign,2031-11-30,NaN,4.130,Semi-Annual,4.079,99.910,100,USA,46942484600,100,No,Yes,No,163.000,1.837
US AMERICA 4.125% 15.02.2036,USD,United States of America,US91282CPZ85,Sovereign,2036-02-15,NaN,4.130,Semi-Annual,4.382,97.594,100,USA,138825915100,100,No,Yes,No,NaN,NaN
US AMERICA 0% 21.05.2026,USD,United States of America,US912797SV06,Sovereign,2026-05-21,NaN,0.000,NaN,3.616,99.843,100,USA,248905410900,100,No,Yes,No,NaN,NaN
US AMERICA 0% 07.07.2026,USD,United States of America,US912797UN51,Sovereign,2026-07-07,NaN,0.000,NaN,3.638,99.375,100,USA,69215215400,100,No,Yes,No,NaN,NaN
US AMERICA 0% 18.06.2026,USD,United States of America,US912797TD98,Sovereign,2026-06-18,NaN,0.000,NaN,3.662,99.559,100,USA,175849036600,100,No,Yes,No,NaN,NaN
US AMERICA 0% 02.07.2026,USD,United States of America,US912797TF47,Sovereign,2026-02-07,NaN,0.000,NaN,3.647,99.425,100,USA,175623917500,100,No,Yes,No,NaN,NaN
US AMERICA 0% 12.05.2026,USD,United States of America,US912797TR84,Sovereign,2026-12-05,NaN,0.000,NaN,3.605,99.931,100,USA,240776865800,100,No,Yes,No,NaN,NaN
US AMERICA 1.125% 29.02.2028,USD,United States of America,US91282CBP59,Sovereign,2028-02-29,NaN,1.130,Semi-Annual,3.877,95.098,100,USA,75418148500,100,No,Yes,No,71.000,0.221
US AMERICA 1.125% 31.08.2028,USD,United States of America,US91282CCV19,Sovereign,2028-08-31,NaN,1.130,Semi-Annual,3.897,93.766,100,USA,69172802900,100,No,Yes,No,71.000,0.221
US AMERICA 1.75% 15.11.2029,USD,United States of America,US912828YS30,Sovereign,2029-11-15,NaN,1.750,Semi-Annual,3.931,92.672,100,USA,88552507200,100,No,Yes,No,179.000,0.851
US AMERICA 3.875% 30.09.2029,USD,United States of America,US91282CFL00,Sovereign,2029-09-30,NaN,3.880,Semi-Annual,3.946,99.598,100,USA,35786998000,100,No,Yes,No,41.000,0.436
US AMERICA 2.875% 15.05.2032,USD,United States of America,US91282CEP23,Sovereign,2032-05-15,NaN,2.880,Semi-Annual,4.142,93.004,100,USA,132744633900,100,No,Yes,No,179.000,1.398
US AMERICA 4.625% 30.06.2026,USD,United States of America,US91282CKY65,Sovereign,2026-06-30,NaN,4.630,Semi-Annual,5.023,100.137,100,USA,69717445700,100,No,Yes,No,133.000,1.672
US AMERICA 0.625% 31.07.2026,USD,United States of America,US91282CCP41,Sovereign,2026-07-31,NaN,0.630,Semi-Annual,4.597,99.273,100,USA,64100591900,100,No,Yes,No,102.000,0.173
US AMERICA 3.875% 31.12.2029,USD,United States of America,US91282CGB19,Sovereign,2029-12-31,NaN,3.880,Semi-Annual,3.959,99.547,100,USA,34277955299,100,No,Yes,No,133.000,1.400
US AMERICA 1.125% 28.02.2027,USD,United States of America,US912828ZB95,Sovereign,2027-02-28,NaN,1.130,Semi-Annual,3.986,97.891,100,USA,36747323900,100,No,Yes,No,71.000,0.221
US AMERICA 1.25% 30.04.2028,USD,United States of America,US91282CBZ32,Sovereign,2028-04-30,NaN,1.250,Semi-Annual,3.887,94.891,100,USA,73420270100,100,No,Yes,No,10.000,0.035
US AMERICA 4.5% 31.12.2031,USD,United States of America,US91282CMC28,Sovereign,2031-12-31,NaN,4.500,Semi-Annual,4.089,101.750,100,USA,44208080300,100,No,Yes,No,133.000,1.626
US AMERICA 3.875% 31.08.2032,USD,United States of America,US91282CNW72,Sovereign,2032-08-31,NaN,3.880,Semi-Annual,4.156,98.152,100,USA,49310201500,100,No,Yes,No,71.000,0.760
US AMERICA 3.875% 31.05.2027,USD,United States of America,US91282CNE74,Sovereign,2027-05-31,NaN,3.880,Semi-Annual,3.961,100.051,100,USA,76432775700,100,No,Yes,No,163.000,1.726
US AMERICA 3.75% 31.10.2032,USD,United States of America,US91282CPF22,Sovereign,2032-10-31,NaN,3.750,Semi-Annual,4.171,97.410,100,USA,46526428000,100,No,Yes,No,10.000,0.104
US AMERICA 4.625% 15.06.2027,USD,United States of America,US91282CKV27,Sovereign,2027-06-15,NaN,4.630,Semi-Annual,3.792,100.863,100,USA,59875603300,100,No,Yes,No,148.000,1.870
US AMERICA 4.125% 31.07.2031,USD,United States of America,US91282CLD10,Sovereign,2031-07-31,NaN,4.130,Semi-Annual,4.051,100.055,100,USA,46292985100,100,No,Yes,No,102.000,1.143
US AMERICA 3.5% 15.02.2029,USD,United States of America,US91282CQA26,Sovereign,2029-02-15,NaN,3.500,Semi-Annual,3.897,98.812,100,USA,74434374600,100,No,Yes,No,NaN,NaN
US AMERICA 0% 16.07.2026,USD,United States of America,US912797TN70,Sovereign,2026-07-16,NaN,0.000,NaN,3.637,99.286,100,USA,172036989100,100,No,Yes,No,NaN,NaN
US AMERICA 0% 02.06.2026,USD,United States of America,US912797TU14,Sovereign,2026-02-06,NaN,0.000,NaN,3.651,99.721,100,USA,144654909900,100,No,Yes,No,NaN,NaN
US AMERICA 0% 09.06.2026,USD,United States of America,US912797TZ01,Sovereign,2026-09-06,NaN,0.000,NaN,3.623,99.653,100,USA,145034411900,100,No,Yes,No,NaN,NaN
US AMERICA 0% 23.06.2026,USD,United States of America,US912797UB14,Sovereign,2026-06-23,NaN,0.000,NaN,3.649,99.512,100,USA,145192274700,100,No,Yes,No,NaN,NaN
US AMERICA 4.25% 15.03.2027,USD,United States of America,US91282CKE02,Sovereign,2027-03-15,NaN,4.250,Semi-Annual,3.939,100.422,100,USA,55201866700,100,No,Yes,No,56.000,0.657
US AMERICA 2.75% 15.02.2028,USD,United States of America,US9128283W81,Sovereign,2028-02-15,NaN,2.750,Semi-Annual,3.880,97.957,100,USA,69894104500,100,No,Yes,No,87.000,0.650
US AMERICA 2% 15.11.2026,USD,United States of America,US912828U246,Sovereign,2026-11-15,NaN,2.000,Semi-Annual,4.112,99.109,100,USA,64287574900,100,No,Yes,No,179.000,0.973
US AMERICA 0.375% 31.07.2027,USD,United States of America,US91282CAD39,Sovereign,2027-07-31,NaN,0.380,Semi-Annual,3.845,95.797,100,USA,48738101100,100,No,Yes,No,102.000,0.104
US AMERICA 3.5% 30.09.2026,USD,United States of America,US91282CLP40,Sovereign,2026-09-30,NaN,3.500,Semi-Annual,4.232,99.914,100,USA,70419958500,100,No,Yes,No,41.000,0.394
US AMERICA 2.625% 31.05.2027,USD,United States of America,US91282CET45,Sovereign,2027-05-31,NaN,2.630,Semi-Annual,3.971,98.762,100,USA,54180612200,100,No,Yes,No,163.000,1.169
US AMERICA 0% 30.07.2026,USD,United States of America,US912797TQ02,Sovereign,2026-07-30,NaN,0.000,NaN,3.669,99.144,100,USA,175733056700,100,No,Yes,No,NaN,NaN
US AMERICA 0.875% 15.11.2030,USD,United States of America,US91282CAV37,Sovereign,2030-11-15,NaN,0.880,Semi-Annual,4.010,86.887,100,USA,133680820700,100,No,Yes,No,179.000,0.426
US AMERICA 3.5% 15.02.2033,USD,United States of America,US91282CGM73,Sovereign,2033-02-15,NaN,3.500,Semi-Annual,4.193,95.684,100,USA,114600847400,100,No,Yes,No,87.000,0.827
US AMERICA 4.125% 31.07.2028,USD,United States of America,US91282CHQ78,Sovereign,2028-07-31,NaN,4.130,Semi-Annual,3.882,100.371,100,USA,42999671100,100,No,Yes,No,102.000,1.143
US AMERICA 3.125% 15.11.2028,USD,United States of America,US9128285M81,Sovereign,2028-11-15,NaN,3.130,Semi-Annual,3.898,97.988,100,USA,80486854300,100,No,Yes,No,179.000,1.520
US AMERICA 2.875% 15.08.2028,USD,United States of America,US9128284V99,Sovereign,2028-08-15,NaN,2.880,Semi-Annual,3.885,97.668,100,USA,73273710100,100,No,Yes,No,87.000,0.680
US AMERICA 2.25% 15.11.2027,USD,United States of America,US9128283F58,Sovereign,2027-11-15,NaN,2.250,Semi-Annual,3.871,97.531,100,USA,65568110600,100,No,Yes,No,179.000,1.094
US AMERICA 4.25% 15.11.2034,USD,United States of America,US91282CLW90,Sovereign,2034-11-15,NaN,4.250,Semi-Annual,4.311,99.176,100,USA,139055916700,100,No,Yes,No,179.000,2.067
US AMERICA 4% 31.01.2031,USD,United States of America,US91282CJX02,Sovereign,2031-01-31,NaN,4.000,Semi-Annual,4.021,99.633,100,USA,39409875200,100,No,Yes,No,102.000,1.109
US AMERICA 4.375% 31.08.2028,USD,United States of America,US91282CHX20,Sovereign,2028-08-31,NaN,4.380,Semi-Annual,3.893,100.922,100,USA,50672970600,100,No,Yes,No,71.000,0.858
US AMERICA 4.375% 15.05.2034,USD,United States of America,US91282CKQ32,Sovereign,2034-05-15,NaN,4.380,Semi-Annual,4.270,100.328,100,USA,132755968000,100,No,Yes,No,179.000,2.128
US AMERICA 3.5% 31.10.2027,USD,United States of America,US91282CPE56,Sovereign,2027-10-31,NaN,3.500,Semi-Annual,3.847,99.438,100,USA,72960428500,100,No,Yes,No,10.000,0.097
US AMERICA 3.75% 31.08.2026,USD,United States of America,US91282CLH24,Sovereign,2026-08-31,NaN,3.750,Semi-Annual,4.370,99.996,100,USA,66428642800,100,No,Yes,No,71.000,0.736
US AMERICA 4% 31.03.2030,USD,United States of America,US91282CMU26,Sovereign,2030-03-31,NaN,4.000,Semi-Annual,3.966,99.867,100,USA,72023524700,100,No,Yes,No,41.000,0.451
US AMERICA 3.5% 15.12.2028,USD,United States of America,US91282CPP04,Sovereign,2028-12-15,NaN,3.500,Semi-Annual,3.611,3.611,100,USA,58000253800,100,No,Yes,No,NaN,NaN
US AMERICA 5.25% 15.02.2029,USD,United States of America,US912810FG86,Sovereign,2029-02-15,NR,5.250,Semi-Annual,3.897,103.355,100,USA,11350341000,100,No,No,No,87.000,1.241
US AMERICA 1.625% 15.05.2026,USD,United States of America,US912828R366,Sovereign,2026-05-15,NaN,1.630,Semi-Annual,4.393,99.930,100,USA,66871759100,100,No,Yes,No,179.000,0.790
US AMERICA 4.125% 15.02.2027,USD,United States of America,US91282CKA89,Sovereign,2027-02-15,NaN,4.130,Semi-Annual,3.971,100.273,100,USA,52822441000,100,No,Yes,No,87.000,0.975
US AMERICA 1.75% 31.12.2026,USD,United States of America,US912828YX25,Sovereign,2026-12-31,NaN,1.750,Semi-Annual,4.030,98.738,100,USA,35011701400,100,No,Yes,No,133.000,0.632
US AMERICA 4.25% 15.05.2035,USD,United States of America,US91282CNC19,Sovereign,2035-05-15,NaN,4.250,Semi-Annual,4.306,4.306,100,USA,140129876700,100,No,Yes,No,179.000,2.067
US AMERICA 3.375% 31.12.2027,USD,United States of America,US91282CPS43,Sovereign,2027-12-31,NaN,3.380,Semi-Annual,3.498,3.498,100,USA,76351783500,100,No,Yes,No,NaN,NaN
US AMERICA 0.875% 30.06.2026,USD,United States of America,US91282CCJ80,Sovereign,2026-06-30,NaN,0.880,Semi-Annual,5.156,99.559,100,USA,70259271800,100,No,Yes,No,133.000,0.316
US AMERICA 3.625% 30.09.2030,USD,United States of America,US91282CPA35,Sovereign,2030-09-30,NaN,3.630,Semi-Annual,3.985,98.266,100,USA,73865254700,100,No,Yes,No,41.000,0.408
US AMERICA 6.75% 15.08.2026,USD,United States of America,US912810EX29,Sovereign,2026-08-15,NR,6.750,Semi-Annual,5.415,100.633,100,USA,8810418000,100,No,No,No,87.000,1.596
US AMERICA 4.125% 31.10.2029,USD,United States of America,US91282CLR06,Sovereign,2029-10-31,NaN,4.130,Semi-Annual,3.941,100.363,100,USA,70855639200,100,No,Yes,No,10.000,0.114
US AMERICA 2.625% 31.07.2029,USD,United States of America,US91282CFC01,Sovereign,2029-07-31,NaN,2.630,Semi-Annual,3.935,95.883,100,USA,39606963900,100,No,Yes,No,102.000,0.728
US AMERICA 3.625% 31.08.2027,USD,United States of America,US91282CNV99,Sovereign,2027-08-31,NaN,3.630,Semi-Annual,3.824,99.676,100,USA,75355191100,100,No,Yes,No,71.000,0.711
US AMERICA 0% 28.07.2026,USD,United States of America,US912797UR65,Sovereign,2026-07-28,NaN,0.000,NaN,3.626,99.172,100,USA,69726929000,100,No,Yes,No,NaN,NaN
US AMERICA 3.875% 31.03.2031,USD,United States of America,US91282CQG95,Sovereign,2031-03-31,NaN,3.880,Semi-Annual,4.020,99.133,100,USA,77233097500,100,No,Yes,No,NaN,NaN
US AMERICA 4.125% 28.02.2027,USD,United States of America,US91282CMP31,Sovereign,2027-02-28,NaN,4.130,Semi-Annual,3.971,100.305,100,USA,75093356900,100,No,Yes,No,71.000,0.809
US AMERICA 3.625% 15.08.2028,USD,United States of America,US91282CNU17,Sovereign,2028-08-15,NaN,3.630,Semi-Annual,3.877,99.301,100,USA,77683333800,100,No,Yes,No,87.000,0.857
US AMERICA 3.75% 31.12.2030,USD,United States of America,US91282CJQ50,Sovereign,2030-12-31,NaN,3.750,Semi-Annual,4.022,98.602,100,USA,39446897900,100,No,Yes,No,133.000,1.355
US AMERICA 4.5% 15.05.2027,USD,United States of America,US91282CKR15,Sovereign,2027-05-15,NaN,4.500,Semi-Annual,3.973,100.676,100,USA,63153043500,100,No,Yes,No,179.000,2.189
US AMERICA 1.5% 15.02.2030,USD,United States of America,US912828Z948,Sovereign,2030-02-15,NaN,1.500,Semi-Annual,3.954,91.230,100,USA,87401595700,100,No,Yes,No,87.000,0.355
US AMERICA 3.75% 30.04.2027,USD,United States of America,US91282CMY48,Sovereign,2027-04-30,NaN,3.750,Semi-Annual,3.736,99.965,100,USA,73715294800,100,No,Yes,No,10.000,0.104
US AMERICA 3.875% 31.12.2032,USD,United States of America,US91282CPQ86,Sovereign,2032-12-31,NaN,3.880,Semi-Annual,4.180,97.961,100,USA,48688412000,100,No,Yes,No,NaN,NaN
US AMERICA 4.375% 30.11.2030,USD,United States of America,US91282CJM47,Sovereign,2030-11-30,NaN,4.380,Semi-Annual,4.000,101.227,100,USA,39411696300,100,No,Yes,No,163.000,1.948
US AMERICA 4% 31.07.2032,USD,United States of America,US91282CNR87,Sovereign,2032-07-31,NaN,4.000,Semi-Annual,4.149,98.871,100,USA,46916552300,100,No,Yes,No,102.000,1.109
US AMERICA 4.375% 31.12.2029,USD,United States of America,US91282CMD01,Sovereign,2029-12-31,NaN,4.380,Semi-Annual,3.955,101.203,100,USA,70388986200,100,No,Yes,No,133.000,1.581
US AMERICA 3.625% 31.05.2028,USD,United States of America,US91282CHE49,Sovereign,2028-05-31,NaN,3.630,Semi-Annual,3.886,99.359,100,USA,49268154200,100,No,Yes,No,163.000,1.614
US AMERICA 1.5% 31.01.2027,USD,United States of America,US912828Z781,Sovereign,2027-01-31,NaN,1.500,Semi-Annual,3.995,98.375,100,USA,96656840600,100,No,Yes,No,102.000,0.416
US AMERICA 3.75% 30.06.2027,USD,United States of America,US91282CNL18,Sovereign,2027-06-30,NaN,3.750,Semi-Annual,3.794,99.906,100,USA,75863430700,100,No,Yes,No,133.000,1.355
US AMERICA 0% 21.01.2027,USD,United States of America,US912797TM97,Sovereign,2027-01-21,NaN,0.000,NaN,3.667,97.453,100,USA,52160061400,100,No,Yes,No,NaN,NaN
US AMERICA 0% 04.08.2026,USD,United States of America,US912797US49,Sovereign,2026-04-08,NaN,0.000,NaN,3.648,99.099,100,USA,69367142300,100,No,Yes,No,NaN,NaN
US AMERICA 4.25% 31.03.2033,USD,United States of America,US91282CQF13,Sovereign,2033-03-31,NaN,4.250,Semi-Annual,4.192,100.062,100,USA,48546497200,100,No,Yes,No,NaN,NaN
US AMERICA 3.5% 30.04.2028,USD,United States of America,US91282CHA27,Sovereign,2028-04-30,NaN,3.500,Semi-Annual,3.881,99.148,100,USA,47182513200,100,No,Yes,No,10.000,0.097
US AMERICA 4.125% 15.11.2027,USD,United States of America,US91282CLX73,Sovereign,2027-11-15,NaN,4.130,Semi-Annual,3.869,100.285,100,USA,71180446200,100,No,Yes,No,179.000,2.006
US AMERICA 4.25% 30.06.2031,USD,United States of America,US91282CKW00,Sovereign,2031-06-30,NaN,4.250,Semi-Annual,4.046,100.645,100,USA,45531296400,100,No,Yes,No,133.000,1.536
US AMERICA 0.625% 30.11.2027,USD,United States of America,US91282CAY75,Sovereign,2027-11-30,NaN,0.630,Semi-Annual,3.867,95.008,100,USA,63156886200,100,No,Yes,No,163.000,0.278
US AMERICA 5.375% 15.02.2031,USD,United States of America,US912810FP85,Sovereign,2031-02-15,NR,5.380,Semi-Annual,4.050,105.457,100,USA,16427648000,100,No,Yes,No,87.000,1.271
US AMERICA 3.75% 31.12.2028,USD,United States of America,US91282CJR34,Sovereign,2028-12-31,NaN,3.750,Semi-Annual,3.899,99.461,100,USA,57996267100,100,No,Yes,No,133.000,1.355
US AMERICA 4.25% 28.02.2029,USD,United States of America,US91282CKD29,Sovereign,2029-02-28,NaN,4.250,Semi-Annual,3.903,100.746,100,USA,66465325100,100,No,Yes,No,71.000,0.834
US AMERICA 4.625% 30.09.2028,USD,United States of America,US91282CJA09,Sovereign,2028-09-30,NaN,4.630,Semi-Annual,3.884,101.520,100,USA,48999971300,100,No,Yes,No,41.000,0.521
US AMERICA 0.5% 31.10.2027,USD,United States of America,US91282CAU53,Sovereign,2027-10-31,NaN,0.500,Semi-Annual,3.848,95.141,100,USA,57732976800,100,No,Yes,No,10.000,0.014
US AMERICA 3.5% 15.10.2028,USD,United States of America,US91282CPC90,Sovereign,2028-10-15,NaN,3.500,Semi-Annual,3.891,98.961,100,USA,59076392700,100,No,Yes,No,26.000,0.250
US AMERICA 1.375% 31.08.2026,USD,United States of America,US912828YD60,Sovereign,2026-08-31,NaN,1.380,Semi-Annual,4.386,99.266,100,USA,33396382100,100,No,Yes,No,71.000,0.270
US AMERICA 4.125% 31.05.2032,USD,United States of America,US91282CNF40,Sovereign,2032-05-31,NaN,4.130,Semi-Annual,4.131,99.652,100,USA,50023665200,100,No,Yes,No,163.000,1.837
US AMERICA 0% 18.03.2027,USD,United States of America,US912797UD79,Sovereign,2027-03-18,NaN,0.000,NaN,3.661,96.864,100,USA,54006557100,100,No,Yes,No,NaN,NaN
US AMERICA 1% 31.07.2028,USD,United States of America,US91282CCR07,Sovereign,2028-07-31,NaN,1.000,Semi-Annual,3.887,93.730,100,USA,66695658600,100,No,Yes,No,102.000,0.277
US AMERICA 4.625% 31.05.2031,USD,United States of America,US91282CKU44,Sovereign,2031-05-31,NaN,4.630,Semi-Annual,4.047,102.355,100,USA,46211832500,100,No,Yes,No,163.000,2.060
US AMERICA 0% 26.05.2026,USD,United States of America,US912797TT41,Sovereign,2026-05-26,NaN,0.000,NaN,3.612,99.793,100,USA,231089486200,100,No,Yes,No,NaN,NaN
US AMERICA 4.5% 15.04.2027,USD,United States of America,US91282CKJ98,Sovereign,2027-04-15,NaN,4.500,Semi-Annual,3.937,100.680,100,USA,58950295800,100,No,Yes,No,26.000,0.321
US AMERICA 1.875% 28.02.2027,USD,United States of America,US91282CEC10,Sovereign,2027-02-28,NaN,1.880,Semi-Annual,3.982,98.492,100,USA,55897784800,100,No,Yes,No,71.000,0.368
HONG KONG SAR 3.375% 07.06.2027,EUR,the Hong Kong Special Administrative Region Government,HK0000929676,Sovereign,2027-07-06,AA+,3.380,Annual,2.597,100.812,100000,Hong Kong,750000000,1000,No,Yes,No,334.000,3.088
HONG KONG SAR 3.75% 07.06.2032,EUR,the Hong Kong Special Administrative Region Government,HK0000929684,Sovereign,2032-07-06,AA+,3.750,Annual,2.883,104.931,100000,Hong Kong,750000000,1000,No,Yes,No,334.000,3.432
HONG KONG SAR 2.02% 07.03.2034,HKD,the Hong Kong Special Administrative Region Government,HK0000486388,Sovereign,2034-07-03,NaN,2.020,Semi-Annual,2.747,94.808,50000,Hong Kong,7700000000,50000,No,Yes,No,61.000,0.338
HONG KONG SAR 0% 02.09.2026,HKD,the Hong Kong Special Administrative Region Government,HK0001268728,Sovereign,2026-02-09,NaN,0.000,NaN,2.281,99.265,500000,Hong Kong,16000000000,500000,No,Yes,No,64.000,0.000
HONG KONG SAR 4.25% 07.06.2026,USD,the Hong Kong Special Administrative Region Government,USY3422VCY21,Sovereign,2026-07-06,AA+,4.250,Semi-Annual,4.005,100.016,200000,Hong Kong,500000000,1000,No,Yes,No,148.000,1.747
HONG KONG SAR 0% 27.05.2026,HKD,the Hong Kong Special Administrative Region Government,HK0001268470,Sovereign,2026-05-27,NaN,0.000,NaN,2.242,99.874,500000,Hong Kong,68057000000,500000,No,Yes,No,71.000,0.000
HONG KONG SAR 0% 07.10.2026,HKD,the Hong Kong Special Administrative Region Government,HK0001285771,Sovereign,2026-07-10,NaN,0.000,NaN,2.289,99.054,500000,Hong Kong,19000000000,500000,No,Yes,No,29.000,0.000
HONG KONG SAR 0% 16.09.2026,HKD,the Hong Kong Special Administrative Region Government,HK0001277398,Sovereign,2026-09-16,NaN,0.000,NaN,2.291,99.178,500000,Hong Kong,14000000000,500000,No,Yes,No,50.000,0.000
HONG KONG SAR 0% 13.05.2026,HKD,the Hong Kong Special Administrative Region Government,HK0001221214,Sovereign,2026-05-13,NaN,0.000,NaN,2.253,99.962,500000,Hong Kong,19000000000,500000,No,Yes,No,176.000,0.000
HONG KONG SAR 3.875% 11.01.2030,EUR,the Hong Kong Special Administrative Region Government,HK0000895901,Sovereign,2030-11-01,AA+,3.880,Annual,2.878,103.508,100000,Hong Kong,500000000,1000,No,Yes,No,116.000,1.232
HONG KONG SAR 1.375% 02.02.2031,USD,the Hong Kong Special Administrative Region Government,USY3422VCS52,Sovereign,2031-02-02,AA+,1.380,Semi-Annual,4.023,88.379,200000,Hong Kong,1000000000,1000,No,Yes,No,93.000,0.355
HONG KONG SAR 0% 15.07.2026,HKD,the Hong Kong Special Administrative Region Government,HK0001249215,Sovereign,2026-07-15,NaN,0.000,NaN,2.272,99.567,500000,Hong Kong,19800000000,500000,No,Yes,No,113.000,0.000
HONG KONG SAR 0% 21.10.2026,HKD,the Hong Kong Special Administrative Region Government,HK0001206751,Sovereign,2026-10-21,NaN,0.000,NaN,2.291,98.968,500000,Hong Kong,5000000000,500000,No,Yes,No,197.000,0.000
HONG KONG SAR 3.625% 12.11.2028,USD,the Hong Kong Special Administrative Region Government,HK0001201893,Sovereign,2028-12-11,AA+,3.630,Semi-Annual,3.879,99.405,200000,Hong Kong,300000000,1000,No,Yes,No,175.000,1.762
HONG KONG SAR 2.16% 26.05.2027,HKD,the Hong Kong Special Administrative Region Government,HK0001146429,Sovereign,2027-05-26,NaN,2.160,Semi-Annual,2.231,99.881,50000,Hong Kong,1200000000,50000,No,Yes,No,162.000,0.959
HONG KONG SAR 3.375% 24.07.2031,EUR,the Hong Kong Special Administrative Region Government,HK0001031944,Sovereign,2031-07-24,AA+,3.380,Annual,2.918,102.125,100000,Hong Kong,750000000,1000,No,Yes,No,287.000,2.654
HONG KONG SAR 0% 26.08.2026,HKD,the Hong Kong Special Administrative Region Government,HK0001185773,Sovereign,2026-08-26,NaN,0.000,NaN,2.281,99.308,500000,Hong Kong,5000000000,500000,No,Yes,No,253.000,0.000
HONG KONG SAR 0% 07.04.2027,HKD,the Hong Kong Special Administrative Region Government,HK0001285789,Sovereign,2027-07-04,NaN,0.000,NaN,2.240,97.933,500000,Hong Kong,4000000000,500000,No,Yes,No,29.000,0.000
HONG KONG SAR 2.5% 11.11.2027,HKD,the Hong Kong Special Administrative Region Government,HK0001201927,Sovereign,2027-11-11,AA+,2.500,Semi-Annual,2.605,99.906,1000000,Hong Kong,2500000000,500000,No,Yes,No,177.000,1.212
HONG KONG SAR 0% 22.07.2026,HKD,the Hong Kong Special Administrative Region Government,HK0001293411,Sovereign,2026-07-22,NaN,0.000,NaN,2.281,99.523,500000,Hong Kong,65612000000,500000,No,Yes,No,15.000,0.000
HONG KONG SAR 2.7% 15.05.2030,HKD,the Hong Kong Special Administrative Region Government,HK0001145983,Sovereign,2030-05-15,NaN,2.700,Semi-Annual,2.413,101.020,50000,Hong Kong,9500000000,50000,No,Yes,No,173.000,1.280
HONG KONG SAR 0% 16.12.2026,HKD,the Hong Kong Special Administrative Region Government,HK0001232567,Sovereign,2026-12-16,NaN,0.000,NaN,2.261,98.621,500000,Hong Kong,2100000000,500000,No,Yes,No,141.000,0.000
HONG KONG SAR 0% 23.09.2026,HKD,the Hong Kong Special Administrative Region Government,HK0001201539,Sovereign,2026-09-23,NaN,0.000,NaN,2.290,99.135,500000,Hong Kong,5000000000,500000,No,Yes,No,225.000,0.000
HONG KONG SAR 2.24% 27.08.2029,HKD,the Hong Kong Special Administrative Region Government,HK0000212438,Sovereign,2029-08-27,AA+,2.240,Semi-Annual,2.432,99.391,50000,Hong Kong,600000000,50000,No,Yes,No,69.000,0.423
HONG KONG SAR 0% 29.07.2026,HKD,the Hong Kong Special Administrative Region Government,HK0001256376,Sovereign,2026-07-29,NaN,0.000,NaN,2.279,99.480,500000,Hong Kong,15000000000,500000,No,Yes,No,99.000,0.000
HONG KONG SAR 3.77% 26.05.2026,HKD,the Hong Kong Special Administrative Region Government,HK0001020806,Sovereign,2026-05-26,NaN,3.770,Semi-Annual,2.218,100.076,50000,Hong Kong,1200000000,50000,No,Yes,No,165.000,1.704
HONG KONG SAR 0% 20.05.2026,HKD,the Hong Kong Special Administrative Region Government,HK0001221446,Sovereign,2026-05-20,NaN,0.000,NaN,2.272,99.917,500000,Hong Kong,15000000000,500000,No,Yes,No,169.000,0.000
HONG KONG SAR 2.48% 28.02.2029,HKD,the Hong Kong Special Administrative Region Government,HK0000187234,Sovereign,2029-02-28,AA+,2.480,Semi-Annual,2.416,100.155,50000,Hong Kong,600000000,50000,No,Yes,No,68.000,0.462
HONG KONG SAR 1.89% 02.03.2032,HKD,the Hong Kong Special Administrative Region Government,HK0000329679,Sovereign,2032-02-03,NaN,1.890,Semi-Annual,2.545,96.410,50000,Hong Kong,5700000000,50000,No,Yes,No,66.000,0.342
HONG KONG SAR 0% 08.07.2026,HKD,the Hong Kong Special Administrative Region Government,HK0001241816,Sovereign,2026-08-07,NaN,0.000,NaN,2.269,99.612,500000,Hong Kong,19800000000,500000,No,Yes,No,120.000,0.000
HONG KONG SAR 0% 12.08.2026,HKD,the Hong Kong Special Administrative Region Government,HK0001179123,Sovereign,2026-12-08,NaN,0.000,NaN,2.280,99.393,500000,Hong Kong,3000000000,500000,No,Yes,No,267.000,0.000
HONG KONG SAR 2.91% 07.02.2033,HKD,the Hong Kong Special Administrative Region Government,HK0001256640,Sovereign,2033-07-02,NaN,2.910,Semi-Annual,2.548,102.170,50000,Hong Kong,3250000000,50000,No,Yes,No,91.000,0.726
HONG KONG SAR 0% 13.05.2026,HKD,the Hong Kong Special Administrative Region Government,HK0001262531,Sovereign,2026-05-13,NaN,0.000,NaN,2.253,99.962,500000,Hong Kong,65865000000,500000,No,Yes,No,85.000,0.000
HONG KONG SAR 0% 24.11.2026,EUR,the Hong Kong Special Administrative Region Government,HK0000789849,Sovereign,2026-11-24,AA+,0.000,NaN,2.485,98.630,100000,Hong Kong,1250000000,1000,No,Yes,No,164.000,0.000
HONG KONG SAR 1.75% 24.11.2031,USD,the Hong Kong Special Administrative Region Government,HK0000789823,Sovereign,2031-11-24,AA+,1.750,Semi-Annual,4.050,88.491,200000,Hong Kong,1000000000,1000,No,Yes,No,163.000,0.792
HONG KONG SAR 3.125% 10.06.2033,EUR,the Hong Kong Special Administrative Region Government,HK0001151015,Sovereign,2033-10-06,AA+,3.130,Annual,2.929,101.598,100000,Hong Kong,1000000000,1000,No,Yes,No,331.000,2.834
HONG KONG SAR 0% 09.09.2026,HKD,the Hong Kong Special Administrative Region Government,HK0001269197,Sovereign,2026-09-09,NaN,0.000,NaN,2.280,99.222,500000,Hong Kong,15600000000,500000,No,Yes,No,57.000,0.000
HONG KONG SAR 0% 23.09.2026,HKD,the Hong Kong Special Administrative Region Government,HK0001285060,Sovereign,2026-09-23,NaN,0.000,NaN,2.290,99.135,500000,Hong Kong,15000000000,500000,No,Yes,No,43.000,0.000
HONG KONG SAR 2.5% 11.11.2029,EUR,the Hong Kong Special Administrative Region Government,HK0001201901,Sovereign,2029-11-11,AA+,2.500,Semi-Annual,2.842,99.101,100000,Hong Kong,300000000,1000,No,Yes,No,177.000,1.222
HONG KONG SAR 2.07% 26.08.2026,HKD,the Hong Kong Special Administrative Region Government,HK0000087145,Sovereign,2026-08-26,AA+,2.070,Semi-Annual,2.242,99.941,50000,Hong Kong,600000000,50000,No,Yes,No,70.000,0.397
HONG KONG SAR 0% 28.10.2026,HKD,the Hong Kong Special Administrative Region Government,HK0001293676,Sovereign,2026-10-28,NaN,0.000,NaN,2.290,98.925,500000,Hong Kong,15000000000,500000,No,Yes,No,8.000,0.000
HONG KONG SAR 0% 17.06.2026,HKD,the Hong Kong Special Administrative Region Government,HK0001277380,Sovereign,2026-06-17,NaN,0.000,NaN,2.252,99.744,500000,Hong Kong,63714000000,500000,No,Yes,No,50.000,0.000
HONG KONG SAR 0% 29.07.2026,HKD,the Hong Kong Special Administrative Region Government,HK0001173605,Sovereign,2026-07-29,NaN,0.000,NaN,2.279,99.480,500000,Hong Kong,5000000000,500000,No,Yes,No,281.000,0.000
HONG KONG SAR 0% 06.05.2026,HKD,the Hong Kong Special Administrative Region Government,HK0001220992,Sovereign,2026-06-05,NaN,0.000,NaN,2.130,99.993,500000,Hong Kong,17000000000,500000,No,Yes,No,NaN,NaN
HONG KONG SAR 0% 10.02.2027,HKD,the Hong Kong Special Administrative Region Government,HK0001262556,Sovereign,2027-10-02,NaN,0.000,NaN,2.240,98.279,500000,Hong Kong,3000000000,500000,No,Yes,No,85.000,0.000
HONG KONG SAR 3.19% 25.11.2026,HKD,the Hong Kong Special Administrative Region Government,HK0001085379,Sovereign,2026-11-25,NaN,3.190,Semi-Annual,2.232,100.533,500000,Hong Kong,1200000000,500000,No,Yes,No,163.000,1.425
HONG KONG SAR 0% 10.06.2026,HKD,the Hong Kong Special Administrative Region Government,HK0001269189,Sovereign,2026-10-06,NaN,0.000,NaN,2.253,99.789,500000,Hong Kong,64371000000,500000,No,Yes,No,57.000,0.000
HONG KONG SAR 2.49% 22.08.2028,HKD,the Hong Kong Special Administrative Region Government,HK0000159993,Sovereign,2028-08-22,AA+,2.490,Semi-Annual,2.404,100.166,50000,Hong Kong,600000000,50000,No,Yes,No,74.000,0.505
HONG KONG SAR 2.77% 24.08.2026,HKD,the Hong Kong Special Administrative Region Government,HK0001051207,Sovereign,2026-08-24,NaN,2.770,Semi-Annual,2.242,100.149,500000,Hong Kong,1200000000,500000,No,Yes,No,74.000,0.562
HONG KONG SAR 3.23% 05.12.2029,HKD,the Hong Kong Special Administrative Region Government,HK0001088944,Sovereign,2029-05-12,NaN,3.230,Semi-Annual,2.380,102.826,50000,Hong Kong,5250000000,50000,No,Yes,No,153.000,1.354
HONG KONG SAR 1.25% 29.06.2027,HKD,the Hong Kong Special Administrative Region Government,HK0000345436,Sovereign,2027-06-29,NaN,1.250,Semi-Annual,2.149,98.960,50000,Hong Kong,16600000000,50000,No,Yes,No,129.000,0.442
HONG KONG SAR 2.76% 25.04.2028,HKD,the Hong Kong Special Administrative Region Government,HK0001136313,Sovereign,2028-04-25,NaN,2.760,Semi-Annual,2.246,100.952,50000,Hong Kong,12500000000,50000,No,Yes,No,12.000,0.091
HONG KONG SAR 2.4% 24.11.2027,HKD,the Hong Kong Special Administrative Region Government,HK0001221610,Sovereign,2027-11-24,NaN,2.400,Semi-Annual,2.351,100.042,50000,Hong Kong,1200000000,50000,No,Yes,No,164.000,1.078
HONG KONG SAR 0% 22.07.2026,HKD,the Hong Kong Special Administrative Region Government,HK0001249769,Sovereign,2026-07-22,NaN,0.000,NaN,2.281,99.523,500000,Hong Kong,12600000000,500000,No,Yes,No,106.000,0.000
HONG KONG SAR 0% 21.10.2026,HKD,the Hong Kong Special Administrative Region Government,HK0001293429,Sovereign,2026-10-21,NaN,0.000,NaN,2.291,98.968,500000,Hong Kong,12000000000,500000,No,Yes,No,15.000,0.000
HONG KONG SAR 4% 07.06.2028,USD,the Hong Kong Special Administrative Region Government,USY3422VCZ95,Sovereign,2028-07-06,AA+,4.000,Semi-Annual,3.934,100.010,200000,Hong Kong,750000000,1000,No,Yes,No,148.000,1.644
HONG KONG SAR 0% 02.07.2026,HKD,the Hong Kong Special Administrative Region Government,HK0001161006,Sovereign,2026-02-07,NaN,0.000,NaN,2.262,99.650,500000,Hong Kong,5000000000,500000,No,Yes,No,309.000,0.000
HONG KONG SAR 0% 14.10.2026,HKD,the Hong Kong Special Administrative Region Government,HK0001293064,Sovereign,2026-10-14,NaN,0.000,NaN,2.291,99.011,500000,Hong Kong,19000000000,500000,No,Yes,No,22.000,0.000
HONG KONG SAR 0% 17.06.2026,HKD,the Hong Kong Special Administrative Region Government,HK0001232559,Sovereign,2026-06-17,NaN,0.000,NaN,2.252,99.744,500000,Hong Kong,13000000000,500000,No,Yes,No,141.000,0.000
HONG KONG SAR 0% 15.07.2026,HKD,the Hong Kong Special Administrative Region Government,HK0001293056,Sovereign,2026-07-15,NaN,0.000,NaN,2.272,99.567,500000,Hong Kong,69637000000,500000,No,Yes,No,22.000,0.000
HONG KONG SAR 0% 30.09.2026,HKD,the Hong Kong Special Administrative Region Government,HK0001285508,Sovereign,2026-09-30,NaN,0.000,NaN,2.289,99.093,500000,Hong Kong,20000000000,500000,No,Yes,No,NaN,NaN
HONG KONG SAR 1.51% 24.02.2027,HKD,the Hong Kong Special Administrative Region Government,HK0000102316,Sovereign,2027-02-24,AA+,1.510,Semi-Annual,2.200,99.428,50000,Hong Kong,600000000,50000,No,Yes,No,72.000,0.298
HONG KONG SAR 4.625% 11.01.2033,USD,the Hong Kong Special Administrative Region Government,USY3422VCW64,Sovereign,2033-11-01,AA+,4.630,Semi-Annual,4.356,101.104,200000,Hong Kong,1000000000,1000,No,Yes,No,114.000,1.465
HONG KONG SAR 0% 13.01.2027,HKD,the Hong Kong Special Administrative Region Government,HK0001249223,Sovereign,2027-01-13,NaN,0.000,NaN,2.240,98.450,500000,Hong Kong,5000000000,500000,No,Yes,No,113.000,0.000
HONG KONG SAR 2.23% 23.02.2028,HKD,the Hong Kong Special Administrative Region Government,HK0001268421,Sovereign,2028-02-23,NaN,2.230,Semi-Annual,2.397,99.679,50000,Hong Kong,1200000000,50000,No,Yes,No,73.000,0.446
HONG KONG SAR 0% 27.05.2026,HKD,the Hong Kong Special Administrative Region Government,HK0001221800,Sovereign,2026-05-27,NaN,0.000,NaN,2.242,99.874,500000,Hong Kong,15000000000,500000,No,Yes,No,162.000,0.000
HONG KONG SAR 0% 10.03.2027,HKD,the Hong Kong Special Administrative Region Government,HK0001269205,Sovereign,2027-10-03,NaN,0.000,NaN,2.240,98.103,500000,Hong Kong,3000000000,500000,No,Yes,No,57.000,0.000
HONG KONG SAR 0% 06.05.2026,HKD,the Hong Kong Special Administrative Region Government,HK0001262036,Sovereign,2026-06-05,NaN,0.000,NaN,2.130,99.993,500000,Hong Kong,64253000000,500000,No,Yes,No,NaN,NaN
HONG KONG SAR 2.89% 25.10.2027,HKD,the Hong Kong Special Administrative Region Government,HK0001075180,Sovereign,2027-10-25,NaN,2.890,Semi-Annual,2.206,100.943,50000,Hong Kong,7500000000,50000,No,Yes,No,NaN,NaN
HONG KONG SAR 0% 03.06.2026,HKD,the Hong Kong Special Administrative Region Government,HK0001155024,Sovereign,2026-03-06,NaN,0.000,NaN,2.242,99.831,500000,Hong Kong,3000000000,500000,No,Yes,No,337.000,0.000
HONG KONG SAR 0% 10.06.2026,HKD,the Hong Kong Special Administrative Region Government,HK0001232187,Sovereign,2026-10-06,NaN,0.000,NaN,2.253,99.789,500000,Hong Kong,14000000000,500000,No,Yes,No,148.000,0.000
HONG KONG SAR 0% 20.05.2026,HKD,the Hong Kong Special Administrative Region Government,HK0001268264,Sovereign,2026-05-20,NaN,0.000,NaN,2.272,99.917,500000,Hong Kong,6711000000,500000,No,Yes,No,76.000,0.000
HONG KONG SAR 0% 08.07.2026,HKD,the Hong Kong Special Administrative Region Government,HK0001285763,Sovereign,2026-08-07,NaN,0.000,NaN,2.269,99.612,500000,Hong Kong,70440000000,500000,No,Yes,No,29.000,0.000
HONG KONG SAR 0% 29.07.2026,HKD,the Hong Kong Special Administrative Region Government,HK0001293668,Sovereign,2026-07-29,NaN,0.000,NaN,2.279,99.480,500000,Hong Kong,64347000000,500000,No,Yes,No,8.000,0.000
HONG KONG SAR 4.125% 10.06.2030,USD,the Hong Kong Special Administrative Region Government,USY3422VDD74,Sovereign,2030-10-06,AA+,4.130,Semi-Annual,4.016,100.203,200000,Hong Kong,1000000000,1000,No,Yes,No,145.000,1.661
HONG KONG SAR 0% 02.07.2026,HKD,the Hong Kong Special Administrative Region Government,HK0001241618,Sovereign,2026-02-07,NaN,0.000,NaN,2.262,99.650,500000,Hong Kong,20400000000,500000,No,Yes,No,127.000,0.000
HONG KONG SAR 0% 26.08.2026,HKD,the Hong Kong Special Administrative Region Government,HK0001268488,Sovereign,2026-08-26,NaN,0.000,NaN,2.281,99.308,500000,Hong Kong,14600000000,500000,No,Yes,No,71.000,0.000
HONG KONG SAR 3.34% 24.02.2027,HKD,the Hong Kong Special Administrative Region Government,HK0001111019,Sovereign,2027-02-24,NaN,3.340,Semi-Annual,2.205,100.870,50000,Hong Kong,1200000000,50000,No,Yes,No,72.000,0.659
HONG KONG SAR 4% 07.06.2033,USD,the Hong Kong Special Administrative Region Government,USY3422VDA36,Sovereign,2033-07-06,AA+,4.000,Semi-Annual,4.370,97.558,200000,Hong Kong,1000000000,1000,No,Yes,No,148.000,1.644
HONG KONG SAR 0% 18.11.2026,HKD,the Hong Kong Special Administrative Region Government,HK0001221453,Sovereign,2026-11-18,NaN,0.000,NaN,2.281,98.796,500000,Hong Kong,5000000000,500000,No,Yes,No,169.000,0.000
HONG KONG SAR 0% 24.06.2026,HKD,the Hong Kong Special Administrative Region Government,HK0001285052,Sovereign,2026-06-24,NaN,0.000,NaN,2.259,99.700,500000,Hong Kong,65442000000,500000,No,Yes,No,43.000,0.000
HONG KONG SAR 0% 03.06.2026,HKD,the Hong Kong Special Administrative Region Government,HK0001231908,Sovereign,2026-03-06,NaN,0.000,NaN,2.242,99.831,500000,Hong Kong,13000000000,500000,No,Yes,No,155.000,0.000
HONG KONG SAR 3.84% 16.01.2035,HKD,the Hong Kong Special Administrative Region Government,HK0001101879,Sovereign,2035-01-16,NaN,3.840,Semi-Annual,2.847,107.512,50000,Hong Kong,2000000000,50000,No,Yes,No,111.000,1.168
HONG KONG SAR 0% 05.08.2026,HKD,the Hong Kong Special Administrative Region Government,HK0001262044,Sovereign,2026-05-08,NaN,0.000,NaN,2.281,99.436,500000,Hong Kong,14000000000,500000,No,Yes,No,92.000,0.000
HONG KONG SAR 2.13% 16.07.2030,HKD,the Hong Kong Special Administrative Region Government,HK0000257821,Sovereign,2030-07-16,AA+,2.130,Semi-Annual,2.459,98.630,50000,Hong Kong,5200000000,50000,No,Yes,No,111.000,0.648
HONG KONG SAR 1.85% 25.08.2027,HKD,the Hong Kong Special Administrative Region Government,HK0001185575,Sovereign,2027-08-25,NaN,1.850,Semi-Annual,2.293,99.388,50000,Hong Kong,1200000000,50000,No,Yes,No,71.000,0.360
HONG KONG SAR 0% 02.07.2026,HKD,the Hong Kong Special Administrative Region Government,HK0001285490,Sovereign,2026-02-07,NaN,0.000,NaN,2.262,99.650,500000,Hong Kong,69491000000,500000,No,Yes,No,36.000,0.000
HONG KONG SAR 0% 06.05.2026,HKD,the Hong Kong Special Administrative Region Government,HK0001145595,Sovereign,2026-06-05,NaN,0.000,NaN,2.130,99.993,500000,Hong Kong,3000000000,500000,No,Yes,No,NaN,NaN
HONG KONG SAR 0% 24.06.2026,HKD,the Hong Kong Special Administrative Region Government,HK0001241360,Sovereign,2026-06-24,NaN,0.000,NaN,2.259,99.700,500000,Hong Kong,19800000000,500000,No,Yes,No,134.000,0.000
HONG KONG SAR 0% 03.06.2026,HKD,the Hong Kong Special Administrative Region Government,HK0001268751,Sovereign,2026-03-06,NaN,0.000,NaN,2.242,99.831,500000,Hong Kong,66119000000,500000,No,Yes,No,64.000,0.000
HONG KONG SAR 4.5% 11.01.2028,USD,the Hong Kong Special Administrative Region Government,USY3422VCV81,Sovereign,2028-11-01,AA+,4.500,Semi-Annual,3.979,100.914,200000,Hong Kong,1000000000,1000,No,Yes,No,114.000,1.425
HONG KONG SAR 0% 12.08.2026,HKD,the Hong Kong Special Administrative Region Government,HK0001262549,Sovereign,2026-12-08,NaN,0.000,NaN,2.280,99.393,500000,Hong Kong,16000000000,500000,No,Yes,No,85.000,0.000
HONG KONG SAR 1.97% 17.01.2029,HKD,the Hong Kong Special Administrative Region Government,HK0000474293,Sovereign,2029-01-17,NaN,1.970,Semi-Annual,2.358,98.969,50000,Hong Kong,4700000000,50000,No,Yes,No,110.000,0.594
HONG KONG SAR 3.17% 24.07.2035,HKD,the Hong Kong Special Administrative Region Government,HK0001167730,Sovereign,2035-07-24,NaN,3.170,Semi-Annual,2.849,102.564,50000,Hong Kong,4000000000,50000,No,Yes,No,103.000,0.894
