isin,er_mean,er_sd,er_p05,er_p50,er_p95,prob_pos
US67066G1040,0.2893182322186307,0.11384091946098428,0.1130117990087386,0.28359858426760715,0.48330344053250623,0.996625
IT0005496101,0.40952136994179417,0.39982553812994187,-0.12936727732985523,0.3574204033669105,1.1045779556712358,0.8798125
GB00BMXH3352,0.2435651884678627,0.7272256210164355,-0.5516142222471249,0.0839389956530246,1.5948683248890416,0.56725
US02079K3059,0.24810171656164284,0.10001771985249873,0.09118993078803832,0.24400651436510323,0.4201077053356979,0.994625
US0378331005,0.1703091151343432,0.11451047090793176,-0.008706072494500465,0.16584562149206186,0.3665657310400735,0.9419375
GB00B4W8PD74,0.9106172681062046,1.1186341624299543,-0.2953321418980411,0.655721668505406,2.9768994527276385,0.844
CA56783M1068,0.6896879595319584,0.3801839231096928,0.15336491705648853,0.646261220810353,1.3615967450155175,0.9879375
US5949181045,0.43975337725118346,0.1228264626322047,0.25048681175147214,0.43383527320676196,0.6486691690625654,0.9996875
US11135F1012,0.20704479463590442,0.11498499981164562,0.030417700428498517,0.20109696205321761,0.40400869559865904,0.9729375
US84615Q1031,0.41753927381694245,0.3563692840546369,-0.0769445299125527,0.3778093219796156,1.0426753622548335,0.9128125
US30303M1027,0.46760864226642646,0.12189936333420087,0.27732228010460325,0.46239321421337126,0.6757874444833937,0.9999375
US88160R1014,0.1933617416398837,0.13873007485341396,-0.0172632693318072,0.18522852804178197,0.4293510531566638,0.9331875
CH0210362643,1.141831879477646,16.134848797462922,0.02500380243681293,0.8269536938566153,2.2908833174853718,0.9565
GB00BLH37Y17,0.523815612632083,0.60222707049246,-0.2153980432511807,0.4219464844258872,1.5976849406928308,0.8455
LU2290523658,1.0467644404638998,0.8369173849323444,0.06509415197460919,0.9142339122315175,2.4459279264959677,0.9639375
US5951121038,0.15367906112172972,0.13514852768208874,-0.05342319581174417,0.14679743639151993,0.3856469458807553,0.8863125
US5324571083,0.24417949236767406,0.15632426749972592,0.007520091439031911,0.23588941489269413,0.5067140728929241,0.954625
US9311421039,0.24346934184630106,0.11492956198275457,0.0661997438992502,0.23874408245771403,0.43972809491506704,0.987375
AEE01456N241,0.40198417064469427,0.40422901312404563,-0.1505992345244986,0.3485895301237634,1.1304852158426393,0.865875
ES0110047919,0.4820141281710024,1.8884049776196492,-0.4713556122166349,0.2660376394389799,2.0700510282203948,0.6829375
US0079031078,0.1876971389902129,0.11838885142262272,0.00323647886136838,0.1813120932532456,0.39078253296999127,0.95375
US30233Q1085,0.07465859316183845,0.13313798249774034,-0.127534574284419,0.06734233452177762,0.30438558588001435,0.7119375
US4781601046,0.1885368897369291,0.15210435783693319,-0.043233747823337554,0.17822632208588418,0.45373620505665885,0.909
US4581401001,0.070565548831602,0.1139449041957163,-0.10485995431625163,0.06431824827069821,0.2680243009203511,0.7349375
GB00BZ0X8W18,0.9698241610567291,1.2336264246054078,-0.2974062285452231,0.6899894943960448,3.1642926410425094,0.8451875
US28036F1057,0.3314096894674725,0.2474317502353065,-0.028664000180718595,0.30778889006435983,0.7709665922421656,0.93425
US17275R1023,0.14574617493235395,0.14581204417345042,-0.07518534599203243,0.1362708802583903,0.4006707554164108,0.858125
US0382221051,0.17515753388165597,0.1317176170335865,-0.0256867114825299,0.16796389135468318,0.39849215764033835,0.92425
US22160K1051,0.2548402849179285,0.13001641316746929,0.05271569110324207,0.25037607396646566,0.47313834043371417,0.979125
US68389X1054,0.5498458138552842,0.1831067986215365,0.2743860791896073,0.5393953735100334,0.8606493728325133,0.999625
US1491231015,0.11290430529019685,0.13866798698857605,-0.09623311960952494,0.1041839401020636,0.35218166157067704,0.800625
US5128073062,0.19765405474508838,0.13644421952799482,-0.008566437733665182,0.18945716901462245,0.4343504930735007,0.9410625
US3696043013,0.203118619716424,0.15284484006157428,-0.02874638619872724,0.19393145351987895,0.4656779485762287,0.922875
FR0010353888,0.9736153846611952,0.9143306295661195,-0.08603416451313196,0.8050857697486719,2.626816799756757,0.9265
US15678C1027,0.6554872543968809,0.3925327491938592,0.10148057628555641,0.6148324192575514,1.348567790486875,0.9775
US69608A1088,0.3026400827275363,0.17371839942346856,0.036832245015323166,0.2915034928666935,0.6041379050113861,0.970625
US5006001011,0.5697282557236476,0.5145670309875995,-0.09166122707418776,0.4931944485175318,1.4700813675184825,0.9101875
US1667641005,0.17260712194077688,0.13932643786384227,-0.041975235451826146,0.16463584926637825,0.410929646229187,0.9060625
US1912161007,0.1224624179210153,0.1376506990920002,-0.0851779982714002,0.11169535715810905,0.3620337625803497,0.829375
US4370761029,0.3065417910396922,0.1394097915910694,0.09423936194117645,0.29978858827784893,0.5432136551676044,0.989125
US7427181091,0.22062559874618234,0.14824902920213479,-0.006547271575448756,0.21167544780249475,0.477229676683063,0.9455625
US58933Y1055,0.21658880343886927,0.1431667044517073,0.00047058139239005467,0.20812888914050562,0.46153356740726814,0.9503125
US64110L1061,0.5275744344027771,0.15178800608380982,0.29483023741263426,0.5200134628143113,0.7882602915657555,0.9995
CA68827X1050,1.0434609655791889,0.6464651165374208,0.1845443290395439,0.9517898275284855,2.2092408679832687,0.9816875
US55318A1088,0.8393629173874174,0.44860622863115046,0.21705451922576585,0.7834528982448516,1.6352792377520387,0.991
US24703L2025,0.2227370282260107,0.15522206644349057,-0.015023581127487234,0.21458577539146395,0.4879137473245608,0.9389375
US0420682058,0.11119744311076794,0.1318374078665979,-0.09007394363138738,0.1037386022049702,0.3351601804407691,0.81275
US7731211089,0.33249898943160316,0.2377480691396657,-0.015039973239299769,0.31272068584292834,0.747408109226184,0.942
US6974351057,0.19246429472800333,0.10643935130818039,0.027279520293363647,0.18816907149258333,0.3749870515679958,0.9700625
CA55025J1030,0.5487764746089981,1.6934747816572766,-0.05426688988481924,0.48124852696484355,1.2841546645084456,0.930875
US01609W1027,0.3998883091724413,0.14738035113858347,0.17339298554592716,0.3911547732493701,0.6535934810788926,0.9985625
US75513E1010,0.14995655073158587,0.14521433066258407,-0.07090345095184086,0.1403209800042696,0.40276324055443247,0.8631875
US7181721090,0.17983806350286138,0.18224890294138799,-0.0933800342394593,0.16713147442270607,0.49530232073591024,0.853875
CA59124U6051,0.5680232645216216,0.5429653225782543,-0.1312407415461233,0.4868902877710201,1.5406651621564234,0.8969375
VGG866592014,0.5403084732859429,0.39875608142101787,-0.028622352209362302,0.4976342252662422,1.2499801245206967,0.9393125
US8825081040,0.12544228106510977,0.12813211389988508,-0.07002526915403874,0.11692097500027124,0.3492237150183696,0.85225
US4824801009,0.14309270372548497,0.14177150078564377,-0.07492910615833297,0.13479855787779083,0.38832426547691296,0.8581875
PLFERRO00016,0.14984952417740835,0.49203759533654806,-0.438288603354937,0.07111255818062481,0.9969670192905888,0.5761875
NL0015002IE0,5.518841165769021,27.24209000140597,-0.827155058700671,1.029621242786472,21.241826013480257,0.6996875
US0404132054,0.2214000181715687,0.13688700249432184,0.01154187222765961,0.21322998188919903,0.4600183819761867,0.9586875
DE0006916604,-0.04665956421899596,0.6246499752593686,-0.6593016442103508,-0.18015343228746078,0.9740075108784544,0.3459375
IT0005344996,0.48085441055341926,0.9141157687530684,-0.47455780731713404,0.27869577905053644,2.085542362741429,0.6889375
IE000S9YS762,0.21390260789868804,0.14335566949744635,-0.002802611134437857,0.20555762761921784,0.457010898082648,0.948
US4592001014,0.29438677819898723,0.16844620914912783,0.038221593356476645,0.2830605107570695,0.586157697800471,0.9708125
US22788C1053,0.20469058125219144,0.10690562649174613,0.03613182211813006,0.20052918468768527,0.38432112752428405,0.9769375
US80004C2008,-0.3240676547664747,0.11629430953532845,-0.4966492429953959,-0.3340520972810468,-0.11748003179911923,0.0096875
FI4000511597,0.32130068214811786,0.894216668553021,-0.532261385368273,0.13565353284754045,1.76416943888133,0.603125
US0320951017,0.2029897239869037,0.17551134285249773,-0.061894279394721155,0.19080575590322424,0.504283423632739,0.89325
US0311621009,0.19276137629501547,0.1351379417503398,-0.01270585768064153,0.18470335916311084,0.4233664658735397,0.9385625
US92343V1044,0.17182988951553899,0.15189372028350914,-0.058658893314640234,0.16277857784022806,0.4337696677728004,0.8866875
IE00BKVD2N49,0.35601892330478485,0.19654657969979103,0.06520006672122289,0.34019573770448763,0.6971387784937871,0.98025
US5738741041,0.19937407921525677,0.1319397644582917,-0.0018158609666684836,0.19146488336710843,0.425772866989631,0.948375
US5801351017,0.2802282690222684,0.1399981479304938,0.06534282318246809,0.2723715707546883,0.5219255856608616,0.9841875
US7134481081,0.12682463399342145,0.14606074194214658,-0.09197718336976911,0.11672482570497461,0.3765747309503549,0.818875
US9581021055,0.27277782678763274,0.17643196634124791,0.0058889793418294934,0.2613900420876271,0.5806570084301028,0.9536875
US0970231058,0.31988835710846664,0.1501816887393681,0.0915199063168627,0.3108948335812869,0.5772266768324895,0.9888125
GB00BSB7BS06,0.7615727109017497,1.0986464823914053,-0.3676208249167801,0.5222803715269395,2.6428432435635467,0.7995
US4037831033,1.3800086369420537,0.8873443785725496,0.2460566154548409,1.2399403376906757,2.9921525361790975,0.982125
US0326541051,0.18934128352514568,0.13132742679279785,-0.00662023546479919,0.18195042465970807,0.4112744895410579,0.942625
US0028241000,0.33951134456649823,0.15784583570962205,0.0993938117731974,0.3308969776865693,0.6181265007077694,0.9900625
US65339F1012,0.17771822840617502,0.16712134261338307,-0.0773410572660109,0.16807639825219273,0.4731111844426663,0.871
US9078181081,0.1364464129213092,0.13956073312998857,-0.07577919527455429,0.12799760567752375,0.37644521263729314,0.85275
US8725401090,0.24828870283635818,0.1700333148197183,-0.010093263612964377,0.23614853776806705,0.5420327804277592,0.943375
US7475251036,0.12649795000650443,0.15121410209552946,-0.10191746799864221,0.11565732251657514,0.38963426781924765,0.808875
IE00B8KQN827,0.1542468506179362,0.14086811526372642,-0.05872384026457863,0.14652803317774044,0.40070416943025805,0.875875
US2546871060,0.4604151967559924,0.16042480304654758,0.21374896317768444,0.4527716989201492,0.735541836892697,0.99875
US3755581036,0.31876428949835484,0.1536033002953255,0.0833923706687105,0.3100485970689515,0.5847880450930819,0.9875625
US2441991054,0.15237091210694784,0.1464312477245719,-0.06840191543123647,0.1419188331278645,0.40466941452419397,0.869625
US84265V1052,-0.013014144756388015,0.14910395623749512,-0.23669428971624407,-0.022345776253523367,0.24520640840977356,0.434
SE0017131824,0.17260509069555213,0.46608549220675605,-0.4135996808861359,0.09142699108689908,1.0223618667725702,0.601875
US64135M1053,1.0941398381970675,1.0311608691924672,-0.09122869327669339,0.880726898036589,2.967027822012472,0.9271875
US00206R1023,0.3381322778161492,0.17404084226209687,0.07122471086213941,0.3279060448220675,0.6364562461449363,0.982375
CA82509L1076,0.2967913009085344,0.12184793393031594,0.10728750957955736,0.29177444390132085,0.5047070440119241,0.994375
GB00BYM1K758,0.583454009587331,0.35023715278234896,0.08383428095947938,0.5491847508294727,1.1856153413126023,0.974375
US79466L3024,0.522411375832035,0.14870625102919538,0.28928645998692415,0.5162923685075567,0.7748240439046336,0.9998125
US09857L1089,0.31705514560233633,0.1337044456287007,0.10845679647973576,0.31142465788742124,0.5423391147121731,0.993125
NL0000238145,0.820625197438197,1.1804360995094902,-0.3577704547805343,0.5773575910088188,2.7339694767335625,0.8140625
IT0005531261,0.5034087026007729,0.7452922256521372,-0.34135400721770126,0.3533588142847345,1.8534450551829702,0.7704375
US90353T1007,0.4060148362043686,0.13253130209649294,0.20254359661144117,0.39965153724142477,0.633327152809938,0.9991875
US7170811035,0.2190587999792614,0.14797434126835202,-0.0037718941385682797,0.20950451332564557,0.4721074630789421,0.9465
IT0005262149,0.451973964387685,1.070383813265186,-0.4718119955713026,0.24775809929564646,1.9664139798876605,0.67425
GB00BMCLYF79,1.466567525729264,1.5814786722968086,-0.0880423561863965,1.1425378251000364,4.03937865329584,0.931375
US20825C1045,0.2196836301329939,0.15209276908800495,-0.007465614358461726,0.21000637191810406,0.4787722182115633,0.9433125
GB00BMCZLK30,1.03859899069696,0.7395086056588952,0.10537348164431237,0.9234707856340846,2.3516931375263543,0.97225
NO0010768096,0.19752149673703037,0.8069779757930272,-0.5654908499439075,0.029780795433377784,1.494647904219959,0.523375
US03831W1080,0.421479029181779,0.1730028989400305,0.15939519826587442,0.41186295636055326,0.7160236332981573,0.9956875
US20459V1052,0.36859182439607263,0.939472593823771,-0.514823174970733,0.1754895632836041,1.835640674677705,0.626
US2193501051,0.21631262658490436,0.20499627833244682,-0.0838068396232484,0.19894776596560854,0.5764203137007899,0.875
US2358511028,0.3352846495939086,0.16995832778334513,0.0758598403088331,0.32499855919955684,0.6309881201025999,0.9833125
DE0005203947,0.7456929937944733,0.7142113799705623,-0.13212019437979247,0.6244764562114794,2.03884344421485,0.9035625
DE000A1681X5,0.2176654345068468,0.4654554156459576,-0.3364778190091884,0.14736348093226664,0.9926015724284274,0.6684375
US5398301094,0.12747947703992518,0.15348774185904432,-0.10181261421042671,0.11742716003280046,0.3931047602301111,0.8066875
US1101221083,0.13285749380048667,0.143337552955412,-0.08633562670625779,0.12237167679954464,0.3803087947361199,0.8395
GB00BM4NR742,0.7129308200717318,0.6162135245253028,-0.05953741043930489,0.6236635775602819,1.7744342237527646,0.92925
GB00BRSCY602,0.4132685150784421,0.4184076915186363,-0.1495906171159187,0.35766705646591535,1.158925404758244,0.8676875
US1266501006,0.19652344238513966,0.14297888116478474,-0.021461638696056808,0.18812873758781715,0.4415851053739875,0.930875
US46120E6023,0.4854734246173022,0.18388502568342704,0.20422478970711133,0.4752300918363228,0.8000637532710262,0.997
FR0000053043,0.5903701248455887,0.9990642037470159,-0.4415339237938587,0.3806247220652813,2.30852596544499,0.7336875
GG00BQ0H1P47,0.4156725123106835,0.8816968440353878,-0.4954838952962417,0.2269458471622589,1.937129183469421,0.658625
US7223041028,0.41588339290191845,0.16338993493110526,0.1629299732502432,0.40533905739249354,0.6959691336206727,0.9966875
CA5889141019,0.4676294295314634,0.5962972108567471,-0.2781393481307062,0.3666744429654576,1.5618967031436533,0.805375
EE3100149394,0.5273685719744544,1.078600588518611,-0.4699089267198858,0.3142496036311728,2.163771448692707,0.6975
US8636671013,0.37821819758724945,0.17049738648906315,0.12754578974175576,0.36963872855063734,0.6617144856512434,0.993125
PLMKRNP00015,0.45314101519614497,0.9115858417343359,-0.47290774008131653,0.25032927612720857,2.0389838681807064,0.6759375
GB00BSLNG492,0.7277123220442645,0.8172939271982559,-0.23007857727190126,0.5772669568266038,2.1565595208531247,0.864125
US7010941042,0.14598251465166048,0.14326100555220106,-0.07375799459252866,0.13756791299560278,0.3950541384696451,0.85975
SE0016833149,0.44824704637521146,0.9363956861834207,-0.48710115034353757,0.26384550597498463,1.9730424892757719,0.6779375
GG00BD59ZW98,0.78603132304322,0.6524040099763486,-0.048142773442008374,0.6827304852920565,1.965867409467496,0.9368125
US34959E1091,0.049622471500092184,0.11245148196092108,-0.12299282872445404,0.04374700849529946,0.24508784874395692,0.6673125
IT0005203424,0.29015239367463097,0.5035008463965163,-0.3394647480703635,0.20865603409908104,1.192106365875006,0.7103125
US5486611073,0.3210551122057663,0.13893060682048083,0.10561839496124203,0.31274331519534915,0.5609356268539858,0.9926875
US81762P1021,0.5610102531082666,0.15587601114159638,0.31935360567039,0.5536583399332895,0.8267625182198948,0.9998125
US92532F1003,0.37505700902726824,0.16775129970060468,0.11473719722123409,0.36640171922578413,0.6656150791561807,0.99225
US8552441094,0.15499266016871865,0.12716298990939545,-0.03855760022185344,0.1476430946409102,0.37059331962886255,0.9068125
CA29250N1050,0.09581541155450818,0.13589227005039248,-0.11304952424958206,0.08728902277439968,0.33122040655360063,0.7683125
US4432011082,0.20386086774805273,0.15641606970257657,-0.03423630880070108,0.19462678167011732,0.4754569369685735,0.921125
US02209S1033,0.06433038630622614,0.19357332791012227,-0.21613759410663483,0.04658219765353275,0.40697805865158165,0.6095
IE00BTN1Y115,0.2759118360294322,0.1584781399800443,0.03724021742081721,0.26695913673543464,0.5485117517545137,0.969625
US8334451098,0.23050363258854184,0.11438369191946707,0.047735582762740834,0.2263319817020532,0.42482149298972804,0.979875
IT0005253205,0.43102139168361786,0.45029495121419705,-0.17691797697791775,0.3686474026497015,1.2392611595049647,0.8568125
US0530151036,0.14770795802455985,0.17244193268249516,-0.10978161881784416,0.13336337099441012,0.44393204089989324,0.8188125
US8425871071,0.09125687887536241,0.1545828044753184,-0.13012851971726036,0.08170833425459355,0.34649092368223766,0.73725
US18915M1071,0.1819229459014084,0.13817574248447978,-0.027894829886227296,0.17288476524648877,0.4197897600407295,0.9225
US31188V1008,0.13525581200374556,0.23035065086985138,-0.1899862334116405,0.11169030001967631,0.5351678823682581,0.717875
IE00B4BNMY34,0.4527628205111578,0.19681247866663357,0.1486951390291404,0.44086313082618434,0.7901142478642931,0.993375
US74762E1029,0.16137654904031815,0.14351009442724305,-0.05953137725561192,0.1548472971165965,0.40475933532527086,0.8849375
IE00BK9ZQ967,0.14994075304576684,0.1495389380719824,-0.07724206246337673,0.14050274469502055,0.4083097609360243,0.855625
US00650F1093,0.26058897217412436,0.2925406425444592,-0.14897897075066405,0.2303159418653582,0.7609700084182217,0.8359375
DK0062266474,0.45699325118785666,0.6883138431772678,-0.33147126674262195,0.3293507487761387,1.6752870575155452,0.7641875
US00724F1012,0.3524342477318358,0.15593928365909251,0.11650732135516752,0.34410705065535624,0.6159824242216418,0.9923125
LU1778762911,0.414198000608172,0.1441799840947433,0.1913556694997081,0.40665681834513034,0.6592195083597318,0.9989375
US58155Q1031,0.20015353875324737,0.183014579704985,-0.07185823992296694,0.18486676511302275,0.5178045789143283,0.883125
US26441C2044,0.17273510690672292,0.15079005260752243,-0.05798642227709848,0.16417799016818102,0.433380788504259,0.891875
US35671D8570,0.23173666601685886,0.16749957002007204,-0.022287905291870892,0.22031522895168326,0.5195035903185137,0.933375
CA1363851017,0.11480505124085527,0.14547413352115945,-0.10358946082637935,0.10368469990304464,0.3705383187540207,0.7945
US58733R1023,0.4119212434026122,0.18288928781230596,0.1336166520975843,0.39905914124847414,0.7321970024544847,0.992625
US1264081035,0.14095348875562813,0.142490179730429,-0.07641506091875051,0.13398120976051436,0.38789897832128306,0.849625
US1273871087,0.37491704779549695,0.16047246657794217,0.1265678074163373,0.3643234958552918,0.6526208635811102,0.9945625
US88579Y1010,0.11086432604633183,0.16890505292715954,-0.13938943691193345,0.09895680182024927,0.4032333181922027,0.7521875
IE00BY7QL619,0.10647308738484734,0.15461271888680525,-0.12440568304652071,0.09622159433720512,0.37522417496411037,0.75875
US56585A1025,0.08314368912455089,0.17162794088574712,-0.15865733294423998,0.07048061792688844,0.3648965593619036,0.69575
US5719032022,0.10710389465698378,0.13442477670606678,-0.09757709568016587,0.09846818734754267,0.3400900500561188,0.7976875
US91913Y1001,0.06319005178995546,0.14940187737607905,-0.1606140159844359,0.05132623722339554,0.32285669013779383,0.657875
US4612021034,0.6383811008475655,0.22452369699271157,0.2982570770683064,0.6244773528935469,1.025427494364235,0.999125
US2310211063,0.14241074719366525,0.1686351995897987,-0.10711437584191116,0.13041689241119953,0.43459232695502764,0.81525
US6516391066,0.2903582381147019,0.1854373463823227,0.013796663056087852,0.2770122021620065,0.6125379206296486,0.9576875
US23804L1035,0.2002257957951735,0.11031318520336637,0.02846141162889863,0.19492300768561313,0.39066200436318993,0.97325
US21037T1097,0.40762557532600563,0.1879569290931756,0.1225833235514654,0.3964373541051067,0.7350551664415853,0.991875
US58507V1070,0.37449332136770863,0.16536833020215652,0.1240288938880161,0.36503024682037044,0.6620042538742789,0.9934375
DE0007667107,0.4411233774456836,0.33504003396651094,-0.03600417142933523,0.40496498090502364,1.0395667190692648,0.9341875
US9113121068,0.1472776096871902,0.1453707170552308,-0.06474250689847283,0.14114299021798069,0.3792545184844457,0.8706875
US61174X1090,0.08038917070503596,0.13586432029234757,-0.12766156115210117,0.07213203392354185,0.3131007323423237,0.727375
US94106L1098,0.2696817237082261,0.14769662267826494,0.04067681461157432,0.2621299946998864,0.5255307929875869,0.9731875
US2910111044,0.16807932940431836,0.13576287503344608,-0.04151013759764188,0.1603366540441028,0.39895555155362517,0.9094375
US0090661010,0.14272994728928928,0.11250465382629646,-0.030287221132401072,0.13658830802586608,0.33277777931560976,0.91275
PLLWBGD00016,-0.12195449777898387,0.5465236272303511,-0.6923005275361094,-0.24363688574853784,0.8364228436043865,0.2894375
NO0013573014,0.19886068148825328,0.4957068759697725,-0.3642773178756451,0.12691052602057823,0.9832119825434736,0.6471875
US9694571004,0.26735157007207627,0.17618651189230614,-0.0017233783183835815,0.2541702293719428,0.5768333334986065,0.9489375
US40412C1018,0.1758563437070352,0.1544503250850903,-0.061916594254748686,0.16518347527836275,0.4411983945618235,0.8870625
US4523081093,-0.01888992105097437,0.1554166872912561,-0.2475256795574289,-0.033407070025699634,0.2533220803925222,0.4100625
US7185461040,0.10124128550948203,0.1529695334868798,-0.13101199817337342,0.09192634617735593,0.3638962465019148,0.7530625
US2937921078,0.14065987657584808,0.1532740804516949,-0.08730484276491993,0.13166975673163367,0.3933426512268286,0.841
FR0000052680,0.2824828089945587,0.6175569943691929,-0.42343729485892095,0.16243021582386635,1.3389676615843447,0.6490625
US0367521038,0.20413753118592098,0.15352513255277264,-0.03138675106659943,0.19458747411697147,0.4665021613146038,0.9226875
CA13646K1084,0.22568279352392437,0.16440935460371314,-0.022159442285367394,0.21585630783259474,0.5058697843532415,0.9318125
US2788651006,0.20293666995938917,0.1530755891199334,-0.025541222786883967,0.19236653632432615,0.46874869367773453,0.925625
US6092071058,0.23435800868211062,0.1501834937802028,0.004589372633897018,0.2257015626694164,0.49482879151063686,0.9534375
US4385162056,0.46093033279670054,0.2013960424776549,0.15748371805847872,0.4488562796340271,0.8088914342251821,0.9945
US6668071029,0.2604180649549564,0.16862346350853885,0.004528984031632657,0.24933685271881467,0.5559170632784565,0.952625
US37045V1008,0.19827661829258122,0.15063807939876428,-0.029649011766028844,0.18813013376194748,0.45785857783548795,0.9226875
US6558441084,0.0656133022219522,0.1466376568644342,-0.1576832057554918,0.05686460821909955,0.3216535152076077,0.6658125
US26875P1012,0.1452358432551165,0.137578946967144,-0.05951762872128966,0.13752745682662298,0.37187843230918644,0.8774375
US75886F1075,0.30204854040464235,0.15274550135251885,0.06884132613516586,0.29317067793604856,0.5618723511174892,0.9839375
US1468691027,0.34538834958120396,0.1985013889544599,0.0504179356123124,0.3338146306809156,0.681596621511492,0.973875
GB0008976119,0.905453218762118,1.1665088722988404,-0.3289142665767393,0.6437004101710218,2.9887146964858475,0.830625
AN8068571086,0.21473660782329193,0.1395829303842654,0.003981478243001544,0.2062662995372339,0.4519811807955436,0.9526875
US1255231003,0.32594241294052984,0.16022904442897673,0.08170019884123779,0.31640234304967196,0.6000784466402987,0.9851875
US25809K1051,0.36648834816796894,0.13323317777430613,0.16082053820399964,0.36144696880024413,0.5975708943366664,0.997375
SE0010520106,0.6879854679917334,1.0454609764778064,-0.3941655811343423,0.4677228957497524,2.518225365844545,0.7768125
US8243481061,0.15988363321136517,0.14680289080305073,-0.06589008571289769,0.1515859931654772,0.41219522666939856,0.8773125
LR0008862868,0.23433495072597646,0.14528380744875177,0.01359500783395561,0.22611992051609578,0.4807068694012456,0.9593125
US1729081059,0.17352342583651006,0.17629007395933394,-0.08910208731497091,0.16134495677776473,0.4811967999816519,0.8505625
US7782961038,0.15657759890693163,0.1675077135629916,-0.09426262858175335,0.14413670614735996,0.4508135232722792,0.841
CA8672241079,0.16033291165747976,0.15288187360269315,-0.07056533619756361,0.15083362335486455,0.41898957941999604,0.8715625
CA0084741085,0.35163725624950937,0.26628924133049253,-0.03639945794379525,0.3281805933909655,0.8180343237653921,0.931
US67103H1077,0.371087265386313,0.16309532840723892,0.12474858903049478,0.3605142970763173,0.6559882130632083,0.9931875
US31428X1063,0.19556432414470584,0.15886147479803522,-0.043559520199143095,0.18606135051523917,0.4674383087221241,0.907375
US1941621039,0.1811873755925468,0.15541724606823,-0.050593474314172555,0.1707894406255844,0.44705995787913755,0.8981875
US6200763075,0.24079083874329513,0.21749602158554912,-0.07731879204947847,0.22065242788631967,0.6250655402068584,0.8888125
US9113631090,0.15860496070000857,0.15483704621017907,-0.07378224468350317,0.14813217278543594,0.42910207169549686,0.863
US81141R1005,0.5377643139215338,0.19890954733620486,0.2434311674809044,0.5226460864989104,0.8739975616354416,0.999
US87612E1064,0.04373908772757608,0.1089990185483362,-0.12237789352398849,0.037410944450024505,0.23089165782995735,0.652
US55024U1097,0.15959773214723566,0.153174597059553,-0.06879366141759091,0.14956792487916762,0.4224190135633147,0.8655
IE0001827041,0.33751740059742036,0.17731925456068617,0.06894661269860211,0.32678413892672653,0.6441770180560079,0.98075
CH0276534614,0.19344433501537905,0.2876202690665495,-0.20456754477684194,0.15945616522479042,0.7098921338319482,0.751375
CA06849F1080,0.2612960338390547,0.29051370304920116,-0.11185790651707338,0.2346791993571607,0.7212357100997341,0.860625
PLROBYG00321,1.039896368704642,0.8574151298548282,0.008286896646496848,0.8851250127859016,2.5825123825226766,0.95175
US6703461052,0.249213576254165,0.17926310102853407,-0.020105643190571374,0.23754052684388496,0.5593292773011681,0.936125
US1999081045,0.23217035906869626,0.2910388378712041,-0.16660441634730153,0.20305390592126318,0.7255149614028874,0.8071875
CA01626P1484,0.217712230137356,0.16880493766579574,-0.03486120618320885,0.20552752640517252,0.5114779778884527,0.9208125
US8936411003,0.29744924242990667,0.1826249779641648,0.027442417477018206,0.2844573738636301,0.6098539034752528,0.965
US43300A2033,0.12063474888075322,0.13505309757771974,-0.08582018763207988,0.11360755832568359,0.3539080940548977,0.8289375
US42824C1099,0.2244848684868188,0.1875512763047394,-0.05811945369774089,0.21001387620727174,0.547651297300314,0.9028125
US43849R1059,0.25426187703930475,0.22021662562212022,-0.07306482625049934,0.23631866171618332,0.6364865638843203,0.896125
CA87807B1076,0.12401599582951194,0.13622006116857424,-0.08515601635311447,0.11672744334647059,0.3589646317319438,0.8315
US0091581068,0.26317528394378864,0.16481712544595775,0.012728636261677641,0.25260583448578633,0.5481414616164213,0.9591875
US9344231041,0.11005993479985353,0.19445460416384092,-0.17218568467623876,0.09327409520484031,0.4503610248724686,0.71225
US8807701029,0.17998252815331608,0.19101957093450783,-0.10362637963555617,0.16555365078724213,0.5101018193257326,0.842875
IE000IVNQZ81,0.1811461671538828,0.16748311328406096,-0.06765252390385425,0.16784412217483816,0.4706306294821909,0.8810625
US6541061031,0.43186873107500934,0.1740770210903075,0.17234401491105678,0.4211550502949525,0.7264968659636145,0.9963125
US55336V1008,0.14142175564456,0.1877773811528533,-0.13488754505344225,0.12384862376895238,0.4703876381359754,0.78675
US3848021040,-0.0024471850481386634,0.15777838385491325,-0.2358748813705232,-0.013474233626685334,0.2679451418861778,0.4613125
US8716071076,0.49573170308181236,0.18399750415152327,0.21558904895805867,0.48472550795734104,0.8128722024002456,0.9981875
CA1363751027,0.1665221192471031,0.155634019187052,-0.06809534574491269,0.1558690372717889,0.43947887038021516,0.8735625
US29273V1008,0.32806792152227193,0.1675152923856009,0.07576477025464966,0.3175237838622489,0.6155005465922947,0.98275
US49456B1017,0.15317345810405386,0.1479055252644871,-0.06910307337377197,0.1430162639226,0.4100680752544058,0.8676875
US0937121079,0.1226059038379112,0.16094198659790632,-0.12019780284530335,0.11152728821358204,0.3987141309936307,0.7876875
FR0013357621,0.5848873043013623,0.47950595649618283,-0.06659929474889136,0.5214444567511457,1.4464912293508707,0.924125
US7607591002,0.31153116552158644,0.1598276494897597,0.07142478625264727,0.29972077622589394,0.5859535887479849,0.98475
US19247G1076,0.21265359221710692,0.16443809845288826,-0.03521394880458963,0.20046989661935047,0.5006497669680808,0.9185
US04626A1034,0.13404345587114927,0.16240283684397488,-0.10982651262122381,0.12086880695823832,0.4161191284144481,0.808375
US21873S1087,0.44876628718269135,0.2009258215707042,0.14778098519526814,0.4367852788737706,0.7923616599448039,0.993625
CA4530384086,-0.03248519806683809,0.14387873331158732,-0.24968541007989953,-0.04211581306782754,0.21912863372962743,0.3741875
NL0009538784,0.2727453330395095,0.15328743283439034,0.04249091776428733,0.2625829505683994,0.5407906786034171,0.975375
US25746U1097,0.010229111521353293,0.16865610212634194,-0.24056883210411018,-0.0026396689166796657,0.3022055823164484,0.4928125
US3453708600,0.1455567516035452,0.16026922873686236,-0.0964982585299565,0.13602257706719756,0.42545841804556866,0.8310625
US8168511090,0.21147084942834507,0.16549907900259908,-0.03959864575239569,0.20240539622457143,0.4945035964029459,0.9135625
US14448C1045,0.3375990012412234,0.17632321191488806,0.06844665948642807,0.32676137443993303,0.6429401910143518,0.981
US16411R2085,0.27947595617462767,0.16246484858996874,0.03149308599430216,0.2721160886459741,0.5581739674297961,0.9675625
US2855121099,0.08294996195468596,0.16599564944722733,-0.16236859125111602,0.07063968050759224,0.3748443897696061,0.683125
US22052L1044,0.21446084219513634,0.16125516549498473,-0.026094045308725965,0.20185741086097397,0.4907645704975789,0.92875
US15675D1037,0.34036586680511516,0.25419539698059396,-0.032907379492174885,0.3178911712339223,0.7877579534486244,0.931875
US7739031091,0.07824238184442892,0.13554878785666022,-0.12400681887575808,0.06902122091756802,0.3096408215817931,0.7193125
US05722G1004,0.1785062828675746,0.1532563476692466,-0.051527472002431025,0.16766695879190902,0.44455935822058723,0.896625
US49338L1035,0.176143235765773,0.2069571445063313,-0.1273410881231675,0.1577446584670021,0.5385154831828008,0.818875
US0311001004,0.14236887369489903,0.15711244653639747,-0.0943752052587238,0.13171496345711617,0.41331501506463486,0.831875
US4316361090,0.3500050103997777,0.30638955339883334,-0.08728109066842761,0.31969682981324477,0.8973861067538738,0.897875
US3119001044,0.03902133314774231,0.17337483349558788,-0.216714756461126,0.02550685263776199,0.34173052524278164,0.5651875
US6745991058,0.14960538253191286,0.1439506214773616,-0.06992334046068739,0.14063201697347777,0.39666943195572657,0.868125
US14149Y1082,0.1990666916746248,0.1847523675456857,-0.07833753911077701,0.18678680093177702,0.5190057442252778,0.8759375
US5024311095,0.3022196991531093,0.24082042166467046,-0.051060897897995325,0.2811762475962024,0.7211769173253642,0.9163125
CA9628791027,0.39437013852467023,0.3490862691122783,-0.09177925028671846,0.35444111608215,1.01353857867846,0.903
US9297401088,0.17752618834748457,0.19612794318514104,-0.11363958548340677,0.16190352487907012,0.5182016747144316,0.828875
US0527691069,0.46233991122731133,0.16503372121705287,0.20901599785449304,0.4527718077113345,0.7501225300551766,0.9986875
US31488V1070,0.15021391402182763,0.1602559531059957,-0.08548453272608636,0.13845990550772524,0.42346192135562444,0.8400625
CA21037X1006,0.5676163895820363,0.31074308968226255,0.13293402582084782,0.539154327916243,1.088149169501873,0.9875625
US92840M1027,0.5005319633450798,0.3010298197925404,0.12043848028534049,0.4765161133326468,0.942862091384939,0.986875
US8740541094,0.3917684174695713,0.15897538617414234,0.1472537343396187,0.3825336576212771,0.6612382388535281,0.9956875
US03073E1055,0.2895331478454637,0.22371104427443683,-0.04047124980524487,0.2722915101877834,0.6802282362416543,0.9226875
US1717793095,0.15717799875076036,0.1883239137076331,-0.11819320174617046,0.14011636285821408,0.4834902615415646,0.8101875
NL0009805522,0.2119090257406195,0.21892503154716073,-0.10860315636300592,0.19283016544821419,0.5929551655815068,0.8498125
US87612G1013,0.19643562288252495,0.15430175595649026,-0.038879260260522595,0.1863254628597426,0.46397680259600776,0.9145625
US6826801036,0.21806068887519348,0.15648775336453724,-0.02061325395963403,0.20794255722346777,0.488466063881366,0.9350625
US25278X1090,0.2792680812204006,0.14332245969658403,0.057394910027996564,0.27085652387299586,0.5288949545991275,0.9816875
CA5394811015,0.22440771333575474,0.23872866025964617,-0.1211960647091373,0.20182134712417782,0.6417693342890419,0.8431875
US29364G1031,0.17227429989358464,0.15383603937868814,-0.06184464158258949,0.16177633550088913,0.43847806208181195,0.88725
US25179M1036,0.3044959603947193,0.15635327900968632,0.06561058914585226,0.2943484868859839,0.5742611611689071,0.9818125
BMG93A5A1010,0.220787949861654,0.16370171268371447,-0.02598967651462078,0.2109277237894278,0.5020515429340818,0.9281875
CA8849038812,0.5417622213309745,0.345666289414505,0.06190179640879635,0.5057540120813115,1.141148981638391,0.9709375
US47215P1066,0.558203102075661,0.16772533603893822,0.3050710470399659,0.5474179228911791,0.8492750450990539,0.9994375
GB00BG12Y042,0.34152678677513604,0.37214327106815337,-0.16596415530612157,0.29072639497747615,1.020681613964744,0.8391875
US74743L1008,0.4038916416418599,0.295323967063077,-0.01588798073424831,0.3744596326510345,0.9245589915140966,0.9429375
CA3518581051,0.36142329130607154,0.3078498134207082,-0.07323798226649246,0.3279327690051502,0.9064390189438697,0.9101875
CA94106B1013,0.4139636822734911,0.17064490157218967,0.15722530302108467,0.4038144107939761,0.7106511450233218,0.9960625
GB0009292243,0.1633878993417983,0.19954102235376267,-0.13539767367113353,0.14838558392006496,0.5087311176269708,0.803625
US0533321024,0.4731618157966919,0.19113333796385495,0.18685177459853816,0.4603580281955369,0.8044110963565435,0.9958125
US05464C1018,0.33188495549920854,0.20384462569398692,0.030359968009850854,0.3158477409490138,0.6891111779005767,0.965
US2786421030,0.09287513838810631,0.13475822183452318,-0.10720169842389544,0.08460882722531102,0.3161869882376972,0.7664375
US0758871091,0.23568577496619883,0.20894593694293487,-0.07636851874926029,0.2198740872020561,0.5977010046139102,0.88675
US45168D1046,0.19165988981860546,0.19921970776135087,-0.10278923926867009,0.175970965464404,0.5360709932761412,0.8480625
US5950171042,0.2520772043028449,0.16358416622674266,0.003624485102605087,0.2424423355877896,0.5337790400705223,0.9526875
GRS518003009,0.09209017672809051,0.39041640354049806,-0.3941813352455961,0.027617401045301637,0.7860403263925823,0.5384375
CH1242303498,1.0521282471222762,0.5625998723776089,0.28264482907462046,0.9798551003218798,2.0606536972484473,0.9915
US4228061093,0.14832023731214422,0.15823519862655455,-0.09201292761124664,0.1386605824832737,0.41757189467531425,0.838375
CA15101Q2071,0.2747020277762651,0.3551034099058073,-0.2099500716630515,0.22910695249926907,0.9173673069885716,0.793375
US7043261079,0.12769824110581193,0.18635592739940243,-0.14653923682373315,0.11105808134536276,0.45303761397188325,0.753375
GB00BRXH2664,0.3330801073815278,0.3121300650958189,-0.11178519114032731,0.3003949803369165,0.889200195073806,0.8786875
US2091151041,0.006752662778745957,0.14495092971230214,-0.2122434469133915,-0.0038105991191697995,0.25697385083923213,0.4890625
US8718291078,0.14013453287240488,0.1765541454929898,-0.12775102551521494,0.1271470085786798,0.44985326854051033,0.7956875
US0394831020,0.0053895741712014986,0.1960930349981989,-0.28139166201877663,-0.01114250838388731,0.3501058085973823,0.4741875
US69331C1080,0.3400914010665546,0.2046425201882567,0.034821336610996886,0.324658731060401,0.6991283526322128,0.969
KYG254571055,0.32895031225353183,0.20048358303206512,0.029155243502886362,0.31408777890649464,0.6818077519308174,0.965625
LT0000115768,0.3262027318853145,0.47071590840233857,-0.26677987826670607,0.250132667729825,1.1827920520755724,0.7659375
US4448591028,0.05535920749737494,0.14201194671129425,-0.15885292933410425,0.04611040450201755,0.2985895645897407,0.6468125
US9100471096,0.252326168078358,0.16327849005868147,0.004435331192259499,0.24185448516313052,0.5372909535205784,0.952875
US98138H1014,0.40963895940524775,0.14812120724664538,0.18103474002447198,0.4016387956684845,0.665158445566333,0.9980625
US49271V1008,0.23096222132148622,0.18226496431525202,-0.03742700311262441,0.2163628214328186,0.5539495283974456,0.91425
US76155X1000,0.33285687121619817,0.18010442863400533,0.061351929826489134,0.31947027858832244,0.645043905619139,0.979125
US86384P1093,0.2513907318558996,0.28123673137069155,-0.14325476186111766,0.2209934640454499,0.740106213190168,0.835
US8962391004,0.5271225225494095,0.2939212826990477,0.09675521777212254,0.5042777601119157,1.0401015448337774,0.97925
US6323071042,0.37155584402979097,0.18797830132864182,0.08658363580709305,0.3590854002615992,0.6918512121101535,0.9853125
GB00B2QPKJ12,0.22277177125480854,0.2459132787969465,-0.1404748624620692,0.2003411695063451,0.6558172696165131,0.8318125
US0567521085,0.3788363772074372,0.17129455511206726,0.12178357261906318,0.36711458239969014,0.6690161670811889,0.993125
US76665T1025,0.7892856050101829,0.5671176621194123,0.04864021329859798,0.6999055541073972,1.8235904729435233,0.9625625
US46266C1053,0.2608873623482272,0.17711406061046575,-0.002197540031134021,0.2484984911824478,0.5677741255754398,0.9488125
AU000000EVT1,0.3757276590544352,0.3322482715859153,-0.09659514519199905,0.3388080623133357,0.9738289943643389,0.8958125
US4663131039,0.19992086552853722,0.23964302817057934,-0.15437895841885363,0.18050255821086728,0.6181675045361855,0.806875
US23331A1097,0.13229474180476933,0.20631340003537815,-0.16739169076258192,0.11499736130218936,0.4928921917413942,0.7398125
CA13321L1085,0.2843473750853381,0.1936263839697817,-0.006417163117761465,0.27131697331731813,0.6161198077463842,0.9456875
BMG2004J1036,0.2954551384355174,0.16208348571132314,0.05167981482828853,0.2849682754179037,0.5733007579319183,0.97725
US00846U1016,0.2292064443385337,0.16718638934469368,-0.022889611043057288,0.21829306426505396,0.5168921793158271,0.9323125
US9418481035,0.2077382562060796,0.14996693754133228,-0.015958705286004248,0.19856068244021452,0.46184204154196595,0.93675
US8581191009,0.21801662812287306,0.20259717084883475,-0.07845328758264573,0.20060055749106653,0.5748844246203094,0.876875
US5949724083,1.1874294187026222,0.8214409141832445,0.18838877285200167,1.065461721964538,2.549894394361187,0.980375
US30212P3038,0.1013981169176129,0.1148827672176421,-0.07597975703451776,0.09598781481588564,0.2954464411456832,0.8229375
US64110D1046,0.12390607290820015,0.16756668148137033,-0.1274064074792285,0.11142589993476915,0.4170973717120422,0.7794375
CA25675T1075,0.24732156227785293,0.18958041704310175,-0.03891386106636744,0.23264371242612236,0.5865444725633461,0.9216875
US07725L1026,0.42914228228518403,0.17015623311154032,0.16605596767434877,0.42009726143453885,0.725031820373657,0.9968125
US90353W1036,0.22300747506879706,0.9454302810431277,-0.5186702522560231,0.07351353098691073,1.4165554442117811,0.560875
US7445731067,0.20926497521150986,0.16556125836677,-0.04054791945251125,0.1984276095065521,0.49378994828291306,0.915375
US49177J1025,0.10504578026994954,0.1899047474763459,-0.17087041133848818,0.09086211529218685,0.4366492092143628,0.7084375
US4491091074,0.6357348151682117,1.038413570992838,-0.43929006099156837,0.3964354487990971,2.504533668743462,0.7425
US86366E1064,0.6520044248567956,0.3429413525875246,0.17085096909026784,0.6142686402981802,1.256261107703697,0.9891875
US4943681035,0.18473048314933227,0.1914256777805117,-0.10045733402809505,0.17127203523299345,0.5200132263768797,0.8488125
US9291601097,0.1888333428121374,0.15640910874235342,-0.045873941524551744,0.1779720792044549,0.4592805036953617,0.9053125
US5010441013,0.2676731484734022,0.17252709358903062,0.012364792405041057,0.25560196872428503,0.5559376651787536,0.9585625
US87256C1018,0.3560500158493286,0.18934180362326145,0.07500897269094027,0.3405133202259471,0.6846053817455942,0.9811875
CA76131D1033,0.24435061240413272,0.14860894817400785,0.016439490348549614,0.23759053640469685,0.5024595647262433,0.962125
US5732841060,0.21147586375031888,0.1579654990886576,-0.03181958677580301,0.20279226345697376,0.4830850901316568,0.92475
US8669661048,0.20961297270581866,0.2032995925745094,-0.08428459317268147,0.19250487954191228,0.5603601372407825,0.87025
CA25703L1004,0.19302543365660835,0.26170818606014823,-0.1813634575605655,0.16491976664017227,0.6523142596882542,0.7745625
CH0017875789,0.16161641899291707,0.597753986538879,-0.4632291984645509,0.06805015813682014,1.0747632908581286,0.56575
US15135B1017,0.11528563205384797,0.16014780809489787,-0.12565772795335925,0.10281420690125417,0.39287925469947327,0.775875
US5007541064,0.042859927755219726,0.1601272507902451,-0.19764610759914142,0.029937778439153535,0.3210676022640085,0.583125
US5184391044,0.11563227874374081,0.13593380718003248,-0.09322339418882762,0.10690917260120408,0.3538930547259819,0.8145
US6821891057,0.130903603608693,0.1516156027703209,-0.09728779974431397,0.11944970412981262,0.39365040846690985,0.8205625
US5786051079,0.2971430319310253,0.3742735699248751,-0.21024313920229176,0.2458781192946516,0.9717029866412213,0.800625
US9224751084,0.37721369561287343,0.17314577993740882,0.10994180678330609,0.3679522635567286,0.6770032320872624,0.9901875
GB00BMVP7Y09,0.2336123076825276,0.25527543886201415,-0.13214205836325102,0.20834398511836327,0.6780520308031991,0.8353125
US26884L1098,0.37920592657800123,0.16710996804304448,0.12438894082541295,0.3682394853877242,0.6628679132136188,0.99375
CA67077M1086,0.21504975455232864,0.30254754288051144,-0.2017337698883338,0.18128669120115815,0.7476217460176815,0.7718125
US7611521078,0.2906125386701906,0.21328541451014207,-0.02555434582169829,0.27467721415087165,0.6628544006623684,0.9339375
US98978V1035,0.6008711001429518,0.29297924435798145,0.1766855736809672,0.5743193759904014,1.1084990934354946,0.9919375
CA8787422044,0.12217674632366558,0.17238973330041057,-0.13406357797293586,0.10934394768487674,0.4213539160423699,0.76675
US8760301072,0.16735759658489774,0.16591730491908233,-0.08331416128341153,0.15548095940174647,0.45269187961774987,0.859125
US1475281036,0.18105459277921862,0.1598646187496107,-0.060002376154863354,0.17067754198022217,0.45488849549127625,0.8880625
US09062X1037,0.286111904526407,0.13980187468475772,0.06785960332538499,0.279882800569731,0.5284307016797486,0.98525
FR0000127771,0.6001412229567404,0.3886377652113395,0.07219396826215678,0.5569146740749883,1.2737241783455446,0.97125
US98980L1017,0.21488716113477555,0.143780881356566,-0.008211017930248896,0.207077510678756,0.4632203278696268,0.9421875
US02043Q1076,0.7064018851946375,0.25519722527995425,0.32357831017217664,0.6878109915085913,1.1440428889648813,0.998625
FR0000051070,0.22137320511047118,0.42275449388384984,-0.32155524201772046,0.15858938468087191,0.986071525612496,0.683625
US1442851036,0.2229738259120532,0.24780332750089112,-0.13768471782828706,0.20084101976091012,0.6656967521053774,0.831875
US16411Q1013,-0.02277679413962961,0.16387052646227465,-0.26442299367083255,-0.03570950118014567,0.26611636979582726,0.4064375
US92333F1012,0.3816045580405251,0.2018293092004914,0.08009699105324042,0.36633683085637225,0.73831111930355,0.981625
GRS337003008,0.5302347021559558,1.6745361442619464,-0.44171311630293897,0.3050770068526311,2.142012437223403,0.7071875
US23284F1057,0.9523015462325111,0.7875596669573961,0.007132461046595557,0.819951939209137,2.335592642605304,0.9519375
US3847471014,0.29021629180196157,0.2895584968180265,-0.1100257577887424,0.2580384599004427,0.7925389360613843,0.8685
US36266G1076,0.31737069005519697,0.19867469785928432,0.03482462799290402,0.30597432246181705,0.6400874117068919,0.9665625
US68237F1084,0.28871390728997404,0.36398532807461287,-0.2109779446664014,0.24606786325196733,0.9283233943188844,0.79825
US60937P1066,0.3291549105229037,0.13743175587089218,0.11485928443760467,0.32287441148427093,0.5605379040916069,0.99325
US22266T1097,0.5274100669500627,0.24242568714896925,0.16805139199046873,0.5079971132966363,0.9466481858380225,0.9928125
US90138F1021,0.21140804572577815,0.14440638646370604,-0.007413792539648859,0.20239647724428103,0.45812047257951083,0.94375
US9699041011,0.07933501012995109,0.1449802220441386,-0.1390362094663872,0.06853935450337409,0.33161021203273855,0.706625
US87151X1019,0.4040900255322412,0.25238874391877075,0.0362247504530639,0.38125512931283456,0.8440667147916967,0.965375
CA7063271034,0.14105412506637782,0.15456602703576278,-0.09298413208307338,0.13005903669552873,0.4061750074306369,0.8371875
US2315611010,0.1974752852758765,0.28330773935544795,-0.2030160977381475,0.16449731011854796,0.7042345021568526,0.7625
US3379321074,0.10848333342561299,0.17672776102591498,-0.15028205522694815,0.09369872191923598,0.42119386473497905,0.72825
KYG8972T1067,0.2575229594275825,0.3215486781534011,-0.19198286527838054,0.2178646717975097,0.8336240779638762,0.7999375
US15189T1079,0.13697658131259685,0.16944951057879024,-0.11604343909909143,0.12286024393267556,0.4328609675226776,0.8026875
US88262P1021,0.33670138055201554,0.9234708003387072,-0.551709990830752,0.13102193681594687,1.8736063196439192,0.5948125
US00217D1000,0.1440746042897502,1.886761675352095,-0.21857763134417071,0.0982827074486203,0.5349429571076394,0.6868125
DE000A12UPJ7,0.08539178434718454,0.6677062179349167,-0.6076768762057609,-0.060885232514392165,1.2711594132191901,0.4465625
PLATAL000046,0.3319682504795268,0.38764062203522004,-0.1891611685569168,0.280031513974135,1.018499123564557,0.824875
US75734B1008,0.4087292414245337,0.1694714661708105,0.1500205466882594,0.3974868414074968,0.6981523792497055,0.995125
US5178341070,0.294177393026064,0.18205019183907384,0.01902069209092238,0.28100664844360995,0.6111593723904076,0.9609375
US89677Q1076,0.5066619142163414,0.17853033197460813,0.23583976483105615,0.49616495231212276,0.8081501893667979,0.99825
US6988841036,0.9011407767416216,0.5568085571499715,0.15705635367819115,0.8250283289300203,1.905550758835949,0.9779375
US2333311072,0.18861071325244505,0.17704830804481855,-0.07571843003001849,0.17808609315851057,0.49315179953336924,0.8728125
US0495601058,0.07859187874757151,0.18430381875913127,-0.19178064793651395,0.06219907318199549,0.3981575927701023,0.6516875
KYG393871085,0.19422534732803787,0.18240378442102106,-0.08300061308900358,0.18218551023820845,0.5098941745475364,0.871625
CA4969024047,0.390170322617775,0.322366375937749,-0.07013865316828152,0.3558523480373764,0.9633379078542663,0.913875
US2566771059,0.12020623597065062,0.1558178219510478,-0.08343267897186926,0.11431476817803403,0.3393107372887825,0.8340625
GB00BDSFG982,0.11701076158653086,0.15541313755029054,-0.11624590213788494,0.10608094061870604,0.3859546108374484,0.7835625
US30040W1080,0.07381307891839864,0.1800200093067536,-0.19423111248851835,0.05895061052601727,0.386478807032152,0.651125
US92343E1029,0.26325810207515166,0.34638241515883933,-0.2011865619480898,0.21869984756994568,0.8670779971613429,0.79125
US4062161017,0.22968757589334868,0.1531869690693436,-0.001286781060556285,0.2208721930491518,0.49370514272252014,0.9490625
US98419M1009,0.26913200675710314,0.18924315070809603,-0.013959563727440928,0.25540502685115696,0.5974377049807239,0.9404375
US68902V1070,0.28635869545010745,0.22925029978526473,-0.050462372736363906,0.26709483812586815,0.6849124892398843,0.9165625
US0494681010,0.7845019219005801,0.30323812954119617,0.3380555499016264,0.7568468869387437,1.3163539411270737,0.997875
US74624M1027,0.2798427450610509,0.17668836349720846,0.012785340348927773,0.2679681267534407,0.584277948003954,0.95775
CA9611485090,0.20067899487766458,0.30018161220608247,-0.2080105163628047,0.16859242586999046,0.7216670234271461,0.7601875
US01741R1023,0.26935053415128346,0.25709031783252695,-0.09813685792906472,0.24410325696283558,0.7277880111159432,0.8790625
DE0006464506,0.5602084540740394,0.5662419051974925,-0.14208359313959557,0.47277297481504155,1.5653254139047814,0.886125
US2172041061,0.4654747620194876,0.3197255405165545,0.011372617430655894,0.43171069813735163,1.0233290261792447,0.9548125
US2810201077,0.07183516822194856,0.17209012677373822,-0.1868422450532087,0.05990044631110042,0.37103123450777775,0.6515625
US0304201033,0.10509288170993983,0.19519673761971867,-0.17965324640299024,0.08942085476850788,0.45041513116076803,0.700875
US2787681061,0.49898996451639505,0.3797515335513659,-0.033506734836558694,0.45364315552616796,1.1844321996450695,0.93725
GB00BDHXPG30,0.6404120541175353,0.40776857815334877,0.06744299521098145,0.5987440187993993,1.3656426031247473,0.9709375
US7710491033,0.7016197586983856,0.22358831488878295,0.36727726241648717,0.6856996314395388,1.0900496100342572,0.9995625
GB00BVYVFW23,0.2851317236534563,0.19907756314436958,-0.006211709427673434,0.26943001889827684,0.627799694259745,0.945125
US3364331070,0.15471549842590687,0.1384796292197121,-0.05435453684851043,0.14575794593841096,0.39766091236065937,0.88625
US6935061076,0.16291722589148816,0.15045901085071664,-0.06800543361744131,0.15470783072364724,0.4191397029092874,0.87925
GB00BD0NVK62,0.49706030829522546,0.33180555523397437,0.025618521898637888,0.460783531850529,1.0853422151015677,0.9595625
IE00028FXN24,0.3372521941892746,0.20588114668112292,0.029198103731891908,0.32080481862084276,0.6953617336326959,0.965875
US8308301055,0.21237721783749644,0.3026723877647545,-0.20166633801248277,0.17540812340325412,0.7401453185211332,0.7646875
CA3359341052,0.27356893341300137,0.16701803247072083,0.02457978506875271,0.2632122227192355,0.561460744941598,0.9654375
IL0010823792,0.1944505068558576,0.301132079225364,-0.22203765137771592,0.15874366443763804,0.7201013051219215,0.750125
US69351T1060,0.2667696539821608,0.1908204743138413,-0.024049482193224312,0.2548550365084835,0.5935377120698287,0.934375
SE0012116390,0.758915234188686,1.095911961506421,-0.36510054902876776,0.5216790045080518,2.63845210121856,0.8005
US29390K1025,0.31993103081280094,0.5554133673176791,-0.3624478470801023,0.2190881704759287,1.3231318384996205,0.70775
US40434L1052,0.07334324898207217,0.16419456556325407,-0.16716170114445453,0.06044617339732471,0.35045259849127686,0.6650625
IE00BDVJJQ56,0.235025796797032,0.19511338035996917,-0.05882128083382534,0.21936010032196634,0.5800801888876922,0.90525
US4456581077,0.11880288784999246,0.1480579883150199,-0.10433226298125804,0.10887828009864495,0.3775038547169126,0.801
US6792951054,0.2069184850427369,0.11520832665705331,0.029432558491149362,0.20139953947985723,0.404242933378517,0.9719375
IT0005599938,0.3596620604005719,0.2857268593966603,-0.04771795364631579,0.3326774834874403,0.8546171187173998,0.923625
US1924461023,0.3653965540562308,0.17700830320122504,0.09832688036979284,0.35546713676734243,0.6630379792879753,0.9868125
US92345Y1064,0.38877036130002773,0.20099387679765898,0.08324115519686702,0.37466920163686646,0.7324530080899596,0.984
BMG762791017,0.37359393824449144,0.24237333082688858,0.01976184799265676,0.3525286045764322,0.8010005338976892,0.9589375
US45337C1027,0.17895121787630042,0.15252732364133936,-0.05019172543863829,0.16888659471765224,0.4342547854179419,0.8970625
US1713401024,0.11543261218584361,0.15283602220542647,-0.1155266332142175,0.10514485281753183,0.37977082054172684,0.782375
US4435106079,0.18166695765352658,0.2428058908006372,-0.13894766641706174,0.16185728335331068,0.5658648392740862,0.80525
RO249YW1FZP5,0.5005228529026813,0.9182450458042731,-0.46714738284491225,0.2968557916073449,2.1194723735515586,0.6981875
US98980G1022,0.5976213182178817,0.15224886538252627,0.36034721974963524,0.5909345048343211,0.8609230092496836,0.9999375
ES0105027009,-0.050041693937026975,0.16987319667037917,-0.29218406167547656,-0.06615349532831857,0.2440202505608358,0.3383125
CA0977518616,0.12125523531908956,0.18909486130447048,-0.15631501148831137,0.10707175623255027,0.45283403921927956,0.7429375
SG9999003735,0.2242962042142199,0.3207573576899078,-0.21299472707061184,0.18512924501692324,0.7916845617629256,0.7603125
FR0013341781,0.6179107380056656,2.685094995496916,-0.549785392067338,0.3001994407110513,2.667849394987861,0.667625
PLERBUD00012,0.46566181149150904,0.8882182345827383,-0.4780130735157154,0.2744866310856653,2.057857166269962,0.6851875
US2567461080,0.08732594524556944,0.1370830241906894,-0.12174325861582021,0.07956275568523363,0.32306138132842543,0.74475
US15102K1007,0.6498961910574749,0.300702560248406,0.21107753636678486,0.6252976915810107,1.1761164873592422,0.993875
US7811541090,0.5344159265920605,0.17169415162900126,0.2727504209193148,0.5247049146539687,0.8302533853341558,0.9994375
CA4488112083,0.05030522350838167,0.16247891279495755,-0.19296814053440117,0.03797570298995852,0.3299776020107617,0.6051875
US04339D1054,0.4135867878401281,0.26941501233848875,0.03263734486833512,0.38647887106267537,0.890911959912123,0.9636875
US3021301094,-0.0023345733371658043,0.17037438917778241,-0.25529039054803787,-0.016615302764109184,0.29554589974342355,0.459375
US92338C1036,0.23905011157986586,0.18102856649338905,-0.025475445825417564,0.22362754390425424,0.5529033548083573,0.9305625
SE0016799068,0.2678937569173884,0.7832389259998062,-0.5607813415242342,0.09391641500620193,1.6567929842411704,0.57325
US2371941053,0.2538278288300551,0.15310675348631045,0.02254735667006198,0.24518982541741752,0.5152203633816715,0.9639375
US09075V1026,0.5243295574508526,0.22357295684891318,0.19153227046257093,0.5079726516913038,0.9176974752579927,0.9953125
IE00BFY8C754,0.29693599127442794,0.2755692999045671,-0.09204394750582855,0.26916247391117853,0.7768588516478179,0.8835625
US2546041011,0.6974309921044693,0.3279922099028286,0.2266349775725091,0.6669853029769149,1.2757101793179295,0.9925
US6293775085,0.48523171000182547,0.25595063196229345,0.11000847677844854,0.4619618060056026,0.9295386934305115,0.9845625
US7458671010,0.155332306765782,0.20224539304460953,-0.1405128699261851,0.13808317610443638,0.5040224687439036,0.7860625
KYG8068L1086,0.2686124788171643,0.2274935696356356,-0.06922902312574902,0.2521575505196051,0.6667657460292864,0.904
DK0060615755,0.3525770547657848,0.19991526148846164,0.05947490544598916,0.3374164025371372,0.6939901360055132,0.976375
US9011091082,0.3296727090101757,0.42785524395476493,-0.2224540353111605,0.2666355071096602,1.0842192263866641,0.7980625
US3156161024,0.04522686173584332,0.20929445601995222,-0.2564862092718062,0.02500127221567281,0.4148755227211123,0.555875
US90384S3031,0.22000321168293693,0.15650440476551195,-0.015468429630972638,0.2094991338849263,0.4914824176342599,0.9379375
GB0000961622,0.17410329495707264,0.2266370703294226,-0.15566925670227164,0.15281105707410364,0.5741317819736803,0.787875
CA5503721063,0.22189203079430722,0.15076916226763115,-0.010342356131467102,0.21408890517334653,0.48333440313203296,0.9420625
US5657881067,0.7487391641594211,0.4805425464707566,0.10182858907051683,0.6906298600402734,1.5884409001640831,0.9759375
US1912411089,0.17751505575454082,0.1929140768838376,-0.10967567680216657,0.16205705475628673,0.5155006490819751,0.8335
BMG162581083,0.20410680907296921,0.4212998088129094,-0.3399941430599258,0.13911115937987023,0.9608828779065192,0.660375
US79589L1061,0.40628126697769473,0.1939570088259257,0.12276745526791619,0.39141161042936284,0.7439543298119804,0.990375
US71742Q1067,0.1724730095650453,0.36016134678233486,-0.29976961567632177,0.12007331939410186,0.8167783208991051,0.66075
US5312297550,0.4026040766560205,0.21125540251736813,0.09037494423929854,0.38673795651020393,0.7738649750858415,0.983
IT0005717696,0.8906221583786565,0.35412272475572326,0.38816262486065783,0.858611082924615,1.5051812672476865,0.9989375
US8447411088,0.04876209386460603,0.14097256890629686,-0.16508381342513812,0.03872945137923293,0.2957319760999756,0.6190625
US04956D1072,0.2134802277306797,0.3320438105586677,-0.24725729615258238,0.1742529194992098,0.8114522308679735,0.7410625
CA8119271028,0.8229337255642424,1.1364300566196617,-0.35084993043651846,0.5624542419883465,2.8204146415871563,0.8143125
US35137L1052,0.20454083776491097,0.19002655794748213,-0.08208292552334333,0.19102929906100452,0.5315884554872902,0.8775625
US1220171060,0.1944741116804803,0.18517677476497152,-0.07769445681438888,0.17807091425141738,0.5168584484656575,0.8745625
US76954A1034,0.1881099282114792,0.15723825265016322,-0.0533605327941822,0.17725582436147946,0.46011340205554085,0.899375
FI4000348909,0.1260317723086859,0.7113671682957062,-0.5956805807471183,-0.036312447029544406,1.3575690794572897,0.4705
CH0008702190,0.46959324595680907,0.2895616330480986,0.04818337437866661,0.44417280490458344,0.9690443046121195,0.9681875
US3032501047,0.4954876185673592,0.23621575950663315,0.137709040522139,0.4765633486171037,0.9107231855571378,0.990625
US1258961002,0.1650275814255607,0.1924912875666699,-0.11743110496311358,0.15154541572881727,0.5025585704980584,0.8203125
US29362U1043,0.13298132254333572,0.2128371948866997,-0.17466135237259897,0.11120926415377294,0.513916025885061,0.7324375
US9807451037,0.23224724072630762,0.22238022616092532,-0.09243177601689434,0.21278459592951696,0.6260716404117355,0.8718125
US8330341012,0.04755286505388944,0.21567487883230463,-0.2607498290655635,0.026994770836270714,0.4308659514687752,0.5571875
US1651677353,0.40355456101173237,0.182891348715119,0.12454163718243469,0.39186406186149725,0.7177005812488737,0.9928125
US87162W1009,0.20920301964297858,0.21702874791333718,-0.111595938540595,0.19111232165113756,0.5941114552921496,0.8493125
KYG0260P1028,0.49147101511807656,0.2022561818730232,0.18769077399144912,0.47726361403190976,0.84484255140964,0.9959375
US80401C1009,0.7687272504378393,0.649272134639439,-0.049912398782355885,0.6691790519973861,1.9248220312834177,0.9333125
US9229671048,0.4484610996122898,0.37674109118174925,-0.07340945096933706,0.40587233977502923,1.1181037613629876,0.9130625
US6951561090,0.1003993737508992,0.21822780794325808,-0.2130686674162706,0.07746363313735358,0.4852166307764597,0.668
US7512121010,0.24292266356947212,0.1884592010611409,-0.03624388162916703,0.22926694929173264,0.5728233092709724,0.922625
US21036P1084,0.326807033149395,0.17676925184072065,0.05746949694073838,0.3149656789815852,0.6309535733698243,0.9774375
US4601461035,0.3383435985742101,0.26416104323770384,-0.030121177058800633,0.3157176571720139,0.7760489457422235,0.9345
US9120081099,0.21128969790520447,0.1920014494285542,-0.07308953179088928,0.19729580221974874,0.5421278656055906,0.885125
JE00BV7DQ550,0.17534888180828237,0.21632012554154992,-0.13809889587322063,0.1580112802491159,0.5544905838125551,0.7991875
US55306N1046,0.18860508083643088,0.2285292460216656,-0.1402708904759116,0.16768585092199048,0.590398799330052,0.8096875
US04302A1043,0.3929155920766052,0.3635537027216423,-0.1081834876899105,0.34974750045534514,1.0385241040018165,0.8875
IT0005543613,0.6630366550583661,0.695129802047377,-0.18580424532209341,0.5493055657689321,1.9103441675983766,0.87625
US40131M1099,0.22064302913934683,0.15825044276246994,-0.02067842549192774,0.21168879474396146,0.49595354971906475,0.9328125
US3168411052,0.2541272698646752,0.25524364468742694,-0.1120654987279252,0.2293479675942922,0.7071859858738838,0.8559375
US57667L1070,0.15586582102475097,0.17501976473225245,-0.10364231709984861,0.14188793912758113,0.46005452123063045,0.8258125
US5260571048,0.12236302253009616,0.19281595066164278,-0.16182219176670165,0.1073923639079094,0.45874157274507193,0.74075
US6819191064,0.3200599634909006,0.25013359843823135,-0.035090041416387656,0.29546140526635933,0.7619357603681028,0.927625
US91307C1027,0.3073893465545779,0.22577844215590273,-0.026989018839369435,0.2875986030050185,0.7060940911020976,0.93425
US2605571031,0.1414602076221483,0.1801146850548279,-0.11584298059847337,0.12580892179577755,0.44761658587806674,0.799
US77543R1023,0.13738431301610293,0.14591212714694002,-0.08931606849998475,0.12966771931295495,0.3866610987694664,0.843625
US98422E1038,0.3417108584575205,0.3896146175125099,-0.18883345618558245,0.29022973821598574,1.0362106950714072,0.8275
US65473P1057,0.21516119147842044,0.18072256856417154,-0.052508419493815434,0.20233476854221386,0.5232306753496192,0.9
US3143521058,0.311106788277554,0.24467634916839281,-0.03755666820999483,0.28693788638397644,0.7378480762998936,0.9275625
US7595091023,0.09120931425552553,0.21422676361916865,-0.22108482575325084,0.07321577254415823,0.47203209759230713,0.6545
US55405Y1001,0.23112824787676703,0.2170464037354128,-0.08775877763746272,0.21269673056262328,0.6142333663613998,0.875625
CA03062D8035,0.49332731851441985,0.4165597738562495,-0.07439628325219894,0.4423728750068141,1.2340065801254043,0.917125
US45258H1068,0.611832800555228,0.44167008979554195,0.0039859536541500575,0.5594251875120483,1.3931499626244481,0.9514375
US4595061015,0.2581247701399382,0.1731806107024703,-0.005749637522029143,0.24953588455546255,0.5559043886318763,0.9455625
US9024941034,0.15253777901760435,0.2192004991142512,-0.16226296649331257,0.13088911551078536,0.5399715281219529,0.7653125
CA05534B7604,0.24887146966313772,0.18511001394618118,-0.0170351959123251,0.23399481064233785,0.5603633582945429,0.934375
NL00150745D9,0.2956629562500219,0.28171746096202815,-0.09333604635728937,0.26608743258185485,0.7817082749935832,0.8846875
US12514G1085,0.3067915582636748,0.2674963032679147,-0.07445296565393211,0.27916605572934355,0.7783387703430755,0.9011875
US8336351056,0.13947350529336336,0.1837865377520891,-0.1316903345861498,0.1240427300513385,0.46007523795011673,0.783875
KYG3323L1005,0.3229072052678783,0.28608319887266964,-0.06902809488004065,0.2941532153433522,0.8058475394119997,0.904
SE0017134125,0.4445442594267921,1.8044766659447635,-0.4902325046351622,0.22728480162262654,2.023800695126016,0.659
US98956P1021,0.17562382134580473,0.1561913925495849,-0.059887162666167344,0.1646030641335322,0.4530718239680301,0.8848125
CA7751092007,0.2969221186306915,0.1931731227503523,0.010048373223292174,0.2808782617778212,0.6327774513500203,0.9571875
US45073V1089,0.20862982349907766,0.20155997325182295,-0.09376424751618859,0.19208229479254885,0.5640122497571757,0.8671875
US3724601055,0.17117727619090542,0.2581672410888392,-0.19451776631396445,0.14595481330526228,0.6256068144672448,0.747375
US92556V1061,0.156003887674336,0.26786615466300356,-0.22270034680293307,0.12523896937901347,0.633979393719199,0.7159375
US86800U3023,0.38630674213765565,0.2505941039745256,0.01982893098407269,0.36268272837633153,0.823960660128534,0.9588125
NL0009434992,0.15490544113660235,0.1789917224032122,-0.11614963752449838,0.14274303132827448,0.4639894528918369,0.8160625
US5184151042,0.18541352992949728,0.21360057420449574,-0.13416831330429282,0.16766038240078693,0.5588033145302855,0.8218125
IT0001469383,0.42537490408051176,0.452750906001906,-0.1724130047391955,0.35630725816550013,1.2421293248008753,0.8576875
US3703341046,0.20322403854587695,0.17957971789094454,-0.06293976706891798,0.19103393835061133,0.5096698005798522,0.8924375
US26614N2018,0.5277187800673657,0.23178765490761485,0.18477758530277702,0.5114134822642947,0.9264486376768176,0.995125
US78467J1007,0.3594650658797879,0.2774391650717601,-0.040606046219025985,0.3343735319656769,0.840665045062907,0.9270625
CA6979001089,0.4316681199317152,0.5865108985009442,-0.27324610033285734,0.3346227975560494,1.442578436890563,0.7915
BMG162521014,0.2342424138361816,0.2293370006314383,-0.0964407713158087,0.21262770319326066,0.6387874984022007,0.8689375
US9586691035,0.05847660753363782,0.18837030960546622,-0.2087383540071211,0.04454768100213697,0.3709216951660541,0.6066875
US34959J1088,0.06897980672254019,0.17893557886448122,-0.19586918800120814,0.05629767149673357,0.3752350914700337,0.6350625
IE00BWT6H894,0.6468699591264516,0.24637819202597525,0.2763953680847441,0.6275314321482528,1.080278432395311,0.9984375
GB00B1L5QH97,0.5367616177763194,0.49192976734819804,-0.11957252367679026,0.46864700305761675,1.411154375610853,0.897125
US00971T1016,0.22984411152935827,0.16965427933433294,-0.023203798195110596,0.2163285757812033,0.5248099065611769,0.9321875
US71377A1034,0.22451500824188964,0.211721670431059,-0.08614962035397498,0.20523835954876163,0.5936922718109265,0.87625
US6556631025,0.12036349210848886,0.2573268071120251,-0.23493367779775481,0.09225334959766376,0.571332841935722,0.66475
US71424F1057,0.2923698405966731,0.17648291711247896,0.028942237160906686,0.278711273153908,0.5973078692418521,0.9663125
US64125C1099,0.36482498139449865,0.15408820663544914,0.12706315600465706,0.3584210025135942,0.6269173223777653,0.993375
FR0000036675,0.8209480070190206,1.155660540526434,-0.35502126413433244,0.5518970652981454,2.8350037068200096,0.8115
SE0010468918,0.40413222189529485,0.5110312485151468,-0.2470237051632893,0.32738965369754724,1.294540219074858,0.8081875
US69047Q1022,0.24144525697286065,0.16138447524783586,-0.0008995462841164634,0.2317666009802663,0.5225297362727839,0.949375
US95082P1057,0.21763553645350586,0.22440725278538862,-0.11079511816502279,0.19736557607377322,0.6113866198892353,0.8501875
US7757111049,0.30731165629102913,0.20777548420330297,-0.0008187089410195249,0.29325344998042957,0.6703357391450667,0.949125
US1252691001,0.012746355802044125,0.1509799476904608,-0.21381663038500714,0.00100023365435719,0.28116338221261483,0.502625
US12541W2098,0.19593448474259137,0.16186091913906198,-0.053814565413393044,0.18710751497527267,0.4742519783920751,0.9015
US2533931026,0.2378302043379915,0.1678592509609448,-0.015153533302394441,0.22727740351311176,0.5281707706190022,0.9404375
CA92938W2022,0.5486575384109851,0.2761544628950396,0.14446133472225342,0.5232812522949272,1.0469673709454466,0.98825
US8923561067,0.43146596243148694,0.16616801911630905,0.17769441569393937,0.42096980930443734,0.7190401921283642,0.9968125
US0584981064,0.1994574107008931,0.1893320536705198,-0.0789708464736479,0.18271365478611457,0.5302864610429001,0.873
US6687711084,0.29108446292157875,0.27841439605215407,-0.10644946162582525,0.2615488290341291,0.7810269047342887,0.8763125
US62944T1051,0.19455159533194624,0.3308261682557578,-0.25510295409809164,0.1549561880589132,0.7825489384642628,0.716125
US1921085049,0.33565725602816177,0.2976408954730234,-0.0861492059501399,0.3030814525590552,0.868611348512443,0.898
US8592411016,0.3031137238490226,0.31591476778137006,-0.1327741451471679,0.26770698192905973,0.8585797093863355,0.8568125
US4576693075,0.582142945773782,0.23144252910429056,0.23015251144477342,0.5681986761353166,0.9847429386692452,0.9980625
BE0974386188,0.8770652152069351,1.6741097105534017,-0.19694451594030238,0.6717631430571886,2.542133431025215,0.882
US2944291051,0.4421467014371011,0.1894359534631807,0.15453503464170093,0.42787299785799077,0.7765690772894018,0.994625
CA74935Q1072,0.27631171776898206,0.23626400296793681,-0.06945308380422384,0.25395845927428595,0.6954215299757392,0.9005625
US11133T1034,0.3890319294061251,0.32505172442524144,-0.07106011689777922,0.351760270595154,0.9791393957066384,0.913625
US30034W1062,0.13507563680765078,0.19174768676508497,-0.1512634879801167,0.12213505665583552,0.4719143149572093,0.7655625
US98980A1051,0.3091452444239752,0.18450160413663183,0.03544149518390414,0.29643983872719915,0.6246734896702968,0.9681875
US0865161014,0.05215851892195094,0.13918002479576716,-0.1585373105627468,0.04320240899189835,0.2944266508706987,0.63725
US9892071054,0.19975896817736521,0.17407150198811736,-0.06142708558679357,0.18806393179864028,0.5040923115038208,0.8905
US7802871084,0.317502822350388,0.24279017626624513,-0.04219583038072346,0.3002425798626953,0.7413531769270576,0.9264375
CA89156V1067,0.2847496709187826,0.16491069062595873,0.033964693367167266,0.2733800378466457,0.5690556659654297,0.9703125
US46982L1089,0.24460789863315172,0.1939786110804659,-0.04013187491658921,0.22602560336524793,0.5797174755800168,0.919125
US67059N1081,0.34422722827965097,0.2059741425099533,0.03824266296657943,0.3304107367270701,0.7026407013897091,0.969
GB0002318888,0.2534906434432125,0.2301734498058143,-0.0818106463912037,0.23350090192828965,0.6572340633531436,0.8866875
US5011471027,0.372745747376532,0.33120217959039383,-0.09717334033469972,0.3384403735633975,0.9660407141086279,0.893875
US65249B1098,0.4591816785385871,0.3320931878010103,-0.006130264495660051,0.4241210563791624,1.0364258966800453,0.94775
US10806X1028,0.4248513850455401,0.20209147851947376,0.12416041640282031,0.40921645305830523,0.7814098052598434,0.989625
US82846H4056,0.7012578177205243,0.330025682531306,0.22164260015590012,0.6702449565153663,1.2731429013234172,0.993
US55658T1051,0.33506328100691246,0.2718384293705195,-0.0479258877506739,0.30726688427003235,0.8189557890989771,0.9201875
US4039491000,0.04235147832310956,0.17581650401906054,-0.209813284501679,0.026640448222810944,0.3398858496020778,0.57275
US89400J1079,0.379995267571268,0.18102718530128648,0.10854571414003585,0.3671852059608577,0.6955058283876562,0.9885625
PLSTLSK00016,0.20944419804302217,0.7634465183213839,-0.5689575840491407,0.05084520572613742,1.4936928020369804,0.540625
US98850P1093,0.3850506981797231,0.1819117092527725,0.11156524757457037,0.37334601842596055,0.7004782681961735,0.9896875
IE00B4Q5ZN47,0.20574655196548544,0.16458406923715763,-0.042613494837318404,0.19143274991047957,0.4947394142475975,0.912625
US5253271028,0.29584632045115816,0.22736598763817037,-0.04036958015519099,0.2753489991377682,0.6999288291418545,0.92425
US1844961078,0.16833462098168697,0.17648172942471713,-0.09341412208289965,0.15367685832054884,0.4745819252053066,0.846
CA2908761018,0.06091877154072952,0.16325655874734005,-0.18377618274542715,0.05002109004295857,0.34575531638729917,0.632875
GB00B28HSF71,0.9418546458351209,0.6452205608800033,0.10517930703775631,0.8477804141628597,2.0919485989650637,0.971875
US9037311076,0.20541798709077302,0.215432569350889,-0.11304402443267386,0.18725311235821807,0.5787365191791884,0.849375
US05605H1005,0.2663865420131858,0.21617055310087635,-0.04566347047490978,0.24596976075172972,0.640781116103782,0.915875
US23292E1082,0.7799988349926079,0.3916987435916165,0.22791689654234054,0.7360835900218716,1.469113816276004,0.9933125
US1725731079,0.697941795956343,0.34631334990719426,0.19751002909074908,0.6638904970121461,1.3098204015443404,0.9915
DE000A3CQ7F4,0.5135141002685293,0.6820828157763298,-0.3023814220463111,0.38829774639461234,1.7280998179906388,0.79675
US5261071071,0.29149975638533726,0.21886873756374198,-0.03244864026795377,0.2739682536314296,0.6705679472263779,0.929625
US82982T1060,0.341562674161161,0.2776482565583065,-0.05365088599244785,0.312462870887752,0.8342621029458624,0.916375
US8832031012,0.17389034358705965,0.16952543472116544,-0.08321066251481876,0.16279577650025748,0.46913241997888633,0.861375
US94419L1017,0.19537757154003016,0.14465102278362799,-0.0275767765566236,0.18699873380514653,0.44226940611175836,0.926875
KYG4124C1096,0.6016822042918936,0.20996101272008746,0.2802978575659893,0.5899316474942958,0.9670237950871351,0.998875
US74768A1043,0.5764000479927098,0.3241369564288916,0.10460037993950376,0.5439512720070283,1.1583983546551047,0.9795
US44951W1062,0.18135488817965076,0.7176717566599974,-0.5774381511457699,0.025395488545136582,1.4665172009747385,0.5221875
US7265031051,0.1311455690835261,0.1623277402074503,-0.11040466445624186,0.12011330161280062,0.40888674376886613,0.8011875
IT0005241192,0.48669178754727294,0.4903956232483949,-0.1446893228099168,0.414882727366418,1.3371590925249275,0.8821875
DE0005093108,1.2133123590308341,1.6023390664976447,-0.23982829914129367,0.8845838573451136,3.6776669646400535,0.8861875
US87422Q1094,0.38167623736017114,0.22536003186568865,0.04385462543084116,0.3636661932610101,0.7778459201506179,0.96925
US58506Q1094,0.027507196462066792,0.18468828629742562,-0.24678346261128684,0.01169733087800155,0.35595304556394536,0.529
GB0001771426,1.1661008398728319,29.982584737944745,-0.1179639979000923,0.6846424634414108,2.2483390067189237,0.910875
US46222L1089,0.5409857784054997,0.33819495164681745,0.07252069359825951,0.5010132026421522,1.1529022074437334,0.9729375
KY61559X1045,1.1670245801470247,0.5568774945404655,0.4011041747390316,1.0988357687027654,2.1456837151899477,0.997125
US55825T1034,0.19337807184404046,0.2980017877077848,-0.21991735269772528,0.15825231433430625,0.7275448311105076,0.743125
US28658R1068,0.41017169280424154,0.2906755499395712,-0.008182899288006341,0.37981079710546084,0.932591536917022,0.945625
US91332U1016,0.2721123729314644,0.1640078587905459,0.02357084508422894,0.2622749642651382,0.5548781030322459,0.9648125
CH0002432174,0.1430815826610023,0.2655510340719999,-0.23169894261726195,0.11381620409046905,0.6211676149698633,0.6971875
US74767V1098,0.18020602138567554,0.3336964385728276,-0.27387686937268385,0.13949524695918286,0.7796174445913215,0.6948125
US25402D1028,0.24796190809208998,0.2042866811182647,-0.0581263087687841,0.23359282260913783,0.6107787598292614,0.9065
LU0038705702,0.0357816805899063,0.23343684470669399,-0.29756411677707245,0.010824649586576812,0.4486602889861643,0.52175
US8545021011,0.08596009964533982,0.1953099639665603,-0.20030778521499232,0.069281578452634,0.42773295397950756,0.6615
PLSLVCR00029,0.3685508999234728,0.4169755562406512,-0.19529451535392675,0.31375806128732125,1.1212527779907133,0.831
US69370C1009,0.4426703595818211,0.20285538129851616,0.13640033374577162,0.427101324137348,0.8020524588405814,0.992125
CH1278877563,0.5368505457985427,0.9406211609809125,-0.4511923307140557,0.32617741099717223,2.2165145335332244,0.71825
CA12532H1047,0.39770805394821857,0.243110459367818,0.04179196340830174,0.37743004968323524,0.823004157502031,0.9673125
CA36168Q1046,0.33571684475202784,0.2646886546109524,-0.048358401107511176,0.3100101228367347,0.7924545185248943,0.921875
US83444M1018,0.17892153879381748,0.20330480257296538,-0.11265285737211357,0.15966092358612444,0.5254277871617998,0.831125
AEE01569T248,0.4710180690390511,0.28790369923910036,0.051818296269056346,0.4462792434655796,0.9730185706662146,0.96975
US88034P1093,0.6630795244075364,0.2535724708022703,0.28353453991679584,0.6447524154093353,1.1016030076613983,0.9981875
US6247561029,0.33311993630568426,0.5917738359384206,-0.3554233952198714,0.225197250098397,1.3616966818953506,0.7075625
US7496851038,0.33725095639700714,0.20897837461180555,0.026328608628837364,0.3205030985245954,0.7069605647996628,0.9641875
US55287L1017,0.2711112297375539,0.2569616153089758,-0.09555654158221479,0.24620171496965115,0.71970228239828,0.878375
US03852U1060,0.17188079523578403,0.1785759402386665,-0.08995815668108495,0.1551336750096246,0.4877020721271726,0.8465
US0517741072,0.5443014300722521,0.3870366283683662,0.007801696699219419,0.501011847636796,1.225684939533542,0.9525625
NO0013711739,1.2448734815181712,1.7385334152282117,-0.00097686599353843,1.0280153236583898,3.1264740831480795,0.94975
US8894781033,0.19462648247915196,0.22715250307121876,-0.07905378184687452,0.1785810078022591,0.5224855057906377,0.8690625
US0126531013,0.21570400263229275,0.19102390741948058,-0.07277927901441819,0.20213292700997681,0.5503176885928026,0.89075
CA96467A2002,0.2665569998121746,0.19367281483517187,-0.022439670517055216,0.25393500236143407,0.6028702303565441,0.9348125
GB0004526900,0.5261200550184152,0.7928112271564142,-0.36593491380931875,0.36747926108648554,1.9326190157081555,0.761625
US7329081084,0.9820879932706285,0.4688663726666899,0.31432237669785373,0.928186712633077,1.8252498369405712,0.9951875
US64361Q1013,0.41284217366555626,0.23591501603527212,0.11575746957477236,0.39768378610819294,0.7560687669207832,0.989875
IE000JMT8VI3,0.3315133009543721,0.26263477215481884,-0.0456766399596687,0.3082033668621157,0.7893428854410901,0.9208125
US0718131099,0.1271150030680322,0.20574209042491906,-0.17137917561186305,0.1098218042446934,0.48192747575985057,0.730875
US7587501039,0.2286902016385411,0.2271981534138106,-0.0958344656653883,0.20549823090239291,0.6298375244292717,0.86575
AU0000185993,0.5167994645498755,0.3355246135220181,0.03503868296703133,0.48275916236726624,1.1125827232807897,0.961625
US9026811052,0.26973917193717756,0.44102429171375435,-0.2957372011181327,0.202520768655862,1.0493893831774381,0.7275
DE000A0MSN11,0.618613784315326,0.6990535101529631,-0.22418279594828777,0.4950373263357646,1.8571309989868878,0.8494375
IT0005556581,0.7861750071723999,0.7780760800459123,-0.14058077234926825,0.6453430488870429,2.181691888480441,0.8995
US72352L1061,0.45331527062155463,0.15484010618589164,0.21443773864935728,0.4454143466587929,0.718334925570824,0.9985
ES0166300212,0.48982042427655925,0.9317762961126913,-0.46246060856162385,0.27988338598669876,2.137026060994592,0.6919375
IE00BFRT3W74,0.13887377722594269,0.2062096206432517,-0.16576335559998373,0.12226175802399913,0.4974987268386467,0.7558125
US5797802064,0.3608418102899621,0.23447904651635387,0.019813511224467083,0.3408483804798573,0.7631211245504991,0.96
US88023U1016,0.36197649299215207,0.296604194873842,-0.04724726707557163,0.33433888733846906,0.8595732888389849,0.9248125
US23918K1088,0.0175650765006613,0.2521950470986883,-0.33210430072028174,-0.013343163210408841,0.4563846394327387,0.4755625
GB0008025412,0.3616568553162649,0.4558996121753391,-0.19890266193373699,0.3011762738220095,1.102497350677826,0.8273125
US2166485019,0.26986900110525336,0.20593672680112218,-0.03306093163241641,0.2538083992944966,0.6272684733899799,0.9274375
NL0015002J37,0.4447565315136029,0.23937940633802193,0.09147319156100636,0.4262157597493582,0.8623196945872705,0.98225
US2210151005,0.6426316817137597,0.4785134390006698,-0.0015129821823329389,0.575839404405008,1.4969960703693594,0.9495625
US6833441057,0.2462280951583563,0.23727107273799478,-0.10148088729557492,0.2261389295094024,0.6667968469848281,0.8698125
SE0002485979,0.8318125676554154,0.9888307772003586,-0.2614380847141914,0.6374773792300378,2.5660349227106036,0.859
GB00BCCW4X83,1.170902940912013,1.3284816137225601,-0.22567358115874706,0.8733221652340836,3.540071553751598,0.8876875
US91733P1075,0.721458246699312,0.43752008414682975,0.10962559847810267,0.6668477852685605,1.5044448392935021,0.9769375
US30161Q1040,0.21697395879741083,0.18433492593858256,-0.0585000978946307,0.20386638326051038,0.5396610770465846,0.8970625
GB00BPJHZ015,0.866892113949437,1.16489114769503,-0.3238148518731371,0.6065993617409924,2.8510804208996787,0.8211875
US0316521006,0.1928225758503212,0.26132088379629526,-0.1700255639217746,0.1661045904905883,0.6447330869123806,0.7843125
PLSCPFL00018,0.8933009859324873,1.1427163891202314,-0.32213586461483185,0.642843567885038,2.92253090982526,0.8353125
CA5503711080,0.22854909349219502,0.21796256763112076,-0.09191157583364835,0.20770133111635022,0.6176772588655807,0.8741875
GB00BSLKLP68,0.74833992858723,0.7134804277316453,-0.12574560945097574,0.6191624105274408,2.052518045843504,0.9070625
US70339W1045,0.37253512312597253,0.3067443542037766,-0.054709899487341125,0.33811497138255475,0.9080697650373636,0.92025
US5500211090,0.3737687599623505,0.1907014661921121,0.08755532276815842,0.363454573000338,0.7002378520354406,0.982375
US87305R1095,0.3279507483452478,0.39589867589831285,-0.19724287511821087,0.27448084241449855,1.0376644210220702,0.8156875
JP3421100003,0.08543666116667731,0.32707719328952045,-0.34544359062907604,0.041712570909736194,0.6587675571326397,0.56125
CA62930A1021,0.3684725690979309,0.29101445928570996,-0.04789251021384035,0.33777305429307414,0.8909692553242906,0.92375
US8826811098,0.1325054295761282,0.14289930281834057,-0.08465035906764588,0.12443308886129861,0.383119678526322,0.8375625
US2435371073,0.2780206486178834,0.18546948351480189,0.0009554357037248828,0.264201240177969,0.6006467558041142,0.950875
US40171V1008,0.5618573933213631,0.28243569154548664,0.15381904356280016,0.5354564563062202,1.0608830436917758,0.99
INE970X01018,0.38905888184187826,0.19576127912150088,0.09599207599721118,0.3748381193439635,0.7314563399573775,0.9861875
CA59162N1096,0.17511258737472027,0.2187732773661211,-0.14518146784390887,0.15525170390092427,0.550708901272558,0.7988125
IL0010845571,0.21045928788198626,0.24675218152737735,-0.14502302848895357,0.1866466380614431,0.6467617435770323,0.816875
US07831C1036,0.6600683264596082,0.3916081702423647,0.16231729321184993,0.6241375245963616,1.257009505815836,0.989875
US4404521001,0.1741475422881871,0.24362283775465624,-0.17066337845907373,0.14750948515600049,0.6054190943050156,0.770875
NL0010545661,0.24268346286308304,0.1906348722329175,-0.03854842049887021,0.2275266494500568,0.5746356652723285,0.9210625
US23345M1071,0.10121731467944435,0.17621554135939058,-0.16052629175868993,0.08730417447074018,0.40898974543443256,0.7165
JP3725400000,0.09485875098174727,0.22542680757325004,-0.23490552161793748,0.07598819351301267,0.49375019325265923,0.6499375
SE0008241491,0.6570238551793841,3.057585160739515,-0.34840872349962443,0.45607228438131214,2.157843982967809,0.7951875
US9345502036,0.41045743568532705,0.22333688972027532,0.07591093776411885,0.3941338050259806,0.8065222360527893,0.97875
CA00208D4084,0.092889051568019,0.14699117457752917,-0.13051302156804656,0.08274121595600871,0.3467017352406531,0.74225
US3841091040,0.18131986599042774,0.2748355508273032,-0.18844282845722377,0.15106099595688638,0.6480404992392271,0.758625
US2681501092,0.3767582202370077,0.145478265203192,0.15323960653682,0.3677661317437734,0.6266410853648021,0.997375
US1156372096,0.05816606170869463,0.16152346475612137,-0.1788123573194118,0.045039109067414825,0.34368225253388673,0.6264375
US2283681060,0.1715661591029689,0.18330246131226258,-0.09852156585747592,0.158076736329315,0.49738885662140847,0.8386875
US2244081046,0.253368967487117,0.2338310982949985,-0.08828446284778761,0.23236651775716277,0.6723610645900555,0.885875
US6153942023,0.22570420736328556,0.3548448447566039,-0.24613879773180367,0.17887820721926528,0.8595003319952744,0.74025
US28414H1032,0.26665213170654384,0.19378940080757337,-0.02054067129577528,0.25282645864694325,0.6068502580504577,0.9339375
CNE100000XC3,0.2741451938017336,0.35963540440753256,-0.21748317813187404,0.22775489923361392,0.9254028064538278,0.7869375
US50202M1027,0.6551237577780951,0.23332441974488116,0.30787133253360616,0.6365510624726812,1.0620372908648645,0.9984375
FR0000073298,0.5510365503594211,0.40945303900531516,-0.009379746179838262,0.501686725776775,1.2831889448956133,0.946375
US04280A1007,0.3502149732237181,0.25120448564507236,-0.014581707820662535,0.3270988579349823,0.7814485542897865,0.942875
US0536111091,0.30767482411910546,0.24638163169162278,-0.0415096189223661,0.28325540337722965,0.7386012767007536,0.9228125
US03820C1053,0.1942465374288959,0.2825324415885036,-0.2060650400565985,0.16254567071877954,0.701946074992555,0.7596875
US44332N1063,0.38000912012039234,0.2077645478852682,0.07250004259618083,0.3637164653818397,0.7458817014359197,0.9801875
US0079731008,0.252440026657286,0.23333289588358685,-0.08835993581110688,0.23192620797771596,0.6610345793705699,0.880125
US4180561072,0.2930191455687385,0.21709891029693518,-0.01833380723901719,0.2751384131681499,0.663928736184524,0.93875
CA8911021050,0.24164587653370195,0.23460253812191084,-0.10007089530247686,0.22128985460165074,0.6583037605952284,0.86625
US0997241064,0.17471290828338193,0.21571545296888173,-0.12196863958012781,0.15972507245758924,0.5245095393217577,0.820875
US9426222009,0.24024898974174602,0.24446223949469223,-0.112454739887948,0.2181150876202519,0.6712195460969793,0.8563125
US70975L1070,0.08532265721509658,0.1805039243328196,-0.18705905328231393,0.0724494858858557,0.39894638983017155,0.6788125
US4435731009,0.6386694688152257,0.19748995749843354,0.3329120704806311,0.6285794291435838,0.9829369520856722,0.999875
US03743Q1085,0.0588687877937519,0.13511398936670047,-0.14726513581937373,0.05001447008772257,0.2937639486593211,0.6598125
CH0363463438,0.4714314611355512,0.5615980693689074,-0.18684130117598494,0.39026757081340263,1.3889714009774294,0.853375
FI4000153309,2.210060440561878,1.9763332346804534,0.13642043862459227,1.7788475729248174,5.660555176324798,0.9679375
US7534221046,0.4573844003220625,0.19942658259644513,0.15318417841021137,0.44630892974464775,0.8041885171136322,0.9934375
US0162551016,0.24911316126183033,0.20453610645280285,-0.050402173196504335,0.23175827617823122,0.6068028519254929,0.9124375
CA0213611001,0.19461933321097957,0.20796851571451028,-0.1086673001598741,0.17949028545563564,0.5483840966113828,0.8504375
US0235861004,0.2673747742922117,0.479273847574097,-0.3370213485833549,0.18622625411201194,1.141239243080789,0.70175
US3687361044,0.23975323759180836,0.19712426325174218,-0.053952259578264605,0.22506577485271986,0.57998619436665,0.9071875
US9022521051,0.6356725565228181,0.21424642021289178,0.30972346573643506,0.6214256017434916,1.0122579487918393,0.999125
US8326964058,0.14874328950010737,0.1684345148889777,-0.10131742144324184,0.13742324924583127,0.43638631325013616,0.827625
US4464131063,0.19327254266153987,0.2089723426909355,-0.11596018233218501,0.1752876838875344,0.5557047827959853,0.8388125
US1890541097,0.08869400942816125,0.1649585527874792,-0.16538683196271317,0.07761637889189041,0.37413053106000105,0.7075
PTSEM0AM0004,0.41383945749173895,0.7539383054698673,-0.2756451526571651,0.31821670276583325,1.4028434366570324,0.79125
NO0013755728,0.4944329808016422,0.720224751969312,-0.3333790610642132,0.3548458700669498,1.7649560117810803,0.7726875
US3666511072,0.40934273746773603,0.23398729874728394,0.059825492693170675,0.3909007623076877,0.8084827721211854,0.974875
MHY1096C1093,0.5064779845801647,0.6374812163250339,-0.27459051058285766,0.39307512252823085,1.6621536128685994,0.8136875
CH1134540470,0.4764213582238149,0.20669908608124968,0.1662779214730112,0.46283356812949794,0.8398233363369616,0.993375
US0138721065,0.2611764212203403,0.2488367182578707,-0.10827956357951536,0.23768171748144246,0.6999462713558038,0.87075
US6501111073,0.17006136816850095,0.2765966438406731,-0.1797676335647919,0.14427450435614375,0.5978567251915574,0.7655625
CA4932711001,0.2526727357170241,0.20070344842235766,-0.04455536144052782,0.23742522121889026,0.6046456153043466,0.9140625
ZAE000006896,0.04658450990908265,0.23213766933304866,-0.2763628327485459,0.021616656373321066,0.4510404610056222,0.5450625
CA42366G1046,0.9134800952873431,0.5215314085577304,0.19149786189998894,0.8485253702659451,1.8577510186644046,0.985125
US26701L1008,0.42561216147608155,0.17239388765185293,0.16119529031082766,0.4163938753593429,0.7187645779589684,0.99475
GB00BK6JPP03,0.3867329019720856,0.8246736809720935,-0.5014119871793381,0.20799392068796932,1.881547873501751,0.6445
US2674751019,0.2837796689200552,0.22820082112062587,-0.04882865057874778,0.26116468986717384,0.6874415217864135,0.9156875
US87313P1030,0.6812384044255873,0.5744411176970754,-0.04748128819682075,0.5926838725966644,1.693852990245352,0.9336875
CA86880Y8779,0.3266659267741063,0.2570172417564952,-0.050054701296525984,0.3046389714509301,0.7793007033111727,0.9201875
US7140461093,0.14912585502626757,0.18547651427200637,-0.126505163321001,0.13494933743220294,0.46348834186704574,0.803375
US00860C1027,0.5399236934560924,0.45819978013263485,-0.07681758275943758,0.47943245406538654,1.3549943726785105,0.918
US33829M1018,0.20816449702994122,0.1644684859140034,-0.041012427734715196,0.19677036300783446,0.48717874487804924,0.9169375
US7234841010,0.11004499046683935,0.18000747204219125,-0.1521925423900248,0.096597944719886,0.41784260971733467,0.7319375
CA0115321089,0.5263818897561107,0.31181395372412324,0.0781247482584324,0.49762320666553117,1.0760325367553247,0.97425
US8168501018,0.27153424567966067,0.22532414748824636,-0.055840701240022904,0.2513254848775518,0.6693284192818656,0.908375
US62914V1061,0.3713531318179255,0.19665072833418729,0.07756641060485354,0.35729482323808026,0.7120585083330201,0.982125
US09175A2069,1.2497015900929287,1.0351346942992599,0.03457837283980267,1.0598879173967135,3.0721430912216188,0.9575
US81221K1088,0.4835665476223022,0.5024824955694176,-0.16567008026979765,0.40740147182774544,1.3782308046513911,0.8695625
FI4000115464,0.4212467957840981,0.45490944167507974,-0.17311887603367523,0.3547634054087267,1.2530568055879916,0.854375
US65250K1051,0.9760547894427022,1.0645044084540067,-0.1381581991505565,0.7695962852806466,2.7165026590765615,0.9094375
US92552V1008,0.21774779929665755,0.28324905460257666,-0.18215474374485532,0.18520961698049698,0.7249124901272237,0.7924375
GB00BMBWCV32,0.7663638402458193,1.1147309424848455,-0.3790791503246456,0.520201166679516,2.721785372902937,0.79275
CA87241L1094,0.2502310198865905,0.2570630390659156,-0.12332404268102863,0.22641724639017088,0.6964032324284996,0.8570625
US8175651046,0.37401243617229685,0.31058567698191925,-0.07307689613799745,0.34216196231541385,0.9385519400025856,0.91125
US05550J1016,0.29184460816331265,0.17908852436771514,0.029199986736816966,0.27849866940161294,0.5996773361620319,0.967625
US25754A2015,0.341065461868788,0.15993847538159855,0.09429405544778086,0.33345411805005415,0.6145377862555532,0.9875
IE0005711209,0.38441761502052507,0.20783832280030845,0.07597677726042035,0.370356333237987,0.7446032630475994,0.980875
US54951L1098,0.45801346581912766,0.24859533970683798,0.08621084267765908,0.4398340629304489,0.8986398886259791,0.980375
LU3433852426,0.7724157844901249,0.8515766092435049,-0.16233848963539738,0.6216092755356748,2.1849278054366255,0.8906875
US9427491025,0.0442801917446278,0.20936294755650506,-0.2590663602020164,0.024603085958322307,0.4104844567048052,0.55
AEE01362P238,0.552909546191688,0.42330865736050466,-0.030253194783211233,0.5022527973161125,1.2932455444400197,0.938375
NO0012477704,0.45524305404623117,2.6507165786929354,-0.48593280096928326,0.23849196447343374,2.0281962267060396,0.6635625
US2183521028,0.481149140988622,0.6327879158548535,-0.26665901447271434,0.3602191762050091,1.6109230749611032,0.8069375
US5502491062,0.405263197968181,0.41677270711182524,-0.15948393315140486,0.35206281736659206,1.1441827314473145,0.8648125
US26142V1052,0.621880554645938,0.21324151346776765,0.30415494020848705,0.6078260277025711,0.985697686106216,0.999125
GB00BWGBNB23,1.3496209140591688,1.5022948752903083,-0.15812189488505188,1.0178781131266568,3.8785224310673363,0.9129375
US03770N1019,0.18835010358171336,0.42063369746999724,-0.11705124659003406,0.165452726998891,0.5570530272668541,0.82575
GB0005991111,0.9117220410125301,1.1721929511282778,-0.3193858852135716,0.6505349299461439,2.998477365488557,0.8325
US0044685008,1.120089001143416,0.6259717519216407,0.2770655238799672,1.0364918110710872,2.23253812587578,0.9909375
US45784P1012,0.5796250753827558,0.21937940011520374,0.25240254162802517,0.5652750032176984,0.9586528206995735,0.998125
US1924221039,0.15933940427131732,0.15556641510554195,-0.07556557686819566,0.1491356018275522,0.4258496376837546,0.8638125
GB00BL6K5J42,0.30608176073163823,0.2509476578568409,-0.05379916676984187,0.283443682929577,0.7470258828137281,0.9135
US09061G1013,0.5298653146136385,0.21685595169743374,0.20516241003095226,0.5145256850748778,0.9101306095162972,0.997125
US5588681057,0.46556931627439957,0.23957056694669268,0.11115900677482457,0.4465448171495754,0.8830629963010289,0.9855625
US83443Q1031,0.393120449521838,0.3212985392817104,-0.05731387752401741,0.35918669253851976,0.9523827327900611,0.9195625
US6907421019,0.2784117882568886,0.20625453942429525,-0.028872954362354035,0.2620704128242878,0.6429684653000495,0.9318125
US4990491049,0.19888434910111347,0.16658507126517627,-0.05669597347532163,0.18964423810390416,0.4878009981924297,0.897625
US0427351004,0.08524775785483374,0.35426970433099086,-0.38234242078919933,0.03418570970484885,0.722107966682522,0.549125
NO0011016040,0.5762040878379,0.6945672307523665,-0.26931306071520217,0.442815635659767,1.851722121243619,0.8285625
US1271903049,0.30890519742571426,0.21941038893260625,-0.021228499915457655,0.29254516810205655,0.6889322526656203,0.9373125
US98422D1054,0.7288830859855328,0.2526123574854575,0.36534426404145154,0.7116452325039975,1.149096187051245,0.999375
US78781J1097,0.5403726673569845,0.19858458059416412,0.23757689818560987,0.5272775828768115,0.8876328726720802,0.998625
US50105F1057,0.22561135012716835,1.4230271469569522,-0.433604430999893,0.11526116373933576,1.156135297373952,0.616375
US00790R1041,0.2903782074068341,0.23351045436975149,-0.04815410293740272,0.2707426338238633,0.6946808785428902,0.9175625
US1598641074,0.16842661552583693,0.19887000240035638,-0.12432920325943471,0.15224944709088054,0.5151764283955117,0.81525
US09073M1045,0.09186125645069353,0.19810062942860046,-0.20458135984321843,0.07382825461628506,0.436621657832473,0.6723125
US8010561020,0.12005052360413429,0.3689105222642979,-0.36563067712525454,0.06736249324612974,0.7899713058271746,0.5896875
GB0001570810,0.7408700395749984,0.7180962059156528,-0.15048161001245916,0.6212795561009562,2.0360966938323832,0.8960625
FI0009007546,0.4521662636848129,0.8977764110851285,-0.4808049563678624,0.2520081471501393,2.02398775619302,0.6735625
CH0126639464,0.2010451463788006,0.5513722512826439,-0.44507895710378065,0.0965976333976652,1.184083941666715,0.597875
US7189681007,0.3714829241846147,0.3182261629446859,-0.08158326872888322,0.3390487991142582,0.9411633981499016,0.90475
CA1249003098,0.23500831021045135,0.2230194352713126,-0.09264951671472416,0.2152076103680251,0.6218327395675658,0.8754375
NL0011660485,0.5582201568079358,0.5374238253891637,-0.13459430225175495,0.47557720160103334,1.5231864852602173,0.8935625
DE000A2G8ZX8,0.6727128914587555,1.0947515409612205,-0.40760897485201975,0.43212549974736564,2.522126691540929,0.759
CA11285B1085,0.10111196292944705,0.3688466507491721,-0.30492873202204535,0.06321060565519952,0.6241157470554773,0.60125
US5309093087,0.5514487550468031,0.9431121842334892,-0.4420697037340394,0.3431738718141266,2.2181529751328726,0.7245625
US2576511099,0.046437855593255604,0.29628597623201414,-0.3588713352908858,0.01082692944254391,0.5695575259309028,0.51625
US08265T2087,0.4557597698699101,0.2402801292800275,0.10467478856075145,0.4351544958417383,0.8795957737897442,0.983
CA8029121057,0.12346917229410588,0.23386405691714054,-0.21448568363403622,0.10085205835919452,0.5284354298967182,0.7008125
DE0007229007,0.4719014192989961,0.5208876875253434,-0.200483352107675,0.39345425898020936,1.4205742190817963,0.847375
US86627T1088,0.9996560164769005,0.5545599011536904,0.24227626227721488,0.9291935271586174,2.0051283933812143,0.9886875
PLBCLTX00019,0.8447175513037787,1.0872672050395085,-0.3404029476986289,0.6035935093427841,2.8175971198742644,0.8223125
US03674X1063,0.36264149545745505,0.196165641921535,0.06605400844896366,0.35010750762588116,0.6982207555105415,0.97925
FI0009014708,0.4110895119680762,0.8616917721739451,-0.5078121764505354,0.22230702182254464,1.9645810624582354,0.652375
US5529531015,0.15203803621292394,0.16494150988207504,-0.09232387960961139,0.1400210446837057,0.43493338805822357,0.8415625
CA04045U1021,0.250749967622176,0.20318203910871052,-0.05006860470698962,0.234901038850364,0.6019360004348174,0.9105
US44812J1043,0.3462636238848603,0.2492766671055403,-0.016025199208786107,0.3237012653955399,0.7825618377152459,0.9405
US81764X1037,0.5486722326957076,0.2480465768995347,0.18067708825654313,0.5305667629825419,0.9785209923893229,0.993625
US29670G1022,0.12933763002278298,0.2969486091315658,-0.28533233681902803,0.09509957337005595,0.67405268756964,0.6450625
IT0001018362,0.7091652068614717,1.1373999052920676,-0.38946928248819557,0.4658277457269465,2.5569540075650337,0.775375
CA04681A1057,0.6059590052446533,0.40815031405920127,0.04369423478330384,0.555522762960655,1.332629524520879,0.964625
US3795772082,0.221828861100108,0.2094348122103001,-0.08803578945817979,0.20521553965957,0.5912020006591769,0.8723125
CA46579R1047,0.5020562415368238,0.24807508698954372,0.1407044433585699,0.481987357182655,0.9344941693926647,0.9905625
US29261A1007,0.35409485360389514,0.22726838836842697,0.01808695838918003,0.33619272476357903,0.7523937476168885,0.958375
LU2356314745,6230.182544556766,646095.4032785696,-0.8664572133855997,0.8568047135731812,26.346896752999577,0.659
IT0005607715,0.057879020716129756,0.6962100479674941,-0.6240818683490754,-0.09714357920096466,1.198835420247715,0.4223125
US6267551025,0.18324632427967624,0.22248398458429697,-0.14035572759330853,0.1638300576208274,0.5741646818540288,0.809
SE0003849223,0.6103974906277501,1.0075787942620607,-0.4189881176523687,0.38953711719640827,2.3152846266946123,0.74625
FR0014008VX5,0.39634379609500797,0.5610720652988478,-0.29449908295853683,0.300121451573923,1.398858646459245,0.7779375
US03823U1025,0.2649330846525121,0.4768973383607273,-0.34572327994335783,0.19096365864640222,1.122348022254939,0.6918125
CA3759161035,0.33418447791737,0.37206435963086726,-0.16725992326840722,0.28023856315568285,1.0097425896269205,0.842375
US7665597024,0.4119956011689441,0.49584712591099456,-0.2290478729791601,0.33862162276031044,1.297351004686054,0.82175
US9258151029,0.3409318775764435,0.47114224302992136,-0.2610221743111086,0.26331727256494797,1.1814359904987874,0.7774375
US45258J1025,0.39478294072167686,0.25250534082523196,0.03303865189423771,0.3727064539149929,0.8310614515101584,0.9658125
US2561631068,0.29688647556707887,0.19924875282191512,-0.003694617349190477,0.2850379787574975,0.6419390987533274,0.948375
IE00BLS09M33,0.3119070007437518,0.21709496026508443,-0.008192177327335848,0.2968824650358349,0.6893169041147048,0.9449375
US05464T1043,0.37444684242638654,0.18711791980588047,0.09240668723217993,0.3633354687735231,0.6979457252801242,0.984875
CA1367178326,0.05092154949284543,0.2267314101834239,-0.2737999677395648,0.025974486293183573,0.4617932360795098,0.55175
US3789735079,0.20153387262101494,0.5358636298740781,-0.313656924173423,0.14122921397138466,0.8898005767754936,0.67975
US23282W6057,0.399660487568192,0.20039001315798632,0.09375510473815549,0.3875767805835819,0.7503116581024546,0.9875
CA7481931094,0.42398414958189995,0.9099355138127733,-0.49050931422934774,0.2351107548418434,1.9253575707646633,0.663125
PLPKPCR00011,0.8948440142327133,1.6942969965885506,-0.35069938249174437,0.6259837649833443,2.9394362545265174,0.8223125
US92243G1085,0.9136865749839438,0.5625797718149494,0.15438272867389188,0.8431631574121338,1.910108363228761,0.9799375
IL0011684185,0.2799455611817178,0.17252713525678354,0.0231087867746016,0.2688546017437103,0.5794026405751306,0.963375
US8299331004,0.06173445885639311,0.19130849031783106,-0.2123906543499831,0.04477286177189966,0.39998783325519205,0.6044375
US4227041062,0.2739929035178404,0.31600538189139593,-0.16882356466159473,0.24028475191278773,0.825707608084894,0.8243125
US7509171069,0.24811455275820973,0.3087099668094335,-0.16956528947826707,0.2083232513688057,0.7798681344545664,0.813375
SE0002016352,0.4109332041860763,1.377576003456347,-0.48933463078703904,0.2074570817004953,1.8572083999088531,0.6528125
US5653941030,0.26630656848556244,0.15500354138267483,0.029776176625754897,0.2557263188116046,0.5366813083342497,0.969
US6078281002,0.3068810194057559,0.29827740969074634,-0.1178717243132732,0.27664043241358155,0.8337834826250189,0.8735625
GB00BF188X60,0.8313270201450501,1.3442262179208262,-0.34181695296379727,0.5850299403610835,2.78332086959447,0.8148125
CH1335392721,0.22092268147439775,0.1799854208463857,-0.049447299092163347,0.2085580479639213,0.5304209728557289,0.9070625
US00130H1059,0.07436964931991676,0.2089253042481009,-0.2278831638971694,0.056200276916759995,0.440508050517305,0.626125
HRADPLRA0006,0.39656190976087097,0.5814741551124455,-0.3163179319001597,0.29826974873743034,1.4579009583579405,0.7625625
CA04764T1049,0.36048902292184026,0.208144523572509,0.05397488815517474,0.34108645280334143,0.7223778698038539,0.9756875
US9604131022,0.23002698776841118,0.1919299837003101,-0.056797096576156385,0.2139963393931819,0.5736340995290695,0.9044375
US7835491082,0.14913292021792926,0.21895817631233358,-0.16452211226648478,0.126812778725583,0.5328300664799115,0.76125
DE000A0KPPR7,0.49780444283398095,0.6231137495627719,-0.26840772213068964,0.39051260993001613,1.628677510075797,0.814
SE0006425815,0.529247220771947,0.9870687514210374,-0.46641588189464084,0.30513987008289667,2.2358393480731085,0.7058125
US29358P1012,0.29092693202504655,0.34337625928914284,-0.17964775983152248,0.2465704981836089,0.8985101418482435,0.82125
JE00BTDN8H13,0.507520520434545,0.22467252469971125,0.17213876617457285,0.49176861541321504,0.8996853473820164,0.995
US3773221029,0.25592168014511,0.2010155541785797,-0.04017855480984179,0.23885071280206524,0.6096653544470374,0.9209375
US8322482071,0.3600217612253194,0.3415611594141559,-0.10136880352185679,0.3176590572258324,0.96067896466641,0.888625
US9255501051,0.33043668256061154,0.30583301893071857,-0.09133217880731102,0.2964965905608335,0.8625481254512645,0.89325
PLAMBRA00013,0.6149736622100768,2.556411840259821,-0.43285764756007206,0.3761924567583223,2.326090655734622,0.734375
US16679L1098,0.5140002588971809,0.22290650488885558,0.18309405232382173,0.4999589745490062,0.8893638026174784,0.99525
US03676B1026,0.014258518131417822,0.21619961473314178,-0.29705177500756064,-0.00540382616806563,0.3990116569311903,0.4899375
US00508Y1029,0.19257102073831892,0.2716524389142119,-0.19060513299377796,0.16404747720221424,0.6692225618430643,0.7646875
US85423L1035,0.3245687860230838,0.21842525013292927,0.005771635358373984,0.30650416361932786,0.7091513685888299,0.9535625
FR0010722819,-0.2290820542966481,0.6286539375311712,-0.7321324099889029,-0.33530189004784705,0.5817352601749044,0.2045625
US86765K1097,0.21643090325379621,0.26529173347538004,-0.16176862784795823,0.1910926745513905,0.6818902873616234,0.802
US8064071025,0.09313087646865138,0.16523040091155267,-0.15297301431425722,0.08301695702532086,0.38156253115304467,0.7094375
US34354P1057,0.13949878463249107,0.21658491207472527,-0.1717046578311332,0.11839257614688653,0.5225843333121746,0.7366875
US83088M1027,0.0810493072844337,0.15924538401395094,-0.16106166533736807,0.06961783980594287,0.3554598769837373,0.68775
US35969L1089,0.5135453181205728,0.24733051701802694,0.14370440645861854,0.49409308618366865,0.944058208339109,0.9903125
US40609P1057,0.8844215150698423,0.7323388358117227,-0.020587721570932617,0.7596585258600572,2.196024614064439,0.945375
US40637H1095,0.23708067817800318,0.2492988663276415,-0.12416897948301077,0.21546009149596193,0.6696572791224875,0.8498125
IT0005335754,1.1619545010712107,1.7406284557263458,-0.356774102533036,0.7857327789512929,3.7597923730129734,0.8354375
US83304A1060,0.3611561560629521,0.17886797063772195,0.09106699761483128,0.35069775688688415,0.6699960103588779,0.98625
GRS495003006,0.36522211935698495,0.3598069902892767,-0.13020743148472227,0.32024356374294005,1.0103045658417131,0.8723125
US2540671011,0.013588936756785951,0.38134537244004657,-0.4627767805466721,-0.0478812465224764,0.6849547363363837,0.4405625
US01973R1014,0.1002630494717257,0.21824731428522612,-0.21766251746571066,0.0812621276022728,0.48466168784441216,0.6665625
PLCPTRT00014,0.6805368146667216,0.6845792104811567,-0.16842108169579395,0.564647709395497,1.8974048347723205,0.88775
SGXZ55111462,0.7455265481257951,0.689323280539928,-0.07597321639689973,0.6388072834996208,1.9264408085733824,0.924875
US9139031002,0.2527569938582505,0.19240921275203277,-0.0326451692399352,0.23708101475957694,0.5962535748266481,0.9244375
US82312B1061,0.7573953987592426,0.830645383533728,-0.19760591589353557,0.6104442206871509,2.1993580476305614,0.876
US9831341071,0.382188564151711,0.18749070591349148,0.10150001756621664,0.36908787212828387,0.705298088936714,0.9880625
AT0000A00XX9,0.6187605151298488,1.090066859641427,-0.45776345007068653,0.3655429790062019,2.490885861102092,0.72375
US8808901081,0.19916174797051345,0.20437804914314173,-0.10191659708818238,0.18357190361307804,0.5505581799191659,0.850375
DE000A289V03,0.6479319176691367,1.0571945474421898,-0.41211846066784186,0.4193229840409505,2.409585461090484,0.75575
LU2010095458,0.5521171262563334,1.0132220573271513,-0.47022020457446745,0.3195058782645256,2.3113500722012055,0.7060625
US6708371033,0.09357026706909531,0.18752972718407274,-0.18084104438918114,0.0772010772790093,0.4227228573586081,0.6831875
US50077B2079,0.47370262558143106,0.27193043127758054,0.0770239662980309,0.45182485470041556,0.9462915798147501,0.975125
US28618M1062,0.21003495084065646,0.26391397541477174,-0.15173085333845726,0.18223632610789275,0.6618095798509994,0.810125
US1096411004,0.1386809645369898,0.1510573775981199,-0.08670060486387873,0.12855030903434989,0.39703256298341694,0.8373125
US88080T1043,0.6338075277187281,0.326504076510214,0.16093549826896866,0.6014491941469338,1.203686748429646,0.9883125
PLSPRSF00011,0.47128695490199246,0.893836635406733,-0.4679728369406617,0.2657851821205893,2.082847553302627,0.686625
US6081901042,0.09168441077672736,0.1739706009650048,-0.16595995079989156,0.07931151202650856,0.3892464164146548,0.6994375
US00773J2024,0.34664721185540226,0.21873389622928743,0.02877671471875573,0.3274486128283097,0.7333234597351475,0.964
CA83671M1059,0.05546206002317676,0.16114955316209462,-0.18395040410953412,0.043269592578272724,0.33685749634902057,0.619375
US0381692070,0.4492487429807338,0.3986968181917827,-0.0865042750088087,0.3980065569456061,1.1661803244345348,0.9041875
US02156V1098,0.5409159971957348,0.2992630396990675,0.10154707320910084,0.513713501922383,1.0653531055838432,0.981625
US9507551086,0.11532335650521558,0.18002339578254498,-0.15128667533220871,0.10042609432132943,0.42719423218641484,0.7394375
US0995021062,0.326065480817917,0.26828198648840385,-0.05570476595485918,0.30205601834359996,0.7903839366833877,0.9133125
US00766T1007,0.44042930638905464,0.2486868184618471,0.08150155801770534,0.41865662193299663,0.8701211310873581,0.981125
US9202531011,0.20213428905032516,0.383168101078588,-0.2844624250951218,0.14938238160564993,0.8631386702491965,0.699375
IT0005588626,0.5460860624562989,0.500468152009627,-0.10863100779180593,0.471218567254599,1.4603078905226126,0.903375
US8910921084,0.1379626282034815,0.35174308430815016,-0.33160320976118407,0.08824081865499803,0.7554953156498022,0.6233125
US52736R1023,0.23767226771877276,0.18882251883937537,-0.04783372062410519,0.2255775905666308,0.5678224885432169,0.911125
US8873891043,0.09344008448475791,0.19545690951658895,-0.19571477376861549,0.07773839854090359,0.4330135274160665,0.6751875
US4622221004,0.44137318506591894,0.20642289757889498,0.12901826096817215,0.42700470501791743,0.7989170111808062,0.99125
US82706C1080,0.25361512736677844,0.2796772374672371,-0.14451177791748604,0.2238510603173171,0.7585783409545622,0.83525
US88339J1051,0.7153574345484696,0.22849615165266857,0.3668988788491467,0.6990169675945614,1.1128424624128985,0.999875
US88162G1031,0.2701808378280862,0.31438946428377956,-0.17411606683673064,0.23386602143605612,0.8266531780421095,0.8209375
US21874C1027,0.3720716660634751,0.23430395638734167,0.027176308508409505,0.35199204028142933,0.7828006788271684,0.9619375
US22663K1079,0.09995299563614252,0.1918131501810311,-0.1846505112026779,0.08337251052689298,0.4420340552023501,0.691375
US6882392011,0.17572367425250462,0.17267672757523625,-0.08183788689721572,0.1635511968905309,0.4771252702164027,0.8621875
US69932A2042,0.23911005449273598,0.2881919515786808,-0.16469906176555596,0.20663593713879125,0.7573452137543162,0.80625
US3463751087,0.15669506427127886,0.2985578602643789,-0.2503127469595701,0.11683377582294005,0.6912997728795122,0.6879375
US75281A1097,0.14934990629753553,0.14995953358377095,-0.0780040488653858,0.13839606511779315,0.410278781202165,0.856125
CA3180714048,0.27254771036149167,0.2408164508484454,-0.0767340016294658,0.2515803381775963,0.6954314541688934,0.8928125
FR0000120107,0.5126728169317882,0.9626800047571089,-0.4645909207387531,0.31075277587907646,2.1636768626789986,0.701625
US0528001094,0.18840575501116769,0.17100553507615462,-0.07146467361659371,0.1763346221649313,0.4897606248534313,0.880875
CA2861812014,0.36925900699538605,0.26729473460246106,-0.02001240192864704,0.34655652132757087,0.8349753094469831,0.93975
GB00BNQMPN80,0.40247762096742157,0.46092963898291445,-0.17183312762358136,0.3383948675905004,1.1768030714192488,0.8541875
DE0006200108,0.2562856046117354,0.33283228492462424,-0.20565043872604805,0.2170267531915636,0.8497664236741552,0.7928125
US0905722072,0.06801121605521487,0.2857549554416507,-0.3154349440358369,0.032300836896300124,0.5599116595669671,0.55375
US42226A1079,0.35567135834670116,0.20203284449409945,0.05444370007876446,0.3404057505802402,0.7097278240290983,0.973
US00218A1051,1.204737596015226,1.051921787543872,0.008257751759249948,1.012013585336784,2.976540234785692,0.9525
NL0015002SN0,0.2636981670676822,0.20482463502824913,-0.03756488377047507,0.24783754230906166,0.619041410113,0.923125
CY0200352116,0.139684313043628,0.37777877932593257,-0.3524195321970883,0.08599706072741316,0.8038924933610899,0.6123125
US5015751044,0.42719278170554265,0.18330246440079287,0.15164837331152392,0.41419783621193695,0.7461425554665183,0.994625
CA4509131088,0.32255284183228106,0.31660577093884196,-0.12021048280320332,0.28653599295377385,0.8898499988077313,0.8704375
US2774321002,0.23979649933143804,0.19510905718779378,-0.049078948737824174,0.22426652818094503,0.5794114950642898,0.9105625
US5533681012,0.5877899030208482,0.26636407602223194,0.19317000458966002,0.5675897648447715,1.0470636406190081,0.9936875
US17253J1060,0.46013321186988304,0.3240032671637654,0.03771221602611911,0.4305206816958728,0.9782689644110493,0.9644375
IE00B56GVS15,0.29126230559911526,0.2141772117140232,-0.015290388080298062,0.27742466642756153,0.6435666051405514,0.94075
LU1618151879,0.1687736107996453,0.8213362482219245,-0.5906436249891954,0.016703163249690373,1.3945532453394518,0.5149375
US81728A2078,1.0103354913974814,0.4426615693208698,0.37675599520890696,0.9626249038204447,1.7920124537382884,0.997125
DE000A0JBPG2,0.4983306582432257,0.5194410407120347,-0.17511583521269294,0.41920105085679243,1.4579380542698084,0.8623125
US04010E1091,0.10600061880446701,0.3252292113645832,-0.3289573586725212,0.062297726501978,0.6794850601147832,0.59125
US74006W2070,0.5299784731603658,0.3564910918483626,0.026561231025565832,0.4893057390553699,1.1754194211778846,0.9604375
US8318652091,0.17793561627680993,0.2576269542309971,-0.1469157297150184,0.15901813164478867,0.5613469215311891,0.80275
US2963151046,0.23990190407591894,0.3773319133273681,-0.2669554234815075,0.18878346627045417,0.9204222209392252,0.7403125
US7599161095,0.3920207984342187,0.1898783287968331,0.10425840369930098,0.3789184381923437,0.7194648625735578,0.9866875
CA26139R1091,0.3148311721794803,0.23109534682987987,-0.019608589140776532,0.2937127342902529,0.7200826760101199,0.9376875
US4511071064,0.1668606530313279,0.2160847881529629,-0.14763719131903769,0.1462447361319815,0.5452990598487636,0.7964375
FR0013214145,0.33259061843924664,0.37624012282270336,-0.17505742910184105,0.28637297729430183,1.0092828673809333,0.8343125
US81725T1007,0.14918329447756196,0.3082877533467272,-0.26651436505606513,0.10982947067394444,0.7087997704290869,0.668625
US98983L1089,0.09937578065178937,0.2282765194120399,-0.2043948999182641,0.0793607220887815,0.4684629656270001,0.6745625
US74366E1029,0.4100637640128582,0.3875907663308924,0.04355428510328925,0.3873708978759884,0.8418644788128518,0.9695625
PLCRTCH00017,1.1602057878846994,1.359203987656746,-0.23544109311761782,0.8474341383924617,3.509012459996305,0.8804375
BMG9460G1015,0.005933502734941946,0.23335589249913438,-0.32682183456038727,-0.018078860385646732,0.4168435963794667,0.4641875
US0383361039,0.3423158270895838,0.32434054878031876,-0.11183077997872792,0.30653741467636464,0.9104216772058582,0.880625
CA1247651088,0.2743973747142596,0.21711803643978336,-0.05188666737372037,0.25824437662868405,0.6545604504379343,0.9141875
US0080731088,0.6039050910245636,0.24965113040743864,0.239835148372613,0.5804606960205425,1.0403479146570724,0.99675
US7416231022,0.4998907984400916,0.28782327943861846,0.08022749217422454,0.47202758734187,1.0030005735325165,0.9776875
SE0016787071,0.8772951509656406,0.8131163238306558,-0.10520814840671383,0.7353150025265949,2.3448064610190342,0.9190625
US74736K1016,0.04517164714223189,0.17570921952823404,-0.21597187644835397,0.029846163993861436,0.35025314939600505,0.5816875
SE0000135485,0.8197664085877727,1.1084200449263453,-0.3114936801348085,0.5795628772924262,2.7142865741838706,0.82925
NO0010715394,0.5394066562931566,0.9295862686877587,-0.45979668633351006,0.3215924909791281,2.2280497998995923,0.717125
CA85472N1096,0.46599146606252906,0.2725428258184053,0.06747242287652928,0.44245374413604244,0.9545019570501391,0.9744375
FR0000065864,0.15359173554686,0.7002650736412219,-0.5958961607637545,-0.0009670311646637233,1.3927476908307315,0.499125
US5367971034,0.23923787786234743,0.19433850513731143,-0.049533285756589045,0.22418382527707625,0.5809331822774901,0.9110625
US8290731053,0.14472352061272262,0.29244914540569855,-0.2552687575423362,0.10874328526167268,0.6746985677440396,0.678125
US26740W1099,0.4552942005967282,0.263634357402403,0.06938986027362797,0.43099282642422804,0.9242764876402902,0.97625
US7311054099,0.4837455609525231,0.7821429175547604,-0.35795632292790547,0.33701134989915255,1.7926654316740152,0.7575625
US85208M1027,0.4278891583630964,0.24681579783262758,0.06196053637030266,0.4067799191448221,0.8734403804529045,0.97525
IT0005245508,0.3843874714791267,5.729810817900081,-0.37161863537158724,0.21452077088872962,1.3344512901925576,0.7075625
DE0005649503,0.8346907181631281,1.1024064371263764,-0.3338218036874098,0.5873147755559549,2.7849313428569595,0.8213125
CA2849025093,0.20779241571601306,0.3412126505715272,-0.263355762595009,0.16523114700728112,0.821084455121115,0.7251875
CA2918434077,0.14086475061829884,0.25139847427843165,-0.21733354033009494,0.11502319145317064,0.5858764984064804,0.708125
US29786A1060,0.05670836575580854,0.13242227405382465,-0.14469883431617198,0.049061369000849966,0.2808564169472617,0.663375
PLUNBEP00015,0.39810845145319274,0.8607349213074417,-0.4963253988525749,0.20664401084587827,1.8923459940474314,0.6469375
PLUNMOT00013,0.44277047064519753,0.8647146018951334,-0.47267554138050377,0.24512921654214156,1.98956352189883,0.672
US70432V1026,0.24706869639655407,0.1935834336274622,-0.04337158319501545,0.23231488794363903,0.5825697275668609,0.9196875
US7672921050,0.5211007930550048,0.2337385393263815,0.17301344633277832,0.5011293159927086,0.9232829545515274,0.99425
US72703X1063,0.3528556806086409,0.3342446483209132,-0.12184565824134178,0.31369398681500615,0.9454785696336718,0.879375
US01749D1054,0.29163490565092653,0.23232181385020464,-0.04875821765803183,0.2717084059390491,0.6988443900151886,0.9179375
NO0013750893,0.768432151285487,1.1967661853489158,-0.38050838407157045,0.5174161952377426,2.7024364768604068,0.78575
US0900401060,0.5213177659180196,0.18069530253058558,0.24894776567798294,0.5100020823809729,0.8288572970346408,0.999
NO0010917719,0.8996842801978165,1.2811287790934078,-0.38696884281646243,0.5987457850662902,3.17994198232951,0.79875
US4281031058,0.04913785012358993,0.2540706399800265,-0.3060973220093448,0.020083032802994963,0.4976300798692645,0.535375
PLARTPR00012,0.19276822764340193,0.6300776420891087,-0.49015735357826085,0.06784482982583614,1.2734328476113699,0.5661875
US2044481040,0.16915479652529086,0.3470533319092936,-0.2854206210142986,0.12583037330546834,0.7742779649944938,0.673375
IT0003697080,2.78818013865726,14.214478373775394,-0.7587693317508667,0.7041296561790994,11.239310735356094,0.6875
US7509401086,0.1408702871893596,0.22017130707986948,-0.17617101690295656,0.12112830818343387,0.5232434066781078,0.7439375
US1431301027,0.25636887306836703,0.24385592628385483,-0.09157605886813323,0.23194835891789373,0.6878177579341086,0.877375
BMG0750C1082,0.09218878318912035,0.1714568337303651,-0.1618125018864667,0.07880465396946307,0.3909834363466317,0.6998125
US2017231034,0.2081668389696966,0.26945377834991346,-0.1040810730819488,0.1879281946480911,0.5809231524410665,0.852375
US35905A1097,0.23352824751258539,0.3790075657706257,-0.2620815384293087,0.1786607325489733,0.8950673684902278,0.731125
US60871R2094,0.15139608425938716,0.1564803836329084,-0.08777253451467198,0.144076800493866,0.4235661681375553,0.84775
US02215L2097,0.3036579924609352,0.19665319423712604,0.014421008114279838,0.2882145538187549,0.6457090599821633,0.9589375
CA14071L1085,0.2684572882215283,0.17904404126178275,-0.00049051340127424,0.2552038973175172,0.5782478100062631,0.9496875
US89532M1018,0.5835758185047937,0.31876391994980124,0.12257694787172818,0.5543862234102598,1.1493926079954224,0.9823125
US53635D2027,0.45506088835246566,0.3687872567703609,-0.048814038112478565,0.41132527878904435,1.1006071594785676,0.9284375
US15118V2079,0.6904236138338593,0.27711001042496153,0.27979329817835896,0.6658103541170739,1.1840915182275102,0.9975
SE0009806284,0.6604944724066352,0.8278979580958008,-0.2967322496157521,0.4978679722537308,2.160701590325933,0.8205
US92763W1036,0.2816259454532934,0.18288644354018757,0.006045412791642521,0.26891254051159846,0.6001655132231832,0.9539375
KYG651631007,0.23573675762809074,0.36158706124013973,-0.23920059502619187,0.18698539990420093,0.8812560038256642,0.74775
GRS148003015,0.48499978171075114,0.6537812910418858,-0.2834003841293602,0.3691002671050113,1.6185645175454346,0.8009375
US69318G1067,-0.0207819509032999,0.18180888453829017,-0.28854339462596135,-0.03500129611998079,0.2974387927018975,0.416
US26210C1045,0.016897511362773406,0.25364628110346504,-0.33504935618610215,-0.012617322649207771,0.478276519353758,0.4774375
US6361801011,0.28842710731243687,0.5609519194069054,-0.38308379818731847,0.18801429387037039,1.2941519054862924,0.6733125
US6742152076,0.2718177259723675,0.20667498904019774,-0.03152742915890504,0.2540767333845826,0.6352898499988903,0.928625
US7391281067,0.18255060236528964,0.4125769107686005,-0.33251661416147177,0.12276792336386276,0.8855236446098429,0.6555
SE0009697220,0.6292004826798867,0.7545153508232263,-0.19978542543792363,0.505448724380389,1.8872976523180323,0.8644375
US70438V1061,0.53951907104841,0.2291195209306865,0.19211752815735625,0.5233512964992152,0.9384599605560076,0.9948125
GB00BBHXD542,0.9905772961441975,0.6824492414786516,0.1024443793480325,0.880496665694856,2.247612598572631,0.9714375
FR0013286259,0.6418949023594547,1.0112677463031197,-0.42355460835947883,0.4173071872652442,2.4437634384352975,0.7575625
CA29446Y5020,0.4429000393235655,0.36936152818552703,-0.06122485836041612,0.3936824077371317,1.098499956590598,0.920375
US15743P1049,0.7721232785693298,0.3680486798277274,0.2413072417363777,0.7333426433460499,1.415865000287457,0.994125
US4282911084,0.06223510909196377,0.17798188875274604,-0.1976546504998422,0.0455915738793603,0.37294857816681787,0.62075
US0003602069,0.3964320573070208,0.4737892578115595,-0.2161995556666491,0.32264826961958315,1.2455498878238245,0.824375
CA36270K1021,0.36503108519342703,0.23487656952327815,0.023502040118191975,0.34440644309645924,0.7742126889921637,0.961375
VGG1110E1079,0.9149373288510407,0.49305317504180257,0.2352039866725544,0.8563372045186598,1.7975396871995013,0.9904375
US04247X1028,0.21656230652546038,0.22864449160529352,-0.11415279420857605,0.19246926109042567,0.616076374821628,0.8503125
CA1366812024,0.13817958097980904,0.21058406210423608,-0.1679766732026236,0.11624440757351953,0.5118677577155161,0.746875
US1167941087,0.2006458526028319,0.2228735373373384,-0.12342031995993089,0.18086862033425286,0.5982280902619767,0.8290625
US0538071038,0.10080373572707237,0.34738618319208964,-0.3570365674794496,0.04976166098577947,0.72058422607632,0.5701875
US8807791038,0.19907722054850072,0.22167867296253013,-0.12261478295552058,0.18128681577209024,0.5877597322019708,0.83375
US98386P1021,0.4172272749219801,0.4637422301114751,-0.19218900399952465,0.3489840067593879,1.2441769335402708,0.8465625
US0010841023,0.17468006214535245,0.18540237502280157,-0.09796039878510177,0.15872947780485408,0.501033361040379,0.8435
NO0010816895,0.3875184425107257,0.8508366369582988,-0.14558963985411374,0.32858300826444564,1.0660749305403523,0.8638125
NL0013056914,0.4112439034361539,0.18658699760179168,0.12853869170039212,0.40114819214770703,0.7278934057678068,0.9906875
US1489291021,0.460787933362196,0.19642887265106326,0.1643816400332394,0.4476596119917037,0.8007087164596801,0.9943125
SE0020181014,1.6092142721888263,2.3172884033111396,-0.3336287472592461,1.031932473695996,5.301988113513784,0.861375
US45256X1037,0.848231521437461,0.6351262307876832,0.042949687640737824,0.7506931101623457,1.955312719279892,0.96
US90364P1057,0.11250008518973308,0.16584391330169607,-0.1372138846338739,0.1009775770397097,0.39828670598981986,0.7605625
US3434121022,0.1697999623392109,0.2604448499928975,-0.2012807534173107,0.14362484031382938,0.6227470536445676,0.74475
NO0010078850,0.40536867630075607,0.6804108007388583,-0.3640132752055896,0.2822771430378239,1.5568327503240695,0.73825
US9264001028,0.11442934879907168,0.21927264526167778,-0.19792548696709028,0.09422791472833705,0.4916967667645625,0.6909375
US69380Q1076,0.23897439971027343,0.30734282698739956,-0.19381142022539327,0.20319509800905872,0.7855375644004994,0.7961875
US4330001060,0.28791800612263063,0.2376697837558758,-0.05433800039719485,0.265192344764644,0.7069735184867848,0.9126875
JE00BPK4NV88,0.9371461268440444,0.5788714102488978,0.1668559198332661,0.8535759397361051,1.9700734349651547,0.9820625
US3647601083,0.3348782680320098,0.21077353258774145,0.018746916230872438,0.31825809696207635,0.6994405899205728,0.959625
US47668J1025,1.1075567662958692,1.6391646609768515,-0.24633264866242147,0.8015279123947445,3.376810992582985,0.873375
US48553T1060,0.5367235352906813,0.21420716522677474,0.21398915273492428,0.5204576178806049,0.9121622478466799,0.996
US60741F1049,0.5006732818608411,0.24192701575989495,0.14376304938469928,0.4819053997033964,0.9185882628940182,0.9909375
US76243J1051,0.4606977863796641,0.22699202675246646,0.12082780715325021,0.44597371829507865,0.8542734473507704,0.9879375
IT0005452658,0.4113691811385724,0.321120493433237,-0.041794149799404136,0.3787145869026462,0.9674420474070183,0.928
US8269191024,0.03042599290148587,0.22479089104044292,-0.2940768073668102,0.005775961356192897,0.43272083388091764,0.511125
DE0005110001,0.32432536003432183,0.8155737958004469,-0.5272838034738413,0.14155939797490433,1.7606983616646972,0.6081875
US0396531008,0.11427539476889342,0.3277098499876091,-0.3202549766057944,0.0670244867079987,0.6966024482795731,0.602625
US62955J1034,0.11848648904004229,0.1572545618121785,-0.1185866480258484,0.10745237836123452,0.38951725854704367,0.7845625
GB00BFMBMT84,0.14718695490138284,0.21129814579540637,-0.16502448279691986,0.1297597256304452,0.5186200936735315,0.759375
US18467V1098,0.18490431443001143,0.35247414790811776,-0.29077300327493827,0.13941422287248637,0.8171803547233126,0.6813125
US78454L1008,0.3697532988774728,0.2311609455812738,0.024846300569709108,0.3524155480173536,0.7777637964484967,0.9635625
US7291321005,0.19784380359936882,0.36640183448981994,-0.2882678652786458,0.14650110767633912,0.8546075330500364,0.6951875
US73278L1052,0.31788434014289924,0.24425835824275857,-0.03863588263956374,0.2968668374681578,0.7540293009204996,0.929125
US21874A1060,0.4439976647786919,0.2669445768846204,0.06766994174989739,0.42051196884997377,0.892211313856737,0.9769375
US19240Q2012,0.4337317291084369,0.2766961113468105,0.03413457574083241,0.4083271318037233,0.9115083176108685,0.963375
US5132721045,0.16438451071984986,0.196183358424523,-0.1228501079122935,0.14756475723609788,0.5140951351539554,0.80975
US61945C1036,0.37279414541987377,0.19826225462126712,0.07168705434179305,0.3560635018776247,0.7194759513785988,0.9808125
FR0000032526,0.4178376569790099,0.48804450154270823,-0.22215286555938157,0.3461515717795488,1.295670739481514,0.8279375
US81730H1095,0.27090794012259367,0.14287864061273534,0.05480842969381536,0.26209180094983014,0.5164564189389577,0.9789375
US52476L1098,0.4480482627135901,0.21692315103317428,0.11828180806160996,0.43361322757633336,0.8281993084046427,0.9885625
US4859241048,0.37782239748335167,0.3743209763409263,-0.130499559719915,0.3281773842491438,1.0521208232214074,0.8749375
US6391931010,0.38906450025112355,0.21849541993175262,0.060471913612431906,0.3722014398805049,0.7698678158583441,0.9763125
CH0025343259,0.14457124393393472,0.3859529082765866,-0.3640021840864377,0.08678871867592941,0.8423635107848629,0.61025
US5535301064,0.06405942783574592,0.2719895902601111,-0.3087441410042797,0.029969706594549166,0.5425691850001853,0.5519375
US3004261034,0.17211753527329418,0.3113033755530662,-0.2529202449063346,0.13321711747754136,0.7367979380571688,0.702375
CA65340P1062,0.36556341172840734,0.22039846995493226,0.033437435246305075,0.34860392139380436,0.7506651282373603,0.966625
US5502411037,0.1248817801943076,0.2233996982757164,-0.1971249248191352,0.10632599410402002,0.5103104166607644,0.7095625
US0901681058,0.2723460135603244,0.29924457472701105,-0.14530626816505102,0.239342536367802,0.8058593250971349,0.840625
US1727551004,0.24501185761276884,0.4129810823549356,-0.2857495013908075,0.1783356176212615,0.9975205149574676,0.71525
US31556C1062,0.4200417290047035,0.28801404494227106,0.005382286958201004,0.39182223552196327,0.9316443780858946,0.95325
US36165L1089,0.7031748880199992,0.2768228837561197,0.2946958043813464,0.6801678423171668,1.1895376814275018,0.9979375
US29355X1072,0.24812724428876742,0.396898720500202,-0.27521625067793415,0.18904562517378076,0.9791740718845948,0.7305
US29275Y1029,0.20730327538302668,0.3394820438649528,-0.2639068313523969,0.17077582322808016,0.8117278546851031,0.722625
SE0017084361,0.4195388288730655,0.5185628032240079,-0.24759258148627653,0.33690661889276297,1.369951426440738,0.8088125
US1858991011,0.13701635114856897,0.21978352185599365,-0.17917412025149332,0.11780707068240293,0.516726485201427,0.735875
IL0010952641,0.18451637667320234,0.20873228256344473,-0.1214910193641078,0.165067784942937,0.5499504475320776,0.828375
US88322Q1085,0.5901568389933772,0.49797222523938,-0.05660700251548338,0.5203336669891904,1.4779434629447143,0.92825
US00486H1059,0.49952909581570565,0.4658682809557548,-0.12502014128050473,0.4347882852295104,1.3360590778864092,0.896875
US1344291091,0.19003754761350414,0.21888581345696428,-0.12881449068242573,0.1695468689186121,0.5785342444108561,0.822875
US5893781089,0.20424053280892446,0.2565068569586368,-0.16041844266134805,0.17759306947259712,0.6600652347089522,0.798875
US20848V1052,0.3563943986718466,0.7126108114450224,-0.21228536363119985,0.29759049618809597,1.0907920947329874,0.8188125
IL0002810146,0.1556010311019988,0.35527825057982076,-0.31441968917242896,0.1057351657493526,0.7907625225009518,0.6453125
PLMOBRK00013,0.14015627612058296,0.34613453697954333,-0.32165934661634127,0.0896308755196101,0.7715067658029234,0.6270625
AT0000785555,0.33526896943500667,0.40204723166923045,-0.19702442330392825,0.2764422545103761,1.0511943103925006,0.8175625
US53947R1059,0.440184895710016,0.42488188670612953,-0.10862760255636039,0.385283304432969,1.1616849977052932,0.8959375
GG00BMG42V42,0.4538263762006302,0.3151642818395421,0.004974270554335269,0.41831445659505895,1.0161160778440876,0.9520625
US03783C1009,0.6345844811015953,0.334315586873383,0.16017550696802826,0.6018150718776241,1.222876977847509,0.988
IL0011741688,0.35618386426856385,0.2426619892068652,-0.003333350772597995,0.33748186749953835,0.7820694385946048,0.947875
JE00BS44BN30,0.5323324711462765,0.2250330819392121,0.19686979032331903,0.5142384624059636,0.9299010410935103,0.9971875
US4778391049,0.24287092471403016,0.357406404783362,-0.24208443804531016,0.19882336914079624,0.8765777128873483,0.757125
US55616P1049,0.031504083486967885,0.204496733783734,-0.26522245467311223,0.011105947522270171,0.3958799092937241,0.523875
US60744M1062,0.35646518425388424,0.3794120105956745,-0.15813220878983897,0.3080820208756845,1.030348521344437,0.8519375
US46333X1081,0.4203222146381444,0.6720364583543881,-0.3821265817400133,0.2936406739264064,1.6570066983550997,0.728875
US9170471026,0.16760247095991362,0.19487745791985187,-0.11911670881300367,0.15113225034599204,0.5137171542050415,0.815125
US1079241022,0.6467585804834995,0.493032968259552,-0.018436912891013638,0.579265604709637,1.55341730652209,0.9435625
US71944F1066,0.5701816320333544,0.2656118683125082,0.17634049434715815,0.5470504248623161,1.0440100670704273,0.993625
US4571871023,0.24872925734761447,0.3230770902119386,-0.20386624676543952,0.2139988881346368,0.8215659707561301,0.7908125
US72147K1088,0.345954902150733,0.3003286220521526,-0.08321134113266414,0.31467781284691115,0.8769211318435861,0.9030625
US26603R1068,0.5141480411742388,0.21976764292455445,0.18625960025812546,0.49865582350226356,0.8956906227705197,0.9961875
SE0016588867,1.0467922091293853,0.9617869226901608,-0.07244864840360274,0.8666613269662646,2.7343179948236975,0.929375
US07782B1044,0.5020705289461341,0.33188167875833774,0.025916426192806194,0.46897183647845,1.0839417499259858,0.959125
US75700L1089,0.26821331496074324,0.17378204693267005,0.0025992319999393453,0.25898031983605296,0.572334302015228,0.9515625
CA8629522076,0.1726142262108741,0.23180693703364424,-0.1698235141319684,0.15123690283015398,0.5811184356245549,0.7781875
US8740801043,0.38710171921439473,0.2025979243020142,0.0832374330495312,0.37147083316855506,0.7398955883206491,0.983125
CH0003390066,0.21921374651931722,1.365920653132913,-0.5665943740613707,0.043326373386858116,1.534893437632564,0.5348125
CH0461929603,0.5678741468690394,0.9719633329113485,-0.44788140553529737,0.3532217439011105,2.265448908505502,0.7229375
US57776J1007,0.15907616895809196,0.2521838573617419,-0.1980197747342804,0.13218370136474575,0.5952720649385744,0.7383125
US7820111000,0.28120208034156563,0.22676022073798083,-0.052054851274322855,0.2604575883324398,0.6866369121077283,0.9150625
GB00BMXNWH07,0.12110017852274146,0.21847416838704692,-0.1935679869679487,0.10063022738569066,0.5066444830386202,0.705375
FI0009800205,0.08438111131732759,0.6722052807799239,-0.6043322479973271,-0.06917370365663444,1.2519522477238791,0.444
IE00BLNN3691,0.19555574272984697,0.212612283444632,-0.12000376751461049,0.1772012925151411,0.5703591113168945,0.836875
US7818462092,0.2116574312830933,0.3732535952281533,-0.2769091037561546,0.1565580088845822,0.8863721969495021,0.704875
US45780R1014,0.024838235725405538,0.18293186977775897,-0.236369209777639,0.005008822119663652,0.3497953609199831,0.5144375
GB00BFPM8908,0.9032151063146364,1.181600831042114,-0.3151309327367747,0.637452411072367,2.941108418202285,0.832
US4333131039,0.24961057472376036,0.21586271706194066,-0.06560726504471182,0.23000784519353284,0.6271887783866475,0.901
HRSPANRA0007,0.5557458197307283,0.9566464305573412,-0.43552168665878094,0.34496218686523844,2.193738424561435,0.728375
CA2499061083,0.6029286469781557,1.0232067906360143,-0.43373764277437726,0.3830572784965306,2.3394754758074496,0.7360625
SE0002148817,0.9570556256454863,0.6980967365241387,0.07378431459337784,0.8510357994908128,2.1637159416907554,0.96675
US29479A1088,0.3306500902662069,0.2769717375741796,-0.06649721029425333,0.303048838268988,0.8183768171302981,0.90775
US5165441032,0.3188937517722669,0.25496228810298033,-0.044093522528719564,0.2941585282961521,0.7691435034415885,0.923875
US57686G1058,0.2674887864933827,0.8616399967895567,-0.2962912303847968,0.19384657374914127,1.048012233649403,0.717875
US8448951025,0.2563887658235845,0.27424660503712367,-0.13279820147805466,0.22872082760883916,0.7404937777136528,0.8505625
GG00BD95V148,2.3795419576742987,3.9820699588114823,-0.2909625616109497,1.4865521793491983,7.75619535684782,0.8914375
US1569441009,0.44671856102677165,0.24193929519387727,0.09037103020829584,0.4277514736242969,0.8671576674591543,0.9830625
CA6837151068,0.21196990869128182,0.23524343718444113,-0.12460999906477054,0.18826348189224015,0.6239038687691987,0.8333125
US55087P1049,0.163459001161922,0.13316809342964547,-0.03819248720371658,0.15470973794041554,0.3896071794660065,0.908
US34964C1062,0.19140475333993032,0.2044010479907365,-0.1135160747130443,0.17510068473382767,0.5536337608238544,0.8421875
US1033041013,0.1645705616759493,0.17548212328911267,-0.09717715354698522,0.15179014796541324,0.4696990210292007,0.84425
US5962781010,0.30020065829993225,0.3060868913240354,-0.13377396035491695,0.26840133094371543,0.8356847355586108,0.8600625
CA98420N1050,0.5531794503127923,0.2211509298772926,0.2184679658218528,0.5369610473294467,0.9241682180591031,0.9973125
CA89679M1041,0.3518498872633194,0.3047777428835292,-0.08521452603373927,0.32026491833285875,0.890764445706321,0.90175
CA0565331026,0.24320013894078363,0.26193354552428344,-0.12452089296056125,0.2174375290879938,0.6965649946802277,0.8490625
US6866881021,0.2262318980714894,0.21499454293907497,-0.09084515997463015,0.2084124654941017,0.60195541944689,0.872125
US88025U1097,0.05625580934131344,0.17832391031133912,-0.20792481040687388,0.04314943304776979,0.3689776568380574,0.6084375
CA03772D1015,1.0147865344094427,0.3152895255590387,0.5369375946764833,0.9918278868429883,1.5570092384134906,0.9995
BMG3922B1072,0.34591610280754137,0.2708246808798903,-0.04571915735131012,0.3206156315593855,0.8285018179321502,0.9210625
GB0022569080,0.5668099973301873,0.5642184344765979,-0.14173494238908368,0.47950089421779385,1.567527355701354,0.8895625
US6047491013,0.4458714047131797,0.23716562293660237,0.09596337504585986,0.42838177364686336,0.8598082042434199,0.9825
US2528281080,0.5416354777043255,0.292732787268854,0.1130664905324891,0.515153861013502,1.0518363889180116,0.9831875
US03957W1062,0.2244190862555392,0.24993857453012794,-0.13248494865014873,0.19816600422778535,0.6638793316068303,0.83725
NO0010714785,0.9196910571646053,0.9165061606437553,-0.12563227855341477,0.7411969618727354,2.5081339228092774,0.908375
CA24477V1058,0.3509423091046338,0.21997212039312794,0.027308513640542886,0.3332437351640394,0.7330620538937426,0.963625
US5018892084,0.4838677886985529,0.3463748904003929,0.00024511565376106017,0.448672727740856,1.1011401361389452,0.9501875
US90184D1000,0.2839476672695025,0.2946476691977271,-0.13020181320051905,0.2509920368002923,0.8022457922490066,0.859625
US12769G1004,0.23179270785068484,0.17757859524253575,-0.03597921432991594,0.22014360147227133,0.537369862707496,0.922375
CA89072T1021,0.9731366280605548,0.6969822201555165,0.1008812615265573,0.8667402965252154,2.185776650525692,0.9689375
US5764852050,0.4030706674476377,0.2058871252348609,0.09435935523483457,0.38664386192981326,0.7651344803332518,0.9850625
US98956A1051,0.33518683082973505,0.23676092185904438,-0.011228722974087661,0.31723870747534544,0.7507631447327957,0.944375
US78475V1035,0.4343017290201822,0.2867683786925014,0.02884727183345358,0.4063831080129463,0.9276006311965269,0.962625
CA67000B1040,0.3395873447144769,0.5565129498429867,-0.35112721059365976,0.24327975059092188,1.340026801112814,0.725375
US9282981086,0.12116658695184,0.639807676889,-0.5063768738496542,0.006650789975486516,1.0920540781161674,0.506375
US84756T1060,0.6397584236189824,0.6721050242682465,-0.19248167287241252,0.5182011590004753,1.883642866631476,0.869
FR0014009YQ1,0.8222695357205532,1.3309171374123987,-0.36000280925246697,0.5529059770204847,2.8149803855084015,0.8088125
US8793691069,0.11597868339675164,0.1910838620961744,-0.16902166642438557,0.10127138044912873,0.4507269127694345,0.7286875
CH0111677362,0.14778462253182129,0.4488124802286429,-0.40314209401914763,0.07638879976242104,0.921180040324921,0.591125
US01862Q1076,0.3673823419580894,0.29149680743699496,-0.04288314649669815,0.33614548303542147,0.8901973020071012,0.9256875
US5150981018,0.042357133066830456,0.1630680796443493,-0.19854322597156965,0.02936495270027393,0.3211687605153444,0.5808125
US37637K1088,0.37281286401496194,0.18580565427545057,0.09286532738200172,0.3593064755699902,0.694752040381732,0.9868125
US21044C1071,0.31126784762524573,0.30213228981924994,-0.11652707058836684,0.2785638300129649,0.8540479263182122,0.8678125
SE0016074256,0.3362276002528929,2.001838852341276,-0.5211567822723275,0.13078401669897183,1.7600689329436021,0.60325
NO0010911902,0.2963966447362577,0.5961525820384921,-0.39969841513437043,0.19403834303719036,1.3143561325941615,0.6779375
US9182841000,0.2739796488349343,0.25244273800642203,-0.0902316061374727,0.2500368907885351,0.7188950966160255,0.8849375
US0050981085,0.0511150756812509,0.28664737176301863,-0.3410363272621697,0.01561620135352568,0.5626128373082245,0.5249375
US1714841087,0.5452500538820847,0.3045977054855349,0.10649738734340641,0.5162279582428903,1.0805153635971418,0.9815625
US72651A2078,0.14611876103963342,0.18051752711058275,-0.12055952723419233,0.13079344880560376,0.46585130841307715,0.800375
US6876041087,0.5713303214996297,0.3187747582939658,0.11746737162123794,0.5401828441362868,1.1266620059413492,0.9844375
GB00BRXB0C07,0.3723511401970892,0.2949361878117247,-0.04259282725157288,0.3418161132608607,0.8931944143321707,0.9270625
US0936711052,0.22153573899962345,0.9395075474025043,-0.39143401567342545,0.12419327279983926,1.0886369648302288,0.63775
CA04302L1004,0.6651074930309023,0.43766071182400335,0.08990252439172823,0.618606593343907,1.3804037408999665,0.9740625
US7415111092,0.10573552878548756,0.39687440113452355,-0.3963095101457643,0.04621849972048225,0.8132564158150292,0.5600625
US36262G1013,0.36717117499335344,0.21322354958581308,0.057404404779388116,0.34983706699447115,0.7347070532820695,0.9744375
PLVIGOS00015,0.29871771430981103,0.45755815575907294,-0.2881075082057756,0.22794809809443461,1.1205056358395076,0.74475
PAP310761054,0.28303716061133416,0.21263765053726838,-0.03360932932078794,0.2642615328963006,0.6607471987507866,0.9295625
US65336K1034,0.3519870419721865,0.29452614572105584,-0.07306837730022708,0.32367432091803644,0.8661156162333146,0.9083125
MU0295S00016,0.6189496999838979,0.3288375156332675,0.155139395243509,0.5894726180913182,1.1584907123811807,0.989125
FI0009010862,0.3965647986543453,0.6073717664609888,-0.33346891473699264,0.2835408856044964,1.4716088970886494,0.750625
US50012A1088,0.26473301830030344,0.19695151940114786,-0.027548026392258184,0.24887113448335357,0.6033721470927713,0.9325
US0239391016,0.28396194871657515,0.25545192404961126,-0.08872017470359436,0.2603588378774742,0.7404789116912577,0.8890625
CA25466C1077,0.4182463189251652,0.3437488758798237,-0.059443727738763684,0.378295670734881,1.0205861768672606,0.92
PLMSTZB00018,0.5356800028629215,0.9683191901503856,-0.44800695058318646,0.3205327596455031,2.2125613955229277,0.717125
GRS404003006,0.5519590971363948,0.9884070777593585,-0.45719215628966003,0.3343457309804395,2.254549246565693,0.7180625
US0116591092,0.38345347956226605,0.228453209623089,0.044222306921296216,0.36564014063598005,0.7855545344038697,0.9701875
US5596631094,0.2920937839642524,0.20237809659732262,-0.0015995909845794695,0.2764543183069966,0.6297624549606754,0.9485
GB00BJJPX768,0.8199818907763934,1.2201244569377758,-0.35306149513907,0.5783271485765235,2.8270096891401675,0.8126875
VGG0896C1032,0.29855646298492616,0.2150863542633887,-0.015000942734229571,0.28087015960324213,0.6743107092927945,0.94075
US53220K5048,0.3609497538076486,0.2708333045831685,-0.025579266944272396,0.33402251900365737,0.8394322793660111,0.9356875
US69349H1077,0.0910488206579829,0.2509304716317173,-0.2629689663289411,0.06371128689461603,0.5336569022170129,0.62025
DE0005498901,0.7801002917796684,2.0909330920071807,-0.383176857725232,0.5011074424969366,2.7106185001240988,0.78725
US29605J1060,0.4791038798982172,0.28564558087793207,0.05953204809876551,0.4505907718269291,0.9767081515091774,0.9715625
US0003611052,0.20522236313983044,0.3180047084010008,-0.23693443097082095,0.16735468749249194,0.7677236903877231,0.7440625
US0130911037,0.38892267383917684,0.24566382243600474,0.028785971215451997,0.36804303548999273,0.8208198216828823,0.962625
US29414B1044,0.502985283923848,0.2638189373849024,0.11147040110938322,0.4819820423496353,0.9694503331541208,0.983625
CH0048265513,0.10201271217998067,0.23340326428041777,-0.2296521999363629,0.07901756186571088,0.5193395979086298,0.6543125
DK0061412855,0.4002075677835817,0.620459016060745,-0.33429908952150866,0.28241699113148916,1.5125959762874905,0.749125
PLZTKMA00017,0.3050068484304985,0.8097364119355949,-0.5273726645274871,0.12522252208195753,1.6787755757794065,0.58975
US0044981019,0.33626519829618046,0.44609193125883595,-0.25087320184237305,0.27213315195819765,1.132084923252239,0.7875625
CNE100001ZM5,0.25521249688351055,0.5175082196867015,-0.35351428158692033,0.17392388970041328,1.1244063728721803,0.68075
US6460251068,0.19104722599719162,0.25953836899277793,-0.18617460036321135,0.16798220842741107,0.6518475318827751,0.7745
US42704L1044,0.1706012208057497,0.22016546166756729,-0.14537679341699722,0.147784335773897,0.5528935234944131,0.7938125
US00108J1097,0.3124789380185115,0.38978925580421825,-0.21411808585521147,0.2595283057307634,1.0057278163660006,0.80475
US98311A1051,0.3873846691635584,0.2024031664193504,0.08662284621134377,0.3736057036165764,0.7348216097329815,0.9845625
CA6752224007,0.35048373738447963,0.46526216177049134,-0.06823732386395545,0.3142641295241895,0.8670731149587287,0.911875
GB00BKP51V79,0.7785529160112933,1.0786057254856973,-0.3633567420722422,0.5444128199046026,2.679782609278884,0.8011875
US1474481041,0.3429809082559275,0.2662036606985479,-0.04031288260410842,0.31583071637775706,0.8129121324213212,0.926125
US76655K1034,0.46451144392181926,0.3249425376988332,-0.0064779332297374625,0.43448347247419994,1.0424985569091136,0.94775
ES0126962069,1.1953864208521514,1.3488171553588153,-0.20781421010471593,0.8959123310173788,3.6377620338462413,0.8884375
US8354951027,0.16725879944556368,0.22890402975838633,-0.16976301764541976,0.14752223344288187,0.5688827944869024,0.77775
US69366J2006,0.3421057246479675,0.24800708357784543,-0.019514063047168097,0.32238117351205364,0.7681076687863434,0.939125
US25659T1079,0.5610492639981333,0.6189436039650814,-0.2044166771842152,0.45511754269416704,1.6789581345063658,0.8546875
JP3170800001,0.22982621390174945,0.43410199975877023,-0.32836702785776983,0.1621459871305063,1.0320978682178774,0.6865625
US1264021064,0.10772920662968428,0.24808017007618385,-0.24056470932720225,0.07982361827659523,0.5522829949448358,0.651625
CA7397211086,0.19319858060066997,0.20545184440054057,-0.10727369130104776,0.17430179008335867,0.5519481213280497,0.8443125
JP3827200001,0.33489689997635275,0.32956086303571414,-0.12016394237919797,0.2938219434575976,0.928396080179341,0.87025
US29355A1079,0.13326982725300535,0.15627237930907878,-0.10053872960662298,0.12267961944081969,0.40414479102760203,0.8136875
US64119N6085,0.3927812817208039,0.22343593457757432,0.06127033588827388,0.37772274304285014,0.7794860668841188,0.97475
US2041661024,0.42715555355346474,0.2249420578107134,0.08981919630681912,0.4084477062731957,0.8207784166917177,0.98275
US7504911022,0.402019911102697,0.3171394205084473,-0.04300021945343909,0.36980358418380244,0.9596028950852857,0.9258125
CA68390D1069,0.32645169375111827,0.3588785596111367,-0.15907209649895523,0.28311757684760186,0.9477215403388505,0.84525
US80706P1030,0.5016709224228433,0.22477420093477282,0.16549170004778918,0.48493865008031634,0.8954435958409946,0.9934375
CA61178L1013,0.37063250953823035,0.2702223623056803,-0.017553491576234367,0.3434955761936179,0.8468600645522576,0.94125
US49845K1016,0.7547350135402663,0.26588359894219743,0.35891028824626586,0.7332445830362515,1.213812922271082,0.99925
US74758T3032,0.05288970372839787,0.15927128764687135,-0.1806422577512706,0.04028715604514667,0.3277293802323773,0.6141875
US00090Q1031,0.2158382626705199,0.3327053277134033,-0.2425998625586911,0.17754648792758446,0.8050627684617393,0.7480625
CA55293N1096,0.3416951705725836,0.26436135416334366,-0.04370612348164657,0.31775125945415617,0.8115690982717708,0.9269375
CA7847301032,0.3966684124634975,0.31169671706362917,-0.048688288121288496,0.36437111017010126,0.9532785372141738,0.9250625
US6267171022,0.09502181607983701,0.19739756895758925,-0.18960413588686406,0.07876289247264681,0.43745631398303625,0.6805625
US0921131092,0.29066328177082457,0.33498398838801,-0.17077337830336442,0.25081375480046286,0.8860244197325777,0.8288125
US0338531025,0.40102567844826587,0.35812265920236813,-0.0993164081909949,0.3601591642085862,1.0332489701436416,0.899125
US3873281071,0.1573621248366956,0.31671194234029715,-0.27725854371315817,0.11793402227014703,0.7310518357979775,0.6759375
US12653C1080,0.048098692385513855,0.19067505458020528,-0.22919522085938804,0.03161214275991388,0.3803969736143614,0.5750625
US9047081040,0.04466264054663514,0.3513502620728448,-0.41557072217492785,-0.006779786696081519,0.6765160546988284,0.4909375
CA11777Q2099,0.4601258913342063,0.357449822899686,-0.03872833939244485,0.4177062454244095,1.0825164754709515,0.9335625
US7055731035,0.5755435969111695,0.3857606312241415,0.03551840519583573,0.5269086344534145,1.2701703706613645,0.9614375
US5303073051,0.8602090530767136,0.9650453455112318,-0.18027334582437562,0.6759788212592227,2.52418618551543,0.8888125
US74587B1017,0.4285123624379444,0.5133013450417064,-0.2106786240865562,0.3553085655493127,1.3115233125323482,0.8279375
US83601L1026,0.19339531103140603,0.2514068755953,-0.15765096493218483,0.1698026612957675,0.6255758052996218,0.794
CA9528451052,0.4698960932529242,10.075872810555857,-0.36603895662228736,0.2639880989370847,1.549186249746235,0.726
AU000000RWC7,0.26764347007846767,0.20737870572252043,-0.039842060043670954,0.2502888675883714,0.6229598681915044,0.9234375
US5463471053,0.39906746238582363,0.23735620918821024,0.045728559066714594,0.37870859596470163,0.8205630000095384,0.970875
US55405W1045,0.15759511499740433,0.32500489976164076,-0.288658165467156,0.11419515593203909,0.7365115837687444,0.66675
CA0089118776,0.14581703372591404,0.1800772375373653,-0.1271575735000022,0.1328238183434008,0.45896526376049324,0.8019375
IE0003YHD8K8,0.2898995852295038,0.3334253945468645,-0.17473856907164542,0.2501421139093979,0.8907937224684704,0.824125
US1630721017,0.018820066389639616,0.16004080755576197,-0.21656088707955645,0.00563009928528382,0.29592344135951515,0.5179375
US90278Q1085,0.29528074366684587,0.35955008914312286,-0.1983250156389203,0.24879787301311979,0.9240702273285242,0.8134375
US5186132032,0.14826984962933148,0.2626613685087445,-0.22441482180024883,0.1187617731090922,0.6197738926797143,0.707125
US9168961038,0.587185461696806,0.45695904277998256,0.009997226933089366,0.5396567156666456,1.3143797139328846,0.9534375
US3846371041,-0.002720463421871225,0.6202538099298869,-0.6431342903471621,-0.14172381395905675,1.103749774463632,0.3804375
US4532041096,0.22988606965888983,0.2604273263786991,-0.1443407648404188,0.20430108434385214,0.6864178021994359,0.827875
US60365F1093,0.3355419555518435,0.25640264588045275,-0.033139069504274705,0.3131669520546535,0.782208468119791,0.931625
US91879Q1094,0.22062241782085149,0.22013115653148863,-0.10426617188696158,0.20489778693585103,0.602865801192047,0.8598125
CH0334081137,0.6964351391923262,0.4667264409977509,0.07750542892543302,0.6387977570056794,1.4940709447082487,0.9725
CA09228F1036,0.1318086370620911,0.5051386941192302,-0.46732729589218674,0.04036955917924717,1.040862871258848,0.543
US3020811044,0.5417015678006815,0.3188550964472997,0.07914700351349442,0.5113801408128091,1.1009230914772432,0.974875
US89422G1076,0.4007289600141203,0.23265025091937835,0.06277825844515803,0.3835648808434381,0.7985768651548493,0.97425
CA3012831077,0.2562016142785538,0.21837813389862354,-0.0680442825226801,0.23989704397001127,0.638329174498987,0.8983125
US26856L1035,0.29978456198903425,0.20633673693654675,-0.0010972884078154384,0.28190411458176057,0.6614116136279973,0.949125
US98423F1093,0.1985226788713505,0.2774632623096184,-0.18509132110650622,0.16780702703798117,0.6792290221973216,0.770375
US9252831030,0.2821461459910249,0.331152273817099,-0.17869759771843305,0.24558164918470393,0.8665541418731191,0.81725
US3719011096,0.3228208925020619,0.3095418835779111,-0.1151655420224575,0.29201071632061604,0.8494567315879838,0.878125
SE0016609499,0.33440230276604255,0.3558712939298374,-0.15448267326877563,0.2924664994122824,0.967534194059842,0.850875
US68236H2040,0.8060935283357465,0.4645512091304772,0.16190090137718072,0.754027624249573,1.62132244988636,0.985
US29445S1006,0.3235862756591213,0.3657997079611563,-0.17843732022893682,0.27893658881335526,0.9710175029658765,0.83675
BMG9456A1009,0.3077441295109552,0.27945113739865723,-0.0915643747269252,0.278360045593402,0.816484937622817,0.8913125
CA4085491039,0.2781712872204997,0.27288546724498824,-0.10571550974249246,0.248517359734787,0.7514646720500077,0.8736875
US5012421013,0.11740213149481389,0.38786553434394533,-0.3772770957534528,0.05943904023887203,0.7996674539519444,0.57525
CY0106002112,0.3762883944884761,0.3351663014990564,-0.0866223942704388,0.33796885287275086,0.9668322389513078,0.901
US8086251076,0.10353401780100856,0.21476176613696482,-0.20138230098437293,0.08251309204508697,0.4767453234837002,0.67475
US6752321025,-0.02562740981246309,0.2926963894924603,-0.4238626329824335,-0.06415980162692657,0.5011097373337198,0.403875
SA000A0MWH44,0.6591656611046847,0.41333381864971824,0.09394631770354823,0.6138360110690038,1.3652347265889357,0.9761875
US9222801022,0.3883924725788747,0.18716331056717628,0.10271472788138519,0.3768931343755068,0.7054190210788482,0.9869375
CA11276H1064,0.042245576664606786,0.7134739103884804,-0.6275190045507054,-0.1025636781857737,1.1382982260359187,0.4164375
US26818M1080,0.6539618774927045,0.3086453723889241,0.20480326951604644,0.6252585230314064,1.1970592423537008,0.992875
US74164F1030,0.2771829237286488,0.24230199700697894,-0.07474448161818029,0.2551939718300419,0.7022098038328749,0.8985
US37890B1008,0.2534537902986345,0.4338987690446596,-0.30712123169584193,0.18748113453099702,1.0447100481025369,0.71725
US89531P1057,0.3150546358729575,0.19764138571932005,0.02078650992243032,0.3025968178797959,0.6520940098752278,0.962625
US3535141028,0.17389528012505187,0.3655460937992842,-0.2957133161443877,0.12537226553456804,0.7984209663038712,0.6715
US68235P1084,0.1735783199603605,0.24994679831182662,-0.185093537994917,0.14658205565308824,0.6153126578865965,0.7615
VGG069731120,0.4530148099526439,0.3273376132713333,-0.012314923276322057,0.4198736518617424,1.0372118306640523,0.9445
CA16141A1030,0.24831261179628852,0.2160012139147584,-0.06926224090643414,0.23154906805018555,0.6230951333860465,0.89725
US0869211039,0.4280582860706311,0.3217461608726655,-0.030897998519941888,0.3935897724272923,1.0084489188609165,0.9346875
US76680R2067,0.06413787644598883,0.17185281588254886,-0.18987967726500735,0.052829258436793584,0.3516338615129383,0.638625
US92047W1018,0.26502762169525895,0.19651433997498569,-0.026077361476342372,0.2505823158251844,0.6010453794971642,0.931625
US0537741052,0.055386012656781405,0.2539021811389814,-0.31020007288263746,0.029427328517297513,0.5053779624281675,0.55275
US1508701034,0.38648590365457886,0.24167897627177193,0.03307790017219167,0.364847975688332,0.8059630914404157,0.9650625
US0994061002,0.44296501687131223,0.24925579096294406,0.07500518866072943,0.42239545021224556,0.8795378060460349,0.977875
US1699051066,0.10471435244508026,0.17248525053905875,-0.14891544042523366,0.09053317575786549,0.404257800286071,0.7265
US0028962076,0.17003928829969323,0.22563028723104323,-0.1495254075962927,0.14563793837326722,0.5684479753543336,0.784625
US1096961040,0.44810527557025415,0.8432816789097318,-0.3476461483746747,0.31846870751882306,1.5972093481581124,0.760875
US59001A1025,0.2704898755647646,0.2684114814933071,-0.11326188883194686,0.24205577357713354,0.7551686790797499,0.86475
US9713781048,0.3177731007675913,0.25456089817124505,-0.05011315578144391,0.2932910303455669,0.7711755550454252,0.91675
US0900431000,0.31241445164307813,0.18633714691576045,0.03345595845863367,0.29986587027349665,0.640062972632968,0.967
US84857L1017,0.2194290680285516,0.22738164356079896,-0.11406120787213173,0.19878079050023562,0.6152101022439428,0.8508125
GB00BYMT0J19,0.14828246049456545,0.2199322701174776,-0.17294273135453317,0.1329764841222264,0.5287506018271378,0.75425
KYG2545C1042,0.9800594396387341,0.5949300153375789,0.17780063509480212,0.9006684156203684,2.06120565327636,0.981625
US6811161099,0.6096443458468651,0.2828774058529154,0.19837950603338658,0.5823394670132268,1.1034849823185486,0.9926875
US48242W1062,0.43908801935007297,0.3715020116838743,-0.07314122256165323,0.3949357973748901,1.0850755377320846,0.9170625
US9288811014,0.2926146547398979,0.2601430414899281,-0.08049439852526542,0.2687733476677363,0.7424636900196095,0.8979375
US04965M1062,0.4419930820543794,0.2290909046957382,0.10600641928129935,0.42489832179058296,0.8312333619195614,0.9870625
US5021601043,0.20702080576360193,0.37446899074052653,-0.2927954214636695,0.15519351605490986,0.8739678906736349,0.7033125
US5766901012,0.31374914502716716,0.5032965633596673,-0.3145317305076904,0.22377099086341729,1.2322272737285298,0.73175
IL0011974909,0.45946388517912434,0.3672441311692301,-0.04817855191748175,0.4178750753356931,1.0984546947010034,0.927
NO0010405780,0.6553018450877154,0.8452815911007587,-0.25742657434501237,0.5037313146647374,2.0661760611994775,0.838625
US1564311082,0.5186448027704824,0.5734939026077144,-0.19982101469447772,0.41928455045008206,1.5544106618383065,0.8534375
CNE100003NL9,0.12263168172625714,0.35339413897325983,-0.3450810136522188,0.07461385531306036,0.760302875947841,0.59875
DK0060915478,0.4571180908020751,0.6608921930233619,-0.3282772431912397,0.3326197822014717,1.662984809043853,0.7666875
US4657411066,0.32455980167442305,0.24950322339024816,-0.0372807838396789,0.30030744110528357,0.7687071434045398,0.9265
SE0013647385,0.7501878301241186,0.9296832258385693,-0.3013679482075705,0.5547721465544284,2.4468249698604034,0.8351875
US0042251084,0.3706618129193303,0.21025693960555114,0.06058223735642836,0.3539271716219583,0.7410264485780917,0.9775625
JE00BJYJFG60,1.021848117565175,1.2568887118803995,-0.27203307527250464,0.7535886390473904,3.170685952752131,0.8639375
GB00BLGYDT21,0.777877495230615,0.8120287770870772,-0.16540017931009177,0.62907384757816,2.2383683576091054,0.88975
MHY410531021,0.23155507741589926,0.30601570727500266,-0.19202146098455625,0.19553851439866182,0.7639357302272655,0.786125
US50050N1037,0.19553480240407087,0.25862947262802677,-0.17069086503816117,0.16922058047949043,0.6490088983954119,0.7875625
FI0009008270,0.11733193817912405,0.6232196633500783,-0.535308475347288,-0.007737780294835245,1.1879390379030852,0.492625
US1046741062,0.3158828351713856,0.5604603720429032,-0.3529046833833007,0.22513155805150317,1.2859695572837657,0.70925
CA55027C1068,1.1146216228434807,0.7830376806986765,0.1458882409035382,0.9871093726310542,2.5094037652506773,0.97875
US09681N1063,0.2558521574998178,0.23081996042317365,-0.07531283704519387,0.2346006404302998,0.6601076041451408,0.888875
US9467841055,0.6398581467741151,0.22362923528524853,0.2915543531961315,0.6281870218535327,1.0297480322871484,0.99925
US1421521071,0.8214690109411726,0.36770265848523953,0.28800385356093733,0.7844552059251196,1.464111778087645,0.9963125
US3383071012,0.40381020509291554,0.2098901127967773,0.08916702146698065,0.38959368716494047,0.7676685507591603,0.9846875
US8308791024,0.26080802409199716,0.33254146392359146,-0.19487188021692575,0.21921630642199774,0.8493477680235844,0.7945625
US72703H1014,0.5250771127453908,0.2658110541536597,0.13206240004570302,0.5030048594765782,0.9888841094631783,0.988375
FI4000480215,0.09778390731614726,0.40984473309537567,-0.4224556079752191,0.030419460451459546,0.8486217435381799,0.53375
US83418M1036,0.30023238823031667,0.23153295386233783,-0.04073310570744112,0.28060768060255203,0.7063800291621986,0.9229375
US8941641024,0.23101274587539475,0.2215229882290823,-0.09369496460252791,0.21507439078652052,0.6203184311616392,0.869
CA05577W2004,0.19299228435153212,0.17771126241254173,-0.07257105376424663,0.18050715331177597,0.4969978263667776,0.877125
CA39944C1005,0.4827301845818032,0.2743107908256921,0.0858820217307462,0.45717435888410135,0.9643741775622504,0.9783125
CA7142661031,0.5559759105855647,0.5935666680851647,-0.18002107016301214,0.45881744485386083,1.6008217332957575,0.870625
US13057Q3056,0.39792877201065807,0.26776044594864884,0.006355667253179603,0.3720159950944444,0.8740717665850986,0.953
INE0FS801015,0.2983775577982949,0.21832808669979198,-0.027331556222113106,0.2820911497388793,0.6796573752274583,0.9334375
US3976241071,0.07535890102107037,0.2954077475687842,-0.3273198352638898,0.03765712392395041,0.6040687984027662,0.5601875
US0024741045,0.16208763043406377,0.23395777553190178,-0.17983311476247635,0.1405511731542361,0.5713584908132474,0.7625
US29415F1049,0.13605764254285596,0.18560383297643568,-0.13749778228515522,0.11991443071732669,0.45937833274056167,0.77375
CA0158571053,0.19016445903835136,0.4092765285179914,-0.3399848007325287,0.1268615202193717,0.9210115987846129,0.6605625
CA53278L1076,0.24128453346078882,0.30592725797009435,-0.1773035190850409,0.20582212693429885,0.7751080187164104,0.8004375
IT0005108219,0.265865644703359,0.8260725628332389,-0.5346089250097293,0.09761776587810025,1.6230930029740356,0.576
US6989551014,1.2703147816259683,0.6781960696146812,0.3710765238783128,1.1786296951298942,2.493536503882242,0.9935
IT0005453748,0.6318105524353648,0.7073917249735893,-0.22228708606648162,0.5017811380302101,1.9298200543961392,0.8516875
US00510N1028,0.4719094147623897,0.43656723084799,-0.0668972760112925,0.4222512702512501,1.1666960291861401,0.9188125
US30069T1016,0.2558488066319125,0.2117926863480241,-0.05937886187162119,0.23845667058904835,0.6321665961808843,0.9019375
US6680743050,0.10610274349081117,0.2802334410183174,-0.2569557208932593,0.0776161056480634,0.5661984127680444,0.637125
KYG2646Y1044,0.8222137291223333,0.3799867027714014,0.28131242301419757,0.7825263841538301,1.495644631310778,0.9960625
CA87505Y4094,0.2516623043487905,0.2199034239254672,-0.07543489423328743,0.23485565651024426,0.6368597565162828,0.893875
US45579U1097,0.37584490370339696,0.42901881930900293,-0.17157365737391522,0.3176927163602346,1.1246778275648113,0.844125
US00737L1035,0.37755422472802197,0.4489777831798056,-0.19899072466273413,0.31283006005494907,1.1511647242658574,0.827
PLWELTN00012,0.26169936119727366,0.7811625536047809,-0.538502436042176,0.09109197909347655,1.6075639519043694,0.5705
IE000GID8VI0,0.5786299540493582,0.38474759305737655,0.035481314185802505,0.5356896165123295,1.2689114575511307,0.96175
NO0010927288,0.23979154452322426,0.5279638635252691,-0.39785369841500884,0.14637496666256766,1.1974981589047176,0.6443125
US92892B1035,0.47430155302634264,0.3411723309364891,0.015650953781051802,0.44106910951228906,1.0362857313405522,0.9558125
US10316T1043,0.22570505213322384,0.2769586444768125,-0.17063014464566215,0.1979807230716868,0.7214335908596119,0.807
LU1756447840,0.20298086529766934,0.26972429339478227,-0.17898201751607928,0.17381766933255688,0.6813086161197935,0.7833125
US5770811025,0.4227767159704475,0.276178150518542,0.014897363302295255,0.4007907739940372,0.9130311579209188,0.955875
US53229X1019,0.4125160513744878,0.24901351658974966,0.047082440143548815,0.3919456938813649,0.8436846673275301,0.9686875
US0545402085,0.14071625979888325,0.4029387703056135,-0.377456591987566,0.07812898226664958,0.8660687446134053,0.5965625
US0708301041,0.36574823884805996,0.27186936076374096,-0.022433838761033536,0.33957679017166176,0.8301130798486065,0.93575
US45826H1095,0.08883731476668422,0.30634083671450435,-0.273522173703151,0.05895564329629091,0.5399680375031577,0.6036875
GB00B196F554,0.9362197270946515,1.2388454544860419,-0.30424156871904684,0.6625321134862248,3.0268298837659304,0.8423125
US82982L1035,0.3976793785725549,0.25578060165416994,0.020320031671519353,0.37429879118075393,0.8500685447047935,0.9599375
US64125S1042,0.9691821095974373,0.45719222905584356,0.33215481890459553,0.9175095988640425,1.7850228247646878,0.995875
US2582781009,0.3116056815341802,0.2675150257999708,-0.07664421212548989,0.2877299769895826,0.7774516238858102,0.8995625
US1495681074,0.2675632528400232,0.4442169902577211,-0.30507808243368945,0.2055919176619691,1.0655534595463048,0.7195
US65487K1007,0.3001041139600715,0.29642558898616905,-0.1130458009602333,0.26598731502335976,0.820316768791749,0.8666875
US93627C1018,0.2792941085606492,0.3318943188614227,-0.17323197834548862,0.2363581908730781,0.8615635924302817,0.81775
US44930G1076,0.2225687280492154,0.25541767067184035,-0.13872468833909837,0.19689021978427235,0.6675136196214351,0.824
US75943R1023,0.5055250853454776,0.27231148753527606,0.1042766039678535,0.4834177719185848,0.9823998523697873,0.9831875
US29337E1029,0.33340364004232753,0.2732632152051498,-0.06006631756838097,0.3072412892100427,0.8099685971506014,0.9186875
CA4991131083,0.3453657097516783,0.2749139832361571,-0.04631985629825076,0.31742631714924685,0.8383312320914533,0.9241875
US5006432000,0.3059644043909507,0.3866712747113452,-0.21136617910671515,0.2557927244518734,1.0040437407390594,0.7983125
US5526901096,0.18628653296222827,0.25731919521300184,-0.18008726582165177,0.15743345813452714,0.6424236405447977,0.7798125
US7310681025,0.04479186432576404,0.16109019204106173,-0.1979081995364319,0.03441237298469637,0.3200109001113542,0.59875
US1251411013,0.3191028615179217,0.3663718889022029,-0.16704076888735564,0.27334594490635844,0.9384542916462418,0.8373125
FI4000523675,-0.030540309563573977,0.4201520179608012,-0.5232553549187502,-0.09910802336616747,0.681808263379181,0.3813125
CNE1000003R8,0.36460905176672,0.37346046561134744,-0.14829465778689965,0.3210863454263144,1.029486322535568,0.86
US3984331021,0.3402983346584317,0.2932635370755877,-0.08348361998887457,0.30991664637773664,0.8606717776073547,0.9016875
US87583X1090,0.5331256350505307,0.3525438453237076,0.04270717791196905,0.49130336269239144,1.1700727889742177,0.9641875
CA83342V1040,0.5320795148207749,0.3656911962158863,0.024278769842559843,0.48903780244645795,1.1828295298349827,0.959125
US48238T1097,0.14619856646035914,0.23330642518830066,-0.18783993463222456,0.12370617889042541,0.5558644643164731,0.731625
US7789203061,1.107990232830397,0.6509172446655613,0.2517476829546942,1.0166875797051194,2.276372315954188,0.9885
JP3336600006,0.36141298313794246,0.32572459197456705,-0.09959501092588019,0.3244443432652456,0.9326278802630958,0.892
US1270551013,0.1275537669778812,0.32540015118765264,-0.3068401717517646,0.08428005691596499,0.691945576997252,0.622375
US87157D1090,0.06512690426796983,0.22769171120725068,-0.25872511965858297,0.04281432383853447,0.46418135079745887,0.5851875
US00246W1036,-0.06436733396114888,0.3202352343704432,-0.47210094018213244,-0.11408240396686871,0.5095526066646908,0.3425625
US45765U1034,0.12097459189403358,0.3676649622123903,-0.3661238464281046,0.06453085795547983,0.7819563630989549,0.584125
US9409231050,0.36703319020079356,0.3250438707164768,-0.09528230724887864,0.33225908141611393,0.9621923863191967,0.8995
US7374461041,0.3640209786652014,0.34746114189884814,-0.12314374573805995,0.3227074175329322,0.9881916670052482,0.8804375
GB00B4QVDF07,1.222317020599616,1.491209776491043,-0.20305510276040015,0.9216015328910399,3.6140245070832346,0.8970625
US90240B1061,0.4448468979736954,0.2680154636424108,0.04978670131782714,0.4231090734736981,0.9104106553813839,0.9685
PTCTT0AM0001,0.4524533050180536,0.3885771959168544,-0.0916011744582166,0.4055675334655531,1.1487337682912777,0.90575
US30226D1063,0.19919739044422896,0.28111555708913477,-0.19467909631468883,0.17041814044123738,0.6830706747865006,0.772125
US88642R1095,0.0744888110366382,0.2959412121716245,-0.316962248773169,0.040579264225284344,0.5704327649182883,0.56875
US4500561067,0.50447861742344,0.2631807288183494,0.11705163438302334,0.4800672648185602,0.9637018315233951,0.98475
US0773472016,0.32622265694466457,0.49185616515456054,-0.29711817682700975,0.24365336774803437,1.2328433607486586,0.7510625
US69888T2078,0.20134785613772177,0.2847037550025286,-0.19971442574087087,0.1721457756434009,0.7048258776497548,0.765625
US8851601018,0.2095537507367265,0.23917097506930887,-0.13715295188746357,0.18850093244825175,0.627866052609364,0.8260625
US6247581084,0.14507555049687554,0.29985003714536956,-0.2539076018943946,0.10963795885806918,0.6612724721481502,0.6734375
US36162J1060,0.42392364277610173,0.4598503914544986,-0.18291197957524558,0.35462145847643645,1.2579932336672428,0.8485
GRS065003014,0.2337907614106041,1.0668556431735188,-0.5677209703483133,0.04812449664016161,1.579592791412367,0.5389375
US03945R1023,0.7713520596586863,0.5526544635133459,0.029976345368378395,0.6947824516020252,1.7663473328982853,0.958375
GB00BXB07J71,1.3395997193189983,1.3518529087094286,-0.08807207439893057,1.0695032585601718,3.611427122246472,0.929875
US8794338298,0.439714096925459,0.5934827524426195,-0.28493396735105964,0.33605359654506817,1.5138941831701527,0.790375
US0565251081,0.3332276224673844,0.27449335497569705,-0.05661017277976055,0.3046574297753799,0.8199460449993228,0.91375
US24665A1034,0.09267846022517799,0.20437745604622365,-0.2045604627688922,0.07268538030380478,0.4631833153689392,0.662875
CA6665111002,0.315764881471159,0.22623478398147653,-0.016148092271013416,0.2948875339895798,0.709691644036245,0.9399375
FR0013467479,0.3282501736782659,0.3613035244836883,-0.1618738758575399,0.28523922653011635,0.954716836853412,0.8429375
IL0011762130,0.7062320474273363,0.2335500043964853,0.3512767417231346,0.694340105744117,1.1072324230790158,0.999125
US0554771032,0.6094150710282943,0.32851742630354586,0.12845285195156766,0.5823176447410399,1.183127426912393,0.98425
US1280302027,0.22953832669351382,0.3842686314680291,-0.2719918025181783,0.17382372203614233,0.9133162295121604,0.730625
US53228F1012,0.18048042931282102,0.242621979907439,-0.16713522930186944,0.15537734017017343,0.6101318595415545,0.78325
US48282T1043,0.2193836403023511,0.5430637810982955,-0.4383257685702115,0.12056640105534897,1.2020467277768692,0.6135
US4988941047,0.3809281052655712,0.2927659713874313,-0.03892865784507611,0.3516468852444117,0.9003550508301349,0.92925
US2545431015,0.42707226874890997,0.8216194645638594,-0.34529577969070957,0.3006870052595479,1.5846494891556715,0.75125
FR0013006558,-0.07592493845705597,0.6204608244366875,-0.6767176823268024,-0.205234658859303,0.9331659468935871,0.32225
US92686J1060,1.1427913567593952,0.45223136315833806,0.5127991381736685,1.1018587494739647,1.912926120026633,0.99925
NL0015000PB5,0.11679331045780907,0.1932612256601432,-0.16435274103704792,0.1011814643490286,0.4563142356704113,0.7284375
FI4000595756,0.3947285779266018,0.8028774165895827,-0.2716959560945178,0.30654835326770324,1.3400411842085145,0.7851875
US60471A1016,0.4137239577896498,0.28037677560645713,0.014652791696903466,0.3848344023502488,0.9174771328801813,0.9559375
US44980X1090,0.19957767731830114,0.34809155661011587,-0.22271450273942872,0.16142914901215674,0.7571532961565086,0.7354375
US20603L1026,0.2554431891634161,0.26861804309305365,-0.12956205344590907,0.22620470564931103,0.7329685313869917,0.85375
CA87261Y1060,0.9629783027598722,0.5648908368077393,0.20033639058992855,0.8892081177256328,1.9658814486573053,0.98475
US88025T1025,0.1893677402844662,0.16393411930918542,-0.05959541084678924,0.17868429656378298,0.4765854535692826,0.8929375
US76118Y1047,0.4684300004517025,0.5738652037244609,-0.23742456307898321,0.3768973832068009,1.4595142562382308,0.823625
US49639K1016,0.6392107084658477,0.32198239919443306,0.17426613216316297,0.6079100230722005,1.1995959435962873,0.98925
US4583341098,0.36697736452421686,0.38133090000214026,-0.15199170705202608,0.3238292254319852,1.0389264062150567,0.8575
US6936561009,0.15524344235418386,0.21482494425118176,-0.15648660968742492,0.13634980847141015,0.5325734800157792,0.7675
US2189371006,0.438295686634731,0.4340105786993823,-0.14432545932922913,0.3764472402774136,1.2146172830142539,0.8769375
US92556W1045,0.42405139201799114,0.4249174631840829,-0.1404327135789056,0.3671210268818371,1.162674490606227,0.87525
CA89346D1078,0.2879206774882284,0.262050861886385,-0.0848385877708248,0.26140889275543805,0.7540135926219712,0.89
IT0005274094,0.3243414774829743,0.4425479556555733,-0.25322703096613164,0.2588736761560906,1.1146423149956177,0.77975
CH1134239669,0.5966798184360983,0.2741960755657791,0.19411119921114536,0.5756221486542533,1.0766585175029755,0.994375
FR0000074759,0.7956805262384736,1.4504974334253948,-0.3621522525164218,0.5376012203113696,2.701130376864837,0.8046875
US81734D1046,0.4001198776887368,0.2937711696455975,-0.016126801550273732,0.36864003331512396,0.9206569792035171,0.941
US0434361046,0.12464997586081948,0.2247446393625565,-0.19447311559455746,0.0993000662396424,0.5239276709260778,0.7066875
US74736L1098,0.490566326903343,0.26733161049016335,0.0984434953131063,0.46858644428358276,0.9582307271951345,0.9811875
IL0011794802,0.5288306258294029,0.39400034187185057,-0.0188531690571013,0.4822238995103818,1.2467355235008304,0.9436875
CA00379L3048,0.44605137846744497,0.40738519948014995,-0.10404105830586727,0.39216791312264404,1.1753528364792671,0.8956875
US2057683029,0.3064408625730191,0.26030655268655206,-0.06707418980805686,0.2812234051725083,0.7734432636347318,0.9050625
US8542311076,0.22606895231999455,0.315084292640931,-0.22150013630136672,0.19394561293296708,0.7789553956524613,0.7701875
SE0015988373,0.8532771913808346,1.2399358277365355,-0.3387297601113696,0.5904999039248039,2.8566131808528934,0.819875
US90290N1090,0.10198736607171777,0.2993934248032561,-0.29735209418764186,0.06135011845712954,0.6428752674418743,0.601375
US86765Q1067,0.44496445977442656,0.4274839983400838,-0.12666470136378283,0.38489854235481646,1.2290008102748258,0.8816875
US46591M1099,0.3044121448694729,0.20574196599991584,-0.008439209442141035,0.28997393733446053,0.662415678094109,0.9453125
NO0010833262,0.31048468239556287,0.3791196461080338,-0.1981264826400965,0.2629969137813789,0.9777145979917947,0.8116875
US66981J1025,0.7029587676077794,0.2968069114758426,0.2764788169115994,0.674825861946737,1.236944123725768,0.99725
US98585X1046,0.2006978686737142,0.19604105615609077,-0.0910461334199339,0.18456882137581887,0.5451351155890132,0.8654375
US6896481032,0.06848675455232513,0.45928703684617106,-0.48107033886731276,-0.018097121362197183,0.8927948531156619,0.4798125
US6710441055,0.31602200886901005,0.29894168057326026,-0.10345988191586955,0.28503267359229845,0.836179897117054,0.879375
FI0009004741,0.3055190357786982,0.555902987775175,-0.3646202703353129,0.211721943201414,1.2974707705074873,0.6991875
CA3748252069,0.12255842704395306,0.17583584113936257,-0.1376915430454753,0.10892817093653415,0.43023373036276924,0.7630625
US24823R1059,0.6129019092419983,0.27571164969561546,0.20983052555383688,0.5904616500866089,1.1026181902707641,0.995
US31816X1063,0.5022597473183866,0.40813952416578697,-0.05612375950744589,0.452194822930332,1.22861141800362,0.92375
BMG812761002,0.18569560923324513,0.24057272561211676,-0.16391040084543942,0.1615101185532526,0.6177447983299984,0.78725
CA53626N1024,0.1839369874450449,0.2534926701136598,-0.17472935470835993,0.1574763081301311,0.6257638782986267,0.778
US92846Q1076,0.21276565464668143,0.24199492630466107,-0.13769022582033258,0.18948552197853755,0.6320202082273882,0.8284375
CA8910546032,0.4842178560227945,0.29698255161387277,0.056466329647676734,0.4533140837989228,1.0036292757542085,0.97
US15643U1043,0.2989380905174205,0.24657905207659572,-0.05936263391647178,0.2771172048889925,0.7282178017454511,0.913125
BMG611881019,0.3334066276498092,0.27979165208206286,-0.06738490282714751,0.3038810099206153,0.8332104234995954,0.9106875
US26622P1075,0.5032952603187834,0.24812269580445337,0.1366577206437761,0.48277922131434836,0.9316786768558448,0.987875
US4050241003,0.2268459541667648,0.2407160095408673,-0.12441816732638396,0.20279322514908987,0.6547832595287724,0.8488125
KYG5784H1065,0.31671693553925856,0.6051866999148998,-0.4122703546369277,0.20868459090184924,1.4104111176301124,0.6785625
GB00BK71XP16,1.055718412663905,1.3197728442057226,-0.27979321692898385,0.7614369681650842,3.289084356367301,0.8628125
US8101861065,0.20502264499714304,0.2844819316619312,-0.19990693441850949,0.1752533355420079,0.7054609650000838,0.7750625
US90385V1070,0.31297803730252716,0.37590365755255184,-0.2075403097153162,0.26658283616528466,0.9901646660530351,0.816375
US55305B1017,0.3035998665934193,1.3262006524255707,-0.2782634037655543,0.22507854434828023,1.0810166588781809,0.744375
US91822M5022,0.4932959869594851,0.3730801228236153,-0.023379436259798082,0.4465507530447468,1.1485681976295263,0.9401875
CH1248667003,0.32833878776918984,0.4384423864766504,-0.23466897828406072,0.2655589377388672,1.10228636431661,0.7928125
GB00B19Z1432,0.2518900215616664,0.36883282697012004,-0.25328670062242037,0.2036461236860384,0.9317279675186236,0.755375
US44952J1043,0.41606193955260085,0.243597626089939,0.05583692446415847,0.3939810064116684,0.844811877638876,0.9731875
CA2523711091,0.17950387248274324,0.2646884428988217,-0.19261400096401607,0.1477215368137742,0.6573982338002355,0.7546875
US74982T1034,0.06701795201467567,0.180103277614893,-0.1917567265441076,0.05230957794967807,0.37515446430915866,0.6273125
US18452B2097,0.7121049266191032,0.29917584744175024,0.27430311722243783,0.6868426207189303,1.2338733100610852,0.9973125
US02361E1082,0.3486903872743386,0.3261187649856324,-0.10677949538834385,0.30733506237376707,0.9404532317196038,0.884125
US7392761034,0.2633791818962051,0.4302544072275365,-0.2867486309101161,0.20712188993473932,0.9987475332697592,0.734125
US74967X1037,0.24709659728643968,0.19965542849915974,-0.05315811818721102,0.2331360721746613,0.5913803228467314,0.9125
US48666K1097,0.0604946235877523,0.1911489888788143,-0.21705844749584047,0.04200883708508874,0.3993298730631343,0.603375
NL0015002Q12,0.6686698103383446,0.9205887053193571,-0.32220394361534327,0.4907318253589986,2.2301750000100564,0.8145625
US68622V1061,0.11229208814834993,0.42604128510846134,-0.38384269660907,0.05558284162281831,0.7781030667505154,0.571625
US00751Y1064,0.07140595926030616,0.15407760179189328,-0.15623684358424778,0.06038430138246072,0.33944560744216795,0.67125
CA74061A1084,0.33649578769187566,0.23868142994993696,-0.011411588020738285,0.3185407928159476,0.7448723719464408,0.94325
US1311931042,0.11762572201588162,0.20995032670803593,-0.18657661443739898,0.09692186908613831,0.48695395092047755,0.7095
MHY7542C1306,0.24331982664651605,0.25549583325784403,-0.125131964962533,0.22028407648114512,0.6905822143613036,0.846375
US67079K1007,0.6444060414668586,0.3791791285920849,0.117790278824146,0.6027612487092859,1.3071767154411333,0.982
US0223071020,0.3350580288839657,0.3326296741041875,-0.12208008077603982,0.29692962897174496,0.9147721892842432,0.8704375
CA04682R1073,0.18926437190493361,0.21283278444791817,-0.12191873478157791,0.172058529886609,0.5645957886387837,0.829625
US49926D1090,0.1789054907078712,0.3511567246408292,-0.29847775817970873,0.1281252415910008,0.829596342359846,0.67775
CA7170461064,0.15101305727652545,0.21401174356877667,-0.15750823589907137,0.13377719618128256,0.5273038488620799,0.7691875
US1314281049,0.14307164570823028,0.3681107489214958,-0.3362498455907446,0.08779574093438514,0.7993175751141764,0.614875
US03969F1093,0.3925912829254977,0.28867755842202575,-0.01841359962411364,0.3617936837086483,0.9058670900431376,0.9405
US5562691080,0.1716009147254318,0.2406959776799605,-0.17460804691940948,0.14723468293146466,0.5999546054546553,0.766
US96524T1016,1.0079882977871946,0.5704049063392919,0.2613812182056299,0.9401024662212326,1.9786364780245629,0.992375
CA1520061021,0.22804420585532215,0.24748030336091065,-0.13009593482763837,0.20167627533051363,0.67774338042253,0.8401875
US31846B1089,0.1747569710228794,0.27324091578322135,-0.20645301872138702,0.14483541868033026,0.6612060992256966,0.739625
US98401F1057,0.7338850177332271,0.3919905615588156,0.17411290716835856,0.6962315841251752,1.4230018983901,0.986875
US44891N2080,0.3283239777332394,0.2687924966293512,-0.06068354777423269,0.30315105338156056,0.8132918232170827,0.91325
CA89055A2039,0.29705799713160297,0.21248802034157854,-0.017351479215071436,0.2802371656933904,0.6698305079551564,0.9391875
US4234521015,0.06433360718979021,0.16590894528347253,-0.18546230314223272,0.052158153576149086,0.350532417202543,0.6391875
ES0136463017,0.7209010666214645,0.7061026853595828,-0.1575288649858905,0.6001906173234304,2.0147483530716985,0.8915625
FR0011950732,0.19122435947850153,0.2519879661956599,-0.1667104018024039,0.16403579573038107,0.6442666138959287,0.784625
US52490G1022,0.9652991978172915,0.5304428347871324,0.2491611442879545,0.8995955378176465,1.9093807933821711,0.99225
US5582561032,0.1677496194002205,0.2468836772124826,-0.1863945190303971,0.1421242372112817,0.6061088471053698,0.752625
US93403J1060,0.24751236715870917,0.2146675183890195,-0.06890170149088394,0.22904998631122303,0.617594631806642,0.89525
KYG037AX1015,0.1767469886485402,0.21853478195856071,-0.14157494631727208,0.15799672662187458,0.56250789805943,0.7995
CA68634K1066,0.5760780177505792,0.7008631867625487,-0.26948277933842046,0.44858915821431933,1.833920301991028,0.828125
CA73044W3021,0.5959002778700819,0.9930802499669957,-0.4323492490185669,0.3740777309492228,2.3467843854394386,0.7395625
CA83056P7157,0.44320539303730755,0.29386229349751175,0.018453647706805958,0.4129200871631431,0.9626273305119682,0.95775
US00760J1088,0.3931912942388984,0.4706141611341082,-0.2234740654887844,0.32640775434978153,1.243192795634365,0.817
US3886891015,0.2830524566103143,0.2508741298589017,-0.08137482326226728,0.2612002268679129,0.7208743054923888,0.894
US03815J1079,0.4399952419338135,0.33581863590011174,-0.04065447676909412,0.4038039804397122,1.0320298046237577,0.9323125
US05368V1061,0.2600436106098218,0.28653444983424037,-0.15240935383115622,0.22972701413326174,0.767890758814795,0.8346875
US1124631045,0.3267814089611233,0.35191680256082236,-0.15612710038574862,0.28736355430020666,0.9375462140654609,0.8479375
IL0011691438,0.25893966188478523,0.49942262192509207,-0.3578559511670989,0.17554485937848074,1.1565554900450183,0.68425
US3989051095,0.4598411849601041,0.2742526150124405,0.06731017046935937,0.43218757207650327,0.9382885471043917,0.97525
US12662P1084,-0.09198838704490382,0.24918952727100757,-0.4360283964139007,-0.12335165079477492,0.3570506661747428,0.29575
US0477263026,0.31837805072659514,0.38665482406776314,-0.20976876278966033,0.27109927783744714,1.0024259510467648,0.81
US3580541049,0.4399848892712964,0.290858965114349,0.026438007729364187,0.4102085350985282,0.9641744878403107,0.960875
US9119221029,0.46113041556797424,1.0456218687286674,-0.4833873498384859,0.24871531161033317,2.076445572509878,0.6725
ES0157097017,0.3660834238525661,0.2512060226878507,0.0023301945954566673,0.34346081461987066,0.7988728004185185,0.95125
CA05466C1095,0.3488383418443516,0.25886652257389875,-0.023935813107961567,0.3270441235107858,0.8000828567202457,0.9356875
IL0065100930,0.0405171774198312,0.385619495786118,-0.4466945854287643,-0.02314656500666276,0.7463360366371595,0.4700625
US88076W1036,0.09208187840365076,0.2537846640432261,-0.26347584542373387,0.06225306845523568,0.5417294906387673,0.615625
US98139A1051,0.570811298260607,0.31505993024368917,0.11617589923380832,0.5416722937902233,1.1159431633114165,0.982625
US45166A1025,0.6070718768311066,0.30046156183509404,0.17131245269880624,0.5790487342616467,1.1364933377544597,0.9906875
CA49448Q1090,0.41401923275160707,0.27163938624555,0.027477172980788143,0.3839226910674379,0.8945320721851572,0.962
NO0012555459,0.25718762647152177,0.36032430818824385,-0.2292297414269248,0.2074782071919001,0.9175429980325904,0.7680625
US0298991011,0.05375560983113529,0.4341405772906607,-0.4816508561643768,-0.020824462584119127,0.8432156279377543,0.476
US1417881091,0.22111826719662495,0.1959594041495939,-0.0709961135657015,0.20503555181162636,0.562739867342181,0.889
GB00BD6K4575,0.3018030493942036,0.17840203914351632,0.034167158251037805,0.28777487109095823,0.6112432863905539,0.9693125
US5779331041,0.642056550451932,0.9696586045534124,-0.3552404663123128,0.4454068859172966,2.2717493256916774,0.785375
US9741551033,0.7417915743993008,0.24250302679069935,0.37951870230775475,0.7239436261462265,1.1591863852369388,0.9993125
US0441861046,0.18917569552481103,0.21980493996001577,-0.12898414876776212,0.1696092791641693,0.5673084649360054,0.8244375
US05379B1070,0.08906885278224741,0.2745064711917051,-0.29557008591483097,0.05806403405259132,0.5816999141168053,0.598
US9224171002,0.139373746730788,0.8604553456865026,-0.3905379014857032,0.0652632563787393,0.8406988497760858,0.58225
US50155Q1004,0.4689470020372901,0.3842748185569667,-0.06341783676917415,0.42725970632470384,1.1486007079563594,0.920875
US68989M2026,0.31021676879594906,0.35141814092372353,-0.17591141435699942,0.26341426063875084,0.9492793710553186,0.8305
GB00BD2B4L05,1.4159625667278384,1.5595109960495435,-0.14148802921554587,1.0794071081652927,4.009394412529466,0.921125
US1653031088,0.1991724144813465,0.327960811730166,-0.2450418017515917,0.15553250276444214,0.77984069158133,0.72625
US0476491081,0.044131376607256544,0.35997260112472335,-0.4205892930676447,-0.00765710509779052,0.6912980946167929,0.4900625
GB0000332667,0.7342675654826295,1.0741542243781108,-0.36423194056553015,0.49710149055268543,2.619224730603548,0.7953125
US09225M1018,0.14784873424321773,0.7240598226471938,-0.5935670940770462,-0.014827925570330868,1.4321347557922814,0.4896875
US00676P1075,0.3249924263201421,0.42845302075624975,-0.23668630466601306,0.26102098200714535,1.0847403007829604,0.7908125
GB00BL6C2002,0.3291802239943469,0.2675546546983063,-0.05455122210013501,0.304838372913304,0.7894559759877212,0.9194375
US57164Y1073,0.14209436830644648,0.23817792491940182,-0.20187138326110082,0.11806542033716691,0.560103015872164,0.7198125
CH0024666528,0.3751628669311565,0.4846742731353586,-0.24676201528447403,0.30212804302587054,1.2538868602238764,0.7970625
US86333M1080,0.5743639276584197,0.812130363823422,-0.3292264675621338,0.41157092300626863,2.0285136786865503,0.7886875
US01877R1086,0.42170735779725377,0.5087676449891961,-0.21431822617879318,0.3386040837398756,1.320903259580604,0.826125
US63942X1063,0.1666961555026661,0.29877184682525176,-0.25227881119230444,0.13122158308946683,0.7050166273330786,0.7068125
US03969K1088,0.3936654718747045,0.27697104641043657,-0.008701660099036208,0.3683475402432925,0.8827753938802778,0.944875
US0464331083,0.2629840607007013,0.39614153812722025,-0.260307105961267,0.20517854507836497,0.9767199532474524,0.7503125
JE00BWK75100,0.408576401274578,0.26426879920164476,0.018768136201106702,0.38438307945116346,0.8727132115421105,0.9575625
CA2926717083,0.45067866484259583,0.5051367375907757,-0.19293610294536134,0.3780733449685524,1.3206832752097288,0.8455
NL00150012L7,0.827133445389383,0.3138433769213849,0.35452494091440007,0.803870315303614,1.3690140507104949,0.9990625
CA00288U1066,0.6648897073142671,0.4262044954699942,0.0724774588817676,0.6148530585631037,1.4230886674866043,0.9704375
US24664T1034,0.05874721007714089,0.2762452178281134,-0.3187684973681481,0.025143039947447758,0.5449991136971937,0.5431875
GB00BKPG7Z60,1.2375214654260744,1.3762681206700818,-0.20705664477670924,0.9422013500097972,3.642316745954311,0.899
CA85853F1053,0.25983495381591104,0.2579198529893398,-0.11471380114220094,0.23532427282217377,0.7176068560425862,0.86025
FI4000206750,0.15915805251685763,0.780894921010848,-0.5807035532424838,-0.0025611096454649348,1.4334617262274094,0.4980625
US53115L1044,0.23876560114145215,0.2238720481514699,-0.08996165012524963,0.22226527475250674,0.6260490855616144,0.8758125
US39854F1012,0.4220634541929687,0.3995661404371515,-0.11759862140115657,0.3663594542319504,1.141285112797435,0.887875
CA0203987072,0.4374865209146149,0.5073232436372425,-0.21552045999640837,0.3583088987920453,1.3352615461738735,0.8331875
US3596941068,0.3323001181907225,0.29333659285063346,-0.08946734725622903,0.3039224694077022,0.8520069107362468,0.8964375
PLWRWCK00013,0.134700431920801,0.6670331665175868,-0.5902550313932144,-0.01406250411396236,1.3648221312282305,0.4890625
US9292361071,0.2874601958585355,0.4694906975501084,-0.30403610696933936,0.21101821437043528,1.1316939051992663,0.7253125
US2244411052,0.3767529299547481,0.3913318118394647,-0.14716408714104134,0.3264128614279376,1.0762029890631544,0.8631875
US00847J1051,0.3529428039787205,0.36241127802129436,-0.1310173455938453,0.3136369660143725,0.9639527768855944,0.869625
US50189K1034,0.19903795294454307,0.24658362827444788,-0.1529682870294998,0.17474231913939814,0.625815819489847,0.807625
FR0004174233,0.8270163204603306,0.7885152305065761,-0.13179566267249718,0.6894241539884621,2.223299909105558,0.91025
US9116841084,0.5824886666770296,0.6275330704174799,-0.1930609647050345,0.47292737039186183,1.7088141859919468,0.8646875
CA04040Y1097,0.45447472144357903,0.40637400398338885,-0.11646248368520896,0.4081736856338735,1.1834160021918434,0.894
US83001C1080,0.5867112997480122,0.2847969003064215,0.16476464735225613,0.561448151927118,1.088277569443175,0.992125
US02553E1064,0.11227400649434706,0.23922225780425818,-0.2235626439591483,0.08720919170794862,0.5258907194886179,0.66825
US46125A1007,0.654174537448848,0.7226154514646124,-0.2076471783000584,0.5306144852586074,1.9253415249177959,0.8653125
CA7672171021,0.46955548914353135,0.45968020855741637,-0.1428091606992628,0.40778801627966665,1.2826562431001964,0.8808125
US72919P2020,0.28942453688477,0.31126379381093794,-0.15211202579757063,0.25599545639339283,0.8393084129662735,0.842125
US55277P1049,0.041213556206193165,0.30427888300769246,-0.36711754199696783,0.0013481731234993855,0.5864538617762485,0.502
BMG5331N1011,0.4035076362506606,0.2933255668819609,-0.014460736402362123,0.37014675921178364,0.9295365187066044,0.94375
MHY2106R1100,0.1583306397174467,0.32488599779543637,-0.27063352557104775,0.11499564517089306,0.7133882270278906,0.68
MHY8162K2046,0.26805807624827144,0.35253449782507573,-0.21554732716047992,0.22410310953509982,0.9031766508881197,0.7846875
US2960131058,1.0256108706518576,0.5154358269489434,0.3105526321512246,0.9653803263611012,1.9338717038900266,0.9936875
US08160H1014,0.17890376434458302,0.42104008688515426,-0.3594945264023981,0.1131217209242947,0.9460175519940902,0.635125
US64115T1043,0.20751419736460466,0.4420150298345839,-0.359195450748247,0.13654469072649283,1.0129309337506462,0.659625
US09739D1000,0.25602164968430147,0.3174016585380591,-0.17654434222471713,0.21798652447950118,0.8036596578955256,0.8080625
US5494982029,0.5101314968624223,0.39263801098048645,-0.03650978615564907,0.46574196275236623,1.202692006252211,0.9344375
US5138471033,0.4475178670661993,0.4526882853558863,-0.15043845782168838,0.3867127184682567,1.2509324564199715,0.871125
US00402L1070,0.26805066511317305,0.44295955137342713,-0.013070762925615508,0.2473673159330099,0.58635833941863,0.941375
CA6993202069,0.26345566289284467,0.22821705248471078,-0.06808301328108649,0.24260842747456923,0.664293691682486,0.898875
US74276R1023,0.3708589247619935,0.19516936601920543,0.07905702348508813,0.35495737347029094,0.7152520971757941,0.984125
US83417M1045,0.007117511598512593,0.16958146071070396,-0.24281920518947578,-0.005134341715657952,0.30144354707361615,0.4871875
US4577301090,0.48088628967957836,0.24368490647362306,0.11343766898522091,0.4626720031142829,0.9045510695610717,0.98525
LU2369833749,0.05863596626976695,0.25296552244041937,-0.3055735966313146,0.03104650133954015,0.5121391067344835,0.55725
FI0009007728,0.3167625238171176,0.8034108642659485,-0.5398019448657073,0.14254720021642575,1.7293689373126513,0.6013125
SE0012065589,0.6565667730514021,1.1290588575595124,-0.42227545899682817,0.4148914775327141,2.4384546759063275,0.7595
US15117B2025,0.9098246109182624,0.39838450168599987,0.34813313912780486,0.8711947500398206,1.6029757877215554,0.9976875
US3580391056,0.5261164843665959,0.2584265508521256,0.1518869050666467,0.5059084128545274,0.9654001888383104,0.9895
CA2960061091,0.24009694802852524,0.1915545102686232,-0.042754851224065915,0.22463291638712832,0.5796782493667881,0.9170625
US14154A1025,0.6732011381204286,0.991129440362463,-0.3985210463362121,0.4495925495878392,2.4842550784609347,0.7730625
NL0010696654,0.522492130461307,0.32391270996006843,0.06375307571083842,0.48927545252361415,1.0952210820411021,0.971125
US55955D1000,0.41775406183554575,0.248564631839757,0.05176159316343423,0.3935366752285042,0.8624987718271264,0.972
US21871N1019,0.3221410830342522,0.3766499288566072,-0.184119258486277,0.2733002008635752,0.9978738788118338,0.8213125
US10576N1028,0.5933160241034672,0.24275100014241743,0.2324871161487972,0.5747222271181326,1.0121625597344983,0.99675
CA07317Q1054,0.13395265532784126,0.21011813861991244,-0.17109131513008166,0.11530242861410578,0.500123226277953,0.741625
CA1033101082,0.5359753297110902,0.2715401926548968,0.12961384485185604,0.5181460353543198,1.0026544966942115,0.9866875
BE6360403164,0.18449128299801304,0.2878171946300765,-0.21065897728946956,0.14971220021658485,0.6964492698905963,0.7385625
FR0013379484,0.702356272244454,1.072845490516255,-0.38512733575045216,0.46695411133097214,2.5541106550233597,0.779625
CY0101162119,0.42508132848061714,0.516917051166109,-0.2349103792916128,0.3413733755067966,1.3607302588275283,0.81625
US71880K1016,0.25737220597869664,0.34121032277260693,-0.20279945231334115,0.21256610699218298,0.8581005995492382,0.7863125
FR0000066540,0.5555694911839261,1.5726569459129915,-0.4607028025209337,0.3385497496075415,2.208588192141347,0.711125
US9633201069,0.3717542830500555,0.38291064226011856,-0.1543154496603683,0.3255268041582493,1.0568803682763381,0.865125
CA89472Y1079,0.4109179531372399,0.30910215571396227,-0.028914136088520195,0.3794327852513819,0.9475537852635026,0.9370625
ES0105375002,0.35630013794771925,0.6473280991285507,-0.40784686985269925,0.2343247880270845,1.5108946863636836,0.701
US7473161070,0.20914790641778677,0.2716785130948904,-0.17378571880248259,0.18104270274367185,0.6860099868752092,0.7891875
US6350171061,0.14564986025939738,0.728357343477466,-0.6008500820167257,-0.008577559730506473,1.3897702061593336,0.4915625
US2358252052,0.2226875547018606,0.9795190651821262,-0.20829377790202064,0.17980036125254778,0.7541520780075385,0.7713125
US7069151055,0.18363735343969737,0.6977887901483358,-0.25003179162366485,0.14090137731585323,0.7175077636391023,0.709875
US00404A1097,0.3300099181594542,0.232634254895092,-0.015554991504776478,0.3110360816758969,0.7402962687971856,0.9413125
US1985161066,0.16404498661885877,0.3315433726868893,-0.2909078702341669,0.1236410556949884,0.7401929918894172,0.6720625
MHY2065G1219,0.14479876696931265,0.28344184267508854,-0.24857911266551333,0.10949466102782607,0.6558848030522727,0.6780625
US4433201062,0.050646284927031514,0.18377373773141184,-0.2176729691147125,0.03336330899061659,0.37384539304539194,0.5821875
VGG6375R1073,0.31709954512608296,0.29844282396841565,-0.1036639040882556,0.28697165510944395,0.8446257537559312,0.883625
US2641471097,0.24155846757583702,0.34778660166849895,-0.2293593617303654,0.19655517801304506,0.8583756835549228,0.7655
US34379V1035,0.14416227403584922,0.19248716224751578,-0.138196707645878,0.12807103236132822,0.47835747152543384,0.7776875
US9043111072,0.13236458469316842,0.1900751914016256,-0.151299575794301,0.11805477111036485,0.4618110061274562,0.760625
US24906P1093,0.1871147421586274,0.18827291732805398,-0.09155200388303945,0.17306053114654554,0.5124016685122978,0.8571875
US70614W1009,0.4007168248876387,0.2956801455386325,-0.02149440770030077,0.36888270269311096,0.9255188142024421,0.9395
US27005A1051,0.33293223749036155,0.33128184269054345,-0.11976313071063574,0.2965787909565634,0.9139807836967612,0.8726875
US20337X1090,0.432334693378623,0.5622894055247574,-0.25571099603204483,0.3349936328478147,1.4346060960173472,0.8020625
US8361001071,0.845716493023072,0.5767839221815474,0.0909931133249737,0.7680452710403827,1.8463110392395734,0.97
US9111631035,0.11127998321973624,0.23232311873645742,-0.224727407030118,0.08809081521136232,0.5221474869897408,0.6730625
US5805891091,0.2803787551089213,0.3252617396888854,-0.17352871507608106,0.24333458060872437,0.8665053886923701,0.8233125
PLMDCLG00015,0.6332647604664822,0.7518683051709139,-0.27198660479207504,0.49329008124103,2.0140677399637834,0.833875
CA95083R1001,0.2410281097767876,0.2638856203162231,-0.134277603512851,0.21035669182154104,0.7051693209317316,0.843625
US9818111026,0.23686044067611708,0.361892501231918,-0.24174538384886005,0.19131441999024798,0.8628153017707165,0.7529375
BE0003755692,0.6879525669102275,1.3697828900750073,-0.5532974125294721,0.34774322121456314,3.076934891366561,0.6864375
US0009571003,0.17576136595783542,0.2830693807560894,-0.2256882493777954,0.1467430570906731,0.6838827642186135,0.72975
US4280501085,0.6148427075571842,0.24723040272308305,0.24827151812242945,0.5954768559688313,1.0448464107755082,0.9969375
US45257U1088,0.5651388638910517,0.26441332353335933,0.17216010046116917,0.5448077929216114,1.0245121400975983,0.993375
US8190471016,0.47346604749152915,0.2029488212994569,0.16669338682064022,0.46067372067121215,0.8203482475271117,0.99475
US4830077040,0.0738401725395625,0.3340378288110443,-0.3634013732975948,0.025872430195097846,0.6615510560015165,0.53925
IT0003411417,0.28156128395102814,0.44184072694310944,-0.2960650557305543,0.21497894386272087,1.0787210542914603,0.7386875
SE0015191911,0.8843781420317898,0.959583605934813,-0.19201949832817397,0.6895628701188364,2.5663476274625534,0.8896875
CH0042615283,0.34467299466546786,0.3331501391954466,-0.12401343525580058,0.30848795945386265,0.936341012461412,0.877375
CA66987E2069,0.5444837533253378,0.5956663601365013,-0.18690048997101288,0.44884921970270186,1.5918290384916849,0.8646875
US0536041041,0.45533972329195227,0.2886097151529919,0.0382445962506137,0.42824925771456346,0.9568924229832066,0.965
DE0007507501,0.44412863856168405,0.48664605917211884,-0.17690705084826505,0.3729474589182077,1.2986337598874576,0.8518125
GB00BZ973D04,1.2023962078811006,1.3589576842697748,-0.19640058998281223,0.8931093597307872,3.5807278275158936,0.8934375
US07373V1052,0.759527154258059,0.42949247277632174,0.15855201111874503,0.7074097660612686,1.5328595656163557,0.983625
US92839U2069,0.334207960206661,0.250986155885028,-0.028342974062229725,0.31340572420733,0.7653727716393268,0.9335625
CA45245E1097,0.2327590315075894,0.2206080995969259,-0.09282970620776396,0.21155045388703392,0.6230426089070766,0.8711875
US01625V1044,0.5338424073512106,0.30972157592141236,0.09510855344589245,0.5041951879001028,1.0725567262461264,0.9799375
IL0011301780,0.5892363012395174,0.25249179134980515,0.21048552167660375,0.5716767725422377,1.0332991953643116,0.995
GB0008481250,0.9443977484656264,0.9568444188218054,-0.1494553467753131,0.7553716269303947,2.6659122272072215,0.904125
US4202611095,0.2300506959765566,0.4045692104141604,-0.3025399290711589,0.16929983277548774,0.9529860169058199,0.7060625
US4128221086,0.15640017822835198,0.22695908461828318,-0.16757515928238853,0.13269916718899263,0.5580019943815268,0.760875
VGG312491084,0.38361108480121753,0.276963824822302,-0.01747722291920661,0.35739262431681496,0.8729755764367761,0.94075
US89377M1099,0.538487485501647,0.3241393045188346,0.0684159643880263,0.5067387413309672,1.1107555912564886,0.9731875
GB00BP6QM557,0.8732150926934622,0.9374058118355336,-0.20135682453719753,0.6829996490720477,2.6354309784594547,0.8825625
KYG114481008,0.895745255791282,0.4526036832987661,0.252629881075159,0.8481538817877711,1.706473874151863,0.9929375
KYG4701H1092,0.20179581826563156,0.34727808314285136,-0.2641227028746783,0.15679022702117512,0.8175556941841251,0.7085625
ES0126775008,0.3397413276286884,0.35108469095005623,-0.11827304347936655,0.2998430379131079,0.933842563056373,0.87425
US2537981027,0.22953161368328256,0.3322765066992599,-0.2263567706817538,0.1861865093884826,0.8405956140596769,0.7561875
US01748X1028,0.1895257558638134,0.19675104304829438,-0.09932852081129291,0.17290932197619535,0.5368027704173938,0.84925
FR0000121691,0.46646718896367917,0.4966919321184953,-0.1746502840735662,0.3889121952649412,1.3714593125089347,0.858625
US4026355028,0.3741653413857793,0.2496942259051094,0.006068834088601173,0.352829768027595,0.8095682263909649,0.9524375
GB00B635TG28,0.3072944837030909,0.47084412232445844,-0.29929616043239443,0.23432930164094767,1.1508589322875158,0.7430625
US83545G1022,0.14915244120674598,0.23716311619768699,-0.18591462418631213,0.12498520041828262,0.5624739637783156,0.737125
NL0011832811,0.3467274467552886,0.5518793687038314,-0.3437398683179096,0.25705918951349793,1.3440469164783149,0.733
US9682232064,0.4240775240005596,0.8738076152847758,-0.48844389394027404,0.22984891960086,1.9635384599797838,0.6604375
US0116421050,0.3202938862010584,0.42878886661017196,-0.22863381435829777,0.2583174389865634,1.081549482205817,0.7898125
CA3499421020,0.34568113070005135,0.49233410701733393,-0.27129142846418947,0.268546955224806,1.2340323194739453,0.769875
GRS213213002,0.3013710671838936,0.5520217136625071,-0.36774359922791816,0.20272125512679423,1.2961755862989766,0.6949375
US50015M1099,0.6294203174973413,0.7034676794720883,-0.03573695322277726,0.5556783618135626,1.4889687412773875,0.939
CA29269R1055,0.25596811253485563,0.2764796439344828,-0.13589017607519607,0.22669707528874866,0.7463751006277795,0.8411875
US1638511089,0.22844989963014387,0.2623644794511732,-0.14279252066363296,0.19992964985487005,0.694391953040007,0.8265625
GB0030927254,0.19170760363596515,0.2562203137785444,-0.17347453596628215,0.16823805258036906,0.6361971316505634,0.78
CH1403212751,0.642686732641911,1.0021449347304703,-0.4274982690454748,0.4228906354459264,2.4400991000984695,0.75775
NO0003080608,0.3868023376910374,0.6867390080348938,-0.3034531831221211,0.27542062611819185,1.4101474002297887,0.7515
GB00BQH8G337,1.3055230774616544,1.56599769103164,-0.15460202522340283,1.0027000687095184,3.670722343732783,0.9135
BMG8726X1065,0.16262076939042325,0.31147182681818514,-0.265956006707741,0.12272223330992216,0.7205316292191886,0.6886875
FR0004007813,0.45130600274360444,0.3389622982226287,-0.021510833216036463,0.413871634518712,1.054269090114534,0.9409375
US67011P1003,0.37634437889087097,0.3911158956283661,-0.1504951010544268,0.32641490688421615,1.067490194203033,0.858
US45688C1071,0.27866498800715617,0.4478045346562631,-0.29315605242926,0.20947291462394887,1.0784984693532311,0.73375
CA5649051078,0.35043399420351656,0.25779132282966855,-0.023387565135436165,0.323687663306948,0.8060126426475175,0.9379375
US81617J3014,0.2633430167961102,0.307961510086324,-0.15586511249854218,0.22572284297814987,0.8085905263836172,0.8249375
CA09076P1045,0.23927485916156768,0.2654862009542686,-0.14642115531135133,0.2118955314118452,0.7089567943421224,0.834125
CA00217Y1043,0.3017634693893098,0.2885148073349831,-0.10242286957139005,0.2704091670649669,0.8226152348453059,0.8778125
AT0000831706,0.24184343373011352,0.2899970776145148,-0.16521983845902138,0.2095164551769566,0.756736594411638,0.817
US4891701009,-0.025932789836022454,0.22078564252009172,-0.3291802916965754,-0.048656056106069503,0.3580270815387597,0.3995
GB0004300496,0.552690530380998,0.4333582373643865,-0.044777838130341294,0.498848078893476,1.3375812519142207,0.9331875
CA7819036046,0.12801892710715287,0.2536459461702674,-0.23229675693368104,0.09989310361191032,0.5799000025543226,0.6825625
US04650F1012,0.5392734811343096,0.4216708611805469,-0.04124887693795759,0.4835032583093938,1.3002221392803919,0.93325
CH0027352993,0.2949029870156495,0.5307082838324902,-0.35841660084783866,0.2023855482217859,1.2430069385922047,0.6978125
US2333774071,0.19519018147030068,0.49537685850268043,-0.41809772268975365,0.11038175118558735,1.070265451595683,0.612
FR0006864484,0.4996174634550058,0.628868422853928,-0.27430165771873516,0.3861088425494602,1.6492554733569904,0.80925
US9026731029,0.38431356528735106,0.7125875726458373,-0.36410599091377005,0.2629234470033893,1.5134604514295205,0.723
US2220702037,0.2838985681711451,0.30899058170102806,-0.15055161565798172,0.25101737846299954,0.828073204271758,0.8388125
CA09950M3003,0.04624115238780128,0.25720633899570333,-0.31896154876190036,0.019185744962175174,0.5047825839259305,0.534
CA2483561072,0.37811143502129185,0.23914506891151407,0.021855404256100126,0.35681902467751425,0.797981207855931,0.9598125
US42328H1095,0.2166337217273166,0.29856711155038357,-0.20486174521580608,0.1843728316220521,0.7549084085381069,0.773375
US78463M1071,0.38588781468991956,0.26571658373830004,0.0008417079519213866,0.36089515542723216,0.8540639714558201,0.95025
US05278C1071,0.23578131897430074,0.2297747842740529,-0.09930403545869487,0.21418123768852543,0.6371703352655548,0.8711875
BMG7997W1029,0.2895520155873546,0.31219261031741513,-0.14786152207375736,0.2528122882295858,0.8474536063697936,0.843125
US87650L1035,0.553377757799346,0.3090649479719102,0.10960628633254621,0.5212639423116202,1.1053849054550622,0.9823125
US86771W1053,0.3710611885767365,0.2407022414832523,0.016921125081949644,0.35169309361717976,0.7866887613902742,0.958375
US2536512021,0.4436926861429317,0.4883117871095965,-0.1841996778775938,0.37014243608170994,1.3229748265150152,0.8509375
US7843051043,0.20531551514918991,0.27842695122386624,-0.17945608383017603,0.17572861268539286,0.6820753186410871,0.7866875
US6404911066,0.16794216782267063,0.4148103609731128,-0.3622455898786504,0.10018609332579476,0.9150355535172671,0.62275
US78137L1052,1.0280429507352529,1.301902990207858,-0.2683683258013225,0.7413997986502692,3.1982499499009127,0.860125
US8965221091,0.07385337643798316,0.4336322050371293,-0.46237442647242627,-0.0002554633988231571,0.8674463813975261,0.499875
US90400D1081,0.9397506805907965,0.4271411984768933,0.3340536677915696,0.8970738070764555,1.6874358606812574,0.9963125
US75776W1036,0.6705250447158445,0.491580206147409,0.010834138500783774,0.6027574662468878,1.5362896262701424,0.953375
US68062P1066,0.8574947542037857,0.6425236360296971,0.026104586817878236,0.7572674278619221,2.019145460442168,0.957375
GB00B0BRN552,1.3668763728089497,1.1485833014223992,0.06370296236064843,1.1448451320208777,3.3848781736651423,0.9606875
US8684591089,0.4362381370986856,0.45046057430777614,-0.1556375213211463,0.371115111452275,1.224017187033675,0.8701875
IE00BKYC3F77,0.2947655631118365,0.5417268356690613,-0.374513208276608,0.2013177897799862,1.2702179251428234,0.689625
US45676K1034,0.5365674098763775,0.4164589777957718,-0.038263975072560005,0.4869595871251635,1.2843568050399996,0.93575
CA15713J1049,0.20711566286077931,0.25905193574298435,-0.16471064664933144,0.18127330679201464,0.661584164744675,0.804875
US1535271068,0.2914004172173765,0.6076948404928453,-0.4173851790920698,0.18136486308444105,1.356152743823124,0.665125
GB00BMBK7016,0.9507715071016328,1.0176185306900405,-0.1708189736595348,0.7540442781244674,2.6935135533487458,0.89825
US67080M1036,0.6289754797573274,0.2745660780245248,0.24041375297329304,0.6049156390438696,1.1054063093561322,0.9964375
US05603J1088,0.4328975566500222,0.25961791520946303,0.054281668140376556,0.4080132847634252,0.8965393073832385,0.972
DE0006069008,0.20759257101009326,0.7697783393276431,-0.5781073823234004,0.04955497053547744,1.4834471367637487,0.5358125
US7075691094,0.2521867679085291,0.18233468677717202,-0.017901237806998527,0.23775574125645538,0.5678663787207698,0.9374375
US45827U1097,0.47867991369213775,0.38251081917123747,-0.03838125093657575,0.4299913244689335,1.1694457498989248,0.9303125
KYG961151035,0.5325092662528685,0.3605874649648124,0.03290433765795117,0.48795582286050215,1.1682394705586694,0.961
US7244791007,0.016986119100485152,0.28222648545500173,-0.3691591375875911,-0.018121140482797574,0.5191730959602676,0.469125
US2942681071,0.377301164154828,0.9434992107146714,-0.5119921143025761,0.1818806242564724,1.8209346089498266,0.635125
GB00B1FMDQ43,0.6380428404296402,1.0370954888732224,-0.4123740816937479,0.41576454292969534,2.3772671526347406,0.7585
GB00B608Z994,1.5612066441931551,1.6093340045328421,-0.09823803389621695,1.211101420829665,4.265665864752015,0.931
CA01921D2041,0.4495589797536683,0.5690138675231046,-0.1386105804404303,0.38420475968970674,1.230513568747289,0.8769375
KYG4740B1059,0.22228770739051162,0.294484078387552,-0.19186669764432562,0.19024686409837127,0.758301432350402,0.784875
US40145W1018,0.2760023096482938,0.30822808736104523,-0.1565961690886294,0.24239495988270154,0.8307972410891227,0.83375
IT0001077780,0.6792196161630634,1.0378814200489517,-0.404417041580173,0.4464930173309385,2.543242955323859,0.76475
US56418H1005,0.15350800158991945,0.23569029800896754,-0.190443684859434,0.13158340842016197,0.5712952695212402,0.744875
MHY1968P1218,0.23244920303852587,0.5989729835599599,-0.4493213044332708,0.11897661962003228,1.268718967385435,0.607875
CA0209361009,0.22591926366484422,0.2946092115409707,-0.1853676696727861,0.19422277653409203,0.7519643249447986,0.7908125
DE000WAF3001,0.11488053987208673,0.2224149714812121,-0.20483226913082783,0.09413312543125804,0.5040296504776822,0.6943125
US0341641035,0.3237202116105086,0.5125237402924396,-0.28036051043380095,0.2513106345116496,1.1483912610742393,0.764125
US23204X1037,0.23839530915635657,0.30450095626637724,-0.180185794657742,0.20251756616675914,0.771573846004777,0.8010625
US1925761066,0.26468156861986425,0.2736484651383652,-0.12173801297175839,0.23856063822682555,0.7237370835828867,0.8585
US13100M5094,0.547615914752017,0.46533717843994993,-0.05988432328917455,0.48579371262108206,1.377720262118598,0.925375
US4869171078,0.4089544622948476,0.35049600725894525,-0.07473761634988711,0.3711084958673892,1.0147935645158332,0.9133125
NL00150005Y4,0.3775976769204656,0.2606761831685751,6.234677129822798e-05,0.353807650927767,0.8342443887678532,0.95
US74340E1038,0.18431930959407072,0.21734282919241246,-0.1367741254477226,0.16597242967763404,0.5682740672794603,0.8155625
DK0064982565,0.9174311839944361,0.6639859685229895,0.06647639373318916,0.821800972502398,2.103476283746496,0.966125
US92242T1016,0.1371617699718322,0.21123808621128248,-0.16913334877969927,0.11885240057745575,0.5023339854190664,0.7446875
PLAB00000019,0.2846875529348775,0.43668852730714935,-0.29144616399729034,0.2210692441350407,1.082201033175178,0.7453125
CA46016U1084,0.20388564665205275,0.2612785252468291,-0.1661316306761333,0.17422614389300012,0.6717039576924186,0.797375
US4474621020,0.3974779068267382,0.45451144005971666,-0.20042020604356214,0.32971626550283356,1.2309730957414773,0.83375
US4771431016,0.021346561056094702,0.16715876967431206,-0.2248604785724854,0.006661624470793302,0.3154336044181723,0.5194375
US42238D1072,0.3886389796389682,0.28968968546912477,-0.027461108059505933,0.36233533770645,0.8985823691218423,0.935625
CA23126M3003,0.4307009926931412,0.4237030183934613,-0.14117758883194498,0.37149927339025957,1.1844647899159522,0.87725
US87484T1088,0.23987811683680618,0.253510679461337,-0.1272829583876485,0.21686214253243352,0.6894729134158095,0.8490625
US9139151040,0.29017945104649084,0.32198954015524855,-0.15221427689404424,0.2499338008544433,0.8604804344794473,0.8345
US43289P1066,0.576789446760153,1.1132237831905392,-0.4421108893301219,0.3542401992241552,2.3185917388421133,0.72675
PLRNBWT00031,0.3573692003715043,0.4149686571662376,-0.20129456354424602,0.2985853203007822,1.1061130548380054,0.828375
IT0005345233,0.5478355134206386,0.9541552662028208,-0.45433456233040015,0.3361157679732014,2.3011384849181153,0.713625
US74112D1019,0.5083542233388183,0.4360469476996825,-0.07636414859417448,0.44811639147675764,1.3005053207448811,0.91675
US6402683063,0.7472588852254459,0.46173969045515945,0.1107771232933784,0.6838630622789076,1.5688345551551601,0.978125
US26210V1026,0.3919972165933615,0.27497182609036486,-0.009803931942513597,0.36796598183481716,0.8763479728779906,0.9446875
US5255582018,0.2520725139742617,0.26942996493140964,-0.1344702884152274,0.222691065102733,0.7193800270029431,0.8484375
DE0007235301,0.09739773625630165,0.3513383028542186,-0.3516207304615329,0.05043901677175554,0.696855683428981,0.5723125
US6031701013,0.7292570286697432,0.4431877768301469,0.10468858670544255,0.6767155847854854,1.5325598760181791,0.977375
US74969N1037,0.4944215899553708,0.41279577933841444,-0.06944712413848515,0.43882177432536185,1.2434982286894822,0.919875
US00165C3025,0.22705379812450788,0.3612693923106104,-0.24298091343232905,0.17884751843503982,0.8556259469151882,0.7448125
US4202011056,0.38757730231767495,0.32830019266166427,-0.0721423662712677,0.3519546892187627,0.9700960270836361,0.9105625
US1184401065,0.2069407846267119,0.736561875660477,-0.5711362963601749,0.04186766657841153,1.512526212613373,0.5335
CA29258Y1034,0.492055678610429,0.5074254058678072,-0.1664429704411545,0.4210604531287957,1.4038791397373085,0.871875
DE000A161408,0.5394737177384461,0.3952473005275198,-0.004969920720447746,0.49325936893786615,1.2364864276796514,0.9479375
GB00B012BV22,0.5011165778880042,0.4408779845303975,-0.08441809116638084,0.4394573528955281,1.2947456219164122,0.912125
US0953061068,0.25414707140912446,0.27079229203819916,-0.12049230311439292,0.22695136921187836,0.7177693281704267,0.8510625
US14167L1035,0.30390670022675764,0.349203262340884,-0.173111642419458,0.2624668008616591,0.9117049166370047,0.8314375
US03237H1014,0.3770204828542108,0.3349321617248262,-0.08724920836509688,0.34002314412666373,0.9752828639694233,0.9011875
US40054J1097,0.3731597266459943,0.30209644106717654,-0.05543251272166145,0.34196868620776566,0.9064680711516779,0.920125
CA0717341071,0.17669304444340547,0.33458764512654454,-0.27521725864639546,0.1304724391926796,0.7806022524650532,0.68675
FR0011665280,0.3914066119016955,0.3981141860930432,-0.14641977166934783,0.33722731832245245,1.1094602751800482,0.865125
US1241551027,0.2947877302252556,0.45848422712157116,-0.30338796222916786,0.2235629503073165,1.127704630384643,0.7375
US4829311020,0.6863780519199768,0.6589421051527969,-0.12087963041524798,0.5747186828092704,1.874663070580446,0.9020625
US6031581068,0.3177279610332916,0.6370918255472537,-0.21139976272529154,0.26257007244809083,0.9885296829832544,0.8080625
US92790C1045,1.0318162206337564,0.5269752192021275,0.45695474115894286,0.989443805798847,1.7279527136172126,0.9986875
US8294011080,0.32058387400197175,0.2865865400867647,-0.09420255617280543,0.29097842725574846,0.831269061380554,0.8905625
US09058V1035,0.7881657389335034,0.6551129653609827,0.06962860308878535,0.7168339858152373,1.736066374307141,0.9658125
CA82835P1036,0.41954396464695415,0.3831578638706137,-0.10552843548090891,0.3694045266979534,1.1131965032057038,0.8921875
DE0005313506,0.9289016099242828,0.9331807360057413,-0.13582003890653965,0.7441374905082813,2.620477100181632,0.9058125
US4131971040,0.4650291489333914,0.36750121460230273,-0.04619457425559015,0.4232307923459341,1.109707046926757,0.929625
US67080N1019,0.4565134134677166,0.5186450037778668,-0.1444804673223731,0.3940337445440163,1.2482013027696486,0.876125
US5809071039,0.3829488735694296,0.26099542700467615,0.0022973244025118454,0.3592172837788391,0.8397756011921174,0.951
US1559231055,0.18502475211105535,0.3567554997951678,-0.2807778086465111,0.13632852609998772,0.8056667804925005,0.686125
US00835T1079,0.4819272203600399,0.40260200947505426,-0.02578341979457994,0.44038580309592534,1.123013080500225,0.939125
US4576511079,0.2422506454106893,0.3452265589675066,-0.23220961773517013,0.2003861106551798,0.8579476113245765,0.7619375
CA30224T8639,0.23544049427094102,0.26059359584280206,-0.11968020486526176,0.20695013980084348,0.6783564711055637,0.8449375
US74017N1054,0.4132693417406233,0.7653329135085821,-0.4209791542861956,0.2660654330031805,1.7356305312286977,0.7028125
US81642T2096,0.7591806637932186,0.8706366190799646,-0.24732236272368674,0.5816071739204568,2.3627509882965807,0.857
US4576422053,0.4957235604960908,0.49537169636139156,-0.15474800867972718,0.4227742160542166,1.409384040563669,0.8785
US5002551043,0.06288551237982982,0.2550665638292139,-0.25274404430523906,0.039023734788575876,0.45976615358290124,0.580625
US3830821043,0.13373899869570777,0.38228263742016755,-0.3619789959253698,0.07878162257945706,0.8247750632533336,0.5985
US55445L1008,0.5018916399153731,0.35475922646508257,0.003131931324913208,0.46147950459151665,1.1552900572766993,0.9515625
US5352191093,0.3495905742367848,0.43612910701991703,-0.1800872589629919,0.29265531944911305,1.0674782112575905,0.8338125
US6979471090,0.6735743260901305,0.270321685911914,0.2753113265884991,0.6504442580613856,1.1477625584289155,0.997625
IT0004967292,0.4383026248138915,0.416241506065757,-0.1333161257895038,0.3828611013069132,1.1774751674602557,0.885875
US69318J1007,0.12429679209062594,0.6877476930062966,-0.5968850086621511,-0.025718245833195916,1.3715611013618585,0.480375
US4234941031,0.589320315192982,0.4299314799721598,-0.0007939476020696453,0.5357936497296524,1.3298514352207145,0.9494375
SE0015657788,0.5352444142963205,0.4959281418920578,-0.10465114436716284,0.4617080540206617,1.4403466404805298,0.9005
EE3100098328,1.0937113953840603,1.3153101655005497,-0.24972858641457316,0.8059951681774817,3.395762660190859,0.876
US53815P1084,0.2023328040482331,0.29888997074074164,-0.21668034137112244,0.16694059016623458,0.7431623718519204,0.754375
MHY622674098,0.2650954798986885,0.38062433101002446,-0.24410499098031438,0.21337116940443324,0.9516915500001322,0.7631875
NL0009739416,0.057752344781231583,0.3005864585931829,-0.3435703940458377,0.016044145348425194,0.5964025560942979,0.524875
US18914F1030,0.26559200024931384,0.48860623552614985,-0.348298168870202,0.1819716614792259,1.1363243000203254,0.6910625
US6090271072,0.05509787973482921,0.25619090604776285,-0.30257334806969244,0.028064502165831,0.5018127496905693,0.5516875
US6655313079,0.4013157060040925,0.301414080751743,-0.02294254072244995,0.36421127447732893,0.9405937231062401,0.9380625
US0021211018,0.24723551680478523,0.37624528230052656,-0.2473976201450789,0.19580669529861353,0.9087635165014418,0.7490625
US4198701009,0.043579748145242264,0.36239431616213713,-0.42315223367705207,-0.018567730959666368,0.708454856816509,0.4755
CA4220961078,0.20311823324285694,0.2399244275784479,-0.14593661983992445,0.17785950579338405,0.6261048520069763,0.8148125
US5854641009,0.5017953911065806,0.3011417819536446,0.06794006750857616,0.4753506297165564,1.0169171651253721,0.9740625
US92337R1014,1.0760039996204374,0.49432813986470586,0.38343054721245956,1.0171810747366306,1.9587200345869953,0.996875
CA62910L1022,0.3044076012157536,0.2866349404614767,-0.1039511334931617,0.2730513872916345,0.8173293954345607,0.8815
US6932821050,0.24970490554637817,0.4043947101742864,-0.28766459240304654,0.192447982309164,0.9792977654797617,0.730875
US74766W1080,1.002010036728192,0.808059221242681,0.002813087649948351,0.8673269125114745,2.4329461257400786,0.950625
US98887Q1040,1.1378840201960292,0.514841533630545,0.4133024237997222,1.077672904669362,2.0659490076000275,0.9975625
GB00BVG7F061,0.4280693722648983,0.3678673939903103,-0.08411112464716422,0.38460780988656185,1.0786602619770582,0.9079375
US0113111076,0.3501098775266278,0.36033693615379875,-0.14585216419631608,0.3086115296204671,0.9838048378965674,0.859625
US90138A1034,0.8214264118933379,0.4046475849042564,0.252970086216486,0.7786389822830856,1.5259307775015405,0.9933125
GB00B9275X97,1.0191945805544784,0.7701829399165421,0.07506594921187346,0.8855698364809673,2.411987638653322,0.965875
NO0010234552,0.2352828290745187,0.31420071475873257,-0.1961971633583638,0.19498049412024698,0.794630277720258,0.7828125
US81282V1008,0.24852579794163143,0.24559693169961808,-0.10884845623912807,0.22725256154197612,0.681768768912838,0.8649375
US63947X1019,0.4687401969329014,0.2827683484998998,0.056623840915246894,0.44296530597484113,0.962935288355261,0.97075
US59739R1041,0.258795096027991,0.4510519029504876,-0.3226468635149425,0.18941795429193925,1.0592803485305167,0.7095625
US45768S1050,0.4286339149922867,0.49536250907713686,-0.2098443431311059,0.3559642232635736,1.3187385559079206,0.8355625
US64049M2098,0.3152498477055323,0.3197435099477332,-0.13292226071752167,0.2786557316152338,0.8871859249940466,0.8605
US84790A1051,0.16820312867080317,0.26864597472149504,-0.1975734194965822,0.13914488899113064,0.62474625668071,0.738375
US7404441047,0.2843735662366748,0.7629101148112627,-0.5422744658713695,0.11952679343326643,1.6244335345482335,0.592625
US03676C1009,0.3361550068180386,0.5754309088406035,-0.34832800358345967,0.23628283933404615,1.3351282331717047,0.725375
US0008991046,1.0167293703509757,0.6747637995615516,0.12734558393578022,0.9122186516575537,2.224831842652726,0.9739375
US3825501014,0.4152200515600212,0.33076966539957775,-0.05004888140538434,0.3772865868636194,1.00225347377888,0.92425
CA8426851090,0.46765882880057047,0.9004570360606862,-0.3742449796776623,0.324849686068418,1.7464743193548917,0.7465625
US48123V1026,0.21363555613113397,0.3662028774040368,-0.2738318432227082,0.16313092003860336,0.875550993420975,0.70925
GG00BMF1JR16,0.4903349304579466,0.24427321718875497,0.13272921166887786,0.4690518260029508,0.9164727839037623,0.99
US81663L2007,0.5632028887028989,0.3352894780438226,0.09155079569745059,0.5284135771150956,1.1678351011479406,0.976125
US29977X1054,0.15247782225276987,0.3200706249122609,-0.27394580714257255,0.11106709131585965,0.7256709484268898,0.668
US8678661054,0.44924818221070206,0.44234214696593643,-0.13329592373033908,0.38705906857559425,1.2330552310285368,0.8805
US03782L1017,0.26833398002822234,0.37196487195747746,-0.23534113222921438,0.21790822146650374,0.9468753783941188,0.76475
US44862P2083,1.2333898244803994,1.3539541527241594,-0.18750624689068937,0.927741401046498,3.6506340173593803,0.899
US0067391062,0.35046293928724104,0.238728618091716,-0.00044461026389762116,0.33089203853623705,0.7643505326135216,0.9498125
US71363P1066,0.5244472022690204,0.9234179493040214,-0.45410090471082776,0.3204941696356742,2.174550618071561,0.71075
SE0015812128,0.16244396100510192,0.7679203667437204,-0.5979077790001486,-0.00425529423846276,1.4262292633366032,0.496125
US87877F1030,0.5577974125141393,0.5406068290360883,-0.14665384855960306,0.4715346573169167,1.5311244615672228,0.8891875
US66765N1054,0.17112719973723897,0.30788509486875215,-0.2594809088058108,0.13403233423321703,0.7286199888038583,0.697875
US86881A1007,0.5289195683028927,0.2913405156898371,0.10305818156773286,0.5011693822319603,1.0488196609705391,0.982
NO0010743545,0.31109542094694304,0.37550199926351435,-0.19742131449121045,0.2637922593669733,0.9853621935401136,0.8186875
US9180901012,0.1578969931064372,0.23044785388058017,-0.17515945732508725,0.13631962276271292,0.5668799014472135,0.757
US1565043007,0.1614891964661353,0.5637135307793761,-0.5023078328668619,0.0526992619643528,1.1850494885837113,0.5488125
US9814751064,-0.01843181684185216,0.3695244461614352,-0.4871488788761,-0.07761517767494086,0.6500549837875534,0.40325
SGXZ19450089,0.4128209252422768,1.903927621839882,-0.11477525778551476,0.3471027895702392,1.0582680718440343,0.8893125
US8776191061,0.720402207786555,0.3869042474180055,0.17807950419142543,0.6765011839550961,1.4017093211594984,0.98775
US86150R1077,0.5157277986179044,0.31334260081149695,0.06567306741418964,0.4860954621248106,1.0599841059909845,0.9725
US9509151083,1.0966506268375378,0.49499948460882937,0.40340783946470377,1.0393466181280917,1.9668595069091672,0.9968125
US4622601007,1.0805527457820792,0.7364017071679254,0.13608865589286717,0.9685617322894127,2.3688399134119735,0.9755625
US1265011056,0.2392925198170726,0.8151189511868991,-0.5539397803765986,0.06180815340395704,1.635030105744304,0.5471875
US3429091081,0.5117670362827672,0.30573754677747983,0.07565728654911809,0.4799572741589372,1.0565800953983526,0.97575
US05356F1057,0.1855247976150455,0.23914109538717554,-0.15583659571780936,0.15950853295152612,0.6073742153526007,0.7935625
US45778Q1076,0.20210041770955411,0.3919867907871909,-0.315914160502597,0.14579377985360703,0.924322653607107,0.678875
US98741T1043,0.33475498461417136,0.3907623606037789,-0.13275929073650342,0.29402654044531373,0.9370941888943047,0.8620625
US75383L1026,0.42323761934435106,0.2903327812998804,0.0070070198891413185,0.3921021221898943,0.9189154353360772,0.9535
US63845R1077,0.3753038175240816,0.2814864016341398,-0.03202692072652986,0.3504695532475989,0.8681116677261942,0.9324375
US4586653044,0.2343224674466773,0.4103358146123035,-0.2968597212052158,0.1735487170137735,0.9647063811814398,0.711625
US9870841007,0.37591148038416405,0.3223172790658058,-0.07337144006898093,0.34259749681375007,0.9369967127709152,0.9053125
US58502B1061,0.07307072114314281,0.27526204384469044,-0.3084802795603947,0.04254062560410837,0.5655275915353778,0.572375
US92538J1060,0.7531254264363723,0.34956109164705923,0.24939162472258894,0.7177725432973672,1.3571118683972545,0.9949375
US83570H1086,0.2718887809946791,0.3923429237991458,-0.24952915418160948,0.21698939617676805,0.971595392285186,0.7641875
US09239B1098,0.4008561946566181,0.3428119027016991,-0.06328835042016037,0.3594519448217108,0.9919495353976917,0.9176875
CA05156V1022,0.43470183567426535,0.3356500245848594,-0.03662882988077683,0.39867693100169355,1.0317305709024724,0.9316875
FR0000035164,0.37846730309721,0.3575524479396445,-0.11410831967516487,0.3369247340712982,1.0043969363194618,0.887875
US04342Y1047,0.3963053432501619,0.2721316365059592,0.0028755613540873753,0.3728552409719746,0.863474144835726,0.9514375
US01644J1088,0.624687846260413,0.3742457761159968,0.10744848144156448,0.5863615095271965,1.260256753487764,0.9794375
CA3565001086,0.16293700590025129,0.21875536699036688,-0.1541002642259421,0.1438602844870155,0.5379282991653318,0.78525
US3719271047,0.4037249397985983,0.4812318170118417,-0.22473213654176158,0.32751265723897227,1.2897320434576456,0.8215625
US04963C2098,0.40157305874621363,0.29289745615337603,-0.015102408347971599,0.3736977011664495,0.9201864112087528,0.94225
US9485961018,0.3490265065653989,0.213006419775492,0.03288599775774294,0.3297958289616148,0.7249309923074001,0.9651875
US98937L1052,0.492276019939222,0.4194001688696711,-0.07357529260496742,0.4372735030219973,1.237635753845035,0.916
US57638P1049,0.26846142451555977,0.5429413278247147,-0.380805688158491,0.17356042224166585,1.23091885519548,0.665375
IL0011407140,0.46935721337129993,0.3074300191157014,0.029981533955961266,0.43934290926618336,1.0093939891728865,0.962
US9821041012,0.38117680290279116,0.8926590153494036,-0.5101417436741044,0.18556754016168026,1.874753631968929,0.6341875
IT0005472730,0.5127823535106211,0.5978257169417385,-0.23651915830791045,0.41141842449844923,1.6087489436085256,0.83125
US46578C1080,0.8502680343713747,0.5534921224454007,0.1206121526609104,0.7710776600720126,1.8478902302776674,0.976375
US2927651040,0.3877074464248151,0.7025789707903054,-0.33255937434537536,0.2791240292794071,1.462415181566318,0.740875
NL0013332471,0.6522917812967945,1.282798724467927,-0.41539070972766406,0.40396569000578786,2.454918042970308,0.746375
US0231931058,0.396731355870266,0.4192548667714835,-0.16328436206707928,0.34265862539615727,1.1473528214363837,0.861625
US29430C1027,-0.017154428886864553,0.24472756653225758,-0.3569813481478924,-0.04410193913758713,0.42142958665639024,0.4166875
US0109111056,0.41037255495069774,0.3758976257301767,-0.11598120423890888,0.365497961966613,1.0911816196034156,0.8889375
US26152H3012,0.7445704508569653,1.1566046867951925,-0.38073271489920585,0.5046516596901272,2.613944702824473,0.789625
US34962G2084,0.2412345942666657,0.3346176142963529,-0.2227428851316463,0.20210762873827717,0.8316363037128025,0.773
SE0000122673,0.5092813336480538,0.9458200899713759,-0.45739719890419145,0.30138509765704347,2.1428189630314214,0.7023125
US25862V1052,0.36501838962656996,0.22989844725708478,0.02785329792772734,0.3469013498957565,0.76318212263591,0.9635
US3709201004,0.5869644971507743,0.4686333113537767,-0.04472670423866197,0.5252041212872768,1.4131493961426667,0.93375
LU1701428291,0.0624968582322363,0.2282590158222601,-0.25937600526459614,0.037686466060658945,0.46203018115802885,0.5763125
CA33833X1015,0.2949011368521287,0.28754049510933405,-0.1132886342034084,0.26315778041149596,0.8074872375471435,0.8688125
VGG1890L1076,0.34120600263717243,0.25953827265112905,-0.036784905530563905,0.31849565478684516,0.8013078328794383,0.9293125
JE00BYSS4X48,0.5731587217456652,0.5687499015205666,-0.14492961010712596,0.48728849350410486,1.582219235376192,0.8875625
US67576A1007,0.9551456993582246,0.5098936726511257,0.24284281953010034,0.8974261979697685,1.841410937136842,0.99125
US5787841007,0.582971911660228,0.47409315917401645,-0.036769705617040405,0.5130030414887722,1.4300197184331969,0.936125
KYG3314M1096,0.10914338239616113,0.3010406216321987,-0.29440180973938085,0.07155313341002592,0.6513431960998924,0.610875
CA97535P1045,0.09273200959233921,0.35787153440756814,-0.3822349892336263,0.044233101637551515,0.7363976445686793,0.5565
US68373M1071,0.46352539823472066,0.3594017353076457,-0.030844229932338665,0.4203822106570625,1.0948364017555865,0.9359375
IL0011858912,0.8220095229466494,0.3948597749168192,0.26170013976379386,0.7835175387823804,1.4952180335968592,0.995375
US4859251013,1.309134643936151,0.8614933062299139,0.25638321013906934,1.1739502885605726,2.820796674280381,0.986125
US30260D1037,0.29176902952974215,0.31588111456726875,-0.1401894875077262,0.2530948870213465,0.8461137303821539,0.8500625
US0207641061,0.1787166182086374,0.42929140224484236,-0.3605118402205733,0.1143629316679459,0.9425293098231057,0.633
FR0012882389,0.6440077177071294,0.5468408491545347,-0.06539586351968964,0.5641363526838324,1.6200499842495844,0.9259375
US7194051022,0.29328631724118437,0.4462543293257779,-0.2769246523252831,0.22540740928417602,1.0932871961788557,0.7545
US65345N1063,1.193760503797554,1.468486794383198,-0.29216380894028243,0.8626792299967811,3.8032633226273496,0.8655625
US20451W1018,0.7546704096679048,0.5011920995371446,0.07823026697710715,0.6906714173810633,1.6372895040994409,0.96975
US76156B1070,0.1948691600651477,0.20800964275665068,-0.10406887655005324,0.17683287358086108,0.5506429084461874,0.8466875
BMG524411052,0.36353085887072073,0.3276003534948628,-0.08756217114401377,0.3297673398110603,0.9441503075341678,0.897875
CA6252841045,0.1501297254836706,0.21999419629382352,-0.16548411854728376,0.1286783453728362,0.5330038748958011,0.762125
SE0017885767,0.918154886087293,0.6070470108964837,0.11777660111072752,0.8290745260632867,2.0387584734546147,0.9756875
CA19239C1068,0.24407392189769472,0.2267111672160116,-0.08061790297983981,0.22447019492817633,0.6327222317823815,0.8859375
BMG210821051,0.4089849263693204,0.45798143829806914,-0.20159227479244524,0.3410894325495621,1.232864085760809,0.8425625
US1404752032,0.18032676793124477,0.3356046281963545,-0.28015765772962287,0.1392227668513191,0.7745898521069361,0.6966875
US35952H7008,0.19254734781018878,0.3764444821397254,-0.3163330822514277,0.14042016814205588,0.8759533434343243,0.6813125
US75629V1044,0.7267488818132173,0.6874267823295385,-0.11729972920634311,0.6033795278482883,1.9935854396940373,0.90775
SE0009414576,0.592890962577596,0.7448140001800824,-0.24011596548777225,0.46724476148455696,1.8215446514434386,0.846125
US23355L1061,0.21661457589404956,0.2950224062173113,-0.1914813736572733,0.18291850727819065,0.7505367231894423,0.778875
US8036071004,0.37619448079613993,0.22847435946511632,0.03528615131360059,0.3578439667357374,0.7784743068454562,0.9663125
US30054B1070,0.9727340261541285,1.3179422665343326,-0.30881692652261983,0.6912163714989918,3.1365918619784487,0.848
US7433121008,0.67615713133782,0.5614676312126234,-0.06123496329490372,0.5946215538916099,1.6877020449408808,0.927375
US45258D1054,0.7779556559702042,0.4833692758161578,0.12036054091648107,0.7168263666830186,1.6511746826402118,0.9783125
US87164F1057,0.8594360953072205,0.43508108937583956,0.2557274510167519,0.8065252000155548,1.6384718542825583,0.9924375
GB00BVFCZV34,0.8818081094660889,0.6014060727493471,0.09717763927261612,0.7981877747731106,1.925552280929082,0.9706875
US0123481089,0.11909706869481164,0.41745996654401,-0.3918760821181307,0.05559225125733104,0.8339711325310171,0.56525
CA88105G1037,0.5027792089345683,0.3876496376109593,-0.041699153071736,0.4584864341557821,1.1992469644843489,0.9330625
VGG0457F1071,0.3092374539074231,0.28368526241077535,-0.09270214616912527,0.27992511774597717,0.811713519690029,0.8890625
US22266M1045,0.5936902813076231,0.36550784546267095,0.09374778014571879,0.5558136084241114,1.215572892021738,0.978375
CA6820431048,0.6343579924904219,0.3795117134530297,0.09803389005907082,0.5935082140431813,1.2989516609504017,0.9768125
CA96145A2002,0.38832963600446113,0.8486720004159133,-0.506410107561827,0.1927984605345266,1.9374585213025908,0.636875
GB0006963689,0.2201809318297863,0.32231389211845907,-0.22159992550070368,0.18150661868103757,0.7805047147165064,0.7573125
KYG386441037,0.2938196573092306,0.5975068758910003,-0.37057764160700274,0.19434007941923326,1.2705558859053854,0.684625
CA89788C1041,0.7389688552277821,0.48298700626295504,0.07919767849895376,0.6816228917521178,1.6062092124708967,0.9705
US00182C1036,0.41532887935686874,0.3176834326087444,-0.03092205951404941,0.3834393036986533,0.9659236563349227,0.9360625
US37946R1095,0.18842782236303138,0.7533471138901261,-0.5798463745605478,0.03385365895509578,1.4336799957486444,0.5276875
RO7066ZEA1R9,0.01275172697816873,0.44249719735993526,-0.5247562289294484,-0.06906333188227604,0.8112252934569733,0.4258125
SE0023114012,0.5446359821093496,0.6540225801389717,-0.22432591736439333,0.43359287212983655,1.6865866557789764,0.843125
GB00B2425G68,0.9786291067582609,0.5440522648311892,0.2156880025348386,0.916021034008842,1.9264372321062957,0.988375
US1940145022,0.5319312228175154,0.3017208934807896,0.09383246101758305,0.5053029735368367,1.0727066748141185,0.978875
CA82621K1021,0.2409029321264202,0.21439421775284817,-0.07114216440339813,0.22056895742244365,0.6191001069725003,0.8949375
US04206A1016,0.43418564265313037,0.37586243990712104,-0.07949890278962456,0.38631913124580275,1.1041173965507955,0.90975
CA6632782083,0.4089605063386077,0.41420114784514095,-0.14546237697825629,0.35582529221447523,1.1419875308363572,0.87325
US34965K1079,0.128716068617306,0.22935940364220844,-0.20444792668916742,0.1070823637855044,0.529359507358872,0.709375
US97785W1062,0.2722703050008073,0.7812185335577514,-0.5360574713819529,0.09428278603560819,1.6688496206455121,0.5701875
NL0000817179,0.19514017543054218,0.3660511934497191,-0.2906745557710416,0.14567954899098523,0.8205706191214409,0.695625
CA9237251058,0.2043284033187158,0.24121017122799285,-0.14260982182395263,0.18254372217152012,0.6291378207351308,0.81225
US5053361078,0.21287306510785803,0.5094013197549173,-0.3980751370507746,0.12890562075599785,1.0941863566398795,0.6323125
BMG9001E1021,0.49253149320316575,0.7348904095326516,-0.32797878800969954,0.35630270093513305,1.757443768763506,0.7748125
US68622P1093,0.6895709509930457,0.34234205122439837,0.20584173504579859,0.661207557951134,1.256394790095412,0.9931875
US8969452015,0.20236485235737103,0.21099223835223077,-0.11010218657304194,0.18459594454653627,0.5674272219438203,0.8465
BMG359472021,-0.06382795957451316,0.25236521982275867,-0.4022491138360427,-0.09709054447109083,0.38570073862543836,0.337875
CA84678A5089,0.28773725896441993,0.23274189162326098,-0.0508323337437267,0.26951406733136574,0.6918009848816941,0.916625
BMG7738W1064,0.19285703386098005,0.370738161631798,-0.2912914698112132,0.13941865365454514,0.8616144732674499,0.6794375
US3371851029,0.4562032487502688,0.3534933936099161,-0.03965742044392836,0.41817204267284247,1.0715133968437602,0.932375
US0193301092,0.24603555617324752,0.3676764926666945,-0.23385651164296226,0.2034009554878408,0.8554073902678634,0.7710625
US4219061086,0.16467632192390216,0.3219094604392868,-0.27844967858097275,0.12434112731003824,0.7377531060173098,0.684
DE0005759807,0.4961586473468935,0.522116931087583,-0.18871976298027257,0.41584765743175034,1.4323717186025735,0.858875
VGG6564A1057,0.5000414552642406,0.4166369327056019,-0.06560394833872221,0.4471455534357891,1.2453301754040882,0.9191875
SE0015950308,0.4129944403468063,0.9219927772920836,-0.4950368006887255,0.2189328521564115,1.9301908822515828,0.656
US8051111016,0.814888298501627,0.4791591558198806,0.14636555751984143,0.7571807303343495,1.6754045795006627,0.983125
IE00BD845X29,0.3722388310980064,0.3424531101342955,-0.10967045343903402,0.33406274350137033,0.980368495652326,0.8895
LU0974299876,0.64660648314806,0.30132703087445956,0.21781228151044876,0.6241838393083889,1.1420061648847342,0.9949375
US98985Y1082,0.5084363689141801,0.3149949078510331,0.05065414992218018,0.4763600356607065,1.0714680418739913,0.9680625
US5207761058,0.10687007532184933,0.45535223015373893,-0.44301289482171846,0.02637824877971124,0.9214523184049944,0.530375
US03763A2078,0.556434148763321,0.336348871814505,0.07740747461188946,0.5238743251736009,1.1515214326346472,0.972625
US83089J1088,0.2585437688059575,1.0223321625257529,-0.37511414665134846,0.15869076494297218,1.1921126403798878,0.6596875
CA39342L1085,0.8099981281364097,0.5661485363649557,0.05934910953844848,0.7293667826824581,1.8464006875357717,0.9660625
US9780971035,0.3221060189096728,0.2818108837304588,-0.08167682587619784,0.29461759857792513,0.8236145112805302,0.89825
US4489475073,0.5875428817081497,0.9938622644416213,-0.43934348511559174,0.3643250783884996,2.3106162988142502,0.736375
US6005441000,0.471006728275789,0.9277456520574076,-0.4802548665896997,0.28293133874943377,2.032181454115387,0.6905
US56600D1072,0.2584539071378963,0.34180841395249223,-0.20223597582430472,0.2121320272863574,0.872734882874691,0.7878125
US80517M1099,0.3765316520063459,0.3141269412758835,-0.060648193232346534,0.34048870103751433,0.9322373992025412,0.917375
US0327241065,0.5075075418116589,0.3490281460041471,0.03414524504348243,0.4701971841663748,1.105252930537204,0.9633125
US0301112076,0.7486847615001975,0.5931717464061762,-0.025234773684261164,0.6633055161679794,1.809318899888712,0.9421875
US45047B1052,1.0166959055050646,0.43920276742441783,0.42727297398571573,0.9694747848006469,1.7535234501608579,0.9986875
AT0000946652,0.3769741761839008,0.3875873101123755,-0.15348513876361655,0.3297025867377996,1.0722287751769095,0.855125
US90041L1052,0.3030169230325596,0.3421234702124328,-0.16360186153989054,0.26037483543940826,0.9088027522247838,0.835375
US87615L1070,0.40183223161689247,0.4050371424139561,-0.14943190369882695,0.34969286500257113,1.1419196291524376,0.8650625
US02081G2012,0.6643553947637395,0.33288132211087934,0.17847972727162115,0.6330279137919731,1.2427824959506728,0.9891875
FI4000301585,0.35912193695837563,0.5804672253153735,-0.3455058617232949,0.25241729383105693,1.401191619006296,0.7238125
US09062W2044,0.23531782217693528,0.24670253383107785,-0.12194447200613016,0.21089280263163251,0.666048751259005,0.8513125
US10948C1071,0.3579232340137976,0.2928503472363721,-0.0623378467042453,0.32968746287362133,0.8830496378657641,0.91375
US44925C1036,0.38291663515688207,0.4674318129095846,-0.22194137784735526,0.3111645818759528,1.221135683257111,0.816625
US3936571013,0.008350321859530227,0.35779364791666946,-0.45682272712415195,-0.04490058564099765,0.6569814597042076,0.4403125
US20602D1019,0.7281260038238513,0.6244854353015252,-0.0784635942609667,0.6356241264135047,1.862210237828671,0.9235625
SE0005497732,1.0273339293726194,1.439200464996988,-0.2879836191253786,0.7272340771559892,3.2820942408694065,0.8565
US00857U2069,0.07440082096213325,0.2196426294316016,-0.22932758779190215,0.05234357602459342,0.4564292297296666,0.6145625
JP3236330001,-0.2982411727084514,0.1625561207056188,-0.528266434487303,-0.31606412237721065,-0.0063680890589420365,0.0475
US45826J1051,1.0819322114211714,0.8205891048502344,0.0527869188956685,0.9420780918741655,2.5711370695230666,0.9609375
US79546E1047,0.1008848178467178,0.3163097905111771,-0.33021227949624465,0.06028983738070197,0.6553345849804506,0.5881875
GB00B021F836,1.2634437596069885,1.4471016232388312,-0.19419845999231614,0.9392032225467016,3.786169236598352,0.899125
MHY271836006,0.3171755005850428,0.4529569135016797,-0.26694803285195606,0.24790797732937575,1.1397387393923777,0.7624375
US03214Q1085,0.42204855945845055,0.3396188508880678,-0.05222527431834773,0.3838836218050705,1.0254208618736689,0.9229375
US94845U1051,0.3908395343529811,0.33591092531061634,-0.07840490877868875,0.3518729156550277,0.9867206629762763,0.9083125
US85208T1079,0.3678328439355464,0.367876083785105,-0.13489950628978176,0.32451664617827786,1.0036885708271936,0.8686875
GB00B040L800,0.6609515707376544,0.6850886142662245,-0.18812357111435277,0.5473211834521392,1.89645794576357,0.8756875
US91532F1021,0.45977262932397805,0.4107718836502015,-0.08576919180074988,0.41117701755977726,1.1561596746435492,0.9110625
US12468P1049,0.43830353809569217,0.3183373557229926,0.005981403325754931,0.41028029202042965,0.9638142204299391,0.9528125
CA19425C1005,0.5301800550201351,0.5121707695559871,-0.08197718224162591,0.4644073466395251,1.3446285563280078,0.91425
US92764N1028,0.8383469920806937,0.4865031589575787,0.17002115373341928,0.7753815654610727,1.718660967102578,0.9846875
CA0906971035,0.33762218745224665,0.2548174990461024,-0.029725915951866633,0.31673162147444534,0.7780416775242465,0.933375
CA5589122004,0.3461741441081551,0.4955753538027212,-0.27026095923220855,0.264196582524211,1.2281757902990358,0.771625
CA8051121090,0.21883480707795883,0.24554958862253703,-0.13357439374635685,0.19414048400672973,0.6492869829939586,0.831875
US8803451033,0.33852219616294793,0.38953374831821014,-0.1867686225520031,0.2887484977978143,1.0266315103163857,0.8270625
US22041X1028,0.19395446665204838,0.25974890888255897,-0.17694033953353128,0.164500889194317,0.6550776356935484,0.780875
US2074101013,0.08723851879693593,0.25781049410077544,-0.26709831019034996,0.05827236279013843,0.5400420243726839,0.6101875
US29272W1099,0.20546389172743437,0.31432021287507256,-0.2325189668716933,0.1663723832263544,0.7767566819882765,0.7425
US45720N1037,0.159696073073809,0.8977656044587473,-0.6421013840931207,-0.03626007515225347,1.5836356019692308,0.472625
US82489W1071,0.2532662273129243,0.1920046312666927,-0.03125550217840964,0.2387554658022534,0.5835603844490476,0.9281875
US72815L1070,0.3794767470215455,0.4388655903492857,-0.1852126898993111,0.3202765284283644,1.1240805296091105,0.83975
US03980N1072,0.4535916118690575,0.2682325176882683,0.06099213561300913,0.4283721766957237,0.9275604257609928,0.972
US9290332074,0.7471477413651534,0.5096278574755072,0.06048156621758336,0.6777931149355112,1.6551878162027576,0.9670625
US36237H1014,0.23714182411365828,0.4077308098555448,-0.2992359063139572,0.17863168785143563,0.9708153536633491,0.7096875
US88339P1012,0.4263449458031578,0.33732767360803473,-0.042972547918229076,0.3863357214860291,1.0256324981145142,0.9279375
US29415C1018,0.6747385948090444,0.4520213310673744,0.05601905458516628,0.6213442391916608,1.4865660097333042,0.9678125
US35834F1049,0.24084984068782858,0.4154662280712523,-0.29795359295688995,0.18425256554528785,0.9714984435781537,0.71325
US7995661045,1.0422447775824508,0.75145068811222,0.113005395440925,0.9175495451195202,2.338911593590439,0.97425
US05614L2097,0.5296811740752967,0.5662914201291913,-0.19444156394238596,0.4388103229322149,1.5528268529876648,0.8603125
US4158581094,0.7097871612979656,0.4208041216708989,0.12134105264406707,0.6604628938592302,1.4649809782405996,0.9779375
GB00BF5HBF20,0.5511820645818347,1.0148704374039546,-0.44175387632050556,0.3250648167010443,2.2292202506900325,0.716625
US76029N1063,0.37737993109949064,0.44861649761366806,-0.21498859599643153,0.3090208586098503,1.1990359955254604,0.8175
US49435R1023,0.36420458770528064,0.4060622113319183,-0.16267462480284292,0.308539069573989,1.0631164049058062,0.8530625
PLARTFX00011,0.5845660847489078,0.9553908152872052,-0.4255456927955531,0.3793328131095315,2.302863885101255,0.740625
CA88034V3048,0.3631292420227648,0.2968207786408636,-0.055081512989082246,0.3297309623885696,0.880501012419233,0.9185
US8713321029,0.4231022611545145,0.4849379123963578,-0.20780144635203154,0.3568020195285505,1.2949324645831073,0.831
IT0005439085,0.6297823689124846,1.0288969606026377,-0.4308447522437087,0.40120503673506924,2.4626911210382705,0.7446875
CA3073571034,0.39149339637507646,0.3395155413245266,-0.08032798778194102,0.35101504129702665,0.9987574991306578,0.9080625
US3434981011,0.45089124333660335,0.509455031326845,-0.20096502865077737,0.3736266297262521,1.3494781350046496,0.843375
US87918A1051,0.2177657519208436,0.19483177482952324,-0.0648161301677241,0.20204101274956104,0.5483191986922734,0.894
US68170A1088,0.39550039665454395,0.27221123831625316,-0.0014829911535022802,0.36906703607087027,0.8746984974698919,0.94925
US45781M1018,0.6432953206873279,0.7238002472173247,-0.2379180926505427,0.5172247397053373,1.9719641549430307,0.85225
IE00BGH1M568,0.6614355932462602,0.5590707270320666,-0.06650642275441246,0.5770535714179115,1.6504424684881553,0.9268125
GB00B3CX3644,0.6924062306530913,0.6742170074563386,-0.09534084105282671,0.5851495512811449,1.8252216402937091,0.91725
US9858171054,0.2107279183624352,0.27917117385220896,-0.18295013056904647,0.17906266615501787,0.7052393911653162,0.7815625
US95058W1009,0.24781947417112263,0.18584849101070475,-0.03495942040485781,0.23518393170065385,0.572699492230489,0.9250625
US6304021057,0.28414498812780986,0.3032413640434266,-0.14384241099914113,0.2502049038765859,0.81715491722118,0.8476875
US74623V1035,0.7280802113052335,0.687283771376219,-0.11748909887885411,0.6108693154834389,1.9700610018549114,0.9084375
US63010H1086,1.0566178398172326,0.7120828010278543,0.12223317837933591,0.9457050960234639,2.370256374599889,0.972375
US3746891072,0.6225964501915303,0.6153757120589741,-0.12932415455152577,0.5207895312512208,1.6986754076140664,0.89925
US9706461053,0.23310762734676382,0.7633885208971509,-0.5499734646093046,0.06142682975488929,1.614400489110634,0.5475625
CA8485101031,0.42737957225791523,0.30747703317293884,-0.010610567874889194,0.395457999639406,0.9647938182305744,0.9451875
DE000A40ET13,0.8843598163683225,1.2217050735863315,-0.33932769597719675,0.6166398345073566,2.9505445055800155,0.8225
VGG2662B1031,0.6084879366820022,0.7083408751923557,-0.24681383729145506,0.4786730834837009,1.8916469845331711,0.8399375
US1462291097,0.09706199988749112,0.29970292123007647,-0.3094925454477466,0.05555439485042028,0.6424962718526912,0.5923125
DE0005407100,0.8953973225985901,0.8078530452115023,-0.04386644321895343,0.7517998416680982,2.309329570198209,0.9368125
US5006881065,0.41136944287678556,0.34178074194545455,-0.06486022304612973,0.3732340731898364,1.0256395252885142,0.918625
US00091E1091,0.4751323327201169,0.34269593449872676,-0.0061560072466368965,0.4325115835398958,1.0941066211732944,0.9475625
US29970N1046,0.7769166468950597,0.5875309828337222,0.01117320532991836,0.6887353583014805,1.829255353544054,0.9534375
US5246601075,0.0796904292300823,0.45956729405666896,-0.47972682668223654,-0.004788329650365214,0.915021917203248,0.493625
IT0005246142,0.44957664646823686,0.6032252654016896,-0.2844361237369149,0.34051818066591977,1.5377454430310213,0.7920625
US71535D1063,0.2564639167204781,0.42036388076096287,-0.28911932506752636,0.1900386844521445,1.027832145938766,0.7179375
US50187T1060,0.6109765214460617,0.9934991468988806,-0.42038008813564237,0.3793561717295242,2.3853157356027697,0.7505625
US00091G1040,0.55513470771974,0.3427241994652654,0.08100382354226397,0.5163882292301583,1.16734881699836,0.9723125
US4660321096,0.6320384377022598,1.1257033970195962,-0.32495566489661826,0.4526769402872737,2.1212102862898248,0.8095
US45784A1043,0.08390047387562916,0.6411484345332756,-0.6107592207013155,-0.0531661507853443,1.2283517546643254,0.45375
US04272N1028,0.7188692483102088,0.32038444268203325,0.2520923857342599,0.6909208315323712,1.2736787251281874,0.9964375
IL0011754137,0.17270912506598501,0.3183716511408842,-0.27278747363096495,0.1347601664619297,0.7414396749478178,0.697375
US52466B1035,0.31254830557502,0.3688309168450913,-0.18999992080592254,0.2653756367459351,0.9755799972367891,0.823625
US37892E1029,0.16375381380957338,0.7678032310934274,-0.5770865051913214,0.004679430216073096,1.425386431333039,0.5035
DE000A0N4N52,0.7715615057856748,1.0930950774501487,-0.36039562627554256,0.5302972628633399,2.6942960708602426,0.798875
NO0010748866,0.8405219178489655,1.3096154283901589,-0.33136893420297775,0.5839104657879888,2.8117234270761973,0.8155625
US0240611030,0.23740182907320745,0.2908680226202788,-0.17659167281030702,0.20538178864120948,0.7624323134291208,0.81025
US15687V1098,0.363454660028223,0.28331335221756093,-0.036473988531121375,0.33483317220467745,0.8505804734806197,0.9306875
CA76329W1032,0.13201088842213704,0.47269505995783473,-0.4328707545118549,0.049062954289638964,0.978507281183722,0.5556875
US7837541041,0.2186800022926729,0.7303048215424207,-0.5573492178823118,0.054765986537407496,1.545586679812653,0.539875
US00835Q2021,0.42658687736997286,0.5104141969454609,-0.22460627308670814,0.3454589068950164,1.3342728196026516,0.82375
US8753722037,0.544853509777417,0.2804000593931557,0.13735096993721987,0.5190071577847495,1.032265371321973,0.988
US09940T1007,0.6577727192871475,0.8022046723453967,-0.26511960889416597,0.5092396641048649,2.0582330308314845,0.83675
US5335351004,0.37547160809010177,0.3635776874755836,-0.1228683128141021,0.32905701575865526,1.0339552902389295,0.880125
US4131601027,0.1620662112330528,0.3137835744807827,-0.2638065756698686,0.12480115809192091,0.7050044955999593,0.685375
US70805E1091,0.2553064202320024,0.30756254232063246,-0.1730219586981195,0.21820435203708918,0.7959158698463374,0.810375
KYG4412G1010,0.26330197823956636,0.6921633848800784,-0.4823271209698829,0.12220972802531255,1.461249874702982,0.6055
US27923Q1094,0.217372107759514,0.29553353488140377,-0.19759166113997173,0.18512369339359136,0.7409161419558254,0.77725
US11040G1031,0.3583532263082339,0.5034431712828487,-0.2789510223484043,0.27386384700145083,1.253143002183579,0.7765625
US92552R4065,0.2980922470078788,0.40203962226669987,-0.2371509313935693,0.2454032729933288,1.02528079861528,0.77825
US74347M1080,0.20690841618504616,0.26484375581767017,-0.16316392483768039,0.17945922787274032,0.6742914867475265,0.7983125
US98585C1009,0.3155492609580236,0.27767941141770164,-0.08230702996231692,0.2865268618863618,0.8082220730704768,0.8971875
CA14150G4007,0.21066743214204287,0.2985969639984304,-0.2033309735793972,0.17439066615318988,0.7452120049436995,0.7595
US4579852082,0.07611057440783743,0.24200777100399024,-0.2683408709095808,0.049829533016146565,0.5023251331730338,0.592625
US61225M1027,0.5111028846866831,0.46800136425226363,-0.0777954234023938,0.45431025178247153,1.270889592474153,0.91675
US05348Y1055,0.5894242744436606,0.7165604912917872,-0.20027696395478897,0.46909658513866653,1.7316257907604504,0.85875
CA53229C1077,0.3668049373886392,0.3745378059013094,-0.14128331666327626,0.31734367162385935,1.0284349254769476,0.868
IE0003LFZ4U7,0.33562708013647424,0.4425521529627801,-0.2507440141424894,0.27012253731432184,1.1288008743752795,0.7895
LU0584671464,0.17012938179209708,0.29815403914433525,-0.245360143765806,0.1350516247016951,0.6895463617334759,0.7109375
US3024913036,0.578398736758234,0.2908090041620769,0.15307935744182508,0.5485184248999946,1.0980737734540789,0.988375
MHY621321089,0.24479745274504877,0.30000781589066083,-0.17111650480686033,0.21035213859126178,0.769868010986028,0.8074375
CA4882951060,0.3117674947747596,0.24185390979026136,-0.032427840171419316,0.29009206214394073,0.7235623143368397,0.9298125
GB00BGQVB052,1.1064171009117616,1.2861509644733784,-0.2524093932617552,0.8236486739222877,3.428025588358597,0.8698125
US1143401024,0.29543063050660806,0.3776778282177002,-0.20922873567725678,0.24560993589739183,0.9523505098617413,0.80375
US6420451089,0.36149572372266503,0.3020588159271974,-0.06352453554173014,0.33125090062026075,0.8989990085510194,0.915
LU2458332611,1.0919979565932918,0.9247043626538306,-0.019828315643471896,0.9153717579640052,2.7961311102431776,0.9450625
US75644T1007,0.8776052560065171,0.5306156432465702,0.1573458194442023,0.805283847301959,1.831010818125311,0.9820625
CA83419D2014,0.5019434322272709,0.46519499045431717,-0.12115069984359629,0.43344895647025156,1.3660141118115823,0.8948125
US92835K1034,0.2344650117226309,0.45822228942484416,-0.3390144330309555,0.15715013739121142,1.0644357177750654,0.6765625
BMG657731060,0.13379945448442704,0.6004610866635776,-0.538133770936054,0.014544444732260176,1.1915458405885018,0.513625
US86723E1047,0.4480766348894684,0.3821876306212711,-0.05629677963497437,0.39932115535133084,1.1202505198480466,0.9219375
US37253A1034,0.2098014729691625,0.2920293156484072,-0.19631362711018993,0.1781896658349769,0.7307840322634981,0.7678125
CA50077N1024,0.4283248732081297,0.5081238260994158,-0.18992839090828073,0.3549166689690001,1.2721653785125924,0.84475
US7501021056,0.020949585499883006,0.3696802088822069,-0.45488833001868406,-0.034102500375739725,0.6883418328186524,0.4570625
CA16387P1036,0.25534960826084224,0.2859599933818847,-0.14954005157973743,0.22346949068023417,0.7649412838461727,0.831625
NL0015285941,1.0094550981008645,0.7062691568438988,0.15549680112553974,0.9075569274428305,2.1930378528138617,0.978625
US22410J1060,0.02163210233183474,0.2189974354162557,-0.2932226378431553,0.0011922178850805017,0.41244002337040164,0.5018125
US98379L1008,0.4771849741031687,0.5933395615292643,-0.19600238007032783,0.3905826450713244,1.4328052411110292,0.848875
US01021M1045,0.5638164509601601,0.396907055939856,0.007317024036633186,0.5214450596652013,1.2677331148429902,0.9524375
US6700024010,0.6814471517177538,0.5826624486407341,-0.06252049942138826,0.5881528373870017,1.7477689992825898,0.928125
US2480191012,0.21899543744972005,0.4327841914879616,-0.32169320396317236,0.15163668361089505,0.9836809274861253,0.6774375
US12763L1052,0.5135071189161052,0.4406042605957044,-0.06889845403622627,0.4583113917731939,1.2819714024999205,0.9188125
US36472T1097,0.1642237739599434,0.3238767491196646,-0.2794562825640753,0.12555087416502514,0.7375436468461976,0.68225
US9134561094,0.33903760862597393,0.8285271926601123,-0.5226933203312886,0.1558377336570425,1.7883610828609733,0.6128125
US03213A1043,0.6080211640426436,0.33743619798057883,0.12442945253219291,0.5726231730063095,1.2213992664554978,0.9829375
US2289031005,0.45572244312926924,0.332957013860638,0.0004602413721465696,0.417469130448036,1.024936256308438,0.9501875
US0017441017,0.04953786891577684,0.2593012363721263,-0.31140056705127045,0.019656391639810575,0.5110008570426012,0.536125
US46267X1081,0.43957473764127497,0.24417522400762132,0.07988115175640763,0.4191370337331892,0.8751467806081924,0.9788125
US88162F1057,0.31628401645021587,0.4133072004580009,-0.2425871834203805,0.25979685468845926,1.0726005180180123,0.7916875
JE00BJJN4441,0.5737919196639701,0.5861331216939222,-0.17402128288857482,0.48145765083328146,1.6276716454607387,0.877375
KYG011251066,0.2586593595494928,0.26406516794756957,-0.1159446444915931,0.2297095364639961,0.7279334314225067,0.857875
US0396971071,1.0555053583531238,0.49117966807719854,0.3610550820051915,0.9980332510841109,1.934876872453103,0.9968125
US00181T1079,0.3635069631474856,0.47540133125093376,-0.22860909562128784,0.29302706915625026,1.181150367089615,0.8026875
CA86828P1036,0.22779346029461714,0.23869035665376426,-0.11004752391534252,0.20698851974760835,0.6353941381853201,0.851
US5730751089,0.22849335199685541,0.5251859960092781,-0.41114103369573146,0.1383513718841648,1.1784149055664266,0.637375
US28035Q1022,0.15819585776604378,0.2941243411621913,-0.2561288959533969,0.126148129433435,0.6851383149474702,0.69625
CA00791P1071,0.3033332538465935,0.2549900691176513,-0.06429262167463175,0.27944784976707626,0.7549952638749455,0.908125
US50180M1080,0.5231143193520225,0.38746478864879746,-0.012590147277291627,0.4772443318431424,1.1953400525275253,0.945
US54150E1047,0.4671202783461685,0.3846948782997521,-0.06483170445168976,0.41966888836558314,1.1603977458065078,0.9193125
US9742501029,0.6192590368343113,1.168333733454282,-0.43419542786407117,0.3742835830579797,2.3955050339471566,0.7374375
US56400P7069,0.9522504888816518,0.6569391234974158,0.09535263835071887,0.8492465862051253,2.1348198738508373,0.9711875
US0080642061,0.7597382521575614,0.5236986418343593,0.05627434739705159,0.686290189490622,1.6897670478350655,0.965125
US29772L1089,0.4155994394416038,0.47070689910852603,-0.1983956860092625,0.34373540044400175,1.2698432063276044,0.8389375
US20451N1019,0.2605561775592151,0.38352552399240614,-0.24301774339490173,0.2066193179509656,0.9415302954832766,0.756875
CA8265991023,0.6960407435326208,0.853003514868567,-0.2090422545926984,0.5681083600911074,1.9870359144446956,0.876
BMG6359F1370,0.09319219746307982,0.2560896910512538,-0.26526948782554477,0.06346612645596485,0.5510011574744105,0.61675
US3845561063,0.24876085058140648,0.35906846370431267,-0.23185112749569917,0.20144888443619163,0.8892836351793215,0.763125
CA44955L1067,0.6236591427936118,0.6219375810854224,-0.1548417925818233,0.5224056019460407,1.726812490127035,0.8884375
US8170705011,0.5487759405962134,0.9265376433476399,-0.4348024239449899,0.33744334809615334,2.2442696381919167,0.7239375
US8060371072,0.1388915438529487,0.4619617352618156,-0.42512258269334574,0.06299522835494153,0.9582249676283036,0.5685625
US76009N1000,0.507068529976251,0.47586201393985156,-0.09135548128993871,0.44093200348827233,1.3234705535521034,0.9076875
US05637B1052,0.2727604066392548,0.308203352400405,-0.157392055586908,0.23892986450557202,0.8240039819477308,0.8289375
IL0011839383,0.3317508624393927,0.41127545904909474,-0.21468142334610596,0.2735618864488205,1.0677120837600325,0.8068125
SG9999014716,1.2807845356322127,0.820090715276323,0.24654545707735778,1.1560724916239007,2.72604149660405,0.98525
SE0000671711,0.02787894095470647,0.3783074279691181,-0.44247959016890553,-0.02985283186405819,0.6806544558909339,0.4618125
US12618T1051,0.3437470998404909,0.5848516095040915,-0.3520921725766757,0.23564428996639622,1.3658580736066124,0.7209375
BMG1466R1732,0.26582410505307313,0.39313749938546905,-0.24868937769183277,0.20796117981558507,0.9686665619284319,0.75775
US18453H1068,0.128701636717887,0.47625294026694165,-0.4415643167508212,0.04587458591265786,0.969014830125115,0.5506875
CA4707481046,0.27721130721177223,0.2781128694757475,-0.11880650436314265,0.2493547546300124,0.7650047160866293,0.862125
US6677461013,-0.0011278684607200554,0.36250082061612043,-0.4739825607127526,-0.05549569732395838,0.6511071866357189,0.42575
CA5266821092,0.3789842818213573,0.3880141010006582,-0.13411273901561463,0.33073400809455017,1.0449576473989313,0.8738125
US8523123052,0.2355113286410017,0.27575376133881063,-0.16205470330833194,0.20891622116171982,0.7208786985748824,0.817625
US2197981051,0.6346570548929813,1.0495180748077673,-0.40221893560597144,0.4120238724793518,2.3784968123941446,0.7584375
US3932221043,0.22581160402811415,0.30975077385211885,-0.20797211517524952,0.18847442384281884,0.7780960992694689,0.7746875
US53635B1070,0.3259703566916502,0.5484187788923002,-0.3389004710458993,0.2296326449661153,1.3120329115488383,0.72025
US80810D1037,0.5938307323274113,0.4522037447957928,-0.010405233045249708,0.5359612132291881,1.387166462798611,0.9466875
BMG9108L1735,0.47216748800877767,1.984449784673205,-0.3287858160138003,0.33160117693754454,1.6041171240050578,0.7698125
US67098H1041,0.4596681533385643,0.32884510971835046,-0.014725644777871243,0.42507065081723283,1.0499331430977155,0.943375
US90337L1089,0.3708070704400876,0.32311961973760633,-0.0884340135960012,0.33680887413875815,0.9497292855594465,0.9024375
BE0003766806,0.24323846769693466,0.419144423461876,-0.29798894759293754,0.17792554615052525,0.9907509300948938,0.712125
US62886E1082,0.5778184387196795,0.42766273283960693,-0.01578252592952524,0.5304087068450641,1.3419665621150576,0.9451875
US8644821048,0.15853738775044154,0.746121400367642,-0.5867486622216772,-0.011307844302159649,1.4355218202095887,0.492125
US0462241011,0.29753075320982314,0.40496105446316744,-0.23912803085375997,0.24138026045727246,1.0222535722807726,0.7790625
US5355551061,0.2643648378408843,0.6692155195395156,-0.42771929752717486,0.1497168900184231,1.3103841342809568,0.6425625
US91688F1049,0.46244551830884184,0.42624046602788007,-0.0734344222147698,0.41530717034007214,1.164083011341952,0.913125
CA64046G1063,0.3001000055962991,0.39436767548086793,-0.20752611043490826,0.24813407035099527,0.9641540519202307,0.80375
US04035M1027,0.23960749379465984,0.2277134091819666,-0.09527411475441627,0.2205889613657985,0.6435156298877618,0.87275
AU0000424897,0.7917382156499934,1.4611747047814134,-0.36601320006916693,0.5358890374455807,2.6702272430872926,0.7985
US19459J1043,0.36246981475313705,0.4316051300901752,-0.16045618311922838,0.30643347612092253,1.053062768404067,0.851
FR0000120560,0.6297568418404696,0.5444979910733289,-0.06687788964209947,0.5543542371656004,1.5615739719254862,0.9253125
US25400W1027,0.4550674191267002,0.5310117087483581,-0.22178071790367523,0.3711846749305938,1.4140282197207907,0.832375
US82655M2061,0.48863394275981836,0.9098505055646479,-0.46637094997704076,0.2789113916428476,2.1149267967077554,0.6899375
IL0010818685,0.2831072631363969,0.598994992425742,-0.42144953005660446,0.1739251955110426,1.3273754783565548,0.6576875
IT0005438046,0.3542101086464645,0.34405022363525684,-0.12699892411556746,0.316130833662567,0.9616815938575454,0.874625
CA68616T1093,0.44684634727661837,0.6220437171300175,-0.31494534116803086,0.3352066279215161,1.5783047088856914,0.7733125
US02157Q1094,0.34134779938346144,0.29598825458785766,-0.07671022145467946,0.30982380924274766,0.865618032056512,0.9045
US6951271005,0.23973721640929763,0.3410230173950095,-0.22396302305503388,0.19661663041858546,0.8476085897553575,0.7650625
US90114C1071,0.8489163221617989,0.6502575051119431,0.04394746240001599,0.7622728697904775,1.918521735838272,0.961125
US98980F1049,0.4718868221142063,0.354501328637391,-0.023958696765491908,0.4326799170869019,1.0958870243705428,0.941
US09263B2079,0.4069918758337899,0.37210592674815085,-0.11044889578971974,0.3578730686378637,1.0819224005934875,0.8939375
US55406W1036,0.28288631847335777,0.374827632988003,-0.21754639536897424,0.23090022702372284,0.957035564413196,0.7844375
US6517185046,0.33829068777767807,0.4947710049721203,-0.27757244734449577,0.2579366482877832,1.2272328210546335,0.7628125
US96924N1000,0.6399442430743665,0.7868486802236149,-0.24277473252639128,0.5020829899956072,1.943420303549457,0.8476875
KYG596651029,0.9904459715817953,0.846944084600275,-0.012112661509867556,0.8504014403653629,2.431199968762682,0.946125
MHY2685T1313,0.24014503813811264,0.3769188215198045,-0.2562680855568407,0.19138946265017198,0.8968376554426373,0.7409375
US58039P3055,0.4483976021891119,0.4361114336056727,-0.129583709187056,0.38788721805415105,1.2341227317712289,0.88175
CA53681J1030,0.45717312858885384,0.4553232048104036,-0.14686040109226536,0.39387701627175986,1.2680497076169253,0.87675
CA1366351098,0.12675435122115425,0.24326354350694632,-0.22428397542060743,0.1015293948940102,0.5552296871178831,0.6899375
CA5179071017,0.27939054034603167,0.36760066993021134,-0.22080297318447079,0.23021009454984406,0.951200622458805,0.78475
US2300311063,0.7522553170617033,0.39070914650393745,0.2074855643260009,0.7119033106950116,1.4247067093895318,0.991875
US23292B1044,0.39229195472548917,0.5372732834518088,-0.2769913673542994,0.30318775845845025,1.3478411185806582,0.7875
CA22717L1013,0.35644736560187257,0.4600666727547214,-0.23247139837831454,0.28656029663875027,1.1723942765034712,0.8013125
US38246G1085,0.33019986838980764,0.23928799563993444,-0.012124660588601014,0.3112318560525552,0.7277563851402064,0.9439375
IE00B1WV4493,0.38039885717976285,0.3549036052088243,-0.10216848396554976,0.3397821222110417,0.9878108349467912,0.8916875
US60510V1089,0.4940748054384926,0.4732308877836666,-0.1108296574889398,0.42214280942760296,1.3375234462171135,0.897375
US09075A1088,0.29138063056596974,0.356849616542437,-0.1736463774601353,0.2506337162721501,0.8852209550783766,0.821625
US65341B1061,0.034141642536983055,0.20355095862681627,-0.2638498605965507,0.014405089953864875,0.3927710479815007,0.5333125
US5288723027,0.5929492840986681,0.77423924889631,-0.2853056505141344,0.4500911606327999,1.9161053551687057,0.8218125
US67079U3068,0.7215765278494704,0.560557679688499,-0.028285870838758432,0.6436606755293172,1.719052602732384,0.940625
US5966801087,0.31126444700155337,0.6868376564664861,-0.3829108704085225,0.20428627117330084,1.328246628458648,0.685375
US30049H1023,0.7131600677402875,0.49037845163999766,0.0495425776617636,0.6494862222494595,1.6117530127359838,0.964375
CA28620K1066,0.51725896816814,0.480603874381778,-0.1134738802405683,0.44512400680064046,1.3771108686299562,0.8968125
US74276L1052,0.7680518025714137,0.39219362472335484,0.2179640927450639,0.7276153258369873,1.469254467379205,0.9923125
US2342641097,0.3246369424813161,0.46645850512743314,-0.27486452065690736,0.24759716340421745,1.1927485608431798,0.75975
US35953D4016,0.31723879003185995,0.34231521080723915,-0.15707437665305726,0.27738161755629753,0.9434599867217955,0.846875
US22658D1000,-0.08159893142817355,0.3333476121694072,-0.49700737099601305,-0.1333902218782515,0.49976675762504336,0.3136875
US1572101053,0.2735778105526188,0.28770624385960736,-0.12607050650578608,0.24284576609354297,0.7815227592182306,0.854
CA0539061030,0.6549494984938357,1.6809422246980306,-0.5943764854763893,0.28724259266739816,3.0409045118230065,0.6475625
IT0005610958,0.309439291037041,0.3611712204682676,-0.18931575737333417,0.2654541514142942,0.9599493612647625,0.8178125
US39874R1014,0.19748295849479836,0.2059727919365517,-0.11062875609269195,0.17969260208073065,0.5547260749341735,0.847875
US02913V1035,0.2746123706652475,0.29978124801368966,-0.15072390167806046,0.24176456640105437,0.8084808909874347,0.838875
US68375N1037,1.3215520877000337,2.3786484360131737,-0.5160173422483311,0.7245764168814853,5.019241768183016,0.7789375
CA6882741094,0.5018544062741999,0.35425059744143955,0.005975695105478607,0.4578130364491276,1.1363259647158057,0.9523125
US9132591077,0.07103151811975783,0.35089658476286195,-0.3918025707336672,0.018849657366134323,0.7114713520117869,0.5244375
US3994732069,0.31423011681965024,0.6131705478106549,-0.41101699111211043,0.1956802840861932,1.438868703463894,0.67175
CA92528V2003,0.3771298030248754,0.38176691769807886,-0.13362853575086425,0.3275297265565241,1.0472089960377282,0.86975
US3433894090,0.2516330059601571,0.3406301891841267,-0.21846780694408435,0.20912291183344395,0.868118004750898,0.77825
BMG6331P1041,0.2557459194099807,0.43425727829374133,-0.3137011835958665,0.19124893691707207,1.0375234686848864,0.709875
US82900L1026,0.772179436552199,0.41836608562289174,0.1859686368037282,0.7236359236167613,1.5203906901145174,0.989
US50060P1066,0.24963595258490393,0.42383364900213333,-0.3021242209817527,0.18667278940504403,1.0031490108107837,0.714125
US8004221078,0.2466924131626786,0.5721867299657083,-0.4113028917827224,0.14561167671126174,1.25233438715419,0.6355
US0684631080,0.3326566284325694,0.38251785954603446,-0.18381162979907428,0.27990066908161576,1.00713545161029,0.831375
US62878D1000,0.45794138325648703,0.4746372549626925,-0.16277254914714612,0.3926744833336045,1.3034603108968914,0.86625
US04124A1007,0.5543014600858353,0.40950644652225043,-0.005015869234259804,0.5051606825015956,1.2824233337708322,0.9483125
CA74022D4075,0.2759735482337428,0.2877352370051735,-0.13139371901057692,0.2439845635211979,0.7796243440509212,0.8533125
US5663301068,0.22578199161776047,0.3663030879823351,-0.2642402976827412,0.17610318074820247,0.8700637139597787,0.726125
US25960R1059,0.1798171838985619,0.3516378134697612,-0.29016787171719766,0.13105017034870217,0.8059038115854554,0.680625
CA1469001053,0.17818847551455572,0.311199481422847,-0.24778695292985117,0.1404344041621026,0.7291545487049014,0.7131875
US6988131024,0.2952848196011887,0.2639674161451031,-0.08140182061433959,0.2711567183085991,0.7536033891520262,0.8916875
US8292421067,0.28183062628950367,0.3692515990143814,-0.21525784067730974,0.23004240938883935,0.949697612774881,0.7919375
US00436Q1067,0.39081869149291093,0.3534813134321223,-0.09134929537467489,0.35411409015420947,0.9997389011484855,0.901125
US4223471040,0.04967730430924853,0.3008688396825169,-0.35063004157061683,0.00941792970577366,0.5789859413002231,0.5153125
US75704L1044,0.5285836903008724,0.7887101199583907,-0.32385592187656553,0.38807722734032435,1.8071913327022753,0.7875625
CA7739151032,0.3331716594510798,0.2294557141778376,-0.0051846244858497065,0.3128184811611533,0.7320157148591774,0.9475625
US05338F3064,1.1114650172296965,0.60361069607378,0.42686509648820914,1.054245277188149,1.9637906358977255,0.9980625
CA64782A1075,0.4113798997166981,0.5625250041026352,-0.29661444871324705,0.32007964380494797,1.422134974498852,0.777875
US47103J1051,1.1892667910270427,0.6320165939798942,0.33399320699431345,1.100576405011812,2.344613059901018,0.9934375
CZ0009000121,0.23258914428635413,0.6002657350457287,-0.43897824683697706,0.11762644417048354,1.2568248436142135,0.608625
CA38045Y1025,0.5466766880326327,0.5484994168771524,-0.1594968481903273,0.46316489128586724,1.52315800273036,0.8824375
US36164V6020,0.5982716643990991,1.3741943548047422,-0.4337546615589444,0.3663215029869108,2.3122886939353946,0.73225
US2935941078,1.086011121050892,0.954092302904553,-0.02715514991965218,0.9079410314559472,2.7773789677767486,0.9426875
VGG0103J1075,0.7637245734111555,1.0478118674527201,-0.3670012254265678,0.5224065449275336,2.6771302919036652,0.80025
US6821431029,0.914526648438521,1.3146425122628094,-0.3170187139282835,0.6536624830145318,2.9325641760577854,0.8366875
CA43087N2041,0.5273595922310392,0.44980296633841105,-0.06874024937612881,0.467285710137872,1.3192580422270694,0.9214375
US9115491030,0.5204370810766787,0.4727433791629974,-0.11183845851066056,0.45009528887615996,1.3816085180979136,0.9023125
IL0010825102,0.3155879333289241,0.587038629294513,-0.3710074149693803,0.20634176759879372,1.3732050705523489,0.69025
US00653Q1022,0.8046591949787738,0.4415989471808309,0.18928974333479912,0.7544397542627611,1.6012107089970025,0.9873125
CA09202D2077,0.24165839775779568,0.28014067815703164,-0.15908480512233678,0.21248875931311068,0.7356522841962612,0.81975
US4937321010,0.18545372262616366,0.4070684973439705,-0.3340049457111475,0.12375449213541867,0.9028100261206764,0.6528125
US38013D1063,0.39406169462979634,0.5158497726343005,-0.16525216184907088,0.3357057580640238,1.115497094513074,0.858
CA71584R1055,0.5346542570280517,0.3518473454932543,0.030669516184590993,0.4994948536216828,1.1529658501535163,0.961875
CA14179V5036,0.5023593419604688,0.2678440137369991,0.11737895698647546,0.48086616403847415,0.9527548390870223,0.9868125
US53263P1057,0.7294120281619958,0.5555928997189932,0.0039168555671278355,0.6476808581206916,1.7319248160855865,0.951375
US8536661056,0.42835485162658016,0.4984987413864232,-0.22932480614831105,0.35472363510077437,1.3402039769851353,0.8268125
CA9191444020,0.40687864316492756,0.38029937443671147,-0.08747562782283867,0.36405107331027564,1.0439613819506806,0.90525
US23703Q2030,0.5924248391805148,0.5275119439948903,-0.06978247625405852,0.5175693307017366,1.5011378484515272,0.92175
CA8740851032,0.5825240275476933,0.46090946358242046,-0.034463724635519784,0.518983044332819,1.410423437023424,0.9379375
US74874Q1004,0.5455936682847516,0.4849417436719929,-0.08735995895028315,0.47738194997961547,1.4026364339554283,0.914
US8873991033,0.30083141971288974,0.5922893626100573,-0.38052150495216525,0.19531452076085604,1.3074945441377641,0.689125
US7476191041,0.5212865849705922,0.4660655351964264,-0.09515214257301252,0.45559657244671053,1.3405062954241524,0.9095625
GB00BJT16S69,0.08099562222554467,0.27357966182259996,-0.3002233888502321,0.048173730203739114,0.5748009640018,0.5799375
US25520W1071,0.4500634528997086,0.3754997434912926,-0.07026236785131937,0.4034548918071833,1.1348610280466698,0.9184375
US67613T1043,0.8127237647832214,0.8740903258239464,-0.13446779808366213,0.6680692748760373,2.198798598652156,0.9049375
US10258P1021,0.5062133432016969,0.44948848372636185,-0.09122988948028639,0.4456705080874227,1.2844952764786253,0.91075
US04271T1007,0.49071220691904477,0.24117808853369588,0.1385039863004458,0.4693514789708617,0.9163505923476538,0.9909375
US00138L1089,0.4583908047954476,0.5244276461687619,-0.20613147000143292,0.3774791542464597,1.378766254231298,0.8459375
GB00BMH19X50,0.5667348235430008,0.9751864358354969,-0.4348720088819877,0.34800311850450893,2.3028514687429285,0.7255625
US22284P1057,0.2397453893125729,0.6542836463625039,-0.3704788650925922,0.155170620135143,1.1130422791080177,0.662375
CA30041N1078,0.18656802798495264,0.33263168475569016,-0.2731278876462118,0.14850968155709543,0.7820162534564511,0.7055
US9746371007,0.277546453689174,0.27992890756393973,-0.12096633860463601,0.2475774822070515,0.780218516680534,0.8598125
IL0011595993,0.12720675797760353,0.40400359630504806,-0.38817372247560566,0.06534704459414377,0.8508040260232254,0.5755625
US40445M1009,0.3839096846129546,0.3168120074169716,-0.06404262958228572,0.34990518699510476,0.9485211211449849,0.91425
US50216C1080,0.40852747178335896,0.4549816127321592,-0.20365296035055094,0.3456309998483508,1.241671799411141,0.83875
US65345M1080,0.2068522094764166,0.46558198570475223,-0.3759650538035129,0.13013623754964104,1.0387343391084911,0.645375
CA66644R1038,0.8162481209984064,0.6239946328990509,0.004977624701256656,0.7232224235557682,1.9414366010700352,0.9510625
US87427V1035,0.259624399775581,0.4016488926901954,-0.27023274433858835,0.20138343430945777,0.987126019091427,0.7410625
US5000811043,0.6132358574616485,0.47693547273667936,-0.01878763901096633,0.5495744134825822,1.4747647329778923,0.9431875
US43114Q1058,1.112471998889555,1.3650212344424297,-0.26639745409647575,0.806129042548757,3.4328078626436245,0.868
US83422E2046,0.8048027276605974,0.46122487842612886,0.16600656661458413,0.7484751157341839,1.616745139018514,0.984375
US4569411030,0.7287779811014621,0.4254355715551345,0.1287881150888748,0.6831765850467161,1.4792489564345774,0.9816875
NO0003097503,0.07219217809261,0.4328666622084801,-0.46585006706601423,-0.003114566126118926,0.867208541471087,0.496125
US5771281012,0.5605340175824632,0.6836832549688466,-0.25557331085785173,0.4372367924227669,1.7739066279461018,0.83275
US03209R1032,0.2687348714694813,0.3455231619552702,-0.19761528870759676,0.22117592272335024,0.8784186980379588,0.7974375
CA03879J1003,0.8770004342092228,1.6748974087620772,-0.33074085980641527,0.5950643338727835,2.9120850347497096,0.8214375
US03589W1027,0.9453990085177018,1.039122328649561,-0.21129990059774453,0.7311944835258487,2.7891676970724832,0.884625
US83085C1071,0.6205541499446844,0.44779799855151947,0.004788073294430049,0.5667319690548496,1.4154130799241333,0.952125
US4510511060,0.3502006027773963,0.33698317887015866,-0.1201100491259803,0.3129881066610801,0.9595149219007277,0.875875
CA1350861060,0.29815100086632673,0.34265448041374613,-0.1760912205619618,0.25773317195584294,0.9080109943041798,0.8310625
US3741631036,1.255314104945121,1.451608521932689,-0.0882303177460741,0.9963658861161933,3.3471745359366225,0.9299375
US64118P1093,0.6510329344124692,1.071492868646741,-0.41180116365882014,0.41736430871476127,2.4239709955438706,0.7535
US25056L1035,0.45143078256620234,0.3581738506062794,-0.04148810153506703,0.4111823764037886,1.078603212285441,0.9318125
US92511U1025,1.0364853558578724,1.4865081091964816,-0.2021603108034673,0.7851531338229576,3.0579479021368807,0.8901875
US98459U1034,0.6793466363465511,0.6925053561336268,-0.1661367936498599,0.5576850199885244,1.8949186551232144,0.8865625
US88032L6056,0.9476818163540642,0.518438786618955,0.24739214032190335,0.8856621273834128,1.8616303614032552,0.991625
US0412421085,0.6199893163561586,0.8261417539038719,-0.32275491881389035,0.45325582044064616,2.1064940935596677,0.7999375
SGXZ31642911,0.7510831205073948,1.200811538033167,-0.3655938098436256,0.5105798396401319,2.5999656538258207,0.797125
US47759T1007,0.6008663624259507,0.45604481755012927,-0.03267551806886862,0.5459720439362602,1.4156465925688864,0.939125
US05153U1079,1.2519404325480905,0.882510460351755,0.14625431150113655,1.1087358643155112,2.8451484528440694,0.9756875
US78573M1045,0.4234217895504289,0.3886556553113373,-0.10172305787358578,0.3736906458358791,1.1101722296290832,0.89425
US6151111019,0.31328659972940387,0.35848345385921376,-0.18158307519711778,0.2707161891412545,0.9626653307262605,0.825125
US45569U1016,0.6785084032026593,0.4413155705548657,0.07383339867210897,0.6252973634606336,1.4695742263360299,0.9705
US8070661058,0.0895904936028707,0.44190915150662124,-0.457050940425584,0.013203401354265839,0.8764969162535485,0.5158125
US8257041090,0.5083019072358017,0.32477699308491953,0.050040527232163394,0.4742341198074942,1.0817674447688064,0.9671875
US6067102003,0.4803643455038305,0.4584645378440123,-0.11289010710308367,0.42044344438419223,1.2769639866050377,0.894875
US4234031049,0.60720974404923,0.3859613865578536,0.058849167565633784,0.5663582980812637,1.2879253169776674,0.9676875
US07556Q8814,0.14359046771621067,0.4079860668378086,-0.3888405446461589,0.07695434520732647,0.8890948472651831,0.5944375
US56146T1034,0.39982678212237566,0.3223187629887409,-0.05871223080512237,0.3658935730808882,0.9934856031430201,0.922625
KYG8807B1068,0.24391028977445522,0.42652059014514054,-0.31546194452942283,0.17671835016886744,1.013442399279887,0.7075
US42222N1037,0.336022375342514,0.7122014400292083,-0.43280980729095003,0.19047932338420964,1.5975630395228797,0.662
US69553P1003,0.3345644446284098,0.3047273879927269,-0.09621723721960483,0.3026663530972563,0.8747276141831317,0.8924375
CA3771304068,0.3746413568294224,0.4621947930915043,-0.2376757017346654,0.3065944946108529,1.2056112569996185,0.8070625
US78574H1041,1.1222158703715295,0.9673901249542678,-0.04227691579014476,0.9454843560081714,2.8762016715752114,0.9386875
US8935291075,0.41221628570788266,0.5509620061335678,-0.2248492561685949,0.34026712813116855,1.278689309423002,0.8300625
US71601V1052,0.21063173111439487,0.24743219236085975,-0.14502401724257888,0.1846806247955287,0.6537712418467491,0.814625
US50127T1097,1.272095906982689,0.9590249793603605,0.11437902503249371,1.0986163691353414,3.0057001781699126,0.971
US61023L2079,0.4702309548466077,0.24214994201346615,0.11906367219750948,0.44950648591517023,0.893555367817003,0.9873125
CA5609091031,0.422262762587652,0.3764939106520286,-0.09707090329455995,0.3752909253731721,1.0808464983402186,0.9013125
US92557A1016,0.6448336309834155,0.30601033266548944,0.19464893915195375,0.6163752345961081,1.178922915175154,0.9933125
US00461U1051,0.5548211199559283,0.41880457068666344,-0.017663743546526636,0.5011528601643869,1.3106644608154105,0.9425
US0349481095,0.4706467397612165,0.4550626069966407,-0.14748879025289766,0.40886706747442,1.2928537251234944,0.879375
CA0585861085,0.261493528252245,0.7695116349254831,-0.44609942944863634,0.13316324376213745,1.3726675907963686,0.616375
US35138V1026,0.32979077247835764,0.3319573229674621,-0.14229240332723983,0.29400139895346533,0.9121852827041967,0.8635
US5322578056,0.5733282874475105,0.46936908617959827,-0.06061934448911347,0.5108566029346239,1.4318179670495292,0.928125
CA03074G1090,0.577365408583142,0.9540691366810942,-0.43079225799138365,0.3665454904580374,2.2440481367826655,0.7334375
US48563L1017,0.16253978993290005,0.5236099717929187,-0.44629975509982345,0.06268433864509176,1.1013679837893169,0.566125
US70014A1043,0.31164830399105586,0.5420892807707012,-0.3505381307907278,0.21869513401601343,1.2783595496996585,0.7116875
CA0012643080,0.29611980068036275,0.3236951972843632,-0.1583073849755964,0.26079592846771643,0.8647355639616942,0.8395
US73933G2021,0.9016882156050234,0.769566167756014,-0.032494300880864795,0.7734710248643396,2.243961067269504,0.9418125
US30041R1086,0.48342638650557174,0.4132334140141988,-0.07317851514051417,0.4338981579236234,1.2337490475547375,0.9154375
US85220G1094,0.5764151190217005,0.535524691307287,-0.11954661600099172,0.49413896841156335,1.5458864269795376,0.899625
CA57722Y1025,0.2754124077830936,0.3271305880797393,-0.17760433953748125,0.23638303827707413,0.8568066100762579,0.817125
IL0011267213,0.5932057212984275,0.60373677273259,-0.14421035743720445,0.5000459136633612,1.6078560990373332,0.892375
US9604171036,0.9758348421662856,55.29486214399281,-0.44153883672088434,0.3494703987740406,2.142960586978087,0.7226875
US5679081084,0.19422256530826518,0.26412517560371307,-0.18079903251438348,0.1662707185922416,0.6687813149972754,0.7766875
US88556E1029,0.5499409317074924,0.4797827428662151,-0.08976299071066358,0.4835225124136197,1.3968273488338243,0.9126875
MHY7388L1039,0.24165626610660224,0.5665843295851092,-0.4280702658366298,0.12951456869504385,1.2698490302140628,0.6275625
US96145W1036,0.5549164727973118,0.4816244572256846,-0.07792119006746126,0.4872362018075864,1.405047190474975,0.9156875
US1374041093,0.9181696397326912,0.6385886232270372,0.10832671250049972,0.8317993292233394,2.0043303188197177,0.9735625
US83207R1077,0.14594148858132308,0.47617515633179514,-0.3839257501965522,0.07589123132728356,0.8753731846020324,0.5939375
CA10919W4056,0.606187857938194,0.6052964365829256,-0.1595506490076938,0.5080302437936595,1.6943690325352776,0.886625
CA86084H4070,3.635405847086083,421.0863279859272,-0.11221425242573801,0.2741968474285478,0.8286981314455532,0.875125
US74319N1000,0.26838682243101014,0.4418788230365013,-0.307049720992482,0.2008796170665243,1.0801874039752182,0.721375
CA6544846091,0.6834281353317208,0.6320929339713371,-0.07872386477747641,0.58510762422176,1.7459133574507486,0.9214375
US58450V1044,0.42018370314466985,0.40947015737893194,-0.12427332022801396,0.3644418687684043,1.1450186036285126,0.884125
KYG9470A1022,0.6816911295030361,0.43256379535685885,0.07322773800554769,0.6296942901076369,1.464810744350105,0.9700625
US63888U1088,0.3856123104274735,1.437719866384956,-0.29788918295575123,0.280502699014349,1.3182907759363798,0.761875
US33748L1017,0.607270808315343,0.30799666349167404,0.16216447935820272,0.5777072804861341,1.139094346318218,0.9893125
IL0011216723,0.5232890332118583,0.5186303777826857,-0.1609406119180633,0.4457265416790561,1.4633723246771215,0.878375
US47103N1063,0.45865408512743217,0.46958401693286705,-0.158146967668867,0.39284141951179363,1.3081263221465034,0.8650625
US3580101067,0.4353501077295367,0.6078884535107509,-0.31528880054982006,0.33109807164694266,1.528991743120153,0.7745625
US4424874018,0.04929978874639248,0.7764603660575351,-0.6206396542551325,-0.09557460413332275,1.1450671875125173,0.416875
US2290503075,0.4024667777574952,0.3172339261990674,-0.05048567512495434,0.36652962185880456,0.9790741748356113,0.925375
US48138M1053,0.6017971946128384,0.6713563544854966,-0.21602643705638622,0.48854198846999874,1.812641053453318,0.8535625
US05453U2033,0.8123977765740408,1.204455823017149,-0.35383949677435894,0.5705395980403185,2.7567375386335637,0.8118125
US0942351083,0.07955510657187335,0.2037884835059972,-0.21765892001088905,0.06260315443414016,0.4360713226180883,0.6349375
CA94947L1022,0.6094152122268792,0.30006094577102804,0.18001580486879892,0.5812625814159531,1.14554472257701,0.9910625
IL0011786493,0.300698921376481,0.3707963698267843,-0.20077661374621497,0.2517525760484318,0.9698054082365186,0.8051875
US75606V1017,0.6513950551829534,0.7196265664727769,-0.22964841050067905,0.5245948451944376,1.9251266580069613,0.8574375
CA7029251088,0.3744208318728488,0.371083446867493,-0.13286942191429457,0.331727021361379,1.0417909799957648,0.87075
CA23344H1091,0.4491938001462024,0.29864579086575466,0.028119889409808686,0.419551800414922,0.9799281642895556,0.96175
US14575E1055,0.30148537886987326,0.3322682488611186,-0.16036837960588898,0.26238585391644376,0.88595869729941,0.8396875
HRIG00RA0009,0.4341935506427221,0.918057075608375,-0.4890286804520557,0.2342268604278914,1.9876327608112256,0.66225
US76119X1054,0.5345767201785059,1.1158765145474256,-0.3516271377220356,0.3736047401488599,1.9281701478732949,0.769875
PLMNNCP00011,0.3211426014085035,0.8214115023733187,-0.5264476521938287,0.13831141484667997,1.7342860004974947,0.6039375
GRS522003003,0.15973947554594897,0.7274804813995468,-0.5811393164775209,-0.004123695083738808,1.4351314362775158,0.4966875
CA80412L8832,0.32801185678050415,0.31599035990126306,-0.11791728962679043,0.2954519840853738,0.9003895270982414,0.8743125
US87357P1003,0.35716479991631955,0.4039697307554351,-0.19581152651456918,0.3037870609958203,1.0814430532603176,0.8361875
CA12989J1084,0.2599819340831975,0.25435244749514196,-0.10273834787490697,0.23532283184047598,0.7075053494386794,0.8659375
CA03349X1015,0.5937723128713482,0.7669789794490531,-0.2836745494849574,0.444589467865188,1.938734496508621,0.819625
US46655E1001,1.1761104159940097,0.8326304639868897,0.1694838402215273,1.0374693358448752,2.6187768953925583,0.9786875
US71722W1071,0.8325635438539423,0.5012091839753635,0.15689098360364256,0.7711204649973594,1.7174340108133972,0.98325
CA80280U2056,1.155231350665028,1.2917065545204756,-0.21847362136425857,0.8678493248504974,3.434409155861204,0.8910625
CH1243598427,0.1127411776412619,0.17398382795961723,-0.144085923739181,0.09811609080633638,0.42472528485673544,0.7465
US64111Q1040,0.39021385781244805,0.5160280090838442,-0.22339148196090935,0.3217948756932667,1.2299418805285596,0.816
US0197701065,1.3400332319471313,1.2451452192633026,0.031591400567034106,1.120633543037081,3.3108530597528265,0.9565625
CA56089A4000,0.7765937260406163,1.144790393600758,-0.37572852983927096,0.5307848017989221,2.7186128784358026,0.8015
NL0010273215,0.20639363273736552,0.13994652907897487,-0.004530685180160357,0.1981872674243649,0.44363615433892445,0.9460625
CH0012005267,0.05964791685705832,0.14371251469049318,-0.15459753813565416,0.05137844856499471,0.3005823509155705,0.6579375
CA2929491041,0.2755912104660235,0.37588834021953754,-0.2277751880224426,0.2238503862360448,0.9401822965543113,0.7843125
CA38071H1064,0.8435556061461085,0.5726000999017742,0.08447534286751693,0.7581381023693462,1.9016430948701695,0.9685625
CA89688V1031,0.539652138138639,0.3637471857201251,0.03919843040294135,0.49941442524533386,1.1781058759949508,0.9635
US13462K1097,0.7452117180579477,0.38874783356548454,0.19989653111130334,0.708757259176654,1.404673201363407,0.990125
US87043Q1085,0.5415396478476927,0.3205611308003555,0.09222416636730989,0.5101780218037857,1.0852563718462822,0.97825
US8317541063,0.4441349047065322,0.653378201217894,-0.30759813661413177,0.3313077250765345,1.5453663209304076,0.777
US51819L1070,0.3902497266046072,0.4233533570041721,-0.1789766979169154,0.33465625288719647,1.1419039028471865,0.8483125
FI4000592472,0.3475810777326278,0.5590159361174938,-0.33600925807747034,0.24772284637519199,1.3609736822510146,0.7295
CA4990531069,0.3401520762616388,0.31070969215330074,-0.09666311766314654,0.30579192815745415,0.8934901891064869,0.8943125
NO0010815673,0.10423316360655341,0.4033342019698781,-0.398734308159038,0.0403068420026549,0.8290812289343229,0.5511875
FR0000121014,0.2680752995360471,0.14910583597398533,0.037513306911992034,0.26037409332330763,0.5230262310565892,0.9723125
CH0038863350,0.19259327552525393,0.15396878866944053,-0.03913166649559243,0.18324008646046808,0.4570234240448132,0.9118125
SE0029278985,0.8280704364342434,0.8066733544108334,-0.12368860105162457,0.6825330080746127,2.218887638579859,0.9125
FR0000120321,0.10795480613885912,0.13198223576844742,-0.09239579890808357,0.0993361756485569,0.33795541723629813,0.802625
DE0007164600,0.5386094243933788,0.19935595116386842,0.23600178285262405,0.524308370796584,0.8811419145075607,0.9981875
CH0012221716,0.011791249870839265,0.11715975574584132,-0.1678049812768498,0.005589377996624944,0.21422833852327544,0.521625
FR0000073272,0.12792531999919493,0.14763944251320263,-0.09458673007387315,0.11979537552166364,0.3814688464043588,0.81775
ES0144580Y14,0.031240649921028686,0.1285123740718093,-0.1632066225380314,0.022427707892018693,0.2537764568124665,0.5736875
DE000ENER6Y0,0.21712293818912196,0.1658351838196463,-0.03493278438265305,0.204948135289852,0.5087145987857624,0.922375
CH0003671440,0.815835137681964,0.5743975271035107,0.06619488644407111,0.7390639093418474,1.8286633902303857,0.966875
FR0000120073,0.26302194636178283,0.16424900436525522,0.016168548959546374,0.25072245114357244,0.551365612366522,0.961625
GB00BN7SWP63,0.13497431198423,0.20348958493150318,-0.11536492883421005,0.12110714344510343,0.42332519423970166,0.8013125
FR0000120578,0.3417676976162869,0.17245027469982574,0.07803046193140577,0.3322749447627037,0.6370606230519308,0.981875
SE0017486889,0.18952264440995445,0.159170790525474,-0.04991989268283388,0.18014698147927222,0.46316146014544035,0.89825
NO0010096985,0.002210522000035872,0.12038774783008617,-0.1829536165283954,-0.0037350506309383738,0.2083933109639066,0.485625
JE00B4T3BW64,0.22947610193290152,0.17259610810112183,-0.03657489054431458,0.22061879837323445,0.5256061152110011,0.922625
DE0007236101,0.1033073866435836,0.1359994626174101,-0.10481262600319657,0.09622528880234045,0.33887104072015956,0.7851875
GB0009895292,0.3677499057450693,0.1904463171932811,0.08278483376141765,0.3537058255798411,0.6961203842673951,0.984875
DK0062498333,0.24676087136170805,0.16594656527413604,-0.008491109351757928,0.2364444504658225,0.5349519723995474,0.9441875
FR0000120271,0.1756954424706741,0.14907121481278357,-0.04525230641348965,0.16575328249085264,0.4296075354976428,0.90225
BE0974293251,0.15317678681625455,0.14135158945969545,-0.06683783629078281,0.14653484731987687,0.396460483399591,0.8739375
GB0007188757,0.13837514919444333,0.15023489184702504,-0.08770468834363873,0.1287502264502827,0.3980005748373863,0.8354375
CH0210483332,0.12928725471903776,0.13550251022173943,-0.07439667733545569,0.12051177007462843,0.3621453409336631,0.8465625
GB00BVZK7T90,0.18767417650550505,0.18364154221095097,-0.08578648006781761,0.17226156423440261,0.5023924288049453,0.8658125
GB0007980591,0.1000557563888186,0.15694540980579483,-0.13415203604811732,0.08871938362022014,0.3699437833882231,0.742
IT0003128367,0.06541435426131584,0.13172742105215265,-0.13517726549043194,0.05633653063091867,0.29167412680005333,0.691625
DE0006231004,0.16951063568442978,0.16706388172034412,-0.07747776264931952,0.1564237372534188,0.45763268653638445,0.8629375
FR0000121667,0.4592727305382781,0.20825801122993592,0.14884068131987832,0.44462447436768526,0.8236597112557866,0.9933125
CH1499059983,0.12378219426502587,0.17055764465539502,-0.12199837854634785,0.11089339378678391,0.4140700240185481,0.7776875
GB00B01QGK86,0.38535224872910695,0.4341489911867514,-0.18912491163158804,0.3257847700415003,1.1397498793154504,0.8429375
GB00BP6MXD84,0.14669613569568243,0.16832874229980155,-0.10158707547045934,0.13268460408921684,0.4449696923327897,0.8226875
ES0148396007,0.1949511877901192,0.14412642748676802,-0.02355873594372038,0.18555321406781294,0.44546324631620243,0.9278125
GB0006389398,1.12662533946981,50.14417754956745,-0.03002045239371307,0.543382490820623,1.4739975014143827,0.937
NL0000235190,0.21445616575102405,0.15655534699987608,-0.021484708708144635,0.20316820053655965,0.4848576864688937,0.934875
FR0000052292,0.38412552795628147,0.183254780245291,0.10178120884817966,0.3739494696355313,0.7036021317316219,0.987625
SE0002480442,0.6330455161065035,1.2208998463824245,-0.4149995706753028,0.41799880923071164,2.374553710230988,0.755625
DE0005557508,0.40986335123189044,0.19969822625700043,0.1132638264516012,0.39619826903783395,0.7473224011041805,0.989125
PLWRTPL00027,0.473033081448898,0.46952693968859677,-0.13699968956438924,0.40695456693249804,1.2788591331484895,0.88625
GB0002875804,0.18484800317496558,0.20162051780934867,-0.10999441427195948,0.1676318143876281,0.5285713592575253,0.842625
NL0013654783,0.5378065188277743,0.2574297325052383,0.1688220849497207,0.5154321216904627,0.9756926903957912,0.9918125
GB00B1YPC344,0.3556214801836592,0.34827320514284593,-0.12238489193073564,0.31441051945495185,0.9814967873025756,0.8726875
SE0000115446,0.07605618686861268,0.14258434122880762,-0.13823741425471636,0.06607700015187959,0.32179022372142263,0.6981875
NL0011585146,0.3212364867466157,0.17552298795670293,0.05299346452759795,0.3101077429783807,0.6278926149433918,0.9760625
DE0006599905,0.21242273419388322,0.19655091432105853,-0.07988739648014187,0.19828071601964162,0.5596926574068666,0.8818125
DE0007030009,0.5577373693241806,0.24670300973007048,0.18762515766830107,0.5381340963893414,0.9906330707376314,0.9945
GB00BTK05J60,0.1537385574296491,0.18427491405712845,-0.11473013425297511,0.1380470190865975,0.4682489716089816,0.8145
DE000BAY0017,0.19855898924352494,0.1714876477173661,-0.06413367496564482,0.18818860718120678,0.4948187621198842,0.89175
FR0000133308,0.1561374795046332,0.16915546325118724,-0.09865049925524015,0.14403300251071643,0.4528330404767735,0.83275
DE000BASF111,0.11802959339057113,0.1498314163701295,-0.11138580491081923,0.1106411069183095,0.37339989888846054,0.7920625
ES0130670112,-0.08491897677203232,0.11409543827877591,-0.2584704879183729,-0.09131483166637788,0.11330151586318077,0.204
GB0002634946,0.17694105806435517,0.16529920857321953,-0.06837195853792592,0.1658743673558724,0.4649638063577888,0.8755625
FI4000197934,0.12947248532286693,0.3267784162241242,-0.3180581897201426,0.09149836788678968,0.7096532336426016,0.629625
GB00BDR05C01,0.12097562594004048,0.17351098079264657,-0.13912096510964378,0.11060058523896754,0.42658696981730493,0.76
PLZATRM00012,0.03965725212333192,0.32064718155930344,-0.3889549617062107,-0.004290511878153238,0.6166167669293341,0.4940625
FR0010208488,0.15525929313837059,0.15989995940877064,-0.08875498942040694,0.14515248352111193,0.4323140199391123,0.84975
DE0005552004,0.06708051954725083,0.1530352570197063,-0.16217589120131118,0.05583937495634528,0.338474535823996,0.66425
DE000ENAG999,0.11581632779084762,0.16097665177492917,-0.12528322153946042,0.10399764486743006,0.3965886865407966,0.7694375
LU1598757687,0.20059568937263497,0.20700954225005033,-0.09831278245450917,0.18580232718347772,0.5571003820875156,0.8499375
FI0009000681,0.04720722619163604,0.17631927116786972,-0.2127214132424272,0.03404651424116535,0.3572837881643183,0.5865
NL0010832176,0.31292091670620603,0.21247321062546842,-0.0015657867520832388,0.29446386823966153,0.6840952200309481,0.9489375
DK0060079531,0.3540976293143425,0.18603308130802998,0.07283128921659869,0.3408635311580158,0.6783139601050306,0.981875
FR0000120644,0.18876988107402104,0.15818832217356932,-0.04578783820696,0.17733184032043417,0.46638034105681564,0.9065
SE0010547786,0.3378115752634724,0.6508919958123749,-0.40161915195194875,0.21516658578400896,1.471503078798583,0.6865
GB0000456144,0.09232131526739056,0.15444865874902702,-0.1366504645138069,0.07969039910255436,0.3613561445243722,0.724625
BE0003739530,0.2680445137951341,0.18361646062690298,-0.006332928044263645,0.2560934939040699,0.5855181714522653,0.945625
DE000A0LR936,0.3676491652081189,0.6086259230228432,-0.3105050882287085,0.27409872144600733,1.3358310201794619,0.7533125
ES0171613005,0.7102119222503548,1.2369529933664234,-0.39191809383233756,0.46856695159144746,2.5274351364617806,0.7790625
GB00BDCPN049,0.09367978853570474,0.1803114844374512,-0.1740007716637644,0.07978711767723035,0.40121555012324084,0.697
DE0005194005,0.5444927797986995,0.9987083017869666,-0.4609241705495843,0.330583419304348,2.222477714163318,0.714
GB00BYXJC278,0.44054750325937464,0.2916281767214039,0.021907931168245205,0.4124283610027357,0.9497725576379072,0.9575625
FR0000125486,0.20417328987313185,0.15599356459165178,-0.03245783746634479,0.19267300800351855,0.4742299565960094,0.9215
IT0003132476,0.10702132691886396,0.14326200828349997,-0.1101421363009065,0.09766365259537654,0.35442929428403375,0.7796875
GB00B2B0DG97,0.528216811068784,0.25797662716191677,0.1505890693693019,0.5057859430821156,0.9787102411997533,0.9905
FR0000121329,0.23450099038551753,0.17154213753325023,-0.0241437372048984,0.22424262808411247,0.5295931157188204,0.929375
SE0011870195,0.6460927541767039,0.6283762051927736,-0.15000082597557865,0.5430417645651706,1.7736493783130092,0.894375
DE0007100000,0.3034788656236444,0.18002102994949476,0.030480600770307502,0.2930434359630365,0.615057614227972,0.96575
DK0010255975,0.3270825733318618,0.6657491069954159,-0.4310960972479674,0.18775004718169125,1.5361471279568892,0.6578125
DE000SHL1006,0.3863401370972431,0.1946442721510238,0.09419937347331582,0.37421430300546166,0.7247180516561257,0.986375
CH0012214059,0.1253000046654251,0.1487364387498851,-0.09888432207838682,0.11542814491370723,0.3793167353179259,0.81225
HU0000093257,0.07310432888628847,0.6520436091842858,-0.615278774302059,-0.07041063577651131,1.2402271970169474,0.44
GB0008711763,0.2350735089681005,0.3551165853025063,-0.2457191036152543,0.18828010097689224,0.8714313209262999,0.7485
CH1430134226,0.22307784252542012,0.20179552260350028,-0.07677507360251502,0.20833141336534639,0.5674565273107951,0.884
SE0000667891,0.057508356733674944,0.14701478708432256,-0.16666384019828576,0.0488862665166207,0.3110068343245206,0.6445625
FI4000586409,0.34029771764074296,0.6133453813601225,-0.377532754211817,0.21739254371566558,1.449377504286194,0.6984375
DE000PAG9113,0.14995653019676156,0.1540100092859187,-0.08747823380993196,0.14142516925506066,0.42179731525324166,0.8463125
PLOPNPL00013,0.5077897605224113,0.9649955010143603,-0.45530138837730666,0.29073335273580336,2.129052338383987,0.6960625
SE0025010671,0.15986385556436072,0.4797113519647462,-0.43012855778354925,0.07878567323568766,1.0218234854656432,0.58425
GB0002374006,0.3166695649350809,0.17611277822907065,0.04842688067778837,0.3058638557726189,0.6161518766738551,0.97625
GB0002183191,0.49039015751563325,0.4356385594140644,-0.09192917028594427,0.431699565728552,1.2606123777112457,0.9064375
NL0000009165,0.23461239604265416,0.15989057018146555,-0.008573920741157825,0.2270731309830183,0.5087955627827248,0.9431875
PLRXCNC00017,1.254510776933623,1.3682684867531423,-0.1956633177355671,0.9344623280390296,3.6859690253904014,0.8984375
CH0013841017,0.3544932544182315,0.17125711165229035,0.0935916033196184,0.3426483102085307,0.6497859649615333,0.98775
GB0003395000,0.38193651302197446,0.4260375914641096,-0.14233592548577303,0.3401857629794689,1.0457594489368094,0.8695
FR0000125007,0.3129021203126068,0.19126581179009658,0.023016968271725773,0.3012565537071009,0.638262908194104,0.96275
ES0105046017,0.083576664036282,0.13586449960743335,-0.12290539558927165,0.075139531533012,0.3185523977980688,0.7349375
PLPKN0000018,0.047617084987461145,0.2215799810304181,-0.2706639208238738,0.02465472522647698,0.4393336561013159,0.5519375
GB00BSZBP530,0.2981738856803912,0.1829742834289912,0.027194853940817183,0.28483220175433144,0.6123079512619819,0.965125
BMG022411000,0.6548641839020456,0.6227032785218954,-0.15324120288702694,0.5517699694786439,1.7897616337235633,0.8944375
GB0001500809,0.5317139415288017,0.5435489095270364,-0.15828677510729366,0.4508763423459551,1.4803267373688211,0.877
SE0007100581,0.1805435839892482,0.15422850947942815,-0.056581816893709294,0.17090960370929403,0.4472932971742086,0.8961875
FR0010929125,0.4782726345668341,0.34706473000894206,-0.010107589006527544,0.44078577762281135,1.1040060309800301,0.9463125
FR0010307819,0.16513013880748628,0.16792470845183063,-0.08632328765947647,0.1524493554943061,0.45646485750988564,0.8530625
FR0013283108,0.7332191647557245,0.700134248450804,-0.09011722003752105,0.6229498566387064,1.913123731454515,0.91975
GB0007908733,0.20024365484824805,0.20695638230639601,-0.07964216203411653,0.18323697552860357,0.5239827700919584,0.8769375
CH0418792922,0.3276390460436722,0.1746429858727181,0.0640815135601504,0.3147341458426523,0.6292097279994027,0.9823125
PTPTI0AM0006,0.30507126329241235,0.402397445623383,-0.22450681521483293,0.24386781382347694,1.022154228676884,0.7941875
GB00BH4HKS39,0.07129495161808436,0.16816111565682315,-0.18091497251023883,0.0587087603463977,0.3657056044284332,0.6548125
NL0015001FS8,0.11130740437873071,0.14741594415920928,-0.10999800814775565,0.10059025782848918,0.36760685037958435,0.7851875
NL0000226223,0.13674007925499448,0.1774870248144924,-0.1258722210142692,0.12256029576719665,0.4441029288924168,0.7865625
DE0007037129,0.19451495157212922,0.16518947482232005,-0.056440714920267664,0.18335131641330027,0.47835376908071825,0.896375
NL0000334118,0.17120369824542722,0.18537988748129713,-0.10186102439770922,0.1569211857100331,0.49305326370028074,0.83775
DE000DTR0CK8,0.14624237973672258,0.16243919104131077,-0.1002808187166783,0.13609634531965056,0.43057709287350115,0.8289375
DE0005190003,0.31201557316653356,0.18314694859362593,0.035967328493256186,0.2990508976669899,0.6290323460482643,0.9690625
FR0000121485,0.08475654095082127,0.8156921500500999,-0.13410329646854283,0.06612243628304462,0.313399847089758,0.7084375
IT0004176001,0.18060510521769554,0.18582194125896243,-0.09313292239444065,0.1668000448864428,0.49787436760906445,0.850625
GB00BP7NQJ77,11962.935134400353,1513080.1341592667,-0.20423572429178524,0.49636150713661853,1.8091935553207164,0.872625
ES0167733015,1.3503589239685954,2.303297944555113,-0.40363951827897643,0.830470831877034,4.658531688842107,0.8246875
GB00BJVQC708,0.3435087096518663,0.30570179022288835,-0.08542491112667744,0.30755514525230043,0.8928146559733802,0.8981875
DK0010244508,-0.11784478207705278,0.12874067007812826,-0.3122439948784465,-0.12591891609694417,0.1053102588820145,0.164125
SE0003815604,1.1592987095993408,1.4373892078207642,-0.2947069317083494,0.8196150305633844,3.7138130861473764,0.8634375
CH0024638212,0.21196983022018628,0.2091037125715018,-0.08796085404602408,0.19250547652937483,0.5656577609774204,0.8740625
NL0015000GX8,1.0531740251225914,9.786854882884741,-0.29585828607705983,0.6837846135104557,3.0286620205919625,0.84925
GB00BMX86B70,0.28301996465739454,0.1924006516547883,-0.004686763937224733,0.2669979400553011,0.6192117470341385,0.94725
DE0007074007,0.25909994758371246,0.32532952733121256,-0.18534801917515087,0.21781593081209785,0.8347249291547671,0.8016875
GB00BLGZ9862,0.17298927305228978,0.17406992840637014,-0.0835759085076424,0.15813390388361392,0.4798519954010413,0.858375
CH0008742519,-0.01554563814171775,0.14867300098928043,-0.23755298500956418,-0.027168094934439443,0.24125248207318792,0.4186875
DE0006070006,0.04766770068794162,0.23898870975377595,-0.2859647059593825,0.023450788443110483,0.4588719708659171,0.5458125
CH0010645932,0.24437163488727134,0.17224272505192417,-0.01387547122626086,0.2315669053442876,0.5429303544188679,0.940375
FR0014005HJ9,0.07059572280173344,0.2528631738536668,-0.28121510878054534,0.03951811056305547,0.5137822972644588,0.5791875
NL0012747059,0.3361344205071072,0.5573538171265783,-0.3521557578936062,0.23753301656248194,1.3555532057652426,0.7180625
IT0003856405,0.23031957519086674,0.17684714250126563,-0.0372269494754618,0.21941656351458533,0.5375827527311933,0.9208125
IT0004147952,1.2455149661253253,1.7038864208871103,-0.33744975173953184,0.8349836180233058,4.113435369479788,0.841125
GB0004339189,0.6414858838417196,1.0492829391097356,-0.42180987835570055,0.40711936740389093,2.4952671542932863,0.755625
SE0021921269,0.0806591273841912,0.2006357307991397,-0.2077423494813042,0.061847590679158806,0.434242164240654,0.6393125
SE0000108656,0.03416224401579906,0.15194304865316743,-0.19311590031409098,0.022897280060124835,0.3028284081218111,0.5668125
DE000A1EWWW0,0.37955555139503916,0.15788395972471314,0.13966541516706882,0.36954143740933154,0.6512053645538548,0.9948125
FR0014003TT8,0.3628306429117781,0.2069312922463612,0.05331383306209971,0.3488748168135989,0.7225589113997221,0.9736875
AU0000XINAJ0,0.9132620308131356,0.7422247617840734,-0.015685466805623945,0.7897670354119998,2.251398655072775,0.9461875
GB0031852162,1.5274573830550398,1.5558128403353384,-0.10472930223103308,1.1867129987743634,4.2577247651669445,0.9275
CH0025238863,0.008417006569855678,0.13819917847798194,-0.2018069865646631,-0.00032184455107827986,0.24752436637715614,0.49925
IE00BYTBXV33,0.28280015780005957,0.17527818827891287,0.01769821487216106,0.2715422728075657,0.5874156629430906,0.960375
ES0167050915,0.08477807364521282,0.17936635956171548,-0.17715646012032604,0.0706417899263329,0.39702402745200976,0.67075
NL0011794037,0.12512152547232716,0.16067910965827636,-0.11499378738366862,0.11349459328301302,0.4131081378490986,0.789625
CZ0005112300,-0.0705093433519848,0.1868856682533088,-0.33800908382137257,-0.0896492572236468,0.2596938512655921,0.311125
CH0432492467,0.42779270562048216,0.22749486972821387,0.08979277212999882,0.4101791011882833,0.8252605076888535,0.9835
GB00B19NLV48,0.5075623582281695,0.23023964812483577,0.1662585443674555,0.4885089565710588,0.9046865880306838,0.99225
DE000A2N4H07,0.4218945470238696,0.5555170626488426,-0.27352776845507404,0.33158994934320263,1.4102834027416347,0.79475
DE0006047004,0.27868480179401334,0.18961342613810406,-0.008850340473798067,0.26506757182101415,0.6064629409151876,0.94375
GB00BJVWTM27,0.7781949744692856,0.7814057832843297,-0.14488594437455932,0.6367259530157071,2.159627614941256,0.898625
ES0116870314,0.08209580990656677,0.15271146320738307,-0.15064433858250753,0.07243892421142323,0.34867038602951733,0.703875
GB00BVMN1558,0.6152973985372783,0.3296823586376425,0.14108371531332378,0.5830673140128594,1.198816365245028,0.9851875
GB00B63QSB39,0.1144366053645736,0.17942604168035295,-0.15167906355699964,0.10019473537678697,0.42796121073488197,0.7405625
DK0060094928,0.4080422195806368,0.1836213771132958,0.12800305941605086,0.39652991550588923,0.7262641656337185,0.992875
DE0005785604,0.3161064777552713,0.20665456189498374,0.009836536694321989,0.2995779635002495,0.6775695242140376,0.957
FR0000124141,0.19774235672109955,0.16712597727351858,-0.05516999446021871,0.18768239617430132,0.48576735205869415,0.9005625
NO0013536151,0.22855774873179785,0.29587177264570447,-0.18559581130513017,0.1958581965613278,0.7405328725340591,0.79225
FR001400AJ45,0.15240405416357816,0.18594308369152404,-0.12042249373144968,0.1364980433792899,0.4722014879541138,0.8088125
PLCLNPH00015,0.19386025505060064,0.35235804927815484,-0.27054598192315493,0.1430598086251314,0.8269264420956005,0.699375
GB00B0M8KM36,0.6287009043211904,1.003914552815544,-0.4199099058171427,0.4052913754380996,2.411104922651342,0.7511875
FR0011716265,1.012804278847032,0.8759477759421281,-0.059000250182032886,0.853433095719686,2.628748685072882,0.9346875
ES0173516115,0.07549922936264986,0.14447508106252108,-0.14317015363538832,0.06489267711655693,0.325839939553985,0.7013125
FI0009013403,0.15254604244215908,0.16202070477404668,-0.09609105226458614,0.14330312361540004,0.43130213459500655,0.841
SE0000106270,-0.061991490594031334,0.11366638233205989,-0.23526348850516193,-0.06869744484102924,0.13242721913000136,0.2605
DK0060336014,0.2713675932234056,0.18653947467703472,-0.008923886667004274,0.2592370464700983,0.5979486340524248,0.94325
SE0015658109,0.1375695229008588,0.15568179215050848,-0.09584992048424774,0.12856584037819302,0.40989083752069316,0.81975
BE0974313455,0.18813757400354525,0.44611114040601535,-0.34710794759738073,0.1234095041777987,0.9401389888186344,0.6445625
DE000A2E4LE9,0.6315601881317896,2.8615896015098734,-0.42479049334942826,0.3727722706227024,2.3241284300585088,0.7358125
LU2598331598,0.11298857311656875,0.18884406246195046,-0.1612899517056388,0.09805333624618137,0.4407222328522177,0.7251875
PLSNZKA00033,-0.00671195623291768,0.4344063211365885,-0.516914190176128,-0.08302212984118242,0.7358759777198899,0.4059375
GB0030913577,0.10528064416353275,0.18403799945209984,-0.17066884668798354,0.09212563011814558,0.4275934509395898,0.715875
DE000STRA555,0.606522797860064,0.5257742956219712,-0.0895715562688034,0.5293432603872595,1.5430756316113254,0.916375
DE000HLAG475,-0.05318614884418864,0.19179907331881138,-0.3266320813181302,-0.07191892148740393,0.28519164154593324,0.3419375
NL0000009538,0.23701478106547286,0.17176557227700576,-0.024994111133238742,0.22681629119741825,0.53473595920269,0.929375
ES0178430E18,0.13972027003449136,0.15040434799310168,-0.08741949449776351,0.13025627455600614,0.39522709434470166,0.8391875
CH1256740924,0.16699152538807482,0.16090214247172568,-0.0763644482960076,0.15698829992671254,0.44348034041009726,0.8668125
ROTRPLACNOR7,0.012624285622137589,0.4795808254593528,-0.5374510846835566,-0.07260766504460371,0.8476069369372716,0.42475
GRS419003009,0.11110537452587678,0.3023376559665334,-0.3040456627432852,0.07188309532682938,0.6455291890018306,0.6180625
IT0004098510,0.4621585842760571,0.9083066089000573,-0.48371104686448474,0.2714688015356652,1.998568906598921,0.6855
IT0005561441,0.5669589190025938,1.3352718184112524,-0.4438389081414922,0.33840485812593835,2.2325913673055706,0.719875
GB0004544929,0.27090532884235546,0.2339701554714502,-0.07241539699504819,0.24999061683970905,0.6698608097563588,0.8991875
FR0000130577,0.37201816899180534,0.20749156945680514,0.05800397003713769,0.3580355823066077,0.7340762343168294,0.97475
SE0015961909,0.18391085866201842,0.1890084653696381,-0.09888670412104214,0.16914387439024264,0.516004895640005,0.8494375
FI0009013296,0.08096097993895912,0.1580662428600179,-0.15557713598100376,0.06884423567721283,0.35521243849352324,0.6941875
DK0061539921,0.07396623206370725,0.15140174986929048,-0.15519784364651565,0.06486714463916049,0.3359368910195603,0.6850625
SE0000695876,0.06078310672409282,0.1569591495284337,-0.17066775969429018,0.048835392931753555,0.33218266146565206,0.636
AT0000743059,-0.002539073598988684,0.1412581477309742,-0.2151986848497482,-0.011936155898569304,0.24199945230203718,0.461625
AT0000746409,0.0024431098454023815,0.16951580738005742,-0.24559274873080056,-0.012988265974472989,0.29832804966712745,0.4663125
DE000A0D9PT0,0.138438695620124,0.15596342773741265,-0.09476179872842416,0.12898189710557872,0.4078745492015241,0.8269375
GB0032089863,0.13521252065411465,0.16848815729641992,-0.0935491252274049,0.12358924964112533,0.3966654908203296,0.827625
FR0000125338,0.4591549083615518,0.23947146645414688,0.1046025447498483,0.44048254445818363,0.8710565776168122,0.9843125
DK0010181759,0.1277783582721654,0.1501297483549302,-0.09593573482227627,0.11651241677025298,0.39027903572946177,0.8145625
SI0031103805,0.07110355066208149,0.4731287659507531,-0.5014575600901028,-0.015669198692381096,0.9372690607193449,0.4845625
FR0014004L86,0.20152284724188962,0.17707197351231882,-0.06707125238160802,0.18848816058142742,0.5105422027339945,0.889
ES0109067019,0.3031325907693689,0.18142581868741653,0.03341413972876491,0.29063005585031465,0.6222203795388291,0.9690625
CH0010570759,0.13310565512844974,0.18133596293790538,-0.13659598246614044,0.11900921905803144,0.45697299700984995,0.775125
CH1216478797,0.23642148536578822,0.16466756375321326,-0.0164323038380579,0.22656209579123432,0.5213647674896527,0.9368125
ES0177542018,0.24539064035196018,0.19394717319597232,-0.044486208487616995,0.23034266353696975,0.5888616339422443,0.9173125
CH0198251305,0.06263733679019327,0.16956676748697466,-0.18990709732910377,0.050228887841101716,0.360057049347478,0.63025
DE000TRAT0N7,0.07350134826914545,0.15896372092273367,-0.16058921398939668,0.06104058890921572,0.3513319352255667,0.668125
IT0003242622,0.014658946868139067,0.13521676068860963,-0.18737138112786342,0.00568004212647215,0.2506168321395602,0.51975
IT0003153415,0.08357466661294974,0.1453654106298063,-0.13453488088326018,0.0731790836999161,0.34063484502525637,0.716625
FR0000120503,0.16412869132947547,0.22216223995074544,-0.16109596868350423,0.14588011959556563,0.5570148881895445,0.7734375
PTEDP0AM0009,0.12391791721450175,0.14577263950422678,-0.09350970185925836,0.11362401592204792,0.37519541489177405,0.8133125
CH1175448666,0.26804182528672743,0.18179565234981118,-0.0068894410953174055,0.25568919804804635,0.5798220063888073,0.945625
DE000UNSE026,-0.052752081633917466,0.31882346136039474,-0.458880110239025,-0.09986136470637948,0.5218767399804832,0.3575
GB0006731235,0.013716090949143483,0.14069095132475062,-0.19938094001601955,0.004926180876408438,0.25221794294426936,0.5161875
FI4000476866,0.2839739104511958,2.1109149609016353,-0.5538396490161422,0.0896365669531291,1.6027557673591013,0.5693125
SE0009922164,0.06431584312723244,0.1622464935791904,-0.17482048778009104,0.05184902491376209,0.34585827038282735,0.6413125
NO0010063308,0.18854436962751903,0.1606199520573456,-0.05437722814099426,0.1776429079673153,0.46732550546747775,0.897
SE0000667925,0.05877570049543232,0.1548564318882609,-0.17217300575331715,0.047458247043215336,0.3256583340505867,0.632
IT0005712671,0.08692577500593159,0.2300424600225722,-0.23613783375066738,0.06137499499685536,0.49371841472055283,0.623375
GB00BHJYC057,0.07981963300373722,0.18274932854646014,-0.1870267357547953,0.06229428631758474,0.3988729307018763,0.658875
NL0000008977,0.5140991273673075,0.9353853226976485,-0.44949876270957195,0.30921166704036707,2.124147341382783,0.7076875
CH0311864901,0.08078374374842172,0.16323486872205858,-0.16592557115092468,0.07002349502421965,0.3628277567505497,0.686875
CH0030170408,0.039954279810002276,0.15353406346082293,-0.18986835709659783,0.028897785213150125,0.3085378923056861,0.585375
NO0010345853,0.053803327971422225,0.16314404657946116,-0.19212361287052512,0.04270343944926022,0.33833971230310034,0.61525
ES0105066007,0.4479946018002781,0.19579998055983985,0.15672353474297943,0.4332209178921282,0.7908772468687792,0.9933125
FI4000292438,0.11640342617352477,0.3843094193000891,-0.39112550532520607,0.05813236672012649,0.818722973049457,0.573375
IT0005482333,0.24604220576382738,0.2879047300203757,-0.16004972169767215,0.2154466167773001,0.7616462937500621,0.815125
FI0009007132,-0.08595785885895896,0.1329667509451718,-0.28502497801437154,-0.09560481247277036,0.1415719835027631,0.23125
FR0000120693,0.2689656290492952,0.20004770968715851,-0.027951682645190802,0.2518596886423531,0.6212454600172856,0.9290625
RO4Q0Z5RO1B6,-0.22915504255798358,0.15187018062937543,-0.45027920638712726,-0.24535403571582073,0.0384237737207392,0.0675625
BE0003731453,0.28571149807112567,0.8232983761069683,-0.5458765793772296,0.10725777277714671,1.7060407462674974,0.5839375
NL0000395903,0.619192777745007,0.3118923824269457,0.16780103538826874,0.5931451279698673,1.144845674390951,0.9900625
GB00B07RVT99,0.45201421734950203,0.37582065482140814,-0.05780383221712007,0.4090813396649965,1.1062224351065657,0.9219375
NL0015073TS8,0.5505575105518488,0.3358609012922328,0.07070177572529081,0.5137225947632899,1.1430213378757992,0.9735
FI0009003727,0.0013570346461711416,0.164264252681662,-0.2456742235754394,-0.010222796357015545,0.2867936458277056,0.4710625
DE0005200000,0.2609470407515347,0.17998104031270876,-0.0109993530276641,0.24866148967466478,0.5756729302290303,0.9425
GB00BG1THS43,0.8916353653460324,0.7132878154983515,-0.0014631080694818765,0.7765422064080839,2.161243017712222,0.9498125
DE000KBX1006,0.1491477499733856,0.178529194512324,-0.11614370052624823,0.13482184106130268,0.4573972653119836,0.81
IT0000076536,0.2324540251976403,0.45846103754414,-0.34387570143185725,0.1566078317589227,1.0507842418370046,0.6776875
IT0005500688,0.6108854601333079,1.0471449326058697,-0.43779156985620404,0.3862778749880448,2.368013350401337,0.744
GB0004052071,0.19038490256303672,0.1941022371793723,-0.08099583623763691,0.17731182204976176,0.5017899811838135,0.873
NO0005052605,0.08200235091287497,0.17630585254835032,-0.17432354430766966,0.06541631735287234,0.391508991458864,0.6665
NL0000009082,0.12865307403543005,0.15946435128834968,-0.10921493840817846,0.11587970691945249,0.40681884734940493,0.805375
DK0010272202,0.3210343486483085,0.25460005710885086,-0.01735683237871893,0.3022345192741116,0.7193716140607253,0.940875
PTGAL0AM0009,0.1421475248496211,0.15997000715514292,-0.09629789823992187,0.1289234830636537,0.41884294226317237,0.826375
CH0012549785,0.1350606983457742,0.16362561380966625,-0.10981138395520773,0.12312324074200032,0.4177384496467961,0.8058125
PLKGHM000017,0.007952426242897846,0.21267496389851306,-0.2940597555835808,-0.013598959697596225,0.3805666191740986,0.4703125
SE0000872095,0.22026002751085721,0.21629180542903076,-0.10111849293935868,0.20219790230718004,0.5987610953204072,0.8641875
BE0003822393,0.15715054326697467,0.18022567732590014,-0.10763356704154747,0.14162109180943683,0.47480686632412294,0.8264375
SE0015949201,0.1627540986545774,0.2527789788577559,-0.20240268332660472,0.13667655919874067,0.6201007441373808,0.7409375
FI0009014575,0.061889935300964316,0.14843354225653682,-0.165278945804292,0.05175415702616386,0.31962790852969464,0.65625
CH0025751329,0.18339144476654756,0.23038884573471888,-0.1481476400140955,0.1591449079154659,0.589571650517043,0.798625
IE0004906560,0.27656022842345773,0.21909583265425708,-0.044571227528185056,0.2593785099592907,0.6579245685096988,0.919
DE0006062144,0.21497580164827787,0.7288111122425691,-0.5670746255315219,0.051950420077150714,1.535384005977456,0.5405625
FI4000178256,0.2210907067163185,0.5045992735951453,-0.39477357551263303,0.13817489597862292,1.0982914849391807,0.650375
NO0010014632,0.5103382223514111,0.9057297938687934,-0.4480783589350861,0.30860696767067164,2.1353323571560034,0.7134375
SE0020050417,0.06923424828428879,0.15232589614031747,-0.16095047999017054,0.06003638451689937,0.3320490173691608,0.6751875
IE0004927939,0.17719488717225834,0.1836063594776405,-0.09764244347718737,0.16327173015276567,0.49943246958359055,0.8505625
GB0000060532,0.6577937723623343,0.569200734274654,-0.07826244037890749,0.5798469203989509,1.6743529377835267,0.92125
DE0005439004,0.2594567369462834,0.2191866160829455,-0.06306706309995536,0.23864342864930546,0.6481132200039826,0.9043125
DE0007165631,0.2752690871400263,0.18517787325953822,-0.004824173866502903,0.2618325906859681,0.5972822195344413,0.9470625
GB00BKDRYJ47,0.09968256083992709,0.26149133245941003,-0.2682332836949215,0.07081532389350827,0.5530745201900387,0.6295625
ROSNGNACNOR3,-0.3102446454817141,0.2204191655935448,-0.5812192832646781,-0.3398730543206043,0.06135834592151136,0.0705625
IT0004965148,0.2562992727764148,0.15180409595134675,0.023385940003759854,0.24734127511410625,0.5198912146984686,0.9648125
GB00BMJ6DW54,0.3025234829694282,0.2045462389730862,-0.001429135742351337,0.28545205443841376,0.6641563445213384,0.9493125
INE298A01020,-0.010232929192715866,0.13149989100348158,-0.20998939751036905,-0.019800494369107673,0.2187867974141787,0.435375
FI0009005987,0.19421206912792519,0.19020622626493158,-0.08516495916156383,0.1779693439450778,0.5250024790325155,0.863
ES0125220311,-0.07194101737152576,0.16590905368663927,-0.3143586124607113,-0.08613039764481527,0.220704477254453,0.2909375
SE0016798763,0.5258814857446996,0.629905341190868,-0.2399145693582996,0.41501655461647324,1.6609543635001376,0.83525
IT0005359101,0.37243887822179034,0.5086911604539567,-0.26965494296875625,0.28939640010781964,1.2768505259552463,0.7858125
FR0000130452,0.27249160335035805,0.21017152038111048,-0.015458772508939822,0.2581689012767233,0.6027301433516403,0.9399375
DE000A1PHBB5,0.6373501867994674,0.8024767958111654,-0.26431177915212506,0.4940986098150213,1.984441185223538,0.8381875
FR0013154002,0.39721893606456693,0.23417361212303475,0.06683103871653764,0.37859154955428254,0.7924299074340944,0.9781875
NL0012866412,0.15894760536378766,0.17039250371647693,-0.10094477029116125,0.14875377149481306,0.4555011561396518,0.839875
ROSNPPACNOR9,-0.16520252857785436,0.23355020838539933,-0.4772942377353192,-0.19414040729651982,0.2354329510711123,0.1905
GB0001110096,0.7806706223126122,0.915608587320269,-0.23889940372447802,0.5974414927885272,2.3518835630032906,0.861
NL00150001Q9,0.4100430907668651,0.2178003925274047,0.08361475818897106,0.395107842546772,0.785772127191602,0.982125
ES0127797019,0.10780276460541831,0.149398860040716,-0.12005661297720438,0.09896061292757134,0.36749840986715815,0.769
GRS434003000,0.19003961478261364,0.23192954657225698,-0.14559192245712047,0.16871434892937692,0.597848985712068,0.8026875
DK0060448595,0.17552457864896315,0.15944049570830623,-0.06995024954370194,0.16569374436880424,0.4500534407733286,0.879125
KYG5074A1004,0.5291764046963284,0.2682512975727051,0.14159042157973817,0.5068710627672274,0.9849458367512264,0.9901875
SE0012673267,0.16195219420966211,0.1853021177128188,-0.11756235585941122,0.1497021433083452,0.47800397666053457,0.8249375
GB00B39J2M42,0.059567716995457404,0.17376700121914707,-0.19460316602515934,0.0449007425915539,0.356357034645532,0.6183125
DE0005785802,0.09361356754135913,0.17479090899965674,-0.1690444241155545,0.07968453203548947,0.401526972861901,0.6984375
SE0010133785,0.2729433631773352,0.8137757583508336,-0.5490680333176984,0.09180226491251714,1.678920165981849,0.5704375
GB0009223206,0.1917370055472014,0.1690284756562097,-0.06265992632673154,0.18043832807589974,0.48339027885428465,0.889375
SE0000108227,0.0787887265996307,0.15447165170552996,-0.1508443871779435,0.06666152614831529,0.3524842243920867,0.6914375
DE000SYM9999,0.20035177250340233,0.17179120207381182,-0.055236019520879046,0.1890655779593824,0.5018724887688699,0.894125
SE0010100958,0.24434510670161716,0.4943235143055845,-0.36107629799806595,0.15996087753957822,1.13782539694025,0.6671875
GB00BTQGS779,0.2626918668587284,0.27349865446929406,-0.12805205316776622,0.23466241571101604,0.7498244681948419,0.8479375
FR0010340141,0.08309608754845244,0.16203242761655556,-0.15446329323882943,0.07152318217765924,0.3612137335039358,0.690875
VGG2423W1077,0.7449496632174802,0.7248568641962979,-0.1361174953288224,0.6201439004702018,2.0495236422356284,0.8999375
DE000A2E4K43,0.05376063315693732,0.17848190339258635,-0.211609100772571,0.04023442040829559,0.3637719001582999,0.60375
GB00B3Q74M51,1.1898790564066237,1.2858537417539606,-0.21983257648083515,0.9174812241088909,3.535651322558373,0.88975
CH1101098163,0.18401665514204588,0.22997465817532387,-0.1492204879244667,0.1626976291056501,0.5863639554128743,0.8020625
FR0000120172,0.13610392972620117,0.19103614089382723,-0.14466712005453683,0.12184895977416985,0.46884288293484844,0.7653125
FI0009014377,0.16904192415685151,0.303054931651694,-0.24440404231572715,0.1312357407180248,0.7040653652463099,0.7053125
PTJMT0AE0001,0.3498386377157979,0.1916873163295343,0.06967088774494051,0.3350816998748322,0.677056957035654,0.9796875
GB00BZC0LC10,0.9921907199720731,3.96895496716457,-0.03795888265668491,0.8026596617908595,2.4393221389939166,0.94125
NO0011202772,0.13481498230513453,0.19008784360750314,-0.14125710124629715,0.11713580600935024,0.46939480191803223,0.767
IT0003828271,0.3204679494382433,0.26936586664982987,-0.0693921367356518,0.29597333252847585,0.7888260432693072,0.9050625
DE0005232805,0.6001735009990817,0.6878910456314128,-0.21978951124610183,0.46979070320734145,1.8410587623847818,0.847875
USU0858L1036,0.9970663120688371,0.7427640621242638,0.04704714526932962,0.8748699850611183,2.3597324393398607,0.96
GB0032706284,1.0533301032824864,31.09545723893551,-0.3455795405964426,0.5584047445351632,2.752477360781721,0.812
DE0006602006,0.12980371072751384,0.17699215969650461,-0.11861717952235903,0.11632344015211489,0.41795821420285356,0.7958125
IT0005573065,0.7612675535177437,0.7103735929951982,-0.10595845556916506,0.6391488306714241,2.045543158320451,0.91125
GB0001826634,0.16054480630282134,0.17652951603688583,-0.09922699680457314,0.14580226201882612,0.4681898457094102,0.832
DE0008232125,0.08215062634443093,0.1768900175436007,-0.1804468194860246,0.06784277584860862,0.393849392437422,0.6705
IM00BF0FMG91,1.0520490677904837,0.8701496360175951,0.02412230843395144,0.9095367141871592,2.506895172752397,0.956375
FR0010451203,0.14408872385328414,0.18996715701758757,-0.1370725421708171,0.12957832365203814,0.4761325549712719,0.7784375
GB00B1FH8J72,0.06988409543674183,0.17432952389390163,-0.19010989117494898,0.05703681921450721,0.3708977688125543,0.6459375
SE0005190238,0.11659885724757878,0.16465869197171934,-0.12212552040590992,0.10375609787888532,0.39377149982682047,0.7746875
PLANSWR00019,0.4603243986875722,0.6380051285690892,-0.30705644037186236,0.3466320098861293,1.6101952384906713,0.7824375
GB00B0744B38,0.06953970589338351,0.15458433006334524,-0.16851955595067222,0.05889395788492589,0.33658669926187257,0.6648125
GB00B8C3BL03,0.3727181006420928,0.19864818646951454,0.07386479484785624,0.3592972676163735,0.7181173410867703,0.981
CH0012255151,0.028109962906842,0.151778728262203,-0.19706032329419843,0.01624605222903655,0.2939409980486222,0.5461875
PLCRPJR00019,0.13343160835240067,0.45052300837916753,-0.4227575201386104,0.05774679285145369,0.9328774349187224,0.5689375
IT0005466195,0.162346066285457,0.46902767907717857,-0.4202154126457856,0.08658030623509835,1.0011067510038356,0.5900625
ES0105777017,0.3118341452635189,0.19751812360101678,0.011518766785227489,0.2988695123473974,0.6544981986468899,0.9556875
FR0010533075,0.15939824754529752,0.17532875460903197,-0.10377191164533288,0.14862114948158228,0.46390256843054506,0.8290625
DE000A0D6554,0.1439833325844609,0.20658288749025408,-0.16673442805502395,0.127344724387413,0.5078169563362684,0.7638125
FR0000120404,0.2801136264443047,0.20264914944883683,-0.017436189260970056,0.26568193731869416,0.6275992406763765,0.937625
FR0000039299,0.40675293446486477,0.5206960430873655,-0.24346162067541635,0.3227106199884742,1.3397606899184287,0.8106875
NL0013267909,0.19859450761911207,0.17803986114509535,-0.06457887235167757,0.18344392491579734,0.5083082825301323,0.8850625
GB00B082RF11,0.33525539002905747,0.2077777924736722,0.030108663023900487,0.32260064424724344,0.6848846247541177,0.9655625
GB0031638363,0.14671235990142326,0.1871467367737428,-0.13204355771837045,0.13209640305175674,0.474753945805386,0.7910625
ES0118594417,0.20607552378614719,0.18819070083653378,-0.07446011505937879,0.19176157159119853,0.5315692905378747,0.882
SE0000113250,0.156642078005213,0.244937825547284,-0.19129785355755566,0.13183092198360985,0.5850370714683626,0.7401875
LU2237380790,0.16677160091680768,0.17128212700067463,-0.0889194267403388,0.1537386077196326,0.46213452328769117,0.852875
DE000HAG0005,0.2461849684677928,0.19206898046156756,-0.0376242394717678,0.23187454358505505,0.5798074811156333,0.9200625
GB0031274896,0.24734553220208258,0.1745822888347009,-0.015149249970637301,0.23448870825960683,0.5500897409876288,0.9376875
NL0015002MS2,0.20517351174916854,0.1855492209331009,-0.0686118498856245,0.18994232582859483,0.5340591374220727,0.8843125
BE0974259880,0.37977043228934676,0.22657057013567372,0.042835735666257244,0.3624150220573972,0.7802486008927593,0.9695625
FR0013258662,0.1681016893699375,0.2338618567618822,-0.170731360307242,0.1460411588199278,0.5828330602239973,0.7623125
IT0005211237,0.08715485045445251,0.1638068914862867,-0.15737012521422072,0.07615302452095735,0.37000460439208094,0.6985625
GB00B1WY2338,0.14661835312965468,0.2096853950956632,-0.15705990417311852,0.12993803737369206,0.5069204247974335,0.7675
DE000A1DAHH0,0.05637953159790634,0.17018099196508174,-0.19362838484533665,0.04066383758296568,0.35487203220426033,0.60775
BE0003764785,0.16122418721856804,0.26538894641100186,-0.2117490817583401,0.1332703369609931,0.6304659053503368,0.7245625
PLAMICA00010,0.4422309320910988,0.8992169911100621,-0.48042066175988835,0.24481546036498086,1.997219135383234,0.6690625
FI0009000202,0.2250327555017329,0.3192852592178207,-0.21347648348526135,0.18502419635028777,0.7926967943387266,0.7694375
DE000A1X3YY0,0.7805032852862168,0.6491365651511358,-0.04022815393498417,0.6728980724613268,1.9347461579561027,0.938
DE000A41YDG0,0.6935320407054804,0.5244509245347684,-0.0038150585839832273,0.6193540590571567,1.6469826391191849,0.9489375
NO0010208051,0.06853760993498827,0.1551906105711584,-0.16520911754500173,0.05765623792062553,0.3378069723927566,0.6603125
NO0003054108,0.3178570535334932,0.24930455235927526,-0.04017757554002313,0.29296177008522595,0.7532197052708537,0.9268125
AT000000STR1,0.3497083418350833,0.5851136318760134,-0.3456893979464029,0.2414150021205187,1.3984913540929385,0.7256875
FR0012333284,0.41986079311773494,0.43601439671425485,-0.1552882020905576,0.36182835718176853,1.1834483151152284,0.862875
NO0013696799,0.7001107732699947,0.9103011960655603,-0.3078724341019797,0.514909645024415,2.3135628570098614,0.818375
SE0000171100,0.19080171305765445,0.19561505604097232,-0.09950100161150452,0.17696841400925847,0.5289206079817399,0.8533125
BE0003604155,0.11949764010838367,0.22206004456652165,-0.19352757005399568,0.09711878471026922,0.5022649605222458,0.70175
FR0000066607,0.4432576144965651,0.9075442322726288,-0.4916560595118027,0.2385218387823643,2.0474901634960356,0.6715
SE0000114837,0.07203647021241262,0.19850915747504244,-0.2162136953040045,0.055498437480316035,0.41362086937370895,0.627
GB0006776081,0.11561375335314253,0.20568135404704135,-0.1869538635489778,0.09999413737070212,0.4717907369214729,0.7109375
GB00BF44KY60,1.4106127127361847,1.9166512874763726,-0.2810162946106012,1.0037416614948353,4.310550752453997,0.8789375
IT0005495657,0.1587826899722993,0.1712260404158204,-0.09779673623242016,0.14725680968567023,0.46017302086433554,0.83825
GB00BMQX2R72,0.9411917950820154,1.270350765948565,-0.308601046040656,0.6481289773634067,3.126335583137987,0.8386875
PLLPP0000011,0.16156610704683486,0.1915270752285444,-0.12214980461730436,0.14505699573518613,0.4989544262798101,0.816125
GB0008475088,0.8556366304305709,0.945838919947156,-0.19793933043326273,0.6642937301526668,2.556379566594911,0.881
NO0003733800,0.07084203571396466,0.2692656204200642,-0.2992373037673158,0.03634343643582681,0.5449593816460112,0.5671875
GB00B019KW72,0.08136774575556649,0.1707556795530803,-0.17308582330187766,0.06814434388754739,0.3808386301177026,0.6755625
PLMAKRM00019,0.21318196646356466,0.7382987717362253,-0.5659752853345293,0.04896656687519087,1.5067926375374194,0.54
DE000PAH0038,0.26220945069733775,0.2556808410154624,-0.10046579429496476,0.23870818300948551,0.6965088163902757,0.8703125
LU0075646355,0.08886678431839738,0.17511545841334447,-0.16984966792010697,0.07381247485978472,0.39515796161599703,0.687625
PLFORTE00012,0.220975744363048,0.5354470783735419,-0.4274105319986688,0.12038083724688867,1.1917122346758313,0.62375
GB00B013H060,0.8274877210569787,0.6327378990419423,0.016550999902725336,0.7337754943403698,1.9509320687149319,0.95425
FR0000121220,0.1131526354887314,0.16680569576111992,-0.12988943963770153,0.10155312935465671,0.392278855948828,0.764375
GB0000600931,0.32055954643780865,0.4567758502055801,-0.2675482560150713,0.2508674648601127,1.1463365118068802,0.76775
SE0014781795,0.2560174909012439,0.2720170933694256,-0.13329191189368594,0.22762990083239573,0.7342431011415355,0.844
DE000EVNK013,0.08097761081355083,0.18670402799952346,-0.19081441194934404,0.06494943388479871,0.40844341999816425,0.6584375
SE0000163594,0.08025321882228985,0.1896148378420179,-0.19815798138337437,0.06428640573713731,0.41105609755571354,0.65425
SE0001515552,0.2575583025219257,0.26432889894993045,-0.12369070105226537,0.23091903405007796,0.7220514450313008,0.8560625
FR0012757854,0.2852476933842559,0.23073963064081224,-0.0482109699416047,0.26345632241167105,0.6870364464272475,0.91475
DE000A13SX22,0.030241161873062607,0.47260751800234463,-0.5175179223153418,-0.05170760431673555,0.8421740482175926,0.44275
SE0007075056,0.6976672884713216,0.7445176430323832,-0.14806350553845335,0.5844368871488889,1.8873210258763273,0.8889375
DE0006766504,0.11142312462744977,0.2626837374552998,-0.25272030931954,0.08133993514010855,0.5777002305009777,0.645625
DE0007010803,0.238188230557091,0.2108641179220041,-0.06879282717771529,0.22117122079593765,0.608810612289494,0.893875
GB00BTQLZH16,0.8010395175511232,1.0973790443080575,-0.3639392619912304,0.5723470997326503,2.7333286219586324,0.8161875
FR0011184241,1.0922333400098407,1.0659691060940393,-0.13340381126388443,0.8769967778431672,3.0218370099583423,0.914625
ES0173093024,0.21104367217602987,0.15417824368412386,-0.024397281140766867,0.20040128487081868,0.4756572230511587,0.9291875
DE0005407407,0.6961832994704047,1.113020058424249,-0.4075734464310138,0.45912674734723674,2.553228085122309,0.770875
AT0000730007,0.2003390833956596,0.30253860792615433,-0.22394935834807697,0.16448286904483328,0.7282280829496381,0.74875
GB00B033F229,0.28794803127592866,0.21302724131490935,-0.02703254496275453,0.2697413022520453,0.6567086612568315,0.9325625
FR0011950682,0.38063804504000576,0.47925506031367077,-0.2383404013066761,0.30974098308709774,1.2386988001411028,0.807375
AT0000937503,0.13154806927017648,0.22191293118010053,-0.19315758757820817,0.10958838436469717,0.5262495583868096,0.7225625
BE0974464977,0.1206063805914348,0.16302645468475513,-0.12261832443607659,0.10939172083093153,0.4009459843879695,0.782875
FI0009005961,0.18373159398019956,0.1942303704051794,-0.10370911759501039,0.16905667176534306,0.5112930554238347,0.8471875
SI0031102120,0.10379520003161756,0.31293583212122544,-0.3275516595036711,0.06515445712792892,0.6607163505434784,0.597625
LU2290522684,0.3056655743441584,0.24833198435479842,-0.04484227712470739,0.2818644686785266,0.7413796085738142,0.9215
FI4000480504,0.2045754961250988,0.5848708386971924,-0.4594827438711656,0.09341874021147736,1.2288532145331275,0.587875
FR0010220475,0.2838622270736714,0.2419824635399455,-0.06322866175859,0.2614558376307851,0.7038083208775244,0.9065
FR0011726835,0.167217777377339,0.21440256989752937,-0.14565558173630605,0.14794150845385287,0.5464220168615208,0.790875
GB00BGLP8L22,0.11894052615639902,0.16707011622218737,-0.13334934639325524,0.108576676924269,0.40556695922719405,0.7654375
DK0060738599,0.11619562200614725,0.15032893143252724,-0.11150097742468731,0.10587330099631093,0.3826119839037274,0.7910625
GRS260333000,0.0987731340824886,0.18318619529313224,-0.16819303238242345,0.08294349109840721,0.41585632696536406,0.7039375
HU0000153937,0.009421595496969859,0.20729630707318344,-0.2876415952174974,-0.010523948334804484,0.3702483586817654,0.47575
GB0009465807,0.21779363927317988,0.16791303693387524,-0.03365775339282154,0.20328564016384765,0.5129858208906045,0.922125
DK0060252690,0.1806001152835467,0.18752082759148472,-0.09563255328763164,0.16556346399244995,0.5103314535232814,0.843625
CH0319416936,0.09996750638273337,0.16170702960198918,-0.1390407772918293,0.08787272931716289,0.3814474876835679,0.73175
FR0000131906,0.39711623071256724,0.2218523256670621,0.06856903240533627,0.38172488507525126,0.7846318313074769,0.9769375
CH0130293662,0.20928614520090535,0.3273926647521695,-0.22190600409601768,0.1669888634483826,0.7855638602251712,0.7446875
DE0007500001,0.26056889740617817,0.29283195266167794,-0.15228885120132504,0.22800123687887394,0.7801689544901432,0.832875
PLDINPL00011,0.2039260533133411,0.1980483868202621,-0.08877991320884858,0.18826570003064755,0.5517818642136203,0.8673125
FR0000076655,0.2043565901106136,0.5817414389675704,-0.4630761052534463,0.08807242454642313,1.256199898818664,0.5814375
CH1169360919,0.12825654933777356,0.2281020178400582,-0.20205732011074126,0.10655455318121222,0.5314853270048404,0.7088125
LU2910446546,0.07654419572778624,0.19156906842187255,-0.18743886778617355,0.06098260459183352,0.3908621170604025,0.6513125
SE0000112724,0.26855588749754633,0.2276220300213732,-0.031576617429870724,0.2526942519860932,0.6196476427093751,0.928125
DE000ZAL1111,0.3852766490298552,0.19994742678518754,0.08031875099335817,0.37201348874026374,0.7338377197993561,0.9819375
FI4000602172,0.26360106312244336,0.7942288433331945,-0.5502095644485111,0.08359289110713328,1.7035056336352334,0.5644375
GB00BNGDN821,0.39783395223800416,0.251567342742827,0.03112627834667104,0.376363449412659,0.8411415277803094,0.962125
NL0000379121,0.15456072173674823,0.18353989357297104,-0.11956537166018318,0.13994702841519044,0.47594046653700395,0.8125
GB0003287249,0.8706899524631341,1.1694903357170463,-0.335298197137521,0.6329150510677928,2.852635263451634,0.8255625
NO0010310956,0.17750541449679133,0.21402470814858263,-0.13225687566033184,0.15753121126105774,0.555893422855481,0.8076875
IT0001347308,0.2342970138603954,0.18714535368681656,-0.04774605283300292,0.22137146848412131,0.5607247341628872,0.9126875
GB0003718474,0.2530390485250477,0.4709518744266447,-0.3451062963956271,0.17704496845313267,1.0963767437323162,0.69275
IT0005278236,0.21957437642038866,0.1848877693497365,-0.05207408999308143,0.20496551953986641,0.5340613313934276,0.9058125
IT0001233417,0.1826198177061151,0.2594859590398252,-0.19171298361473788,0.15597953991991653,0.6466190972583207,0.761625
SE0015988019,0.20092577664651054,0.22327738571148165,-0.12586247197342768,0.18113405907609836,0.595117864147191,0.8296875
PLSELVT00013,0.7491536704083382,0.9897229992320238,-0.24108238548204758,0.5760051109713673,2.2748258546366307,0.86075
FI4000512678,0.5095712930031503,0.7488745202384836,-0.32896418508720365,0.3704527167273639,1.8074942983814926,0.7811875
DE000SHA0100,0.2711463226697609,0.2762503035356215,-0.11917707005986562,0.24113724396380487,0.7596920386018917,0.864125
AT0000720008,0.09425319490218328,0.26360394880585997,-0.2775233160793649,0.06548739639162349,0.5596404496200406,0.61875
GB00BKPH9R58,1.2578863491384804,0.9515304699200103,0.10563326884832194,1.0849080769520576,2.9505160366095797,0.9701875
BE0974371032,0.6760846221159804,0.697955806388087,-0.17974634787673618,0.5596465302700467,1.9180567042624612,0.878875
CH0009002962,0.07873232612676391,0.19606460817998028,-0.20317251385892346,0.06007794617100158,0.4280327373441365,0.6395625
DK0061802139,0.22978527174357966,0.3573616503195696,-0.24957823256762843,0.1771770208939438,0.8728843583005511,0.739625
CH0303692047,0.646794010910003,1.2206616765656393,-0.21418819590064636,0.5131300308983344,1.8755259838749498,0.8604375
CH0023405456,0.10308417280675283,0.16555766645103448,-0.14407203284173517,0.09158044858958014,0.3907756905127201,0.738375
DE000A3C35W0,0.6800835246277986,1.411235199024392,-0.5780359428093346,0.3269313613039537,3.0927797313265994,0.67175
NL0015435975,0.18871895464596464,0.17329691788743426,-0.06832550507761807,0.17699295567440887,0.4796505500284485,0.884375
GB00B18P5K83,0.4564603139428543,0.8092774829632325,-0.20781684669831937,0.37000221385177123,1.3786188588914619,0.84175
ES0105563003,0.07779601092971666,0.14317514054344116,-0.13529686963221466,0.06797568122776948,0.3229438740327639,0.7058125
DE0006452907,0.58336844737292,0.26131176235460835,0.2000154733386765,0.561731884085018,1.0468105888611248,0.995125
HU0000073507,0.0015918726486195708,0.2659572745614145,-0.35501457480056914,-0.03238380777897223,0.48135797986825296,0.4476875
GB0032036807,0.8357738255313395,0.6621538201029012,0.0057032208859875005,0.7349257125881404,1.9919435263763905,0.95175
FI0009005870,0.3312111535825776,0.40641540897804473,-0.21829906335536764,0.27549137928148437,1.09061879506908,0.8105625
NO0010884794,1.2229163132426133,1.4747744825876812,-0.2352770714506916,0.8823879696183923,3.7735883857885995,0.8865
GB00BKFW2482,0.7228249112320452,0.8820234019834131,-0.2576667845374134,0.5479830408866535,2.2455879193672437,0.8481875
DK0010287663,-0.03783774872737908,0.20550995476950987,-0.3197848922526252,-0.056816896019818645,0.3076739019352235,0.3708125
CH0435377954,0.27992383594399994,0.2237275899238044,-0.04609182761170202,0.26200476379180854,0.6690995160563615,0.9205625
SE0015949748,0.35263134417320124,0.282894079259559,-0.05487581018769303,0.32279406898341445,0.8544844463212361,0.9181875
GB00BWFGQN14,0.1585880965487117,0.17379630816386538,-0.10221751448474208,0.14552135723366427,0.4634137031291357,0.83475
ES0171996087,0.5620763943111559,0.3519735687657501,0.06974184267339881,0.5214207514800725,1.191027159118418,0.9721875
FI0009003503,0.12527960935834986,0.6731267482471269,-0.5953237744764566,-0.026776611839503535,1.3700398168385453,0.4773125
IT0005090300,0.36552563338819927,0.19691580602742995,0.07285207988315916,0.35052300969018546,0.7081199452777642,0.9818125
SE0016786040,0.5441230459644412,0.5615650144759947,-0.18389746169226112,0.4562343253262392,1.5461579909844252,0.8685625
GRS426003000,0.07392442410097619,0.6925312430093152,-0.2808736450298558,0.039349014385425096,0.49277767687033314,0.5755625
FI4000506811,0.4082115837996653,0.9083349165634326,-0.497257961736609,0.2124382234969357,1.925346184774573,0.64775
DE000A3E5E55,0.5026507748947692,1.894202296366626,-0.4684914001250292,0.2852770986703515,2.1275387751524697,0.6935625
IE0002424939,0.19868940010737435,0.24808549342360442,-0.1589339883274971,0.17470821780487328,0.6440726593445405,0.7989375
IT0004764699,0.3031042283785623,0.18826805704275337,0.0179710408989244,0.29087156138240144,0.6271563578102415,0.9601875
FR0000054132,0.5158029131012477,0.6817579128563439,-0.2948369143160848,0.38983849178104557,1.725435721173568,0.799
GB0033195214,0.05853992102617009,0.1472158357631216,-0.1655444310629857,0.04866335119083465,0.3159824677612958,0.6449375
CH1176493729,0.19853771221953145,0.25549201379928205,-0.16639196529300462,0.17429296473937025,0.6420566762509973,0.7924375
NL0015000AU7,0.14649980278256453,0.1991158404593116,-0.14031068872877578,0.12900397982796313,0.48692058227972357,0.7785
SE0000202624,0.15061218716510516,0.22990061377791465,-0.18425588750336896,0.13063591061181273,0.5529881642243215,0.747375
PLOPTTC00011,0.040700476267933175,0.17616869403014962,-0.21735834046158328,0.026504022917093275,0.3464097634536528,0.5690625
GB00BRK01058,0.4424799598272763,0.49188681119476074,-0.18612347736549473,0.3701076869871849,1.3008997291399234,0.8495625
NO0010571680,0.01783232610122213,0.2775872475905228,-0.34471893954388844,-0.011685330346331676,0.4831121081675084,0.479875
PL11BTS00015,0.2905364140731191,0.4191493680843782,-0.2527931853577294,0.22510495164442118,1.0252645328514285,0.76425
DK0011048619,0.9850298131791146,1.2878495305468889,-0.29178991888237316,0.7064364346850273,3.1046906108426637,0.85325
FR0014005AC9,0.6967419612357694,0.6921471463357576,-0.13825480095596224,0.5721751231647613,1.9155978824299291,0.899125
US36467X2062,1.2164088207473367,1.9489079780398333,-0.37630271509515023,0.7804028438404951,4.0841828134390346,0.8338125
DE0005773303,0.10047802868162742,0.15586716510118512,-0.13892976367704687,0.09096810706112232,0.3701927763431687,0.7391875
IT0003115950,0.24765584918312372,0.24401208522978948,-0.09707722525016763,0.22362638203093196,0.6595341377935002,0.87525
DK0063855168,0.2446377600643853,0.18539353006544196,-0.0315527133617234,0.2310969509458031,0.5665857503774376,0.9264375
DK0060542181,0.09317783298614249,0.18844576420609366,-0.18717397155870993,0.07773935220036442,0.4254772150055277,0.6819375
DE000A41YCM0,1.3747223366753374,1.7090485102374462,-0.09471181045457952,1.0587044393866438,3.8259734242883474,0.9275
HU0000123096,0.07637503285421587,0.2596634257398506,-0.2827685398044437,0.04635553088282951,0.5307783880483206,0.5833125
NL0010801007,0.4085156519117551,0.24138689030459623,0.04895380481464714,0.38750512573801044,0.8345767829695627,0.9725625
IT0001250932,0.17427113808220515,0.3027178865374749,-0.24357565944983633,0.137179692782598,0.7197598277473255,0.7148125
IT0005541336,0.36895574289255123,0.19998499747549356,0.0699126925231588,0.3542345202279183,0.7192413740257888,0.9799375
FI0009007884,0.2217503226243332,0.17438306860369504,-0.038097963431432874,0.2099555919053467,0.5284007717764495,0.91675
PLATM0000021,0.3560671878476342,0.8177677676568172,-0.5139859907365474,0.1740133943062084,1.806263717679394,0.6269375
CH0239229302,0.12779457673517036,0.2785575571895649,-0.2568469343515316,0.09609269587777083,0.6080840368198128,0.6676875
GB00BH3X7Y70,1.48219291524373,1.5116258270535585,-0.11145138569623005,1.1731774360904454,4.078179390922059,0.925625
SE0021628898,0.00712467860404122,0.18580121930206825,-0.2662501497901402,-0.010510410576320996,0.32891390167727563,0.474875
DE000AUM0V10,0.31117208808300534,0.26470266892638133,-0.07310919081560338,0.28984005086103337,0.7774592386101178,0.9033125
ES0122060314,0.2635045661552457,0.3158411272394641,-0.1796689278594027,0.22735767195037143,0.8200026625151845,0.815875
GB00BJFFLV09,0.2675224512542275,0.20077825514172637,-0.031075704768140828,0.2515525364944484,0.6180815861448605,0.9275625
DE000A2LQ884,0.338832128979078,0.2428291425056023,-0.013256500302804173,0.3158512745909535,0.7629644546140728,0.9430625
FR0000077919,0.17365559033002392,0.20135343191891308,-0.12334586980270122,0.15873925118791404,0.5336390351855507,0.818625
GB00BV9FP302,0.2471654868258944,0.22417172595814336,-0.08046865647562634,0.22670165620853078,0.6467874674048585,0.886625
FI4000330972,0.9660075985268277,0.9208877099297135,-0.11953684754564949,0.7838724976339405,2.6545998117716816,0.9155625
DE0005470306,0.5904161750433287,0.3105712381525651,0.1443357821493684,0.5592397370568419,1.1385241715504475,0.987125
NL0009432491,0.18875335655867734,0.3400479127618474,-0.275297267155537,0.1448496669316739,0.7977582775479176,0.6979375
GB00BNG73286,0.929287400536352,0.6712055727921453,0.07251250518812774,0.8191596852040327,2.148362181371558,0.96575
CH0019396990,0.2719212028872464,0.2196446490414492,-0.05402413137558422,0.25419848816351076,0.6466939319451387,0.9125
DE000TKMS001,0.33182139897186447,0.34361685769482825,-0.1328443134246844,0.28972796874462375,0.9390632785477735,0.861125
NL0000360618,0.25735228626178275,0.2829237543981504,-0.13511839465675765,0.2272852617997615,0.7490992571477343,0.8440625
AT0000741053,0.33634481610505496,0.4211756433642521,-0.2051194497854148,0.2756231484004086,1.0721627540607785,0.8115625
GRS145003000,0.15194394145282036,0.2612210451151698,-0.21930029972953605,0.12526828578303123,0.6120882760133933,0.7210625
CH0012268360,0.14013823817266052,1.1326026119595598,-0.45421214169948165,0.04519702744038892,0.9926621125661035,0.5485
DE000A12DM80,0.4818720193373836,0.2278771210963822,0.14143948135425743,0.4649289692971931,0.8782066413245141,0.990625
FR0000044448,0.20387350163079793,0.18700817971784622,-0.07445987244075655,0.18937520133430435,0.5289538495950066,0.88325
SE0025158629,0.05012692792488274,0.3621242976821292,-0.4146762316434745,-0.006814552807340201,0.7076454366327767,0.4913125
FR0000075442,0.6125365905032113,0.9703166716105334,-0.4152237492288286,0.4005104262069987,2.3522264317443793,0.7455625
CH0038388911,0.3044902748911723,0.3841803429897776,-0.20693575946692952,0.2526576092641202,0.9916604245454179,0.8045
JE00BSBJ5M88,0.4610113080039676,0.3428546056574555,-0.02436769420482975,0.41942857924159505,1.0881756213543827,0.93925
PLPGER000010,-0.03409561488905597,0.26255873384272593,-0.39246074890158844,-0.06828495922403177,0.43625063020361204,0.385875
AT0000969985,0.22096446212997573,0.8554205220443604,-0.6117243131652472,0.03362306349551072,1.635456610855871,0.5249375
IE0000669501,0.09281672673710176,0.22127806928390786,-0.22936673626719511,0.0717707259669596,0.48671811527807873,0.6448125
DE000KGX8881,0.44238733063568925,0.24805536051680285,0.07491493404118395,0.4242704809374044,0.8775600330715795,0.977625
DK0061804770,0.16774599543265878,0.2229532961907139,-0.15276355880943604,0.1472453862022382,0.557949117628995,0.7855625
IT0001206769,0.23412643844445005,0.3699370527921982,-0.25663688530472695,0.18162001367252836,0.8989432225306967,0.738
GB0005576813,0.29306261790793964,0.19985480890315113,0.001745546596864036,0.2741497814930959,0.6446813657848048,0.9506875
SE0021020716,0.3291540259324397,0.5750903849033503,-0.36135797059973396,0.22934356891253677,1.325501890808242,0.7135625
SE0024171458,0.4107039401239446,0.38126295799327525,-0.11816440038581723,0.36760917237544677,1.090345799010111,0.88575
GB00BM8Q5M07,0.2741900184265751,0.21532759004651386,-0.04409642029816597,0.25624771596732937,0.6455095676634377,0.9185
FI4000074984,0.23402625734467994,0.31896894217046,-0.20595086208968127,0.19726791613557856,0.7908103670814286,0.7813125
LU0061462528,0.18957671895232817,0.29648670913492475,-0.22410437593539512,0.15760549955149675,0.7207951441091538,0.7386875
CH0126673539,0.27227514763515104,0.5551951054678803,-0.10654363231771981,0.23568136772665801,0.7253689829051138,0.86625
PLTLKPL00017,0.025053260463482586,0.23538903398970093,-0.30681873496334877,-5.605770872919481e-05,0.43679776520181945,0.49975
DE0005158703,0.3965710577940408,0.29092695948605357,-0.022458676617286986,0.36980093490342747,0.8944294280076885,0.93775
SE0011167725,0.4502872356605908,0.9662477580742747,-0.5131470246523543,0.23913865805729595,2.087726789095045,0.658375
GB00BVFNZH21,0.01842778785472942,0.2083070446188064,-0.287706809066144,-0.0026753442876173983,0.383988608415178,0.4943125
GB00BD3VFW73,0.4185499806016458,0.20753877954229194,0.10990479095764488,0.4036543606451996,0.7788646852957987,0.987
NL0014559478,0.2610036588566798,0.1972654451126344,-0.03131938837262567,0.245107766463447,0.6080781385300126,0.9260625
FR0000054231,0.5459141016483486,0.6319431888710669,-0.23030874441177715,0.43504395384876215,1.7176067795198342,0.8419375
CH0012829898,0.2624140658854916,0.30889349089327617,-0.16863690196363595,0.22798834169325283,0.7969777134256718,0.820125
GB0031743007,0.19011871321603885,0.16512736012072876,-0.05946992260282283,0.17945364689699433,0.471124507317235,0.8925625
GB0000811801,0.4483136667319616,0.20669141896625992,0.1345139863862551,0.43451192618255874,0.8042455167367821,0.9911875
DE000RENK730,0.4399421682071244,0.23020988391407232,0.09706869215675559,0.4211146384819795,0.8381334930480765,0.9843125
SE0011337708,0.387966344211667,0.3039589897740236,-0.04563843783733572,0.3559310642808775,0.9195237632633345,0.9249375
SE0022419784,0.35634338687773254,0.8386096137880259,-0.3794540670584883,0.23187687766942386,1.4453417933730863,0.703125
BE0974303357,0.15882096486669492,0.4318340175322889,-0.3749920642527222,0.09357800957334894,0.9214700385953106,0.61
IT0005388449,0.564350003405224,0.9622457191631181,-0.44834323398569836,0.3609326749866906,2.202915513651957,0.72675
NL0000852564,0.20831804511277702,0.2335547153961923,-0.1292791130569628,0.18614159075834402,0.6107153421876433,0.83
GB00BPJHV584,0.21276673085559827,0.33073893305622565,-0.24016818110713611,0.17172899104895745,0.8066710210184278,0.7391875
IT0001207098,0.2763978510756995,0.29312315987252335,-0.13758830199130861,0.24336497474325441,0.8059062220838842,0.84975
GB00BMBVGQ36,0.22202522296300128,0.2720181206078006,-0.16583584366245527,0.1948240719953122,0.7113182410700356,0.8048125
FR001400JWR8,0.35336975942161963,0.3917515095581562,-0.17610451237014366,0.30266257862794244,1.0521921385266628,0.838125
CH0012453913,0.18586569912372555,0.20032812030972078,-0.10630189013559438,0.1710234893827327,0.5337635030446921,0.8405
GB00B1KJJ408,0.21323788106010136,0.18204022790243193,-0.06000997182358973,0.20178617675028837,0.5269189866660259,0.896
DE000A3E5D64,0.31082636291535165,0.2719459513842747,-0.08029131135411635,0.2839980523781091,0.783340697260453,0.898125
DE0005936124,0.5484702451766135,0.9927082413943514,-0.45647851288043034,0.3319378565201502,2.2648990425102724,0.714125
SE0006993770,0.13645426430376728,0.30068681174599904,-0.2641197632042109,0.09937642940086402,0.6497318553832463,0.6618125
BE0974256852,0.0737064219114637,0.207252168322767,-0.2188516317701969,0.05813688234003955,0.4160165517917815,0.628875
FI4000592464,0.7873070734201686,0.7538967920064482,-0.13924983862740073,0.6531131301879314,2.151569779542212,0.9021875
CH1169151003,0.4331259503661806,0.34172381882905056,-0.04054374279730915,0.39232442390334593,1.0349161061008076,0.9305
FR0010313833,0.2011307139403965,0.1908446681215419,-0.08141832692692638,0.18715651623718743,0.52719843006613,0.872375
ES0132105018,0.18121096123328193,0.19658450361386826,-0.11131721103929078,0.1645356285684089,0.5284290407967006,0.8373125
SE0011090018,0.18663455173499505,0.2460810908532288,-0.1661998224401846,0.16145001670573844,0.6255191239238179,0.7831875
DE000WCH8881,0.04310640184522951,0.18218105475706617,-0.223624184291754,0.02732887355707817,0.36171442216004385,0.5670625
ES0130960018,0.06763252907797,0.14432979455912112,-0.15125010997675586,0.05903728268478167,0.31976348132391247,0.6733125
SE0015658364,0.4894093353781269,0.7046977646535775,-0.3045050575343468,0.36224126499758236,1.687998628851211,0.7833125
GB0007323586,0.0637797480807399,0.2557241510613634,-0.29184377162172176,0.0362041434374743,0.5119096078361649,0.5614375
NO0010365521,0.5450429712838492,0.4812563047319236,-0.0951138560583179,0.47842412980128124,1.4170375878413335,0.90925
FR0013506730,0.22747026215299632,0.23732778337893168,-0.11268239708830698,0.20445054466961388,0.641171452835983,0.848875
DE000A3E00M1,0.33008219545054096,0.23674955152924385,-0.011150093480256763,0.30968078406552096,0.7427316380111301,0.9433125
PLVOXEL00014,0.3689062619363754,0.48167960276715444,-0.25891178493303435,0.30117294386511223,1.2196554273114366,0.796375
IT0005282865,0.5253377416349428,0.2915536064951688,0.10310041522112079,0.4992149010432636,1.0334352846788517,0.98025
IT0004931058,0.1909367518202963,0.23622179228783757,-0.1508875092860337,0.16627841216702438,0.6063871654453956,0.8000625
FR0013451333,0.28583489050426353,0.25738788406934415,-0.08652738581213351,0.2622689631857537,0.740722498316856,0.8885
CH0582581713,14.347052544274767,1511.8116125826407,-0.41867450027147024,0.25465972147836724,1.730419703392271,0.6950625
NO0010736879,0.20372994082261744,0.20650795243417075,-0.09861620573480828,0.18573802286404859,0.5638289838985727,0.85275
CH0360674466,0.07599883171616667,0.2822532420743777,-0.3122638081332595,0.04088084863023418,0.5725467610458874,0.569125
DE000A0XYHT5,0.6246853991938626,1.133008153106303,-0.4147809463533848,0.3978612799042035,2.3122591489332653,0.7545
SE0014960373,0.424612414003019,0.3897870124364802,-0.11028140513535375,0.3773503392251408,1.1197002430323666,0.892375
DE0006968001,0.7306235264450892,1.1772857596804538,-0.3771721357201156,0.48696640615103437,2.5830243558137296,0.791
PLBUDMX00013,0.0226901997440404,0.2618825219710352,-0.3368618360530188,-0.0112896606060569,0.4902281614181679,0.4809375
NO0010713571,0.3749590089321346,0.5814832553387533,-0.3312641904926206,0.2701787692221279,1.4098841634293282,0.7436875
CH0012138605,0.14528431811283474,0.18482279090119944,-0.12731152889847258,0.13021108917528929,0.46828924639484804,0.7973125
NO0013697029,0.37546354515065183,0.40532564422696343,-0.17807559938535752,0.3209045924736704,1.110956314805822,0.8479375
AT00000VIE62,0.16569839106410025,0.3408230616700596,-0.28867252210200056,0.11810586510972802,0.7808053567593753,0.6685625
GB00BPQY8R36,0.7373054467985835,1.0792318304416357,-0.3713135574954442,0.4987302729094,2.568315104616678,0.78625
SE0014990966,0.2838488037906602,0.2731347136436636,-0.1128317887616639,0.2582087987203545,0.765206554143868,0.8720625
GB0006825383,0.3576905669005004,0.198535015181506,0.05683921092172867,0.3445078482875865,0.6981462286408533,0.9735625
CH1431598916,0.13413992682364945,0.23603951188843855,-0.19863755239864309,0.1093867288690336,0.5448483283308384,0.710875
GB00BYZDVK82,0.20719008440115158,0.2039560520156341,-0.09383976602925477,0.19100135449773673,0.5651359650241303,0.8610625
DE000A0WMPJ6,0.13885080570651656,0.1981796417217234,-0.1518562791652401,0.12243286114495308,0.48370307277021196,0.765625
BE0974413453,0.2669363599379383,0.29898825204029733,-0.15132909249354767,0.23500667205346146,0.793800850490366,0.8340625
GB00B1QH8P22,0.08640925672180645,0.2835811695412858,-0.31182267438780653,0.05332150970924354,0.5843151537437214,0.588875
GB0009188797,0.46279288346433434,0.5912185808592642,-0.27513608005672835,0.3638294011595463,1.5486218420486833,0.8065625
NGSEPLAT0008,0.3293398437581171,0.39184417543701294,-0.1913191266933213,0.27784450967509144,1.0277639208018163,0.82325
BE0974268972,0.37085554419619404,0.511377894652548,-0.2769766470781532,0.2859029621454911,1.295488472098352,0.780125
IM00B5VQMV65,0.706936950270121,0.27745959338800774,0.29766988948278955,0.6847830304905346,1.1909706210028994,0.9985
PLVSTLA00011,0.1776806365504889,0.4916506677074285,-0.4075269212587394,0.09112153010561252,1.0354683586001907,0.597875
GB00BGDT3G23,0.32093127908365215,0.19869038428034197,0.023511200686861647,0.3065226383365395,0.6680462000054082,0.9629375
PTSON0AM0001,0.23705811223920478,0.3364145180960355,-0.22142460871555983,0.1970729297904105,0.8236601974554731,0.7706875
IT0003492391,0.22234451282841125,0.20530480109220606,-0.07980189824916316,0.2054756265442041,0.5829253935441243,0.8824375
DE000TUAG505,0.3777248341966352,0.2639228788242701,-0.008221608082085892,0.3545895057039227,0.8452675332107241,0.9448125
FR001400SF56,0.30531932831484493,0.3840367976482245,-0.2102746239609038,0.25304339393831854,1.0015946367347777,0.803375
FR0013227113,0.08036212177380847,0.19495635945050935,-0.20299109651853625,0.06084940181798246,0.42562563624060484,0.644875
PLBNFTS00018,0.19957924378950248,0.2901516672035709,-0.1976970723618326,0.16766369437798942,0.6969181219203292,0.76275
DE0005089031,0.3633817679872453,0.2658292073395671,-0.013350594886685331,0.3401165772722068,0.8240458401841582,0.94225
BE0003816338,0.19517791054497285,0.33775391445435604,-0.27130261224481333,0.15587903364340638,0.8002566988989154,0.7095
DE0006969603,0.13734960256539422,0.17364454120230385,-0.12112650596677908,0.12637857144457143,0.44053096107394807,0.7975625
IT0000076502,0.2142106581991423,0.3013537742498735,-0.20255078869943902,0.17894785290701656,0.7554710550095421,0.76525
BE0974338700,0.27602997826435083,0.2793991411929173,-0.11888568621042946,0.24522646714852742,0.7693053245022405,0.859
GRS298343005,0.04393514947300419,0.24007562914079703,-0.29217786837531284,0.018884518356824937,0.4739451356521393,0.5374375
NL0015000X07,0.3019905190559115,0.3495948957432414,-0.18774079658667514,0.2619710486466629,0.9347854458838215,0.8195
TW0007769002,0.16404750599254098,0.19564727724476957,-0.12569710009431334,0.14797423836089857,0.5099052613063451,0.8083125
PLSOFTB00016,-0.11453202723300693,0.19717190265166595,-0.39529527731633546,-0.13503685050940956,0.239590870911922,0.2365
GB0003096442,0.16527738803195724,0.17631283609719337,-0.10099778272784102,0.15265079456899483,0.4723466830182329,0.8388125
JE00B8KF9B49,0.2533723156384583,0.2175035352404504,-0.06408152342586095,0.23562089516670467,0.631440416210908,0.8980625
FR0000051807,0.3771941568582908,0.2781181621153384,-0.02834524780449564,0.35210706713063156,0.8539020193904373,0.936
CH0030380734,0.27180476748805904,0.42792265484800396,-0.2843692020367314,0.20713684134959948,1.0406476892027963,0.7335
ES0182870214,0.2697340503948194,0.2585383887179662,-0.10379222993683435,0.24505754170824182,0.7258505758598695,0.869375
IT0003895668,0.4296105643991922,0.602774674374567,-0.32366105240202536,0.3268751012607534,1.5304498878518542,0.77175
DE000SPG1003,0.490000237927002,0.34635558362704,0.002565800011346301,0.45828694041542384,1.086812727685234,0.9515625
GB00B0LCW083,0.5324709461126528,0.29146178214784907,0.11458848480867644,0.5062469121920167,1.0377386856697082,0.985125
GB00BVGBY890,0.30946038519339175,0.28869133357903687,-0.09108945285700819,0.27955792386770495,0.8133338185402365,0.8889375
JE00BLKGSR75,0.4759831103892218,0.8343116248100204,-0.37415819357951685,0.3226849119577357,1.7956982355235158,0.74975
ROSNNEACNOR8,-0.16177677946363964,0.42555793276688014,-0.6224720793094001,-0.24117644446343772,0.5561613210401378,0.24725
GB00BP0RGD03,0.13977978442095804,0.16315126588671358,-0.10258378533542939,0.12784153688185795,0.4292238479717498,0.8175
IT0001078911,0.2998344262900381,0.29316364521207355,-0.11325804361997995,0.270549938646067,0.8085699025134722,0.8748125
ES0137650018,0.3266275822808049,0.2169802437426598,0.007917657642018346,0.3090452822610448,0.7031322049827468,0.9551875
NL0015000LU4,0.2269051393268068,0.37034837674609694,-0.27186116490658185,0.17667714754563654,0.897554723077084,0.7246875
FR0000050809,0.34731815673673905,0.284317291611526,-0.05557326485535544,0.31896416153365625,0.8438899871744193,0.916125
CH1429326825,0.33621763206461597,0.2582033178958702,-0.041969763725883465,0.3133761391783771,0.7941905664703806,0.9265
GB00BZ4BQC70,0.2117499527704515,0.27793908877760537,-0.1810145556717063,0.18372838530252367,0.6982362154284326,0.7845
DE000BCK2223,0.35027377868359216,0.30044050138229356,-0.07599148121159732,0.3162798883829412,0.8900689337775787,0.9055625
DE0005772206,0.43209599965353357,0.3240336446458161,-0.02551134966374577,0.3983327348316124,0.9943931830044954,0.9378125
FI4000571013,0.2323107140794316,0.34336119267407383,-0.23355580517876443,0.19105374487921334,0.8421647252068839,0.7553125
DE0007856023,0.20779785152578278,0.4983560764076009,-0.3945678409369631,0.11787650463060213,1.0953470932771672,0.62275
DE0007551509,0.5151902209682273,0.6739977660014503,-0.2779155746750081,0.389177356368869,1.7130176855722141,0.810125
PLTAURN00011,0.19921402198989124,0.31951099563340213,-0.242236842981917,0.1629303683975724,0.7789439408626709,0.7295
NL0006237562,0.40398918330032957,0.2972696300485294,-0.024805465812572283,0.3766148329481376,0.9234895262565395,0.937375
PLLVTSF00010,0.287408120767842,0.3747300784330768,-0.2216133298281456,0.23796363730533593,0.95645202401477,0.791625
BMG0670A1099,0.14873126914679732,0.22743364236598948,-0.17772122222143896,0.1278131337364964,0.5458803144697317,0.7496875
NL0012294474,-0.0003893901607669139,0.28078569574717904,-0.3856295583621468,-0.035213579874328604,0.4966843012978754,0.4455
FR0000061459,0.608063916993947,1.0536241056487436,-0.4290723398367262,0.386426484018113,2.347110117591435,0.740875
DE0006335003,0.35951389143560586,0.3038820511660882,-0.06924659313200822,0.3263578944747611,0.8983498958568069,0.91075
GB00BLY2F708,0.5826709743860466,0.4869295632113453,-0.0693042845517926,0.5187668747013453,1.448982301094616,0.9209375
GB00B1722W11,0.3732653713299032,0.24244530869269196,0.01650694121530862,0.3535207668827004,0.7993428386664978,0.957875
GRS536003007,0.045597651488288427,0.21301185980310539,-0.2550880780048786,0.026673427180891315,0.4031261747430882,0.5586875
CH0012142631,0.11887314239092908,0.18083569879203457,-0.1484781267060477,0.10623996657572796,0.42967040878475043,0.751625
LU0569974404,0.11925887350385955,0.21075313668385776,-0.18837018706499922,0.10096387142236163,0.4876064259267936,0.7116875
GRS282183003,0.40200182792559713,0.320324779772123,-0.058493547770809756,0.3680358535562781,0.988938864387554,0.9189375
BE0003789063,0.46416586295694595,0.7403448433860608,-0.3324118279890552,0.33628877593764545,1.6570546007182896,0.7708125
FR001400J770,0.04569898483068327,0.14632339419379975,-0.17687266680236075,0.03584234598479858,0.29835115017668684,0.6116875
SE0007692850,0.473668395396077,0.4323725133220603,0.008806705209396937,0.43956189413613145,1.0350317797057675,0.953125
FR0013176526,0.09865779212504668,0.1875270944915697,-0.17453978542571233,0.08364500949619097,0.42707964714521013,0.700625
ROTGNTACNOR8,-0.20259646462149614,0.4915961402783253,-0.7122819510776038,-0.31442893015357426,0.6845207205342346,0.228375
DK0010234467,0.13852504383967432,0.20788598873465122,-0.16428837426821585,0.1199036747789494,0.5022360509518763,0.75025
FR0004180578,0.8959457336216603,22.342290973535732,-0.2829518524111467,0.4563072258583285,1.9613038477964422,0.8248125
DE0005545503,0.24224880876459803,0.2657636393542572,-0.1416342429397875,0.21443194694988357,0.718215352710161,0.8374375
IT0005709909,0.8758639155936392,1.16192045255201,-0.3322913136896259,0.6255184806863388,2.873758316047486,0.827625
IT0005532525,0.4133120082957483,0.903830010847215,-0.48541225796485415,0.2129107379561655,1.9240111769795085,0.6555625
FR0013269123,0.2125137612148211,0.2718350250314583,-0.16799714651401135,0.18592166181738418,0.6809080897415161,0.7964375
FR001400T0D6,0.51253419522905,0.3644767624424651,0.002160504746791078,0.47052681669861596,1.1648092869764455,0.9504375
FR0000121709,0.4473468179299679,0.2791732948062357,0.04793437888999285,0.42036164596976533,0.9388870876269058,0.969625
SGXZ53070850,0.14424727778140356,0.31141846599087514,-0.28889326325744963,0.10833620470033047,0.7002499652297117,0.66325
IT0005275778,0.33014464201164995,0.4859357997479465,-0.27940335647098474,0.2556193366729034,1.1674229808116052,0.7653125
SE0008091581,0.5723592550439242,0.5131192123595001,-0.10119898597893838,0.5018084436813749,1.5029240970489985,0.905375
IT0004056880,0.34195831391597237,0.21167539103113078,0.025416562863971183,0.32683874982975936,0.7054684586242276,0.962625
GB0009692319,0.5785443122599591,0.4930630745603118,-0.08204275027979395,0.5144461104317822,1.470528061482431,0.9175
ES0105630315,0.3972878870406474,0.25563379547501064,0.026653273304854,0.3733507763550292,0.8465086041877333,0.963125
GB00BJVD3B28,0.6142558144478826,0.4165561140693686,0.0331295114900382,0.5694395024520551,1.3613362843602148,0.9604375
CH1386220409,0.1764235929267989,0.22561713034956354,-0.15315432535117465,0.15625483560904763,0.574107753953423,0.7965625
NL0015001KT6,0.19701213414707272,0.23464952603956934,-0.1431536899592587,0.1755339420209839,0.6102625828620633,0.81325
GB00B61TVQ02,0.2790894567023523,0.27335135682172435,-0.11357763019780591,0.25122807720754126,0.7667985588573764,0.866125
ROELECACNOR5,-0.007165723530027435,0.5115336469564215,-0.5917520504538734,-0.11299600571073093,0.9388089216229942,0.39275
FR001400Q9V2,0.24403751627310882,0.23321759170380535,-0.09733903389110415,0.2256035463752426,0.6475505613978334,0.870875
DE000A3ENQ51,0.2852438990201132,0.2461961304092329,-0.06248808151333917,0.2622740299167384,0.7044679604448892,0.90475
FI0009000459,0.2948178198526474,0.2427765189003993,-0.058323277112719354,0.27135982742155984,0.7218614085952335,0.9104375
IT0003027817,0.287987398072995,0.3487498712540803,-0.187478677063796,0.2407004026332984,0.9143744370626675,0.8119375
GB0008782301,0.2908849116078178,0.19285694831220973,0.008282676422711648,0.275156700476286,0.6295475736415199,0.9545
GB0033986497,0.2331644537810176,0.3167111912472407,-0.20427024194230572,0.1953591192035248,0.8007768419848704,0.7829375
IT0001157020,0.07992933763320462,0.2450264580529416,-0.2656779455489566,0.053715435884143126,0.5079789906858229,0.602875
GB00B0WMWD03,0.23928572866652734,0.22126198399850763,-0.07420471223752649,0.22002982040608068,0.6089329803332861,0.886375
GB0004657408,0.11332097374492382,0.23568592278657016,-0.22157643848733305,0.09002111645082636,0.5249276777282706,0.6725625
IT0005331019,0.21468590807746407,0.26367191381634725,-0.16364185740381593,0.18918604900352765,0.6848510590140052,0.8054375
ES0157261019,0.3013213487321311,0.2642265007238911,-0.07733313550917366,0.2768004296751676,0.7589329231440174,0.9000625
NL0000337319,0.2570199750725142,0.39687686751807416,-0.2683368917141503,0.20055450660545457,0.9676620778998727,0.743625
NO0012470089,0.41199606500026253,0.33769522647363187,-0.05387016428101148,0.37381990753344885,1.0111218873733634,0.9215
CH0360826991,0.2527392944514165,0.2567833879100471,-0.11685850705226455,0.2283659926669912,0.6981820253136304,0.856375
SE0014504817,0.08811874568341138,0.7083017797189186,-0.35209879394683863,0.03473790310535488,0.654324918196447,0.552375
PLINTCS00010,0.1868458772300163,0.3870334932687077,-0.2763104076488167,0.13892830796229771,0.7931497080302459,0.69475
CH0010702154,0.44707725746911237,0.4171932428061648,-0.11366149116222,0.3924854869050978,1.1956030023714843,0.891875
SE0023615638,0.2795749280420837,0.2621268267000797,-0.1015471179327073,0.25692485275247556,0.7421941204171585,0.87875
DE0007231326,0.4828048516458098,0.3773234909673208,-0.03677872562475682,0.435874193555274,1.1592250710312477,0.9329375
DK0060634707,0.1414953990152553,0.18164239069987553,-0.12410746523553873,0.12667096035370362,0.45932043615231216,0.7991875
SE0009778848,0.3290286149706954,0.3165379344409133,-0.11619462264840029,0.2974563534065254,0.8821710789592179,0.8758125
ES0105449005,0.5994748501400181,0.6685386193966054,-0.2293555834221872,0.48696286613041,1.8112802064714266,0.8508125
DE0005909006,0.3203731992062982,0.3701003449197358,-0.17359316088928123,0.2716816903390018,0.9771112668290188,0.8273125
NO0011082075,0.013097934176907773,0.3112734442645256,-0.4001410428099016,-0.031116986900369212,0.5710464887018607,0.4555625
FR0005691656,0.4147362482814133,0.28699844303631145,-0.0073762400472724855,0.39006429823827954,0.9297699855299061,0.9460625
BE0003883031,0.27718467808740926,0.33132900890514505,-0.17621024426432935,0.23617369327934817,0.863401918709991,0.815625
GB00BFZZM640,0.23112191186280204,0.33783270522767883,-0.23436560166827103,0.18735357016095716,0.8377107176262943,0.7570625
DK0060257814,0.5958111067345893,0.32739594004823436,0.12622691051104706,0.5614035396535088,1.180050916256698,0.9840625
ES0183746314,0.2236919948488354,0.2146295449172221,-0.08907707179247301,0.20437101393759355,0.5993278704812302,0.8729375
IT0004053440,0.04699497971441401,0.4337042581972711,-0.4746763238865055,-0.030620679558482237,0.8203738189262181,0.465375
CH0003420806,0.16874807735942499,0.7521711629012338,-0.5892886034567569,0.007010164574112495,1.4524546727532333,0.5056875
HRHT00RA0005,16154.575117180964,1957440.7654966365,-0.4034386704409097,0.02155691930746679,0.7472891436727673,0.527625
FR0000031775,0.2542411370330161,0.3677001309276516,-0.2456382595787932,0.20674698077915266,0.9205174561861188,0.7524375
GB00BNKT5L33,0.24019127096653342,0.5337925914091594,-0.3880393736260494,0.14611634049627648,1.1535656149093925,0.6488125
FR0000050353,0.26815205304988843,0.27861930357227194,-0.13170333859313343,0.2395614025009691,0.7596138571071381,0.8455625
SGXZ69436764,0.1472603025156315,0.3173935856525862,-0.2742998691522359,0.10680104640675947,0.6969018152403635,0.6638125
CH0110240600,0.3850638597984112,0.7037062370400556,-0.3933638660575774,0.25071027201391005,1.5909785475693452,0.7060625
FR001400PFU4,0.28908632711493126,0.2932332030060775,-0.11528032319104704,0.2580297760287251,0.8010843202705228,0.8679375
NO0010571698,0.3331146157158595,0.6831254967646757,-0.4323734168773378,0.20255905915953587,1.543123465106494,0.666375
DE0006202005,0.289012206651976,0.2675039055852629,-0.0936826849312181,0.26206038109168006,0.7636508589079748,0.8828125
GB00BP92CJ43,0.1756167166308329,0.22244338356425317,-0.1444880819570596,0.15573523223845515,0.557675621282239,0.7985
DE000A0Z2ZZ5,0.19096990694404006,0.249436567969749,-0.1659250001808119,0.16498755101663565,0.6300014075432149,0.786375
SE0009268279,0.518768294650349,0.6865581395587916,-0.28036047856991164,0.3915270469741573,1.737947915929149,0.80325
PL4FNMD00013,0.43738676461776876,0.9948069688618177,-0.4821129470001909,0.24038500433867477,2.007157568400256,0.6690625
GB00B1VNSX38,0.21588895973248345,0.2769534624264173,-0.15476201580266707,0.18555268359811777,0.6804629044254545,0.8078125
IT0005573818,0.4818345387511978,0.9210100708231198,-0.45939710524099886,0.27169778429385144,2.072829532436606,0.6875625
FR0000120966,0.1402214098411848,0.2803417555315808,-0.2554868287267734,0.11037463498902284,0.6398497986174874,0.6794375
FR0000071946,0.39578254765526844,0.4234819793547456,-0.16390349575603796,0.3357917694587807,1.148850041383777,0.855
NO0003055501,0.11432035800163436,0.18384310786432095,-0.1585962087470882,0.09930655733025782,0.4347397633199543,0.738375
GB00BNVVHD43,0.5412832394783171,0.36649500803361224,0.02442605849065523,0.5001761595796053,1.196287132858876,0.9574375
SI0031102153,-0.022174368958353022,0.4208856205989202,-0.5375775716762138,-0.09788170398866852,0.7378650277743648,0.390375
PLKETY000011,0.05510644523477442,0.2523316130230246,-0.29820940644110205,0.026735567712152533,0.49797419856008374,0.5491875
FR0000031577,0.33490494652143254,0.27657778592260274,-0.06775549338906874,0.30925026689702007,0.8329383486254056,0.910625
CH0468525222,0.37363951650497734,0.40689981307739664,-0.14589382604949597,0.32237243347298317,1.0537530096897405,0.862
DE0005313704,0.30003206522742026,0.2130785197283766,-0.01402667966553936,0.28136848480827453,0.6664087465807337,0.9424375
BE0003470755,0.06311269102898216,0.16851715679305304,-0.18376489866967516,0.04816361215845884,0.35290962668082676,0.6329375
NO0012851874,0.29317830034851955,0.31922067920627434,-0.15217720572761662,0.2574657608430624,0.8610275587371804,0.841375
BE0974400328,0.3942741111153822,0.24089623258419393,0.038879454218100934,0.37236450953387834,0.8164633702690995,0.967875
GB0007973794,0.17453150012325958,0.3612015399628044,-0.1704675660409791,0.15076708020394874,0.5775750870597718,0.7745
IT0005162406,0.17987983206271949,0.25388868354854865,-0.18376334639300568,0.1540151471729117,0.6313417758899208,0.76625
GB0004270301,0.22160479296043745,0.29025265588164767,-0.17142573258218483,0.19085702243640648,0.7227710597698372,0.7950625
CH1486524122,0.28352805341503046,0.2968424870569569,-0.12819821402829998,0.24966716145958343,0.8063426617849131,0.8591875
CY0200751713,0.28438779991324065,0.2476796146825321,-0.07643549234062866,0.261127705756603,0.7188852310582572,0.897375
GB00BS3DYQ52,0.47331531751802147,0.6697107766517274,-0.2843455689310315,0.3626308849577148,1.5748070935980654,0.797625
SE0017615644,0.06458333185203298,0.3064496321051632,-0.3455968003697642,0.021342421025500158,0.6078966782066735,0.532875
DK0060946788,0.31481297323020446,0.32279142507000214,-0.13768575085717305,0.2773971839037593,0.8936430470406939,0.8571875
GB00B1GK4645,0.49846665655870104,0.9118552564551562,-0.4504545844397533,0.2939314064137551,2.119938309165654,0.6933125
ES0112501012,0.13396716059638475,0.2035864223312908,-0.16667725806830352,0.11609759456591653,0.4924854771059419,0.7475625
SE0007074281,0.19782155967322218,0.29975631195702407,-0.21093880233406592,0.1648325610974226,0.7270985459144306,0.747375
IT0005176406,0.10996966088293998,0.2699780329020159,-0.2636298794027464,0.07962649356933946,0.5946996306574742,0.633125
CH1484953687,0.3011925278543996,0.30010844214293575,-0.1352030908794067,0.2698798666171858,0.8301242713561175,0.862375
SE0009806607,0.29866868908480887,0.2828258876513375,-0.10397630597842931,0.26963753397729684,0.7949936101263552,0.8774375
BE0165385973,0.13424665594792923,0.20316352436203405,-0.16436217552068427,0.11769767685552443,0.4886544881317331,0.749125
GB0000904986,0.4112066128824756,0.22606814813715706,0.07261501513032366,0.3921678303856021,0.8093744543827033,0.9770625
GB00B1FW5029,0.3589076465461586,0.27489953210849266,-0.033241328347381534,0.33325854615029793,0.8393502340622064,0.9326875
CH0024590272,0.38634008682084786,0.3783289479633587,-0.13186431121641445,0.3425070839699498,1.0314692260925602,0.876125
DE000A1PHFF7,0.1631481222015467,0.2225494575635033,-0.16073530888039117,0.14290066355861622,0.561108277052205,0.7774375
FR0000130213,0.4322872293320853,0.6865050118855522,-0.31264381757794546,0.32203326778188734,1.5027423897107088,0.77425
DK0064867972,0.2293460030862172,0.34334812646639695,-0.2297583153896566,0.18500843040526355,0.8294244066360897,0.7558125
CH0002178181,0.0803137099859971,0.23816383914986114,-0.25716557381850247,0.053476485583871095,0.507100052241854,0.601125
ES0117360117,0.37309370458077523,1.002252570144241,-0.5006001550043735,0.17845703868437496,1.8551508428666326,0.628875
GB00BZ3CNK81,0.06069826220994496,0.3232217993275667,-0.3729971468404138,0.015251274805064871,0.6500810459611509,0.522625
CH0542483745,0.2658795279021798,0.7697334861045018,-0.5474338481637445,0.09118569701073509,1.6466545410356694,0.5739375
JE00BF50RG45,0.5345135304142391,0.37500397099137434,0.007379061560501153,0.49290224519529185,1.204623515254291,0.952875
SE0016101844,0.21360959387199885,0.2980554344522308,-0.20198537788920035,0.17966649191999434,0.7498688704034796,0.770875
GB00B67KBV28,0.635177697430229,0.4981657416296185,-0.02010179695337878,0.5668270908105282,1.51809630710652,0.943625
SE0022088217,0.4448527884760227,0.9237562716412235,-0.49176543272292395,0.2508019567987906,2.0220846392970446,0.6678125
SE0009973563,1.229770443051843,1.4565729170245207,-0.20973833662165262,0.9071083326589209,3.6535615472991165,0.8910625
HRKOEIRA0009,0.3244348978440592,0.538596509837471,-0.3477825147845769,0.2326037062933318,1.2997781426927968,0.7163125
DE0006219934,0.4572292542897089,0.30571824915932944,0.026835953316203795,0.4259461950300184,0.9941799706558624,0.961375
PLCFRPT00013,0.005695038522578938,0.22783102739036384,-0.31529538103749916,-0.017238460362126458,0.40159945759769283,0.4665625
CH0012100191,0.2460605990605785,0.2756277971991327,-0.14518146578381833,0.21786229573479807,0.727451262280542,0.83575
FR0010221234,0.300723145599894,0.3289889156420976,-0.154401028220342,0.2603959940546073,0.8968480732933599,0.8428125
CZ0009008942,327998678.74825686,41034604098.90796,-0.19162734046774535,0.25633445873395455,0.9148080733006003,0.8181875
SE0015346135,0.3989230048431203,0.5786287172732982,-0.31048356153061457,0.29426395788397797,1.4561366501172306,0.7628125
CY0200900914,-0.06747705413929188,0.3351080410144119,-0.5003241587244932,-0.11996048750303477,0.5370516396423233,0.3418125
ROSFGPACNOR4,-0.03060036254453451,0.38553663927589366,-0.5113618245573152,-0.09627839913483749,0.6669575439812618,0.3835625
DE000KSAG888,0.11647927829931276,0.24726956307912834,-0.2326555545700708,0.0913102739259248,0.5581463930848475,0.66875
NO0010894512,0.5222165682418367,0.964944462205656,-0.4487364075787891,0.30752761880037804,2.178548666529762,0.7015625
PLDGNST00012,0.3036659811919065,0.3151412355837296,-0.13458808994226354,0.2696323503323157,0.8559651162729641,0.85425
DE0005677108,0.17852084423664827,0.33932833043413413,-0.27847145716599314,0.13168038555070455,0.7809078728684387,0.6869375
NL0009269109,0.25787040145496837,0.5287067707888372,-0.37203184104667697,0.15736977124287754,1.2248425200561295,0.6624375
GB00BNNTLN49,0.25190987695838374,0.21829642829435142,-0.062125239251179916,0.23190826775502182,0.6370855687291318,0.9015
FR0000066755,-0.02979715303907978,0.33263871522778443,-0.44521725067392104,-0.07742803321761392,0.5423871130921265,0.391875
FR0000130395,0.08260181693425352,0.15766604964081005,-0.15596336254927554,0.07155803953806708,0.3526381110206546,0.692
NL0000852531,0.351183373237138,0.4651487056902833,-0.24888417581488972,0.2832026177487723,1.176830054996342,0.792875
PTZON0AM0006,0.0496178415346118,0.19751689752380625,-0.23657424146712525,0.03272733496573872,0.39721175391720326,0.5725
FI0009002422,0.12526633710524818,0.2199390671058523,-0.19062883218991675,0.10491312363742714,0.5162273521985504,0.70925
SE0010048884,0.17559565661485982,0.5558137559802667,-0.4716178693902076,0.06896830973836919,1.1794561211940016,0.5664375
SE0000106205,0.16333857762232196,0.35752057027677914,-0.3086984988912904,0.11453786906726635,0.784813056580248,0.6585625
GB0008085614,0.24439856536568255,0.2817103042172228,-0.15876482990437768,0.21586612344825792,0.7381876712917022,0.824125
SE0010323311,0.2889966350776111,0.4077682254278768,-0.24840583516628517,0.2302967920968329,1.0184187684508663,0.7703125
CH0030486770,0.23848700506520396,0.305492230135114,-0.18890898573183576,0.2029466512793658,0.7802557107121677,0.7955625
ES0105079000,0.27146272846344677,0.23930494703288088,-0.08075277014430532,0.24952010790015222,0.7064209393880434,0.88975
FO0000000179,0.17838280280478871,0.25669393773186355,-0.1861005718598932,0.1512509104983996,0.637391279483849,0.7624375
CH1111227810,0.31539881825588717,0.4254583909888586,-0.24525664109117024,0.25207873568703476,1.0921551709142099,0.7830625
FI0009004824,0.14177057677389932,0.2916428842804736,-0.2598335006175365,0.10757612813144539,0.6611450496828167,0.6694375
FI4000014238,0.35214968299430666,1.0472962136854507,-0.5026530572517747,0.1609180041611522,1.7940339779423107,0.620625
PLENEA000013,0.13594288250370712,0.3108499585158154,-0.2871275674604614,0.09913647583757773,0.6831007359270957,0.65125
IE0003864109,0.2504646617081566,0.2814598404776254,-0.15063923681329897,0.2230469666429531,0.73920454523878,0.8333125
GB0004866223,0.17490798606921,0.2564344346707465,-0.19213365430341417,0.14718367632433146,0.635619393088433,0.755
FR0010202606,0.5212750070994189,0.5619621613365422,-0.1828662006590688,0.43118943942715293,1.5399821132570728,0.8588125
BMG730931091,0.6717644384053301,0.5555334074997049,-0.053807752328442024,0.5873260396515758,1.6606756197795725,0.93375
NO0003078800,0.1131379706826082,0.290622170694503,-0.28824246237551987,0.07804725298792589,0.6371689345928726,0.6256875
PTREL0AM0008,0.11490451558176018,0.24904512112453317,-0.2385957476452831,0.08830722455314463,0.5504762620500143,0.6636875
LU0088087324,0.3082319710388534,0.3506037553489101,-0.12807084307986055,0.27142862643656807,0.8670623097006277,0.8603125
IT0003865570,0.5028425658740576,0.43199718169163215,-0.0823447879540504,0.44859268317504203,1.2637638389040649,0.9115625
FI4000571054,0.22293298160236008,0.3197185332718467,-0.21966548566368724,0.18422226401013134,0.7969184646624241,0.7650625
IT0005374035,0.3391561937360003,0.6567225188949187,-0.411514514189709,0.21238046951823697,1.50799511404604,0.679625
SE0000584948,0.09549326946860637,0.34121680623603073,-0.3528806920022969,0.04661934625198397,0.7081349312123046,0.5655625
ES0121975009,0.11180249282240325,0.23713812162119466,-0.22315019857234858,0.08710017993271077,0.5316055332587545,0.67125
GB00BZ1BLL44,23.28937745736989,2706.1152156249004,-0.458666482370004,1.0498639144516715,6.787919483079264,0.8285625
NL0013995087,0.1567067813909364,0.2715080830603377,-0.2253154711359045,0.12495795429932456,0.6543509434216878,0.7141875
NL0011872650,0.223827538527381,0.24106873753636926,-0.12710642130294136,0.20190426168632913,0.6458967905898025,0.8405
DE0007297004,0.13132458033313865,0.3112546348217764,-0.2914615858800795,0.09202911311601408,0.6836712675836143,0.645625
ES0176252718,0.14128263819275882,0.21609202759993973,-0.17411085183137048,0.12142302372639974,0.5231047903595211,0.7455625
DE0007493991,0.4393914866614927,0.3132320700794995,-0.007157206887582596,0.404545395840855,1.0026767109035695,0.946625
HRKODTRA0007,0.22533465274894168,0.5764226309298056,-0.4467290052573565,0.11403987865402127,1.245661097136172,0.608125
SE0009997018,0.2804550595599528,0.36546281312372764,-0.20453400683092077,0.2353707607155893,0.9221772732504298,0.7994375
FR001400NLM4,0.2690261238082963,0.305067824394354,-0.14609776733552027,0.23612643286704477,0.7900353537718672,0.8368125
FR0010282822,0.6454931822209851,0.4528487858894849,0.01734346368965815,0.5903402044619283,1.4670307036053956,0.9554375
SE0007491303,0.15293759594042017,0.27170427333057023,-0.23040293050322966,0.12392097342723345,0.636131095258671,0.708375
US7444302084,0.9867721921974547,0.8465432582662372,-0.031235265200470843,0.8298447351147551,2.519956867390572,0.9418125
SE0025138357,0.4866326650890517,0.46180312121653977,-0.10216640004890742,0.4248851811916158,1.2883451143142075,0.901375
NO0005806802,0.06914376623831694,0.512165563291112,-0.5198964220245326,-0.021887697167047825,0.9509835825686918,0.4753125
NO0003096208,0.3073173447008803,0.29283538061280695,-0.10733133153590936,0.27673701750069185,0.8270291785257398,0.8755
FR0013447729,0.3199867619534284,0.6199128719520448,-0.06722995127415818,0.28745762911259104,0.7725667757075543,0.907375
FR0014003T71,0.443652911763368,0.706920644870532,-0.28878243216014116,0.3347892184649325,1.4922375992350794,0.79
AT0000818802,0.35082757024442957,0.2794093735152342,-0.049498404561954604,0.32197599848488256,0.8429336788491847,0.9211875
IE00B00MZ448,0.3288208891681144,0.23637155253618825,-0.018994190745154186,0.3103352355205442,0.7449454827792443,0.9404375
ES0178165017,0.17111077308176856,0.27869937012397317,-0.21436636262560685,0.14198060730426043,0.6528243507003627,0.7340625
FR0004024222,0.2703403156633234,0.26706630315817725,-0.11298314592182807,0.2446885814541424,0.7464109158480113,0.8614375
DE000A2NB601,0.1548738173706737,0.268968235773517,-0.22151946972145115,0.12381640264573052,0.6414198898762566,0.7136875
FI0009000277,0.1414635588817401,0.2449939752150224,-0.21139700386082516,0.1142915293872663,0.5825250010996971,0.716875
NL0015001OJ9,0.3546574937972988,0.3258618075188599,-0.09965940319494704,0.31704185878068514,0.9310139826644803,0.890875
CH0496451508,0.1774206490313022,0.2457733121486667,-0.17902821928874899,0.15460663385386722,0.615034034244539,0.7775625
MHY641771016,0.1006740293680499,0.3224659387815,-0.34047302194666507,0.055827490578620485,0.6799450888343579,0.5825625
DE000A2GS5D8,0.3560418997964538,0.4758510323040188,-0.2233126716316091,0.2871761796725474,1.1438024492270007,0.8054375
FI0009900682,0.2093634079817158,0.31333410332044825,-0.2225005092234814,0.1696965291472608,0.7771017354746829,0.7475
HRADRSRA0007,0.11433983465235047,0.8123956726856708,-0.6104294031218948,-0.04649556058362564,1.304750939146219,0.462375
AT0000APOST4,0.07955860730579906,0.3578827044188663,-0.37891410724295216,0.027960906479197106,0.7046807985027431,0.54025
SE0006422390,0.4376431026395129,0.3196493233551054,-0.009761948548826269,0.40113887475960075,0.9975284232690296,0.9463125
SE0017766843,0.31558867301631516,0.6142621622449382,-0.39080994614779657,0.20215257758602825,1.4031885595267746,0.681375
CS0008418869,0.18923700863240914,0.5039173564250123,-0.4197385340024488,0.10339254294659635,1.0827939004581018,0.603625
GB00BP6S8Z30,0.597736508855802,0.34154918250098254,0.11282858490227318,0.5611056981021582,1.2138763668135566,0.9796875
FR0000062671,0.13830864771574072,0.24514107090714193,-0.2001452898555393,0.11487393449957928,0.5490827619158005,0.723375
FR0000063935,-0.018913738327143225,0.2619391774683788,-0.38297586470528844,-0.05028376847929866,0.4408400964093932,0.415
SE0016589188,0.4371040946890059,0.27439396731963067,0.04450309474463317,0.4112189660411218,0.9231422483495829,0.967625
SE0001662230,0.3079533398624635,0.3819068103653151,-0.21116933925826423,0.25636967663747384,1.0041307117645901,0.805
FR0000071797,0.4340038418046903,0.40602353210027897,-0.1242507980950832,0.38182323704130294,1.1762459266568144,0.888125
CH0100837282,0.41302494235490406,0.36218052887168417,-0.0861643286498454,0.37305283305055703,1.0457547623282129,0.9055625
DK0060952919,0.1612063952049815,0.24914510164623574,-0.19349450040765567,0.13629942713208743,0.5928837058852701,0.7459375
SE0003303627,0.2988965485336721,0.5819079352673971,-0.3829748073884364,0.19398134259990016,1.3029775065287899,0.682
DK0060700516,0.3335108690319764,0.4509137020404685,-0.2602704968977849,0.2618716194275839,1.1615284302999616,0.7829375
DK0010272632,0.26958879757395654,0.2260963212919614,-0.059757204108904366,0.2504877419116908,0.6616586229800129,0.908
FI0009005318,-0.04455783674086329,0.20629502144247255,-0.3360697387790549,-0.06745412743096332,0.32384191592881933,0.3616875
ES0165386014,0.1517494861300114,0.19175558714974328,-0.13322769633764045,0.1362012755311711,0.4838455913281057,0.8015
GB00B3MBS747,0.32549077533571247,0.29283761042356793,-0.09255188355617051,0.2954347617336731,0.8437066832139344,0.8916875
GB00B1CKQ739,0.37360744415077113,0.24012611744557424,0.02503076083449168,0.35173436415573417,0.8002710088990508,0.9613125
BE0003810273,0.18926717490010722,0.24329460644011994,-0.15435650015815286,0.163430920939294,0.613327200239061,0.7970625
GRS343313003,0.5721358969420778,1.5247496468147461,-0.4442443746244706,0.33699433706344906,2.246599335911457,0.7219375
GRS359353000,0.08270917803317863,0.4881608140037291,-0.4931012488600913,-0.0025460596738038858,0.9403807228943967,0.4966875
FR0000120859,0.17463094353485667,0.30213494238066024,-0.24413788358632646,0.13946533803730343,0.7071969989644936,0.71275
GB00B1FP6H53,0.33715828604918135,0.264359388439278,-0.047676208050365085,0.31258706699303224,0.8084332743589516,0.9226875
CH0238627142,0.09194099827127422,0.32458273583314695,-0.3195163877507394,0.05329969523384428,0.6232083246569611,0.5871875
FI4000391487,0.33745704736209964,0.3935764196306529,-0.18632813092078032,0.2853115427324064,1.033849685702884,0.826875
GB00B45C9X44,0.33607801295227585,0.38926002372662394,-0.08060517233794182,0.3004940084880039,0.855139139242096,0.90175
DK0061412772,0.3454040829773349,0.36080411219891084,-0.1442674745034922,0.2997247287592339,0.9973740438909002,0.8585625
DK0010253921,0.3335929492915524,0.4550200862120521,-0.2523546571496772,0.26360333966331206,1.1484609996407111,0.781375
GB00BGBN7C04,0.2273715595155064,0.20907217224518335,-0.0814322969079762,0.2103623402920606,0.5948517681300672,0.8819375
NO0010716582,0.050451605548164254,0.23317862411268778,-0.27928098284131586,0.025504167775206952,0.45544559168523896,0.55125
DE000A3DSV01,0.8343280112026896,0.6916668065836463,-0.052699470151596046,0.7185780491431957,2.1120911649827034,0.933875
DE000A0DJ6J9,0.15947881780322673,0.37134789038384813,-0.32820586710665767,0.1055685526129664,0.819013047127172,0.6365625
BMG671801022,0.33890542145103447,0.4023613732040245,-0.20169394195201926,0.28425466499255836,1.0531454824522353,0.8183125
GB00B39GTJ17,0.638952991580473,0.7089898749788648,-0.21274958268816482,0.5156230408490706,1.9184070162643398,0.8611875
GB00B4Y7R145,0.24702720296732844,0.27126922020833066,-0.1365983772795317,0.21741866966368534,0.7241242157909272,0.8380625
SE0007577895,1.2637829111229526,1.2669408202722554,-0.08312977266085386,1.0044856610301647,3.430393761508192,0.9300625
NL0015002K83,0.2910112799079279,0.28933302314306775,-0.1151989921226444,0.2580145865507883,0.8048934814711971,0.8675625
DE0007257503,-0.019997617889063114,0.31740385985899006,-0.43473959881464513,-0.06772913993550866,0.5619680118550802,0.403375
FR0000121147,0.4258353341739041,0.3742345765401933,-0.07941535718283241,0.3817064702206411,1.0716751798965698,0.906625
SI0031101346,-0.1464351655191221,0.5859624631803511,-0.6965865643827248,-0.2661475004873892,0.7590928599763777,0.2729375
GB00BNXJB679,0.6345439374737132,0.3415199679013599,0.1438170289697784,0.5993495852443698,1.2358736698580919,0.9876875
PLCCC0000016,0.3124981734065765,0.2851942531965019,-0.09409910840810562,0.28284717565414197,0.8245167360842004,0.88825
DK0015998017,0.5275183630706206,0.46111733096985585,-0.08630431028643687,0.4673658868463293,1.333787763937979,0.913875
NL0011821392,0.22675695283604677,0.23366620580114328,-0.11694765132891957,0.20921779309193686,0.6361923268901711,0.849875
SE0018538068,1.2075855186424216,1.4292009175239981,-0.24203899262167708,0.906671608041095,3.6158919563122183,0.88725
SE0000862997,0.31105714683462765,0.3177205591485733,-0.13447276695649665,0.27423140960633885,0.8717517756225621,0.8595625
DE000A1MMCC8,0.766209588396193,0.6270745926782836,-0.03813364876897351,0.6686677677505635,1.8641377987693395,0.9381875
BE0003545531,0.3438406126648801,0.5634044013717187,-0.35260267976452647,0.2452549156967439,1.345168434815753,0.7253125
NO0003078107,0.1361244036898303,4.868195081276185,-0.5381612560134973,-0.017328300064111186,1.1068324763224948,0.4819375
GB00B7N0K053,0.3486515038735291,0.31829719781331944,-0.08763918955525649,0.31314697253821855,0.901435771887756,0.897
BE0974258874,0.21672808819396877,0.32223129224458164,-0.22829129155471176,0.17949871697304623,0.8003552145863873,0.7525625
GB0002018363,0.2485695394200791,0.3256417547053527,-0.19044333683985115,0.20811653717515158,0.8288630286715487,0.7935
FR0000124570,0.25336929776113887,0.2870169836967943,-0.16013419788881417,0.22526060418096724,0.7604001386925179,0.827625
SE0014401378,0.429638841459615,0.49730362922074367,-0.2114138839790203,0.35179864010639306,1.3076185777538016,0.833875
GB00B4YZN328,0.5320066273138834,0.3835644445739064,-0.003940572342374477,0.4865192232129665,1.214517701277991,0.9485
SE0006288015,0.26362447434588715,0.3738070896371312,-0.2385630080159345,0.21501930639592365,0.9286195671775477,0.768125
KYG4672N1198,0.9381496545646105,0.6805656782111397,0.061205971550999924,0.8369823835018221,2.130876701678271,0.9648125
CH0025536027,0.32492487871512094,0.34713965446558104,-0.1509924558272845,0.28355643034938366,0.9415523972905055,0.8455
FI4000508023,0.16929987827863938,0.569437159447898,-0.4914463141461148,0.05467524559447797,1.1901735150324786,0.555125
FR0011341205,0.46464330637017043,0.46134410237729895,-0.13438377515498232,0.399802562541555,1.276782223343375,0.880875
NO0004822503,0.29626212136795116,0.3763194039642241,-0.20662574210267914,0.24749318491759398,0.9738012732398412,0.8018125
HRERNTRA0000,0.14740989723296713,0.7126987751489808,-0.5908669968997918,-0.007940592660823729,1.3847596234443733,0.4941875
FR0000064271,0.39311340161151964,0.5363020114420716,-0.21497778600325487,0.3186181909057979,1.2370610160052935,0.8228125
ES0105223004,0.1975581965783863,0.22852293381127103,-0.13331247051149098,0.17730930035634168,0.6019252868401045,0.8174375
NO0003079709,0.12011212137539598,0.3172376948382845,-0.31695827947808275,0.08290301283127575,0.6780866640703817,0.6220625
GRS281003004,0.4351186821729713,0.751717036949817,-0.39706312331809934,0.28114735498246035,1.7503682205851654,0.7208125
NO0013135368,0.3131203269964001,0.4347559320609255,-0.25750506170488846,0.25073116492585423,1.0965227740853494,0.771
SE0016797732,0.42911491641201904,0.5699263794056312,-0.26858222181769265,0.330706932797602,1.4539738898688217,0.79225
CH0000816824,0.08555291994401003,0.32123912625010587,-0.3460116519847838,0.04367000442130574,0.6506239970934562,0.56275
SE0007640156,0.15608726011057364,0.2683234631890092,-0.21516805683429652,0.12302520978282658,0.6351894585567142,0.7110625
SE0000366098,0.7901013288922307,1.3160291391073797,-0.4390388958301244,0.4868584846626703,2.932901574299292,0.760625
GB00BYX5K988,0.4691601978491234,0.32083962409002087,0.02075146720643217,0.43489198197719636,1.0368184342421736,0.9584375
SE0011090547,0.21602709149508906,0.3778560189159914,-0.26871754498783595,0.16568498945083301,0.8494153959788608,0.718125
DE000A2YNT30,0.30525150343071433,0.2932284447942741,-0.1082976408525561,0.2768715044024864,0.8165497140064276,0.8746875
SE0014855029,0.5340388174048732,0.954136100055832,-0.4514516132471657,0.3223621038357877,2.22655218632986,0.7139375
BE0974380124,0.7323230667891383,1.117526789502505,-0.38726777015002883,0.4837437103846638,2.6005085932419063,0.7821875
PLDMDVL00012,0.19847801580846536,0.2657913178340642,-0.1830583198031694,0.1710824245935827,0.6733289057988587,0.7824375
CH1110760852,0.14963931428616695,0.295078049360592,-0.2616644844183254,0.11510520811255884,0.6864774936915037,0.6783125
CH0212255803,0.02730105337669745,0.31996498362484693,-0.39651066843519445,-0.016166869195658948,0.6032672600299709,0.4744375
IE00BWY4ZF18,0.3725494645024528,0.4850623258567779,-0.23658013023874233,0.2967651493570806,1.2311340344433617,0.8036875
FR0000054900,0.251272657024915,0.32421414871823556,-0.1977651091068848,0.21279237412478597,0.842108120416315,0.7919375
DE0006305006,0.2673061016496348,0.3296454833603411,-0.18780948906540734,0.22945030239194752,0.8419527120950968,0.8114375
FR0000053381,0.14196997162147074,0.30871769293299195,-0.2814435265807826,0.09964288981743674,0.6918075500040983,0.658
BE0003735496,0.11311329185074512,0.3772040036121685,-0.3707979682831002,0.05496230962844316,0.7898113467636918,0.572875
PLSTLPD00017,0.4769285674412181,0.9100326972283287,-0.47568373531818364,0.275079175125188,2.114051637303405,0.6843125
DE0005470405,0.2257979401865748,0.2274239009243219,-0.10352230111860644,0.20514748353001672,0.6296727762048268,0.85875
PLSHPR000021,0.5440892318926139,0.5385215379687605,-0.14337026265528408,0.46130474310598046,1.5149909846920537,0.884625
FI0009007694,0.4587399514324194,0.4126283644432033,-0.08883825534625914,0.40732775094075446,1.1758408693921303,0.9049375
GB00B3FLWH99,0.23827716660165413,0.26330150722281814,-0.14136992337139279,0.2147382609026014,0.6989313449984368,0.83325
LU2333563281,0.3563078733339249,0.3731851623508673,-0.15580906903278746,0.31283496954332846,1.0163164148836408,0.851875
NO0013597419,0.3052221344111733,0.3955692262244605,-0.2194590628897344,0.25350779273713503,0.9986101416585202,0.79225
DE000A1K0235,0.21159524158046622,0.2727745887773132,-0.174670399857629,0.18406354927460605,0.6905933958745891,0.7901875
CH0013396012,0.5553914137790105,0.6485962343500229,-0.2464907148534825,0.4412174474274849,1.7259297806529608,0.8355625
LU1704650164,0.26871527660889893,0.2405797569626578,-0.07920554376713525,0.24793603044542883,0.6887758975775996,0.89025
NL0012817175,0.033118586326528185,0.23747852047317664,-0.30661860214578085,0.007112049140292041,0.4567753263283329,0.513375
AT0000A3EPA4,0.010406469391533082,0.2576838112253208,-0.34721477188993694,-0.021068911088507454,0.46535507918872104,0.461875
FR0000039091,0.2136365611714991,0.26286763381922773,-0.15761716813560636,0.18525175074867167,0.6782901616143393,0.8101875
DE000A0JL9W6,0.3485506162181388,0.5239917410527729,-0.3024687973840183,0.26538222957389884,1.2661365205719324,0.7555625
IT0005138703,0.551220709798198,0.5394060698147386,-0.13722195307931118,0.4645307795501268,1.5337189546915968,0.889875
GB0002074580,0.5054644974273285,0.28041338536490285,0.09799273595480273,0.4801813635101964,1.0030093034491054,0.982375
ES0105836003,0.5539776184876753,1.030097281878207,-0.44085699923782057,0.3405095096763431,2.2206506535534007,0.721125
SE0022062196,0.07766675786220785,0.4739673172680274,-0.4700396333228835,-0.0014308258910853179,0.8935199854558509,0.49875
SE0000163628,0.16437579067780794,0.22934351269290693,-0.17208621260813348,0.14526449634292232,0.5617336401864547,0.768
CH1110425654,0.28533686086311477,0.4774374257084343,-0.3180919629813201,0.2153693987810812,1.1300258172024165,0.727875
ES0105521001,0.3647631098846922,0.6173946804697246,-0.3580115322071894,0.24650736948497215,1.4931142894800695,0.7145625
SE0028000190,-0.01711864531721562,0.34668141713685124,-0.4546419045672277,-0.07182337861119988,0.6078475466715151,0.4014375
SE0015961982,0.20384033550057348,0.30474510076206035,-0.21989093946691063,0.16984780389437115,0.7461240913049102,0.75425
BE0003874915,0.32350043014601243,0.31074668487135576,-0.12111651162864083,0.2878595699521955,0.8819717878167004,0.87225
AT0000938204,0.15755324015046746,0.3833020009532403,-0.3441611884514981,0.09975448883855342,0.8452002573920214,0.633125
IS0000000040,0.38742481915725796,0.401788311367879,-0.1555000247396391,0.33112285104291805,1.0901735658916336,0.8604375
NO0010073489,0.29423447798282326,0.2909280642427922,-0.10974823042096406,0.26383625700190905,0.8069110448056004,0.8666875
CH0011178255,0.28918328277837485,0.6267598127112985,-0.4365589765902174,0.16941874247681066,1.387150939297817,0.6505
BMG850801025,0.13998862486103367,0.2888312543588693,-0.25485724854409253,0.10312711259528395,0.6506586006152474,0.6735625
DE0006292006,0.5285859537403663,1.0920975822068248,-0.4533239033606716,0.31535242113733486,2.172172776565652,0.7034375
GRS470003013,0.518556824628872,0.9536435636535104,-0.4493063470058052,0.30208557589503726,2.1629296533885745,0.7013125
BE0003818359,0.3289550168360604,0.3548897126644415,-0.16194744986063955,0.28437035830612956,0.9553634774371885,0.8459375
IT0005043507,0.21808406730796145,0.32881110458045826,-0.23059069986781572,0.17831593023712633,0.7859743374767464,0.7560625
ES0105251005,0.37184414069768834,0.3030251559263709,-0.05440444772882371,0.33713084565929563,0.8961109609385929,0.920125
SE0000117970,0.2100792389145846,0.38238703845991023,-0.3045192706212081,0.16213854448357895,0.8982661128795963,0.700125
DE000WACK012,0.15051152242861504,0.476790959416876,-0.4257822126178262,0.0644903492086705,1.0202983137392319,0.570125
FR0000053225,0.13493666054249262,0.2809818037595913,-0.26152398876360705,0.10586897354942906,0.620339771183168,0.66975
NO0003921009,0.29980478319198234,0.4255630886363717,-0.24217130458552485,0.23864074842957692,1.0482552002795942,0.77225
SE0002626861,0.5447640312176084,0.9631056344197901,-0.45403185122151035,0.3281586690023456,2.2885896538054977,0.7129375
GB00BN3ZZ526,0.3139065988865384,0.2789616554820675,-0.0870677462226598,0.28771005272630557,0.8029746178460566,0.8919375
AT0000609607,0.28005809666507475,0.2865193889031187,-0.1266564900124314,0.24883310935673325,0.7856768575453976,0.8590625
IT0004729759,0.40313361244177337,0.3875058090459785,-0.1213725501398129,0.3566827365952663,1.0780225984986973,0.8858125
NO0010657505,0.3363770031852763,0.3496480549463848,-0.15184007443417474,0.2975844368869045,0.9579345057187756,0.855125
GB0009896605,0.3667035154898136,0.3969318727853501,-0.1439254096275236,0.314016367694896,1.0380606050051155,0.861625
CH0371153492,0.35306799004424133,0.4039314107330998,-0.18029428528871205,0.29702892880366255,1.0563354684760615,0.83825
GB0006650450,0.09880755425551475,0.2556604858638811,-0.2631412790591339,0.07098799598172394,0.5552415817401419,0.624875
NL0000852523,0.3339723562058711,0.29786882124203884,-0.09392008367452886,0.30365546538881233,0.8684351471054479,0.890625
DE0005104400,0.5113939615363571,0.37341708487141595,0.00711391397831127,0.46353795975190226,1.1835890378881169,0.952625
IT0005119810,0.3199947665589169,0.3873165469445592,-0.20449904173686642,0.2715443099276752,1.0114840988889013,0.8120625
CH1263676327,0.22347340800427498,0.7781675107405086,-0.33657443230152656,0.1475910905738159,0.9825738039418868,0.670375
DE0006083405,0.28488643231226324,0.3293298737021681,-0.1764230653463497,0.2473409019991583,0.8632430344644063,0.8235625
AT0000A0E9W5,0.47496371894726636,0.3560226499732716,-0.03176589640292593,0.4342284216681262,1.1106384560153124,0.9371875
SE0018012494,0.40900958455564856,0.45156989911076517,-0.17949316002589957,0.35036505432315573,1.1829494440916137,0.8511875
FR0010386334,0.4323878181910858,0.37669530923750927,-0.08109852684900232,0.38791851804361954,1.0910495207638498,0.90775
PTMEN0AE0005,0.41763590415114593,0.5574037735119081,-0.2682326224483032,0.3291258755772699,1.4013237181518747,0.8021875
FI4000507124,0.1759942847841514,0.3977348215946687,-0.3347666204587445,0.11735247818826144,0.8651158020140961,0.6466875
IT0005246191,0.25486528479370135,0.3716631634616028,-0.23675825184693736,0.20272253820559422,0.9136704565960346,0.761875
GB00BK9RKT01,0.22606379123247486,0.23554882632438187,-0.07059597860874525,0.2098033291142682,0.5712963174071396,0.8891875
CY1000031710,0.18505151198322312,0.5519776580905857,-0.4595480395330711,0.08809710614794905,1.1635327091240781,0.5860625
ES0134950F36,0.3137107067812533,0.5215134350096632,-0.22407760587682918,0.25801938361666876,1.031621605613713,0.799
GB00BM8NFJ84,0.3487950580716139,0.23140994413546662,0.009515855126988555,0.32870904376860094,0.7497630219998129,0.954375
SE0009858152,0.7618260344163081,0.4836881285826658,0.08919926117770761,0.7036237614421136,1.635443564204366,0.9721875
FI4000349212,0.3513967119410123,0.9709402676248964,-0.5258829087398629,0.1619168079389497,1.7914029437588583,0.619375
IT0003549422,0.3999117602971022,0.3069202887245436,-0.03816026297202294,0.36806309048798536,0.9429522735398015,0.9291875
NL0012044747,0.7050020992670446,0.3736419978331388,0.17842382901129464,0.6643355950058267,1.3643031619081978,0.98925
SE0007666110,0.35522954263143,0.5544255793064606,-0.3147437641974577,0.2618097015165315,1.3397346638680494,0.7454375
CH0003541510,0.15693555808142767,0.4070235534974598,-0.3581813994586964,0.09522342935524483,0.8754848838643752,0.616375
BE0974265945,0.5322188848001629,0.9812891640776196,-0.45394751987915294,0.3216478414172418,2.1656084421800257,0.7081875
IT0005521247,0.29210561822743636,0.5695116104953528,-0.3793504699431014,0.19082242699924132,1.3150620333522065,0.68325
CH1425684714,0.5485630067799971,0.4107375417051464,-0.006999556159193367,0.49753465480120374,1.2646035488089407,0.947375
GB0006640972,0.46649985362354934,0.43183715467494876,-0.10243005336647829,0.40526017177758594,1.2488206461094666,0.899375
SE0008294953,0.3962877296233171,0.3826258444784906,-0.1279152274588752,0.34630625650540303,1.088415293971401,0.88425
IT0001128047,0.08699811158586948,0.42334584127238695,-0.4336935474743232,0.01676220304591246,0.8266074120464761,0.521
SE0008040653,-0.07304398346443021,0.41399503025453854,-0.5634116174050461,-0.14898869417437288,0.6675620940703052,0.3346875
SE0023615885,0.5096501843972577,0.31130852622527955,0.06346601244795858,0.48037619595965103,1.0512993478506603,0.97125
JE00BN574F90,0.10902146074076441,0.16814992204496532,-0.1403010611949766,0.09584905654838691,0.4058789408956254,0.7419375
DE000PFSE212,0.3133945728902717,0.5512721539425374,-0.30910455617874566,0.23115828033186586,1.1971974466058317,0.734
IT0005455875,0.3133611395488227,0.25987665909147445,-0.0640604207483228,0.28856388194746896,0.7698112113639677,0.9105
DE0005565204,0.40157047570118914,0.33581866899533014,-0.06539514314330812,0.36363679535761995,1.0059622417243301,0.91775
BE0003555639,0.19276634592336944,0.39533134542628173,-0.32086884290956735,0.13867644688708358,0.9051720596275661,0.6699375
IT0005453250,0.31490864810248326,0.3954188789865835,-0.2138667952656247,0.26011318106029024,1.0266627218278848,0.804875
DE000NCA0001,0.34074830167174347,0.3271548911012881,-0.1061215481882087,0.300834837639216,0.9123479120906984,0.882
CH0023868554,0.16252460876657177,0.3452832547825563,-0.3030123769044574,0.1137032552745561,0.7784413023309809,0.659875
SE0020848356,0.11000001877613272,0.38413303449118563,-0.3746046178976703,0.04630385496688829,0.8076865369810537,0.5629375
CH0315966322,0.4993561150707393,0.7244858087798988,-0.3456268338557081,0.3648667509297323,1.8001329336044118,0.768125
CH0406705126,0.3028347552172561,0.411597465969019,-0.24320436132897202,0.24155214723272622,1.049237096242372,0.7788125
FI4000476783,0.2842819403716491,0.9127557941305974,-0.5399493238908459,0.10049937442997592,1.642199373984418,0.5804375
NO0010715139,0.43195661087100123,0.30282227596555666,0.007497884673105132,0.39967969315976554,0.9600343143348453,0.95225
SE0013747870,0.5961727267316569,0.6842800924788441,-0.22831202911899168,0.4734595201918642,1.806174057460336,0.8486875
AT000KAPSCH9,0.7435973961352516,0.6308723112403338,-0.0700585015733425,0.6437850822821822,1.868993389640487,0.9278125
NO0010196140,0.31262899038327013,0.4132127217510463,-0.21010373189294326,0.2574815209653224,1.0013096157359764,0.8046875
IT0005054967,0.40829532238945604,0.3787273223144063,-0.10202031986922577,0.35894855795626734,1.0893690174274666,0.89475
FR0000131757,0.20717953597074845,0.38602332725554894,-0.2729461957961317,0.15705270980693464,0.8440077710849605,0.713625
IT0005107492,0.2372943938687918,0.31697344464686733,-0.1978539999838871,0.19834539263069106,0.8063030880906579,0.78675
DE000KC01000,0.015725217123243398,0.26088892555212057,-0.34848741213425005,-0.014945566354694002,0.481163056974785,0.4759375
SE0015962477,0.4182661646341771,0.5082577762467443,-0.22489608844697595,0.33645697251241524,1.3171124137651027,0.824125
DK0060083210,0.17475330364349453,0.8770947000132508,-0.5813658086907999,0.007954244250964486,1.451862030667323,0.5064375
GB00BZ0D6727,0.42791534938904424,0.2785221778905219,0.02179179894772699,0.40125876389814985,0.9230098964251471,0.9585625
SE0007158910,0.3667950290405923,0.479548178209746,-0.26074786966215063,0.29200977124114647,1.2218367115424853,0.7895
DE000A255F11,0.29354104233367095,0.48406916591078886,-0.3186810838320764,0.20960821419815218,1.191098625978746,0.721625
SE0009921588,0.21491719054687244,0.40208512231374993,-0.3094476353983601,0.15633111993415627,0.9369645555222362,0.687375
NO0010735343,0.25245949310481086,0.34742905790585704,-0.21877053593853396,0.20840364983837134,0.8657232031272666,0.778375
FR0000062465,0.5103786574261018,1.1685291161781168,-0.4621680356477579,0.29022888509456735,2.149880819918905,0.694625
IT0005186371,0.49822631495331393,0.45011129396724575,-0.10540276215828459,0.4353051278705167,1.3224397361058253,0.90225
NL0015000N33,0.3179616019038148,0.24685926336011424,-0.04450527038906003,0.2953840313524576,0.7481850418976003,0.92425
GB0004915632,0.210512263779818,0.26532565868086494,-0.16703202027308967,0.18364395642411607,0.6786129001616167,0.796375
ROMEDLACNOR6,-0.047845493981112146,0.4467156207984516,-0.5159865192443259,-0.11292189873382505,0.623410391606189,0.36225
BMG0702P1086,0.3368586272488764,0.47505722443107173,-0.2853414043516651,0.2616208237605525,1.2045360015756954,0.766875
IE00BD6JX574,0.23822979078958195,0.36457312761652927,-0.24765103682076667,0.18871482407186774,0.8867591268670664,0.7470625
GB00BNK9TP58,0.4087425073354134,0.2448210011935878,0.04591819735259827,0.38843514034140336,0.8388595848398303,0.971
IM00B7S9G985,0.3530054069367664,0.33404665144085416,-0.1170348351275556,0.31379578925475105,0.9633206149721668,0.882375
SE0012141687,0.3982679547074546,0.4899637770481084,-0.22689193018897177,0.32337710550467746,1.2799688403453944,0.815625
IT0005600249,0.7565688275173684,1.1876664024318835,-0.37482233381905733,0.5078565856530753,2.6955731656577617,0.7923125
GB0002418548,0.29928583648903073,0.2885542772191868,-0.11203424900009783,0.26732010486886004,0.811176624927204,0.874
ES0109427734,0.13603870674403823,0.23107668503505271,-0.1917514707869341,0.11271671236207634,0.5454768626671654,0.7195
SE0022726485,0.3533125910833622,0.46279993762152266,-0.24241191169965148,0.2846000655505849,1.2007501948384594,0.7895625
NL0010583399,0.3320395717075291,0.3112229116437726,-0.09806147280846651,0.29353232230132176,0.896987112211227,0.887
FR0011040500,0.3854238140058502,0.3360622824140583,-0.08048914236626772,0.34551827254530537,0.9843313461488095,0.9070625
CH0006372897,0.5411610113288016,0.4123456241442049,-0.03585821395019243,0.4950442176626505,1.2536002120578555,0.9368125
GB00B1ZBKY84,0.31111973302814183,0.2498876038350877,-0.05297661194936337,0.2886332998777721,0.7498301794887586,0.916125
BG1100003166,0.24621369982738173,0.5215260719600576,-0.3923605825293093,0.15331454956436358,1.1815817775858712,0.655875
PLPLSEP00013,0.05301175966651402,0.4344566476366463,-0.4794477611662522,-0.022093361059370487,0.835577281152393,0.47525
CH0478634105,0.5494111982798207,0.9595546178945851,-0.4448808656222863,0.33749221740590785,2.220785450958335,0.7251875
NO0003572802,0.3165232990579562,0.522473189153711,-0.3123345345218064,0.2298667137677075,1.210771498271942,0.7391875
SE0020356970,0.3646064373964573,0.43363613114366645,-0.20824773936901325,0.3062812314648927,1.1337860567347142,0.8205625
DK0060124691,0.3055133948189706,1.240723943566017,-0.5320916351653475,0.10712653807721427,1.700295482715535,0.588
GB00BRJ9BJ26,0.22112100251489744,0.21670456313002953,-0.09960876406595875,0.20449469721197794,0.5979627937074804,0.864875
BE0974274061,0.3762000130594343,0.3827859221971317,-0.14487419112998834,0.3266077361277383,1.0739945245529379,0.868
IE00BJ5FQX74,0.301312762051307,0.28700560340172804,-0.10633303134143986,0.27223047922168275,0.8027624711086001,0.873375
FI0009000665,-0.0030400532302864557,0.26379990628819505,-0.372005818653674,-0.03572704162221202,0.4766189586644842,0.4385625
CH0039651184,0.8829550374123567,1.302178785206048,-0.3292235224197676,0.6164079634320724,2.903517132931812,0.828625
NO0010379266,0.2854574626032284,0.3573367464415224,-0.20711784725802915,0.2433114233891848,0.9128397932491645,0.8036875
CH0386200239,0.3047764618508247,0.4638034156246969,-0.264387900344033,0.23666867518313778,1.1130749934919182,0.7595625
GB0001859296,0.31204891938878554,0.23978730975428267,-0.03584659702925252,0.29133308836399074,0.7367585145963361,0.92825
DE0007276503,0.4417280365791983,0.5525955716995695,-0.24367580152620574,0.3532384808761134,1.4233535579005767,0.8178125
GB0003452173,0.45439519229619785,0.4862503447050797,-0.1807973698607782,0.3830444098363096,1.3221852353240473,0.8601875
SE0017160773,0.1800534380876085,0.40898264376447496,-0.3543618871661729,0.1153149227872564,0.9167455705181137,0.644
AT0000758305,0.4805964431156084,0.41300793556490556,-0.07597177956999335,0.43013639794706265,1.1985114867897366,0.914
FI0009013114,0.3194141568205237,0.43851345708009565,-0.24953137971867012,0.2618807694831869,1.0861563562196357,0.7843125
NO0013052209,0.3979850711109253,0.3793663387484319,-0.1211901321700799,0.34845352462378504,1.0762314988652013,0.882875
HRPODRRA0004,0.3290420128285552,0.5940447464751597,-0.3763100836502633,0.21589895559111016,1.4102247513429265,0.694625
NO0010791353,0.14288505557021344,0.5137036337354776,-0.4550626094461924,0.0486703203142792,1.0367272938056453,0.5504375
SE0011205202,0.7607814544793424,0.5770373953393111,0.031681608501866285,0.6867490959772418,1.7205355900012016,0.9606875
FI0009000400,0.02278467958420599,0.35689736375936576,-0.4342570512802527,-0.033328986722583234,0.6591595158462882,0.45575
IT0004720733,0.5563929195350391,1.0022150224010011,-0.4471583672452254,0.3362946710641189,2.25053699945101,0.7224375
FR0011476928,0.10013363942894375,0.3241123429508686,-0.3323485419717458,0.0560345083419032,0.680440989197233,0.58175
NO0010856511,0.4325612268479821,0.4191210071562722,-0.13051024308249956,0.374915097170632,1.177237720284094,0.88125
ATFREQUENT09,0.1794514415307986,0.35599640849779185,-0.29490477187423647,0.13141023339543473,0.8407986858892934,0.6745625
GB00BJ62K685,0.2723657340559996,0.2435835084456613,-0.08233669240116225,0.25139374261401615,0.6988920483364741,0.8890625
SE0005999836,0.5881073485437769,0.5544229599927989,-0.11267280864905296,0.5000996745035944,1.5748675597519313,0.90225
GB0004161021,0.28002190915619335,0.2716330421174522,-0.10768027117257631,0.25452949937646624,0.7520385215456775,0.8739375
GB00B82YXW83,0.2923093238893898,0.2658022237168122,-0.08834586055033082,0.26829253264092956,0.7535000989292151,0.88775
GB00BN44P254,0.46670333384352775,0.26428113205004566,0.07112739449654194,0.44626400748032247,0.9317683407506632,0.9770625
NO0010816093,0.14227969769973509,0.28854972265706624,-0.25950178015494013,0.10780477634802907,0.6593768080685023,0.6731875
HRRIVPRA0000,0.1542216439787146,0.5484835221024313,-0.3737659375527084,0.08641030026639182,0.8748449201289775,0.6105
SE0009663826,0.3554419490190146,0.5578814715044123,-0.33457612814137555,0.25970176564584446,1.3633997154175779,0.74525
DE000A2YN900,0.5000468471629963,0.29462100933607627,0.07534249457283425,0.47101596163448756,1.0089554985916092,0.9773125
DE000A0ETBQ4,0.29803242747186776,1.5723425998043203,-0.3024272241167448,0.21457889124188623,1.0984507288022605,0.7321875
GB00BKDTK925,0.4929115474735462,0.31836600337855026,0.044707644106187897,0.458903337326968,1.0555138597396763,0.966625
FI4000567029,-0.10127384282264922,0.2709690176273438,-0.46753687267918786,-0.13882209176146576,0.39093074812445433,0.29375
GB00BQS10J50,0.5855144732804961,0.46661759016643006,-0.04404192823684847,0.5233346743320855,1.4221517437551419,0.93375
SE0017769995,0.5476463640293472,0.7229862302857275,-0.29451608693392933,0.4167515057856376,1.815482725816896,0.8030625
GB00B0CY5V57,0.412786294019318,0.3614312220023021,-0.08106377599909231,0.36280437514219765,1.0578508597106968,0.9071875
SE0000950982,0.15521512427899803,0.47075678845125274,-0.4238235757577709,0.07501830435172431,0.9973175268705236,0.5835625
NL0000888691,0.49267352932250014,0.44992233006274157,-0.09230776606222692,0.42870811862261216,1.276858677411319,0.9066875
FR0000053324,0.3291636690911759,0.33321187630860405,-0.13446713376961855,0.28978967548125567,0.92616181322312,0.866625
DE000A0HL8N9,0.16538283950221017,0.4545502528467568,-0.4011463345257271,0.08865529364145805,0.9844344725217343,0.6046875
GB00B2863827,0.4142574519056135,0.27679370987655805,0.012181919973487552,0.3879085962722595,0.9147343520422964,0.9554375
AT00000AMAG3,0.22667345760115645,0.38446906846130685,-0.28089774990880967,0.16939054684275204,0.9264936749715695,0.718375
NL00150003E1,0.35747880836378465,0.3676255797142922,-0.13883988920514764,0.30977090898589044,1.0040809591489144,0.862
PTALT0AE0002,0.2061257744649773,0.32682214929986525,-0.23675200876883995,0.1613540280230587,0.7980707009430652,0.7344375
GB0007538100,0.4135604422495411,0.4228618964182374,-0.1477008640894581,0.35434499445310064,1.1820489195576869,0.8645625
DK0060055861,0.4988586770732714,0.6219832682341574,-0.24945685302504092,0.3968549248337844,1.582068955513,0.8209375
GRS469003024,0.07829925986272558,0.3361656266394704,-0.36869115896690324,0.030612764315780312,0.67943702585791,0.5439375
GB00BVZNY531,0.42487695615058707,0.3696772362959949,-0.08108155216315717,0.38394837344828614,1.0865618030697934,0.9056875
SE0003917798,0.015075714440626513,0.3477554417837879,-0.42965043946664994,-0.0392422508972696,0.6389497254644788,0.441375
SE0016074249,0.3505502537731676,0.39242987006277014,-0.18026169380858925,0.29658854518483235,1.0739247648183532,0.8370625
DE000ZEAL241,0.5293608892445784,0.4855501446190318,-0.06564615839294,0.47428083215541084,1.2994491941877642,0.923375
FR0004050250,0.7480457455493493,1.1284756046321867,-0.378440805911772,0.5019901588695184,2.645466249883459,0.7856875
GRS204003008,0.2717775641721122,0.3082776515902461,-0.16354429035783366,0.23958241113889545,0.8273761952266123,0.8288125
GB0001638955,0.0416728593238137,0.23405472423886708,-0.29371671800534593,0.018847604240215327,0.45592707661969645,0.5355
SE0009216278,0.5006118565629587,0.4394505128410995,-0.09797298114589319,0.4423940034764364,1.2900847597268057,0.90725
DE000A3H2200,0.1454983110218254,0.336574167398388,-0.31173341401840415,0.09850436438986501,0.7575273698076742,0.644375
DE000A0LD6E6,0.34853626965314216,0.30563598618671267,-0.08240605216579291,0.31774484653162305,0.8715333519800439,0.9040625
FI4000252127,0.39868976437265263,0.6687130186753542,-0.3769343204708364,0.26154720642059326,1.6206736683595835,0.7174375
AT0000644505,0.15200587155368275,0.3343447532800881,-0.30445070657706486,0.1071067937101505,0.7630718738302406,0.6528125
DE000JST4000,0.43140647682827715,0.4448162970621398,-0.16009439457301752,0.37011410044458615,1.2308747963641093,0.8691875
CH0325814116,0.460926858495405,0.45495802702467886,-0.14067466203389462,0.3992714743925794,1.2557572764267153,0.881625
GB00BG5KQW09,0.3267643601045166,0.4707879333840537,-0.27981806447846586,0.25577244192542714,1.1752815516056203,0.7665
SE0000936478,38.3040547866962,959.407774776026,-0.9346509592391685,1.2083061793291836,70.86295214375001,0.658125
BE0003898187,0.1979955315142886,0.5523391673239656,-0.44267653705865506,0.09690076302221176,1.1831889809072942,0.5955
BE0974499312,0.311604488707119,0.4681158425833362,-0.2751053918800226,0.23641350809859749,1.1524932512645323,0.7493125
FR0011995588,0.38594947473554503,0.5152466917935686,-0.2599316242328557,0.30473202247151765,1.3066461568318697,0.7895625
SE0017769847,0.4209179835956901,0.5027409566275839,-0.2140896067456523,0.34512597014964275,1.3046526599796036,0.8281875
FI0009007264,0.178934372589566,0.3923443681672889,-0.33403006453940953,0.11935044340673445,0.8864395722991948,0.6535625
FR0013185857,0.6472549521478578,0.6698386412130694,-0.17317396830222492,0.5307337158321985,1.8350995843641742,0.88125
FR0013233012,1.0199811721405387,1.002578960400001,-0.10042690955729804,0.8276526473227606,2.72352265108356,0.9209375
DE000SAFH001,0.24105828313861724,0.37037570275280945,-0.24463815512617976,0.18965804879722126,0.8882843780796936,0.7464375
GB00BMT9K014,0.3236251678668049,0.24011293232774106,-0.028318681083560317,0.30447310372173114,0.7442945599139488,0.932875
PLNEWAG00012,0.24868059537803122,0.560867584698541,-0.42895954545560844,0.1460750653915016,1.2605594318505826,0.636625
GB00BPVDXX64,0.2171073233677784,0.2697879203903288,-0.16548553720296377,0.1874432706355893,0.6883263291382408,0.8058125
IT0005373789,0.4822700145191851,0.657116058544178,-0.27880960310089686,0.3645625858060615,1.5863068999247252,0.7995
ES0105848008,0.3488469483268733,0.4513305262360353,-0.24057700271274848,0.2815588056454291,1.175630402029048,0.800875
SE0006220018,0.461521206083471,0.5104471970295907,-0.19401438664465767,0.3819125659028757,1.3763916065625261,0.848875
PLATPRT00018,0.16640278449211143,0.4235678906876781,-0.3632807219178615,0.09518750607221343,0.9248552747508993,0.6149375
GB00BYN59130,0.2809845139282088,0.3082725859419377,-0.1576851633533798,0.24875347507277296,0.8330002362146323,0.8370625
FR0012419307,1.0817070672045903,0.9186919408925827,-0.04293788407149482,0.9110205094584268,2.798556689240779,0.939625
DK0060655629,0.16556742797753493,0.5405975439004869,-0.4775521217715706,0.06352743721545656,1.1238885510465144,0.566375
NO0003110603,0.49027000266952486,0.6015772252425039,-0.25081542940371,0.3898636358832607,1.553082967560199,0.8223125
IT0003404214,0.2735886059301659,0.5452625912440145,-0.37376835605070163,0.18950667536499521,1.2089497191625718,0.682
DE0007042301,0.24970779449442904,0.8007632726249694,-0.5603710327930136,0.07997376342256507,1.5829057078366924,0.5595625
FR0000038606,0.33250248656395026,0.38343115837003533,-0.1694929421928855,0.2836672391509568,0.9963058018788256,0.835625
FR0000073041,0.2457024267367597,0.3811360729890132,-0.2599034128940601,0.19320402393783637,0.9226276976003104,0.7384375
IT0005572778,0.35995971051815445,0.6068398243410087,-0.3579997112002329,0.2440696193614077,1.4668440994015146,0.717875
SE0007871363,0.8076266058418023,0.4692206981748606,0.15742337942554116,0.7552062739110654,1.6398836103559449,0.9836875
FR0000066672,0.3624505344244892,0.34328643822222404,-0.11425755600202046,0.32202925101405155,0.9669198943183042,0.8826875
DE000VNC0014,0.36598139325865325,0.42884726001815004,-0.1591203294187688,0.3169426128570416,1.0388958580604652,0.856
SE0017483506,0.2324054769078362,0.36699367832445473,-0.25619741277524216,0.18204831288816603,0.8940012548221802,0.7326875
RSNISHE79420,0.330562175844024,0.8354609349697946,-0.5326410346336842,0.13539928560828435,1.814783900642521,0.598375
FR0004065605,0.41122816516587696,0.29128129364110045,-0.013729838529371373,0.38610784650682495,0.9167371520440633,0.9434375
NO0011002586,0.3108497760078925,0.39001920788272193,-0.21648539817223886,0.2581173885813228,1.0038017171708182,0.80575
PLASSEE00014,0.07197396949453873,0.3484301065857312,-0.36360858282411185,0.02544671929110694,0.6634975017870355,0.540375
PTCOR0AE0006,0.2733858105005097,0.2977701086409562,-0.15141195467363738,0.24087906956260813,0.8037943212635944,0.8376875
SE0008014476,0.12550459566656347,0.47555532472224366,-0.4467093021383245,0.04156218292382646,0.9499739125415899,0.5449375
FI4000517966,0.21267072947992677,0.40407770934430226,-0.3169427677413399,0.15077299573943187,0.952373691900464,0.6811875
LU2592315662,0.20877384669288496,0.3183580718401817,-0.22646258682480847,0.1677947377677181,0.7896844331022058,0.74275
SE0007897079,0.41238716916832235,0.6146476187193923,-0.3183745488570003,0.29831974486019086,1.5211838861842502,0.7556875
FR0011466069,0.4281235281633599,0.42264800289979504,-0.13543187356574604,0.3707546404011871,1.1773940399825698,0.8780625
PLGRPRC00015,0.33594556403624243,0.3399310364820486,-0.13340297258405656,0.29379448896031624,0.9335747098692455,0.8699375
DE0005659700,0.6548359966647584,0.5898673762967301,-0.09728296484965641,0.5595678526488829,1.7253443207775208,0.916375
SE0001852419,0.4554928220151643,0.5383038566962083,-0.22778805415853406,0.3607874474895161,1.4309925337327771,0.8335625
SE0013888831,0.30487353313890797,0.5191981439981685,-0.3404098457442126,0.2172953588071609,1.2346115429964257,0.70775
SE0009888738,0.22515575878478689,0.3297865062882969,-0.22377762441190915,0.18342916102732815,0.8162167330165705,0.7561875
SE0001200015,0.5688227517860014,0.38998911706924677,0.03248995388917254,0.5256509814784736,1.2359694152333451,0.960875
DE000BEAU1Y4,0.48743540908100214,0.3456173678230587,-0.0031349653326646783,0.4513551843473268,1.1069586199861983,0.9486875
CH1107979838,0.42570371965425324,0.46670619128008695,-0.15932661634102788,0.36380444712602167,1.223919280498583,0.8626875
NO0010886625,0.3489354655383014,0.8861374283478579,-0.5220396978193645,0.15998218346907056,1.8150361041563294,0.61325
GB00BL6NGV24,0.3369609786539065,0.40386826727617975,-0.19371525196568118,0.28419053255109195,1.037924220453607,0.82325
SE0000233934,0.43963291481019734,0.608150781623551,-0.29816988793107047,0.3352579471650883,1.541695206287851,0.7821875
SE0003756758,0.4087439758927636,0.3854801177071003,-0.11755882735754354,0.3617267905490416,1.09344475868642,0.8861875
DE000PSM7770,0.4912843669001115,0.38289674077127445,-0.044394940294389736,0.4441447937185179,1.1914561325092763,0.9301875
BE0974310428,0.2293752290838579,0.3787215540063365,-0.27108572778411916,0.17203302650084146,0.9161075059906374,0.717625
GB00B0130H42,0.3771558138734491,0.45485770130818143,-0.20195736923861313,0.3085991570706552,1.1626131009491798,0.8260625
FR0013451044,0.9829824324285766,1.2192378429814146,-0.2794213428645365,0.7086212011631667,3.112653796583467,0.852625
PLTRFRM00018,0.3289857048760217,0.3504810773514542,-0.1527521659282524,0.2880324904682428,0.9620146710881307,0.84925
GB0008794710,0.8513811172029984,0.6512540220240713,0.007685705254355513,0.7458539088840888,2.03768433634713,0.9514375
DE0005102008,0.3298438576265045,0.48094667190381757,-0.2690185810305331,0.2566241329710951,1.1672458850694778,0.7684375
FI4000306873,0.3514179404644729,0.38888764185739183,-0.17649926622392723,0.3011230818642241,1.0511376119021867,0.8394375
SE0004840718,0.49650872177931366,0.41566473344546645,-0.06581494699462212,0.4442846182902156,1.2239458772896594,0.92075
SE0012729366,0.38978767584592944,0.45404778406780777,-0.15904533952984312,0.32707475630386734,1.1394996575330156,0.8563125
SE0005999760,0.04041015020811983,0.3507651331268531,-0.40679781898837825,-0.014856133526086179,0.6484212279151904,0.4806875
GB00BKRC5K31,0.49557279698295786,0.3120488320910115,0.05202608591715362,0.46330533413601205,1.0516126814846638,0.968
GB0005359004,0.6150316647565999,0.4225171429272666,0.03235634940768595,0.5608929346657667,1.3744501228605706,0.9608125
CH0127480363,0.16661560679448376,0.3126222561513691,-0.26399801236446685,0.1296620097338722,0.7222020843230144,0.6935625
GB00B6XZKY75,0.36205458993144984,0.260978688944282,-0.010803198220054584,0.3358975140479715,0.8157144799556808,0.9441875
NO0003399909,0.18222212400752655,0.34445553677891577,-0.2975425047468785,0.1381605666144251,0.8006729394900534,0.69125
FR0000065484,0.4295152669916558,0.3746051054098431,-0.09372826780401443,0.3836289433053097,1.0981586758220885,0.905375
BE0003858751,0.3432280641810057,5.755688330476801,-0.5373587861372839,0.10961240983957031,1.6934056891860272,0.58275
AT000000ETS9,0.5273017780800745,1.326376651054714,-0.45372055503310604,0.3112528797901193,2.096171851694167,0.7054375
GB00BWPD4D87,0.41051288557851445,0.486192499312382,-0.21808814426539047,0.339720959970638,1.2864225838724879,0.82375
SE0009160872,0.32587744331230256,0.5562869153882182,-0.3586565801160411,0.22815121444640504,1.339390298844995,0.707875
NO0010840507,0.35750800231991103,0.5228980848212492,-0.2789270433040527,0.270308791356432,1.2785101616756336,0.7675625
NO0010863285,0.1825277024477346,0.30049588298962826,-0.22806602407347634,0.14897991926148826,0.7027991999014115,0.7308125
IL0010958762,0.46269447812503667,0.6285749677121799,-0.3021188091798785,0.35074912841191164,1.5889423125969342,0.79375
FR0004186856,0.34704145972906575,0.4386182269405119,-0.228838973782229,0.2839448685394782,1.1369624754308474,0.8005625
IT0005411209,0.41165924272827825,0.44906767541404935,-0.1801546543677829,0.3473577048005909,1.2277615459237372,0.8495625
FR0004045847,0.26394668618999123,0.5086011761836803,-0.36027044234227984,0.1732126442247485,1.20445768272708,0.6780625
IT0005594418,0.18972666024991233,0.4899502200632838,-0.41232401819746684,0.10387534968525933,1.0843347981103293,0.6085625
GB00BDFBVT43,0.4826557191940186,0.3760162263841203,-0.038225060994292084,0.44092684020432954,1.1424353252279427,0.9324375
DE000A40QVM8,1.1158184985025146,1.0549471508338613,-0.07319788812430014,0.9130802330315955,2.978790744368094,0.9311875
AT00000FACC2,0.2019401805028686,0.3615319342437915,-0.2832679364168735,0.15137514177476663,0.8609305805176246,0.70125
GB00B2PDGW16,0.5011181769254144,0.26905735781444395,0.10442796113135953,0.4777961398513664,0.9739346566520597,0.983875
SE0018040677,0.1925647444046332,0.43224291506137136,-0.3664884659450982,0.12540226852245112,0.9738371897577536,0.644375
GB0004478896,0.1764814734888291,0.2353801820160476,-0.16387246729523328,0.15253149830256973,0.5959163514375302,0.781
GB0006027295,0.2726754667488126,0.27527539072653306,-0.12519645776768346,0.24785163864113718,0.7542717279444566,0.8575
SE0000115107,0.6144988042919599,1.1550154740042686,-0.4317427653137534,0.37932565216438896,2.3300966010285493,0.7415625
DK0061141215,0.41474403709520524,0.44782279357765403,-0.16306899124697052,0.35710117454377643,1.168470614578291,0.8595625
FI4000029905,0.13584589155860347,0.38235095658304946,-0.36434627507998263,0.07838613802446415,0.8215045919839605,0.5965
SE0007439443,0.365200665371054,0.4154419554950345,-0.19090469069820856,0.3072747570576746,1.0978672446419793,0.834125
PLSNKTK00019,0.1533758012990835,0.3274306692934488,-0.2782267285631186,0.1070918371361807,0.735584678986615,0.66175
FR0000063737,0.44330470340164563,1.1514411673348985,-0.18580477069428952,0.3585289623182566,1.2931897199209812,0.851625
SE0007691613,0.762353822662211,0.5041566853969052,0.08075625778284073,0.6979503710736114,1.6513064393602863,0.97025
FR0004163111,0.41491433056939264,0.4405530171679226,-0.16842931783352183,0.35075966146381776,1.1910923506899358,0.8544375
DK0060520450,0.32105607031312156,0.7840955705447801,-0.4878023476262648,0.15591091080905417,1.6542776528389118,0.6185
DK0061027356,0.313569844652597,0.8406346034349383,-0.534436768890266,0.12686060435325347,1.7954240453690502,0.592
DE0007461006,0.20001628186732295,0.2700174048173378,-0.18474476385090938,0.17338548241089596,0.6752106651480654,0.7751875
SE0000806994,0.3282745891884684,0.4683289813227358,-0.24018082138023214,0.25808669537179174,1.1267997028997727,0.787375
SE0016829709,0.3609676156377001,0.4712165824856289,-0.24406987770235863,0.28900833256285796,1.2211287463997984,0.791125
BMG6904D1083,0.3778663999593284,0.5187595433529724,-0.27500273837318334,0.29335967077653813,1.3179362242064503,0.7805
SE0023313762,0.3639013100770091,0.622391375531132,-0.37237606832145187,0.24527687582320157,1.4839233454864091,0.7144375
GB0004536594,0.3263071359226334,0.29480823725582384,-0.09659094448168513,0.29716075618548493,0.8452181914464083,0.8891875
DE0005419105,0.23714702640587612,0.2932270880281366,-0.1703475443694014,0.20161852027692753,0.7533924925532433,0.8023125
BE0003656676,0.2677545081867426,0.357839149599684,-0.218986112450595,0.22239989550957698,0.9099353824007513,0.781625
IT0003073266,0.30685852477765585,0.3089448908283868,-0.13119616823865043,0.2734174411787516,0.8477176195063111,0.8585
IT0005385213,0.6003352696904698,0.6919188692928471,-0.23377147138870402,0.4781718206892478,1.826248901788763,0.8495
FR0010417345,0.5340398008852777,0.9693933199281675,-0.47250322588650995,0.30255628947877744,2.305491350539994,0.692875
NL0000313286,0.30698196990719034,0.6094758183859096,-0.4010550832202203,0.1927462694238993,1.3965787551388542,0.6695625
FI0009900401,0.20356085634397866,0.5890767341364839,-0.4534502987497098,0.09996356086862569,1.1887562196107893,0.5969375
PLJSW0000015,0.08905181741725354,0.4206066025165482,-0.4319737302787614,0.019442238373226506,0.8383136964242743,0.5219375
FR0000032658,0.5485178757155482,0.6264853413845903,-0.23038388116078354,0.4428239344228553,1.6753070728727546,0.8466875
SE0010468116,0.29092944328959836,0.3581120196127809,-0.18232054254225546,0.24613639390952394,0.898498702593156,0.821
GB0030232317,0.33535413790896496,0.29873213320296327,-0.09198021704221541,0.3027482460958258,0.8697495524644165,0.89275
SE0000101362,0.39971070798756914,0.36133750299543355,-0.10193925210951704,0.3575792031043594,1.0469070282127118,0.89525
PLVRCM000016,0.27561143597471793,0.31962889466912386,-0.16890499526857472,0.2367773304090424,0.8555163625061996,0.8194375
CH0276837694,0.06030893447696029,0.3640432669654186,-0.41050713223639734,0.002327750521635177,0.7299184840572599,0.503875
GB0004762810,0.350507792940939,0.3170714110752808,-0.09519094422490018,0.3132417740470722,0.9143872908291883,0.8925
SE0017562523,0.3675671437334238,0.39259318936680343,-0.1587586478098943,0.3192045161897199,1.0598764079405556,0.856625
BMG4660A1036,0.09467079081744346,0.351631673680062,-0.37380939423890136,0.04532959224084339,0.7215323839966863,0.5583125
GB00B1V9NW54,0.41022505939079884,0.38978196489224376,-0.12815140512681106,0.3625121396212456,1.1129355279640702,0.881125
GB00BMVQDZ64,0.4415143290375595,0.35951269280264,-0.06243775106516198,0.397685604372202,1.0661528172026216,0.924
AT0000922554,0.3134464004959368,0.45930212757065086,-0.27148672236517324,0.24261355257918715,1.1324941827349815,0.7589375
FI4000198031,0.6424973440562569,0.7787075584114905,-0.2586026979504765,0.4990659563688822,2.0079863204977,0.837875
CH0022427626,0.2678262885895346,0.3736465842541515,-0.2352116393795643,0.2123991323273789,0.9394425729589188,0.7718125
FR001400X2S4,0.05754614381403653,0.3051237927073344,-0.34776099551485007,0.01957008999056551,0.5869617054633066,0.5326875
FR0000074148,0.3614643404428017,0.49308748910183353,-0.2663392536633684,0.2878716765571999,1.2452669490911557,0.783125
FR0000039109,0.2506109994297956,0.38951574616054935,-0.2721371833664774,0.19907037416871834,0.9440064635178431,0.7399375
NL0000371243,0.09622024563771,0.3843970263102053,-0.4038447984039837,0.03579873179335174,0.7970299069662072,0.5473125
ES0130625512,0.3962763830061979,0.3103229329999602,-0.04901891669185934,0.3650408789030565,0.9455105577317736,0.9265625
NL0013654809,0.2731069102147301,0.2995330360608993,-0.14760402065567702,0.24242039930170362,0.8127321582697753,0.83725
FR0012532810,0.5197194168999375,1.7965270570640421,-0.3455990644905555,0.3555177973339822,1.8314547744220435,0.7620625
AT100ASTA001,0.5058214590649126,0.604663894412,-0.2472720367357385,0.4038913318485362,1.5942372190442733,0.830875
DK0060696300,0.22027610768193115,0.5377594435738133,-0.41204122424171774,0.1272334154732861,1.1487521174605344,0.632625
GB00BNR45554,0.5626220083224819,1.0192489497390185,-0.43797308452131223,0.34405508786237926,2.2230949653388605,0.7235
SE0005878543,0.246877325314411,0.424240760456656,-0.2900229319514499,0.1784202204994183,1.010105752876318,0.71525
FR0012616852,1.4441248753827554,1.4769015687811,-0.015947821071886307,1.1721003900489333,3.7113134119051234,0.94625
GB00BN0VZ646,0.49965210197827764,0.49642942345029056,-0.15470109478308158,0.42883678549249105,1.389704587001968,0.8799375
PLARHCM00016,0.2466439051162529,0.40647861266557156,-0.292275594126507,0.18673434403557998,0.9839481770274994,0.7230625
SE0017105620,0.6504163377639929,0.5393507360863841,-0.03128264343202361,0.5741173279904859,1.5880639248353654,0.939
IT0004604762,0.13088552228267822,0.28154630815037246,-0.25759923851384114,0.09551991110833413,0.6329935016133489,0.6639375
AT000AGRANA3,0.08833088757578787,0.3695652608213476,-0.3887396781739927,0.03157695926857827,0.7443060927173076,0.5428125
IT0005440893,0.32660372276900007,0.4265037613164054,-0.1951229460468388,0.27334427401231354,1.0132455484049068,0.8165
FR0013333432,0.41056129966477634,0.46266650600188636,-0.20219699262404575,0.34175445494630613,1.2380750340835494,0.8398125
ES0105394003,0.4411857599420429,0.5568599667741801,-0.23195807958167217,0.34576675224893416,1.431556419022643,0.8144375
SE0015671995,0.6535687138056192,0.43250412094358587,0.06391905277563624,0.6008130971295066,1.4258294662687558,0.9675625
IT0005037210,0.3343849643742824,0.6233917330592544,-0.3632504421811725,0.2314056255038824,1.3488640647486063,0.708875
PLR220000018,0.19246775567603425,0.2864673738940513,-0.20836953628501667,0.16261133448260567,0.7021195824090811,0.752
GB00BR3VDF43,0.768917757407678,0.45864227279048775,0.15184047739305156,0.709255283228634,1.585886812082728,0.9835
GB00BKY40Q38,0.27727065707080956,0.31938781892875956,-0.17174927622084896,0.24386511728052562,0.853071425122685,0.82
CH0011432447,0.5735858952857981,0.6212440842831435,-0.20026849770073465,0.4679848319427953,1.670473515102592,0.8621875
GB0003061511,0.6841295194198842,1.8457261785174446,-0.41314245549705625,0.43802120429142066,2.5005969233060825,0.75875
FI0009800643,0.2009386820701927,0.3223442531628665,-0.24001168227753997,0.16468689669884756,0.7654097050448627,0.7333125
PLABS0000018,-0.004747418378671115,0.48470165122874137,-0.5665974345339972,-0.09438439835403528,0.8579951350250307,0.4058125
HRATGRRA0003,0.31920921569271216,0.4942938967014894,-0.29713934894093336,0.24025084492793258,1.2019997251740602,0.7496875
FI0009005078,0.07256617401862338,0.45554608515720324,-0.4706863758879346,-0.013109190501338245,0.8799461586476321,0.48525
GB00B64NSP76,0.23831363325891836,0.32021650105784516,-0.2041069553713649,0.19882445477432809,0.8244828349098896,0.7836875
NO0010894231,0.4514557961724528,0.4663495589821374,-0.16824689053983757,0.3846177695774775,1.2994702792020467,0.8635625
CZ1008000310,0.1794570960321857,0.4327245226252582,-0.3641427271598561,0.1067815383200565,0.9604667472661095,0.625875
DE0005403901,0.497985389109922,0.37002159105884364,-0.028672394287704857,0.45763736987249126,1.1653843911351567,0.9398125
IT0004171440,0.21952616610728756,0.34392041546060487,-0.2556966864726043,0.1765266679103285,0.8359708241361786,0.737625
GB0003362992,0.3586419463826731,0.5965368599233386,-0.3605993022258469,0.24802740018152292,1.440431370850083,0.7246875
FR001400PVN6,0.28563683424793784,0.43905582047096936,-0.28390472805379263,0.21761827424631017,1.0857265013295652,0.7405
BE0974362940,0.3969635466847651,0.40736549569862573,-0.1517183862538558,0.34059953330684567,1.136365646178786,0.864625
GB00BJTNFH41,0.49774001132390017,0.5043724591306523,-0.1607610720932791,0.42034665749365013,1.417179897661247,0.8733125
GB0009619924,0.42229049680564473,1.396099217345956,-0.27021679446589936,0.3175175513602656,1.4140713163827934,0.792875
NL0010391025,0.99652412631618,0.8234888026829726,-0.003298586973352774,0.8542285715540517,2.4826544105854222,0.9488125
SE0015960935,0.27798371609017375,0.4854303875541071,-0.321019493492568,0.1995845047643574,1.1292758033310424,0.71
DE0005664809,0.6807296836974477,0.6238909300090535,-0.08071964022604483,0.5793623435921582,1.760457043537581,0.9238125
DE000A0Z1JH9,0.0857346491317662,0.3501743715835358,-0.3795448731921201,0.03551825828517338,0.7156901941717695,0.5485
GRS541003000,0.3865266753508886,0.7015912266859614,-0.33910100587055264,0.2846316679443992,1.4198659319792875,0.746
DE000A1H8BV3,0.19176371758868258,0.34062430149011996,-0.26766782427551256,0.14641463936645227,0.7997674514325885,0.699125
BE0974502347,0.5117940584547847,0.9133936902892981,-0.45492659866897656,0.31427992450744224,2.1535730926054812,0.7119375
DK0060497295,0.6141236497708323,0.8425805275560941,-0.3229856178280534,0.44437255242121654,2.118368225475114,0.80525
FR0000033904,0.2781811940393849,0.5981260075966008,-0.4217044711287114,0.1630521792723703,1.3475351762278065,0.6504375
BG1100007126,1.0354821471743794,1.4661731728441785,-0.2905085750144659,0.7243994755137686,3.2927442452209865,0.8568125
DK0060952240,0.2869094910561223,0.4208307084454944,-0.27155175655650726,0.22601525705240116,1.0469246884037424,0.75375
SE0009922305,0.37011153666811036,0.44682093605187556,-0.19477352196099,0.30230118261170136,1.1378972181557436,0.828125
BMG319201049,0.5333105867180441,0.6452288866360497,-0.2572338005233832,0.42539788641948484,1.6979548024620874,0.8254375
DE0006580806,0.635370440523936,0.5774177651647894,-0.1206609848807741,0.5472166834818609,1.6806310141043395,0.906125
LU1048328220,0.3861191687142792,0.44741341638976206,-0.18812988313171836,0.32225873343573436,1.1667659303196254,0.83825
ES0142090317,0.35058386925007373,0.518036720117438,-0.27380104320206683,0.265209593919592,1.2493285603588506,0.77325
GB00B2NDK765,0.5330600309752317,0.4169722557933718,-0.03430652513384431,0.4799070525101793,1.2676840329154535,0.9375
IT0001454435,0.27485993479605336,0.44593249621188735,-0.30262545299314986,0.20704743102361173,1.0726529476597395,0.7260625
GB00BMTV7393,0.6325274612572809,0.8199314483597726,-0.27815819389071555,0.48508151640928254,2.0026123506833473,0.8299375
FR0014003AQ4,0.4251239916389254,0.9935793259124658,-0.49634898552695955,0.22500856577002815,1.9912045058841759,0.6505
FR0000038242,0.29750867603726777,0.45857337497562817,-0.29275514543882075,0.22428848590779446,1.1323136995893888,0.74575
SE0025159023,0.40553618661017743,1.337512754590059,-0.5035132269190653,0.19995840405518767,1.9342503600839145,0.6376875
FI0009006548,0.21216972759083236,0.5313442889917802,-0.41734008340009726,0.12212136360759243,1.1276255879732096,0.62025
SE0012323715,0.6662187683637326,0.6426124507481754,-0.14510410061962567,0.5575835791578798,1.8194542840067731,0.8946875
DE0005800601,0.4601427654340914,0.3893313330246002,-0.06634471672484084,0.4132699862299021,1.1446759334376677,0.9204375
FI4000513593,0.2671195464580825,0.40151223835349126,-0.2685638998982499,0.2117748493949066,0.9760815355520286,0.7491875
GB00B0LS8535,0.9521982342657388,1.2943999751392141,-0.2511996267334622,0.7097618185270892,2.9038635225253175,0.8673125
IT0004093263,0.17317431544342,0.39489268124557203,-0.332146922272552,0.11606014595367364,0.8766538060450623,0.6441875
GB0000667013,0.29279839156074705,0.29711586023463893,-0.12705361415106356,0.2619637629252581,0.8225774026406243,0.85775
SE0015962485,0.3239876224462847,0.3466722250351538,-0.14896684995518567,0.2802828932077749,0.9359583587155088,0.849375
GB0033147751,0.46007100887934255,0.3776415836128061,-0.06411364857162319,0.4116806110937339,1.1348616983983222,0.921375
IT0003365613,0.4735083974653646,0.9255419723651546,-0.47642019570297006,0.2608313571192331,2.105709480190009,0.6775625
FI4000592159,0.24594289139762282,0.4275449225561546,-0.31157690593057363,0.18403532085997,1.0087173715406077,0.707
ES0109260291,0.23697329318084495,0.42401772229908935,-0.3044256006106733,0.16984408326188244,1.004857234593024,0.70025
IE00B010DT83,0.5296980084003934,0.6740977952152276,-0.2092783400158555,0.42908344108291285,1.5723100998580284,0.8493125
FI0009007660,0.37911858489717815,0.4921641319632541,-0.25880243789926594,0.30578528645717296,1.250190015431662,0.7969375
GB00B02LCQ05,1.3798790861208023,1.598922983675743,-0.13826805883093946,1.0337833512033092,3.953840622744446,0.9143125
FR001400A3Q3,0.29806228927749023,0.5428156854444744,-0.36183766956267127,0.20266746225209015,1.2608468664760732,0.696375
GB00BZBX0P70,0.3163773696851572,0.2747430144025444,-0.07689854594767243,0.28877537317640145,0.8105302270274459,0.902
DE0007448508,0.5834966502863406,2.136794023627325,-0.4448412179316826,0.35268569842172365,2.274291018443206,0.7265
GB00B0394F60,0.9840300067303583,2.1706149108890136,-0.18810764465021848,0.7730898225318317,2.7327730905396193,0.8955625
DE000A3E5CP0,0.5537060373855275,0.9775756303211606,-0.4470342090775659,0.3371931911698759,2.2434469454197528,0.7136875
BMG4209G2077,0.44600261388938806,0.43235941857024807,-0.13955372511071854,0.38942372857365226,1.2137766439925612,0.880625
NO0010974983,0.06724323075289862,0.4442693721358614,-0.4830766754680219,-0.012913507659410406,0.8677174148418,0.486
FR0014010H01,0.4342126334756485,0.4495133215827153,-0.1771194260198498,0.37049750807135584,1.2533937268005797,0.8571875
NO0010360266,0.4854983108960403,3.1160046463251523,-0.2224953494555494,0.3679394360720263,1.372786687580019,0.8315625
MT0000780107,0.33726801409515855,0.5363502742358331,-0.2958253671490726,0.25540043509090277,1.2397446667798593,0.7501875
JE00BG6L7297,0.396504453103965,0.46811131205506823,-0.21963561467558715,0.32554695002517586,1.2449842859790634,0.8245625
FR0012819381,0.243574298118858,0.5589010575287342,-0.4194077711749529,0.14772786228806006,1.2464950664443841,0.6396875
PLCMP0000017,0.3424930791112232,0.6829183008869117,-0.4382216160802658,0.2103696199939413,1.5442430896514432,0.6679375
FI0009002943,0.3279195948090942,0.4495638770703079,-0.25806811083294806,0.2595506115844014,1.141278826105488,0.7719375
SE0007158829,0.3212542663783653,0.40492836421272493,-0.20643932822525146,0.2620015492117741,1.038784552622511,0.8064375
IT0003428445,0.4192292579590976,0.43490309365731605,-0.1663224213007909,0.3592342483783345,1.1892598050687775,0.862875
GB0005630420,0.3966833656324973,0.34356151367782345,-0.0719777269783456,0.35612863764366887,1.0086686258984738,0.90825
ES0105130001,0.755751444012368,0.5408617733546089,0.031788639656407866,0.6827448816203646,1.7203536343998744,0.95925
DE0007314007,0.630186432474909,0.6900338494489043,-0.20726259715130216,0.5108571862221644,1.8761973022266123,0.8605
NO0010890965,0.2929681183138426,0.4909264183515413,-0.3254505919429787,0.2086070932364464,1.1708996138465584,0.7199375
GB00BN7CG237,0.41813587495101645,0.2832210732557377,0.0070313414479857604,0.39017604845299914,0.9215509748053565,0.953125
FR0004056851,0.9942453909896504,0.8445647869924932,-0.04148355932405243,0.8460698129229093,2.4980159514116,0.9393125
SE0011204510,0.538516108629017,0.9275533818620945,-0.4328758812550226,0.3324143197087479,2.1920190807468383,0.7189375
GB00BV0VHK88,0.584864959018153,0.44697077972256305,-0.022643719637927943,0.5319036534234864,1.3746069691943363,0.94325
CH0530235594,0.5789126617769951,0.8205500829548493,-0.34424400788667975,0.412397723176501,2.0459735406644515,0.7849375
NO0010876642,0.22995499395987054,0.5291387999880054,-0.4174122683492623,0.13901872442938906,1.1827686414628198,0.6370625
GRS543003008,0.32927995180562014,2.0651918374458154,-0.3708254774676834,0.2094312146467557,1.3121057977299346,0.6995
ES01717430J3,0.39085968160959306,0.43159605815310503,-0.18330122814183136,0.32782647370510243,1.175930852613731,0.8419375
SE0022242434,0.35458956536410635,0.4496116959372255,-0.23309627096985233,0.28982649035062036,1.1639541427963664,0.801125
GB0006449366,0.41951387406520657,0.3857468187205368,-0.10020723441026046,0.3688682843118908,1.104647908305936,0.8961875
IT0005528069,0.25975837457455825,0.45423996291809476,-0.3269835403973231,0.18957279991152004,1.088529303677403,0.70825
PTIBS0AM0008,0.33056508972176574,0.4989109195062405,-0.29642145885669424,0.24909797589944127,1.2051246830914482,0.755
DE000A0Z23Q5,0.7188533612235787,0.5591851013101601,-0.0024019106727735263,0.6380762598193394,1.6993459953087735,0.9493125
SE0001161654,0.46514726411905916,0.5939789644387484,-0.26871208548648723,0.3575598298016559,1.5541133106085636,0.8071875
CH1129677105,0.7660773236918137,0.7336443723891276,-0.04719997966397812,0.663150460577196,1.9252314525640313,0.934
GB0002259116,0.20959083232687173,0.3364608119002978,-0.2464010277323392,0.16617336656696824,0.803746990869565,0.7341875
GB00BYVX2X20,0.8024203595634138,0.4410167939286018,0.20109584178507722,0.7478420994150733,1.5768378190896797,0.9904375
DE000A0XYG76,0.32527031195431216,0.6040951460086913,-0.4032961197092234,0.21745542206950905,1.4343406001506331,0.6845625
GB00BTC0LB89,0.6601909196766421,0.482266384892962,0.01044657666656133,0.5965135807097093,1.5166542298553238,0.953125
SE0002110064,0.6201139140915856,0.7167552052631637,-0.2470363777910998,0.4988167683588959,1.8779914814491832,0.8450625
GB00BZC0LP49,0.21493103719989035,0.34921832630342897,-0.24750460061504864,0.16755256088042209,0.8335375834982612,0.7285
CH0039821084,0.3906848180296899,0.8633531945129406,-0.5020271082120122,0.19502540654026662,1.9118386178370592,0.64425
PLPLAYW00015,0.10077673631307146,0.4486884589843327,-0.45138912092034644,0.024347312074719345,0.9127761155270152,0.527625
ES0132945017,0.6281808833074586,0.44615383279789744,0.017562324053450092,0.5704305429783015,1.4269004780320396,0.9549375
NL0010776944,0.3383705703884556,0.4909575199553057,-0.2855452054712896,0.25838956746005043,1.2324162463865704,0.7578125
KYG812291253,0.3665137073017395,0.39835592134108816,-0.17384206660545268,0.31913807363314994,1.070981317008134,0.8435
GB00BLH42507,0.5212116252130278,0.3143579420685345,0.07194772507109275,0.48957269903933603,1.082842618036948,0.971625
CH1261338102,0.13763268079532742,0.5041208377219206,-0.43093931782696004,0.050035319443350115,0.9878082476231353,0.555125
IT0005221517,0.2884439911687421,0.5060977561501643,-0.3269408684313416,0.20766936380667939,1.1744465083957705,0.71375
FR0000060071,0.6261137852305572,1.021663149658756,-0.40316579364046984,0.3896923763620971,2.411304667458134,0.7479375
NO0011012502,0.30014471697061906,0.4426030024658903,-0.27431905331211365,0.2326292261746044,1.0988239638673112,0.7543125
FI0009000251,0.5185145059070099,0.9266879327166473,-0.4649743308114314,0.31021873122729643,2.1930557887078703,0.7078125
NO0010734338,0.3060838842776459,0.5671640889658541,-0.3826349620580226,0.2052382111700279,1.3453638264915286,0.6859375
GB00B1JQDM80,0.46103317369276353,0.4718313967720134,-0.15275619677016036,0.3948729725022805,1.2993039649525853,0.871375
NO0010159684,0.47883658166311033,0.6243082944702201,-0.2653316493907872,0.3642815478023376,1.5895567761634297,0.8114375
PLTORPL00016,0.321261447753279,0.842111473475571,-0.531849399504299,0.13396601264956876,1.7644600034573663,0.5999375
CH0001624714,0.4912735191286452,0.7274667929883861,-0.36639348885677603,0.3501664275804016,1.8184244160817955,0.7625
SE0016829469,0.454017767151048,0.61806356097432,-0.2926514271436574,0.3464736510616438,1.5561386612797936,0.7965625
GB00B0KM9T71,0.5177609886438188,1.0895317497538048,-0.1622981906381849,0.4210189730733608,1.4296887745693991,0.872375
FR0013333077,0.3317176369518702,0.5444000752081454,-0.33107408173031005,0.24118761080326223,1.2917289554079048,0.7324375
IT0001006128,0.15229697017758895,0.713749338018634,-0.5910482717664479,-0.013916121854442551,1.4452124879381076,0.489875
GB00B0744359,0.5769825765003197,0.6427665389193932,-0.1299595899843351,0.4897198908667094,1.5665773703177321,0.892625
SE0028825042,1.225369066576688,1.137959608988133,0.011644626692816098,1.0278702300362792,3.042684904205419,0.9528125
DE0007568578,0.48286057583337405,0.41219723451361073,-0.08746103038246979,0.4304743766191526,1.227538222868676,0.9146875
SE0000616716,0.5423159559242282,0.9892231406237604,-0.4420908780518827,0.3229730296872799,2.2241393714661895,0.7155625
GB00BPCT7534,0.5577577499182591,0.43142465470811125,-0.03718905658362148,0.5025576990944165,1.33659402664141,0.9374375
GB00BLPHTX84,0.6878974631770622,0.4926847251948005,0.016662604767922314,0.6266763523630717,1.5718136782511687,0.9546875
DE000STAB1L8,0.6229212236240672,0.4954340240925796,-0.042217607891337515,0.5535623010095772,1.5376451549927648,0.936375
NO0010713936,0.31498593299911964,0.6929611521688137,-0.3094362259263813,0.23069266102036812,1.1852716164660289,0.738375
GB00BYQDPD80,0.6312423828634647,0.7833123666958861,-0.28825096155354274,0.4838351472127437,2.0411447333293373,0.8240625
NO0010081235,0.025678968589482883,0.24180750649565524,-0.31114016143033835,-0.00035005432860905997,0.4521079342919403,0.499
AT0000A325L0,0.05143945669879147,0.9807862155676255,-0.4522549864945058,-0.022648667950311913,0.7214966135201406,0.472375
SE0015962097,0.5464797885069665,0.47410165169499235,-0.08560902514354611,0.4779865811274838,1.3779209417279537,0.9155625
DE0006450000,0.3869100321828564,0.5935821439691236,-0.3303120877587919,0.2787981273197265,1.4295954320289073,0.7488125
GB00B1VQ6H25,0.8743153886520224,0.46391685911199765,0.21719818492446163,0.8235108047354008,1.7112404623589865,0.9895625
GB00BYYW3C20,0.4574702305804286,0.3142892012406203,0.012056551202579523,0.423775714546773,1.0060778097771892,0.9548125
VGG3036T1012,0.9133116684716978,2.4928995138443244,-0.2493962074417564,0.6686739628504059,2.7394255950236635,0.8643125
FI0009010912,0.681369317138853,1.0347387989930439,-0.14616398598771946,0.561606960591812,1.8551465841508123,0.891625
SE0000805426,0.5114198920278938,0.9436815727246156,-0.45476333154667725,0.30490395829541633,2.125495048046379,0.7060625
GB0005746358,0.3691744003892655,0.4387395200605851,-0.21499916300591565,0.30609113014693257,1.1817112994827599,0.814875
NO0013713115,0.49657548166148574,0.623699555809489,-0.27813627252272893,0.383925377464139,1.6428752797758142,0.8105625
BE0003820371,0.5110481591202563,0.42250279073401453,-0.06793282621205021,0.45803711791425084,1.265783636481371,0.9224375
SE0010948711,0.5249704711958542,0.6518480237880069,-0.2710752105648889,0.4130918852255508,1.7040819137394658,0.8163125
FR0004170017,0.27898276619907064,0.42242768810215575,-0.2514732291812603,0.21726516906702587,1.0002966245550318,0.7630625
FI4000123195,0.4612232801084383,0.44472594471107996,-0.1337690260949915,0.39809384249666235,1.2649037651177641,0.883125
GB0032398678,0.7969556725351068,0.5800269573900576,0.045229438757475336,0.7096210377915816,1.8474543433982646,0.9615625
IT0003850929,0.27321723213584814,0.4062210229699465,-0.25522688709618885,0.2155511769227264,0.9870428416814949,0.7550625
GB0030026057,0.7699400039000655,0.5144689352097146,0.06693503413321025,0.7045144584885276,1.700094552663756,0.9685
GB00BYYX6C66,0.9138644447232722,0.469537370445804,0.2662626134641749,0.8563575773690602,1.7606991834510242,0.99175
GB00BYYJL418,0.43235346636541633,0.42918221995965505,-0.12786694479571636,0.3751857875673018,1.2019452968585167,0.879125
SE0013512464,0.4184392019970254,1.0097154791609502,-0.49829202283877844,0.22287804845241482,1.918797918710947,0.659
FI4000519236,0.2546441246832626,0.36317278043600026,-0.23998602785261086,0.2068808197501873,0.9158385948646658,0.762375
FR0000060873,0.11918592971154818,0.6821235314113642,-0.593167680478945,-0.0311619625059619,1.2919499342210707,0.4746875
GB00BY2Z0H74,1.5261750726648944,1.9172287491767634,-0.23383201170752446,1.0891415528536716,4.65846790255837,0.8938125
NO0013325506,0.4252922727960205,0.5847626776340168,-0.2993792440656549,0.31977229719473677,1.498865507987842,0.775375
SE0018040883,0.6307186169222438,1.1640686188848142,-0.4166591089635198,0.40022270572399676,2.3643747028007303,0.7515
IT0005430936,0.5221383008047978,0.7090663946867841,-0.3095361754176554,0.39627595286040085,1.7687534270645784,0.7951875
GB00BYZN9041,0.7202234763767406,0.4787061941319732,0.08458293522565051,0.6564204061226238,1.5667990389441855,0.9725
CH0244017502,0.3664412430790383,0.35229072630398534,-0.11708773642171695,0.3264390538619425,0.9989608246317552,0.8838125
SE0000421273,0.5439512384201667,0.6574687785714545,-0.2012093673868513,0.44118215881353623,1.5990475724595075,0.8593125
GI000A0F6407,0.6211165903043395,0.6433937072934279,-0.17572751309536538,0.508552015272553,1.764673817254079,0.876125
SE0015987946,-0.5996356637804334,0.1755051979513144,-0.8043167220476046,-0.6289156379728186,-0.3008735666824741,0.0075625
BMG864081044,0.6949614518158564,0.5510502043917496,-0.0412352076226949,0.6167699441603386,1.7013468126891198,0.9365
SE0000123671,0.6556430633095433,0.7075859903182545,-0.19446308210876417,0.5301185671381927,1.890056638878952,0.871625
GB00BD6P7Y24,0.7602157765591984,0.39143349290374074,0.19174500291627766,0.7215017364792649,1.46722786682181,0.991375
FR0014003U94,0.47387911342256517,0.4757002881688674,-0.1417569713022663,0.4024869706931785,1.3130437078317252,0.8779375
SE0027597691,0.3249898248653957,0.4433677029871755,-0.2522562521438017,0.25756837209279515,1.115043661711701,0.78125
NO0010564701,0.45359933868188784,0.4170178291870877,-0.11267857572009458,0.4002270594137314,1.1952929094139082,0.896125
PLPCCRK00076,0.41925813252322636,0.6240843252005289,-0.31069730645031235,0.31000222071904193,1.4937085261514949,0.7668125
SE0000683484,0.46630000328408244,0.5170245487965749,-0.1983798734228654,0.3840727756999922,1.3998867277693943,0.847375
SE0010948588,0.5968773586193208,0.7616214141194914,-0.27135968348286993,0.46043585919270313,1.915969724698036,0.8251875
ES0105548004,0.5389622116759949,0.6631166635783213,-0.23647255582352086,0.43046935744571113,1.6625416812122211,0.833375
PLPILAB00012,0.16214798549317055,0.6839884051053179,-0.5832769266774396,0.011538274097965902,1.3941778589235334,0.5096875
DK0010274844,0.29930551489290824,0.9215951115126364,-0.5371649254916951,0.10515527840302619,1.7213608437214774,0.5788125
IT0005412504,0.41419065493083773,0.6598461126198534,-0.3323433637997541,0.30533635058072706,1.4937120257100656,0.7564375
PLCNTSL00014,0.1914048962698015,0.7224329369955975,-0.5764102364556871,0.03370910361405589,1.451584475927924,0.52625
DE000A1EWVY8,0.9651323465753828,4.712390938103563,0.08314480329708265,0.8165893270728891,2.035663500142731,0.969625
NO0010829765,0.5756102447504555,0.4535435306004651,-0.04548518290547196,0.5181682373176134,1.3910802394263673,0.933625
DE0005493092,0.6531383010232102,0.5365269516483625,-0.049202962857715596,0.576778316214415,1.6243709417593657,0.93225
GB00BN2TR932,0.5243279406298179,0.45284697631987375,-0.07489279958958277,0.46169522375681915,1.3526994707170263,0.914875
FI4000512496,0.598117913029518,0.5160371285896733,-0.0914539595523513,0.5215548180584988,1.5367099780018625,0.9155625
EE3100021635,0.050636332634340066,0.4400817022393113,-0.4878559007975023,-0.025707752840580113,0.8730840453259378,0.47025
NO0010861115,0.487351037804537,1.120556135945212,-0.47005570615337505,0.2694412168831912,2.0918125882136516,0.685
NO0010215684,0.6421928491589761,0.6040824098030121,-0.13870274798553123,0.5449774980976122,1.7684537974369532,0.89625
NO0013036814,0.4650709640090804,0.47964092604598135,-0.1607112437075223,0.39320503867708023,1.3192375327070789,0.8711875
NO0003067902,0.8177037126041896,0.7187379037819313,-0.07505529097642277,0.6942192105993101,2.1224146531264223,0.928
SE0015988167,0.8102302783931428,0.9439632115196468,-0.25271789753557833,0.6059561883961032,2.5313367780492406,0.857125
SE0027767849,0.48569610632414745,0.8938025270732523,-0.4600302967936111,0.2921737249144749,2.0542703857874947,0.6983125
GB0033057794,0.4316458714700794,0.8525577408022542,-0.4847437452393897,0.2442061081841301,1.9625678828055906,0.6663125
DK0015202451,0.24137067441214952,0.5217687015169438,-0.3925476384666498,0.1480639696168387,1.1972125004505845,0.64925
CH1276028821,1.0228191794660535,0.9809201464531335,-0.12479023364224709,0.8224925860952753,2.7818201170443997,0.9155625
SE0022725743,0.6711999736262806,1.0340570415550974,-0.406967588172495,0.4394149684925958,2.520858092407327,0.7678125
SE0006625471,0.08858338309248173,0.444221050005581,-0.46208712281974057,0.011763375027919958,0.891568475590923,0.513375
FI4000251897,0.43063647493665524,0.5930795884285542,-0.2962937077887374,0.3242152698462942,1.5274560366642131,0.7788125
DE000A0XYGA7,0.362067681692357,0.5904503199749153,-0.3521428471839861,0.25662152662442805,1.4264322152036228,0.7274375
PLENTER00017,0.5319132724662006,0.991885562701029,-0.4429446757727845,0.31598823906079754,2.169853109502948,0.713125
FI0009006407,0.4697621515370106,0.7454997396622863,-0.35802588855369055,0.32309120114690953,1.7713841837241517,0.74775
GB0009286963,0.660219794412445,0.5582694599023387,-0.06463808162940984,0.5784786949135199,1.6361462631216233,0.9266875
FR0010528059,0.4901347031341758,0.9282132174390129,-0.46766013272309254,0.2923068032107792,2.089850708619012,0.6976875
PLZEPAK00012,0.8563905514114786,1.1388342858531704,-0.3382306191129372,0.6107874220751295,2.8531238483112795,0.8270625
FR0005175080,1.278531333632534,1.4262821335217837,-0.17076184456914711,0.9668187378106293,3.749249702468268,0.9040625
NO0010892094,0.7342774643240629,0.4483756274352551,0.11936491800246855,0.6838428898325734,1.527008172771107,0.9776875
NO0010872468,1.0085837155913406,1.266794055898081,-0.28063622702231733,0.7236463146218335,3.2380813963266557,0.8580625
SE0006261046,0.4578724771133285,0.8876107686349498,-0.4714513825638548,0.26664951096946005,1.9936009168811681,0.6855
BMG0451H2087,0.5249079817737338,0.4214817868265446,-0.049915770350626616,0.47085903425927533,1.2771882878700833,0.9283125
DE000A2E4T77,0.3193946792851093,0.5401844144419231,-0.3434703016123637,0.2282836510944157,1.292152112431898,0.722625
FR0013344173,0.3676636379414501,0.5920552497909448,-0.33725997059920093,0.2593828008361101,1.3917004736179952,0.7386875
GRS472003011,0.47924206710042005,1.0970128677317605,-0.46132234687588,0.27248129060968584,2.0677831541505234,0.691125
FR0004156297,0.8885632702676154,1.3239973278964474,-0.3319198387444619,0.6246975426820273,2.88094055498444,0.8345625
FI0009008072,0.23889206991113146,0.5944509522422601,-0.3790562748204779,0.1473519981026693,1.1414201115562792,0.654625
GRS096003009,0.4159135896310453,0.4105169379206964,-0.14199956580213574,0.36182224426243986,1.1450107664426898,0.87
US44853H1086,0.3810935268028778,0.442805605500635,-0.18718889020489804,0.32286226126822115,1.1417989921535687,0.837
FR0013240934,0.8684323234191271,1.2362284802767582,-0.33505039233950257,0.6075654154912655,2.8822446339906396,0.826375
HU0000164504,0.557964183374677,0.9814878671002771,-0.451912059905599,0.3419465542819664,2.2337974274423815,0.7215625
SE0006256558,0.6048514305893953,0.6863392946162258,-0.2105372278911086,0.48821432808005116,1.7923598704717327,0.8606875
GB00B0305S97,0.7244868342808675,0.5018444693993998,0.046745850476197635,0.6591575545795324,1.6128319156093,0.9635
HRARNTRA0004,0.30734530672584914,1.3163548863154892,-0.5369563393884538,0.1217555544308815,1.7130623244018013,0.5916875
FR0000130692,0.4874217803149748,0.5513850660223965,-0.21683300891582416,0.39534424613563485,1.489639488259284,0.84025
GB00BZ020557,0.8163151184774886,0.7188213925308247,-0.06751557045071872,0.6950365760942206,2.1113551550039293,0.9290625
NO0013461350,0.2929440439277068,0.45845557225947786,-0.2755867099047901,0.2185366563208153,1.1016110319194425,0.747375
FI4000533005,0.11838676111201284,0.7261265266070642,-0.6056939541613842,-0.03597206559498173,1.3117982773823125,0.471875
SE0000998650,0.2715323660071246,0.5269114269248744,-0.37411298848186275,0.18140206591766464,1.2242003471630376,0.6766875
FI4000092556,0.503247802502282,0.4754758594881645,-0.12220106570213017,0.4306362725794911,1.3450357222282043,0.8970625
GB00BMHRMV23,0.42331424661280964,0.3848186653341877,-0.10623891578532428,0.3760468800319065,1.1114147113329997,0.8975
ES0170884417,0.5775781418422885,0.9477057275688661,-0.4343398175321782,0.36999946336949163,2.2779802011647843,0.74125
ROYCRRK66RD8,-0.04046285118164727,0.6234633681577779,-0.6625932681154626,-0.17727623363338463,0.9877135669627808,0.3491875
SE0028900134,0.8101926921295203,1.0094161875691212,-0.309952725597664,0.5928411621542921,2.6423530903302597,0.8349375
GB00BG5NDX91,0.7025956022007042,0.7646024600756863,-0.21737490278021968,0.5595762940939336,2.059006504266787,0.867
IT0005595423,0.5277942595469274,0.5921413087985582,-0.18697122178152636,0.4338385501786882,1.530250253303406,0.8623125
ES0183304080,0.5533972554137869,1.0318563561349217,-0.4413840345274298,0.3363476313615345,2.2598882800563924,0.7190625
BMG6716L1081,0.4766189262022858,0.4454209932260671,-0.11077242147233186,0.41635551646432545,1.2434130921180189,0.9010625
IT0005353815,0.7300905815913635,1.0969717203405032,-0.38336961914106565,0.48172939504057577,2.6784840613388625,0.776875
ES0147561015,0.6989778877054019,1.0355809032662089,-0.3914948443525328,0.4634203683315541,2.5580220552774002,0.77425
ES0105148003,0.8561888886320044,1.5462675953619904,-0.09334414810484372,0.7040674495498186,2.2037716498728717,0.920625
IT0005215329,0.4744767483362215,0.4077129273386818,-0.07111699961944842,0.4204033797449965,1.2086290054076285,0.9150625
GB00B1XH2C03,0.939929776834706,1.4638807469556852,-0.42666854462863296,0.5951499734481478,3.3679284616653056,0.789
NL0015000D50,0.20918496697204472,0.43989861302197675,-0.34945141290765214,0.14007142464124137,0.9888236456333822,0.660375
GB00B8VZXT93,0.5991618877340691,0.3255048962130405,0.12596556198796655,0.5665365180727329,1.17688685274013,0.9841875
BMG6682J1036,0.5779558787069398,0.6387361851164532,-0.2098253750210462,0.46862041909119434,1.7318569248494544,0.858625
GB00B17WCR61,0.4120652890425938,0.6116344242015694,-0.3306301018266066,0.3004889223469649,1.5212910078830977,0.7589375
GB00BQQFX454,0.7423214216964501,0.8660963582685298,-0.26265605405482645,0.5662921559713207,2.3427517823275004,0.8448125
GRS239003007,0.38320416538798113,0.6347682884117856,-0.36157234674434646,0.2694028471624103,1.4825897400489338,0.7295
GB00B125SX82,1.5061183113545733,1.5220454704281694,-0.08278740834532818,1.1855989964894769,4.190918469950975,0.9330625
GB00B9GQVG73,0.9710274941861247,0.5781405153811391,0.18083686745475877,0.8930215326179034,2.014301769828506,0.98325
IT0000060886,0.42413706226451575,0.47675559350657887,-0.19416805347388835,0.3522707838670622,1.2792715689518053,0.8408125
CH0002361068,0.47119135865247297,0.9410427186354244,-0.4802948383170742,0.26489249804807463,2.11288721841336,0.6795
GB00BK63S759,0.8647048221778156,0.8379669599251716,-0.10820344716223874,0.7119160963253236,2.3303466818807355,0.917
BG1100005153,0.49096546170748917,0.9219139585930491,-0.47995832149529355,0.27932951198055334,2.1407314215987987,0.6836875
GB00B4X3Q493,0.7386812811756682,0.4660265608322003,0.10185623996204084,0.6841305559291367,1.5437813332984933,0.9759375
NO0003033102,0.17643095764602204,0.47862199405839595,-0.4071659241594486,0.09428207492651913,1.0459454051696737,0.6038125
FR0004155000,0.5681989009863666,6.287630551391121,-0.45409167632444586,0.29450286839978623,2.0846537784097667,0.7013125
DE0006061104,0.3646800560180958,0.5784812147099718,-0.3475591262071314,0.26804205846608076,1.384045051952582,0.7353125
NO0010861990,0.6846998505304034,1.0215464425803118,-0.3896576102206751,0.4619224134670016,2.504977169044978,0.776125
SE0006509949,0.26593116552999596,0.7872753231181706,-0.5526421482434328,0.090560934762731,1.6562241254531842,0.5675
IT0001469995,0.6613269267922456,0.7426325023431717,-0.21029383433543014,0.5252755733686585,1.9621038784891134,0.8684375
GB00BRKD9Z53,0.5450737952384711,0.4440565401593237,-0.05397977315040093,0.48691511157102607,1.3414680731655313,0.92725
GB00B3W40C23,1.089803626046818,0.7239930044894446,0.1894237746969443,0.9903716275765699,2.313537701015765,0.9810625
AT0000A3FW25,0.7630481945810718,0.7874414654797319,-0.14929771382115156,0.6175814133446179,2.155745957512016,0.8959375
IT0004585243,0.3552663126110973,3.0999897631780255,-0.5348695512830327,0.13734956753431843,1.7930997570554117,0.603
FI0009008650,0.3593768097560468,0.5019013801716873,-0.2811615972589839,0.2807244417381013,1.2528219354190209,0.7731875
DE0006595101,0.5978046717049315,1.0131730765298859,-0.42745282243530763,0.3819176790320732,2.2890462925072925,0.739125
GB00BYMF3676,0.9638879956398689,0.9085115216401525,-0.09251116558339369,0.7939572178876404,2.557957356595693,0.9238125
SE0015483276,0.38338730808859967,0.6162264585482906,-0.32198799549061813,0.27001112177359865,1.428414740711706,0.7525625
GB00BVV5L858,0.8834798476984489,1.2003940224994532,-0.3180126096820177,0.6215101372280943,2.8883766361989966,0.8325625
GB00BLR71299,1.0248416810492977,0.8108814829678782,0.036994960221600495,0.8932225491867467,2.4553651621578623,0.957875
DE000A2GS633,0.4290422940303691,0.5031906681727014,-0.22599565249462347,0.35132872086656125,1.339825807243037,0.83475
SE0008348304,0.32002721478612284,0.8050214226534989,-0.5352511158106142,0.13662576769364473,1.7633214659915355,0.598875
NO0010597883,0.18840200407438115,0.7964242397249753,-0.5761486488822799,0.0164570884671952,1.478546926765559,0.514375
DE000A2DAM03,0.1283464465395914,0.5241158324997373,-0.4639763679065112,0.03257738841733635,1.016896502613945,0.5303125
GB00BBT32N39,0.5080739896378337,0.3939039960241961,-0.03371381958750989,0.4574521600422192,1.2102848094321979,0.9365
CH0527044959,0.13918345457983866,0.7188750559924155,-0.5865899351071958,-0.016737625548450437,1.3595562444765097,0.4844375
NO0010955917,0.3171071498295921,0.7840672950118677,-0.5285334455960657,0.14243875653179872,1.7563125193347995,0.60325
SE0005794617,0.36615048575981973,1.2205893406608324,-0.5233064123850599,0.17840271034691207,1.8315147610302904,0.62825
FR0000075954,-0.03150660770693667,0.6131885511136552,-0.652583776766268,-0.16290567754011534,1.009599881657765,0.3610625
GB00B01F7T14,0.7472668278800688,0.5358936530734548,0.03423708821597106,0.6734994589612904,1.683650344764903,0.9589375
IT0004496029,0.4147330112069608,0.7450444567536315,-0.3905420432233594,0.27214692202905466,1.6615307669842097,0.713375
SE0000825820,0.5961405337614435,1.0326302468354762,-0.41877593883492015,0.36827939593176884,2.3133924270920936,0.7388125
GB00BDT89C08,0.8471039141210711,6.507975005627366,-0.3701902259333044,0.5279067450129743,2.78999440039436,0.798875
BE0974276082,0.37732201085625694,0.4332681897103847,-0.19257186176883603,0.3209917193430468,1.1259484512595712,0.834375
CH0011339204,0.30695134999270673,0.7457418876241294,-0.5042691918856281,0.14682881836872072,1.6300315037027928,0.6191875
FR0004159473,0.541130867240581,0.621967462213855,-0.22013925725682265,0.43340335048520223,1.6433633221849664,0.84725
DK0010218429,0.4292981944667479,0.780050172773989,-0.4024281203933,0.27669350279757254,1.7392789614448778,0.7214375
SE0009143662,0.8721124487749009,1.004264846287046,-0.23727813826866254,0.6561705476131556,2.6964926135584144,0.86725
GB00BYSXWW41,1.0265081805746796,1.0341689496950348,-0.1131827908072941,0.8402322949653405,2.7635905708626805,0.919625
FR0004027068,0.42613891490981837,0.6053095235483156,-0.31579647307456576,0.3121013409190574,1.542421188602399,0.768375
GB00BKF1YD83,0.5365192579348373,0.8359155117974936,-0.39280583230957455,0.3543916120144952,2.0618291485877864,0.74775
SE0012481133,0.3418423325526679,0.5362055033018535,-0.3031437156569146,0.25536447836237514,1.2475432802371964,0.7498125
FI4000283130,0.7959253690074122,0.7587798749799096,-0.13265341805518369,0.6624403880903666,2.165462550632757,0.90325
FR0000035370,0.7833237158126894,1.1517909584771666,-0.36685655582610843,0.539919650050778,2.710682095934908,0.7995
GB00BNTVWJ75,0.472965132076473,0.6172123756132368,-0.2760270494947857,0.36205716913512187,1.5996128095569726,0.797
NL0015000HT4,1.0694105906323605,0.8788478077416665,0.08820491728921295,0.9428458738419285,2.4625758026431486,0.965625
AT0000837307,0.14716432468637614,0.3855176463202149,-0.3532821627502211,0.09144134716934928,0.8453683865195641,0.6133125
NO0011002651,0.5260729791638694,1.2756764210049802,-0.4687139950220811,0.3056013095379804,2.178677625952539,0.697375
FI0009014351,0.3115841671716788,0.4557703509173561,-0.2582703505007159,0.24487816525272843,1.0886155251228165,0.774125
SE0011923341,0.43280662288674665,0.8590386760985949,-0.48679813445802644,0.24345674383037774,1.9533159137788487,0.6700625
SE0015195771,0.564523542566676,0.6062748075640259,-0.17583709610777087,0.46265579161083203,1.642504694204341,0.8711875
GB00BSBMW716,0.6888395851156499,0.5453765091324356,-0.0365831851660794,0.6121100988674046,1.64281571270702,0.9385
SE0026853335,0.4857012539206737,0.5319955268131222,-0.1933951037185189,0.401769494134801,1.436785351195332,0.8511875
SE0014428512,1.0063131489779067,0.8161453698689518,0.00892201686348739,0.8676866397992402,2.457825643554003,0.9525625
DE0006042708,0.3635350343288651,0.8118290731752658,-0.5076587160238041,0.18896898959821057,1.8439327687955656,0.637875
FI0009007983,0.5723260905115112,0.6940902046188966,-0.2625687595965804,0.4422396926031066,1.8461430353541814,0.829625
NO0013683821,0.5106587809119114,0.7955868772580178,-0.37180643427653975,0.35561633231680756,1.8698144441437567,0.7571875
IT0005283640,0.33432410565222687,1.6586465440172073,-0.5259824930901034,0.14206321068112812,1.7186050286086112,0.6075
SE0000201253,0.40727339419306186,0.8473111007799483,-0.5046436796430348,0.21758746286630237,1.9524437963035586,0.6551875
PLEURCH00011,0.39516569488768216,0.5848218129960322,-0.30958360562206416,0.294888834801746,1.4430284825955553,0.7580625
GB0030181522,0.7458613579565333,0.8037084481018543,-0.20113409364683374,0.5933575814920067,2.155186173550036,0.8780625
FR0000064446,0.420885129046177,0.8491629782535175,-0.4946255921953923,0.23609351272864504,1.974222533088294,0.6623125
NO0010724701,0.42091050526952556,0.653326531288601,-0.3455326884987766,0.29559152735962846,1.6125259830441914,0.7520625
CY0107600716,0.3633224657436332,0.8833698376927032,-0.5232847189701433,0.1790792106820396,1.8502123696555202,0.62525
CH0009320091,0.29899663526907316,0.5425656665639763,-0.3559460320714267,0.20721618981756545,1.2514788935783772,0.7005
NO0012928805,0.5255266270368072,0.5540757195602425,-0.19496959981588927,0.4413518376994565,1.5066420513480865,0.8628125
DE000A2G8X31,0.8623073780761004,1.033100604779164,-0.25715974831300353,0.6414132334657979,2.6828183133562544,0.8615
DE0007446007,0.7836418410256265,0.813079994596963,-0.19164864006048893,0.6303548334926844,2.2713492558527326,0.8866875
FR0010131409,0.498287333220443,0.6428483914880975,-0.25711255659253857,0.3820187143579087,1.6272823698416032,0.8159375
GRS505003004,0.3613320211343097,0.8251347221443531,-0.5133124283987527,0.1792088906456196,1.8349162077226073,0.63575
DE0007193500,0.7350410592899891,0.6665784750380981,-0.1060350876884786,0.6255813612030938,1.919636742910497,0.91775
NO0010187032,0.458505518031702,0.5601952234937805,-0.2536011610450126,0.36930961809161045,1.4733422407005796,0.8178125
SE0001338039,0.38178857796786264,0.8876273007607834,-0.5114574210505062,0.19349389922837668,1.8295875580244665,0.6408125
IT0001237053,0.6509884100458634,1.423269071843379,-0.40658553216929527,0.4071126834915073,2.403181955484508,0.75625
PLDECOR00013,0.1592557143651667,0.7198707081736436,-0.5841834511024785,-0.0028051150690141385,1.4428917432201636,0.497625
PLAPATR00018,0.3626188264271252,0.8919457478928275,-0.5141672237863374,0.17110451812663385,1.801866107530995,0.629375
IT0005439861,0.6488981982973743,0.7515498935015118,-0.2063451104751829,0.5203558161625125,1.9207408558357766,0.8645
FR0000053027,0.39645509878171753,0.7205744595233347,-0.41126942865712274,0.25023914641240774,1.663752181996143,0.7025625
GB00BFYF6298,0.5729035907516068,0.489055373287474,-0.08446670657044497,0.5013421058304595,1.455720118544265,0.9183125
FR0010766667,0.3436232873907447,0.5707816005258638,-0.36055893744191236,0.24713867785301186,1.3466596441363639,0.722
DK0010218189,0.3295860029646652,0.823369075828027,-0.5227646143884841,0.14922677920123534,1.7677710688058736,0.6084375
IT0005075764,0.638299074537559,0.5642214319835039,-0.10475086662224535,0.5516457367841964,1.6574635973111462,0.91275
FR0012612646,0.7983982842726735,1.0645412364922362,-0.34289544738546457,0.5621465734099983,2.7009405970340086,0.815
DE000A0JDBC7,0.4732027237290621,0.8235955466678235,-0.37329996143260213,0.31960451218699015,1.8194283765366057,0.740875
NO0010360019,0.3430432710245364,0.5946405638827489,-0.3714233548410338,0.23600091966280504,1.4238464945305325,0.712
SE0022447348,1.117616810956053,1.3394609425427388,-0.23976575865449304,0.8203303523241042,3.3499578576637514,0.8765625
IT0005329815,0.26427827672742443,0.3764738800937708,-0.23304045558138137,0.21486246260543873,0.9308606440617365,0.766125
SE0000119299,0.5314758790627223,0.6172528101708644,-0.21978555766095068,0.42254982792764073,1.653867436647744,0.8394375
GB0001667087,1.3696479550924643,5.496833296910681,-0.17912928218254381,0.9896359917114677,3.787541984752733,0.9066875
FR0011049824,0.9711748426053398,0.9373337416329489,-0.12861051276773428,0.7993190896896822,2.619831627875267,0.9123125
JE00B55Q3P39,0.6538017408372473,0.6908804854167302,-0.17329548984589602,0.5444479364499878,1.8282056852805835,0.8828125
FR0000033888,0.5046032148805545,0.9394482627858624,-0.46894669208827383,0.29706644761405376,2.132108852245618,0.699375
GB0009039941,1.0987172920035697,1.3729634350476296,-0.29523393154410205,0.7994787432461781,3.423833889770936,0.86225
FI4000064332,0.46068376281797646,0.5452164615111367,-0.2145758221866661,0.38348689828725485,1.3925059820262669,0.836375
IT0003203947,0.43498881514064497,1.0281735107428667,-0.4842518671856507,0.2365687839819317,2.004227346178746,0.663625
GB00BS9F9D74,1.2649055452745126,1.2026727049704078,-0.07813202599536537,1.0269389913506795,3.3540757134990953,0.9346875
PLTSQGM00016,0.0867940918640912,0.38302594623331454,-0.36379652401732776,0.03842604853158252,0.6931144488606089,0.5548125
DE000A40ZTT8,0.7134258392114391,2.909643987786649,-0.40133634472812624,0.4517175721715705,2.4956124102488624,0.763625
IT0005527616,0.512648214727042,0.4248445762255803,-0.06940802227422987,0.4532566354439546,1.2839590649957904,0.9206875
AU0000237554,0.7847827898044443,0.8678799165107194,-0.21887835820071355,0.6175029525757791,2.3338005380590667,0.866875
FI4000049812,0.3367175691032743,0.42751331466312537,-0.23844266794150762,0.27672965384094295,1.1131277875806425,0.798
NO0010895782,0.4486072014483508,0.5145536844319296,-0.1956005121940208,0.3679031881066255,1.3755740958053757,0.8399375
FR0013030152,0.5608571797697235,0.5520446647050297,-0.14702345483804116,0.4770065617001138,1.5594827999379883,0.886875
GB00BYYN4225,0.6688686083591516,0.4982516921052696,0.09286565890160986,0.6127179471470069,1.4141833135077424,0.9745
SE0000526626,0.33014423153467015,0.6426576197940742,-0.3814385562661167,0.2133842771454073,1.4151049601637602,0.69025
IT0001042610,0.8376238988412329,1.205337891234891,-0.34287039764207905,0.5722871391224582,2.8331989404775997,0.8171875
IT0003097257,0.26648583434958945,0.5485403234208539,-0.3963637229750322,0.16925658415361405,1.2542469630667248,0.6613125
GB00B18S7B29,1.2707884213449083,1.4177844275636293,-0.17395965099146904,0.9714227135028178,3.699503240087056,0.902375
GB00B572ZV91,0.5330124923980514,0.6814722011485159,-0.27322699970563086,0.41286612167053144,1.7458924008495247,0.8134375
GB00B647W791,1.1086808498244136,2.753091695640446,-0.2841238486955076,0.7919697472100128,3.417109826066543,0.866625
FR0010425595,1.3201123175548946,1.6524568007963918,-0.17190188219381775,0.9927051768442702,3.8548333143000093,0.903375
GRS428003008,0.34731202040667136,0.888839081411801,-0.5160618113305513,0.15568417289491362,1.8223404902557214,0.614875
FR0010331421,1.3968369209964193,1.6130695724529691,-0.22230610493573272,1.02751434180976,4.285422545413617,0.8958125
FR0012596468,1.4953961197609869,1.9483255734813016,-0.2988688835305496,1.0235625036509,4.756093764559209,0.8736875
IT0005466963,0.495671650997593,0.6384031106285012,-0.2770336322396216,0.3841461468233365,1.6564392432502153,0.8061875
PLELEKT00016,0.31312422021918834,0.7981908486146172,-0.5219230272268267,0.13195898061402145,1.7663022324935047,0.5975
FR0010485268,0.9171358590958625,1.208692566629606,-0.3104533797542424,0.6549317331245195,2.954462497742238,0.8375
FR0004187367,0.8587599775944288,1.8270740185805872,-0.36577706302976154,0.5740814350608094,2.8797593092207685,0.8095625
AT0000785407,0.8873694611128236,0.822248540908735,-0.10651682346410829,0.7400270707860724,2.375478697972867,0.9201875
IT0005337818,0.7697776789191885,0.711897259693971,-0.1055727442864596,0.6455601297458716,2.048018253856447,0.91025
FI0009006308,0.048553152322108155,0.6632920332868562,-0.6213842474862612,-0.0991255695160114,1.1928038484008183,0.4196875
GB00BJQTGV64,0.6476897180287909,0.4641725047317335,0.01903918449797182,0.5846928048771647,1.4771454252541825,0.956375
SE0008241558,0.7371954883804229,1.0650054856481195,-0.3759632985756414,0.4933846611964794,2.6630398132541844,0.7871875
FR0000053506,0.4523876656122036,0.8879162381527538,-0.47898542604014227,0.2576925353016547,2.0157691953181116,0.6776875
FI4000577192,0.0728488339275744,0.6008400359358589,-0.5201291004289249,-0.02225597882880786,0.9594062504742522,0.4774375
USU834501038,0.6743674985528846,1.114041374123187,-0.4128759348286881,0.4502820878323979,2.477271477196333,0.7678125
FR0014004EC4,0.6822323034737591,1.058432799607413,-0.41050816253042666,0.447994865265515,2.496017775482049,0.7699375
FR001400AYG6,0.3287740771539195,0.4488386044558075,-0.2510338319712643,0.25998115962948587,1.1423453807167736,0.77875
IT0004125677,0.11683724604065565,0.6668177250430196,-0.5932263642310249,-0.028243244658982737,1.302990939461695,0.4754375
CH1173567111,0.11603043366107298,0.519795230991474,-0.49272257492815696,0.014345494284832967,1.068471896072636,0.5155
NO0003049405,0.3790030982797699,0.7536665377058592,-0.3886495697593243,0.24651809861130827,1.5568414185097272,0.70375
SE0021921327,0.28121344735028037,0.5291475454505761,-0.3795147338541822,0.19411453549857288,1.252762192745504,0.685375
SE0015556873,0.22802638687417157,0.4345243709012812,-0.3255938110913586,0.1614807878128161,0.9976745571869681,0.688
SE0023261599,0.577155142300172,15.427184513242288,-0.3918533550808155,0.2576114669919616,1.6066384346802587,0.713
ROWMR49B0RG5,0.2723505518941052,0.5075946374358041,-0.36801502258115926,0.1793334166450905,1.2119757010571939,0.685375
DE000A2GS609,0.6724611489343822,0.5000801123786185,-0.00045546890142846583,0.606964599830852,1.5726385261216038,0.94975
NO0013647693,0.6863356335758333,15.846389993642783,-0.4515533194515381,0.3345053408470603,2.188255453832282,0.7185
NL0010733960,0.5929485276994492,0.5651092064073703,-0.12039398579411106,0.5056417274738366,1.5787098526777075,0.900375
CZ0005135970,0.2970571916495184,0.8284154448089288,-0.5398404896095276,0.12086752500598019,1.7380849178093771,0.589625
NO0011013765,0.5874660331957614,0.6002989981543301,-0.16926337825903975,0.48797651272812576,1.675570823407223,0.877625
FR0014004362,0.45185751012936154,0.6944263645266014,-0.2853774568725909,0.3389195079017754,1.557409566319924,0.7920625
SE0016275069,0.1678805297682875,0.4702134325367963,-0.41630449484545035,0.08663911120125209,1.0165568268378677,0.59625
IT0005203622,0.4590141744581638,0.655391341619363,-0.3214798240335495,0.3377787927730473,1.6146745220135035,0.7803125
PLSNBIO00013,0.47065821966620053,0.9260769215990136,-0.4781719267515522,0.27459004104905127,2.0655693496264775,0.686875
SK1000025322,0.34382012099315873,0.5413582833599104,-0.31101744536174963,0.2531412298579211,1.292551856124263,0.7481875
GB00BF1QPG26,0.7385726583022851,0.7807642425702762,-0.16308059356821306,0.59923156492608,2.1042720581644434,0.8875
GB00BVV2KN49,0.8715888426909275,1.0192960533873534,-0.2492458748383266,0.6701501450255906,2.6542344402195632,0.86425
GB0005518872,0.5459931456252106,0.7419811942504196,-0.30946168036832583,0.411107888477045,1.8548093420695468,0.8045
SE0014035762,0.6617068766533564,0.6901448487184761,-0.17529867040472516,0.5435852210586589,1.885665850082994,0.878625
GB0003081246,0.7572484244130082,0.682218175263706,-0.09667525393388436,0.646382161913161,1.9581576276250032,0.9176875
GB00B27YGJ97,0.4161940039979813,0.5044828714703828,-0.22707203375847798,0.3393024208242574,1.3129955009511445,0.8215
PLCTINT00018,0.493742278327274,0.9586413122250075,-0.461832185387343,0.28814866375296355,2.1098429634981613,0.6933125
FI4000251830,0.7860822097247895,2.6204662115941386,-0.16240460599777415,0.6209107637954141,2.1607673822991043,0.8944375
DE000A1K0201,0.6462749543866152,0.566616742667829,-0.06980266543963047,0.562558851390621,1.6336821352189128,0.9236875
FR0004527638,0.3733021228688947,0.503699200680306,-0.22615551092708427,0.3001746339491632,1.2100231897884914,0.8130625
DE0005492938,0.49805334434042936,6.342879615117813,-0.3301633200790607,0.311961387695408,1.5459793195525142,0.761375
GB00BLZH2C83,0.8052368653535695,1.3380502996730705,-0.22819703950871395,0.6212040064999931,2.3026892974686133,0.8759375
FI4000570890,0.3620172855498861,0.7968956119950079,-0.5044540574851726,0.18888723945889163,1.8292788775524158,0.635375
DK0060030286,0.2316612594753942,0.884959044577638,-0.5639284179162196,0.05079298754959808,1.585278128313627,0.5396875
SE0010985028,0.8786142906819818,0.8466667264673626,-0.08553321076039029,0.7290067712129286,2.3511813702122404,0.92425
NO0003058109,0.40897251849202815,0.8558510291822026,-0.4957617921493083,0.2212817761098251,1.8741663200273109,0.6598125
GB00BP41S218,1.9389085853111279,4.106534973001208,-0.5338629019968933,0.9463569865420717,7.199780813693609,0.7974375
DE0007830572,0.18553037463787803,0.42174706771809284,-0.3521075181910447,0.1174773584659995,0.9385958595696409,0.6415625
DE0005176903,0.9055347149163877,0.981895807086846,-0.18203574619155782,0.7052808332683315,2.653171715885517,0.8948125
GB0008237132,0.5719849300646518,0.701392168081261,-0.25582072165430547,0.4466157086046679,1.8277877941255734,0.827125
NO0010000045,0.6559780166736324,0.6170688938056682,-0.1270493689080109,0.5604311931477144,1.7483180231723447,0.903
GB00B3NWT178,0.5033025506876857,0.6598782684002004,-0.27292107790387976,0.3814329542115431,1.675989840272269,0.8080625
GB00B63D3314,1.6743569158845562,2.0325460680911416,-0.21678796915818133,1.1758415811613987,5.1262971115781815,0.89725
FR0011992700,0.47665957920990054,0.8902728316941113,-0.4735114218825432,0.2876355675550105,2.066766497545389,0.6871875
BE0974363955,1.26596621480551,2.3717771368142957,-0.4475982595403618,0.720892428561752,4.598929262120309,0.7965
SE0015244520,1.2590221433349107,1.4087767249224776,-0.042171155803864824,1.0317166888915985,3.2211389608578513,0.938875
PLATREM00017,0.1893225532923152,0.7057167234217662,-0.560413150886097,0.034364059624587065,1.4346144298403458,0.5263125
CH0256379097,2.0934528558625325,6.441446833873621,-0.6951776938567558,0.7043268335246148,8.586080142070893,0.7074375
GB0006094303,0.3516388680100689,1.6945109776480363,-0.5258175416657299,0.1587300409127894,1.7048906024845716,0.618125
GB0031509804,0.6662020250422023,0.5466469963734927,-0.05063325962421421,0.5846013537700988,1.6480416038315675,0.931875
DK0060580512,0.47153731208775346,0.6096540545631339,-0.2722449786480278,0.3580501586067014,1.5878469052805486,0.80525
GB00BYN5BY03,0.5951372205644385,1.0629912992329364,-0.43496951651135346,0.3678982685270773,2.3349885082673567,0.726625
IT0005469272,0.19225485066993991,0.41915651007642124,-0.32710772776951064,0.13042078742495045,0.9209438955964823,0.6680625
BE0974358906,2.037626567983671,4.0794350796924554,-0.5339149431654093,1.0156072951063375,7.625458065666146,0.7920625
DE000A420ZL4,0.35291590186881333,0.8054454464420727,-0.5089714333510246,0.17105168818294342,1.8259023589920635,0.628875
IT0001268561,0.8239127052144704,1.2591708679628286,-0.3596731353272176,0.5531646970085358,2.809341961300276,0.805375
US03690C1027,0.5754350029264822,0.6976461438862233,-0.2548632081411772,0.4528975702617829,1.813451643680616,0.8306875
CNE1000003W8,0.2778541240882397,0.21934608953819443,-0.045280274283581765,0.25907230495891953,0.6601953964743282,0.9173125
CNE100003662,0.2777261872514524,0.1671587442737012,0.0283225439915927,0.26727303321902185,0.5620851995543132,0.966125
JP3436100006,0.2026622814895845,0.21162823952287735,-0.10611430367999745,0.1837341637666238,0.5786385326872112,0.8464375
INE002A01018,0.3075366095475374,0.1387605725506706,0.10004512020376465,0.2998513575082302,0.5411713265053518,0.992125
JP3802300008,0.1567510609655506,0.1935988084530609,-0.11590103295587592,0.1421783415222589,0.47295749024040246,0.8194375
HK0883013259,0.2742217662813263,0.2260112833149944,-0.05894327281131405,0.2551643413809068,0.6661055711819259,0.909
GB0008883927,0.5023946132160707,0.4462619135893677,-0.09701049679800913,0.4425865695226752,1.310377787759842,0.9041875
DE000A2YN504,0.4558857649383393,0.5018119801903059,-0.19309716550113065,0.37822222957043683,1.3460392234745857,0.8528125
SE0005308541,0.4010711854390422,0.8280471248336451,-0.4988451708800163,0.21588103731302427,1.917650032191004,0.65425
SE0015659834,0.42766986182563504,0.4799094255905311,-0.19521708803214594,0.35344836519347506,1.2851497547782882,0.8423125
FR0011648716,0.717683811946317,1.0949661573677172,-0.3899234229746123,0.46833298463735906,2.6523787125922977,0.7771875
INE364U01010,0.17072260265482608,0.28481294413599084,-0.2015259368144956,0.13830156171235447,0.6434595227593103,0.7393125
TW0002330008,0.16544046441175547,0.12717814796637483,-0.026298913426476195,0.15766165095948143,0.3849724302370641,0.9209375
KR7005930003,0.41021208220256844,0.18391396372732371,0.1350216914284429,0.398558725618104,0.7298376245424332,0.992125
CNE0000018R8,0.3874539179652728,0.1968258545735947,0.08977198492535979,0.3749454590741514,0.7296873106397169,0.98275
HK0941009539,0.3446192254947125,0.2072621549561085,0.03415336619573426,0.3295430201984083,0.7068488652183263,0.96675
CNE100001CY9,0.3090265698942143,3.2683179202056483,-0.171024162738507,0.23040259560737655,0.8397031544061427,0.821125
CNE1000031P3,0.3189951971643333,0.25036145585500746,-0.045852598582821494,0.29618293999560064,0.7659384149383741,0.9229375
JP3236200006,0.23572462060076874,0.19116615630802045,-0.04801112125296602,0.22224619929056091,0.5645748973686726,0.9118125
INE397D01024,0.20863761861342175,0.12710466588277092,0.01661931255473863,0.20107082504929058,0.4283341845904483,0.9636875
SE0001057910,-0.3747329298588164,0.379506163727819,-0.7781954638733325,-0.4597336251465106,0.32018499596941774,0.11875
NO0003679102,0.1465021250516783,0.46102958344014017,-0.37896159536259205,0.07524050109802763,0.9169567950913582,0.589875
KR7000660001,0.3114591663913607,0.17548916031144213,0.05107309091608875,0.2994738346253848,0.6129623519274701,0.973875
KYG875721634,0.5067419088032425,0.15039702513143635,0.2721258984442918,0.5017701346558204,0.7594070412435254,0.9991875
JP3633400001,0.2978416981365538,0.18413969360064122,0.024417962039547797,0.2836527174964309,0.6195376379141392,0.9625625
AU000000BHP4,0.09238935933561257,0.16972335984330672,-0.16088966544117037,0.07985995028555334,0.391075275533063,0.7028125
AU000000SIG5,0.22541418868263538,0.1933645776801212,-0.05991996184469282,0.21086785075836734,0.5611084884305305,0.89775
JP3571400005,0.18710422907774915,0.17445628854693115,-0.07628764707853468,0.17463242529214174,0.49692787917757547,0.875125
JP3788600009,0.15452899421940738,0.19537035217133872,-0.12673383205215513,0.1381049002851178,0.49100396766763504,0.802
JP3435000009,0.33199177417093856,0.1784967651564804,0.05912109579557886,0.32280007230617297,0.6338027428643518,0.9775625
TW0002308004,0.23397289342507113,0.18789506561693026,-0.045032985611933134,0.218861067576536,0.5584745793628569,0.9126875
CNE100000B24,0.3267205255130341,0.2231968311306393,-0.002320695606750835,0.3087737589168007,0.7199454111397411,0.94875
TW0002317005,0.17179157200619752,0.1736446902164097,-0.08783916214352379,0.15738876904562238,0.47446895668502187,0.85475
CNE000001G87,0.3301561519316593,0.21823518910925202,0.00883786738265083,0.3138319218975144,0.7108622676511415,0.955125
KYG8020E1199,0.18003039015157885,0.20989737437086478,-0.12791179657375687,0.1622235133801448,0.550647121472412,0.822125
CNE100001QQ5,0.25412136972942295,0.17573209023265213,-0.011082063999877868,0.24136991286585296,0.5579942464641654,0.9438125
INE467B01029,0.31216949225743656,0.12735931790119767,0.1150132143329171,0.3056111921357184,0.5268618185653949,0.9946875
HK0001200002,0.5031879047339461,0.4248293831231367,-0.08119277167789031,0.4489902438460376,1.253272874894915,0.917875
CNE100002615,0.28362727259134785,0.43372185736147,-0.2602538471843526,0.21839182077587155,1.0330302788628907,0.758625
JP3914400001,0.2197734297211344,0.24866736365996198,-0.13723618254816558,0.1977431690362461,0.6536715766772914,0.827125
CNE1000002V2,0.40673703393471744,0.24376848920468128,0.04712664469514525,0.38605117897334895,0.8352491402693585,0.9690625
JP3726800000,0.11210095599512938,0.18424948137738012,-0.15993601709054905,0.09794424805537072,0.42702443098756787,0.732875
CNE100000ML7,0.20783568480296147,0.22140748186587575,-0.08011532617798672,0.19225049903198016,0.5461378886004878,0.8746875
JP3519400000,0.43028937581807203,0.25065314145028855,0.06658248874456371,0.4103167053891861,0.862564563618028,0.9763125
CNE100000296,0.6226334755567147,0.19596587785365732,0.3335910074646611,0.6103975415827566,0.9536661862721776,0.999625
CNE1000041R8,0.3160155368806778,0.42816465193427833,-0.25083650671744284,0.2526231803878318,1.0847334832264446,0.7840625
KR7402340004,0.2691203699603492,0.3020539590865712,-0.1535194108526181,0.23379080557471318,0.8109517499861459,0.836875
CNE100005PT2,0.20700918263050175,0.40761972592008017,-0.33033824080341284,0.15230359797577833,0.9389064779459619,0.680875
JP3188220002,0.24424682464832959,0.22391887678374447,-0.08350806124374911,0.22519145540444585,0.6400590058702799,0.8818125
KYG9830T1067,0.7231279182736293,0.24374843636896548,0.3606800870747133,0.7063382194453763,1.1388798144558268,0.99975
CNE1000002Q2,0.2879970984032589,0.23174480868080455,-0.04171064429130377,0.26593788426750986,0.6878263146999168,0.922375
JP3893600001,0.16313374919851156,0.21200950825234333,-0.14435021824154345,0.14480475150582572,0.5342798059342371,0.78975
KYG6427A1022,0.38702115696548756,0.19520482222256302,0.09726289909314167,0.3721023546417258,0.7314559744603324,0.987125
TW0003711008,0.16203620051187909,0.1813761778552493,-0.1078800915517633,0.14847669041330763,0.4769172085023171,0.826375
JP3735400008,0.24930202597779139,1.545919261498938,-0.07559370548482387,0.21662781257103092,0.600069819371178,0.888
AU000000WES1,-0.06410735990450829,0.1507429413475996,-0.2843458042663062,-0.07435752738595412,0.19884432655109568,0.2904375
JP3496400007,0.10479596774355492,0.17830798732282807,-0.15432662092474103,0.08998967512805224,0.40776922272791094,0.726125
CNE1000031K4,0.23716409075073147,0.18071583020747523,-0.03695299962214069,0.22384106318332667,0.5477831127730411,0.9205
CNE100004272,0.2590273557069372,0.1630914000291154,0.012322771436308043,0.2492016536389678,0.5430942977254404,0.959125
CNE100000YJ6,0.3533807790546696,0.5167921290707946,-0.2994111645871641,0.2659372882573737,1.2880827901531098,0.7645
JP3122400009,0.173599503245495,0.1654176026748546,-0.076183412784689,0.16337863429968644,0.46005388166009326,0.872375
CNE1000002R0,0.2098765320211055,0.23995283358261585,-0.13665139214947525,0.18631165146216128,0.6371854880166293,0.8248125
JP3898400001,0.11802648612576695,0.20150230330365088,-0.18146599638280683,0.09996655250814201,0.4699267179958387,0.718125
JP3970300004,0.21344025324516647,0.18977134259760975,-0.0673682300157849,0.19781620431294494,0.5456664330132847,0.890625
JP3143600009,0.22637193045334678,0.21386179525119958,-0.08969177882729114,0.20866613276818616,0.5974262333138073,0.8739375
JP3900000005,0.25796744134816024,0.20671812998084566,-0.04845577527939865,0.23963135034478508,0.6245084696137431,0.9124375
JP3902400005,0.16240321032127908,0.2074803678746862,-0.1395906165239328,0.14512153180827678,0.5182771743762108,0.8000625
KYG596691041,0.48709796649826065,0.16134696377924052,0.2367538040874535,0.47883082640068075,0.7648198745227589,0.9989375
JP3732000009,0.23075696093656148,0.1840001943376444,-0.047453160555091224,0.21716350667407172,0.5524667543868995,0.9140625
KR7005380001,0.3187851216635933,0.1686932604798311,0.06491868584420199,0.3072525158096025,0.6071956590515699,0.9811875
CNE100001NR0,0.36135626985984426,0.23967633310603018,0.010648033639582279,0.33887231528722905,0.7889421290653926,0.95525
INE018A01030,0.14620260447718822,0.12243729491720703,-0.0434517240716358,0.13996518378919923,0.35733134578134457,0.8978125
JP3756600007,0.5206725636310082,0.23081638650087732,0.17596210292891173,0.50216822260875,0.9280382586204409,0.995375
CNE0000014W7,0.5246162689276109,0.26717883175503854,0.132755763900936,0.5044163658289932,0.9828005379237116,0.9874375
INE030A01027,0.24748781486446364,0.12162572790544568,0.05784447128913943,0.24236874826139712,0.4569187594526287,0.9843125
JP3811000003,0.3003098264719432,0.2775804172995437,-0.09739851003071502,0.2704797392545658,0.8012366696787211,0.885625
CNE100001X35,-0.07109524094679633,0.17236174675931093,-0.32095346159707133,-0.08693869738363047,0.23405428445924867,0.2930625
CNE1000020V4,0.3946518381298658,0.678125205121477,-0.1715711187817773,0.3325370191526911,1.1427920278655612,0.8494375
TW0003037008,0.18703824389870585,0.19498818959861605,-0.0994061023013958,0.16960367732617002,0.5322899402511436,0.848875
CNE000000VQ8,0.34626734584580254,0.2327666389686488,-0.0023405541762016244,0.32968832253639013,0.7538215016883031,0.948875
JP3371200001,0.23689976838091303,0.1849236527872283,-0.03992121712647064,0.2245295023786572,0.5611663798177343,0.918
CNE100000TP3,0.23777296568214767,0.22746888485787173,-0.09933103356777842,0.218491418052445,0.63227941853611,0.8716875
JP3866800000,0.14617708902422324,0.19307046832896382,-0.14332269978415094,0.13207574889615128,0.4874269498313926,0.779375
TW0002383007,0.20783415405232009,0.22002953716544635,-0.11610791569733843,0.1900452563495015,0.5934860275765481,0.842875
SG1T75931496,0.2251361450691338,0.1826800665177545,-0.051192584089318975,0.2129362618978122,0.5438664183202561,0.9073125
KR7373220003,0.42644281665817857,0.1779837886677196,0.16189312905917747,0.415759659753835,0.7313310415194214,0.9954375
CNE100000PM8,0.1624687922011119,0.27377509254636695,-0.2243413065846583,0.1295578322230126,0.6510631014517769,0.7228125
INE009A01021,0.28967016622697955,0.12176864508235284,0.10073841503043297,0.2840970070917004,0.49696273449696,0.9929375
INE044A01036,0.174757946221059,0.11732701599521321,-0.005310275528672568,0.1695088262663983,0.36999118840735773,0.945125
CNE100000N79,0.20397360244230942,0.4671644949338269,-0.3795437360164993,0.12734706319378924,1.0432096196111733,0.6395
AU0000154833,0.10096644072342688,0.18593106813393878,-0.17252339038694572,0.08859366241601653,0.4241144440971979,0.70375
TW0002303005,0.0236845487265907,0.15784187588362325,-0.21213979209055464,0.011859371082019569,0.30366035845035977,0.5345
AU0000224040,0.09221428558160501,0.20238087809004268,-0.21088528071654564,0.07594505449243011,0.4480321399806415,0.66575
CNE0000016H3,0.499341929871367,0.38599408046942796,-0.03731240200512474,0.454075908922412,1.1857573085885609,0.9344375
TW0001303006,-0.010833978604126935,0.3510702254301008,-0.4586630123608628,-0.06357861910105023,0.5956644347582476,0.413125
JP3635000007,0.19914530468803784,0.2498889430129836,-0.15696306066426244,0.17675752524293617,0.6222568455151232,0.8054375
CNE000000XL5,0.21760396939846402,0.33535676211432475,-0.23275479395211723,0.17124189000013668,0.8316049434429859,0.7368125
AU000000TLS2,0.05461908125804134,0.15897110162211198,-0.18411006523964915,0.0431797722613242,0.33298796736644437,0.6213125
JP3837800006,0.2340964787062277,0.19487175010364474,-0.05693627194138263,0.21944178133855038,0.5752816402187473,0.9036875
JP3463000004,0.25725054475533693,0.18900751499332608,-0.025401050045831083,0.24377130557038856,0.5836460693784173,0.932125
JP3877600001,0.12990381829392025,0.19704020573542383,-0.15756055473295447,0.11419080984946603,0.47154993027971953,0.750875
JP3404600003,0.1936542160032894,0.2212444685333623,-0.12425767666196771,0.17390972592430853,0.5723606784727198,0.8278125
KR7207940008,0.44058347587644897,0.1739885542573465,0.17558788081231405,0.43091925310166423,0.7361658399414945,0.9968125
INE585B01010,0.19762608673316667,0.11462838594148661,0.020560792245169,0.19300375556857097,0.390143976557828,0.9659375
JP3164720009,0.1672315331943624,0.2535168695673687,-0.1900019812137466,0.14121242213454221,0.6152556802199955,0.7471875
CNE100003MM9,0.2107586960729841,0.2161560365608033,-0.11747889012148073,0.19489309360738624,0.585890659695404,0.8516875
JP3407400005,0.34498284981481403,0.3082348376335986,-0.08151367603433923,0.31091398716531515,0.8914940692331881,0.8975
INE814H01029,0.15861567316747385,0.22765695679881817,-0.17154318127305726,0.13673208362909073,0.569976034197401,0.756625
KYG9808A1058,0.4043815547737156,0.19881820508291836,0.101101586465613,0.3907833701447392,0.7527466371391295,0.98575
INE101A01026,0.31141900476637685,0.13088445255695572,0.10968943378150503,0.3036740225862641,0.5380784791666285,0.9946875
INE280A01028,0.12484595679947638,0.10768386702825014,-0.04044577581752039,0.11871674388277756,0.3072229966376231,0.89175
AU000000CSL8,0.5953252418308637,0.26627400035680576,0.20528854575039673,0.5738521362975744,1.0518185908955135,0.99425
KR7326030004,0.6273179343725847,0.3305562121606851,0.15624154526598572,0.5950225836879202,1.2177990750512142,0.9885
JP3481800005,0.09178924698165421,0.17989756010329447,-0.17108263689102082,0.07665573566947696,0.40792540421186396,0.6889375
JP3548600000,0.21996588764309996,0.1766878067457174,-0.04756384412779716,0.20807947775551816,0.5217047177726603,0.91125
TW0002408002,0.11654689375905097,0.24689879261824232,-0.23039393657716176,0.09064141857607089,0.5534578459777941,0.667625
INE742F01042,0.21416915600073136,0.13897785965742812,-0.0012211523133851363,0.20517717067855107,0.45186115989010556,0.94925
CNE100007D90,0.27409356761374043,0.3347082625448621,-0.17921963505108374,0.23642133215692512,0.8519832552587051,0.8088125
TW0002345006,0.20383667418401924,0.2558525917479688,-0.15102667580529733,0.17531101310136327,0.6433135179452453,0.8055
HK0992009065,0.25637608339423823,0.20199657120508968,-0.0407123559608991,0.24141441416973178,0.604407446456846,0.9199375
JP3304200003,0.005701637781622482,0.18973974755149692,-0.2739221521381662,-0.008264689894617785,0.3430071889324092,0.47825
KYG6382M1096,0.5632336067262523,0.40556959240938323,0.01004068229900045,0.5142393078696901,1.2893464495879738,0.953125
JP3429000007,0.17378653276481848,0.3037084343510569,-0.24608919887898434,0.13883514089550988,0.7141430659694364,0.7099375
JP3818000006,0.3344300728228068,0.23980815658265056,-0.020638728724360293,0.3146784502762248,0.7560326755850877,0.9385
PHY1001H1024,0.38830973130815066,0.4558881166213767,-0.21168069961775796,0.326561274179189,1.2091350658333815,0.823
HK0000218211,0.12503444464378308,0.2256007805247566,-0.2030933177220159,0.10251090526266673,0.5292045906035027,0.7025
JP3538800008,0.1754989303169042,0.20503434809587814,-0.1257573090435617,0.160727879981381,0.525659274809385,0.82075
KYG9721M1033,0.14338622732982617,0.3310761420630858,-0.31203571227388277,0.10086936025710089,0.7446089650061387,0.64575
JP3854600008,0.2037130611360723,0.17725867343834661,-0.05920793288939763,0.1903941836893733,0.5135230438996256,0.8918125
AU000000FMG4,0.06860474898596833,0.15988371123054415,-0.17244688634062347,0.05483708537781336,0.3499702489588952,0.65425
JP3733000008,0.3464029468682517,0.25649082689013025,-0.019847461875310377,0.32108745191020094,0.7999182761550242,0.9395
CNE000000W05,0.39825085238334007,0.456100472321333,-0.1915153908043852,0.33651873912670416,1.1958501042806984,0.83825
CNE100003RV9,0.36483722520620393,0.26305771996751326,-0.012141154734887178,0.3408690850477222,0.820107984251527,0.943625
CNE1000062R4,0.5352866561623978,0.5345979269298538,-0.15353279814420936,0.4503799593705271,1.511763690341699,0.880625
INE481G01011,0.23947779457248639,0.12086909343814344,0.054604564943406805,0.23282039431963553,0.44552248434493713,0.9835
JP3802400006,0.10502410112636397,0.15673505021657647,-0.1289983031359825,0.09327928741174939,0.3778353996809336,0.7554375
JP3539250005,0.14065685194225835,0.21088254786955135,-0.16441268517611152,0.12140234325203353,0.5039519833727052,0.7529375
KYG217651051,0.16675036844539948,0.2678414434048054,-0.20631277894470626,0.13745341756951285,0.6387908660684398,0.73325
JP3634200004,0.1303198161002185,0.24111126193466856,-0.21314852598905087,0.10773804328166217,0.5524313668537798,0.698625
KR7012450003,0.4838465512882965,0.20277749123278985,0.1765008342329578,0.4728955125173956,0.8286332158794071,0.9949375
KR7028260008,0.21492286363402013,0.20145083656721446,-0.08399121488756399,0.1977827109505707,0.5627541448501449,0.8761875
AU000000WOW2,-0.027743222088296358,0.14275261273906353,-0.2426732593748242,-0.036917116936480705,0.22044070959357126,0.389375
CNE100001T64,0.24508915421130376,0.39044803619997465,-0.23701760494823598,0.19898791686194667,0.8630464199151966,0.7608125
JP3172100004,0.03669895222418511,0.2714949529045758,-0.33281271270359075,0.0027830337749043185,0.5152763865594402,0.5046875
INE860A01027,0.10093797820648694,0.1053401382221158,-0.05964562460617761,0.09501798763571781,0.2813907642791544,0.8450625
INE154A01025,0.24533893441968746,0.13702094712435506,0.03294952725874534,0.23869771280337834,0.4787313620703698,0.971375
CNE100003MW8,0.34357948725281134,0.46905193671170986,-0.260780418173432,0.27112472106389734,1.1854403379166654,0.77975
KR7302440003,0.1529014965635961,0.43812855608099,-0.3588940195016738,0.08936956781512342,0.8612349948106021,0.6100625
CNE1000030S9,0.269762160874026,0.3652422021319311,-0.22514428460309302,0.2177080573632037,0.9370135594777509,0.779
CNE1000004L9,0.26844692623571736,0.2207495671295651,-0.0514855039531152,0.24923084830001632,0.6548366403174667,0.913125
CNE100003MN7,0.24235302079396923,0.2978587524466793,-0.16707793086474057,0.21012654392707136,0.7664726872834063,0.806625
KR7329180004,0.39191190687994354,0.20550864839460625,0.08340888211653083,0.37705259793776025,0.7467575394094856,0.9806875
JP3605400005,0.2844364578143008,0.3585387828173969,-0.2034794991812252,0.23727197509725867,0.921437430766898,0.8040625
KYG981491007,0.4002923292068216,0.23709339886875253,0.051292074193635406,0.38053141911346955,0.8218352715389715,0.97175
INE733E01010,0.3169708781610281,0.14477124866567515,0.09023482113934947,0.3101312191555657,0.5660171155336432,0.98975
CNE0000001D4,0.3020931741395398,0.19673582385963354,0.010395258395311642,0.288817712435689,0.640498175174159,0.9555625
INE917I01010,0.11056453609996982,0.10505363930196829,-0.05110127023773371,0.10518420498388667,0.2891788265996428,0.8685625
INE066F01020,0.26726644431321533,0.160738547023333,0.023233363005349356,0.25891314603619603,0.5421407498309776,0.96425
CNE1000018M7,0.25816529670142047,0.23183736165316243,-0.07746581596071202,0.23834499422895494,0.6683430385337154,0.889625
CNE100001RQ3,0.3642117765027818,0.26569519930819513,-0.020373871063157422,0.3395912647797078,0.8302724727895316,0.9399375
TW0003017000,0.3122787353668849,0.2122108435594957,0.007403157310362347,0.2956206389250102,0.669195993125815,0.9545625
TW0002382009,0.3768465931504624,0.2040955192771192,0.0693488614093248,0.3635740475882359,0.7277346086563872,0.979625
TW0006669005,0.3008139033671261,0.20896700577823224,-0.006198712164861848,0.28419890959641814,0.6706972769433495,0.9466875
KR7000270009,0.364166867789124,0.17111758309236785,0.10593396297430867,0.35323083103943603,0.6589211864428628,0.99
CNE100001Y42,0.22125885061916767,0.4566816940744328,-0.3534522230041301,0.1460954318416819,1.0456139673586602,0.664875
CNE100001XQ1,0.2491919214393409,0.3101813051712863,-0.1825215370576516,0.21128701672470057,0.8053147967575794,0.7980625
CNE0000016J9,0.2759696515752881,0.2782864774666944,-0.11695365091426527,0.24418067714902159,0.7584542265142851,0.8624375
TH0268010Z03,0.10173028409609938,0.1474996069957657,-0.12134298966853901,0.09208767339522306,0.3576606335248851,0.7638125
INE019A01038,0.11517355327385811,0.11278059323697102,-0.05695649301414492,0.11002851722810571,0.30699527077071453,0.8655625
TH0646010Z00,0.2060533860474093,0.16293186276324326,-0.036506099187681704,0.19605557965115514,0.4849448839506544,0.9175625
INE213A01029,0.20424263010192498,0.1393750311399358,-0.009756782044680645,0.19677962258666598,0.43897731550216257,0.94325
HK0669013440,0.23515481747858114,0.1824352396891203,-0.03921866229261633,0.2243468712702049,0.5477008704994522,0.9185625
JP3249600002,0.043439269445969445,0.185180810981842,-0.2272194319923971,0.026749662121958354,0.36917825775900476,0.565125
CNE100000MJ1,0.3201181962728125,0.5092234575714206,-0.31644455835997104,0.2375923677099169,1.2164482767187819,0.7369375
CNE0000016L5,0.2408933259640873,0.43176647501098653,-0.31227453907598957,0.17495440318860542,1.0168871890944862,0.6985625
CNE100003GF5,0.21020780996895574,0.3978115073411298,-0.305281925857776,0.15658363044181728,0.8978096831417153,0.6924375
INE427F01016,0.3016006277091663,0.1771949662706443,0.03231053204779349,0.2894188197586154,0.6050209604672341,0.9680625
JP3119600009,0.1567033266388317,0.19402189105498893,-0.13256720000785854,0.14174795952499852,0.4906744113307917,0.801375
INE263A01024,0.2667627392260125,0.138245252205586,0.05390943508817142,0.2599171722512342,0.5052783363420458,0.9806875
JP3422950000,0.18111274983716952,0.18348296171965248,-0.0967755368530152,0.1659889714223523,0.500416468208987,0.855625
AU000000MSB8,0.847834046844132,0.7303085620612806,-0.04410877483255218,0.7263647213946174,2.1499721582069973,0.936125
KYG211501005,0.4718866088841154,0.2698920429753429,0.0755124537590467,0.4495408331048223,0.9441758033451297,0.975625
CNE1000034B7,0.4845006115243445,0.4251963258446885,-0.09035735099100975,0.4339856319583964,1.2210536518710544,0.908875
CNE000000CG9,0.3614781963759608,0.20737308670252314,0.05279137904705822,0.34585628419994985,0.7215085431892838,0.973875
CNE100000F46,0.3691203948306556,0.3348626402488854,-0.1013509980023654,0.3302563415295613,0.9730902157408929,0.8913125
INE021A01026,0.036176689420464384,0.1082912289282,-0.13333286843480405,0.030782447876122436,0.22038922354303905,0.6235625
TW0002059003,0.22426443308342223,0.23239238684430738,-0.10621426548126724,0.20138238248210552,0.6216928592670982,0.8560625
INE192R01011,0.04999316936684139,0.11556586147589058,-0.12899966625997084,0.0451223181327238,0.24686747186585528,0.66275
CNE100002T71,0.25867843554389097,0.3869163468808785,-0.22764117222463046,0.2090056546716239,0.9014022134671329,0.774125
CNE1000022N7,0.24588935618896482,0.31089056875352433,-0.18267279133092632,0.21175668517364346,0.7971754529819977,0.7974375
INE522F01014,0.07749589317624747,0.1390996380840839,-0.1316571257268551,0.07027969655856953,0.30992054128173974,0.717125
CNE000001F70,0.33159447480426296,0.22570994413695988,-0.0016204797467088698,0.31461986990135316,0.7207435466892906,0.9488125
KYG3777B1032,0.5106720568279496,0.19306039267513445,0.21844772502969192,0.4969884668540765,0.8427233096312533,0.9978125
JP3294460005,0.10706563012317497,0.20968435077090058,-0.20005034296065435,0.0882705799747031,0.4750874717159646,0.688125
CNE100000V46,0.38009690550894415,0.1869537176361781,0.10087584164742679,0.36773097470371885,0.7013644945827617,0.9875
JP3979200007,0.0840964737315869,0.18290459474646206,-0.18773689794079898,0.07078083850261065,0.40017373156939673,0.6696875
TW0002360005,0.16460475419170117,0.22053921284110922,-0.15584794061739704,0.14344393560507498,0.5603746686713721,0.783875
KYG532631028,0.6082915264980576,0.19023786516410476,0.31956351290400814,0.5970845687863053,0.9374339202434527,0.999375
CNE100001YW7,0.0858712668804562,0.28892324578364215,-0.2956445980921035,0.05261450496326542,0.5698167329432919,0.586375
INE081A01020,0.1448439565980737,0.11959817210915041,-0.03753195049720433,0.13745261895491273,0.35427949421019395,0.9038125
CNE100003LF5,0.31621922387719414,0.3865485688607663,-0.2067888831167686,0.267165724500116,1.0064360590856691,0.81075
CNE000000JP5,0.37183456469174586,0.18855439847684677,0.08686554502273884,0.3597486479293802,0.7013414976868014,0.9855625
CNE100000CP9,0.33087636458293407,0.38252591573696176,-0.18900137242555032,0.28128792045682294,1.0163909927058776,0.825125
JP3783600004,0.14450477838899742,0.20338919246039816,-0.15527205607075265,0.12685904154056807,0.49561545225743836,0.769125
KYG549581067,0.42283365813288787,0.18189277209034674,0.1460939679990508,0.4119365446678336,0.7384439411295759,0.99275
KR7035420009,0.4681927891816544,0.18205768520725407,0.1862432899537965,0.4596124738368187,0.7813598041159513,0.9961875
CNE100000528,0.326492940557065,0.30863615928298593,-0.11755078738257668,0.29616822719849933,0.8739193629255122,0.8763125
INE038A01020,0.061762672486629554,0.1203942651524016,-0.11945215583835159,0.054411503348154436,0.26700734021319245,0.6975625
JP3388200002,0.06258606360931919,0.25513697372643696,-0.2961352318535803,0.03169690273200487,0.5178088820306365,0.557
CNE000000V89,0.3133227803350455,0.38154294514497505,-0.13504558818326856,0.27469487526804137,0.8673016702066388,0.861125
JP3397200001,0.35973754160975024,0.22002654621624596,0.03771737843858087,0.34214693133843854,0.7420476609820728,0.9665
CNE1000002J7,0.14523067339575182,0.2370073664712171,-0.20114182110989384,0.12213286369730603,0.5663082861963233,0.7298125
CNE100003373,0.241373284143666,0.2593464286167883,-0.13206400966774437,0.21569980131296412,0.6936828602533159,0.84075
KR7034020008,0.39438865058748157,0.2172625247239016,0.06783926849272097,0.3795106723566469,0.774250731855287,0.9775625
TW0002412004,0.0352252314921804,0.2795019703674436,-0.3521843879686413,0.0010100580321497654,0.5267524277700375,0.501625
CNE100001SL2,0.30050285523123305,0.20997363683839748,-0.01235476641247319,0.28413698737910115,0.664098408441424,0.943
CNE100000SP5,0.24170779611874313,0.3605232532716999,-0.23724215224784287,0.19136563570502477,0.8845375402239879,0.7549375
JP3830800003,0.08752468078651063,0.1809662844124749,-0.17370773831487316,0.07411572436749299,0.3933404772123192,0.6851875
JP3198900007,0.23663650301654598,0.2186590406808073,-0.08259303039180342,0.21701196276519494,0.6235722599592507,0.883
JP3551500006,0.21634015986495833,0.1770548495444465,-0.053342718265436934,0.20368034194576407,0.528187273273763,0.905375
INE239A01024,0.045352928807184285,0.10091348507033082,-0.11272398388978577,0.04131288361579662,0.21786987709911748,0.6751875
CNE100002VW1,0.16527742849810165,0.31700029151871584,-0.2591870639649242,0.125394919229258,0.7228997727730723,0.6896875
KR7012330007,0.2572344786262975,0.157715522518363,0.012478276483359441,0.2490361437659641,0.5263954159628924,0.958375
CNE000001G38,0.21738409967364186,0.20656657165340553,-0.0882884791831411,0.2006955299249209,0.575284563180072,0.87325
JP3162600005,0.19844212451792534,0.19746852274997134,-0.09277366603178012,0.18365169020275246,0.5424539396061631,0.8560625
JP3148800000,0.21241229034842019,0.21202063597185875,-0.09983326360038174,0.1956492904044977,0.5792004012960703,0.857375
JP3475350009,0.6634589309172881,0.3258111109932175,0.24155443060886364,0.6363784304948809,1.172235369072213,0.996
JP3814000000,0.2781095854156763,0.22210582683425825,-0.050880052961775654,0.25908788148151596,0.679599530017924,0.915
CNE100001T80,0.2019515446776523,0.23833011665597226,-0.14220024666225242,0.18041549652706906,0.6200512741153754,0.8121875
INE752E01010,0.16758831428654866,0.1414793564563667,-0.04690589582586451,0.1580712595699016,0.41087601420065417,0.89925
CNE100003G67,0.607072924904327,0.25326324741143247,0.23878398192363182,0.5864751018431102,1.0453716818188168,0.9965625
TH0765010Z08,0.0979148120229777,0.14328808999907608,-0.12267135885936141,0.08856146099257939,0.34647313361912374,0.757875
AU000000ALL7,0.284163519893945,0.18157423331183054,0.01111169673688207,0.27255302252739244,0.5988063676232801,0.9564375
KYG040111059,0.549032105758844,0.1770003353654879,0.27562172410273567,0.5393356566541994,0.8503790613208202,0.999625
KYG7170M1033,0.5119316783550119,0.22314879305849142,0.17592169001547064,0.49560685007361394,0.8994587570815553,0.9951875
HK0000049939,0.37864341651278316,0.2847077591783642,-0.02871311436135719,0.3471940267178357,0.8909055482753419,0.9354375
CNE100001W02,0.34070765224069477,0.3516474104503903,-0.1540465174371229,0.3006588932601545,0.9809208869624302,0.8545
CNE100005998,0.22278425901539226,0.380413305886638,-0.28136444513497183,0.16817503786698557,0.9097772195137195,0.709
INE103V01028,0.33197688183972834,0.42867520975476836,-0.2312364138959712,0.26989950566250986,1.110100185503478,0.7969375
HK0066009694,0.004244297598352837,0.17894065259289488,-0.25236692549071665,-0.011594750449872189,0.31762891647976843,0.471
CNE100000L63,0.3970276150863756,0.2166030745089821,0.07388502078019935,0.3799956838438402,0.7760533308609441,0.98
INE267A01025,0.15696537822225576,0.18830515035127346,-0.12137950707079258,0.14093354964962368,0.4836098966953377,0.809625
SG1F60858221,0.12551852882807057,0.18223308089043475,-0.13661060809972955,0.11048670486041502,0.4273378736485202,0.7680625
HK0002007356,0.13274336361310238,0.2229259652135005,-0.18648192601281052,0.11055953545369172,0.5313791037310359,0.726375
JP3942400007,0.1551917880992122,0.2040171139116837,-0.14603387611773272,0.13968800886612834,0.5133105494844379,0.787875
CNE100005VF9,-0.04563466834065889,0.3179367478052432,-0.460616812256821,-0.09041700676046548,0.5235908084273211,0.369
JP3379550001,0.2782316258905779,0.3054629748648295,-0.14414196251752112,0.24439970519610418,0.8222507666701812,0.84275
KR7068270008,0.4765715669243663,0.1879875154472051,0.19210402537010476,0.4618556872040408,0.8031918102788419,0.99775
THC903010005,0.251424083019579,0.18984428199697445,-0.033513449236457105,0.23696543515672608,0.5770835427055184,0.9255625
JP3695600001,0.30032431842748325,0.39438250654203466,-0.22527080925879245,0.24134439488390663,1.0131800680461838,0.792
CNE000000DH5,0.488505195416351,0.2977086545622123,0.0713827284450523,0.4596453667587985,0.9987358919139231,0.974875
CNE000000SW2,0.3257420987238796,0.3516762449731875,-0.16137889496405933,0.28429662486994906,0.9517400685006419,0.8416875
JP3118000003,0.20444873273000286,0.19647948623466036,-0.08836939193288458,0.19046208618227306,0.5447084387713625,0.8721875
CNE000000230,0.3890411304110438,0.23510780112797292,0.04428278167828508,0.36935109900008434,0.7994457264120719,0.9689375
CNE000000YM1,0.2426987227921929,0.4078001741247753,-0.2960599155778353,0.18226619252952944,0.9850321001854828,0.7158125
CNE100000F87,0.05177224073645869,0.3729485292020768,-0.4321423782176815,-0.0022134693569433265,0.7159183714177154,0.4975625
CNE1000001T8,0.37595436524823156,0.29193182790327254,-0.03733888439272705,0.34434266117390494,0.8954276046505686,0.929375
CNE000001M22,0.10220957131076741,0.16570024063731711,-0.1500208574354386,0.09219352600334224,0.3927420881326113,0.733375
CNE000000TK5,0.2987360110952369,0.31926102781438354,-0.14885890232913182,0.2634390846429959,0.8612233977259631,0.8511875
AU0000030678,0.09316276361980491,0.1678441635295109,-0.16107291870201335,0.08071173033226392,0.38513616676794804,0.709
INE066A01021,0.11988140622288537,0.10737206117062705,-0.04560857356735941,0.11501089169192331,0.3029932500602325,0.8830625
CNE1000004Q8,0.3229028579412827,0.37900419167072985,-0.16282053202753882,0.26968583351432995,0.9688155905680823,0.83875
JP3546800008,0.3908103725407557,0.2465645153091184,0.03305201710109668,0.3688266169781229,0.8147179823370415,0.96625
JP3386450005,0.21626451929963497,0.2605289765276549,-0.1553990462364795,0.18961889046460123,0.6768130185612619,0.8095
TW0002344009,0.2051950625585531,0.4737142429257598,-0.3336550179201587,0.14152795426188325,0.9417222665654387,0.66875
INE646L01027,0.2738493668613239,0.14991041386221615,0.045934681797071476,0.2647592605995216,0.5303524944131903,0.97675
JP3381000003,0.25590819196298276,0.28378439398493066,-0.12327241235228832,0.22422952114650246,0.734469511880119,0.8528125
CNE100000L55,0.2676225248107313,0.27769247848146084,-0.1251650576071863,0.23649931829649748,0.7576466743344727,0.8576875
CNE1000019R4,0.13608519805257588,0.1742737932907563,-0.12564126060559375,0.12390907726528574,0.4388930368664703,0.7910625
KR7010120004,0.2398904269255509,0.1901862340695694,-0.03962526636810975,0.22524404506306428,0.5711531677206177,0.9184375
INE242A01010,0.11305730328599785,0.13038680702585406,-0.08246530989589083,0.10550308529523794,0.33529938182202323,0.8218125
JP3242800005,0.2245117299387915,0.2314630670638211,-0.10752089138133909,0.20305787904918166,0.6293395827364008,0.8539375
JP3566800003,0.13800533233215487,0.21442162454760472,-0.16664484220894418,0.11942807192216463,0.5128880903125789,0.74425
CNE100002TX3,0.3014402031600032,0.3363278370742067,-0.15711067647963334,0.2585300600966999,0.8940940056307464,0.840125
KR7006400006,0.28875611169829246,0.1860170627402902,0.010728158758201309,0.27742564807738634,0.6152502405796714,0.95625
CNE100001T72,0.33740886956317634,0.3919651441906941,-0.20039649738499618,0.28663085689947587,1.0449828703120616,0.82475
INE047A01021,0.22858897793663455,0.22684214561301,-0.1036440057793078,0.20831327737840277,0.6215747986047208,0.8650625
CNE100006V65,0.32561223030290015,0.28637227256910525,-0.08172366927165647,0.2947273742253065,0.8330798847375352,0.8969375
INE494B01023,0.10148916433192785,0.10940434778119726,-0.0683033513954121,0.0970515105001431,0.2892758043693089,0.8375625
CNE000000T18,0.3993731765535127,0.42827307272066195,-0.16300201539914255,0.334597257739261,1.1646424257359742,0.8569375
CNE1000048D3,0.33359226104844225,0.4616281327996363,-0.2391351192245689,0.2700134778888224,1.105422833620954,0.7919375
KYG970081173,0.30512854916373516,0.18009888330041499,0.0313813874173273,0.29387206775716856,0.6126700638499566,0.967625
CNE000001CS2,0.10281853056041093,0.2968745040606872,-0.2992595137898873,0.06555421257377286,0.6225837812702908,0.6090625
INE685A01028,0.14015329264183476,0.12438852189327064,-0.05212096770869989,0.13358981074354892,0.35242902863478315,0.885125
CNE000001PQ8,0.20282168340003967,0.3737609727906387,-0.3021580488465587,0.15189545985675718,0.882325573351618,0.69375
JP3734800000,0.268817218558392,0.3386243903524791,-0.12147106432915711,0.23675251553417562,0.7514506129884848,0.8529375
CNE1000073Z4,0.4671957458849656,0.3842569838576745,-0.06131104206498829,0.422417288363454,1.1447290122205653,0.92
KR7034730002,0.2487246889122862,0.2658014048034897,-0.13525330899381702,0.22527308852003158,0.7196691663088823,0.8389375
CNE1000062J1,0.4479404656069763,0.209993495593641,0.1304057436779273,0.43383650758872944,0.8047418699827813,0.9898125
MYL5347OO009,0.27975161309208874,0.16406523074184484,0.03154136592585091,0.2690317403289251,0.5609557460888683,0.9676875
TW0006505001,0.1747094609426109,0.4328911197460523,-0.36187807353662726,0.10944867832835806,0.9254128263396009,0.6318125
BMG2178K1009,0.2501899211139346,0.19422254702929542,-0.03891049286702525,0.23758480889308742,0.5842325565646055,0.9229375
CNE000000TL3,0.2741839203014331,0.255295505815826,-0.09236741142184815,0.24886886253044804,0.722689948318488,0.882875
TW0005274005,0.153578685849311,0.19902664507786857,-0.13824082127089435,0.13612597102697377,0.5049147923879059,0.79175
CNE1000003K3,0.3983291626098283,0.33372368009352893,-0.06582168636719629,0.36011707892960015,0.9988069340728034,0.917
KR7066570003,0.18603974960232733,0.1812388608861571,-0.08375500138128872,0.1721767824282543,0.5051773855490255,0.8679375
INE075A01022,0.1197244210549702,0.10595085197803229,-0.044062699621108405,0.11510363466268572,0.29726911099790704,0.886125
KYG4818G1010,0.46416624683894325,0.18147844564579174,0.19173271543514098,0.4547423030998746,0.7717224050701864,0.9964375
INE1CDF01017,0.4136498013794418,0.27437984222130213,0.019877376249176168,0.38712871725552944,0.8860161056363974,0.958625
TW0003231007,0.2511107512000259,0.2388699174343021,-0.09347158488545981,0.2276513023558081,0.660842617016565,0.8775
CNE0000015R4,0.41234010637890767,0.2939881573896666,-0.00438103981581981,0.38463610645488,0.9223903868969956,0.947875
KR7042660001,0.463647811861042,0.23272017234092013,0.12030817510803271,0.44752454495845884,0.8720082800321989,0.9881875
JP3266400005,0.17449196959506688,0.2279821739494378,-0.15245721476191923,0.15294029500809628,0.5779839989814832,0.7905
TW0008046004,0.15708136331375228,0.25907819133079346,-0.2081349818240625,0.12870758418046863,0.6150259903657702,0.724875
INE931S01010,0.119405369392527,0.23591325840758703,-0.21263787762668898,0.0946122501517271,0.5317076621974828,0.683
INE0V6F01027,0.21031829217481793,0.13666033694663635,-0.004798230855420389,0.20406562168722736,0.44448061023988783,0.946625
AU000000NST8,0.21431899427231732,0.20536226416374487,-0.08455072595960593,0.19676115063031652,0.5733676086782781,0.8741875
JP3933800009,0.4145907910897122,0.237149993430402,0.06412934377747122,0.39698878458847087,0.8271054094305416,0.974
CNE000000GF2,0.35621914447727515,0.23561868079016385,0.008956886514260364,0.33672035023075086,0.7699311267898373,0.954
JP3134800006,0.18538686057856396,0.23732347727498493,-0.1558487750260257,0.16231088005487,0.5997887147838883,0.7933125
SG1T56930848,0.08212702481179782,0.21644785863054217,-0.21691544779894617,0.06302894504214526,0.43906838474050813,0.643375
CNE100003PM2,0.38821206523227686,0.2583067230891487,0.010517498664961326,0.36482528884422666,0.8430622810012754,0.9549375
SG1V61937297,-0.031144109992521606,0.1514342961790298,-0.25795139144153545,-0.04242498966410718,0.2364596011572023,0.3795625
CNE000000TY6,0.3955883545582179,0.33400906092141,-0.06680586061095355,0.35652155598140256,0.9915622147382528,0.9133125
TW0002357001,0.15620018417226303,0.23128807981625446,-0.1781394234907387,0.13536102957080415,0.5680092351744751,0.754
KR7009540006,0.33440454864445507,0.2278920558198357,-0.0025301827814126054,0.31484373318208,0.7341285488485191,0.9488125
INE918Z01012,0.17244133868185604,0.15271146491443852,-0.057081983822780076,0.16104618427338618,0.43711930614344296,0.889125
KYG4990A1040,0.34072526312856805,0.19414068733113457,0.05091283032752934,0.32641957558448187,0.6822160686173174,0.975125
TW0006223001,0.15798333435726217,0.23364136113812112,-0.18120244109194586,0.13646020028087946,0.5691072717350973,0.7549375
TW0003008009,0.08183742299091566,0.17456603369566073,-0.17862498731459517,0.06860039385352446,0.3856549374238767,0.6753125
INE343H01029,0.09362502094865306,0.19018077867015765,-0.18465900524388026,0.07516729311015644,0.4252361395715194,0.679875
TW0002301009,0.2194717733332028,0.2388405818559233,-0.12574693766265202,0.19475789869724736,0.64451912822793,0.83925
AU000000STO6,0.3123184512760439,0.23495628691830242,-0.024220939391110856,0.2912199619226018,0.7256433729839854,0.934125
JP3368000000,0.2023184741353217,0.25796394662259015,-0.16376793311616292,0.17442526180609058,0.645694832256365,0.7948125
CNE0000018V0,0.3144537203425226,0.363197816770894,-0.17710341736927612,0.26745845984424765,0.9676399802085609,0.8305
MYL5031OO009,0.09688526506440912,0.21117349676763755,-0.21102138463356168,0.07717235511592582,0.46247356178970267,0.669
BMG507361001,0.32686972937748443,0.2575837173959231,-0.04380333355335934,0.30307758597164525,0.7710766045107509,0.9214375
TW0003653002,0.1714753759580896,0.2593260686007107,-0.19072392555492296,0.143236355230072,0.625625603224343,0.75325
AU000000BXB1,0.21216010726529066,0.2028914738384042,-0.08750563245254257,0.19633128118774557,0.5633104726231049,0.8710625
HK0027032686,0.42165076624835196,0.18676776169276207,0.1428417688373222,0.40806652136774524,0.7453471794409011,0.99375
JP3205800000,0.21248193816021704,0.1974053844623319,-0.0830957097826843,0.19693899906809126,0.5593458882588419,0.877
JP3126190002,0.1619671041562758,0.2558078371441102,-0.2093074776206506,0.13672553783749522,0.6175195234172857,0.7370625
MYL5225OO007,0.20047161146811102,0.1481733998228286,-0.024814627322951834,0.19226254064214943,0.45560274631227216,0.9263125
KR7267260008,0.27379723216814805,0.19859869263687824,-0.025608307047400518,0.2599043604173288,0.6156901898558323,0.9325625
CNE000001KM8,0.29771905986806935,0.258891511431916,-0.07420289740788313,0.27581899446784414,0.7390557596917275,0.9003125
MYL7277OO006,0.2787622187965039,0.21856053774805678,-0.03480468806887999,0.2593987898226411,0.6570893385659401,0.9259375
CNE100000338,0.5440189720453518,0.28007463947393874,0.14363896922997935,0.5174512471833156,1.028225558689409,0.98925
CNE000001F05,0.2072952433047895,0.29678683461471356,-0.2066372720278247,0.17537685786886864,0.7431776787467215,0.7591875
INE318A01026,0.07464096209229151,0.13698876266191037,-0.13474546430087342,0.06573156809228375,0.3140415234706827,0.7040625
JP3778630008,0.3002874166354235,0.20969054143477803,-0.00718152528860736,0.2837082130497081,0.6617830801620779,0.9455
CNE000001FQ9,0.36035739506422815,0.45747153412477704,-0.23346985728275352,0.2945725514140647,1.1635970424099797,0.8040625
CNE1000051B1,0.7136531890447968,0.5821844746147287,-0.03534300217767432,0.6356343859590723,1.705282648882343,0.9400625
INE012A01025,0.18995267622252524,0.15454973842216504,-0.040833443427574355,0.17892925354540842,0.4570958345774995,0.91
JP3749400002,0.16446480297674082,0.21663386737444032,-0.14717247538618547,0.14368037751793067,0.5429933009009773,0.784625
CNE000000JM2,0.2500440727748365,0.35268908715026126,-0.21222973327255934,0.20350579080816372,0.8559990451061144,0.775875
JP3826900007,0.24447125540639258,0.35318961336493065,-0.23922984543443251,0.2027390893474385,0.8602473650294994,0.7624375
CNE100005WJ9,0.1942282983055868,0.4100527721061356,-0.3379724095423458,0.13130413180295641,0.9346220261765334,0.66175
KYG5074S1012,0.4206514781650769,0.20010113854731187,0.12525683135226626,0.4056901847719846,0.7684072055788777,0.99025
CNE100000GS4,0.22926447969881728,0.23852623361900482,-0.12044594465401018,0.20839679324971563,0.6484060322249183,0.8510625
KR7298040007,0.3230794122231215,0.2158914598137439,0.005135546237580868,0.3073719781498071,0.69906712598413,0.9529375
AU000000CPU5,0.04517359611094983,0.18271566116698534,-0.22638805486881308,0.030495642721612974,0.36768717278406116,0.576375
CNE1000001S0,0.3363992657672604,0.3441792992304423,-0.14458830331093406,0.29880671531937597,0.9527690304621939,0.856875
CNE000001FR7,0.6104267681748686,12.125436310775937,-0.14817946954620895,0.4176658982999887,1.3523547401400897,0.877375
INE775A01035,0.1225388184133435,0.1418168271074207,-0.09149228322501826,0.1132385992548365,0.3684198094335327,0.8225
JP3762800005,0.40480905228069686,0.22130138544019476,0.07353971484695597,0.3881954497092407,0.7888586261122519,0.97825
CNE100004413,0.25557146331955843,0.5114750967121097,-0.3599819505385378,0.16630353625702854,1.162164225836375,0.6748125
INE1TAE01010,0.2616975122661629,0.17723416536646408,-0.0021101327036738404,0.24778783772645402,0.5656282105449749,0.9488125
INE849A01020,0.27812626352342806,0.1525955805953568,0.0418179245910229,0.26879515495856826,0.5387167256545808,0.973875
TW0003443008,0.16929143123160445,0.20965780297236175,-0.13736163290054962,0.15285508439069823,0.5313475397659682,0.8041875
JP3228600007,0.10792434997283153,0.3120153178428913,-0.30054596813017526,0.06412697819173585,0.660147831104962,0.6044375
JP3639650005,0.35505640933426247,0.21363960772474347,0.04236899614520697,0.3376221091229533,0.730801474627175,0.9700625
CNE100005QL7,0.1894853916558237,0.40107854325998493,-0.342580882256084,0.13220569048540032,0.9138270737517121,0.6575
KR7005490008,0.5297925432187751,0.2409183485785788,0.1814579211304453,0.5109494911855564,0.9527494302767162,0.9936875
HK0003000038,0.18734008812996603,0.22952879040068183,-0.1485426189817331,0.16888729595611157,0.5913651615854059,0.807375
CNE100001Z58,0.3819029077505324,0.4331718184422176,-0.20058795644073935,0.32224362796592193,1.1508369890571981,0.8329375
MYL8869OO009,0.16117412448036542,0.1806792987659324,-0.11207665587619815,0.1474520852606443,0.4743940994213658,0.830875
CNE100002XM8,0.44951165900391116,0.23289014016888768,0.10416717331284422,0.43089304282993646,0.85202387033223,0.985125
CNE000000RB8,0.32281824105864293,0.4089235189843998,-0.21324207237776838,0.26605310906322466,1.0505583779270558,0.8040625
CNE0000012M2,0.24562503250412612,0.2903106442286405,-0.16803625661358607,0.21367337219326965,0.7617558467787334,0.8128125
JP3300200007,0.3631084290596616,0.20042548633749388,0.05962260163254482,0.3497397107319242,0.7095888499898103,0.9768125
CNE100000G29,0.337221501527971,0.22657751372162793,0.006975441953865981,0.31643681434440574,0.7422309166960757,0.954375
ID1000191109,0.7934943820016198,0.4686370610087707,0.15872362225383455,0.7361616688416468,1.6121373270873434,0.982375
JP3293330001,0.1537074443589957,0.24706216687629598,-0.20324966316336815,0.12984715469027563,0.5880755797043479,0.7314375
CNE100000W60,0.13714095542884225,0.36560948557837175,-0.34275003799701775,0.08128865162390725,0.8136056544032085,0.6101875
CNE100006T36,0.6331902732318858,0.28211224284315983,0.22258039177194922,0.6072041229447398,1.132727192284723,0.9956875
JP3421800008,0.10134158495495546,0.292832496222229,-0.293238142579745,0.06276434238747534,0.6282823707131899,0.6064375
KYG4602S1057,0.8481797257222988,0.3297635848950013,0.36276918584525125,0.8209590815087833,1.4250147282106047,0.9988125
JP3166000004,0.18376510568341609,0.2314917957748348,-0.1534509180338651,0.16182483507368173,0.5941026804638407,0.7958125
AU000000EVN4,0.11585846218491727,0.19164238472499565,-0.16229096192758172,0.1001665153766802,0.4505833531393712,0.73
AU000000JHX1,0.1518898768471659,0.16785301498696562,-0.10077983452047898,0.14027285551287322,0.4477746068652269,0.82875
JP3711600001,0.11789254538949784,0.3107367073718015,-0.24090543247153995,0.09137796144081937,0.5527420039788733,0.6660625
JP3210200006,0.2849961017976271,0.337984708305483,-0.16233962331771562,0.24788897307506289,0.8584866153009295,0.8285
INE200M01039,0.29757150627970785,0.15549325083998766,0.05942848499279933,0.2903171353466987,0.5627507609105307,0.9794375
INE669C01036,0.11728608172295611,0.10704880547210212,-0.05073397380456561,0.11168031120049773,0.3011520997399587,0.877875
ID1000129000,0.351824649335809,0.17398395933467461,0.08934272202387923,0.340100581004701,0.6569516685009145,0.986375
HK0006000050,0.23077151459708461,0.2698672069794698,-0.14418788715370423,0.2012754606871358,0.7050246620413332,0.8251875
SG1U68934629,0.11748762698887665,0.18083844609455335,-0.15006922849830606,0.10247430674382321,0.43805367209727997,0.7446875
KR7307950006,0.26603017105485405,0.24731421033625375,-0.09010951476824479,0.24293499775181496,0.6996391307789765,0.8823125
CNE1000052S3,0.28366031753131693,0.4646169166208584,-0.30072190904399443,0.2067139574349502,1.1213204787959945,0.7264375
JP3753000003,0.06284806577692577,0.20835449253531435,-0.2338308026403222,0.041879373471962224,0.43830008657893593,0.594125
TW0006446008,0.19864796857966524,0.34448692366606587,-0.264908226406012,0.15648631506532923,0.8002973987366182,0.7099375
TW0002395001,0.15520652768612844,0.18628992728373373,-0.11678782925219758,0.14097494005918848,0.4718549358105824,0.80825
CNE1000015R2,0.43655908876759436,0.39582940818753837,-0.09037812932217659,0.3873656334169995,1.1369054534772114,0.9048125
JP3116000005,0.34195158266938647,0.22681547736204702,0.006588137036001822,0.32553103977333536,0.7334943957825781,0.953
JP3347200002,0.22646811024796118,0.21912807045212496,-0.09840073095227941,0.20762888215764108,0.613361922763024,0.865
CNE000001CW4,0.3045272482635097,0.4895790017387959,-0.3000597446707718,0.2232687873900422,1.1572961306431089,0.7360625
INE003A01024,0.002120992587879879,0.1175383408017346,-0.17593737117695937,-0.004969866455275988,0.20213278336148616,0.4804375
INE257A01026,-0.012397802228402213,0.16218992852486586,-0.25371821272374373,-0.02504453765405324,0.2696863775173111,0.4325
KR7015760002,0.2801674115013997,0.22031984991911058,-0.044659392930024654,0.2621790479573921,0.6615018704992098,0.921375
JP3494600004,0.09847300786672385,0.20096624976158672,-0.19916768591026324,0.08111233099542078,0.452177713520379,0.68375
CNE100000B81,0.46347281170648513,0.3014153293249151,0.032264872864675345,0.43569953892768126,0.9855912618829078,0.9619375
CNE100000866,0.5152300229388062,0.4396626413658655,-0.08891854808636021,0.4586971831871486,1.3070153261371702,0.912625
CNE1000006Z4,0.06108027469138979,0.20530634527550318,-0.2323849005612991,0.04058343237355774,0.4235558209142359,0.5910625
KYG211461085,0.38029669796736054,0.23541039242994297,0.033948086116499895,0.3612224187412406,0.7937998600277922,0.96525
JP3224200000,0.2851243812216086,0.2245648919620393,-0.04652837217343458,0.2649506064345776,0.6896841157218325,0.91875
HK0019000162,0.13044984808018656,0.24218604156336215,-0.21297295974273342,0.10502814972822813,0.5586697827904966,0.696625
AU000000REA9,0.3704040116945664,0.2283769745256093,0.02961714630014139,0.35278050543195905,0.7680000951824577,0.96325
INE07Y701011,0.0295375341697314,0.15832745859931532,-0.19736365075285425,0.017898193075540296,0.29117637449846034,0.5521875
CNE1000028B9,0.6099558046344057,0.5125648048649597,-0.07004158918333593,0.5392796838444199,1.5357731125202911,0.9215
KYG7800X1079,0.46557374736529117,0.21978866277368156,0.13285199395836675,0.4506125440701345,0.8475920812544362,0.99175
INE029A01011,0.10514209849670207,0.12539760168430705,-0.08905871679291566,0.09819353978516715,0.32263595008773005,0.8095
INE067A01029,0.10934882356641062,0.158802697250637,-0.1305442387880328,0.09827881911111684,0.3850690254163658,0.760375
CNE0000010T1,0.2120015170230708,0.36263202850695647,-0.27206008371174395,0.16222458103654075,0.8618946604190022,0.714125
JP3976300008,0.3016436076786367,0.20079945372600794,0.0016646971877194957,0.287483847404843,0.6493388359238523,0.950875
KR7010130003,0.37432643950182437,0.3834558074530301,-0.1467931167429926,0.32631016324831075,1.043520998526859,0.8675
AU000000S320,0.16344276134694108,0.19815516185908355,-0.13037014010234835,0.14887528356393814,0.5096863798532643,0.8086875
INE669E01016,-0.00971207807497081,0.14709999717203395,-0.22641231587652816,-0.020284028424721164,0.24402379353828127,0.439125
KYG989221000,0.21317287779487587,0.3100066229647419,-0.21303858996473657,0.17386499052997484,0.7777308133941435,0.7621875
CNE100000SF6,0.1978586968510368,0.19951731004680465,-0.09808516495925615,0.18054657228038307,0.543858021116303,0.8579375
NZFAPE0001S2,0.08178297543842995,0.2027889952626395,-0.20470583207032245,0.06434001448951095,0.42886980701742483,0.6456875
CNE100000HD4,0.33389130695176505,0.22810628440034614,-0.003758754552906203,0.3137564721906341,0.7339798814959445,0.948
HK3808041546,0.23673501224061255,0.2177160977644079,-0.08122520734469484,0.21882643116823472,0.6167293654432682,0.8808125
KR7095340006,0.3058975920665614,0.3656528249711623,-0.19544211573586326,0.2603224479097438,0.9598132991066398,0.8138125
JP3684000007,0.1504051847415962,0.20749690573314722,-0.15414107875399705,0.13250018396059643,0.5158937006738814,0.767625
THB231010000,0.2792575289162869,0.18895439689750773,-0.006353542886219608,0.2665970238883059,0.6050882262817275,0.9465625
TW0006488000,0.0384072079044475,0.2516814859399113,-0.3175420528536177,0.010198126988917495,0.4726714204192561,0.517625
INE214T01019,0.18455966374225302,0.11750335711126259,0.003929997424995925,0.17841637242879282,0.3871700519831252,0.95325
INE216A01030,0.14269348038290047,0.11477720524795675,-0.03155531705675395,0.13713559804038436,0.33668343802165773,0.9104375
CNE100001FR6,0.2620727170354371,0.25259675782708396,-0.1063872143695028,0.23618755925545004,0.7074170008533128,0.8684375
CNE000000FH0,0.3391318818813777,0.2561206159415344,-0.04038660470363072,0.31905901482688104,0.7830590307997317,0.928375
CNE000001NG4,0.34234556948819034,0.31780143489208673,-0.10104809212824482,0.3063333471051757,0.912683434641425,0.8831875
JP3258000003,0.052623948423397016,0.15332992765730125,-0.17758791701249524,0.04137351224074465,0.31687892002396745,0.617375
IT0003874101,0.2702909633870473,0.18357486673263287,-0.006518961799626915,0.25637221762523577,0.5931316373234715,0.9455625
INE455K01017,0.08487328655014827,0.11627990393215873,-0.0938343678803992,0.07810572780118608,0.2849900571919169,0.774875
CNE000001GL8,0.3259546919804904,0.403820824295165,-0.20933686729936798,0.2743382845913952,1.0332279768046841,0.80475
CNE1000015L5,0.15319172517656823,0.4104996902654025,-0.3781672558591265,0.09157062704572824,0.8729974270711626,0.614625
JP3497400006,0.1972528720425909,0.198325980427971,-0.09313882449711333,0.17982676448423257,0.5440777492530752,0.857875
CNE100000437,0.2640810953315943,0.523474783603469,-0.3861075916347174,0.17046648072108778,1.226514895822255,0.668
TW0002368008,0.30602393200537076,0.33753446455052577,-0.16283493305998753,0.26817397804392884,0.8876638166067898,0.840375
CNE100005PN5,0.4700598107435856,0.25412618443738405,0.09511389155726001,0.4507598322982034,0.9187985671957839,0.9823125
JP3402600005,0.24301173234174475,0.32749349981654474,-0.2113986986784558,0.20453031632715457,0.8333108812722179,0.778375
CNE0000008X7,0.4078443664363136,0.27000109048646864,0.023340622959169176,0.38123278640193725,0.887231239266566,0.9615625
INE437A01024,0.17360343556402064,0.12372910936837038,-0.019212361946984433,0.1682148451331316,0.3852811239600211,0.9320625
PHY716171079,0.33348494718052285,0.3281157472798953,-0.046600795331856196,0.30480338066523893,0.7832865660057644,0.9249375
KYG960071028,0.25821164575162125,0.19967591301588958,-0.037994737028138055,0.24210711089410125,0.6070605245544582,0.921625
CNE0000019V8,0.41572533150219815,0.2642239173662419,0.023924803401365238,0.39615456519203146,0.880012195627522,0.961375
INE155A01022,0.34358046791399954,0.1719854519562116,0.08042039598111549,0.33454706168609905,0.6352236246103877,0.9838125
CNE100000304,0.3726540775298273,0.38498605555556503,-0.14890405827368774,0.3253684727163341,1.0529631337768748,0.862
KR7011200003,0.20348700460848645,0.24957621286291623,-0.1517986513097478,0.1797960569682293,0.6392564585237521,0.803875
JP3420600003,0.24502753209822672,0.2509241114114297,-0.11275584912882113,0.2211425477274372,0.68754676454504,0.857625
KYG114741062,0.23111214797124574,0.2349730974724008,-0.11112482841882111,0.2092495055935202,0.6400279249097081,0.8565625
JP3190000004,0.20244204363045964,0.28727339723231826,-0.18608789182146568,0.17458072960974638,0.6801959372344732,0.781125
AU000000FLT9,0.28133407198676,0.2001172671759749,-0.012414879988797017,0.2637094194459164,0.6297796969252989,0.941625
JP3443600006,0.22681311081079253,0.3221174527903385,-0.2203563195529107,0.1895870828412606,0.8044137100309084,0.7643125
CNE100000619,0.3047228311807039,0.40192467634936874,-0.2390824999750492,0.2504016913070249,1.0405767439116294,0.7851875
JP3389510003,0.46595882109936676,0.42215276358620846,-0.10424342078280176,0.4109351747627516,1.2079589881891306,0.9013125
CNE100005576,0.4896297291691079,0.27500609007903665,0.08748596830497819,0.46626302022364163,0.968869841486284,0.9796875
KYG8187G1055,0.05400807538914009,0.2384076326853282,-0.2869246699836486,0.029163159093589498,0.4721348146583756,0.5584375
CNE100002508,0.46672477247996913,0.39696467611304703,-0.06162832615223193,0.4194726186574803,1.1409127019839114,0.9213125
JP3820000002,0.15560626019508356,0.24133361689285887,-0.18660484073577452,0.12856675148687874,0.5839737512640715,0.7439375
KR7096770003,0.25386901471627726,0.1918248784788099,-0.02950457196942104,0.2373035464252368,0.5892606444060091,0.9268125
AU0000364754,0.28665087624398683,0.2319164836113987,-0.05473213541562309,0.2662124588327503,0.7015702023590408,0.9123125
TW0002603008,0.22372613814663025,0.26273971007261754,-0.14540219927445083,0.19680414531785234,0.6740452578933268,0.824875
CNE000001J84,0.17236320212793912,0.35121291128742427,-0.2947836418902899,0.12784192491401428,0.7757872540422525,0.6733125
KR7017670001,0.10537816665658233,0.15183050694874642,-0.1257500397622256,0.0959815915763449,0.3667647388669039,0.763
JP3111200006,0.17906436806034765,0.21993512621049438,-0.13687716323117474,0.1575896895204279,0.5726780772904726,0.8028125
KR7042700005,0.05991388266463686,0.3388096036208282,-0.3843048479152377,0.010804244276744783,0.6812245240948587,0.51575
CNE000001JQ1,0.28886855689913254,0.28609387947569337,-0.11887340183310129,0.26018969772450923,0.797732900886767,0.8633125
CNE000000VG9,0.3067689586263798,0.4426271824432576,-0.2594126400183232,0.24426775622576985,1.057854782247613,0.77075
PHY1249R1024,0.38347997897329256,0.26985944219837893,-0.008055488032094089,0.35737743540584044,0.8590428326343564,0.946125
AU000000ORG5,0.1184531332864311,0.2041078348884551,-0.18025362494848093,0.1014455180121222,0.4736123073836826,0.722375
JP3362700001,0.17105417540134563,0.2308168617298691,-0.1663586436843342,0.14783882839017076,0.5805658131401514,0.7776875
JP3180400008,0.20607044458656218,0.32486709153954085,-0.2371543110580531,0.16656951623069782,0.7817724242455844,0.7355
TH0737010Y08,0.35791869369542667,0.17046193591266573,0.09724808658183805,0.347383926032225,0.6481896724632141,0.9865625
TW0001216000,0.12182620825175636,0.21298444835380054,-0.18583133605555005,0.10180518441825132,0.4981917813183762,0.7169375
JP3573000001,0.027848125096904854,0.2808671868290092,-0.35598052610680436,-0.009324783557052338,0.5364389248037262,0.4835
JP3112000009,0.08387501157084808,0.23520317747970626,-0.25222751825129397,0.06092593384342889,0.4930958870925476,0.6145625
TW0003189007,0.1144512761350931,0.22827304916466432,-0.2100593754481195,0.09304057724424522,0.5130069417426447,0.68475
CNE000001FG0,0.2034242429978895,0.26712867990979544,-0.1768352753354612,0.17475823505395852,0.682015158992333,0.7853125
BMG677491539,0.04135920227503996,0.3116391247107409,-0.3675112656461777,0.0001374731034984954,0.5861154478004003,0.500625
CNE000001F21,0.4343903531496194,0.42631286698183996,-0.13917035205292394,0.37971090223294046,1.1821426039434488,0.8771875
SG1U76934819,0.19749838393638994,0.21633598307397234,-0.11776997679357173,0.1787390693577513,0.5707026632130925,0.837125
INE281B01032,0.19464124489054002,0.26411262789787016,-0.18430747995749236,0.1664814993411991,0.6660076617382791,0.77725
CNE000000XM3,0.1983523193347229,0.26832914237109085,-0.18626966204657414,0.1721722069345737,0.6837356930739693,0.7746875
KR7196170005,0.7089196081359712,0.557337081050521,-0.020761624692550384,0.6272133668708297,1.718838664483444,0.942625
JP3526600006,0.1933319113791399,0.3624824934483338,-0.2769604831176755,0.14058890776894983,0.8404644981593901,0.694875
KR7033780008,0.22699888411062624,0.17588652395413962,-0.034132517479752815,0.2145663808404482,0.5323512774613864,0.9196875
INE323A01026,0.22862764531943447,0.33294062593992735,-0.22648744917527242,0.18673395666856374,0.8274713530557553,0.7573125
AU000000PME8,0.46311806013569534,0.26631427328016427,0.08040754721602619,0.4398647570374994,0.9339986065035518,0.9779375
CNE100001B07,0.32105740650714903,0.38820625721911756,-0.20392901885352469,0.26744422746261265,1.025290320226774,0.813
CNE000000M15,0.34108628828551424,0.32281845434167383,-0.11204363846088065,0.3073208509924264,0.9105090325936963,0.877625
TW0008299009,0.21108702063258844,0.2640329572131897,-0.1666405931970386,0.18490792016810423,0.6789596173450119,0.8013125
JP3201200007,0.1771579388463775,0.19931447570520855,-0.11889562328646282,0.16136785510321877,0.5270835831035068,0.8273125
JP3738600000,0.12432202601207587,0.25950980778090676,-0.2344090663469065,0.0950121475645482,0.5765657749358137,0.6744375
INE129A01019,0.2205919768962636,0.13374536282126748,0.019710399142259593,0.2139470571350599,0.44330114877620724,0.96475
JP3435750009,0.31650878057343657,0.2537913350928496,-0.0512089753508646,0.2950398654652107,0.7585668289928088,0.9183125
INE196A01026,0.15252176756616415,0.10490337996367616,-0.009812076698869594,0.1475747017387941,0.33175297185184677,0.9395
TW0006274004,0.21025232428722196,0.2656887655431338,-0.16433744839829906,0.18420162023085795,0.677174730516571,0.7970625
PHY806761029,0.4620508625081958,0.3170535782320651,0.013102625005569234,0.42760768639330327,1.0221527244362334,0.956625
KR7018260000,0.26777181232409375,0.211408879399758,-0.04339060366434226,0.25269831174298285,0.6398644656175754,0.9179375
JP3758190007,0.2909943167545079,0.20244239366353517,-0.010275517568010224,0.2754529871582369,0.6384922384854589,0.943375
INE010B01027,0.0720691119031896,0.11764810047144157,-0.10996070579376443,0.0665051578976675,0.27340525710395397,0.7335
INE200A01026,0.08981004281540333,0.17035319884037828,-0.16312392348994098,0.07684115230449448,0.3922412766431035,0.6968125
KR7035720002,0.5571689083040778,0.22463620871791412,0.21937233471743786,0.543609195747172,0.9378847032836943,0.99725
INE158A01026,0.12363887216728486,0.11901982099653395,-0.060382961900993466,0.117442996253906,0.3263645479875397,0.8661875
JP3888400003,0.43412358347683205,0.31035758356154564,-0.00965540330249651,0.4015628095859913,0.9899980953324711,0.9456875
JP3967200001,0.2517098144978527,0.21892018304614091,-0.06089776972848334,0.23320687839900706,0.631211674950835,0.8995625
CNE100005D92,0.07059345702753958,0.22431080082041854,-0.24673079473986892,0.04820009719494371,0.4637059760542282,0.597875
TW0002379005,0.04663792805041988,0.16008666879572622,-0.19585593544649918,0.03601164692492344,0.3256494158874536,0.5996875
INE079A01024,0.33582972034689773,0.13032333440349153,0.13009520391152604,0.3310308473649134,0.555375414956602,0.9965
ID1000122807,0.29588769965094197,0.162571034773845,0.04949032518998287,0.28559331557358425,0.5732293553289003,0.97625
CNE000001KK2,0.5095179504486896,0.329118453693473,0.03454720440811861,0.47656345550176943,1.0930450505192233,0.96275
CNE000000TR0,0.2044584094959878,0.27048120040883183,-0.17461422699897577,0.17606930698826861,0.67651047214001,0.7839375
INE854D01024,0.1465217302729892,0.13433650965443997,-0.05731138192265586,0.13916124161002433,0.37707572280487917,0.8771875
MYL5285OO001,0.16819442153380193,0.1733528686929355,-0.09539394240885186,0.1546803887603895,0.4714534999763199,0.8525
CNE100000T32,0.21620214507302268,0.2342536789681968,-0.11877072144833133,0.19399273346781268,0.6149629332956648,0.84475
KYG8167W1380,0.5582346223607153,0.23282124189534176,0.2134167808845963,0.5409699007857038,0.9622141795618342,0.996125
TW0004904008,0.17077807124850303,0.38031127601061726,-0.27657971594619213,0.1297324322769613,0.7362539842764118,0.6881875
CNE100001RG4,0.3600702696246652,0.4036567573110162,-0.18898376526607477,0.3077952170320011,1.0887340945598698,0.8341875
CNE1000023J3,0.32513077977372684,0.22376985975936683,-0.0015760455490876604,0.3057501922552601,0.7134823257113172,0.949125
INE245A01021,0.1370518059385793,0.14662971585873646,-0.08400498980238996,0.1261887844938947,0.3910970852882565,0.8416875
CNE1000002S8,0.30318889730023446,0.3013191422058806,-0.12741401351284887,0.27568519360176036,0.8287112294925625,0.8615
HK0836012952,0.22135177843510817,0.22378991973013176,-0.10781900589525713,0.20204502558101414,0.614364328602267,0.85525
KYG5257K1076,0.5639174605834132,1.1039664887929705,-0.5408172096143483,0.29473805259610275,2.5496338981490667,0.673125
CNE1000006C3,0.2003924593598711,0.4598151141416058,-0.38401237602504124,0.1239868760029039,1.0503245922994084,0.6375
INE059A01026,0.19071833964143384,0.11571993162134914,0.01073091591676734,0.1845527204849357,0.3895030437962109,0.9588125
HK1093012172,0.37062945517837464,0.2354134409217649,0.02899878674192229,0.35186408557910087,0.7733628100727215,0.96425
INE1NPP01017,0.15038098625868626,0.18678881825699356,-0.11944004884265445,0.1351400003302451,0.47762460795945716,0.8005625
CNE100000GR6,0.5515350191665516,0.277185371869476,0.14221111887036475,0.5270180471386853,1.0374143235184692,0.9905625
KR7079550000,0.2949235986881272,0.19209915826406448,0.004098302522417576,0.2828599077073334,0.6312315099254633,0.952625
INE114A01011,0.02060087612999465,0.11964784107283834,-0.16352515508755125,0.014678146148461257,0.22487310380451736,0.553875
CNE100000BP1,0.19945352697729068,0.34427724530595605,-0.2595863202377417,0.15298771267962136,0.8162078632515567,0.7123125
INE776C01039,0.22457836523945238,0.2599250377856874,-0.1533091206949214,0.19979151041218657,0.6810254395045533,0.82025
TW0003481008,-0.029014993393927525,0.39379334642578673,-0.5096795572655926,-0.09615181701477238,0.6643364097612069,0.3844375
JP3814800003,0.12399215394950894,0.18635185512099384,-0.15701915639531028,0.1101686737252821,0.45179076763468706,0.7534375
CNE100000HP8,0.4410577564585312,0.3486945307437135,-0.04727143490746931,0.40112156610853655,1.0680375166783824,0.927625
CNE100001VW3,0.2910259397919427,0.35215453330048296,-0.19517499524165918,0.24560258300930204,0.9337228803850753,0.8118125
INE326A01037,0.09776736469850952,0.10871997971140918,-0.06935409738965707,0.09232311237495167,0.2836341631228033,0.8273125
INE102D01028,0.2994901282029256,0.13241002147370803,0.09533229154648336,0.29174840563817234,0.5257791809894972,0.992875
INE192A01025,0.2223771443257449,0.13934247340381364,0.010926001827240347,0.21496116345262206,0.4615087034800943,0.95775
CNE100003RL0,0.34001941768914096,0.3544375882405949,-0.14958159991419645,0.3016633979583995,0.9590637509248296,0.8565
HK0293001514,0.14011182182214363,0.2113963571771986,-0.16718788284283817,0.12087514318062964,0.521000307233444,0.7484375
INE053A01029,0.25596537728499996,0.1368036092226724,0.04873732213461815,0.24597228352361314,0.4908991098445317,0.97975
INE749A01030,0.19272022104117917,0.12698636569021768,-0.004405015816244508,0.18747571257019485,0.40854539267300416,0.9455
JP3982800009,0.09526501205964746,0.2578573450447635,-0.26531659171928196,0.06467678771379534,0.5478182626393684,0.618
KYG1674K1013,0.40140438461437555,0.18476546138743807,0.12177706541851252,0.3903209228838951,0.7193097333285474,0.9908125
JP3223800008,-0.0157211563056366,0.19166991184172852,-0.2911080207827184,-0.03430604011910718,0.32182864835600034,0.4249375
KYG0146B1032,0.7101604187550258,0.265701528242793,0.31253381207360376,0.690525327600869,1.1858302426984448,0.9985
INE205A01025,0.5301641490122418,0.31270778455946774,0.07732855223163855,0.501659752911355,1.0837727777519384,0.974875
INE324D01010,0.23536494357623144,0.13598245730747124,0.027579925309599317,0.22794941057487716,0.4679671542104029,0.9680625
INE465A01025,-0.023895748162797985,0.13326423541446017,-0.22268287547138968,-0.03362853094419997,0.20186727107721752,0.3918125
KR7003550001,0.1977485066434359,0.21788412363857393,-0.11741320656278784,0.1775811119299907,0.579169863366699,0.834875
AU000000QAN2,0.262188391952773,0.17626790481256208,-0.00333216548339731,0.2497873814321477,0.5692874287532305,0.947625
CNE100003S06,0.08463411276258238,0.2961824722510173,-0.3202901798963646,0.04661596604543919,0.604137721638506,0.5765625
INE634S01028,0.1819138790149461,0.16682207107525118,-0.07394642432311227,0.17215074741383007,0.4686513407677184,0.878375
JP3358000002,0.07953733931307301,0.19740126779050693,-0.20294446648466197,0.061295214009366744,0.42367287477890414,0.6435
JP3173400007,0.3741882075363851,0.2457810480305791,0.012726838995679982,0.3541909537115652,0.8066755088140014,0.956875
AU000000BSL0,0.16992093904422925,0.19542016662240816,-0.12251603988592899,0.1558989496474272,0.5123213787111305,0.817625
CNE000000BQ0,0.362704078132168,0.41832344335299454,-0.19599222733654173,0.3061845873913388,1.1161739615201962,0.8279375
CNE1000008S5,0.1020094078826822,0.2285827768613171,-0.22480506346077145,0.08162748457075605,0.4946841780781581,0.6641875
JP3951600000,0.24845028673507816,0.20780848648598063,-0.05772302894927978,0.23260316503466372,0.604601539871357,0.9039375
INE027H01010,0.21787408267381084,0.1434857868452753,-0.00355074059416007,0.21100958812277887,0.4624069456984302,0.946625
INE121E01018,0.12504416311069994,0.14447146838348163,-0.09428255569977848,0.1169852646929588,0.36952805591349697,0.816625
JP3783420007,0.10919463930134654,0.3402520586911639,-0.3378051440869212,0.0655294426825257,0.6920655255121113,0.5935
KR7064350002,0.5723740187255254,0.24746831737871552,0.2052210843271309,0.5535492512634596,1.0105232006166915,0.995125
JP3621000003,0.17940886243041843,0.21714092655926173,-0.1386734820696666,0.16016892233524924,0.5603419736812733,0.806625
INE208A01029,0.09157685647299811,0.12048141890419091,-0.09183762201995975,0.08423327613473434,0.29736747929098445,0.7905
KR7086280005,0.34817243345099336,0.19653334632136726,0.05304314627612915,0.3349815407657612,0.6894572259210422,0.9763125
TW0001326007,0.08088811249567804,0.34185183785181206,-0.3741422157899397,0.03546069336754473,0.6922531262825663,0.5520625
JP3358800005,0.1599441042675092,0.27252787513048443,-0.22726107142668062,0.12971570453904052,0.6501672579410339,0.7153125
INE956O01016,0.2253645168101869,0.16661293110685516,-0.02381375369487167,0.21171522819084754,0.5119211632752764,0.9285
JP3218900003,0.4261049572241474,0.21211597641681526,0.11271236872778977,0.41080494967465986,0.7918176485080811,0.987875
JP3695200000,0.1756044882399924,0.27958861314606187,-0.2167579722296206,0.14368015134078227,0.6746356638612125,0.7340625
CNE000000R36,0.3836470923418973,0.35082382448431004,-0.10202994485839781,0.34135278236188604,1.0124085186733744,0.8910625
JP3343200006,0.33972881747858025,0.24494979128980196,-0.01831981168478335,0.3178457337091022,0.7639823653174531,0.941125
INE947Q01028,0.027041803973350396,0.1835612711195465,-0.24079382515350728,0.010041715870415795,0.3479079872093497,0.5241875
CNE000000PY4,0.21764326094047304,0.27272759046834966,-0.17265063421177596,0.18853172743090058,0.6938288430088229,0.80125
INE388Y01029,0.011990324867075299,0.1227074026696592,-0.17456863912976742,0.004189650355192663,0.22468473646114875,0.5141875
CNE100003RC9,0.09243571015869217,0.31910720970517764,-0.3278680610335282,0.05209528217255053,0.655850618116389,0.576875
INE089A01031,0.1251463473580637,0.1093639269300888,-0.042608743667097056,0.119706370281338,0.3135430347592916,0.8860625
INE249Z01020,0.14583833148005979,0.21810526647944017,-0.16842965894763692,0.12267830600665108,0.52743293362094,0.7504375
JP3429300001,0.15735829625986336,0.32412227459113174,-0.28242288609189986,0.11345713787313513,0.7362177822039804,0.665
CNE100002NT4,0.14798536891142436,0.3314102848008011,-0.29702132934570846,0.10538123236636518,0.7332452592615857,0.651375
CNE100003P74,0.39023114357914757,0.4300538151469571,-0.18821039230075548,0.33155501040829405,1.1735384950098542,0.8435
JP3906000009,0.22001230898431487,0.21563075371626914,-0.09736967772297264,0.2007235347079839,0.6003672821338396,0.864375
TW0002449006,0.24009566603049892,0.2342271340805412,-0.05165728248333408,0.22054017423839198,0.5923544687885813,0.9085625
JP3137200006,0.1934710233527592,0.21092295501740865,-0.1117136570181358,0.17665345675779298,0.5600150016176326,0.837875
TW0003045001,0.0493945173536016,0.2460592489458372,-0.29934348138079186,0.023992522810391312,0.48550666171457,0.541625
INE070A01015,0.10841478927175187,0.10453864615537797,-0.054709304401790816,0.1039059661714984,0.28673727205150373,0.8654375
CNE1000047B9,0.3752515788683539,0.2938504285556322,-0.05033735128619132,0.3468095474228312,0.8982342254320453,0.9248125
KR7010950004,0.20072098812290692,0.17959236207786913,-0.06742374094340062,0.1883267166000313,0.5087714192814415,0.8893125
CNE000001BC8,0.644998468251818,0.5593817897419315,-0.0800881418945494,0.5593471269456888,1.6624326118538584,0.918875
CNE100000PW7,0.262360229478179,0.3125673782008225,-0.18218332342395832,0.22953383230304297,0.8129702489665767,0.8083125
CNE100003JW4,0.14664172288863497,0.21549945295431117,-0.17103680383836498,0.12815034672900902,0.5279029785252135,0.7564375
CNE1000032B1,0.5142588709163928,0.4719246300863847,-0.10899534593927368,0.44611168572224635,1.3598271559167763,0.901375
TW0003034005,0.018864556437346514,0.16028088524437636,-0.22060688499918996,0.0071531899494164854,0.2960055121625691,0.521
JP3897700005,0.08233842120085692,0.20762482680024752,-0.21876401746990667,0.06346646201188143,0.4543467014132835,0.6401875
JP3263000006,0.19202474775569234,0.28916412925923496,-0.21747733674745634,0.16200823529846528,0.7034303596677919,0.7500625
JP3102000001,0.19870626595184754,0.20728055374029092,-0.1026532076890081,0.18137960342440568,0.5549663820134616,0.851125
CNE000001NY7,0.10170895697684497,0.26713464374652524,-0.26790075780458616,0.07213250487144751,0.5595427920611219,0.626125
CNE0000009Y3,0.30694602652507,0.2070907782282278,-0.0022097199145083794,0.29312443145418543,0.6650963913962408,0.9485
AU000000NXT8,0.4819278583830541,0.2785323480271377,0.07421801165256406,0.4589993147261259,0.9664472283592385,0.97525
JP3942800008,0.05501603574535699,0.20782000203372675,-0.24902568311046222,0.03790270143317161,0.4199561352623102,0.5803125
CNE100002CC3,0.24309492144593317,0.26553405496012045,-0.13474569647733267,0.2152191074982398,0.7215599542447269,0.8403125
CNE1000014X3,0.16409722900508536,0.358877245262666,-0.3095112524360487,0.11286041275362974,0.8067345814510969,0.653375
JP3357200009,0.26630690409238156,0.23416264172427534,-0.07424056500395039,0.24566256465052785,0.6747308164874761,0.8955
INE406A01037,0.13159070144364338,0.13192202821757826,-0.06848386264993316,0.12364459900616862,0.35653795181941617,0.8574375
HK0291001490,0.4781749286793909,0.1841746768751491,0.1995857907257802,0.4671215454912169,0.798828154863043,0.9978125
TH0003010Z04,0.024378624027560088,0.1532228226615806,-0.20591281175154671,0.012625367160003127,0.2916838650584701,0.5388125
JP3756100008,0.19764766742587664,0.22088165129010165,-0.12416507735960958,0.17772108340046838,0.5901789077441026,0.8329375
CNE0000012J8,0.22021375250025715,0.24165360572502276,-0.12814283220256506,0.19703711689554995,0.6415594141401237,0.840875
KR7047810007,0.28076311434617207,0.18433131639146308,0.012903186489864582,0.267002832591008,0.5960732248182347,0.9575625
CNE100000HB8,0.3874528540861764,0.29585966528943425,-0.04369219181791459,0.36108797215237426,0.906102265680936,0.92875
KYG210961051,0.35355007017045487,0.16890083772242687,0.09800533169266581,0.3418209776514363,0.6449238472125488,0.988625
CNE100002JV8,0.1946911615408457,0.31247294708649087,-0.2261318410577789,0.15692067753563502,0.7423577924778828,0.73675
CNE000001527,0.32094417892801935,0.3066832589082818,-0.11242957337394925,0.2870495390598668,0.8687661760249862,0.8741875
MYL5183OO008,0.11193257275684898,0.17637175649469478,-0.14219242148960234,0.09816601637979602,0.40836661258045404,0.75025
JP3142500002,0.08708661987046183,0.2397705591119991,-0.2600808217518834,0.0644087080719068,0.5161071200493538,0.6209375
MYL5326OO003,0.14713696473406204,0.198019453311629,-0.14208089278800243,0.13034129497467586,0.49383495208779654,0.773875
CNE1000070C9,0.41600246841544003,0.46702939713134917,-0.18574836835510436,0.345762897679867,1.229037042137292,0.842375
CNE1000004R6,0.5557964403030353,0.40632499860186044,-0.0006821503555816231,0.5111210715975834,1.2784449124871091,0.9495625
KR7278470000,0.285058608958032,0.15292050430751877,0.04996007320797635,0.27673266358048865,0.5460339453426213,0.9790625
JP3955000009,0.11369860290593939,0.24182038947327697,-0.22928362768914146,0.08919739306149593,0.5380049148141688,0.6715625
JP3240400006,0.15165148550468016,0.20188176336022756,-0.14182054582311646,0.13431918506632487,0.5039779310872505,0.782875
INE0VDM01015,0.18372871010894118,0.19651654354918535,-0.1031426035726231,0.16659341497895463,0.5284275618279336,0.840875
TH0264A10Z04,0.41031525003699243,0.18271563829582949,0.13117876960831074,0.40025447389272883,0.7224702546322616,0.9919375
KR7272210006,0.3549429728000988,0.3236412514890158,-0.09645706612719201,0.3142227114430382,0.9334661252796123,0.8926875
TH0902010014,0.25043484066067934,0.21237889058670553,-0.05988261031166141,0.23061087675887681,0.6289214151239939,0.9078125
KR7003670007,0.08387988063383062,0.1748687468819604,-0.17357252751738197,0.06865926497061016,0.3921282608068921,0.674625
NZMELE0002S7,0.266433142946701,0.34114939223657953,-0.1841951178973359,0.21823213789099194,0.876174093746268,0.7993125
NZAIAE0002S6,0.10972656785276347,0.2107638867140292,-0.19673806496334398,0.09179508589831877,0.4766830827727087,0.69275
KR7030200000,0.41030229899049964,0.19678161415532544,0.11116967877022868,0.39920950804904065,0.7490246584755441,0.9889375
JP3429800000,0.20011944265320208,0.21232578513419822,-0.11346574301676537,0.18300724406031782,0.5771567795286597,0.8436875
INE262H01021,0.10419322132368922,0.11681082778060717,-0.07609555603037266,0.09920526193372758,0.30593376893014246,0.8255
CNE1000004X4,0.25923530820123314,0.22857273826624333,-0.07089939293799101,0.2375346593719712,0.6614837665860646,0.89475
SA15L1I156H7,0.22182497670065152,0.22515249954424224,-0.10818662225424963,0.2042183072204356,0.61041085717838,0.85175
MYL5211OO007,0.10143538017403969,0.1860465658524462,-0.1733830601019626,0.08571105870246082,0.4266899206677811,0.7084375
MYL3816OO005,0.16821045797789214,0.18024056651335071,-0.1027344087212729,0.15404278482869066,0.4830341181197623,0.8381875
TW0005347009,0.11252786209745232,0.1861040782513698,-0.16533449015869656,0.09917316891082667,0.43743090412559554,0.72925
TW0002002003,0.2235940319742262,0.2938899147908615,-0.18542245660102025,0.19153352862128287,0.7367380251590667,0.792
CNE1000043F9,0.07868322810546066,0.28088848634827535,-0.30808079133576804,0.04547687089045967,0.566719703060528,0.57825
NZXROE0001S2,0.7884094611853217,0.4175844821871622,0.19307174617866618,0.7401831519858708,1.537142847031258,0.9901875
INE094A01015,0.07481607562523175,0.12591002716009222,-0.1198766600087057,0.06760177462823794,0.2889290388010537,0.7269375
KR7011070000,0.23948918398532595,0.2356390077083591,-0.09598810519782595,0.21805098177452836,0.6524981381352393,0.866
JP3862400003,0.16123058912075663,0.19684148049019193,-0.1304925036003756,0.14494597744148693,0.5104918242005344,0.80325
INE663F01032,0.35341579359547765,0.17532630466585394,0.08146945227704962,0.34143200839747445,0.6599582866591015,0.986125
ZAE000054045,0.4638414385613568,0.3919210169391339,-0.06355313272501212,0.41151529687243316,1.1569282805033432,0.9213125
JP3452000007,0.076603377846854,0.2437260863618877,-0.27039174943338506,0.04999530057419588,0.5132001052153439,0.599
INE176B01034,0.22187329047503307,0.12447494100803334,0.033314946223999636,0.21446939425411954,0.4357727685663297,0.9728125
INE848E01016,0.19848389404435188,0.3326220736198324,-0.25066845298990825,0.15688636544017162,0.7822158976725466,0.72325
JP3336560002,0.09100928495182067,0.2035321701467244,-0.2090159236950917,0.07342696805079156,0.44440143152491385,0.6654375
AU000000WTC3,0.8218230174462999,0.41100670440568304,0.23916034981205855,0.7784212284476411,1.5425758016616264,0.992375
CNE100001FB0,0.11401374353308794,0.34545551410276987,-0.35371746247700425,0.068968594346788,0.741371640561094,0.5945625
MYL6742OO000,0.1653427352375246,0.1960189011567477,-0.12222032603880967,0.14968187120753185,0.5126260630524816,0.8135
JP3706800004,0.40567883506303176,0.3151222080183648,-0.0408218296817694,0.3782343551479473,0.9474139531465138,0.931125
SG1B51001017,-0.02650192272503376,0.27784125863851894,-0.3981949872268834,-0.06580125493145289,0.47252112313562294,0.39225
CL0001583070,0.16556433382268226,0.2775409158262959,-0.22403515882563124,0.13516098775470686,0.6570948751947183,0.719125
CNE000001BM7,0.40793558762861054,0.5091708090134794,-0.21854230629369792,0.3247292625614763,1.3102991035430578,0.817625
TRAMRDIN91F2,0.43959151266111424,0.456021457827761,-0.16162783772412292,0.3728439397397485,1.254397211563669,0.866625
KYG8062L1041,0.5238246036406674,0.39442770728716375,-0.028224041228390728,0.47672862459333876,1.226991527520125,0.9391875
KYG022421088,0.30286027639912766,0.22446065900625833,-0.027312067167003094,0.2839962113756274,0.6935034155102727,0.932
CNE100000W94,0.2529541257365134,0.7648598337492821,-0.5172038219680685,0.09854118438519402,1.5257938479321045,0.5825625
AU0000219529,0.11943661836831973,0.1693786690421764,-0.12806717550545835,0.10469198184604757,0.41499084269289926,0.7691875
INE377N01017,0.08701603215358461,0.18650308561278203,-0.1876897692412935,0.07209512301380624,0.4124823671663308,0.673375
JP3659000008,0.1983607796093059,0.23338490829402342,-0.11792141941495446,0.1779031413979802,0.5778176720852621,0.8376875
KYG8878S1030,0.3305404913964891,0.18573952546300507,0.04839166475926455,0.3169152887842821,0.6538281084368247,0.974875
CNE1000003J5,0.30479417291052735,0.35062009459343424,-0.179651020626066,0.26145033864431727,0.9254088888506338,0.8299375
JP3188200004,0.22969203544565858,0.23364185364375614,-0.10987259136673676,0.20889146616241305,0.6372179835496934,0.8575625
CNE000000C82,0.30261196253875,0.3090979798190018,-0.13575443038027446,0.26738743849302377,0.8561370856363826,0.855375
CNE100000BJ4,0.1426516163070179,0.3850902569614725,-0.3466765155800532,0.08210350867737479,0.8323761120287636,0.607125
JP3256000005,0.06903693202193975,0.20084058217098313,-0.22594964518687677,0.05057244251713773,0.42748705870480413,0.6140625
CNE000000DG7,0.4268380625489124,0.430459390473631,-0.14904296395274627,0.36833406812322034,1.2104676152323046,0.86925
AEN000501017,0.42654876129799524,0.3064705185956116,-0.013774676669102582,0.3963094533454731,0.9623934336553414,0.9429375
JP3932000007,0.22025143843902878,0.20171917654704424,-0.07963490872680828,0.20512325473480875,0.5688938985835329,0.8825625
MYL6033OO004,0.12364764741045081,0.17783515101109945,-0.13763954371323422,0.10730205336502893,0.437592945724818,0.76175
CNE1000010R3,0.3818751642924527,0.42482569871117565,-0.18447341630463238,0.32130357623531497,1.1459114867502225,0.8446875
CNE0000018M9,0.5955182965548946,0.76827373952673,-0.3085882404206872,0.45107681699242197,2.000805625147658,0.8110625
CNE000000X38,0.380730211544869,0.45677942353429224,-0.20819760746002539,0.3128512966669428,1.1886829427161616,0.82675
CNE000000JK6,0.2167934278966863,0.22312652027294635,-0.10738468423327864,0.19535036209447312,0.6132530571561089,0.8529375
TW0003036000,0.24856134717219372,0.29265225721690186,-0.15559025285415345,0.21241878378126622,0.7735999942011668,0.8231875
KYG8087W1015,0.5884968149060115,0.2343215813332955,0.23651236574860762,0.5713392465612649,0.9934347227073355,0.9980625
KYG4290A1013,0.48984585566444105,0.1832381924567004,0.21625277351180322,0.4760742899829124,0.8048037258017703,0.9981875
INE647A01010,0.1678442208161655,0.1333040466903448,-0.03856176285294821,0.1620797513472108,0.39589940619391795,0.907875
JP3397150008,0.2026079255466321,0.21049061208116773,-0.1018244035426557,0.18441817757077167,0.5712886842085454,0.8510625
JP3629000005,0.3963337941330678,0.3850708499852693,-0.12406809038902619,0.34309908872613726,1.0754628984638832,0.8850625
INE343G01021,0.18596400425180212,0.1943997867818988,-0.09799979961948725,0.1711186154688099,0.5132446912482929,0.85175
KYG0535Q1331,0.16517043431723455,0.2078446681781982,-0.137947090318239,0.1469224980749091,0.5345048001646949,0.7994375
CNE000001GS3,0.3258913730382166,0.29194158709619533,-0.09314913128455583,0.29489328333606235,0.8394783171907473,0.893625
CNE100002BZ6,0.20729711745257898,0.23379611534994532,-0.13118492415421212,0.18770199488709,0.6105572640949469,0.8279375
JP3351600006,0.07025719422357297,0.16806064763902057,-0.1832013970509197,0.05784639920303361,0.3583646373616858,0.6550625
CNE100001BZ8,0.27120317882894857,0.3835586041298174,-0.232005591493372,0.21790961940145143,0.9594833032406616,0.7695
CNE100001ZF9,0.30499674985453523,0.28470868638302976,-0.10254961600651574,0.2780323729239409,0.8079490276626732,0.8815
JP3160400002,0.14936834222257095,0.18978555105848965,-0.1331439936009442,0.13507331260862904,0.4793535191698106,0.790375
CNE1000033C7,0.36171888514687417,0.24873887260654345,-0.004112792766950638,0.3425167786905189,0.7936343643321897,0.947875
AU000000MIN4,0.1928007655868954,0.21981489232476603,-0.12205843984702851,0.17303109032451675,0.5770844038972417,0.8269375
INE591G01025,0.24090809808547425,0.13230989312017105,0.03394765941355772,0.23361500683764516,0.4683132072816902,0.9729375
JP3705200008,0.22474868251847585,0.23161955181592295,-0.11045966334948311,0.2038870367309505,0.635356616660321,0.85375
CNE000000S01,0.3154407048904447,0.36213777704332634,-0.17566056790286527,0.2714096661114037,0.9715978676379401,0.8270625
KYG8586D1097,0.4773579856398535,0.22293492251722982,0.14027358533757647,0.4626533764523084,0.8619466019192137,0.990625
AU000000ALQ6,0.2046104839390514,0.2126495399712095,-0.1072098350944631,0.18525633733429553,0.5773070864996379,0.850125
JP3894900004,0.10824460057585847,0.23965782564876872,-0.23676764780793205,0.08499932007361917,0.5285770616075535,0.6668125
BMG5320C1082,0.3356332076962889,0.28442279843264834,-0.07205888682513734,0.3064077803850279,0.8356029404887897,0.907125
SG1R50925390,0.28031699640677893,0.22366486790427476,-0.046183563984416386,0.26313455249848794,0.6636305507517443,0.915125
CNE100002JW6,0.3623300710129273,0.351429270550592,-0.11529404115706074,0.32132912524034657,0.9767237057759309,0.880125
INE274J01014,0.20734562345364826,0.16914318182558233,-0.04775346106189834,0.1969583889385148,0.4992850356955437,0.906375
TW0002615002,0.30929821476301084,0.3991183003384845,-0.22100634179085718,0.25485636249979565,1.0206325110831909,0.7923125
HK0144000764,0.2284106199405815,0.26161189721149525,-0.14069087924070312,0.2012590833747597,0.6787954330342527,0.826
INE0ONG01011,0.14729592281808396,0.28264400742708756,-0.24657080053625544,0.11608157294757476,0.6476916059451243,0.6925
INE880J01026,0.19549202741593902,0.17763365713980592,-0.06648924955630103,0.18337960124321528,0.5018554619422235,0.8841875
CNE100005K77,0.7502440250101021,0.29314598542411435,0.32017383480136,0.7249491550320976,1.2721049645446796,0.9981875
CNE100005YS6,0.35444912255093297,0.5561193026874258,-0.32162658104237696,0.25704782674104054,1.348726046830632,0.743
CNE1000048G6,0.4383687934906009,0.2514845836549111,0.07232431153848494,0.41728130554444615,0.8733539658867837,0.977
JP3598600009,0.3845879481519278,0.2836880735942906,-0.020339832217640456,0.35605707040541323,0.8865683627107265,0.938625
TW0006770001,0.20021652395947281,0.4242634292127477,-0.32844211906140913,0.13594288599250337,0.9391441842600888,0.667
CNE1000033T1,0.25383189593211847,0.333253840996977,-0.20382347088263222,0.21258026051713935,0.8475940012306963,0.7869375
CNE100001DJ8,0.04659318453739788,0.2615959172052018,-0.32832537610753953,0.018578973234704067,0.5192871802834974,0.532375
AU000000ORI1,0.18420094875336077,0.17827143677839194,-0.08369106457401668,0.1715120722025343,0.5012355425784966,0.863875
CNE100003ML1,0.30120263077550447,0.5048607126444772,-0.32963631431761165,0.21570909072669542,1.2358503721291347,0.717
INE405E01023,0.15838195817661296,0.17532284593506592,-0.0932874414287932,0.14532957240587505,0.45109330058764563,0.8365
KR7000720003,0.3506526312676689,0.22785238899387855,0.013848791770190797,0.3316069228647735,0.7458335158266312,0.957375
JP3493800001,0.08788171822161417,0.31045103010687597,-0.33139065913629007,0.045998934428699664,0.6531423692364033,0.57225
JP3583900000,0.15151688356896903,0.22225703313946085,-0.17085687232716112,0.12985655008425034,0.5442040334966938,0.75775
CNE000001LJ2,0.2654798269873174,0.36464030820556187,-0.22626971613973829,0.21772078527789507,0.9200970634430025,0.773375
JP3322930003,0.041077168829121415,0.20965561332910113,-0.25997810693826706,0.02063050759165626,0.41593233656093404,0.544
JP3688370000,0.11769156364902042,0.2545533434241311,-0.23846752927211387,0.08971531084365092,0.5673814663871037,0.6618125
INE584A01023,0.0489755212623296,0.14435459349180277,-0.16833785959115666,0.039866319863234426,0.3013696271797454,0.6213125
CNE1000012X7,0.26533217012929394,0.4003080806642968,-0.273249890325922,0.21016984752955825,0.9864548767111908,0.7525
CNE100002BR3,0.22263018851382682,0.3268711480593404,-0.20888032209111113,0.18417072744624013,0.7782798673268088,0.7676875
AU000000SHL7,0.17481139196029444,0.1810459457993633,-0.09689276000329526,0.16127421940665376,0.49126862381150377,0.8515
INE016A01026,0.21281718462357463,0.12153779137425838,0.02376773721081543,0.20618599343572602,0.420797368485812,0.9685
CNE100000V79,0.23679056460309983,0.6230472386759915,-0.4721096596724673,0.10888978480798263,1.3521731671623172,0.59725
JP3955800002,0.16716905800493145,0.21285569321317244,-0.13905994372629255,0.14713341774903282,0.5433801987619354,0.794125
AU000000TNE8,0.29619942002349287,0.19344683764654927,0.008416844974334306,0.28455775007420697,0.6284852338989337,0.9550625
TW0002313004,0.23852155618962287,0.3499471079521749,-0.22888571909070782,0.19126985749956898,0.8556039592990402,0.7605625
TW0002618006,0.1679019415507074,0.26863611278413585,-0.21465566781816595,0.14014535562625868,0.6451850472858282,0.7326875
AU000000REH4,0.025964197541396797,0.1752810949706978,-0.2332870440264246,0.010624517828584566,0.33202266984141887,0.5269375
JP3787000003,0.09369785659142957,0.24752625636307884,-0.24824862863585936,0.06930672342573635,0.5174878816578216,0.629375
KYG8245V1023,0.5058523158403642,0.6809383908971997,-0.1809485716004578,0.41492263579411076,1.464433865798157,0.8634375
AU000000CAR3,0.43798610217961675,0.2420472443868883,0.10731205256018958,0.42252937665576773,0.8158498552816449,0.9855
TW0002912003,0.19573034933606226,0.2336791952861969,-0.14342224373212337,0.17363233956978097,0.6031109649274922,0.8145
BMG0171K1018,0.42642926028220896,0.27763056294583055,0.03173568089738715,0.3994198517092161,0.9107106951135934,0.96425
CNE0000011S1,0.474768155125578,0.3187359847883588,0.02752596203010228,0.4387005263975663,1.0414032194524094,0.9606875
TW0002337003,0.28103635109869185,0.31200206371501094,-0.1536450020555563,0.24235135056584814,0.8345528097602729,0.8345625
TW0004938006,0.05167715887572964,0.23275357788964546,-0.27683458904430935,0.026790456999094547,0.45995761820198094,0.554375
TW0002356003,0.05913102921741424,0.24346490601122325,-0.28262945637653936,0.03188062647965839,0.4867659044743265,0.5596875
JP3386030005,0.15012984096805582,0.23237218595731357,-0.18110642545789943,0.12715573639025907,0.5558118717247789,0.745625
CNE000001DN1,0.09215646073001241,0.305493831796891,-0.3202742146064112,0.05303317741167732,0.6350961190275507,0.5845625
KYG126521064,0.3263123289028889,0.20108499547641903,0.02410008908125701,0.3110025173118933,0.6697938370536165,0.9619375
INE376G01013,0.1560930483311182,0.16319929225585525,-0.09270902992491531,0.14597087810539142,0.4368411448188502,0.84775
JP3853000002,0.20696721566845264,0.3410176304825101,-0.2417385772677806,0.16527853798385714,0.7938632680012461,0.7298125
VN000000HPG4,0.38629466922030753,0.23763943843882798,0.03173798274629877,0.36737674262809833,0.8083547584345644,0.9635
INE510A01028,0.20232107925919807,0.3307976485132455,-0.24439136408692946,0.16201080749759267,0.7735279257769901,0.73
INE061F01013,0.19766994577519653,0.15549247074702743,-0.03916416555518369,0.18813293760080577,0.46642749516681314,0.914125
TW0006515000,0.2506366729518117,0.2800708370251061,-0.14325200355623377,0.22047664755399998,0.7446721379669118,0.8325625
KR7259960003,0.6191987093258858,0.2109383109658479,0.29834885223267477,0.6053744414080592,0.9855485017876535,0.999375
CNE100005GY1,0.431170660460171,0.5634341383683488,-0.17272859673797408,0.3666611540733139,1.2407441733639284,0.853625
MYL4863OO006,0.16581334046354942,0.1678468732170685,-0.08232677740268311,0.15450223424938503,0.45514265404171755,0.859625
CNE100006JG0,0.9125013617258135,0.4429817772573237,0.29340212783523567,0.8670546725226711,1.690407356802021,0.996125
JP3689500001,0.5637133007054087,0.4436189939293187,-0.041095126472788575,0.50365586447269,1.366670890318141,0.9335625
JP3672400003,0.11810749073613143,0.1961915604658165,-0.1672804687225756,0.10180557145000735,0.4609279678012756,0.7285
CNE1000002P4,0.45345855194997975,0.2847890137330441,0.04706575197820381,0.4260179757233583,0.9492525315977094,0.9676875
KR7030000004,0.4741135046949558,0.25799141777307005,0.09098727739861072,0.4505852869794073,0.9324435402086685,0.982625
AU000000RHC8,0.07260168351673306,0.1678641223244054,-0.17359018890317066,0.058748557191970405,0.3655603184128977,0.6579375
INE540L01014,0.09991551681540352,0.15102748562913948,-0.12455809802516968,0.08953564558278077,0.35943447810037926,0.7546875
INE813H01021,0.07068150180731447,0.19324435894224498,-0.21401728605784162,0.054155125370314194,0.41615026536201016,0.626
TW0003533006,0.22149936999642983,0.24896457855395487,-0.0810881254054321,0.20152195134878276,0.5840705900395154,0.8755
TW0001519007,0.30347384211244993,0.38401000801062063,-0.22243866047493388,0.2538403970102229,0.9897137348894193,0.79875
JP3536150000,0.13855211277772303,0.23184193366201414,-0.19313650658027579,0.11430656160826286,0.5384184975040917,0.7269375
TW0002376001,0.28989309680481407,0.2515969352574561,-0.07182268574718134,0.26669354060022177,0.7425438086243645,0.899625
JP3419400001,0.11685104345619379,0.3040772619731246,-0.30140215640953993,0.08014113105145729,0.6599513783556276,0.6245625
KR7003490000,0.35224918635497854,0.25020292305303343,-0.01177320784899662,0.32827125602097074,0.7940047263111034,0.9435625
INE935A01035,0.229367502975272,0.22130184502185468,-0.09121326108420877,0.20865955505113776,0.6192390079394563,0.87325
CNE1000010N2,0.22720169993989778,0.3035148758037143,-0.19529401324501935,0.19139250187437012,0.7688085880053159,0.7826875
KR7247540008,0.11103144158465382,0.2189757348784789,-0.202032877726099,0.0908307010603562,0.4941928852344841,0.6863125
JP3571800006,0.12384499205249147,0.21626898978638212,-0.1934044441322351,0.10579794576232188,0.5024770494138173,0.718
JP3197800000,0.1032186841533759,0.2405236540356636,-0.22841306235247333,0.08006577823870056,0.5079219358305409,0.6619375
JP3663900003,0.14480054401502346,0.2563825798666734,-0.21690486383346186,0.11828335375565024,0.5954550324176822,0.71325
INE040H01021,0.4059278443599017,0.24435563809986663,0.04447365296121297,0.386771494786207,0.8321437528748913,0.9703125
CNE100005R96,0.39797367534976397,0.4151153731865325,-0.15351294677901975,0.3359957582398928,1.1360682851112054,0.861375
TREASTR00013,0.3746887483768292,0.5078114060941902,-0.25681691761830244,0.29208908219363566,1.269177570829497,0.791375
CNE100002W84,0.28507730554717753,0.3843176042782026,-0.1820931280325869,0.24572481751480266,0.8702759958690099,0.8189375
SG9999015267,0.3179262839922805,0.23285005717744256,-0.01745852648489389,0.29579007716717104,0.7229938574462537,0.938875
TW0003293007,0.37564217358651697,0.39495170641897775,-0.15891000955493298,0.32406854712545347,1.1020483637118321,0.850875
CNE100001NQ2,0.22276669884800546,0.31738199660520555,-0.21533582954834116,0.18473694655952488,0.7986679647684616,0.7590625
INE513A01022,0.2675539085720427,0.28413913278333114,-0.13118349423847536,0.2345262697098635,0.771341373075289,0.8488125
HK0285041858,0.429848033242897,0.250809355224699,0.06820258109080314,0.4068119471783381,0.8716824702877787,0.97525
TW0008069006,0.32643166232288706,0.2684296103820332,-0.06645064707001543,0.30173416229898953,0.7925526520343396,0.9144375
JP3230600003,0.18750125114318172,0.27767738905210854,-0.20232801936656977,0.15686176445542926,0.6677945084707192,0.7526875
HK0270001396,0.2470667572509827,0.3369408848933537,-0.2116016835028495,0.20335486376487055,0.8651247802034744,0.7731875
KYG4212T1058,0.548167923857428,0.2487160735953441,0.1813694772367855,0.5289739759722396,0.977591793040475,0.994375
JP3197600004,0.10142767680930218,0.2042697394977524,-0.19383821311199884,0.08316448240067512,0.4596773936485818,0.67775
CNE100000FN7,0.4194537267243385,0.248013820984287,0.05210817188940705,0.3995406063926118,0.847554975006384,0.9701875
JP3885400006,0.20740938060834613,0.33414340278840854,-0.24690608574003728,0.16438906794996616,0.8083097009310639,0.729625
MYL1961OO001,0.2011541156094388,0.1759397118505107,-0.06233998270806911,0.1892611077739947,0.5038938665572558,0.8924375
KYG3066L1014,0.4678539118509097,0.2560779788562094,0.09146601300313346,0.44655276052419857,0.9172834194840076,0.98175
JP3774200004,0.21445236402752438,0.32717472737172226,-0.24248926133696427,0.17723992964254048,0.7986490873433397,0.74525
INE0BS701011,0.07227578823114493,0.1563030448431015,-0.16017748310835206,0.06047440025860898,0.3426194477275427,0.66875
INE169A01031,0.31331051990429765,0.2779902171959957,-0.08579198240045958,0.28670725620846166,0.8064427555039737,0.8971875
INE463A01038,0.058635533930348545,0.13720773628747304,-0.14984240879217894,0.050885959719869034,0.2981466703798205,0.659
KR7047050000,0.38550211121170486,0.26539894260237135,0.00551944463095906,0.3580837474888894,0.85992005039954,0.95325
CNE100003FS0,0.049133244175164036,0.2566415666617943,-0.314518819775478,0.021457045548019346,0.5126460302567665,0.5406875
JP3835250006,0.4298209373412688,0.2619131600057872,0.04765337829598753,0.4073553323395801,0.899209628821447,0.9684375
AEE01376A248,0.36949875731375803,0.42275082406449843,-0.17881591015900786,0.3135947379449901,1.098731119311614,0.84275
INE303R01014,0.276772594392046,0.26612562788426547,-0.0999909264253786,0.25238584180799145,0.7419788000883859,0.87575
AU000000JBH7,0.180404294269746,0.18532024601577157,-0.09707898048675016,0.16647171628829094,0.5050988439460625,0.8505
CNE100003LY6,0.22636173968141104,0.27616341227694946,-0.15928230626893863,0.1963423429908579,0.7039337483508015,0.8136875
INE944F01028,0.11259742934007129,0.15106999573306537,-0.11569165512847461,0.10387690914330117,0.36975948722230684,0.78225
JP3596200000,0.16038407099251142,0.2606461519981059,-0.20954171359854282,0.1345216721649228,0.6233014675249088,0.7320625
CNE100001V45,0.41512996875160435,0.28275734547500053,0.002795212046303021,0.3907114379233547,0.9105297387814981,0.950625
INE372A01015,0.08726385321860816,0.21977669429087346,-0.2335421317022233,0.06767744112835186,0.47156981957562194,0.6385
CNE000000MD5,0.5106687653043099,0.3531325903594038,0.016959550331586245,0.4712947716022302,1.1410910791358724,0.956625
JP3670800006,0.1380060650092442,0.2468199055263255,-0.21058120507293868,0.11414868365307357,0.5597711764910803,0.7145625
KR7003230000,0.4907989542977098,0.2157065672980218,0.16799835907768979,0.47573305508910757,0.8633319992204403,0.993125
VN000000GAS3,0.1027963212061061,0.2600629034618899,-0.25526898922620606,0.0744785161157018,0.5442756024690559,0.6403125
JP3830000000,0.23075589908860925,0.33756303562467466,-0.2274279927826831,0.18723134737027414,0.8411060279965398,0.7589375
INE220G01021,0.27823745155274104,0.19128807925104976,-0.009557233912511951,0.26633625341519607,0.6122234377713801,0.943375
TW0003044004,0.2532425111640406,0.3071532111840452,-0.16443247622513774,0.21596902968026266,0.8023265276466836,0.810125
CNE0000011K8,0.5473403403880784,0.3544439003383102,0.054486199480840276,0.5031470372769319,1.1772532662600246,0.9673125
JP3918000005,0.15793462927558027,0.2299496731305404,-0.17048735575461602,0.13595253915023953,0.5565727407495793,0.7621875
AU000000QUB5,0.007977721465666256,0.229410868610503,-0.3269897191043398,-0.015523182412261152,0.41548929024022846,0.468875
INE358A01014,0.27967670149289475,0.27958703627122133,-0.11812864228138277,0.2487440513594033,0.7734538248021654,0.863875
JP3270000007,0.2211052227283572,0.33292585531351115,-0.21747347085242816,0.18279520580428632,0.7834886033417247,0.75975
TW0003081006,0.13422328165563122,0.3702876227390915,-0.35376403847400567,0.07829516875808352,0.7961046988793014,0.60325
INE0KCE01017,0.4093150935211858,0.24486470695080173,0.054408319820716027,0.3883463335207147,0.8360509978907881,0.9703125
CNE100003FF7,0.6597003192947902,0.5979781230878406,-0.10935163393691508,0.5658297650829263,1.7460092750287741,0.9103125
JP3922950005,0.15410483972018216,0.22073436486936593,-0.1724515576870729,0.13296200168398128,0.5446816926922015,0.762625
JP3869010003,0.3392360305120413,0.26274613240387934,-0.03725013327889155,0.31561936093135856,0.801992500151014,0.9276875
KYG2953R1149,0.4189308855677531,0.21506483022130848,0.10120739950651071,0.4031019753315973,0.7917500710810196,0.9864375
JP3574200006,0.2005892199506243,0.2970219290649329,-0.21466380694365603,0.16659630747526716,0.7295212152000916,0.75325
TW0003529004,0.37834860482572624,0.44885683108268226,-0.1998885884013651,0.31658127356341625,1.1692792307067235,0.829625
INE883A01011,0.01667806369562482,0.20700359703620708,-0.2820978525834437,-0.00507399521995179,0.38001093995716456,0.49
AU000000SFR8,0.15688874040197398,0.18734972469743433,-0.12200945568906316,0.142382228310042,0.4860939363053613,0.809
KR7028050003,0.2906654159104279,0.17614060538850335,0.024684727619384877,0.27828720794028033,0.5967214118420804,0.965125
AU0000088338,0.13171541741387988,0.232829108005274,-0.19734959781449343,0.10919718693892491,0.529786639857829,0.71625
CNE000001GD5,0.46677051040774586,0.3301460494805316,-0.005617198952889207,0.4339400972143023,1.0532048289405203,0.948
JP3399310006,0.22967117995937122,0.19561268516233485,-0.062478220098668574,0.21253273485039487,0.5807426215989215,0.900875
OM0000010120,-0.029841125544385873,0.31310626118876034,-0.43301322163144956,-0.07915086251844443,0.5453796039829182,0.38075
KR7078930005,0.18001153031914835,0.3120071909128009,-0.24691411691465734,0.13904365824739928,0.750113172721784,0.708
JP3351100007,0.4351583635301409,0.2819414959086763,0.02950430928645843,0.411437247381576,0.9256119092492017,0.9621875
JP3869920003,0.2098810329864248,0.2960231005228532,-0.19894998015761828,0.17706833447153392,0.7225549367481947,0.7695625
JP3164630000,0.05969192899750355,0.15624710186061813,-0.17224715479821165,0.049558191634354196,0.32946915616876643,0.635625
JP3613000003,0.15505038083011694,0.20750275164270807,-0.14794513337013074,0.13684253588557546,0.5134308706003878,0.7828125
CNE100003QK4,0.09868600165917542,0.24195905973339454,-0.2467969137285588,0.07370791222266207,0.5327266084458302,0.64225
MYL5398OO002,0.33656791140779513,0.18887717549016958,0.05724252462512584,0.32216229838172916,0.6650490258526147,0.976125
CNE100004P24,0.13392971164877604,0.41315074038628447,-0.38615712237819805,0.06486267127237219,0.8791145112944199,0.58275
JP3110650003,0.2479582384501117,0.21435105412389682,-0.07105047563507648,0.2321834509456213,0.623460156988233,0.895625
CNE1000004F1,0.1932514298259756,0.33317203897380865,-0.26816514561936183,0.15136300195416483,0.7993176260823498,0.710625
JP3414750004,0.08883585804425989,0.25365558282370804,-0.27005373275172617,0.061205888222169644,0.5386165048280829,0.610875
CNE100001KV8,0.33257459194473865,0.24233226112359524,-0.024993687189571994,0.31407581372821936,0.755152803317021,0.9363125
CNE100004KH1,0.2520547471088567,0.29758639680774984,-0.16255294271607068,0.21944461968331624,0.7824421461396348,0.8144375
MYL5246OO003,0.054592888330235144,0.15544057960005872,-0.1792141530812898,0.04346510880353307,0.3278521084783201,0.624375
SGXE21576413,0.17572698174953322,0.1820014891578316,-0.09932134056303725,0.16482366953311225,0.4939998947815088,0.8475625
CNE100004KP4,0.4876050712817234,0.3157212205118188,0.0378369305412369,0.45486340634269884,1.0496402459192085,0.9641875
CNE1000049X9,0.37349842663500715,0.46811932261665085,-0.2373636048387595,0.3017559730538768,1.2022306990858123,0.8066875
CNE100005RH3,0.05964061403595309,0.3183985161891795,-0.3665200530775389,0.018657427480391807,0.6206230818253609,0.5264375
TH0324B10Z01,0.14507301005423948,0.191723053734766,-0.13267988840231146,0.13040633021559261,0.46995897048767954,0.794375
CNE000001P52,0.30707905880155045,0.4478011693818046,-0.27289598755075833,0.24302939612585212,1.0797376709399658,0.766375
JP3173540000,0.189016020499055,0.3578957269691405,-0.2812285117735667,0.13870637668485108,0.8292491706302652,0.68925
KYG216771363,0.44563039043190145,0.31682091316031286,-0.006546051986800294,0.4115039489884995,1.0052897196030193,0.947375
KR7443060009,0.44974964473748086,0.274723918047203,0.05005727296557459,0.42517718308552965,0.9265324256836318,0.9669375
JP3162770006,0.22611346353334524,0.22460032235152347,-0.10860797624223033,0.2086186686956777,0.6177427129801429,0.86425
INE259A01022,0.09255636498676134,0.13083571277071526,-0.10176803097816078,0.08362150785805306,0.3173952629078976,0.7714375
ID1000128804,0.691234014166693,0.36046481819009835,0.17381280940191932,0.6532358578156853,1.330292612251414,0.986875
KR7161390000,0.251307442707876,0.2006193152737489,-0.04577532461038669,0.23546855884456142,0.5996518600474117,0.91525
KR7006260004,0.3608834253901746,0.3627343467530969,-0.13839843411514127,0.3147378939653659,1.0025182876831897,0.8704375
CNE1000015M3,0.3853125083822524,0.32599101802140007,-0.06902506838367091,0.3464001569533738,0.9649917036761813,0.9120625
KR7090430000,0.38392257827218534,0.16447154299416222,0.13454437012136364,0.3726399483381132,0.6706614356952632,0.9940625
CNE100007CW0,0.7256635386873407,0.7019792180456567,-0.10601397550102795,0.6089491223980834,1.915519058094823,0.9139375
CNE100001VX1,0.24382440617165577,0.2688239427062383,-0.14888889967307553,0.21697362402206777,0.7134258413728678,0.832
CNE100000XB5,0.4662579939340696,0.40679396656692124,-0.09905349338715048,0.4173405173547745,1.2025774718826545,0.9059375
MYL4707OO005,0.18493144031095107,0.21241687245326488,-0.12527334499107426,0.16560516947825854,0.56204931662601,0.82325
INE0LEZ01016,0.20093698824535808,0.23835433560540284,-0.1483198101245737,0.1793061244616424,0.6166285943699847,0.8160625
MYL2445OO004,0.15647394412623744,0.17243603499297885,-0.10666614277665845,0.1462721569350311,0.45201460782840114,0.8303125
CNE100001SJ6,0.2089013620877292,0.263098455509385,-0.16846317270090225,0.18197186851237135,0.674205181807918,0.7965625
JP3551520004,0.14554764081231827,0.23529874870701586,-0.19596238700862412,0.1248693837626278,0.562212899229454,0.7294375
CNE0000017Y6,0.22514078215178296,0.2778370501337113,-0.16806636027986488,0.19517426355653117,0.7281681191033583,0.8005625
NZCENE0001S6,0.2957220723228998,0.3495517057752051,-0.18823457689911466,0.255020800821137,0.9260832667765444,0.819
JP3799000009,0.12080415961932435,0.18636104957641242,-0.1592185788345722,0.10776732479927399,0.44793458934727526,0.74325
JP3944130008,0.17528800403546438,0.302433157825729,-0.24181731636277573,0.1398352559224042,0.7081257759232107,0.712625
CNE000000644,0.424405770504373,0.4707999716099679,-0.19254986182594594,0.3573545108881645,1.274463215672794,0.8459375
NZMRPE0001S2,0.08255953125738134,0.28927597795265,-0.3162649384590534,0.049814361461059845,0.5957225824061216,0.5795625
CNE100000H69,0.2865276252674974,0.34896315280072776,-0.190768197646262,0.24258296650549335,0.9239550068843825,0.80675
INE389H01022,0.4353750336347203,0.18456876181244614,0.15372952191611966,0.4232926481644132,0.7533133515305176,0.994
TH0101A10Z01,0.2692027106876724,0.2026267376359725,-0.03386717244685582,0.2546581980874302,0.6219069137696707,0.92575
TW0002609005,0.37667159189731847,0.4086748181887761,-0.15358669750318135,0.32096775459506566,1.0783560785205892,0.8604375
JP3973400009,0.08227621040078523,0.21724376648006904,-0.23199506581686397,0.061511590710522465,0.46608263576933195,0.629
KYG607441022,0.4753649800971234,0.24838542118661602,0.1078777304292577,0.4552235260737616,0.8969327149473908,0.9855625
KR7352820005,0.6852691116193435,0.24102034234343123,0.32167697210911284,0.6661844890011802,1.1059151215745135,0.9993125
CNE100001617,0.5505554045414744,0.5736250539000369,-0.1662549570546124,0.45253563579273437,1.605519564745008,0.8755625
INE09N301011,0.052529494327659194,0.15611442618043755,-0.18152241394194554,0.04136614292640378,0.32832815105714847,0.6185625
JP3588600001,0.2269040553374449,0.3093277035126422,-0.20662836612718583,0.1886722086378093,0.7868107027942383,0.7739375
CNE100006KH6,0.35882166623455364,0.33821858254735104,-0.10648020558551596,0.31799254637444396,0.9603376108198989,0.891125
CNE000000LP1,0.3776381104305582,0.6919926468994453,-0.3834491823892759,0.2475464357545197,1.577454333593845,0.704125
MYL5555OO007,0.14857460696093505,0.17848722978814627,-0.12046761694793331,0.13536361366972477,0.46284573861224926,0.8103125
INE878B01027,0.049035806626978304,0.12381324227260275,-0.14187960139259742,0.04302687736136098,0.2591200848678647,0.64775
JP3246400000,0.3199792591905112,0.45164405030964183,-0.23296120873719986,0.2607615847047732,1.0488973524091227,0.796375
SG1I52882764,0.2022945752569231,0.23766100916904084,-0.1375070781824028,0.1801042486271531,0.6204774975594336,0.8159375
JP3675600005,0.23773524472378318,0.23315397152839487,-0.10210856759156331,0.2177994746616554,0.6494379853518187,0.8680625
JP3417200007,0.13082325417872118,0.2724087490867305,-0.24854873142117603,0.10104562447072514,0.6154790644705814,0.6683125
CNE1000000B8,0.20611048500757304,0.612447196279976,-0.4875523982313318,0.08510371480072071,1.3041569973490954,0.5764375
KYG8875G1029,0.8153077353835567,0.4188453522200441,0.2264422604122189,0.7673759702174567,1.5609474436949855,0.9926875
JP3637300009,0.3035658362250335,0.28749910726732403,-0.10518254221725139,0.275924743320019,0.8153914440639723,0.87825
JP3595200001,0.13120724118366234,0.2563626444333587,-0.22610978420552624,0.1036291672445129,0.5752942098334453,0.6870625
JP3122800000,0.1819995194607998,0.2929990621684641,-0.22405738409366352,0.14815891164300898,0.6957099451304402,0.729375
AU000000COH5,0.3670727194069328,0.21364202205882107,0.05038609481465869,0.3508147912334594,0.7393484511798574,0.9721875
CNE000000DC6,0.22643681498133705,0.4231762812677324,-0.31307418050974395,0.16101304863562477,1.0008026970916102,0.688625
CNE100006CQ4,0.5482608217750223,0.32055869087028976,0.0831847127801773,0.5147861777689803,1.1252665368615367,0.976875
INE974X01010,0.25755306596434724,0.33178612194808765,-0.19018378043685383,0.2177968520295585,0.8386665443845954,0.797375
CNE0000014G0,0.18841043286540662,0.2692861888369256,-0.19453629310183398,0.15951322330104334,0.6536657284219737,0.7631875
CNE100003T39,0.44307449064166016,0.2645995511039804,0.04942391808319909,0.4220036895385692,0.914556408855527,0.969
JP3896800004,0.20556253469882915,0.2655612794612777,-0.1600647806792074,0.1800157957007929,0.6566089921741358,0.7988125
JP3937200008,0.14721923560120065,0.32036207580478604,-0.29002125944350343,0.10558292562387067,0.7124811810365363,0.6583125
CNE100000CT1,0.3066214621600101,0.37660109335725356,-0.20576088279216523,0.2590607518173673,0.9755988885132031,0.8081875
INE151A01013,0.20293771984883965,0.2268617843963858,-0.13069678823504907,0.18112590474672297,0.606667250220077,0.8325
CNE000000R69,0.5287449997599021,0.5117562888793116,-0.12509537399514692,0.4590922596980019,1.3963072831728294,0.8970625
CNE100000RC5,0.308342762519028,0.3168570298543767,-0.12772734145723888,0.27406343632696184,0.8680984336083661,0.8639375
KYG8701T1388,0.2870334233414311,0.3593291815970848,-0.2010989248476541,0.24311185481372066,0.9208376031897517,0.8049375
JP3409800004,0.3471742645035634,0.3998583495141191,-0.19249028650435052,0.2940666483071569,1.0596249699618705,0.8305625
KYG8190F1028,0.19158093543116353,0.23193975949277496,-0.14539005729002943,0.17070482120962585,0.5986336316211969,0.8035
KYG3825B1059,0.4641847359464363,0.34568819021140873,-0.027995626868667283,0.42442332771668234,1.088079815149075,0.9389375
CNE000000LC9,0.29751916884478646,0.31800856661791116,-0.15167612078188872,0.26210840103854016,0.8674003592787043,0.845875
CNE000000S84,0.23693940834043065,0.3402229652046627,-0.21073058059779426,0.19386866450196627,0.8195063358536748,0.7695
CNE100002FY0,0.24712132003694795,0.33849131074725225,-0.2131488153748876,0.2044026331233777,0.8571350467339715,0.7783125
CNE000000PF3,0.2546897285599382,0.40616730103018434,-0.26807655328310004,0.1987247345515708,0.9779815133599977,0.7365625
BMG2624N1535,0.3708756151369104,0.25190865366693876,0.0071471854990600645,0.346906443721244,0.8194443390210286,0.953375
INE628A01036,0.2553106418579367,0.18647754446377746,-0.017867402294708644,0.23988415307947825,0.5739656936937316,0.93775
PHY0005M1090,0.3493265745561474,0.2973108326779614,-0.07467848480551008,0.3194562815649062,0.8712720278547801,0.9049375
JP3931600005,-0.011014438596021638,0.20039430592310029,-0.2944323471765846,-0.03238794204372667,0.34470172301866453,0.4329375
AU000000CDA3,0.1316607340493876,0.25965485243306635,-0.2336271283719894,0.10266727809003681,0.5876838695127209,0.6811875
JP3940400009,0.21583087253465977,0.37739639533464686,-0.2791852477863779,0.16142730258810523,0.8952670329253848,0.709375
JP3401400001,0.2168314475657901,0.2680796505153456,-0.1674495004882599,0.18942507363928612,0.6878397594008399,0.8038125
JP3845770001,0.357694908659765,0.29575906737016927,-0.06600005827294839,0.327516351427131,0.8705434271115654,0.913125
TH1074010006,0.11219318062880261,0.16806619001104667,-0.14262242343930956,0.10057078568019762,0.4045572381678191,0.7528125
CNE100002H00,0.2544654289783719,0.4091186345341098,-0.28173230741153943,0.19329911456669818,0.9945473493622198,0.7264375
JP3289800009,0.11483061965385284,0.26393316904284125,-0.25930289905880993,0.08687419345098904,0.585739706274208,0.65125
CNE0000006Y9,0.4532059192003799,0.3070412258860122,0.015492248343635506,0.42104289322045857,1.0028918085825382,0.955375
INE073K01018,0.06709188774964062,0.15791630172652973,-0.1690983297267291,0.05540439212003283,0.34572776880958545,0.653
CNE1000031N8,0.24421052164225546,0.2597138527953654,-0.12675929736653332,0.22003989648255717,0.6885827913287589,0.850375
CNE100001TH8,0.6189895475047851,0.5334058632143888,-0.05969387874614035,0.5458097468898766,1.537009082691,0.9285625
CNE100000KT4,0.2328147022617027,0.42635552945700345,-0.31773230093885985,0.1702205830328853,1.0000383522774934,0.69525
PHY0486V1154,0.4528400358780381,0.35684339353658967,-0.01642725036939794,0.4149315370078046,1.0533605404173467,0.941875
KYG9431R1039,0.35985575382815377,0.2625391916710505,-0.023759788965565173,0.33758230506668896,0.8136153678593352,0.9361875
CNE100001T23,0.36447191803972534,0.26938954422081396,-0.02950716312180666,0.33985005944121194,0.8445659331940849,0.93525
INE787D01026,0.05839446235428749,0.14979447181637295,-0.16759477783606405,0.04758687555817573,0.31710829129120577,0.6448125
TW0002324001,0.04530287633248512,0.21241571256302194,-0.2594292691016373,0.023282460579506,0.41893774389127597,0.551125
INE208C01025,0.04018625594983216,0.33157693073625355,-0.3911740151851505,-0.00737969820567561,0.6122417449032694,0.489375
CNE100000TF4,0.30530402452277244,0.204266999795683,0.0008295016315441363,0.2880780814712602,0.6589240826889315,0.9505
ID1000074008,0.21849890704237054,0.278673600266865,-0.17155693423969945,0.1905433807764301,0.7071244386959753,0.7976875
CNE100003ZR0,0.3409770411222397,0.397473219984563,-0.18016143884278318,0.28808533845235174,1.0514140306494186,0.8283125
KR7439260001,0.5513575480796374,0.7625837594198911,-0.3116002464269575,0.40081590410743617,1.9039256247099272,0.7925
JP3888300005,0.10675522977644908,0.22108432998568137,-0.2142951473334458,0.08632836092730942,0.4902694907454242,0.6803125
JP3320800000,-0.1178960769467138,0.23644230439939187,-0.44473164576139695,-0.14739195853144618,0.3020687087351441,0.2525
KYG3R83K1037,0.45346525657506354,0.5231658148797788,-0.22465764040078404,0.3764670652806148,1.3962151886117518,0.832625
CNE100002136,0.16827972282236892,0.31468535997544567,-0.2565070832619648,0.12570147062467069,0.7380091777199744,0.68925
INE356A01018,0.3119710562695445,0.13074074555772858,0.11367484855232994,0.3051904122329921,0.5329732311538784,0.9949375
JP3982200002,0.2854457741509472,0.4352590456058179,-0.28044294847391776,0.22171567919044177,1.062896572758401,0.7520625
BMG2113B1081,0.25054867075121645,0.2048229217641357,-0.05019866894202595,0.2359029140522494,0.603902638532111,0.91025
TW0001504009,0.2246033229410271,0.4777552309171115,-0.36654613133371083,0.14511440348288282,1.066531271906749,0.6550625
CNE000001KS5,0.27982217632225886,0.2756716940281297,-0.11768651304632376,0.2545624487889539,0.7713026066131646,0.86525
CNE100000072,0.3310687485600947,0.40798932347046674,-0.20205404690080267,0.27302931723322227,1.0463274198758914,0.81675
JP3104890003,0.20750302006663288,0.2429461039622266,-0.13752542304109647,0.18353936605992846,0.6349108652801572,0.8196875
INE171Z01026,0.21201933408980517,0.21222525740614692,-0.1022288549415075,0.19567428054980368,0.5794464709186236,0.857125
INE399G01023,0.15127495356594556,0.3622049877804751,-0.316623171124222,0.10400748874707991,0.7673702483342754,0.64225
AU0000045098,0.4457179567701593,0.256689589948028,0.0643138588839638,0.423481950115674,0.9004798243687016,0.9755625
TH9597010007,0.11109252029727017,0.1471496944159248,-0.11478270972624105,0.10257479490692321,0.3660134372844009,0.7853125
MYL5681OO001,0.24834783498437116,0.2416370814763397,-0.09967230775540054,0.22524834918191364,0.6720114956257065,0.87075
CNE000000QS4,0.561201376496092,0.3570317350421618,0.04439129190764367,0.5257164653859587,1.192496474105762,0.9640625
INE152A01029,0.024049479665301864,0.1352035150883577,-0.18233097286508812,0.016031905883514413,0.257511241711886,0.55325
JP3539230007,0.0012977141675479256,0.29238622086172655,-0.39133580921664934,-0.03736174303517015,0.5252325600041167,0.442875
VN000000VNM8,0.30564905715692453,0.23927443798103265,-0.03846840726622449,0.2837612543472415,0.7211782577830675,0.9275625
AU000000AZJ1,0.021151461058247514,0.15292005750607904,-0.20882101832841615,0.009948347069550695,0.28557819066807116,0.5305
HK0392044647,0.23228948006272115,0.3711424393881194,-0.2693255262520241,0.18412589336733276,0.8819043558886589,0.73575
CNE100006QG5,0.5209504348037428,0.40564861436204486,-0.0396144429154996,0.4704644324991504,1.244042600420842,0.93425
CNE100003G83,0.26117722598192994,0.3166487805327619,-0.17539532402395652,0.22276289901911078,0.8293043160477119,0.806625
KYG5264Y1089,0.43928309621269546,0.3362732681679897,-0.033429354928275874,0.4052398747299079,1.0245487318580675,0.9340625
AU0000090128,0.2843594559315566,0.2179749123317565,-0.044677494192318146,0.2699821701882409,0.6559824870021735,0.9200625
PK0080201012,0.3569570902641574,0.29042102422924654,-0.05898736205139492,0.32852016674888784,0.8724668056070484,0.9165
INE191B01025,0.2356954197748913,0.2952382686535909,-0.18463824716019364,0.20275176978162696,0.7599918352332651,0.798625
KYG5496K1242,0.5010249494285675,0.21503006946177874,0.17551656672410823,0.48736327499628096,0.8692808561388289,0.9944375
BMG653181005,0.22513214201834678,0.2844176567268242,-0.1754131590124467,0.19358756913982494,0.7258587155604177,0.7991875
CNE1000003C0,0.38564067259795753,0.44369927315255836,-0.1938898141807866,0.3241206368833549,1.1704830101339379,0.833625
JP3311400000,0.37101729916255216,0.2132124044224465,0.057987882785194005,0.3573159935918394,0.7460534315116764,0.973375
JP3174410005,0.11972548154073254,0.2792926992550087,-0.2659638248202044,0.09399824542522622,0.5929822422449144,0.66075
AU000000DMP0,0.14451110478422366,0.19844710301873375,-0.14204357396782846,0.12654750522396083,0.48822769087522094,0.7775625
INE159A01016,0.33685998905700093,0.4284530346029133,-0.22154263062403964,0.27312728635830175,1.0954025658482596,0.8054375
JP3243600008,0.20397891002778623,0.4954736885230418,-0.3100070122461329,0.1464808658714491,0.8838972864580787,0.6798125
JP3580200008,0.09901319114790443,0.23214851084710106,-0.235573087000635,0.0745499517412162,0.5099345901854107,0.647125
INE195A01028,0.2437985717803267,0.1407369688110848,0.030263457930678268,0.23674972561266494,0.48511146562010754,0.9705625
ID1000058407,0.3465325082543816,0.21716564784631515,0.025857514171163446,0.3266073273864539,0.7304966266940499,0.9631875
JP3344400001,0.30308411904397237,0.32114853795649295,-0.14668408221211382,0.2644588773402929,0.8848445361700955,0.8500625
JP3742600004,0.244716952315815,0.37435322510001395,-0.2489940117518067,0.1908448545408962,0.9250792509014157,0.74425
INE761H01022,0.16610379241865406,0.13838014123768075,-0.04618386865650401,0.15776129275618395,0.4014570961232603,0.9011875
VN000000FPT1,0.5125940032293262,0.2825538303614946,0.09780423171052786,0.4894617945647642,1.0084322931459833,0.980375
KR7021240007,0.4272582282294157,0.28564796241217866,0.012885279867646003,0.40084663688772537,0.9332903738563786,0.9563125
CNE100001Y83,0.4766312970842,0.34027148929252177,-0.006918088753538178,0.44076536998179017,1.0734933423333548,0.946875
THC450010002,0.16529575328212587,0.16634888111141857,-0.08363267299475308,0.15317708946849448,0.45347623645701085,0.8564375
AU000000APE3,0.17536991616683298,0.18133018319156083,-0.09776832664648107,0.1626544904561893,0.4922067558402969,0.8453125
JP3659200004,0.21498009703986037,0.3472307811192129,-0.2531983422560466,0.16834060305443688,0.8465799597998795,0.7265
CNE100004868,0.6061002231248247,0.3190404850189554,0.13751691846711597,0.58029135113555,1.1641304151100458,0.9855
MYL5357OO008,0.20891408208599566,0.3326605144910145,-0.24640305265966414,0.16682283667436054,0.7963992314481092,0.7366875
JP3206000006,0.05616951447987957,0.21168811916471653,-0.24767773630581644,0.03541293318270737,0.4310620158608588,0.5780625
AU000000REG6,0.327821241773636,0.2958932006466259,-0.09001616588731187,0.29463833350137597,0.8545020903079801,0.892875
BMG1368B1028,0.6755716643747408,0.5364906916462182,-0.03724606008197136,0.5981250562277808,1.6470731379295591,0.93825
ID1000116700,0.4795369489717907,0.2316351887073936,0.13310723344797384,0.4628926433964159,0.8800145453356963,0.9914375
CNE000001D72,0.2233541966435652,0.3321604748766382,-0.23022710710017333,0.17836133046188435,0.8340516279107123,0.7521875
JP3414700009,0.1958781647464697,0.36525668695477376,-0.28914322121065616,0.14375918764382434,0.8523340502454245,0.690375
CNE100002RH0,0.20482379307358656,0.38669717251569835,-0.3024249347306649,0.1483052941866864,0.8795850291015856,0.698375
INE226A01021,0.04031663923965891,0.10563357441407385,-0.12275067670412985,0.035429840332197454,0.22037859747381358,0.640625
THA099010003,0.1800795345452738,0.1910836461853536,-0.10420017207713374,0.16523582363720582,0.5157413183746978,0.8406875
INE212H01026,0.008271575072589805,0.1730498974008604,-0.24681261383243283,-0.004520437594372539,0.30522672807887885,0.4893125
INE914M01019,0.14390504559752282,0.21156723568805202,-0.16752461640479901,0.12567272261142565,0.5177750461199512,0.75325
JP3386380004,0.0359634148098949,0.27934481544313144,-0.34213121766197524,0.0013810338590412021,0.5444050638593323,0.5025
JP3768600003,0.14348642681260315,0.24656201960997817,-0.21224763968749788,0.1180892642855538,0.5829345359236567,0.7234375
MYL6888OO001,0.2834762022038649,0.20546107030308203,-0.020334510544321605,0.2695063805483591,0.6443635915893675,0.93675
INE068V01023,0.0751540736662528,0.1768436797526394,-0.19167646091802007,0.06167492740523589,0.383347533243318,0.65275
TW0001319002,0.5249326824541026,0.42265841865970794,-0.05489288935209483,0.4731352684124005,1.2980963634789828,0.928
TH0245010002,0.4332988072873582,0.26422685509874516,0.04946738323492778,0.40697124695932324,0.890000000229288,0.972
ID1000117609,0.4290308661146533,0.4707816818447793,-0.177503618871677,0.36055693072433337,1.2519613625365529,0.85225
AU0000390544,0.009387669669733765,0.15961173093863285,-0.23119600526267858,-0.0020593007769438764,0.2867912203245153,0.4940625
CNE100001SN8,0.3410175827965013,0.2914700067555421,-0.07834439847684886,0.31024779283505727,0.852017898524149,0.9046875
JP3809200003,0.250648947029037,0.4384321651411529,-0.31586339878335296,0.18071265654396387,1.0315897546286519,0.709625
CNE100004C45,0.48640664033330155,0.3741523056678918,-0.03304958589295307,0.44700813478576984,1.1465629205254604,0.9355
INE571A01038,0.17402579343509758,0.16228509959325363,-0.0694780083232055,0.16267432336320548,0.4508488535739135,0.8776875
KYG5140T1094,0.4265073243539255,0.3728938569100837,-0.08698394021430528,0.38142847360358545,1.0908419638839053,0.9041875
TH0168A10Z01,0.20996070806362052,0.15712917388459213,-0.024264012576541125,0.2005836869422497,0.48006185750762814,0.9289375
JP3396210001,0.03805456679785146,0.3076722408567924,-0.3819591773353146,-0.001114870665762206,0.5902428223555262,0.4983125
JP3771800004,0.13868291475073874,0.29819344061342146,-0.27725785907280787,0.10355066394518664,0.6628576968942964,0.663375
CNE100002W27,0.16159560086536018,0.3714894573274914,-0.3087814822794918,0.11205766298476687,0.7810426575579272,0.6578125
TW0008210006,0.27655535664317826,0.2748941567689793,-0.11111432547314369,0.251134227369159,0.7557265567014805,0.8648125
INE031B01049,0.14799924362654807,0.18054851868860555,-0.12097337598414458,0.13384761271611073,0.46325412898375656,0.80375
CNE000000DJ1,0.28473963893833076,0.24272951865414943,-0.05693272750882743,0.2648187558350214,0.6925935204218866,0.9096875
JP3100020001,0.3758955963049423,0.48968290370121464,-0.2505983236528788,0.29829934127892993,1.2446154833674392,0.7974375
CNE100007788,0.6146934036623232,0.34162972383815265,0.12670946832225868,0.5800337042487541,1.2315849288775276,0.9836875
JP3921290007,0.19799239587458833,0.2052957250179352,-0.1042663138502965,0.17880599597914054,0.5517277381352997,0.853625
JP3879250003,0.338960871545936,0.38116017420567644,-0.17929261057469678,0.2944618535715318,1.0002971540193113,0.8395625
INE347G01014,0.1440076516950473,0.12728645687475265,-0.04828177516073929,0.13621956223934834,0.3619527077167929,0.8895
INE603J01030,0.22143606440096508,0.16443792240111826,-0.0292819727235174,0.21131118047957817,0.5049750883985696,0.9266875
TW0003105003,-0.006253008928497746,0.19697934367885642,-0.2912506903577872,-0.02431617393602071,0.34257509113584655,0.4456875
JP3868400007,0.16366031704991912,0.1996847477508076,-0.12835274847093678,0.14728224030108367,0.5189484009297152,0.805625
INE823G01014,0.2620023167902976,0.14394914469609718,0.04197371560166488,0.2548120407329725,0.5062776224951899,0.9745625
KR7032640005,0.25455084918066284,0.1710053260335733,0.0018895436153986275,0.2445848715214068,0.5408102292207299,0.950875
JP3888250002,0.3211468173141205,0.46293564542619087,-0.2712853140030601,0.25782236789649726,1.1197517362866658,0.7709375
JP3284600008,0.041681867766557856,0.18555701582735143,-0.23141155779475295,0.025402196416097193,0.36821765300906706,0.5630625
JP3732200005,0.32152811085829275,0.35917352069241604,-0.15903807243508383,0.2763044244203484,0.956258914383069,0.8425
AU000000HVN7,0.14117385842093944,0.19836326496691148,-0.14982671645503698,0.12334987585773421,0.4912493108216059,0.766375
INE819V01029,0.36471482207500905,0.3711783544747172,-0.15050260040927751,0.31751259350414124,1.035280949533199,0.8613125
PHY272571498,0.46323704079775885,0.30507301611719706,0.03619301619251984,0.4282844640530939,0.9899418988096353,0.9653125
JP3152740001,0.2301445876102261,0.24634522325664016,-0.12996736584627935,0.20732460753915277,0.6605020195431104,0.842
KR7267270007,0.37683107047380476,0.41005917997692953,-0.17379471938699792,0.3241288068318461,1.1085971779006076,0.84725
CNE000001774,0.2513526975924842,0.2985141154469091,-0.16492003171851233,0.21859288117328318,0.7822777446701475,0.8159375
TH6488010005,0.10855924297710101,0.18325138835029497,-0.16099395527425003,0.09207176486550454,0.42729954251391156,0.724875
JP3358200008,0.05789051291388384,0.18241372449114002,-0.20618524287142592,0.04030182653040057,0.37617125897417236,0.6043125
VN000000GVR1,0.07717441120012919,0.2670188785184633,-0.29908388218756315,0.04811886306513616,0.546169510190835,0.582125
ID1000207509,0.4688860949441772,0.3135772695666026,0.023570570395481365,0.4350415421272277,1.0242927892836478,0.95975
JP3551200003,-0.0006229679691679684,0.25511109888245653,-0.35511107234490796,-0.029148417765484852,0.4463341859569239,0.4488125
CNE100000XX9,0.3074563641605413,0.4003148136670924,-0.2183103805860745,0.24798765722052077,1.0342168854903837,0.793125
KR7047040001,0.2123323179118728,0.31456662641020217,-0.21625935950506933,0.17460757388149864,0.752803212112767,0.7568125
INE335Y01020,0.337229532052282,0.32199422147053186,-0.11321257644846601,0.30138390826930095,0.9093425797644892,0.879875
MYL7113OO003,0.10538247987729929,0.17762059233778765,-0.15865785273987126,0.0922266677347835,0.4165914101632321,0.7260625
JP3292200007,0.2672203175789274,0.46169582462565334,-0.3239468809061102,0.19056545032577848,1.1186390088308589,0.7068125
CNE100003N76,0.5484638742489331,0.3941135946332512,0.0026670672449978605,0.49916867020563677,1.2630379512056555,0.9509375
INE168P01015,0.2118488473553212,0.2724467762687318,-0.17157583370827942,0.18313151703109354,0.7057854070851513,0.79075
KYG7S12M1051,0.5295642254294951,0.4694730725298942,-0.09275573993303642,0.4665323015727379,1.3727105680884233,0.9104375
HK2380027329,0.35972514145251566,0.33583307316276173,-0.10554836820075282,0.3173924535429268,0.964781565068014,0.8855625
CNE1000022H9,0.4715780658960333,0.3999148537145361,-0.07707575937783337,0.4191853458359298,1.186262689870717,0.9170625
TH0796010005,0.07904723069506031,0.16429923052511494,-0.16430236922317998,0.06708540132740531,0.36322296808980725,0.679375
SG1W35938974,0.23935132598281733,0.27611570635655064,-0.15162906206287627,0.21320169013833148,0.7289622178858285,0.821
JP3405400007,0.11913972643301432,0.35045155837394826,-0.34515520559524765,0.06846203902875116,0.7558607297021295,0.5953125
JP3379900008,0.02761567066907214,0.20978214789060837,-0.27458956036293564,0.007030435189445738,0.4008658200815311,0.514625
PHY7072Q1032,0.37543025374754535,0.23802727633165616,0.024574811371666207,0.3550378097621838,0.7994025062519344,0.962125
CNE1000023M7,0.12218903687270737,0.2148157035898725,-0.18912263970365525,0.10055945159663635,0.5003980945683945,0.7125
KR7336260005,0.27438945298343503,0.436272441848487,-0.2895172028570324,0.20912309443888155,1.0491206689946309,0.7375625
TW0002610003,0.2165687208604602,0.27713250629390457,-0.17151881150013562,0.18579155297653183,0.7115491228697974,0.7885625
JP3922930007,0.3395764592827042,0.4258730010351204,-0.18536720374849353,0.28054435563775926,1.0743987182998114,0.8228125
INE913H01037,0.1843984846627082,0.1812665850843022,-0.07223136305281501,0.17056425073565987,0.4834841892816205,0.8745
TW0005289003,0.2755149228810818,0.4836284047012188,-0.3521614553097115,0.19818989180886687,1.15771556578332,0.7026875
KR7241560002,0.403144295108994,0.31834760670482826,-0.03798315580679963,0.3680809238270456,0.9601117423226699,0.9318125
JP3409400003,0.18145513177612632,0.29214848348182615,-0.22780251766192178,0.1505555789832808,0.7049540418000656,0.7315
INE118D01016,0.26643625124982795,0.1871851308912918,-0.012106313883822946,0.2543808532302465,0.5895817821112457,0.9413125
KYG9222R1065,0.3504667608033634,0.19514880321650524,0.05587077039170064,0.33762334339835787,0.6925605988929913,0.976625
JP3138400001,0.33300191579477295,0.4239253331603993,-0.22593092091722317,0.27079538373072887,1.0820287484375328,0.8059375
PHY2290T1044,-0.07947338933193865,0.26899922974387563,-0.43965061479783196,-0.11754337399468315,0.4029096499041244,0.314875
JP3935600001,0.177657316743712,0.25705586899804034,-0.17732013882664974,0.1488382678667614,0.6217915402629712,0.770375
INE006I01046,0.17298654490731644,0.13098656603448675,-0.026178303507858294,0.16545518896444322,0.398239995562319,0.9230625
CNE1000021D0,0.1582642120676023,0.3097973699342295,-0.2705717883022615,0.11952368319896049,0.7219223211373693,0.6784375
CNE100002P91,0.6054170562497646,0.5953041620053655,-0.17020466015081684,0.5131882855378694,1.6686809019201234,0.8843125
JP3660400007,0.28562996899596327,0.35737604615181573,-0.16896015857630325,0.24459353190579042,0.8707666463173013,0.827125
JP3456000003,0.10183426643195488,0.332833191525303,-0.34066760401051105,0.05604297421682815,0.7045078568565136,0.5766875
CNE100002GK7,0.2300385861769384,0.28282139575653725,-0.17143217018940396,0.19778195738274956,0.738100960248494,0.8055
AU000000ORA8,0.2169623974568844,0.22661414836912208,-0.11188807330565723,0.19681053153227943,0.6178437083137129,0.8461875
JP3765150002,0.15738942840045408,0.2708972041409311,-0.22252307605825455,0.12799200427843904,0.6360111894747725,0.717
INE111A01025,0.1628731654411722,0.1771649808036602,-0.10091486996324436,0.15002718134415782,0.4748160350970001,0.8348125
CNE1000009X3,0.5624290271217682,0.5169268928645896,-0.11050499997528701,0.4846147361199899,1.4865767142338886,0.9055
INE619A01035,0.6288592107017402,0.5656021774374022,-0.0924833413721845,0.5456938159381797,1.6344108045039931,0.913875
INE148O01028,0.24255197450307753,0.16492191849897117,-0.007347662550942008,0.23125337845949062,0.5287177357317879,0.944875
KR7007660004,0.36726184551451413,0.28580424490653,-0.0388246496103264,0.33558423971013374,0.8769732156020343,0.929
NZMFTE0001S9,0.27292555528072043,0.315417726437203,-0.1696717185219623,0.2369460700346919,0.8379227989275955,0.8265625
KYG3887G1091,0.686748726558387,0.3152015961411673,0.22182912661027473,0.6596937415413935,1.2405811692965425,0.9936875
CNE100003R80,0.5267127501169873,0.31726785684813713,0.08387887384812374,0.49083831615102336,1.0678598579023268,0.97575
BMG2109G1033,0.2503344102855587,0.22912885239364011,-0.08562144717615276,0.23248923143130257,0.6495955325859681,0.8829375
AU000000CMM9,0.31942089192796386,0.2965555373945399,-0.10341628411176641,0.288364797448429,0.8485481944071107,0.8813125
KYG8918W1069,0.6078321281587584,0.24027660944370066,0.25249363352296444,0.5883635107146797,1.0275822999473947,0.99775
KYG4232C1087,0.3743030738588159,0.3010611528850065,-0.06127599984939798,0.34318673663058985,0.9098640752933095,0.9178125
TH0098010Y05,0.10752154248827159,0.1647630833101731,-0.14102974663617165,0.094859586596048,0.3941831267094288,0.7488125
AU000000BGA8,0.15492663022810593,0.2184420804702441,-0.1653109752827316,0.13455942700247264,0.541255600063289,0.7655625
INE410P01011,0.18215932986021988,0.19250485924305827,-0.1033372481396713,0.16761489805928756,0.5164138734267556,0.8456875
INE302A01020,0.07242371817466413,0.16763246142267632,-0.1773737740714941,0.06055044158637735,0.3634242234366707,0.66175
ID1000207608,0.6407195275965339,0.4251838784082,0.052407527003431424,0.5880291756177243,1.389133508151606,0.9659375
CNE100002YQ7,0.24019609328623334,0.2664416171325869,-0.1337941230765279,0.21008504028793348,0.7080181303162361,0.8353125
JP3153850007,0.14404298657999823,0.30257510669075416,-0.2780723169958799,0.10656306467323273,0.6843448284693086,0.668125
KR7062040001,0.3426956823131368,0.34094315013782156,-0.1288795748626504,0.30048171177144,0.9549606877231943,0.8698125
MYQ0097OO004,0.11266792136777397,0.2121464370364329,-0.19305424690964673,0.09584066761004453,0.4846594485137485,0.6975625
CNE100001TS5,0.42071634972990607,0.28457002194388176,0.008245079045279834,0.39387103067726936,0.9225107039913641,0.9545
CNE1000042V8,0.3221688655318392,0.35512052220220486,-0.1688714638322092,0.279050863750955,0.9535109700751503,0.840625
HK0000658531,0.4270522064057025,0.5264828877858492,-0.24028104779074516,0.33948848380583085,1.3876629146505504,0.8165
JP3293200006,0.07799309334401802,0.23024927212744886,-0.24872111559683974,0.05522985190031442,0.4841346518157993,0.60825
JP3753400005,0.37924911735180716,0.3679751687114582,-0.1261259345760744,0.3336240794413609,1.0306518756744272,0.8764375
KYG9830F1063,0.6851988596999339,0.34084528966754485,0.19517094789936898,0.6506631451197001,1.3046815688709033,0.9910625
CNE100005LL8,0.4982778204727632,0.451309603243195,-0.10617814500016262,0.43735833640256305,1.293927260686552,0.9044375
INE115Q01022,0.1610724571295163,0.24195511770278805,-0.1847127596106275,0.13616632483363572,0.5844246062942792,0.75075
KYG6145U1094,0.5116790456610022,0.22885995321149252,0.16517047594464251,0.4962169967065917,0.9041671614020365,0.9929375
INE048G01026,0.06468205098966359,0.12387926421482473,-0.12403036713012645,0.057742314541299834,0.27626105447832594,0.70175
JP3610600003,0.2051341771500754,0.22470617424302147,-0.117441690034523,0.18214430528058537,0.6030335031132014,0.8383125
TH1041010Z03,0.17715715657517642,0.37103374113196624,-0.315212445509267,0.12479109616823819,0.8406695184638949,0.6624375
CNE100005XM1,0.6011037590214976,0.5431188118633677,-0.08330445428315389,0.5277158674594633,1.5304622276165694,0.9154375
INE572A01036,0.219769149949298,0.26069267225692444,-0.15447389306244064,0.19545256742039355,0.6762881768098061,0.8123125
JP3661800007,0.15805154827929982,0.3370055871616081,-0.30007221336786294,0.113487340600949,0.7659935744254776,0.664125
TH0128B10Z09,0.41142496846200893,0.20304925142866623,0.10647595983335788,0.39738671763190386,0.7648057906463694,0.9864375
INE686F01025,0.10078524545122004,0.1584753242405972,-0.13684347137219985,0.08912662602551523,0.3761571097037325,0.734625
JP3657400002,-0.035051831397663616,0.20276717270837327,-0.32507515936197395,-0.05449104497264783,0.31878207674055864,0.383875
JP3305530002,0.0407856085889094,0.2913697546354316,-0.3588510132375659,0.005070831874684949,0.5669972830139124,0.5068125
JP3291200008,0.3080832889311797,0.29654028978851715,-0.11505316764002509,0.27537399629463644,0.8291329845726244,0.87625
CNE100000CS3,0.27436746691133235,0.32905841734283986,-0.18043211445212376,0.2355785029217588,0.8597654952169785,0.8143125
INE474Q01031,0.17032443138880451,0.15844480870870337,-0.06667218364589332,0.16091353111449902,0.4426108404694329,0.874625
ID1000111305,0.3021802518338304,0.26374657404403123,-0.07551747873031149,0.2751071074691337,0.769260334953139,0.900375
VN000000MWG0,0.3148883167522349,0.21732443995937628,-0.008966320288016135,0.2989205438420932,0.6925334525968663,0.9436875
CNE1000051G0,0.23732876183593293,0.31949308722417485,-0.20657871233938638,0.2019742846390585,0.7921509501780281,0.78175
JP3396350005,0.29480129179959014,0.36699146064631966,-0.2010634243200675,0.24775380942641098,0.9584896624693635,0.8050625
CNE1000011H2,0.6453713510064424,0.45492315416739876,0.030653323678911985,0.5882946296255468,1.4488958690804639,0.9593125
INE956G01038,0.16802698780734904,0.6255101991299895,-0.20313001758632984,0.1338418734060628,0.6188943789420005,0.7361875
SG1I44882534,0.25980317992771257,0.25342791024383504,-0.10381797488127642,0.23603212532501558,0.6989635956735009,0.8715625
ID1000134406,0.42551714941606034,0.25598715382964143,0.06447483147809573,0.40497244824568657,0.8453736777550392,0.9753125
JP3152820001,0.1923053684012978,0.2425338958767447,-0.15215737167011992,0.16967830908193904,0.6178703450791863,0.7981875
AU000000AGL7,0.22962352119723192,0.25748081969483494,-0.1401127478321818,0.2049508040638029,0.6775729117397383,0.8291875
INE383A01012,0.04723604708368434,0.3641755057997864,-0.42435888899717783,-0.00866291939206574,0.7134056994481399,0.48875
INE010V01017,0.20027573625795672,0.12835608516601688,0.00044960119656937644,0.1939728312522656,0.41597915850095935,0.95025
ID1000106602,0.4840434573323736,0.2536459598888485,0.12262934024522755,0.46607891106207305,0.9088607394483958,0.986375
JP3278600006,0.10723717282282147,0.3103605539915657,-0.3136990803304533,0.06717045893956988,0.6622208482251923,0.60225
HK0000811882,0.3580805176146581,0.3068402247781955,-0.06941807350195829,0.32338423670974203,0.9023401433857577,0.90825
KYG525681477,0.7500185663090775,0.3186052268155478,0.289515444667893,0.7216007371401448,1.3153029314377138,0.9970625
JP3131090007,0.050214507936944236,0.27704958654105105,-0.33260519515510234,0.016997128790633507,0.5399910826200657,0.525
INE0LP301011,0.2420397112989722,0.30040645933311316,-0.17724675824250802,0.20916572443894582,0.7755440359421071,0.7995
SG2D54973185,0.07022026174717794,0.22514214120540013,-0.25119376526171544,0.04865292724198059,0.4724327889830093,0.603625
CNE1000002G3,0.19472203592424026,0.3363622905153965,-0.2618478318464896,0.15119493908640413,0.7828530626579268,0.7113125
CNE1000002N9,0.5053412050071671,0.3788022984393289,-0.022486444155733497,0.46200821809064563,1.170323674697392,0.9406875
KYG884931042,0.5696966101709157,0.39087253746293804,0.03525425497174742,0.5205092121000163,1.2576980521672056,0.9615625
VN000000MSN4,0.45934086022735,0.27388985894727486,0.05730459038030031,0.4339650846560563,0.9445103884165257,0.971125
CNE100001S16,0.13066254915070488,0.3209864292134503,-0.3086995875833305,0.09156619683029638,0.7064276740801094,0.6310625
CNE100000W45,0.3405085813420631,0.4823576627600587,-0.27280938756970685,0.2656201433029938,1.2128980214767113,0.7734375
JP3247050002,0.19881618963679099,0.33341259257437733,-0.2571761889794344,0.15531408615030184,0.7864090597356675,0.7253125
CNE100003HQ0,0.3009484342466773,0.42484821815765306,-0.2520533528839383,0.23582350791553758,1.0675986448585189,0.768125
AU000000WOR2,0.2946699041147985,0.2600363016994569,-0.07544507698731667,0.26939309639773035,0.7613784899465033,0.8968125
KYG211081248,0.41842819031581246,0.3087646999314642,-0.010826610983174036,0.38895528510081673,0.9326851779319474,0.944875
INE0LCL01028,-0.031026274128486103,0.16174229600533924,-0.26592820484258767,-0.0457469258072955,0.253129597433317,0.380625
MYL4197OO009,0.14984705197644377,0.17670338871769883,-0.1136426095897709,0.13629024214152857,0.455771483442406,0.8155
MYL7084OO006,0.23765623329317903,0.20750559673727567,-0.06184323768516931,0.22011851915732294,0.5977146300912798,0.898375
KR7271560005,0.28975370589461025,0.18796209458211333,0.013652562826590473,0.2767789233044141,0.608395878461742,0.957125
JP3352400000,0.014971074580858765,0.29334471962969294,-0.372717925748524,-0.024824110094786564,0.5280399172627188,0.4630625
JP3385820000,0.26650292175796164,0.2683025546504542,-0.11206133396530803,0.23853947049777735,0.7340335233497025,0.8650625
AU000000DOW2,0.09320716724183137,0.20706943576531886,-0.20900659361121485,0.07419937862573495,0.4543958261918034,0.66575
CNE000001JN8,0.5366791557010142,0.4097283165419304,-0.021496863113092634,0.4887860892861726,1.2530657664705185,0.9420625
JP3547670004,0.30120776920938896,0.3197345487850024,-0.1604026616096887,0.26357821461462955,0.8703977103936328,0.8458125
KYG2121Q1055,0.5097800498348715,0.26235445443791133,0.12552407937190932,0.489129047451435,0.9726463609217328,0.988125
JP3268950007,0.03235341947753926,0.2986782500616481,-0.3716394362369638,-0.006424288194780371,0.5637423827389808,0.4895
JP3720800006,0.11194142928583022,0.3702623475430149,-0.303130256413349,0.07154283295024408,0.6542187646492501,0.6128125
CNE1000004C8,0.366412529406279,0.5553209077717592,-0.29973144282239733,0.27925890792756514,1.3071067025637018,0.760875
CNE100005QJ1,0.5114019473447612,0.41465272764321914,-0.0350948803091985,0.460372078588447,1.2158120641954406,0.9354375
HK0257001336,0.2912505192892947,0.28758095508618076,-0.11760208339066015,0.25977600490891817,0.8056890219197208,0.8666875
INE704P01025,0.08454118841259231,0.40808228188240536,-0.417352391217105,0.024704360442329456,0.7805495118551637,0.530625
JP3806800003,0.08387959357231123,0.3551802851103351,-0.386024764430699,0.034697717792390725,0.7288463723360404,0.546125
KR7000100008,0.5751798841061722,0.28085186777187415,0.17082676708087263,0.5504165329949265,1.0707300669869317,0.9928125
JP3244800003,0.1935503663349142,0.2503918037802565,-0.16847042256402792,0.16834671632956158,0.643316400987056,0.78875
JP3940000007,0.01949908199248932,0.18390471511271328,-0.25462007156863264,0.004340855268711991,0.3419471790318919,0.5113125
SG1CH4000003,0.2763253444479984,0.29650298667289143,-0.14473970679039688,0.2471432572168838,0.7988309014706041,0.841625
ID1000095706,0.1613466030478139,0.17316578197116453,-0.09482210642206364,0.1471438260324975,0.46640096598269526,0.835625
JP3336000009,0.3475711785434455,0.2858531901363688,-0.06309027229761208,0.3187970649210349,0.8514547169100981,0.915125
JP3298000005,0.2035025892669697,0.264627821392486,-0.17465900519986563,0.1755585438194489,0.6782459792993437,0.7885
CNE100000SD1,0.29091191163302804,0.37808404159107084,-0.21960811647735004,0.23914076418419614,0.987317354280898,0.790375
CNE000000WL7,0.4768332346438657,0.48792171242961985,-0.1513350128568091,0.4064087547468863,1.3052537029965725,0.8778125
INE930H01031,0.2461439556069471,0.22920729931161002,-0.08826504774872582,0.22656654792154435,0.644838391422127,0.883125
KR7000880005,0.42218256009404487,0.2901329539631919,-0.0012131699622610402,0.3976875064720462,0.9267571973214852,0.949125
INE024L01027,0.4755877708583782,0.31137615670763374,0.03776700553615467,0.44706122140576315,1.0007092682234555,0.9649375
TW0006285000,0.23257385788792084,0.33771559591839206,-0.2336712852952091,0.1913627361933407,0.8367518744290033,0.761875
AU000000IGO4,0.13413331082707064,0.19642481059984268,-0.15212957266965055,0.11921014915422483,0.4748447767429969,0.76025
AU000000SEK6,0.5749738196829836,0.2767203973610361,0.16909387735423392,0.5476305517899493,1.061831096811059,0.991875
INE133E01013,0.19151976881941252,0.3595320347459961,-0.2820122198152669,0.14388971245909038,0.8072918101055324,0.6963125
TW0003706008,0.21409141163504364,0.3727154037533881,-0.2862667608876045,0.16457830023670006,0.8786373130096412,0.713875
AU000000CWY3,0.3410434168740186,0.2167731430741364,0.026166651999841906,0.32273704845826245,0.7099484268284273,0.9629375
JP3196000008,0.20582635196026233,0.30840442906677734,-0.20669629358861757,0.17170231881968,0.7207680366583427,0.7635625
JP3548770001,0.18789930509612973,0.6748632498094506,-0.34922459455315996,0.11643390444525115,0.9182263024063838,0.643625
TH1027010004,0.2307164337441412,0.20844536332591604,-0.0812206205959209,0.21358332268885227,0.5973602114528919,0.8855625
JP3173500004,0.36811876240059527,0.27923120326366363,-0.01900596797741367,0.3398822016553984,0.8612642991276548,0.9401875
JP3684400009,0.2579301307415237,0.2809253618049549,-0.12830692867464832,0.22610622329367533,0.7560249967652496,0.842375
CNE0000002Y8,0.3630790068433751,0.4966959715932745,-0.28794471819008716,0.28868145174939264,1.261665529315798,0.77925
JP3597800006,0.13737218604903484,0.3817812532642221,-0.3205661380995563,0.09574321574919908,0.7359604386039698,0.6326875
JP3404200002,0.2524909866053397,0.2071092736711559,-0.055006561310174486,0.2363823849424342,0.6137118481557429,0.9074375
ID1000165608,0.41375104017339004,0.33183779116120354,-0.051761583307137336,0.3791575825011252,0.9920900155237922,0.9219375
JP3560200002,0.35061682908443764,0.32736881022424524,-0.09778861877666861,0.31710386540892055,0.9101314400410179,0.8899375
SG0531000230,0.10685750427595782,0.2361517184492239,-0.23502194771095228,0.08349145055086749,0.5275164872079013,0.6598125
INE472A01039,0.07640924334933721,0.12901339683792384,-0.11582261672379648,0.06798027423890267,0.30073100940832825,0.723875
CNE100003F01,0.9260233513962006,0.6029361420111197,0.12741489101574263,0.8437966937590113,2.000004930299383,0.976125
TW0002049004,0.10134211126191185,0.19451944077762695,-0.18145689012958297,0.08403995342029368,0.4417977078362591,0.6926875
KYG982771092,0.6169070391288577,0.24684296376279374,0.25438058052258483,0.5979788107445635,1.044228786572064,0.9978125
CNE100002G84,0.3247572400674249,0.4067055975540706,-0.22597351648283506,0.27064031918303705,1.0488574332226106,0.8046875
CNE0000007F6,0.3693813014782176,0.3182488419711608,-0.07711786455810717,0.3326883444489587,0.9296278668363843,0.9051875
ID1000097405,0.4489616420175247,0.20479847383355934,0.1360167143449322,0.43546098225612695,0.8059522044477743,0.9919375
JP3721400004,0.5498974658290906,0.41913190382010923,-0.023394018556358996,0.5000963996398401,1.2856517454757026,0.9399375
CNE100000TW9,0.5214021589347649,0.5694903682809472,-0.1808368740825476,0.4341039950748746,1.4987373518223859,0.86175
JP3651210001,0.103071363927948,0.22050905354603675,-0.20962595918668023,0.08222222726261319,0.48179460780030436,0.6720625
INE671A01010,0.04109058658440764,0.3076200111146749,-0.3725572047087375,0.0007624637536007633,0.5906060260927747,0.50125
AU000000SGM7,0.12094111666309988,0.19845736490175286,-0.17099225587651404,0.10302791692148092,0.4733673467150057,0.72875
INE112L01020,0.14302551677076394,0.156100363260482,-0.09227229556787885,0.13305592922829076,0.4163545300501314,0.8348125
TW0002377009,0.19734435075129755,0.30852976972970503,-0.23137849674514607,0.1607963721448894,0.7519453770850383,0.7354375
JP3386690006,0.5152625821027221,0.3168036547461397,0.051238636328276826,0.48661965641774296,1.072162067199155,0.968125
CNE100000GV8,0.3317229404876911,0.26643039458516093,-0.05536685503725301,0.3083118672073782,0.7935775412072551,0.915625
JP3942600002,0.1011364828802068,0.25319861646443326,-0.25332203973023854,0.07031073344928637,0.5504790267596307,0.6318125
KR7001440007,0.3467441888764719,0.6404203031829256,-0.2699965052723811,0.26274710478400254,1.1905744650200696,0.773625
INE146L01010,0.17280830223158922,0.3214719916992212,-0.2579325485551838,0.13112682637594408,0.73856761781319,0.695125
JP3924800000,0.06520424777188871,0.31372345273132696,-0.3558158307011759,0.025308456485236663,0.6295676628358492,0.537375
JP3665200006,0.22841859500210604,0.28542329673954536,-0.18007501483506078,0.20085731880287047,0.7346864963386609,0.7985625
AU0000355588,0.2493399683902229,0.3350866766519525,-0.20599458534282283,0.20626394253401928,0.858016526757259,0.7818125
INE093A01041,0.24887423948991302,0.1888731930605363,-0.03312894789318564,0.2343284306666423,0.5785420946801869,0.925
JP3667600005,0.07736572039537191,0.334516160234898,-0.3650840857204719,0.028832993660275537,0.6839114835172599,0.5430625
CNE100000H44,0.3762080253218704,0.5524609524391634,-0.2867160277384417,0.28630222900442615,1.329181993119385,0.773
KYG5353T1013,0.4621557552083635,0.3448657874682692,-0.02255356550275184,0.4252332943578686,1.0724722413922518,0.9404375
MYL5296OO008,0.3516389971967696,0.21678962412080835,0.0335249584592552,0.3341314731171424,0.7279598942925841,0.9645
CNE100001ZY0,0.4611730703418935,0.4638922518685948,-0.13951866235152888,0.38899832895751585,1.2899153121491895,0.8785625
CNE000001C81,0.2872741286899721,0.3869109170761652,-0.24391779898866295,0.23747835657162714,0.9919140622395237,0.781375
NZATME0002S8,0.212625076409095,0.2909639383914748,-0.1990065759176568,0.18080150995446323,0.7415254425383286,0.775625
JP3431900004,0.24556126066291617,0.3514721308315874,-0.22809187908202921,0.2019633186327782,0.8558881004626354,0.7659375
CNE100000K31,0.3025728897102484,0.3783598267475428,-0.21289817704646782,0.25123867331007926,0.9806016800567766,0.799
CNE100002375,0.4236140572219017,0.31125162945006246,-0.02257184565410188,0.3914922555974867,0.980335616306355,0.9388125
JP3676800000,0.08293564722047864,0.27589348979721845,-0.29774760667676264,0.05096240101098061,0.5744555380968364,0.5845625
JP3455200000,0.30607101001971865,0.33333477677648893,-0.1452376250706744,0.2647159443167252,0.9003049276038492,0.84775
CNE1000030Y7,0.6594889024589888,0.4570740149489978,0.054493861724431346,0.6027992032035304,1.4499117165692081,0.967375
KYG4402L1510,0.18022417010212582,0.25955925015878706,-0.19050629940998642,0.1526930662255757,0.6427981129173383,0.761
JP3819400007,0.20061620899913904,0.2970724094869977,-0.20326351113665497,0.1645561405778062,0.714766900641041,0.7593125
ID1000057003,0.4413230275230707,0.25177288258827984,0.0721824098630396,0.4189761155506233,0.8726130943988054,0.978375
JP3495000006,0.4011793170275456,0.3908707263103851,-0.1378504082160116,0.3518111547286536,1.1057796151644521,0.8738125
JP3419050004,0.400578534524669,0.24148364617335882,0.048177613424084706,0.3792848105968215,0.8248170928767997,0.9709375
JP3269600007,0.1585957990132789,0.2599444264086815,-0.21303891956405124,0.13208741843841765,0.614526303154669,0.7274375
TW0006213002,0.05164718995228903,0.3240944337163882,-0.3710683723396864,0.005981431865416767,0.6270072670044665,0.5095
JP3743000006,0.09391179836032554,0.23625608162213813,-0.24490917011176588,0.06996621451452732,0.5116258096882753,0.637125
CNE100000668,0.3127322372658107,0.5405052875030958,-0.2999743841420883,0.22650635737321362,1.186675275357247,0.7386875
JP3903000002,0.20055231628061204,0.3317015951716168,-0.25230695738101894,0.15650057029039935,0.7943276619382816,0.725375
AU000000BRG2,0.20238891394659253,0.19713932467217235,-0.0893021072154176,0.18597700301721742,0.5498392450603885,0.8675
CNE100002TP9,0.4174785476237702,0.28035436003004865,0.01748039279333287,0.39319612869966414,0.9096636516973243,0.956875
JP3699400002,0.12045461439830836,0.27030549368515694,-0.2497975607586048,0.0916862673391283,0.5869440425562096,0.6620625
MYL5878OO003,0.14574316868989456,0.17242049471491028,-0.11200838013435548,0.13198867153281607,0.4440455221866686,0.8114375
CNE100002PD3,0.304671622093232,0.400243477447741,-0.22303904039890898,0.24545009064543605,1.0224698261635596,0.7911875
CNE100002R57,0.19546537244154227,0.4132109280475431,-0.3369639272384848,0.13295983017153662,0.9484485883744584,0.6575625
JP3247010006,0.304970345149239,0.26529671178158587,-0.07885928866297547,0.2814035844428918,0.7719917683711891,0.8979375
KYG989BA1027,0.3282672042413841,0.35995087461336805,-0.1762845195824612,0.28608093261888623,0.9664250711172184,0.8420625
INE142M01025,-0.0017330156177176271,0.1776646271900397,-0.26346929989272533,-0.01611925468488354,0.3084016137304247,0.4611875
TW0006147002,0.23191647028446935,0.36349542194459694,-0.25570566882452217,0.1832409202022816,0.893534565744384,0.735125
ID1000188303,0.46059969102678217,0.3827153635573236,-0.06410208693979695,0.4160622374631259,1.1338983512635539,0.918125
AU000000TLX2,0.7843741101995942,0.37630172295286274,0.2628403373501564,0.7458442474860904,1.4222500077679132,0.9951875
KYG2215N1097,0.8053315507023591,0.4100761947946303,0.25806377689947674,0.765980777976695,1.4790809178727835,0.994875
CNE100000NN1,0.3125719221334383,0.4919846823358619,-0.29935360921387144,0.23370751414494023,1.1887988939259844,0.7474375
JP3105250009,0.29684688269034326,0.3676360904862813,-0.20871440211299214,0.2504251169038535,0.9640761114597087,0.8019375
JP3982400008,0.23636046062343088,0.22893482156377565,-0.09873200393460733,0.2156860551350537,0.636023622365103,0.8708125
TW0006805005,0.2558223422436823,0.2877489015367242,-0.150503177236711,0.22423815436028138,0.7704119933135933,0.8301875
ID1000188006,0.5585858345475361,0.3193774685153028,0.09849364762068287,0.526781428509122,1.1201987248050196,0.98
NZPOTE0003S0,0.0130478613692698,0.29179183519925633,-0.382521284545976,-0.021556470222750028,0.5171696031931624,0.4673125
MYL2291OO002,0.12432476883575773,0.2175188689950873,-0.18696786958203157,0.10479714219013722,0.49758271675861626,0.71075
INE600L01024,0.12784908569570147,0.13373883096123607,-0.07409411979058218,0.11904909136422337,0.3565062735581857,0.8461875
AU000000ANN9,0.1023731114975085,0.18872593418562975,-0.17665623218229282,0.0883065360178053,0.4341156125515537,0.6976875
CNE100000Q68,0.36400031442449565,0.41410090978821984,-0.17954169438945916,0.30525146674177284,1.106349070977997,0.8368125
KYG4783B1032,0.5944759580226633,0.3528076414949707,0.09327813479758776,0.5562521281499245,1.224501898657303,0.97575
AU0000184459,0.08013932803919764,0.184134202579356,-0.19240977874161336,0.0656223628388008,0.39927210027935045,0.6615625
TW0008464009,0.34803642695266557,0.27088886597973044,-0.0426995551554549,0.3212021841922495,0.8284107409041396,0.924375
CNE1000018W6,0.46386011915850817,0.3487679251874171,-0.029055081722845055,0.4232032653600355,1.0854053480166754,0.9374375
TH0961010Y04,0.1375251182488794,0.3316793542949113,-0.30651017678479586,0.09006362515240218,0.7453035102458558,0.627125
KR7128940004,0.35424307723446335,0.24614418677096092,-0.0004219135576350588,0.33124991541381515,0.7824772397351156,0.94975
NZRYME0001S4,0.4768777118610203,0.5484951845864431,-0.16699236378944932,0.39628615477643536,1.360062188196487,0.8651875
KR7034220004,0.26242285026163636,0.2264097214747052,-0.036560005558144794,0.24356873698512793,0.6160623549755956,0.9245625
JP3254200003,0.14264330142246934,0.34094858921352617,-0.2920943143749629,0.10140043454951475,0.7071201486462041,0.654125
JP3283460008,0.40207538198963017,0.314678510138124,-0.04099176158125631,0.3671416550567965,0.961341491027734,0.92775
JP3969750003,0.18242347511038456,0.3252147113147229,-0.263601114319454,0.14124033250938658,0.7772162563640969,0.7001875
CNE1000069Z2,0.39447806148777936,0.4584531218807087,-0.21074649072640525,0.3265122832146956,1.2274634200205883,0.827375
KR7036570000,0.32798328575478564,0.18420890404398907,0.05044172578179353,0.3149622772759103,0.6475400238939365,0.9744375
INE797F01020,0.30170800128837655,0.154798313631797,0.06714743253859624,0.291078172461514,0.5706500245364162,0.9826875
CNE1000034T9,0.3719365962933267,0.4122378949931688,-0.17870980072728587,0.31828487284177004,1.1143320212968308,0.8388125
CNE1000004J3,0.43706873728653634,0.3285820785028333,-0.028509388227600803,0.4033369160704114,1.019269215545653,0.9363125
JP3626800001,0.12585653312873696,0.2320306690429006,-0.20005041978208754,0.10089758481648939,0.532993480609776,0.699125
AU000000MP15,0.21168127363655234,0.2051862028153412,-0.09350697853422978,0.19559537727120802,0.5726214929349496,0.86775
CNE000001B66,0.36478038224583803,0.38031176500056035,-0.15477652495833047,0.3201458439691135,1.0306953078083216,0.858125
TW0006187008,0.22607156403226175,0.3681821294806736,-0.27374125064865173,0.17600431901537056,0.8886502559362293,0.7270625
MYL4065OO008,0.3482705803231863,0.4457917994027297,-0.23075027884300844,0.28249563329442,1.1384920906484763,0.8064375
KR7071970008,0.5840524110112038,0.6703880483351595,-0.2131114861949346,0.4677926231729582,1.7345002258073476,0.857
JP3902000003,0.20053520437554453,0.34120943211950283,-0.25769411389303903,0.15430333643175254,0.8031545358674361,0.7150625
HK0001188587,0.6684296218375756,0.8308704280531711,-0.2756657545206871,0.510399718839365,2.1092852708682472,0.8349375
CNE100000T99,0.22461469463574263,0.28363180051251197,-0.1791980504608524,0.19456964224316084,0.7206025525143561,0.797125
KYG781631059,0.4404361265474236,0.4473022306682042,-0.14763048258613437,0.38171388760654806,1.228675443355223,0.8759375
KR7298380007,0.6555231393148893,0.6259174925213802,-0.09130066962288536,0.5623597996319447,1.6749864027340275,0.915625
JP3209000003,0.04101128108522229,0.23734184085715912,-0.2917660258005248,0.017354203620744836,0.46660703126068215,0.5328125
CNE100001V60,0.3573956049947901,0.41985578532902973,-0.1960739527093824,0.2987421105365312,1.0980986599973743,0.832
JP3397060009,0.3069163754021236,0.2556719425723806,-0.061389397109842384,0.28509557638294303,0.7591976679184331,0.9078125
KR7240810002,0.23124741716631067,0.23718429190201018,-0.11026792933639959,0.20859424593433085,0.6525382105592468,0.855875
JP3214350005,0.12928057422978423,0.25272631835458137,-0.2284525210810282,0.10364954559733176,0.5766430059899051,0.6885625
ID1000109309,0.38374949839655664,0.2268362893774228,0.05236237262040223,0.3651821968315633,0.779806387268445,0.970625
KR7009830001,0.42725767353865135,0.26903946938543893,0.037961964556094296,0.3991264329956704,0.8973161133720389,0.9651875
KYG2120T1004,0.6494995427501765,0.4420805795161203,0.03396182903572844,0.5982973360484246,1.4477729176295608,0.9600625
JP3229400001,0.1447679628650759,0.24092030757911612,-0.20159795079825654,0.12001712418048388,0.577550650472354,0.728875
INE0BY001018,0.3473770668574756,0.3506573903827215,-0.14152506681855537,0.3081051286346408,0.981631393364976,0.8591875
AU000000WGX6,0.4333644188473368,0.3413188916545883,-0.04985719045658444,0.39344114539535474,1.0406241251857262,0.9268125
JP3298400007,0.3903626784317755,0.27357668497460014,-0.0061758833197199684,0.36367853607188305,0.8720664663197147,0.947125
KR7051900009,0.02960902040841668,0.1383593114566451,-0.18072522870938396,0.020914889180093342,0.267319127623203,0.564125
JP3990100004,0.14109302720325495,0.23203293472403455,-0.19209463976112953,0.11613130433653285,0.5608929215630544,0.72375
INE570L01029,0.19335511662173027,0.28001529001667264,-0.2033593094477575,0.16188408712359048,0.6917361355284416,0.759875
CNE100004QP1,0.4059647981295653,0.30427865612642224,-0.027649806362954818,0.37457518948406643,0.939585234744499,0.937125
TW0005269005,0.30816944018153375,0.25562730182961485,-0.05663420714806517,0.28450062370518636,0.75789701011299,0.9116875
JP3977400005,0.27988617522963716,0.2686771663237592,-0.10017055707043018,0.252986271742888,0.7541641268455933,0.87475
CNE100005PC8,0.559451523610474,0.41724522068470193,-0.017740234219297137,0.5064277390499418,1.316790233970237,0.9424375
KYG5252B1023,0.49825143513672665,0.32302843661698044,0.03896325320479224,0.4650846772931996,1.0638063158564859,0.9653125
CNE100002GF7,0.3631567163352614,0.2949959365392125,-0.05356388970442555,0.3352490946315031,0.8827782638100806,0.9185625
AU000000NHC7,0.09117913100799621,0.2625669580590446,-0.26963927120684417,0.059828873230024365,0.5606678443596137,0.6095625
CNE1000011K6,0.388622235299954,0.4491707387122298,-0.19241168555933486,0.3255288884530264,1.176204902605747,0.8338125
CNE100004934,0.24161725962884767,0.42429206333495495,-0.3219260742163743,0.17948336208253912,1.022504316882702,0.701125
BRTENDACNOR4,0.37193838178424754,0.25439869752945704,0.0018397027804353643,0.35047360781621195,0.8196823390293032,0.950875
KR7001040005,0.39115289625075345,0.34539133019639706,-0.08424432266303702,0.3466507590316881,0.9991473427294608,0.903125
INE810G01011,0.2977186612020927,0.25244639120818235,-0.07017092615340342,0.27754114404720165,0.7334267714670961,0.907125
INE317I01021,0.26792201870706434,0.16447450944133024,0.018053781635879017,0.25874790586060015,0.5574912205554007,0.9616875
ID1000166903,0.6044486235117095,0.24997466011005398,0.2299252995589116,0.5849289425141143,1.0331306803169757,0.9971875
CNE100002RG2,0.3987186072529165,0.3103342702870209,-0.040918472427679854,0.3643364280118594,0.9471205334043815,0.92675
CNE000000M72,1.0088839223360122,1.9297652035549762,-0.48910636864492374,0.566141959361749,3.8394757262101074,0.759
TW0001560001,0.18806743117844588,0.2518153328712072,-0.16795432365906526,0.16062678629523286,0.6344090317480081,0.779375
AU0000016875,0.16620193881744574,0.23705620999124546,-0.18247156573622625,0.14449188656470277,0.585823564014455,0.7633125
SG1DH9000006,0.18592859890716876,0.2448106557123987,-0.1598247209352098,0.16062431956586715,0.6155833416121348,0.78725
CNE100003G91,0.10285442270051831,0.314084324673041,-0.3234444278963294,0.06031828525616796,0.657901388320278,0.593625
CNE1000042H7,0.33688693908069856,0.6698816666801315,-0.424215671773696,0.20196119962779802,1.53603595866504,0.6686875
TH6999010007,0.41404692825274175,0.26472063309366417,0.03752622897292114,0.3885883538961362,0.872056418459448,0.9648125
AU000000TWE9,0.34711060657906356,0.22039418340453423,0.021296005922887155,0.32976942349558747,0.7323820190838263,0.960375
KYG5313A1013,0.29894866529064407,0.3936140139471971,-0.20453298181934554,0.2462836903799376,0.9747725292510753,0.802
CNE000001DX0,0.13403543401740287,0.3009863614978353,-0.2751807972531322,0.097347146988047,0.6726948425045882,0.65175
TW0006526007,0.3062534698910632,0.32556232226611515,-0.15162658205947055,0.2705283100337774,0.8907185872116363,0.845
CNE1000027D7,0.411486461286196,0.43353735230773355,-0.16565719613464822,0.3513016864861863,1.1760684953330585,0.864
CNE1000033L8,0.5700843533700196,0.48963546661444374,-0.08090656016595847,0.49713182650827037,1.4661186883186066,0.91975
JP3919800007,0.17126678580984125,0.30869177421040417,-0.25582535501988835,0.13469268564089765,0.7238816571672766,0.6994375
JP3638600001,0.16089725387297693,0.3067881199168018,-0.24002853769883004,0.1241282893268919,0.6714552579786599,0.703875
CNE100000G78,0.3623933698601196,0.3694081883294786,-0.13974793597682833,0.31684832255059614,1.0253134950499085,0.8633125
INE342J01019,0.31218919548119733,0.3870884034785157,-0.20555783755384338,0.2651633632848117,0.9958907500130016,0.8109375
TRAOTOSN91H6,0.5746756302001145,0.35608003995637627,0.059280378036146726,0.5387772611478617,1.2095272987038335,0.9683125
ID1000128705,0.6249228704981599,0.2651704385875654,0.230588661786354,0.604957619809825,1.0841489478262505,0.99575
TW0001476000,0.38327786051501483,0.24052788258647334,0.04099770041875292,0.36154607146272344,0.8056939394751873,0.969
CNE100001NV2,0.47014165030747007,0.45261150031363373,-0.13642269379810276,0.40592421796454703,1.2936636533422061,0.8856875
JP3965400009,0.17565847786408,0.253273903616514,-0.13678907071880106,0.15528390264624592,0.5444193013331422,0.8111875
JP3164800009,0.12998482242775286,0.3282576581682972,-0.30687112239494946,0.08651168003389526,0.7130026562740197,0.6314375
CNE100002RB3,0.39965649708300943,0.3970552126094781,-0.14358246520710058,0.3433280824603392,1.1118177385853254,0.8725
CNE100003RN6,0.2618103187949802,0.27347883889950997,-0.1260399455204307,0.23208326814537936,0.7522996012707722,0.85375
BMG0957L1090,0.2729016765918209,0.3754262071368933,-0.23629937930787157,0.2284000284778331,0.9374793092338974,0.7835
KYG9830N1097,0.435587591449015,0.3176733559440781,-0.015502720510916484,0.4051007347912772,0.9909494575245476,0.9431875
JP3754200008,0.32742385593944107,0.27027086032723496,-0.064812267433643,0.306131757460384,0.8017414736633718,0.91
NZVCTE0001S7,0.018251152882403945,0.3012767352964624,-0.37769810682322197,-0.02259397660167487,0.5572626271605116,0.463875
JP3491000000,0.15781173948256652,0.38482547718842103,-0.35061688007424635,0.10108744861049193,0.8480931346911204,0.6294375
JP3899800001,0.14332373731264417,0.20937234073246636,-0.15663086056584477,0.12234116468675132,0.5129558752323844,0.7623125
TW0008996000,0.3300240636166565,0.534760052986134,-0.32937321534312314,0.24293503313594556,1.2991123227846033,0.731875
EGS305I1C011,0.2835053203691597,0.4412255073051062,-0.2801547647233941,0.2169851315101688,1.0632075392402738,0.7429375
JP3151600008,0.1020831944906322,0.2995892306952252,-0.3070118726342813,0.06160001464906999,0.6413792341474612,0.599
KR7294870001,0.4567265511195875,0.2389427671043082,0.09979907980051894,0.4383693880447497,0.8724674809885954,0.98375
JP3756200006,0.26288520810623595,0.27712676550132975,-0.13096837994521268,0.23247252543211322,0.75719192011207,0.845625
INE438A01022,0.22854948570638384,0.15504768765970203,-0.006299899462374033,0.21885206608054986,0.49889296376767056,0.944875
CNE100000W03,0.4518894655801496,0.43539826119183367,-0.13397231035163812,0.3973146305349058,1.2220096422182964,0.88025
TH9436010002,0.07771820407088598,0.2057183588474156,-0.2180698702908704,0.057644834489066696,0.4452179311180945,0.628875
KR7001120005,0.33332029511112266,0.35296213646985913,-0.14955004641110203,0.29002399949584634,0.9650376342572798,0.850875
ID1000117708,0.5162898752227529,0.38361124086213744,-0.0074220878943287265,0.4738363238261102,1.1759977014138931,0.9471875
CNE100002GC4,0.379211723013651,0.44028802259868116,-0.20056144328877354,0.3145380907875144,1.172699731917606,0.8330625
JP3277800003,0.13652454032838096,0.2995731979264775,-0.2749465571398165,0.09955968621545117,0.6657263751365853,0.65475
PK0053401011,0.3465787919833877,0.44482632262320576,-0.21585264080058128,0.28540597462207246,1.1073989444789878,0.811125
CNE100003MS6,0.04148282142207791,0.3238320561909516,-0.3886401745905094,-0.0035481939847085368,0.632535362015143,0.49525
JP3128800004,0.14386578263151198,0.28293449085565975,-0.24435204834851765,0.10926461342312592,0.6455136494261688,0.6805
KR7010060002,0.35325717197720213,0.439317408395091,-0.2186758533417616,0.28767366697323504,1.137912422954993,0.8053125
AEA001901015,0.5794943269264268,0.4299807849589705,-0.01417979057467716,0.5242491900111811,1.344722879522908,0.94425
CNE100000015,0.11802591816498471,0.23093196571513022,-0.21058672607661252,0.09516577247682266,0.5251343491438897,0.6824375
SA0007870070,-0.007796953151913289,0.31296732731093496,-0.4233498309717841,-0.05022456257131684,0.5517730259234707,0.4243125
BMG348041077,0.458046414055221,0.4275080225517203,-0.10397645856171961,0.39807122135712647,1.2085678223130907,0.8955
JP3939000000,0.08490772931028193,0.26188890901847445,-0.27918746578147813,0.05630619302283769,0.54833077350001,0.6006875
JP3766550002,0.07854524031326246,0.22846324839849827,-0.24887829702140143,0.05475924934434086,0.4885470893988256,0.608125
INE0NT901020,0.3796219583638915,0.4404961553259225,-0.17611936723015892,0.3197227251836221,1.1270996517058303,0.843
INE0DK501011,0.328464121120565,0.2416407636045183,-0.021684948002963805,0.30718194022054623,0.7400666397408491,0.9381875
KR7141080002,0.5673696362170947,0.42753079360958707,-0.018089953816663264,0.5130748308483652,1.3509033276349445,0.9426875
TW0002351004,0.16975692973421075,0.33173494053861224,-0.28030681658348705,0.12509520290610543,0.7611087711135186,0.67925
KR7214450009,0.5777056290034275,0.2826814555084527,0.17222482069289505,0.556198816166932,1.0568262732344513,0.9910625
TW0003324000,0.2542574028435556,0.2274306536881898,-0.07763866872489947,0.23437057773735748,0.6525376105446624,0.889
SG1I53882771,0.3260114299794778,0.38354594698322225,-0.19125609225810034,0.27691185702274923,1.0113680411199981,0.8241875
CNE100000CR5,0.26540025983268556,0.2773614659490389,-0.12680404367231995,0.23537045525663858,0.762668358702862,0.851125
PHY444251177,0.2546153309371649,0.39710530307027964,-0.2713169952660326,0.2012830037418611,0.949548010675042,0.7460625
JP3977200009,0.18591797936318516,0.4317731119321649,-0.3652454485843621,0.11869845668475656,0.9686949266832171,0.6335625
KYG8263A1058,0.4098396044285001,0.3395338652053023,-0.05831443941541219,0.3675831489406482,1.015190408750715,0.9215625
INE0IX101010,0.07236539993441773,0.20983164198657878,-0.22681552526331844,0.05132966286151439,0.4388573720790306,0.6173125
BMG988031446,0.21085170403428788,0.2390492928214563,-0.1329245650791728,0.1870044484735385,0.6302041108273141,0.8294375
KYG9829N1025,0.43731829741330047,0.2414113208730711,0.08349850843950724,0.4151774102309059,0.8643653176256447,0.980875
CNE100003654,0.09142787601342556,0.41460502342264666,-0.4188813688617333,0.022245741935083274,0.8330255209351025,0.5275625
CNE000000MK0,0.25064533102170466,0.2839975737531834,-0.15045215586679214,0.21995399138393082,0.7597926561839394,0.8256875
JP3326000001,0.25913271733714416,0.2934220087477579,-0.15292996909507603,0.2233195636189599,0.7865553516489237,0.8281875
KYG5966D1051,0.9197081570287757,0.5198096425281844,0.20433686208331409,0.8541646555328172,1.86059001540049,0.9868125
AU000000DYL4,0.3766808192299426,0.32972984054442395,-0.08226636239224165,0.33669948999834365,0.9542874391485271,0.904375
JP3627000007,0.09161389476087524,0.36336902602393506,-0.38459491798676215,0.039108958155128014,0.7360375391413128,0.55425
CNE100002DP3,0.25558168768262446,0.3709473056991442,-0.23889730467886908,0.2017729124800724,0.9223275832260912,0.7563125
KYG2816P1072,0.519067499817345,0.6305974370332831,-0.2589037746762448,0.4080767085868673,1.6628579089196902,0.8168125
JP3346800000,0.1720178820218303,0.25032976893269127,-0.18168435306256212,0.14580146958610873,0.6188892814871957,0.760375
KYG8924B1041,0.7119482637516176,0.43185059970019757,0.12166533018636236,0.6582631204621288,1.4663882503919103,0.9808125
INE699H01024,0.3376788938564362,0.37284529447556847,-0.17484483354995695,0.29239235139715203,1.0149508431576832,0.8393125
KYG2121R1039,0.6971832738430618,0.39975754816339615,0.13454625411847046,0.6494095461881735,1.4063597756060746,0.984
KYG3774X1088,0.770812402204385,0.47757495387312554,0.1515584734608672,0.7137021506898109,1.5839598504608359,0.9819375
PK0066301018,0.19524483992368744,0.3460950200508067,-0.27535258779347654,0.14975396778050182,0.823486753245393,0.70425
PHY4466S1007,0.5322367732920668,0.3360386579299415,0.07627890755126933,0.49857059817710253,1.0912555963147492,0.975
INE00LO01017,0.1312428241176159,0.2984191111548035,-0.21225181345196736,0.1072447458943942,0.5468688229762675,0.7008125
JP3449020001,0.19196074304142324,0.304080832446816,-0.22775770513600394,0.157450433239807,0.7225384735975227,0.737
TW0002353000,0.11720745814488874,0.38449005075201287,-0.38183394678996385,0.05689502601527713,0.814616308114706,0.5706875
TRAOTKAR91H3,0.5462368535113153,0.6083031838497932,-0.21132162871054844,0.44346140031238657,1.6257552250532548,0.85025
JP3399400005,0.1780176151452727,0.22310276299437298,-0.14887158282602056,0.15718024601643626,0.5728787214216675,0.798875
JP3635490000,0.3003161137096868,0.30314538233419014,-0.1333656138463669,0.2678444361210478,0.8419079166704266,0.861375
CNE1000001V4,0.3333656396060593,0.37650298597137954,-0.17712543250512658,0.28595717120833075,1.0045674723289868,0.8321875
KYG7215M1006,0.2933268965397241,0.4593501553957596,-0.3016319351893995,0.2235009203720843,1.1293531032127992,0.7365
NZEBOE0001S6,0.5292692758714388,0.36547528210898095,0.014632551683059256,0.4883430702627734,1.1819664722546561,0.9560625
KR7111770004,0.28446656112881896,0.2433932891575505,-0.06955662508668985,0.2641745755966632,0.7166836310101996,0.9015625
JP3301100008,0.042217259753164586,0.23684669655144946,-0.28714208734218705,0.018705701485215925,0.4442870739078094,0.5383125
INE794A01010,0.2614239444022277,0.37553481547230033,-0.24022640643359622,0.2129826834805682,0.9137030075126111,0.765
JP3280200001,0.05557584908374808,0.2990821113333088,-0.35758284601904133,0.020573467464868357,0.5959700089380232,0.5299375
CNE100000QJ2,0.21730977072272503,0.3888752689816129,-0.29531085573130694,0.1600706638026938,0.921390885301837,0.6996875
JP3545320008,0.2545700882948953,0.3461431664717385,-0.20890356150054556,0.21256085106641798,0.855498745018276,0.78025
KYG2029E1052,0.3689003818324625,0.40416408960524824,-0.18041840204090534,0.3153445569158243,1.094085558060104,0.844625
KR7319660007,0.6322351534664733,44.98883204014859,-0.3425928212133036,0.19361535278829334,1.15611198988172,0.70175
TW0006409006,0.40162572751461073,0.36858597129269494,-0.10377668655877696,0.35474247355094846,1.0564697878360108,0.895375
JP3309000002,0.25653106390562586,0.3498271442606012,-0.2195108319112194,0.2093766720787512,0.8867519767852581,0.778375
CNE1000068G4,0.7825666449816172,0.660342563452936,-0.03968453927072024,0.6779715000553557,1.9417574733628131,0.9373125
KYG9463P1081,0.32635904566134266,0.3389323203151979,-0.14423315315771107,0.28743152921660636,0.9222463400843506,0.857875
VN000000GMD0,0.21841984061900488,0.22449074837670444,-0.10923567866466244,0.199703529645207,0.6079213866059265,0.85325
KR7004170007,0.3518603885540442,0.23752507846616527,0.00615093399870215,0.3301598288792781,0.7748488954232008,0.9541875
CNE1000047Z8,0.6507848976510376,0.5212197441969701,-0.01915138283046798,0.5775381182348103,1.5534233606129062,0.942875
JP3870000001,0.033466999701035775,0.2029852806546056,-0.26228008101997907,0.01580638372697997,0.39143486403586314,0.5345
TH0639010Z05,0.15829463502555963,0.3121879964527522,-0.26947394545825604,0.12091515884352061,0.7196736948012195,0.673875
CNE100003P41,0.5919040619180134,0.699826758387488,-0.2449922754010784,0.4707116062057438,1.8471172601303927,0.846375
INE821I01022,0.40078594905149917,0.42209799679528803,-0.15958974123574943,0.3431733533549907,1.1715760617411568,0.860125
INE325A01013,0.23085436043970214,0.2833128729728079,-0.16996576974072336,0.20096926217093672,0.7295737316497248,0.8038125
CNE100001666,0.2836408630906597,0.558484757855953,-0.3684115155688612,0.18996168133737984,1.2477131175933267,0.6860625
JP3415400005,0.13174029670821114,0.26970016321752327,-0.2411600082075062,0.10243924890808784,0.5982579070171513,0.6773125
KR7039030002,0.3374073726060775,0.46815417667578335,-0.2591594004532688,0.26353139051960134,1.1901746508255266,0.7795
ZAE000296554,0.16053449939171424,0.6054083346863529,-0.49842190094927546,0.047511401752631605,1.176795008108671,0.547
KR7052690005,0.3067513313212294,0.2517117624569651,-0.06182272713798662,0.2836145110776501,0.7507040900407794,0.9134375
JP3891600003,0.41287136789727374,0.4576224597180037,-0.18736664257347113,0.3443994355615245,1.255552591598056,0.8449375
JP3152750000,0.3441753778080042,0.39641646856271184,-0.19640727903399866,0.29259013061908234,1.0704529843189008,0.823125
MYL5263OO008,0.15158369195698124,0.17609280498571475,-0.1129267464045273,0.13989022209512586,0.4544884758509858,0.817125
JP3735000006,0.18970364064378906,0.3358448816499118,-0.2534818588976676,0.1481732399158006,0.7698359137989362,0.7099375
CNE1000066L8,0.4957496042668696,0.34492721406989163,0.00563128300058473,0.458551457951882,1.1096049404669202,0.9520625
JP3359600008,0.03145849491763599,0.2878699701428775,-0.33949147404596747,-0.0005913601156098872,0.513607334591525,0.498875
KR7222800005,0.2972270358657086,0.3090386812846828,-0.13356067747814646,0.26468530732592455,0.8361799280320505,0.8576875
MXP339881098,0.8802947996297072,0.9390178864320862,-0.17590781651987097,0.7111981622035904,2.521822906213987,0.8920625
ID1000102502,0.1985492675637403,0.18493832354156792,-0.08085849816736258,0.18517485111013346,0.5187460376847848,0.8728125
JP3126400005,0.015518294293979171,0.17574032540978565,-0.24896430353841023,0.0021317541814238165,0.32547372184342654,0.5046875
KYG9T20T1051,0.7205910533314689,0.4480207008723714,0.12028543601643238,0.670009804805202,1.495330056445262,0.979
KYG2588M1006,1.0834343357196186,1.2713187347196384,-0.2486858663529487,0.810867347533353,3.3587859962901723,0.8753125
AU0000018236,0.49769080394489207,0.3966653660629421,-0.04381126829836456,0.4462015102130797,1.2050630670158324,0.9303125
TW0003491007,0.2610214506125784,0.5397926315012174,-0.33833425644434306,0.18080642524293067,1.1025853072771579,0.6945
LU0633102719,0.5351553047707559,0.2671089453402637,0.1451987973759445,0.5121587552102819,0.9975155483656462,0.9909375
INE288B01029,0.15820584308593083,0.16449634555498518,-0.08705431444396987,0.1466404120684211,0.44299043845758657,0.847
NZCNUE0001S2,0.10677364823902079,0.2990783849264924,-0.2959018992876741,0.06985255498710276,0.6292918341544695,0.6101875
KYG248141163,0.6432193100903232,0.4844277316127862,-0.007577509573728188,0.5770117882838037,1.5113123168506004,0.9484375
TW0004915004,0.3261108122217936,0.43651358103378146,-0.23161848612779476,0.26252485537227904,1.0875143538294028,0.792
MYL4715OO008,0.1617553279090538,0.21611212370624128,-0.1524005950988731,0.14186607838808274,0.542717369126042,0.7765625
CNE000000M80,0.31620694338466016,0.37680799092926204,-0.19751553162989177,0.2658677103454032,0.9938925105740563,0.81775
TW0001513000,0.3700329583843078,0.34339139243395533,-0.11071034153140802,0.3295369924417867,0.9834337786290253,0.888875
KR7018880005,0.265260324336555,0.20437663020802715,-0.03461743786396238,0.24776249908703551,0.6152182630321159,0.9255
CNE000000MZ8,0.2081711752138217,0.2832359081663127,-0.19492897389675146,0.17877028888220492,0.7053176561887421,0.776625
JP3266190002,0.08140485530441975,0.2787179184904354,-0.30696415872223026,0.04794390407401121,0.5755462422648118,0.5805625
JP3926800008,0.26980939993550196,0.3714560772940646,-0.2369680576848,0.22087288893703427,0.9394830042242939,0.772
AU000000MTS0,0.2568654230979874,0.21976897704696158,-0.0616392815886086,0.23625931434175435,0.6411752406612393,0.903375
JP3310500008,0.1664824091415096,0.22534411231025697,-0.1621236591928036,0.1458679910900615,0.564827914928453,0.774125
KR7082740002,0.4738919744088478,0.44396354609391375,-0.10818267626887222,0.4107314828265193,1.2536069977939477,0.8979375
CNE100000PH8,0.2942928943372099,0.33311132639290403,-0.15899897429249113,0.2548635277266149,0.8892977471051767,0.8354375
CNE000000MM6,0.22263329234916227,0.4296671548189483,-0.33073616227997793,0.15607656451379656,0.9872874707825373,0.6865625
AU000000PDI8,0.6221659242420465,0.6587082252324188,-0.1786660130163788,0.510189681906047,1.798099564548458,0.87475
JP3423800006,0.0714007868184111,0.2502251190015265,-0.2841138591579702,0.04354310121913141,0.5203715153984757,0.57925
KYG6391R1074,0.6900178535716197,0.7498918274020877,-0.2055823468409079,0.5504055215883306,2.0511084937957973,0.8691875
JP3974450003,0.3543547028894299,0.373357743199092,-0.15181495933501674,0.3081680817510356,1.0144010555428067,0.857125
INE182A01018,0.4461036508336105,0.4681019189102867,-0.17989438376916012,0.37776780389026066,1.3044594931040634,0.858
CNE100005PG9,0.43446298875856776,0.46250323307403796,-0.17503029066514425,0.369280471738892,1.272423496653904,0.8570625
TW0002385002,0.547037366072308,0.5375657005729239,-0.09822883048465604,0.47689485696895995,1.41543263244393,0.909625
INE19RI01016,0.28489994918250905,0.4522364569960489,-0.22115156585007154,0.23654476875314462,0.9468982127262628,0.79125
JP3433500000,0.13584375881643296,0.3403635146521388,-0.319923134208259,0.088108456646908,0.7432060085975958,0.6213125
INE065X01017,0.3343574310827054,0.2928986338689489,-0.08121220912982373,0.3035064854915511,0.8566583300283557,0.90025
INE573A01042,0.23935396328889386,0.3553982228292142,-0.24373871122553908,0.19169406765019123,0.8856721254877882,0.7531875
KYG857001054,0.7052487526143405,0.4500336621610777,0.08569954393472033,0.6527795780378207,1.5114813981213289,0.9714375
TH0637010Y00,0.2235752145286051,0.2472346896849818,-0.13540883771058443,0.20208190046442645,0.6656837355022667,0.831625
MYL3689OO006,0.2280934440663698,0.35515110783167875,-0.2532991540817939,0.18239878164529505,0.8704982790830409,0.7389375
SG1U48933923,0.17996197057074376,0.31377220962363844,-0.2508079684233184,0.14117895340438336,0.7414394549865763,0.713375
JP3635400009,0.12491276003963728,0.23953241275020556,-0.21673415408827237,0.10116966714470936,0.5449288193012236,0.691125
OM0000008934,0.21703114364080317,0.33862405779434124,-0.24394587602283874,0.17489509632948919,0.8246980646464979,0.7390625
KYG2135N1060,0.5499796215587565,0.30230501734284515,0.11351155193246253,0.5215478777690237,1.0835009896166197,0.9834375
CNE100001104,0.3395233047252025,0.35499719096264143,-0.14661188710069492,0.2935516641174325,0.981309225654349,0.85325
JP3114800000,0.15753203249721742,0.30699960321766634,-0.26989405030458674,0.12059314876450629,0.7064631008137724,0.68425
KR7004020004,0.6944405293505729,0.33593083046682215,0.21459272180505504,0.6609109894353471,1.2844247769673056,0.992375
CNE000000H87,0.36382177736087634,0.47058342545965554,-0.24236909486193542,0.2927089474435156,1.2111649703287184,0.8019375
JP3616000000,0.20251103534419654,0.33032772386029824,-0.24733089295321495,0.1624481726504634,0.7913334544912509,0.7254375
PH0000061442,0.2949231572691075,0.3282149012849863,-0.16188340549267763,0.25721934828692206,0.8818289407419583,0.8310625
CNE100005X64,0.25889839185170227,0.5369618157120775,-0.3913590470665376,0.16357484673762424,1.2451834256708523,0.658375
CNE100004N75,0.3067178612569007,0.3178599414356835,-0.12763126536958355,0.2701347892735225,0.8705845007017136,0.8604375
CNE100000XG4,0.5300732174560475,0.44649850020631426,-0.07114800600926269,0.4695606586210068,1.3353694147171744,0.919375
INE684F01012,0.2867676113891851,0.20458464951554337,-0.01947449973514704,0.2717039336119823,0.6413943906594982,0.9370625
CNE100000P69,0.18803250772714278,0.44582257583015006,-0.363238137894471,0.11631425229419615,0.9722803103014737,0.6335
KYG2701R1011,0.32338031534600653,0.2673123529447124,-0.06609630946317067,0.2963474625751555,0.7894302979839285,0.91
KR7108490004,0.4073865576748757,0.7607347850813644,-0.3588124826810261,0.27284608269464194,1.5603990715680258,0.730125
TW0005904007,0.14344586704583387,0.32364649160858866,-0.30684256201750215,0.10590112724706383,0.7231378483790614,0.6521875
ID1000186505,0.47776112061273923,0.3736967184643928,-0.035808518619409986,0.431818883021559,1.1511050525851745,0.933375
AU000000LTR4,0.40646580204516375,0.29604412535757724,-0.022092919931860133,0.3791654831877956,0.9241842900952912,0.939125
SG2E67980267,0.22540204869587957,0.2969385150831768,-0.19049476893775838,0.1902312589459848,0.7540420521863126,0.7855
INE1C6T01020,0.26763177788304404,0.32108257723833594,-0.183175237001063,0.23108190956137994,0.833231114520673,0.810625
INE331A01037,-0.004878075805580219,0.1145355338215983,-0.17766700640626493,-0.012020398750903084,0.1908283800238156,0.4566875
PK0071501016,0.23131746904356812,0.3595301930364801,-0.2597822601275027,0.18472698609582008,0.888001488392132,0.7359375
JP3880800002,0.3184921556376443,0.4494859208923468,-0.26470527069469263,0.25101990712146793,1.1231722206271637,0.772
JP3981400009,0.22062013886020804,0.282078774084227,-0.17581588029853867,0.1878892831130511,0.7130426083542447,0.7945
JP3485800001,0.09047069470314963,0.27117780737847463,-0.278695472751048,0.05976783346330475,0.5644342111724737,0.601375
NZFBUE0001S0,0.06260470573945315,0.33822011772733396,-0.24616930870811882,0.0407590597018802,0.4284435811148327,0.5868125
JP3326410002,0.29013578421732483,0.4134476513304483,-0.2515911148537879,0.23205070303407388,1.0335950365842548,0.7685
JP3718800000,0.2648757393348793,0.35728713417408325,-0.22856199827687226,0.22195345066230027,0.8938652152070996,0.778875
INE524A01029,0.16930500658005732,0.2701635917489555,-0.2040717915099111,0.14077578334373853,0.6372755994200078,0.741625
BMG5150J1577,0.44321770732029075,0.5467672275654938,-0.245580635057559,0.3509952777874485,1.4575462667092793,0.810375
AU000000NWH5,0.12254406071202559,0.21312608847382825,-0.19349380100958422,0.10346112447377308,0.497330538477533,0.7148125
INE220B01022,0.2410461663769475,0.16552892979210485,-0.008100779070387538,0.22954093199173164,0.5228900285696432,0.9443125
INE486A01021,0.3317676345176226,0.24434677343898142,-0.022111535006513108,0.3091757330293935,0.7612010825794412,0.9371875
KYG8813K1085,0.6604772130570998,0.3759011127466836,0.1310263840711642,0.6177782125214815,1.3223277841479086,0.98225
MYQ0128OO007,0.17812154470739738,0.19464323373446943,-0.10993317334014593,0.16226749816225208,0.520221873239868,0.8349375
SG1N31909426,0.23095512830330478,0.2778661621037521,-0.1495706700667978,0.20157150190347992,0.7075840681817348,0.817875
MYL3867OO008,0.00365055452497909,0.2605067092520294,-0.3505460497071889,-0.028003605557310574,0.4616427471285221,0.4496875
KR7023530009,0.2552066056404946,0.4010853653560062,-0.10014603215789701,0.2293109771264002,0.6754282743222257,0.866875
JP3800270005,0.38831397376620724,0.30650289394310215,-0.049222957688932686,0.3564081821973978,0.9282911461340516,0.924625
CNE100000Y84,0.30414782777251215,0.4210039712149024,-0.24526410940633564,0.24325736853647417,1.0637283091867642,0.776125
KYG2163J1004,0.4416972139393972,0.4791481979945488,-0.18819508002845603,0.37303770975173167,1.2850262796003733,0.850125
AU000000PYC7,0.8108639681311204,0.688970911747252,-0.05366944226194058,0.6960772590831387,2.0501536253174963,0.9336875
JP3967170006,0.3102418281184536,0.2913195259144077,-0.10410831028513136,0.27976540400910865,0.830127938160927,0.881625
INE953O01021,0.09710615201084961,0.2049514475892477,-0.2009329366005943,0.07847065138541962,0.45761832922153467,0.6736875
INE201P01022,0.42418618663282576,0.2932226430452485,0.01901338600427469,0.3959011348523399,0.9276362913167846,0.9571875
KR7440110005,0.4078184906860822,0.6390551631440556,-0.34408288212396015,0.289323417569473,1.5530126254054526,0.746875
JP3368400002,0.33572393645609644,0.3760771537825508,-0.16302920275378366,0.2858141448120143,0.9908361628275911,0.84625
INE894V01022,0.23173668837957537,0.28656259727564154,-0.16879569761011337,0.2002689614120694,0.7356262128844473,0.8055625
JP3462660006,0.051421360088769186,0.40669053565126967,-0.43639695083690244,-0.010396371753547903,0.7383500582382073,0.486625
KR7483650008,0.29959686487007614,0.2119708240045222,-0.01237654085351592,0.28326211403495904,0.6684096593229902,0.9416875
CNE000000HK0,0.2777006024203299,0.28885057225588323,-0.1328560963775866,0.2475414417532335,0.7852757997014457,0.8538125
TW0003023008,0.20004556346824057,0.2971131698601944,-0.20959343278113335,0.16605238161626684,0.7288062863970606,0.7549375
CNE100000WY9,0.23710927485852124,0.20734392566869325,-0.06916205847421013,0.22247553478457455,0.5931170677496425,0.8940625
MYL3794OO004,0.25934954212722855,0.3303051555652559,-0.19549697960345438,0.22043995676334144,0.8329736106674294,0.7979375
INE101D01020,0.19881104522296303,0.2721345621463667,-0.1836695707918637,0.16838044337434088,0.6859585250784299,0.772375
AU000000IRE2,0.4365041616985805,0.33596764743961954,-0.03925708356593917,0.3992579594655446,1.0371216262076683,0.9323125
INE0BWX01014,0.043306452462862265,0.2726828956729802,-0.32777418174445216,0.005873371352667394,0.5232865066388249,0.5108125
INE203G01027,0.2978837858662811,0.15339153495409538,0.05959812477921657,0.2910240003936403,0.5585274061540509,0.9799375
KR7251270005,0.5921931942915317,0.2531688134480438,0.21883277149100339,0.5713109151147919,1.039095687461798,0.9959375
TW0004749007,0.2532031750333862,0.3276367976969957,-0.20489282251522112,0.21536010556729177,0.8328812522521345,0.7895
JP3497800007,0.2171286087624646,0.36499124593864907,-0.26780349723646624,0.16924638766176442,0.8562653432832631,0.7256875
JP3220580009,0.0770341618311596,0.26621747458286293,-0.2993381977465072,0.04804226124227693,0.5508801951667243,0.5829375
TW0003131009,0.22989567145519113,0.2611077961890967,-0.14481730093702638,0.20486109331861735,0.6910824303085155,0.823125
TW0003005005,0.33612208182099834,0.45625079702789006,-0.2371376306689494,0.26909695007503415,1.1178949564856,0.79625
KYG2929M1087,0.9564588503082151,0.5440532643801461,0.22756552060114746,0.8869384001381924,1.917311290919119,0.9891875
NZTELE0001S4,0.39639285830155474,0.3706872166271026,-0.11212701571461185,0.35050292008815576,1.0605319307209704,0.89
TW0002645009,0.21307107704975883,0.4232530364796651,-0.30795194676690285,0.15076177861325057,0.9225798779940557,0.6925
CNE000000Y37,0.4461982999109602,0.5978407936195328,-0.24930743110510395,0.35096285438233865,1.4402475103471681,0.8175625
AU000000SUL0,0.1670913174567141,0.1899198877536297,-0.11802330943725488,0.15272538730300425,0.5023857514728127,0.8209375
SG1BA1000003,0.35902197454486173,0.34316279791954596,-0.11510460681829207,0.31979278870818295,0.9643669387033326,0.8835625
MYL7160OO004,0.08742195735847227,0.21341148389117198,-0.22387813525280817,0.06650486259810959,0.46459666229997626,0.6406875
VN000000SAB4,0.2986776198772211,0.28922212961535365,-0.11443131434777618,0.2677577943882295,0.8151595147392254,0.8720625
CNE100003JJ1,0.3671572454054584,0.4373807700513214,-0.20844741499767921,0.30572859595560664,1.1415372087238977,0.823125
JP3215800008,0.05154003634609309,0.25792593431318867,-0.31139967483799785,0.021599326581581445,0.5098968299138653,0.53825
ID1000068604,0.056488921235178624,0.23468402246421285,-0.27853330825220335,0.03279603652702369,0.4699911559616187,0.564125
JP3816400000,0.22485572650976604,0.2689715123509587,-0.1591236655095785,0.1982443940972024,0.6993947672505368,0.812
INE120A01034,-0.08889259782895499,0.21764834981360842,-0.39026923940786673,-0.11521127759630198,0.3041765561192087,0.287375
TH6678010005,0.2202337285318664,0.24177033390202932,-0.12142940995087806,0.19889538331268075,0.6404613592635455,0.83675
PK0081801018,0.45755341035818775,0.38743995696516964,-0.08154583232547,0.4115211574038987,1.1390229186685434,0.9134375
KYG711391022,0.345533991086774,0.31725800816307226,-0.10049156613972479,0.3055497650283733,0.915772762138604,0.88925
INE0LXG01040,0.03818228645468972,0.24562640062617108,-0.294551416882118,0.011798614075984995,0.45579584581968985,0.524875
KR7097950000,0.475493211689083,0.21857827070024294,0.14431796807178549,0.46000108259495975,0.8560008694524028,0.9925
MYL5337OO000,0.24873747147926986,0.27995622425383776,-0.14050260557579447,0.2222596352994357,0.7168407784652934,0.8375625
CNE100004G74,0.22620729957008373,0.24540066719880277,-0.12711075910051148,0.20521903050469442,0.6481575184021195,0.8443125
KYG0405D1051,0.33185896804049686,0.24590854345804897,-0.02657444874785895,0.3089746438245321,0.7703170441927291,0.93475
CNE100000MK9,0.3543984081183407,0.3592999697379468,-0.1253578809533538,0.31162219086151544,0.9924867101385488,0.8701875
KR7066970005,0.3853596702458184,0.31383668120534275,-0.01981585869651875,0.36024851363652977,0.8797888810298715,0.9394375
CNE100002C70,0.2617790050963915,0.3944736465376719,-0.24916372435407363,0.20241940920290669,0.9554826024326772,0.7578125
BMG684371393,0.1378608087206738,0.2472190966821039,-0.21267656832305565,0.11252314585538101,0.5779707989184556,0.7040625
MYL3336OO004,0.30859561112140477,0.22866427448389037,-0.027719330048834104,0.2899440235662694,0.7084602340945733,0.932625
JP3780100008,0.41382305936548863,0.37461447635901957,-0.10783790458404499,0.36888497260215314,1.0793706653672557,0.894375
AU000000MND5,-0.018630162869381094,0.16600692690507649,-0.26240152746805173,-0.03347706701873607,0.26754001950649253,0.4118125
INE100A01010,0.22020975033185744,0.22303172657071868,-0.11264216243216191,0.20007341329666037,0.6111888973815138,0.8535625
CNE100004Z14,0.516440427401467,0.4568819297400975,-0.0931462439952844,0.45511626942362965,1.3266676141419271,0.91
INE673O01025,0.2687401864585571,0.23725098970377803,-0.07097379544456961,0.2445402559549268,0.689364313993205,0.896
INE424H01027,0.3439842944908704,0.2545462118170473,-0.021361885508160487,0.318996248195174,0.7974919862366303,0.939375
KR7214150005,0.49039998362217113,0.22434973677548958,0.15513581175910504,0.4736275917592761,0.881950295398173,0.9914375
ID1000060007,0.5546723558776778,0.29142471001891024,0.13764754730577397,0.5290439815018,1.0472479127292749,0.9886875
CNE100002RQ1,0.3202605942618349,0.37643335085511315,-0.18665068262301301,0.27217116198009017,0.9860767933929524,0.8236875
INE462A01022,0.28324216609927766,0.3088314659262488,-0.14787456483433747,0.24744259874542993,0.8310710541985108,0.8415
INE718I01012,0.21393585901283688,0.1886448800778177,-0.06707056342037315,0.19988318258010002,0.5437507408581606,0.891375
CNE1000006J8,0.303768819288049,0.4163126287690779,-0.2316756944651901,0.2414130384915399,1.0466318001801196,0.7845
KR7028670008,0.2764782305678556,0.28311378540280174,-0.12089641823638307,0.2458176232073111,0.7761341763734182,0.8569375
KR7036460004,0.4334173306820316,0.3138269844923375,-0.012361159513246263,0.40093749114647487,0.9836560598684291,0.9435625
INE0AQ201015,0.20581388775238704,0.1813054680492378,-0.06709579798538691,0.19442450616938206,0.5123731405846038,0.88875
TH0465010005,0.11949226859822439,0.2259747603973533,-0.2100020578820264,0.09747823316659951,0.5197169468923953,0.698
INE152M01016,0.17431973627964323,0.24908065869407095,-0.184838196830131,0.15031663109889165,0.6070161500567473,0.770125
KYG2198S1093,0.4467663870206799,0.3501445609209911,-0.04688327865995306,0.40853359397289124,1.0737977060292294,0.9288125
PHY9297P1004,0.3994306127257984,0.3085786974826845,-0.02535576019961305,0.36501548653981436,0.9352425920918833,0.937125
MYQ0166OO007,0.09142980046981677,0.17389954389501008,-0.16152328351868422,0.0772929016046017,0.3921135319026156,0.6985
JP3283650004,-0.004402290948697332,0.17081787487130698,-0.25238724851540223,-0.02007753308274008,0.29444427638232445,0.4483125
AU0000336679,0.31731140797811874,0.23907252043230656,-0.03154795768727054,0.2961827525027657,0.7221837547232497,0.931625
CNE100001JZ1,0.23166341435852353,0.3467527051376511,-0.23920127465560204,0.1887347739018957,0.8409516191293946,0.7499375
CNE0000012Q3,0.28976961219885955,0.2567723139991604,-0.0793584321744204,0.2660586477089146,0.7476612626047675,0.89575
CNE100003670,0.5399135357015452,0.31281359815716375,0.08832555312981544,0.5110396956523198,1.0918036092317551,0.9764375
INE217B01036,0.15489607825819182,0.13664026854851394,-0.05028720809411686,0.14681098701455836,0.38787607207032176,0.8878125
JP3560800009,0.23991702619130906,0.3894569678467465,-0.2712879648862791,0.1826578701029804,0.9406256616359074,0.728625
PHY6142T1052,0.44967266991661164,0.32089665123777783,-0.004850177102857091,0.4170320883795534,1.022370552764536,0.94725
CNE100001W36,0.39152498644880274,0.47348943329090554,-0.21251077322147835,0.3241127622414872,1.216749456974019,0.8225
TW0009910000,0.1955676259026973,0.24552470674088783,-0.15641051755307048,0.17121146566905104,0.6264289957145925,0.797
CNE000000NH4,0.3074796561574361,0.41575207703331707,-0.2511362002062721,0.25268899539115375,1.0550946886739772,0.7745
CNE100002QJ8,0.1848741043008194,0.3525884107285243,-0.2788036901105657,0.13877237020244776,0.7966600325930596,0.6899375
KR7403870009,0.33210543117525565,0.3338013400591852,-0.13368530223668407,0.29280736247311756,0.9275639114902352,0.86575
JP3156400008,0.26397771402119585,0.6190200213686387,-0.23851226289283953,0.20640335886474442,0.9197289471965112,0.765
CNE100002JZ9,562740693164.4763,71179468435736.06,0.04664572788936094,0.5171392349330429,1.2015120475999845,0.9659375
JP3966800009,0.46259175975369743,0.4218575441804305,-0.10550076618755524,0.40353991467805944,1.2227756248450323,0.900875
TW0002455003,0.18852947362996775,0.2789613575529643,-0.19950172484733358,0.15440383679120645,0.6913774896370956,0.75375
KR7035250000,0.38121822861554916,0.2247890343987147,0.0515735679191272,0.3647672560586234,0.7694082867648131,0.9728125
NZGNEE0001S7,0.04659568198216304,0.2912172987174954,-0.34881004246248487,0.010065524339616019,0.5608005882398897,0.5165
TH0002010Z06,0.22282589271231695,0.2007753678419144,-0.07322490002827227,0.2064938910482998,0.5715984059472702,0.886
CNE000000S92,0.17112557271229178,0.391374609495408,-0.34695315314075587,0.11113197651457589,0.8965886793011685,0.643
ID1000111602,0.30007191269898614,0.2262619093820604,-0.031969721239984566,0.2790222776196002,0.6940447128240567,0.9310625
CNE000000VK1,0.12773306527865802,0.3189758015145427,-0.3065806868078608,0.08821914052506195,0.7002294476679808,0.62875
ID1000164700,0.4458602643614444,0.25380868156289027,0.0697002186248109,0.4234535184619548,0.8969644945835593,0.97575
JP3544000007,-0.01043331472264935,0.2655758517672471,-0.37644933644828726,-0.04321004779716222,0.4667771243432467,0.4253125
INE844O01030,0.275956648272562,0.16941220530804985,0.022060499611767603,0.2649471843628417,0.5658434099048517,0.9636875
ID1000160302,0.35205889891852765,0.38365890295394584,-0.16501974218324644,0.30389788465645473,1.0305315837361404,0.84425
ID1000164205,0.5087748039720781,0.28804004261702637,0.08490814998116157,0.48391372584470826,1.0244201958259267,0.9768125
BMG0171W1055,0.7771242653876425,0.3779014490122698,0.23746260082614398,0.7373687038274997,1.4466845624079607,0.9938125
AU000000ILU1,0.31998794323980756,0.26021964901566896,-0.06101356223530563,0.2977252705491462,0.776462007631735,0.9118125
AU000000LOV7,0.21514208171325294,0.19181759625675654,-0.06984751985069029,0.20055456457235687,0.5527748776481869,0.884125
JP3306600002,0.46491724900476855,0.3745749596316099,-0.04675231137151756,0.41895360464097264,1.124936346900844,0.9283125
CNE100000Z75,0.3555966961750653,0.4477229367792698,-0.22165599035470562,0.2899978481328653,1.13906583779914,0.8066875
KR7145020004,0.6224498675507645,0.25878063646562166,0.24373096977908812,0.6012240390909641,1.0739058150010552,0.9964375
TH0420010Y01,0.21025853928552374,0.2297514632877122,-0.12373547448948279,0.18984198210867764,0.6080277818063168,0.8353125
JP3253900009,0.24663737613675618,0.30352082637826283,-0.1888902560061872,0.21615742957843645,0.7752023130522403,0.806
TW0006414006,0.29960462121142123,0.40454034981972925,-0.23171028474053978,0.23730319059961053,1.0323796753248646,0.777625
CNE100000171,0.679914479507057,0.4243320394454468,0.08732410338553911,0.630234309316553,1.438719851194522,0.973125
KR7002380004,0.4113839910720463,0.43948951864294217,-0.18100205480530815,0.35382708347058967,1.2079437491063276,0.8538125
INE285A01027,0.20598456885662603,0.3265390561565408,-0.2319957905058208,0.1610778674545681,0.7968785890738178,0.7346875
AU0000120628,0.12032386831808597,0.22222900038662624,-0.19794067890109887,0.09890061121126045,0.5072145556623425,0.6983125
JP3407000003,0.026865800767906536,0.30914699552239244,-0.3796951218043546,-0.015742779889649255,0.5703095174132143,0.47675
BMG8063F1068,0.3308643647500128,0.405390183009125,-0.21405608792852124,0.2736279568377309,1.0445375998439956,0.8099375
JP3549600009,0.20459664692702745,0.30709363593879174,-0.20034233803017135,0.17166540472530167,0.7065129537292828,0.7714375
CNE100005XZ3,0.23232985119073565,0.3146785114111074,-0.20174575858388033,0.19498634017610209,0.7805966364741767,0.7808125
KR7084370006,0.2655910063906907,0.33279266032389415,-0.1818560263349671,0.23053171843836878,0.8395222681054735,0.8073125
KR7103590006,0.34138545752048016,0.4259413906681309,-0.2290186106408828,0.2849330291811051,1.092065644895501,0.805875
BMG5695X1258,0.26001710615071105,0.31748705364172625,-0.17825884854109234,0.22234908990519134,0.8225714137369864,0.8080625
KR7011790003,0.15130433037976534,0.275581619481874,-0.23226818281452885,0.12022195407331752,0.6408104942328313,0.7033125
INE457L01029,0.4157554315598812,0.2977383628096961,-0.0009761029560491133,0.38591247198377454,0.9411312310660447,0.9494375
MYQ0151OO009,0.19662795515522466,0.27133062182722517,-0.18712955459098585,0.1663981649528146,0.6888777984804912,0.7740625
INE013P01021,0.4343317539945453,0.46185772305340345,-0.18421586517787947,0.37250598040384825,1.2693875420775984,0.85175
JP3277150003,0.0781664632549296,0.27268596504158077,-0.3010027819273068,0.04604468965147404,0.5721538028015491,0.5799375
CNE000001JH0,0.4870762117053392,0.39264196717671557,-0.044496312080062196,0.4404736777835594,1.1685349822616389,0.931875
INE092A01019,0.045657270686591124,0.21525057154117705,-0.262769938988169,0.024011186982788507,0.4258880422190464,0.55
INE386C01029,0.08044418865670142,0.2366262158695733,-0.2573575001432232,0.05401027558823,0.5111011800993606,0.60275
CNE100004017,0.30596775440392604,0.653066725429259,-0.4306707587359202,0.18424404996625005,1.4410727963527672,0.659375
CNE100006VV4,0.4750529301953004,0.4839027460771028,-0.1424010330684725,0.4060529955861977,1.2970510013279057,0.8825
TW0002006004,0.269376743805982,0.3658571767217073,-0.22703352559075904,0.2186711327162299,0.9365703229713336,0.7768125
ID1000125107,0.732097147655466,0.3468248761233787,0.27479082653606995,0.7023143161670239,1.2765501627012767,0.996875
KR7009420001,0.39073652695798566,0.44622303132269187,-0.19733422603543216,0.32579106944872,1.1927169711091747,0.8341875
JP3855900001,-0.011141175675660378,0.17404506140521997,-0.26694057436784124,-0.02600112603020384,0.2917254279477546,0.4369375
INE768C01028,0.13677656712654965,0.25347424526261686,-0.22210574636157146,0.10960559409133208,0.5814617870943007,0.697625
BMG8086V1467,0.6004434687365884,0.614826118518739,-0.16943336694098388,0.49981694539958144,1.7171817871256327,0.880625
CNE100003K95,0.14210185532432282,0.42325068680218436,-0.3900004661278598,0.07439965891633843,0.905720523016484,0.5874375
INE548C01032,0.3996725612553139,0.19449788463295675,0.10866703018814255,0.38789448021013967,0.7353681113714164,0.99
INE348B01021,0.2409049643815059,0.16911632958277167,-0.01638377120340832,0.23111418909429793,0.5303656266589799,0.936625
KR7011780004,0.40835532218759113,0.22941985376594295,0.07408564859506761,0.3901072856715929,0.8024543262392038,0.981
INE172A01027,0.22700762063141258,0.3360096389039417,-0.23232250567183374,0.18428010934079558,0.8260245768785024,0.75575
JP3820900003,0.12469020881570246,0.33606757594160597,-0.3242359739309992,0.07623850694415678,0.7213205478380889,0.611375
KYG984191075,0.3151510602547942,0.2260103912188128,-0.01454179299636867,0.2955199113509601,0.7108722315666801,0.9415
INE738I01010,0.20619313261413977,0.2271048245337513,-0.11766712771160705,0.1850458410441152,0.606286831686988,0.8343125
JP3300600008,0.16438762443612756,0.25025398171469615,-0.19984591409829394,0.13699811993680117,0.6074933311149926,0.748
KYG9400C1116,0.294663709152507,0.4346331493820886,-0.2545769567933777,0.23753291509012037,1.0525331549813721,0.7663125
INE205C01021,0.21045654982412673,0.3216835266512458,-0.2304847331173304,0.17206300952663617,0.7706996862166552,0.750375
INE769A01020,0.08881953571755431,0.13845493375894044,-0.12100515909324219,0.08003386629097159,0.3283909883938642,0.7451875
CNE100001FV8,0.3063146901460407,0.44348695936682364,-0.2561967319416469,0.24427114868983124,1.0805619103278739,0.77
KR7375500006,0.30899582810530446,0.24899156500401562,-0.04761093688800283,0.28443709481401747,0.7414001574489373,0.92125
JP3869960009,0.2112293889096694,0.24821204195877822,-0.1473128161449509,0.18741085794569706,0.6370486675049939,0.821
ID1000116908,0.2953219273382113,0.3172558527161498,-0.1506054994054377,0.2599790848820994,0.8647117156370743,0.84425
MYL5292OO007,0.20633087164374397,0.3088748518209258,-0.21766278925730737,0.17033275857157137,0.7537368131394508,0.7498125
PHY290451046,0.41347266855260373,0.4223884149047955,-0.1561770670470307,0.3570964350871543,1.1608674993183477,0.8659375
CNE1000070L0,0.4747652377853801,0.4616344777227509,-0.12857623962860215,0.40747546557682035,1.2940424559505908,0.885625
KR7012750006,0.3003779096127745,0.2926121300474674,-0.10379321058638714,0.27074745710625614,0.8060311221726079,0.8745
JP3441200007,0.1017404160992243,0.27517603995552026,-0.2778445263170398,0.06801178218173706,0.591706591928259,0.62
INE842C01021,0.1803030846589267,0.2649700020380015,-0.1964295439150858,0.15415818449716223,0.6507477977778378,0.7563125
MYL5005OO003,-0.024547039472977934,0.22467437743828936,-0.3386731978522617,-0.050280288304599845,0.3707159295168868,0.4038125
INE299U01018,0.4182409655389606,0.14882364077187749,0.1859788103026616,0.4100790633516642,0.675358663936724,0.9980625
INE885A01032,0.1017166213557403,0.18760850728936987,-0.17373204739433695,0.0863859833512495,0.43056493279207114,0.7025625
CNE0000017K5,0.09589197091654662,0.22924884385252364,-0.23416893319524643,0.07087306763908026,0.5066176290392721,0.64425
TW0003406005,0.03928692250463537,0.2943956050569185,-0.36425345612945603,0.0015851037808146656,0.5665327107764441,0.5028125
TW0003583001,0.2903554887218113,0.44345175190555,-0.2672677825166507,0.2233523771591522,1.0492278436395293,0.7565
TH0148A10Z06,0.2789005299258436,0.4018843825198709,-0.25921650542146674,0.22234820002738528,0.9999073267441221,0.761
JP3758210003,0.21135256457894322,0.4581116419606896,-0.37357304355394333,0.13681468316474465,1.0385826963613851,0.6455625
KR7257720003,0.45835259083984203,0.33032995281611316,-0.015320941853181322,0.425698372000942,1.0345693473736117,0.942625
INE943P01029,0.279846805868071,0.3412743710817981,-0.19139425963438747,0.23826039889781866,0.897514608674853,0.81175
INE03QK01018,0.44849572854852054,0.4156623875976371,-0.12603616736432527,0.39757550441615264,1.1876337124387644,0.89
INE330T01021,0.10978849371725423,0.268595594100348,-0.26268935763891377,0.07932146317869368,0.5840138718463441,0.6405625
JP3535800001,0.2666979593478884,0.4663228400484638,-0.32340182194587047,0.19260616650649523,1.1093590583294153,0.7014375
KR7069960003,0.30854772867108327,0.2382451080513448,-0.03951073960423304,0.2879480507007636,0.7146632547004667,0.927875
CNE0000009N6,0.27932418015174626,0.4777019853008508,-0.3096650389963361,0.2053557802582225,1.1073132651676973,0.714
INE703B01027,0.3354776789483575,0.38857006847622133,-0.1737426459605426,0.28487113646880613,1.0119384701421017,0.8378125
KR7005850003,0.37032687031160205,0.32296540260689083,-0.08362517691520271,0.3356156336257868,0.9409377689516903,0.89775
INE987B01026,0.14879480397610678,0.24945177600720161,-0.20833590799231858,0.12343285402750584,0.5949123682724843,0.720875
INE03Q201024,0.3239913630490206,0.3822667942506881,-0.19559204440632258,0.27641771349734956,1.001323014145847,0.8224375
INE0Q9301021,0.4702065439029556,0.48960560102209677,-0.17510513969476205,0.3990029597962469,1.340850292796352,0.86475
TW0006176001,0.3783089743370891,0.572284354473396,-0.28972954787840766,0.29173443925343023,1.2928489319422458,0.776125
KR7006360002,0.21716631689413482,0.21342149019990897,-0.09263755961793119,0.19604923637654126,0.5953403982078411,0.868625
KR7011170008,0.33228911639124376,0.2708205429387658,-0.05411776744850344,0.3054104409371892,0.8153488490812688,0.91575
KYG1R24P1085,0.8808898040084198,0.4221375404457841,0.278160153297328,0.8368762856810935,1.6308058832667611,0.9943125
TW0001477008,0.21890518689958635,0.22375970509867596,-0.11123392748316242,0.2002218202038975,0.6055844140634791,0.8535625
INE961O01016,0.25023100732919235,0.19717236509739863,-0.043243616612117355,0.2347273202643057,0.5925088886866349,0.9175
CNE000000JF6,0.44960337470937317,0.449355142094518,-0.14354021488880922,0.39024200775416124,1.2332440333366865,0.8764375
NZNEUE0001S8,0.531325049745257,0.409796756110163,-0.03091228060628037,0.4776653695803107,1.2595389170562354,0.937125
KYG2157Q1029,0.40163870268846447,0.44708584850142224,-0.1967884593202493,0.3400688600939476,1.2087909738091995,0.83925
INE00E101023,0.3570702529911414,0.23717943841645783,0.012840848125448943,0.33641962989218144,0.7793713728825264,0.9583125
INE02IJ01035,0.11340856596262391,0.25641709736110674,-0.24796418515971722,0.0885361367532176,0.5500666455382467,0.65825
KYG608371046,0.6961577412343274,0.5073193947556714,0.0173974529503813,0.6276859541087998,1.6119769471875836,0.95425
CNE100003M51,0.2993888938362164,0.37746395183969134,-0.21226414736460256,0.24674373100515257,0.990387805594277,0.8018125
KR7161890009,0.34552311881597314,0.17669296535992388,0.07826877988749972,0.3350124718410924,0.6466529616647737,0.9825625
CNE1000009J2,0.30991558045162115,0.44512570126691986,-0.27263587448062837,0.24407036468651272,1.1234715054821163,0.7625
JP3673600007,0.19790047264137645,0.48711235556846844,-0.3087175558942319,0.1403031404603313,0.8808216503394329,0.6789375
TH6717010008,0.18328005307847195,0.2521251059413024,-0.17567996555927062,0.1567685813635572,0.62302396714411,0.7736875
KR7383220001,0.5188143323638756,0.2626389912898149,0.13071401299020496,0.49424828913827734,0.9807341256378361,0.9893125
KR7095610002,0.2144990454251502,0.49044897301238344,-0.3814116532279054,0.13069648673236794,1.0846111019164395,0.6430625
ID1000099807,0.24228391354385354,0.17496096627191146,-0.022761326473819444,0.22994032060272912,0.5500345606405014,0.933375
JP3642500007,0.22438987127071397,0.31847053464686587,-0.21573778831137494,0.1851150759955425,0.7935110649879423,0.7653125
INE531A01024,0.22529468650366177,0.22557022450338135,-0.05565994774136943,0.20772593931942088,0.5585233141211632,0.9035
PHY569991086,0.2702259831707416,0.45174990198937104,-0.30348105756667315,0.19680666199366398,1.0695664337773623,0.7254375
ID1000129208,0.4313614251647557,0.2804035448963834,0.025448739133289246,0.4020480786491375,0.9259606268684707,0.960375
CNE100003MJ5,0.5053430705379532,0.5356464779544671,-0.169916179210013,0.4249194408980813,1.4469844746555807,0.8696875
INE901L01018,0.23659388919087013,0.2452584782607849,-0.11911553159622643,0.21302355928571995,0.6660098688108007,0.853125
SG1J94892465,0.2640189184944718,0.3715683786183816,-0.19775825983895395,0.2209668512861337,0.8569423788372468,0.793875
CNE1000015N1,0.05544161459918823,0.29261206461929495,-0.3442347285989306,0.02016576769223311,0.5780520859699717,0.5298125
TW0002606001,0.2496839080918661,0.3282062592130237,-0.2011225327901083,0.20953984263296316,0.840351036033963,0.78525
KR7081660003,0.33989491191425153,0.24783319583126462,-0.02336109308979752,0.3184359974782373,0.7814698936797607,0.9368125
JP3781650001,0.5922195502093394,0.4747449062161191,-0.04813355029528065,0.5247654785625545,1.4473834082231414,0.9315
INE947N01017,0.35626579777007006,0.5532753122021058,-0.3146764192610492,0.2572934768437499,1.3432483660126777,0.7475625
VN000000POW7,0.11396031082964397,0.22438571481043784,-0.2056210329575783,0.09149690047863962,0.4986949918826013,0.687875
INE647U01026,0.3547616539830674,0.36797038957197836,-0.15041732607048008,0.3065162063153589,1.019401337064917,0.8580625
SG2D00968206,0.350077433050353,0.4420974324598047,-0.23051786171984587,0.28740886505725116,1.1497607117051907,0.8041875
JP3423520000,0.0536348994493101,0.23505077326984694,-0.2756662923444959,0.028252752878476835,0.47259573901139285,0.5541875
INE781S01027,0.38505423764414537,0.28363999927097083,-0.016103180971606252,0.3564726321702204,0.8977576819056035,0.942625
ID1000111800,0.4384255162184111,0.46174897576535184,-0.15934040845467048,0.37014107825007797,1.2609617415772794,0.861625
AU0000400616,0.37125431077355975,0.27415812903994674,-0.030258556551136462,0.34740122017594444,0.8531385841294657,0.936125
AU000000DDR5,0.12289054460554359,0.22738407111966155,-0.2023929414714154,0.09895579116750217,0.5238642364838616,0.697125
VN000000PLX1,0.2874433885406827,0.4516183465730134,-0.29766119275879843,0.22303043748697948,1.092543535610507,0.7366875
INE192B01031,0.23916632973604174,0.24948710546298056,-0.1175207721273566,0.21547275397242904,0.6783411752076356,0.850375
THB056010002,0.23042630514942028,0.18749923193655182,-0.05102938118316787,0.2171661691153745,0.5557601299850249,0.9088125
AU0000107484,0.12813644616002318,0.20429415947617455,-0.17262923389450396,0.11063459387391966,0.4802699198458585,0.7344375
ID1000106701,0.34499952859958855,0.21553280425712817,0.031115775048864192,0.33005173815765565,0.7066577171779714,0.965125
TH0176B10Z00,0.192040146866348,0.16712687364402506,-0.061485765088569774,0.18051386958791749,0.4829471532343208,0.8925
INE686Y01026,0.09941531954304444,0.20410935784472992,-0.2038678439181563,0.08009057366834976,0.46567528072833464,0.6794375
TH6066010005,0.22756110856836756,0.20987802844897743,-0.07587221540297007,0.21024549713066745,0.5900902038937075,0.8841875
KR7014680003,0.3561967618531875,0.2522210962132187,-0.011119908307490763,0.3348397003666729,0.7988910612222968,0.9435625
KR7192820009,0.40631112683265036,0.17614471375378338,0.1381712005954998,0.39686857188989655,0.706805218500627,0.993875
INE872J01023,0.39489517761946225,0.17897232708159358,0.12085338747070543,0.38497004047107614,0.7018589913270364,0.992625
TW0006472004,0.6980540955244064,0.5724727901429567,-0.048061641442334,0.6156686453028236,1.7598607891986195,0.9350625
KR7204320006,0.30313285427918835,0.1826045084395876,0.026632946249601695,0.290711931975401,0.6224295876409449,0.9655625
KYG215791008,0.365670474358589,4.170797361102897,-0.18305639507458182,0.2703138247996304,0.9763751764012226,0.8248125
INE251B01027,0.17993436261879736,0.3540847905720687,-0.23175162314070213,0.14532520848945774,0.7028362126926182,0.7190625
INE0J5401028,0.04675614465417776,0.1719938445853572,-0.21045777802129179,0.03382199061194102,0.34762157736468097,0.5886875
INE235A01022,0.22961921865191812,0.32709290949943826,-0.2086279173953512,0.18879667918901613,0.7971990944736171,0.77075
JP3462600002,0.1227583405596035,0.4064086443593819,-0.3795801390456923,0.05892406969365511,0.8221079974959122,0.5766875
TH8752010000,0.18148762902511653,0.16063188140824294,-0.05908667363909992,0.1694055346915463,0.46013225664265295,0.888125
ID1000108509,0.1894429859385996,0.20112722208319916,-0.1032092733077359,0.17242627850827824,0.538897713965622,0.8461875
KYG846981028,0.23610436667987486,0.3074516177607479,-0.18247941958712902,0.19630161425904874,0.7818496825275987,0.794125
CNE1000026G2,0.2586929387706111,0.40181918649861875,-0.27669828737077123,0.1986584643773951,0.9848194098484696,0.740625
INE121R01077,0.377541646762738,0.6074929165076823,-0.15529782473127124,0.3202981352262455,1.0686276750273436,0.855375
TW0002481009,0.17647272281847842,0.3908633392974497,-0.3267940942332798,0.11283047911386185,0.8774424519533308,0.647
TH0450010Y08,0.17526358948626977,0.19881610078631626,-0.11901994154326095,0.1597093113549225,0.5249954665925942,0.8239375
BMG5800U1071,0.457104785669765,0.313686761195685,0.005698656914479963,0.42590097841028063,1.0122154499754865,0.9525
KR7282330000,0.3506103176803299,0.19383593842984984,0.062298642462247866,0.33570049608756375,0.6864085440699234,0.97775
HK0639031506,0.5805929524599326,0.48127821513912844,-0.05292533504580464,0.5153833491266906,1.430330389663369,0.9294375
JP3801600002,0.18181780991866628,0.22948174178715053,-0.15082013366567829,0.16126648611279665,0.5868367605841488,0.79475
AU0000032914,0.1889166431129068,0.29019064542714385,-0.22045494546870756,0.15550704321948225,0.7076263335832277,0.7451875
KR7263750002,0.13328251243415778,0.24939146473586715,-0.2214303320871525,0.1099578464051677,0.5693171819858824,0.6999375
JP3717600005,0.24375393394677797,0.3802085469418029,-0.25876162398086894,0.19185667554891717,0.9156263778627948,0.7456875
SG1V12936232,0.04860513184532646,0.20143883376144736,-0.24252360488677466,0.029472062546683057,0.40304825920746484,0.567125
KR7237690003,0.4256179898125048,0.3103676186545526,-0.01988706040335741,0.39143241194750816,0.9811633300049903,0.9411875
AU000000BPT9,0.1744698503973766,0.26688342417400435,-0.2030674880509148,0.14611643858890777,0.644605204028609,0.74475
INE119A01028,0.2833382123339167,0.2979680785365573,-0.13615270842797228,0.2510566652338251,0.8125342204303079,0.8470625
CNE1000010Q5,0.37604263258998843,0.3758162036253385,-0.1421419947517704,0.32840233089465265,1.0569525999921476,0.872875
TH7545010004,0.1290664911019553,0.1814664886597603,-0.14026747662822633,0.11632899125936577,0.4519219743178422,0.7664375
MYQ0208OO007,0.21935873684720644,0.28434996247509514,-0.18615754309399862,0.19041135212367513,0.72670867849513,0.7889375
KR7051600005,0.3342048132906708,0.2417221094874459,-0.013091399164786622,0.3113998359878917,0.7646511891922867,0.9418125
INE212S01015,0.1885473983722943,0.30541442206610653,-0.2307918564200319,0.15251805415532876,0.7369143813822749,0.730625
CNE1000036C0,0.3429169942658182,0.37541506729323626,-0.16016658449541354,0.2955805592475177,1.0024542745708074,0.848625
AU000000RSG6,0.6065679557591828,0.5337253410986228,-0.06930409076967735,0.5305158058137455,1.5107262399425,0.9255
KYG7611S1075,0.8228469823235603,0.28610687488020775,0.40074313389821065,0.8014612782956987,1.3239092299447413,0.999375
MYL3255OO006,0.403375338187384,0.3116443987907128,-0.0070575796712232745,0.3727509012981065,0.9046266708863153,0.947
CNE000001PZ9,0.26167270570025924,0.6849644556374151,-0.28407588494842173,0.19566500001827666,0.9736413956627533,0.734125
AU000000TAH8,0.1560668453748001,0.2156260201122834,-0.15936810150835742,0.13846287171340665,0.5284996780635308,0.7705625
JP3485900009,0.37717200356378106,0.41688648057136996,-0.1852264995051686,0.32227390093679803,1.1364248280840799,0.8393125
KR7004370003,0.3139663420139522,0.20640851633523125,0.005875553705769431,0.2980121485472651,0.6755543534974371,0.953875
INE482A01020,0.16244525850223163,0.16471882627379952,-0.0861648265708665,0.15084263894470756,0.4496804445229899,0.856125
CNE100003J23,0.34361249142342337,0.44978277871564376,-0.2388597457686512,0.2762619399731455,1.1449781653746876,0.791875
JP3389680004,0.18693179946057065,0.38867672335134695,-0.31527300076898157,0.13044726169139806,0.8892022486888048,0.660625
INE12UN01015,0.3397307789570276,0.3420377412025289,-0.13358379795907208,0.2995628555205052,0.942611763249491,0.8645
KYG0519B1023,1.208875756794006,4.859951556870389,0.030924872071516243,0.9697334019195428,2.855318262039774,0.957
INE066P01011,0.7242357741189562,0.45835560576609674,0.10935320463064929,0.6687776612094852,1.528665846307846,0.9775625
TH0122C10Z04,-0.010403750536976479,0.20219735818488976,-0.30101333598342567,-0.030103153970950064,0.3470266017860915,0.4346875
JP3266800006,0.2624219436779704,0.36983749738897315,-0.22268279001708902,0.21350977449073455,0.9067112652414673,0.7793125
CNE100006QF7,0.9145867649949995,0.5033703977026838,0.20963273945672908,0.8557786966530881,1.7900522283147358,0.9885625
KYG6464H1011,0.5623919673754404,0.3234658601149032,0.09982128684014982,0.5281487588828887,1.134056654764616,0.979375
ID1000094006,0.20889591605960256,0.21912623812879223,-0.11276824455668003,0.1926922466373248,0.5909548216069043,0.845375
TW0001795003,0.6295972481627643,0.8938821025674609,-0.25201943114701725,0.4838602758460525,1.9872586337135003,0.8363125
JP3332540008,0.3096110598858733,0.31640397664081926,-0.1369200811222811,0.2742007351756918,0.8725607874764645,0.8576875
INE034A01011,0.23926187736464127,0.2874647920472127,-0.1660750241588145,0.20784147108101392,0.7560550799001483,0.8165625
KR7139480008,0.4401967432966876,0.29709067019423024,0.017653480652108665,0.4077645981163187,0.9662827876585474,0.958875
INE043W01024,0.1220441555545911,0.20560073534198148,-0.1795209252257934,0.10557956941317444,0.48806193489552047,0.7205625
CNE1000032L0,0.4834152523683997,0.32152171161677673,0.027300325855608147,0.44900745062510317,1.0494188547048338,0.9603125
NZFREE0001S0,0.1999410275651825,0.31941210777255,-0.2391162491751578,0.1591620502584223,0.7754820318951617,0.72825
CNE1000070H8,0.5876840483927706,0.5372558341939004,-0.11773116398187548,0.5082241780736285,1.5540295958336023,0.9005
AU000000PMV2,0.4350477700739342,0.25719322824703067,0.060429743596871685,0.4134481075281439,0.8871568129950869,0.9754375
INE151G01028,0.19191734302903665,0.2961205295434562,-0.22137289980506178,0.15757944360639914,0.720780727628619,0.741625
KR7357780006,0.28890870977147987,0.2751068176861728,-0.09137303032918091,0.25730697406893877,0.7772701423978717,0.8804375
KR7007070006,0.15747359354770799,0.17637284485711555,-0.1047140710095159,0.14513834299064182,0.4565108042131012,0.834625
JP3548610009,0.3090814536743553,0.4187189403977476,-0.24826108060771865,0.25346376860576847,1.0434645991702944,0.7833125
CNE100005MX1,0.8987276675177063,0.5474668150634631,0.15884951421025742,0.8242272012498779,1.8822445194050763,0.9820625
PHY7628G1124,0.4469031549472684,0.5503031473852912,-0.2557384195623546,0.35639680680288005,1.4218380125953538,0.8128125
INE930P01018,0.04533637239084749,0.30068323808365416,-0.3572107724366273,0.004855307806256783,0.5906657060268815,0.5071875
INE410B01037,0.3967893911475055,0.23815665042018372,0.05064596120164601,0.3752523370650753,0.8051070922647482,0.9725
INE951I01027,0.3347838681915883,0.19603513637084272,0.04303148758593849,0.32031405185367373,0.6717704930852719,0.971125
MYL4731OO005,0.2172558649378412,0.2839470158484431,-0.17964100389414894,0.18949024858071767,0.7031941357007356,0.7886875
CNE1000023Q8,0.4794428685433102,0.315742898012818,0.02693279157208013,0.450659836243905,1.0204782081796233,0.9609375
MYQ0138OO006,0.7340434107621652,0.6163797981683202,-0.0270995170337991,0.6320567853365352,1.8092335544101115,0.9414375
ID1000126907,0.3556863447243615,0.24376043406764777,-0.002409494802196631,0.334201477718145,0.7758887906269178,0.94875
KR7073240004,0.3213213366756339,0.29172803174790884,-0.09365610916447215,0.28910031458663954,0.8332751440354421,0.8889375
TH6838010002,0.1504864265770505,0.1988766433251497,-0.14209515318935056,0.13228305753740677,0.5028096780508919,0.785375
ID1000135700,0.5626179880673308,0.25310125944807454,0.19230779763559352,0.5433982074526368,0.9955134903748841,0.994625
TH0471010Y04,-0.07672156078444128,0.1637597057653589,-0.31423725681266096,-0.0913322590626034,0.210008592890127,0.279125
TW0002458007,0.1267351162306874,0.34790236338540115,-0.3357078829421487,0.07511101447263993,0.7596864042596467,0.601125
AU0000284895,0.22842110502255503,0.38785990314329827,-0.2918365621546769,0.17400576426937164,0.9418610235632374,0.7160625
KR7462870007,0.6064305659724154,0.28149977105030743,0.21323843863016012,0.583561403562619,1.0670184841868606,0.9951875
JP3192400004,0.17222100477889746,0.3773274818967377,-0.32351473509038997,0.12587486901551714,0.8155783480899613,0.65925
KR7098460009,0.16979739140241418,0.4091964176352815,-0.27750140574067317,0.12631137037209758,0.7441548735005451,0.6870625
JP3355400007,0.4601044994359043,0.38842806376537053,-0.07836290040901762,0.41533262908764434,1.1392288553774508,0.914375
KYG912241083,0.5818429871384242,0.3595403611220681,0.08069108542970418,0.5418989419309577,1.2077982738708588,0.9748125
KYG6501M1050,0.501412627395238,0.3018597092663275,0.08702776283953778,0.4713027505606374,1.0040882354700558,0.979125
MYL7293OO003,0.5609923032024787,0.43426307538280057,-0.03694882836201247,0.51049556412601,1.327677521522087,0.935375
CNE100001R82,0.4541615453925019,0.5100805649822838,-0.21046755131785982,0.3745295787466576,1.3707337340613115,0.8396875
KYG6892A1085,0.08385989041887189,0.19748484029177957,-0.21023301972306022,0.06950171994472806,0.43333161053838815,0.6504375
JP3912700006,0.4464155022106307,0.5733710665026619,-0.25052224923016814,0.34659872600359776,1.4985600242169537,0.8061875
KYG9833J1058,0.5758086131332846,0.42252934390831276,0.0004577187930215637,0.519241569713709,1.3334689310450336,0.9501875
JP3926400007,0.251235386780984,0.376025951519224,-0.2502729121034156,0.19812773283933538,0.9393608225000727,0.7498125
KR7064760002,0.26031467118331086,0.31189597711377387,-0.17067065321690209,0.22390791286412515,0.8160639835969681,0.81675
INE418L01047,0.10444676957775528,0.23616722263318823,-0.22273769382641,0.07747230199839852,0.5181083269464618,0.6528125
INE304W01038,0.339325423346905,0.32691891597001244,-0.10743167991391257,0.3023973091851292,0.9030194611604848,0.883
AU000000IMD5,0.22373879217246861,0.2615511284974638,-0.14776087196913665,0.20026895304426767,0.6764995638675442,0.82275
CNE100000FV0,0.23248858990234855,0.36048530591449507,-0.24661165878758892,0.17919198803292624,0.8705415560644773,0.745
JP3383270000,0.36208683890176985,0.33255301033432305,-0.10939858432932124,0.32246913029081464,0.9524809844781166,0.8879375
INE233B01017,0.27832216740033083,0.37150634632246404,-0.22419843613269758,0.23383833376440372,0.938128277543052,0.7863125
PHY1757W1054,0.6812008583760999,0.435806746735745,0.07986312557406258,0.6270994255732398,1.4587343058327893,0.9715625
AU000000SIQ4,0.14563107553958787,0.24667153272961218,-0.20519135780356543,0.12221679037690618,0.5776231934716047,0.719375
INE191H01014,0.3102193319085652,0.21318460623658766,-0.010068580286044765,0.2951298372825931,0.6835721601068954,0.9440625
JP3555700008,0.21545934359550975,0.3970826545596232,-0.290306257904589,0.16164245852986842,0.9022548105173444,0.702875
INE02RE01045,0.43783510062417946,0.36978696136996925,-0.061851975180038404,0.3946083393632912,1.074406518452626,0.9199375
KYG9894K1085,0.8657297228938811,0.596258572412598,0.07594130066457482,0.7823291221156614,1.9384315333983229,0.96725
HK0000083920,0.5139817156257648,0.36433637262676977,0.007132294425890841,0.4712069439077917,1.1439528255983287,0.9528125
SGXE24586385,0.4989514117319956,0.4315021923756222,-0.08108369615581427,0.4373412899483001,1.2824309945662218,0.913125
KR7018670000,0.48108501972441153,0.4624594993633648,-0.1214791649649454,0.41508620484789793,1.284711773302041,0.8915625
KR7103140000,0.8340553514300348,0.46124878588697404,0.1983049122669789,0.7779796924830419,1.664941728050075,0.9889375
TH0991010008,0.15262474685596886,0.18270032097007577,-0.11695054391200582,0.13736195275686378,0.47728654469560394,0.8125
AU000000CIA2,0.5859725731869271,0.48599619793856896,-0.050661952737686415,0.5204313226521398,1.4317508096244287,0.9306875
INE602A01031,0.1595944832449006,0.2218121836501364,-0.16303290377455484,0.13848042945798686,0.5516045240646309,0.771625
KR7041510009,0.5592354553392789,0.223438461368365,0.22256379018936515,0.5450614605296007,0.9482026664407388,0.99675
MYL5286OO009,0.17472238449627445,0.3524624839180835,-0.29580532784138286,0.12968586106182217,0.7846787457619794,0.6760625
KYG550441045,0.3782705495388028,0.30346352590153586,-0.05049005630605786,0.34597963319178004,0.9146239281267761,0.9235625
HK0880043028,0.3052150733242202,0.378330325376205,-0.19464963381972702,0.2603024803531484,0.9617370852448778,0.81425
AU0000118564,0.21914326365902495,0.3219931573475969,-0.21881744180406626,0.17782258758716504,0.788090077476686,0.7603125
AU000000DRO2,0.5339983475895618,0.6723251173737752,-0.2407400542360149,0.4213037148534281,1.672825263936061,0.8370625
AU000000EOS8,0.6564073366451959,0.5762786908814174,-0.08913934829440563,0.5689277536062949,1.6847991292202538,0.9160625
JP3167000003,0.3059795422982721,0.4246994700159718,-0.25204339178070734,0.2442265160898413,1.0729554147702383,0.773375
BMG524181036,0.48426632841172035,0.3617039576129149,-0.028630270651807198,0.44520824268320847,1.1331017003320931,0.9386875
KR7140860008,0.39931604940108967,0.2626981163288762,0.017250676231142625,0.3769071797779213,0.860198875117288,0.9574375
TW0003596003,0.4152710921544568,0.47935935006793506,-0.19873871314779024,0.3478120740576607,1.2427454972949015,0.8384375
TH0612010007,0.12376463996603178,0.23055205784969832,-0.208402279399121,0.10169417002927816,0.5285737467531367,0.692625
CNE100001203,0.38371778715415983,0.4136868645908742,-0.17525886313665484,0.33188640162873084,1.112118348154976,0.850875
INE0CLI01024,0.1494512276351348,0.23474636015324307,-0.18852847527155767,0.1272052531339891,0.5644090744812317,0.739875
JP3623150004,0.37352404711014814,0.35459419926933855,-0.11508256897779738,0.3308580188278538,1.0000271386697843,0.8826875
KYG2110A1114,0.3671157268816328,0.38369699883729425,-0.14540249389171622,0.3190680417778124,1.024335896984607,0.8606875
KR7112610001,0.47662736499561775,0.39375124034436526,-0.056099464510467954,0.4254959992523203,1.1935615669930677,0.9268125
JP3162350007,0.04161899860504572,0.29794736943685735,-0.3507932478344067,0.0009149507334049699,0.5649682082787787,0.5018125
KR7006040000,0.6934641539779164,0.6505593901250866,-0.07652446667019425,0.5894969056883542,1.7718428361628642,0.9254375
INE520A01027,0.407136130187526,0.24732364243270735,0.0438321318698062,0.38681504169461406,0.8427384765915041,0.9684375
TH4403010002,0.2499987126947027,0.27105868958939017,-0.14206990341368567,0.22326767504269146,0.7326334853689034,0.8345625
KYG4387E1070,0.26561299292915597,0.26934673812240545,-0.11502403187769032,0.23823725569871038,0.7447507610446057,0.8634375
INE615H01020,0.30390331108722946,0.28443783417451657,-0.10479992191406295,0.2733105079418608,0.8082228831944602,0.8816875
BMG2154F1095,0.4288399835794338,0.4345148730062404,-0.14866809731229252,0.3657558774642437,1.2112831711153138,0.869375
JP3323040000,0.46941613755225703,0.3351221469043476,-0.004518708725856448,0.4325622106005531,1.0638192761032859,0.948125
CNE1000041J5,0.7001368688935306,0.5967402428233854,-0.07467510037966457,0.6105676884024536,1.7544439602376127,0.9266875
INE209L01016,0.2425409759552435,0.4109675874364246,-0.3025766215426633,0.1830923243497012,0.9829436558033265,0.7178125
INE491J01022,0.250624034440415,0.3105024533271829,-0.18466720147158,0.2147246897419438,0.7969401077757384,0.8045
AU000000SLC8,0.20934649489387697,0.23339635960729072,-0.12833280340332567,0.18644674750635315,0.626077415382395,0.8315
KYG129301068,0.6557674662259578,0.5555569771788947,-0.07182112207656573,0.5687200888220433,1.6785958537195678,0.924875
MYL5126OO007,0.10376391219067992,0.35625579049603345,-0.3645813139825517,0.05092798942006494,0.7509421889675397,0.57025
KR7120110002,0.4449944615161029,0.5485856056787293,-0.21504741331259825,0.3605969369050467,1.3727823667489691,0.832125
KR7020150009,0.3102856621205302,0.3825383719019082,-0.20821610961337594,0.2578191005676147,0.995093211538611,0.8091875
INE285K01026,0.5195689835745102,0.8491498579302411,-0.141146448130848,0.44423458581502057,1.4083196336698864,0.886125
MYL2836OO004,0.39396523193081817,0.28347152750587085,-0.0211392732539663,0.3699301919224057,0.894436285002216,0.9391875
CNE1000046X5,0.3833621386862709,0.48711149919495766,-0.24509669397799522,0.3086436413136068,1.2544729264848624,0.80175
INE872H01027,0.23114723622481356,0.33595848336421347,-0.221290136573855,0.1887586803287009,0.8248620556960845,0.76075
SG1T06929205,0.32048395751088965,0.37838778012899077,-0.19885238394123342,0.27209144779133243,1.0023083665205612,0.815
INE002S01010,0.30396584332492205,0.14550521076166595,0.07750928394577158,0.295697440729832,0.5523532458374697,0.98625
JP3166900005,0.050728572022633686,0.29301282730343287,-0.3488318589320913,0.015294785221072697,0.5633542512770434,0.523625
INE850D01014,0.4924963605188304,0.44811370687026375,-0.10348978326395929,0.4341856706756211,1.2649038058152502,0.908125
NZSUME0001S0,0.6312085126150967,0.49180483108037354,-0.01285619032732262,0.5648065420179653,1.5038504996987294,0.945125
KR7011210002,0.25019813561677773,0.2644894980432288,-0.12399646502932142,0.22328151494613058,0.714329280417427,0.8455625
INE933S01016,0.2150429489474953,0.17622790628671614,-0.050728457012122974,0.20427785662076697,0.5180744114566335,0.9053125
JP3400900001,0.11390919490669126,0.2725373131208334,-0.2704960703247758,0.08225239193569783,0.5982469430573535,0.6386875
ID1000108103,0.5519585988028112,0.29924927902518256,0.11402367838465682,0.5252667338320023,1.0812378793832789,0.9834375
INE979A01025,0.2569365257948808,0.42568996556165917,-0.288848575327054,0.19754727171787667,0.9987049385774178,0.732125
AU000000NEC4,0.5693080875267738,0.3658986296121616,0.04266622841508045,0.5321677431105054,1.215399397694467,0.964
KR7035900000,0.5526990448716697,0.22275635028679966,0.2206767823897597,0.5373976792557889,0.9437415028769653,0.9963125
AU000000SSM2,0.18266567326064206,0.22823050757721117,-0.14583096998275463,0.15980561119417533,0.5845723934852294,0.79675
VN000000REE2,0.34830284105273984,0.34050294358726046,-0.12622036805033354,0.30842651358623596,0.9653462206720687,0.874375
KYG1875S1012,0.5542590622800188,0.6295784872776561,-0.2319250386508221,0.45020560313142644,1.6769087663730846,0.8475
JP3485600005,0.3657908431025582,0.42881959234755274,-0.19650952812700054,0.3047311767931563,1.146699575641838,0.8261875
KYG3224E1061,0.8478199779118072,0.647099961001704,0.014009420300510545,0.7409792912057991,2.015342121141326,0.95375
INE101I01011,0.3865130274818605,0.2940023547198076,-0.03241320106657411,0.3571432693094353,0.9096170551105546,0.93125
INE306R01017,0.49455478183890395,0.47008947181283467,-0.1249121781551222,0.42756678409842264,1.3437562830058272,0.8915625
JP3579800008,0.155078354340136,0.2905926557269419,-0.2509847376540123,0.11969569386968323,0.6746312793617362,0.694
AU000000CYL6,0.5144647586622676,0.4576074178293345,-0.0974537692284332,0.4485120481920063,1.3422062097770417,0.907375
INE716A01013,0.2918689089705028,0.26980056105603956,-0.0916617125087749,0.26171913003205477,0.769833788499746,0.8846875
INE665L01035,0.07667875942583845,0.32001432607327396,-0.3510874215624352,0.034937937088841554,0.636928016306717,0.5539375
INE183A01024,0.22627645335255495,0.20914819798914255,-0.08004141375854952,0.2074431297065213,0.5945743323166434,0.884875
AU000000DTL4,0.03802418945753902,0.19827477572498248,-0.2516857303723709,0.02001268730364738,0.38517974966003005,0.54775
JP3271600003,0.04666273741988369,0.36916557959191937,-0.372173291907205,0.0024698834040267834,0.5991361805008785,0.5036875
INE540H01012,0.1543439570355921,0.24151281663227817,-0.19037232255004627,0.1281408033844334,0.5795058834086194,0.7435
KYG7306T1058,0.4485145537573773,0.2965545375381014,0.02222334934978474,0.41923278373765516,0.9803374351377737,0.95825
AU0000106643,0.24832479823614334,0.21778741838340743,-0.06712607156306276,0.22988893886615253,0.6259258248895798,0.899125
JP3376720003,0.48971585989617944,0.4750112512726668,-0.1400651217280181,0.4249294260441881,1.3415821767718097,0.8861875
KR7008770000,0.3151193043514695,0.24525598165648377,-0.04688748381653198,0.2914318748622948,0.7513755139303402,0.9223125
CNE100007DS6,0.6187920797439751,0.39811506974064204,0.06228487176105621,0.5718979105351264,1.3224903300119397,0.9661875
TW0003376000,0.47053046470325766,0.3432357275081166,-0.00874228821939742,0.43266907168526864,1.0743421831809068,0.9463125
ID1000165004,0.5456242111504658,0.38472051985561556,0.022379872029236796,0.4989016438377154,1.2211631963803755,0.9581875
ID1000144108,0.468498177686363,0.3080464787243024,0.03003821236254098,0.44018527104601923,0.9916988553637871,0.9616875
INE075I01017,0.22704822345530254,0.24776707722795857,-0.12959405653351794,0.20401907567440208,0.6551656259719808,0.83775
CNE1000044B6,0.305965347490445,0.4053990577450565,-0.22776316433763624,0.24665431544350025,1.0440099698383944,0.7848125
TW0004772009,0.3277070134363901,0.39834367544276084,-0.20282619337575522,0.27179552850194544,1.0464409911527786,0.81025
JP3826520003,0.43981383879204194,0.33685918408228194,-0.03381864879831499,0.4068924907039939,1.0163556889169354,0.9345
ID1000107303,0.5934680581086659,0.6232585663441471,-0.1762983092574441,0.4897376648856936,1.7003079753504993,0.8775
JP3240600001,0.33064858972669353,0.3473087397872729,-0.1421018810806245,0.28375791290067165,0.962188406628362,0.8533125
INE269A01021,0.21017774773141035,0.27146416127793493,-0.1773471618587132,0.18198332365535747,0.6919893860008022,0.792875
CNE100004SP7,0.765370249316179,0.42594227458053063,0.17800372530850692,0.7201323621049892,1.522885162578762,0.9869375
KYG0028A1085,0.8866484711074082,0.5564822064030793,0.15321928195720652,0.80253142655946,1.9017263458388007,0.98125
TH0221B10Z05,0.4601740101877234,0.47896769284904284,-0.17092140213801024,0.391378631843068,1.3292804015621984,0.8631875
AU000000NCK1,0.23483759446011496,0.24229069760057967,-0.11078961788239101,0.2118377288874994,0.6534168360664477,0.856625
INE131B01039,0.12222816714298328,0.21844988791338266,-0.20026793826826236,0.10293230281698784,0.5095317647224327,0.7108125
JP3164780003,0.6731467639013733,0.6467368987064375,-0.1116802725522686,0.5725194998107952,1.804469366904051,0.9088125
AU000000SNL5,0.1862915876967071,0.3615713142989116,-0.27460501830771084,0.14081186417154437,0.7878518773929655,0.693875
TW0006584006,0.27056078600482075,0.5535472907765469,-0.3941941535268034,0.1690713825957582,1.2673008819288891,0.66025
INE940H01022,0.16316925295438148,0.2686675577709889,-0.2089029663991458,0.13345349887243524,0.6335988447889828,0.7220625
AU0000313769,0.2753683691586105,0.3515949664328033,-0.21744087696409645,0.2319742741322236,0.926360653632811,0.7983125
MYL5306OO005,0.2021597992877378,0.20699393445782807,-0.10580725647066754,0.18658113776273905,0.567520583021557,0.8501875
JP3856000009,0.13398083217949794,0.27807008112267584,-0.25633959130336254,0.10487956746405461,0.6333981242120206,0.6665
SG1U22933048,0.22419297934705035,0.3598791517314893,-0.26798312717975303,0.17633170511300056,0.8733204712333708,0.729375
TH4984010009,0.22486906780195268,0.28244096166050964,-0.16860463042531995,0.1925417703293092,0.7228167682901289,0.8009375
KR7089860001,0.3578411192114238,0.28760133131140314,-0.05589288582683146,0.3273028706822394,0.8644350280384737,0.91775
JP3705600009,0.05401570486221725,0.22169754689800444,-0.26326354550218245,0.0291522283384089,0.43667063445047244,0.56275
HK0200030994,0.4399981402379428,0.5519807496564366,-0.251722799054669,0.34822408693499096,1.402978790222958,0.8156875
KR7001740000,0.2849910361514782,0.46370705311561294,-0.30810648303669774,0.21314781673540573,1.1091775877028898,0.734375
TW0009921007,0.34534458928578476,0.3602211513126456,-0.14571850440361367,0.29661161472051933,0.975785206983095,0.8595
CNE1000034D3,0.7084307900431249,0.5022042202430765,0.03361483912219209,0.6406015003045306,1.6099260572730583,0.9588125
AU0000056269,0.22100342884681196,0.3557116728729244,-0.2619400844742859,0.17310502330231003,0.8706843345786633,0.7305
INE594H01019,0.21203871317121023,0.316246957298274,-0.21862886841328827,0.17168371295151047,0.7755011387484798,0.7543125
INE136B01020,0.25850684168592963,0.16889634388153973,0.004652330153149607,0.2469826212777465,0.5516975533720401,0.952625
INE256A01028,0.2623520604167421,0.23419662853059572,-0.07997280081960623,0.24036576376588908,0.6694954777171619,0.8885625
JP3386110005,0.4276904722966566,0.3492921378135894,-0.06050003884243735,0.39117580665362517,1.038675344018884,0.920375
KR7069620003,0.6022446953798576,0.3205759483833964,0.14133547737524627,0.574041525228662,1.159424295717232,0.985375
CNE100000221,0.47786378125622364,0.44012275809936613,-0.11151847106996886,0.4201571414057915,1.25441097918307,0.8993125
AU0000173486,0.5589113199656752,0.5994764279234922,-0.1904330511850476,0.4633726039434263,1.6390105781046405,0.8651875
CNE100001WJ8,0.37154805504781846,0.39424121293795483,-0.16016579788745153,0.31866151805229487,1.0675953904035105,0.85725
KR7181710005,0.3026559864305425,0.28042404515621455,-0.0988845853024493,0.27272000582774286,0.8049892239520305,0.88425
ID1000061302,0.42706340225248596,0.27188268444490565,0.03342547549355694,0.40160576881158605,0.8963939594818378,0.965
PK0099701010,0.3553539671140157,0.3403834345449624,-0.11041890417112384,0.31148984155221326,0.9694581872157448,0.881875
SA14TG012N13,0.21038895292882628,0.16888652622748407,-0.045470889443342814,0.2009596438304998,0.5019537201571047,0.9085
BRVALEACNOR0,0.27840278288012804,0.23144327650976562,-0.06381212728434245,0.2589728479917814,0.6838683246473845,0.9069375
JP3721600009,0.057634164029667374,0.2765552998044614,-0.31598117199529585,0.02362566485677249,0.5359905513705417,0.5414375
JP3965800000,0.009335454676790277,0.3153857668296986,-0.40172382731787637,-0.03642141466081471,0.5866512479424539,0.44425
MYL5264OO006,0.20876177267051724,0.25074042484462383,-0.15195103499025198,0.18386267683036467,0.6471584597299956,0.8186875
INE176A01028,0.1467017507843238,0.17763892704648768,-0.11275191611031944,0.13294078921329588,0.4480579233364785,0.812875
KR7001430008,0.4491079121216476,0.4363531688493424,-0.12403475684592974,0.3838633020197558,1.232295890722997,0.8855625
INE836A01035,0.18022354757566608,0.19031071583297107,-0.10278987987568892,0.16458840447376727,0.5180219673185587,0.843125
KR7229640008,0.45501134103545304,0.5396860840001305,-0.23266895509044555,0.36718113547610837,1.4454635437685222,0.82875
JP3207000005,0.2956963133134945,0.40886120207872173,-0.250826670606729,0.23932189878606897,1.016989331205564,0.78
OM0000009759,0.22311261607509217,0.3685166312081287,-0.2624609116970967,0.17623696183019044,0.8529942540930215,0.729625
TH0530010Z06,0.2636636746529123,0.2388637210586378,-0.08555842618128624,0.2427438129909273,0.6831413765891017,0.8865625
MXP370841019,0.1474249175329901,0.19701860509578523,-0.13991221318262767,0.12873984926812437,0.49058941975545417,0.7861875
AEA002401015,0.02889732749430999,0.32428349282402336,-0.4047243665367922,-0.014650476972370898,0.6040114340510506,0.479
KYG2113L1068,0.4459926254657018,0.3234678258357762,-0.024389654960589657,0.41455837057077527,1.0231563584118695,0.939875
JP3449040009,0.3755755236890815,0.426226619757061,-0.19197348714045923,0.31404828262784,1.1388809521450978,0.83475
AU000000MMS5,0.16938315782818655,0.2627941262335416,-0.20020655365090245,0.14197024494866015,0.6362686274583935,0.741125
AU000000SXE9,0.16540858189966037,0.3484564399594418,-0.30249757338694316,0.12184905068647794,0.7764223850433963,0.666125
KR7006280002,0.6404913129517115,0.3589288257432941,0.12808529705126726,0.6051633135617314,1.2785119683127342,0.9821875
JP3168200008,0.30656636246654284,0.41894478845667754,-0.2387993744623538,0.24436575690244572,1.0611594747157953,0.779625
INE868B01028,0.41182100504987135,0.2967201192182294,-0.012989124710422245,0.3818091986338658,0.9358583164676606,0.9445
INE0HV901016,0.21482258531454654,0.27077584524598713,-0.16086317463291158,0.187019898722028,0.6943761821691171,0.8000625
INE690A01028,0.06987809773872769,0.23569355307666795,-0.26565084879553286,0.044508481667179856,0.49146565945503795,0.590625
VN000000FRT7,0.3421843938786183,0.2550570405074249,-0.02413660794929563,0.3193237868573171,0.7890697089534341,0.9375
MX01AM050019,0.20124434045048667,0.23125214836226085,-0.13407663001626324,0.18085315920855383,0.6131842343837177,0.82325
AEE01195A234,0.311096541535439,0.17655574897633317,0.043199900817242,0.300160657373724,0.6148776614378039,0.9706875
SA123GA0ITH7,0.15703356847069952,0.23491551919388726,-0.18173747409392935,0.13384248142590272,0.5716441156183844,0.7520625
SA1510P1UMH1,0.25556084027714204,0.20402053530177916,-0.040163270298965756,0.23801112769254423,0.6051546224844724,0.9170625
BRVIVTACNOR0,0.17688984368038047,0.19360685024869934,-0.10849823489225634,0.16224973623539565,0.5173132620644278,0.83375
CLP3880F1085,0.14051356756413333,0.1931977428327632,-0.14237905602064657,0.12415575512648284,0.4782795636121676,0.77525
SA0007879543,0.21966732083772042,0.1723118389580149,-0.03800847742583005,0.20674265013631976,0.5210414060063326,0.9194375
AEE000401019,0.1640216144364426,0.1649170947210955,-0.08603776520723502,0.15277939861269013,0.449668991077503,0.8571875
ZAE000351946,0.559263767629116,0.3426923773491952,0.0693153800904504,0.5210264557960046,1.1792935123747066,0.972875
SA15CGS10H12,-0.06167022728196004,0.23639101808040647,-0.3839869586254833,-0.09029939735468143,0.3546228936050545,0.33675
AED001801011,0.1644695326247533,0.1783339860608465,-0.10273190912664837,0.15222190462289453,0.4722363093664635,0.8380625
COC04PA00016,0.039905164498448636,0.2511275303700047,-0.31311638035051975,0.011132593820794148,0.4826472865834299,0.5213125
BRAXIAACNOR0,0.33172780168356886,0.22122904857828338,0.008831853596212946,0.31148040124860277,0.7172356935410444,0.9545625
AEA007301012,0.26419418342193396,0.16574323186165002,0.0133084789253151,0.25251040267715963,0.5513103973092157,0.9591875
MX01AC100006,0.35044635991131234,0.1871480051468897,0.06765566997300122,0.33726934219587645,0.6758339974320867,0.981
SA0007879550,-0.0008946655192138459,0.24500134758033335,-0.3426355788076219,-0.031009487059577907,0.4440876943412061,0.4434375
BRSBSPACNOR5,0.27975454885633216,0.20587483964354059,-0.02203053875006676,0.26366815783654746,0.6340935977429663,0.934375
ZAE000132577,0.10148907147054188,0.2224305103994212,-0.21263848782136957,0.08017508604991203,0.4905601974200056,0.6681875
MX01WA000038,0.24190025670217297,0.18536321347947443,-0.03150863959783449,0.22824535146578723,0.5567401329030369,0.924125
BRABEVACNOR1,0.03353426757702849,0.15029655913205994,-0.18945481049172544,0.021505965521381204,0.2966362024036361,0.5648125
BRWEGEACNOR0,0.27015853733515316,0.20424419957731427,-0.034169739382072135,0.25495954423184136,0.6213632989521163,0.926
MXP320321310,0.2790374940222465,0.2141296834030336,-0.03650887181716331,0.2617984615057178,0.6589848587381932,0.9245625
TRAASELS91H2,0.23367228520035127,0.23896915184384251,-0.11181172986426462,0.21166633864883555,0.6497893472607965,0.85525
ZAE000018123,0.23605192931612776,0.28917019608800754,-0.17311213294264105,0.20493752309772026,0.7562517317266119,0.804125
AEE01072B225,0.21535153230210824,0.2175068911116413,-0.10099139440600777,0.197847131754555,0.5928609605539132,0.8605625
ZAE000013181,0.17060672599736124,0.22575781373985712,-0.15394167829382144,0.14805616090398013,0.5658800148658362,0.7800625
MXP554091415,0.27108770871382454,0.37194047231206107,-0.227060225768293,0.2212295302528247,0.9334339929809505,0.77975
QA000A0KD6K3,0.29285351481321775,0.24611715845780313,-0.06562941999344477,0.2724154395972856,0.7281599344319073,0.905125
CL0000000423,0.3854917637603765,0.31889555968342936,-0.05309320734974888,0.34690316224974294,0.941636086957827,0.9225
SA0007879139,0.16169135999838385,0.22058647133899434,-0.15709597877569156,0.14164353692524556,0.5463881633258346,0.779875
MXP225611567,0.2899390883638785,0.28646519778513746,-0.11694378256042665,0.2595853945786819,0.8010511643063132,0.86625
KE1000001402,0.24188075022328348,0.31312485164866083,-0.19756254077487576,0.20707706917227084,0.8036862202602547,0.789
AEE01110S227,0.20172612537322235,0.22209769728955625,-0.12401409151695239,0.18511757580990376,0.5899064045271495,0.8334375
ZAE000015228,0.3558764669798823,0.34667006643402104,-0.12530952054023559,0.31335840545787597,0.9745572357539222,0.8748125
BRENEVACNOR8,0.30527513905230125,0.22507267650788865,-0.02635432585170214,0.28485657423443894,0.7061012781413651,0.9348125
BREQTLACNOR0,0.359486304112936,0.21673740014859705,0.038913916504645533,0.34354842678627573,0.7430631017560217,0.969625
TREBIMM00018,0.3134675323656124,0.21034279392346283,0.004386550813328902,0.296135576804759,0.6794037001013202,0.952125
BRRDORACNOR8,0.4041772718703569,0.235658898497024,0.05990225180011766,0.38290261955248184,0.810541035692993,0.97375
AEA006101017,0.20470130756732544,0.1761905771730486,-0.06019855905944606,0.19340391672271995,0.5033391588190076,0.8951875
MX01GA000004,0.3278629509272913,0.22737360054008937,-0.007344867387004446,0.3085577920348625,0.7278859993387506,0.9466875
SA000A0ETHT1,0.35126871905726753,0.19720256868152947,0.05963032717074017,0.33475433061348553,0.6951955177407854,0.97725
AEE01268A239,0.229455471587363,0.1830093779786254,-0.04793806818081044,0.2179751502085422,0.5435018371210566,0.9123125
BREMBJACNOR1,0.32892012056537767,0.35197866946796097,-0.16100255724881823,0.28541541433566797,0.9444317665768919,0.8501875
TREENKA00011,0.14835512250579688,0.2930928335359182,-0.24124230990036555,0.11500559672859824,0.6425189196767006,0.69125
TRAKCHOL91Q8,0.5111474709724624,0.27252203017109694,0.11150092722549947,0.4887138808456166,0.9978507839208312,0.9838125
ZAE000083648,0.4791964790358019,0.43240604141899314,-0.1037403959859252,0.42136664197949025,1.2361768773569297,0.899375
CLP371861061,0.24582199897443144,0.2886285050225418,-0.16754072856045016,0.21715366448729126,0.7643245661015846,0.8175
ZAE000012084,0.2806952766519566,0.25872369196171613,-0.09294572260645992,0.2568469005915139,0.7423184888795604,0.8825
BRPRIOACNOR1,0.26411409518576334,0.20172865586379798,-0.03772991745903208,0.2488976999708713,0.6193029804912822,0.924
ZAE000216537,0.2128273413931366,0.31539807268197123,-0.22873266406008635,0.17587660214152329,0.7689493413412116,0.753375
MXP495211262,0.14995911027715492,0.2054397526443044,-0.15274549859670528,0.13526462269646033,0.5099617422279337,0.77425
AEE000701012,-0.017562944423872878,0.18769783984022378,-0.29216300101238807,-0.034821652824451904,0.3132016905429957,0.417875
SA15GG53GHH3,0.46893540459413113,0.2954878094188465,0.04160302184438628,0.4406410418005576,0.999690671427797,0.9655
NGMTNN000002,0.19535430131160408,0.537417327924469,-0.2717735908559683,0.14521798155880722,0.7938814509767377,0.7056875
NGDANGCEM008,0.08951457768570621,0.30106182002158904,-0.3197958935944059,0.051095595449946546,0.6305776148647976,0.583875
SA000A0DM9P2,0.25979522008013434,0.20583975471587665,-0.04684455159365294,0.24193480422097408,0.6241708784871265,0.91525
TRATUPRS91E8,0.2095973394824544,0.20081077001236136,-0.08769632656498563,0.19251376781040008,0.5564796983495833,0.8713125
QA0007227737,0.3217416828222224,0.28855065742758296,-0.08730551430099065,0.2908357085960177,0.8438288191413577,0.8898125
BRSUZBACNOR0,0.5920051217973203,0.24294526651733536,0.22695902025410616,0.5735171605142133,1.0220943350894396,0.9966875
BRCPFEACNOR0,0.0006779020415725507,0.16937968032897835,-0.2503589709133948,-0.012216373008040095,0.2991021738420012,0.467375
BRSAUDACNOR9,0.28587265681493074,0.26100412926506816,-0.09261208957352253,0.2626868614751897,0.7397795776918139,0.8845625
TRATHYAO91M5,0.49151705301326926,0.2738456701845028,0.09226818239971465,0.4670953799042631,0.9782925208038721,0.97975
SA0007870054,0.4136231331420911,0.7444481591219533,-0.2661726267643953,0.3276617486375999,1.350405799603155,0.7938125
AEA004601018,0.3861647986642974,0.29436022108143156,-0.03938573895364328,0.3541940938796264,0.9033169036360953,0.9295625
AEA003001012,0.008146088506212014,0.20436606200581015,-0.29009062041847433,-0.013355687840616302,0.37065529190137353,0.4714375
BRRADLACNOR0,0.26092458107098615,0.2124782193579727,-0.05019342255094685,0.24276631494402262,0.6282531437389582,0.9121875
GHEMTN051541,0.23603670889721826,0.4508233125958616,-0.3510315135478467,0.16761937706394572,1.0682323728874743,0.6801875
BRTIMSACNOR5,0.2421373051923425,0.20105303478484254,-0.056981775482617375,0.22496261766227127,0.5929615509422077,0.903625
CLP7847L1080,0.2477877444931557,0.21544987056195983,-0.06510379241548553,0.2269970790993306,0.6294120344343365,0.89975
MA0000011488,0.2850564429412924,0.47323666265400605,-0.3063125666580074,0.21177067894994922,1.1044947827822154,0.7293125
KW0EQ0601058,0.15324280835705903,0.2810857679445723,-0.2348852466953879,0.12289581494052032,0.6401118693791914,0.70075
BREGIEACNOR9,0.056813080503343445,0.17266585044872845,-0.20059439685508076,0.04202089193309301,0.36389580399612,0.6073125
MXP001661018,0.39774815031691335,0.2340703278390448,0.05098863340206764,0.38012992424923125,0.8069656019215973,0.9718125
COE01PA00026,0.4085340092850438,0.5134654664063653,-0.20548077371201917,0.33682814286341894,1.2493634616530984,0.83125
MX01VI0C0006,0.4594261187145983,0.5590013694035214,-0.24395809690567588,0.3686091286671861,1.45401052860606,0.8195
BRRENTACNOR4,0.5089802641496309,0.254581362547547,0.14057624481411307,0.48624721012349237,0.946379085579004,0.9915625
MX01PI000005,0.26737337582034487,0.2797440394844436,-0.13397784223960774,0.23907477922622447,0.7622867861043533,0.849375
IL0002300114,0.10769115951045823,0.33131960431222124,-0.34075586637578686,0.06497281993032769,0.7049053650274009,0.591375
QA000A0KD6L1,0.31141882689160694,0.338899711343636,-0.1594815834154376,0.272039075377835,0.9165451329631206,0.8418125
SA000A0BLA62,0.014485193309651081,0.1708401237005864,-0.2350416927620349,-0.000274139901391209,0.312117726902877,0.4993125
AEN000401010,0.38476702274081964,0.5119870104732926,-0.2609830475518116,0.3026125751778419,1.3047044807897594,0.797
TRECOLA00011,0.29150715031003627,0.2213887424827669,-0.03694744874084426,0.27595994504171295,0.6734530591245776,0.9268125
BRCPLEACNOR8,0.25066191940089805,0.20843634629694452,-0.05445084479678895,0.23338081832650734,0.6098922663926325,0.909125
BRVBBRACNOR1,0.24264235445082175,0.1902197811536592,-0.03984852989337425,0.22643566762423464,0.5786204807994556,0.91825
BRUGPAACNOR8,0.1274577439721626,0.17764798830932463,-0.1367117753565149,0.11614008343691745,0.44148065345816534,0.7671875
MXP606941179,0.12296361201661771,0.1879677462015115,-0.1539242539569778,0.1073746955330952,0.45529841971817236,0.7446875
ZAE000259701,0.3300510712177322,0.39376796681724646,-0.2044452304067949,0.2764560940778521,1.0276824971281708,0.81775
CL0002266774,0.09964850945183379,0.2190972771568828,-0.21765331541021385,0.07753468275314233,0.4897155362428885,0.6600625
BRMOTVACNOR7,0.38721475305806974,0.2516511653931376,0.01658324871695527,0.3660511942086887,0.8332693270355007,0.957
CL0000000100,0.3994808943287872,0.26713146935221094,0.012689874908377778,0.37454334681611495,0.8722223736250699,0.9564375
MXP000511016,0.39000620000457487,0.24936493248825947,0.023967369479351974,0.3697364448538577,0.82870425295185,0.9608125
AEE01200P230,0.31083476599716287,0.2746954455061451,-0.0800944596307721,0.28316890035653586,0.7882480698635067,0.896125
MX01OM000018,0.1864092323233202,0.19149987625723655,-0.09648548943558556,0.1691082276718729,0.5304132435745602,0.853375
MXP4948K1056,0.32591039423677476,0.24344279120403847,-0.029827357164788192,0.3041594680655604,0.7532514907239901,0.93225
ARP432631215,0.4259495744405742,0.7497396038000399,-0.42629106914490644,0.2750398402503069,1.7564431389842576,0.7128125
ZAE000085346,0.1649371899479397,0.24797039350826763,-0.19219672072292962,0.13974151873934842,0.6073536020476715,0.752375
BRCSMGACNOR5,0.22170005703889642,0.23228178322950524,-0.11885597392221245,0.20134966455903147,0.6271676265922591,0.8488125
TRATCELL91M1,0.48682880436783427,0.2752494484810549,0.0850818174294053,0.4624266325022863,0.9755966035954866,0.978375
AEE01134E227,0.31064104680854754,0.21792174192203034,-0.014429039659107358,0.29259363227258683,0.6879701755043592,0.94175
NGWAPCO00002,0.011492307901656205,0.25929161066100975,-0.3534641898091723,-0.017691622386623317,0.4828007797628411,0.4711875
QA0006929812,0.4372124071083605,0.512839535667025,-0.19689126620093955,0.35459569210074493,1.3430323163463922,0.8403125
SA15LGLI0N19,0.22134194785858904,0.39692996502705047,-0.2755921608876832,0.16435736260385286,0.894675541586881,0.7149375
ZAE000066692,0.25217521430513884,0.40051455395520685,-0.2752968211397496,0.18933049856694467,0.9766817595401963,0.736
TRETTLK00013,0.48409157298129446,0.30509702557149715,0.04413168460498539,0.45410412576420467,1.0253618057966842,0.9666875
BRISAEACNPR9,0.13542269825499492,0.1834778555121047,-0.13924906642435403,0.12087726246935591,0.45427175243099255,0.777875
EGS48031C016,0.2732688503786269,0.39955661658952313,-0.24506319019077222,0.2233320850942619,0.9643385111854594,0.7668125
SA12C051UH11,0.3691065663304092,0.28728705715011094,-0.04528322505959246,0.34087741795658866,0.8852974004160702,0.9270625
SA15HG521213,0.3944729715338531,0.3080536834113032,-0.03335196433503536,0.3629954666155587,0.9163789565350687,0.931
COT09PA00035,0.23813431848361258,0.5368921448850904,-0.2578817018221557,0.18501810083938866,0.8564698707350317,0.7401875
BRCSANACNOR6,0.6009984423671112,0.36443595216923913,0.08512392685851221,0.564690329574999,1.2419367594898134,0.97525
TREKOAL00014,0.2234416278587246,0.4135498774078287,-0.3037246290638706,0.16512806515339506,0.9285464986113194,0.7011875
QA000A0Q5NE9,0.18689096780976616,0.38653705924326653,-0.33118051484410915,0.1347095051286285,0.8917801682140757,0.665625
TRATOASO91H3,0.4993139328237579,0.28031306809679624,0.09890246240085258,0.473582317519445,0.990978389987198,0.982375
ZAE000084992,0.3392317487738474,0.39583452434984223,-0.1579752482513092,0.2935134695632042,0.9773484896030636,0.8499375
SA135G51UI10,0.2774503215643825,0.2658414561248217,-0.0986774079915143,0.24658127027473928,0.7545066397937636,0.877125
TRESLEC00014,0.1334963226103665,0.3381020484613134,-0.31744172903211615,0.08820232590598837,0.7274808216231985,0.6229375
AEE01487L240,0.42282536567979845,0.37854152735560725,-0.08654139981413893,0.37687480538051515,1.1067939704375591,0.90125
CLP3064M1019,0.4821415305874552,0.4759656408352183,-0.15602711623658802,0.41895026916568495,1.3407919905920973,0.874375
BRCMINACNOR2,0.07181031691280211,0.20163184790513342,-0.2204668344972282,0.05535280348014912,0.43022065478284377,0.62025
TRAEREGL91G3,0.18230531327852184,0.20813349068101292,-0.11939599120433185,0.16476320763443514,0.5392465009780231,0.8283125
SA15M1HH2NH5,0.2385377600649968,0.3357486635532117,-0.2119917669196813,0.195240158539854,0.8233255509207407,0.774
ZAE000298253,0.24308423659203263,0.3295666280149653,-0.20897341786506776,0.20224557942895707,0.8302310495640712,0.778375
SA55SG6H5716,0.17755096251337618,0.2136697573700074,-0.13550742282364167,0.15875353738578282,0.551185872123113,0.8061875
BRRAILACNOR9,0.48543592925613355,0.25342750015587806,0.1119019161639737,0.4661035795685857,0.9220567648106188,0.98425
AEE01135A222,0.23866441157963347,0.25428052811821655,-0.1269024816780382,0.21287286894873403,0.6871082619601163,0.8434375
MX01CH170002,0.3726799282516625,0.2565022049259069,-0.0033959934215148993,0.35145830628560015,0.8234672341322655,0.9485625
BRMBRFACNOR1,0.3477768795088658,0.23512396079017026,0.009303224720619363,0.3260844820187446,0.7516874901267683,0.954625
ZAE000259479,0.41856188735050354,0.30053701491485585,-0.01682670333273232,0.38758068700316806,0.9550133129212346,0.94325
SA000A0HNF36,0.06540802789058221,0.2100379309300119,-0.2361490167854121,0.04495813986051844,0.4455538753319209,0.597625
AEE01370P249,0.18249562263693453,0.23542030595238186,-0.15420951356066925,0.15950686730145963,0.596654884138438,0.7939375
COD38PA00046,0.08700150371293523,0.21259484208605864,-0.22109381341685658,0.06355790807981987,0.4669590116004329,0.6376875
PAL1801171A1,0.3496435477106592,0.3467993490956659,-0.12127065364738153,0.3089826872881166,0.9407432234530287,0.870375
MX01GC2M0006,0.34294407001440447,0.25531133324604244,-0.02791256911016647,0.32065900494230665,0.7876683356276392,0.934875
SA15T1L22JH8,0.14274168603542817,0.32959387395637896,-0.29169440047885037,0.09891327962027385,0.7110736781512514,0.6523125
BRGOAUACNPR8,0.3165578375600579,0.40779784917390666,-0.22980190896740013,0.26199292990739925,1.04369618425736,0.7983125
BRTOTSACNOR8,0.5443281794864129,0.2848963182325678,0.11970250747001696,0.5232489023495414,1.0385288635561118,0.9848125
BH0006000044,0.6906301837951278,0.5824925837246417,-0.057565820737736736,0.6046344074925967,1.6986316760884983,0.93025
MX01CU010003,0.3186975364012127,0.3034335980640569,-0.11339097618852972,0.28914240549312764,0.852725702720788,0.8758125
SA000A0HNGZ6,0.2680656543502189,0.2577225436128424,-0.09683991278083477,0.2387275862615743,0.7270628401143232,0.876375
ZAE000134854,0.5327676252148769,0.3704953428402567,0.008674508626742416,0.49418845736414474,1.1809338203290085,0.9535
QA0007227695,0.4954705960138168,0.5348112631358098,-0.18286700343579332,0.4082925477016895,1.4715330408252523,0.859875
BRHYPEACNOR0,0.47826077260894495,0.2343752333261131,0.1314441428671436,0.4604164743064996,0.8821443188064487,0.9883125
MX01SI0C0002,0.24631805107017324,0.6488401595957279,-0.37506357380318417,0.1471492413489509,1.1473893290451433,0.6529375
MX01ME090003,0.26907176888653084,0.23366058570540693,-0.069895102268758,0.2479739145201726,0.6722646278187637,0.8991875
CL0000001314,0.4008972222857974,0.3008533838356766,-0.02829683389179177,0.36993385090650166,0.9324459180314976,0.9366875
OM0000003026,0.04240977744650968,0.34772356046728947,-0.4164097617347019,-0.007913497563885853,0.6717015884861485,0.4898125
TREENSA00014,0.19637459263478738,0.28703789084510883,-0.19898883288390054,0.16184751000998204,0.7026895222118713,0.759375
TRASISEW91Q3,0.28490694321255533,0.27263738388869657,-0.10340999604657515,0.25727718525449567,0.7654072822994707,0.87775
MX01OR010004,0.2305545652438072,0.24733672632508483,-0.12973768935282315,0.21085932216251552,0.6672654644043755,0.8424375
CLP3615W1037,0.23195064409842509,0.2958707369729834,-0.18140334752098244,0.19730385845154486,0.7539379774200071,0.7959375
SA15QGU1UNH6,0.21151246515681965,0.4210067860304869,-0.33288311870046006,0.1487399840045394,0.9465674493157128,0.680875
SA16AH822K19,0.35111127009454285,0.345560893154412,-0.13238615354566602,0.3097684215821499,0.9809969279250075,0.8704375
ZAE000063863,0.2593832490001844,0.2614518963470513,-0.11505086542686419,0.23331359709171756,0.7174244017432616,0.8615
SA121053DR18,0.07098613403226194,0.2480824538886796,-0.27422240757418326,0.041347233296251514,0.5190247844844239,0.576875
TRAAEFES91A9,0.33904865681611984,0.30060298862273455,-0.09419178110381321,0.3058666289993701,0.8623648844926657,0.8948125
ZAE000200457,0.48526493686809485,0.4796440036417207,-0.1492469864198589,0.4158697501975422,1.344489619476764,0.879875
BRLRENACNOR1,0.44225518185254054,0.23402811939639775,0.08779499892438088,0.42616683409820444,0.8521114859964447,0.98225
IL0011751166,0.10686449275778005,0.4775809265719658,-0.4814596989685315,0.02472688225081688,0.9824919396631165,0.5265625
SA000A0KFKK0,0.335469971263088,0.27210515618755376,-0.053708339999546655,0.3109896538287112,0.8148851337207417,0.917375
ZAE000071080,0.26762756508573365,0.4496860462666294,-0.27570549148639334,0.2032005611205789,1.00893268042516,0.7439375
BRSMFTACNOR1,0.5506786852340535,0.2808052184487321,0.13925480012414615,0.5288208592485268,1.044451097018937,0.9863125
TREAKSN00011,0.24259019378724517,0.3141280392706335,-0.19025091410991887,0.20609184883386317,0.808371232779285,0.791
TREMGTI00012,0.45556327868098045,0.23698432472187567,0.09934037868993947,0.4363182128722103,0.873201815794404,0.983
BRNATUACNOR6,0.27679476777457346,0.22020692509109305,-0.0426049115922885,0.2581928541974398,0.6532448748550002,0.917125
SA000A0B89Q3,0.22850932923646844,0.4172321327103551,-0.3057245265038268,0.16595259861674996,0.9735403017226534,0.698625
MA0000012585,0.5524314130755008,0.5786645742289772,-0.17638223436811934,0.45980684146857465,1.6047760529748838,0.8684375
ZAE000117321,0.2825900677266189,0.2826345611236017,-0.11917434948328089,0.2548611363962295,0.7773609639141795,0.8628125
BRCURYACNOR3,0.43166200594492504,0.24229390747495394,0.07501226671170706,0.41184517899882067,0.8552864298074204,0.9773125
QA000M2522L9,0.38206384202931704,0.4419862025828108,-0.2023346817079228,0.3189530421723187,1.1653776775601052,0.833875
ZAE000339891,0.1950302051367326,0.26491289114038324,-0.18156792291020302,0.16876260319850128,0.6653139160387708,0.7730625
BRAUREACNOR9,0.14111967273370463,0.18614282018347653,-0.13533776454253368,0.12707799203997927,0.4670720528718851,0.7816875
AEE01388A243,0.5701204195661391,0.6092805892234402,-0.19706143052027114,0.46880792096075585,1.6691982822885705,0.863875
SA000A0MQCJ2,0.1032350857689899,0.2594645748629499,-0.26240173500997516,0.07496185751359054,0.5646380342078149,0.6345
MX01ES050019,0.3600383181155296,0.4486374822789032,-0.2274136228064079,0.294227585653264,1.1702507203713197,0.8066875
CL0000000035,0.3077479237581205,0.2881674440890794,-0.0997180108608667,0.27899166777083634,0.8062281918088844,0.8839375
CLP249051044,0.16000199352492414,0.2460756800374625,-0.18589481517399728,0.1336546316823047,0.5940228511550344,0.7454375
ARP9897X1319,0.3482621865281321,0.8573890980387631,-0.3423004384258199,0.24333689485218346,1.3518540417574791,0.7255
EGS39061C014,0.25477755252466466,0.4573810813836452,-0.33206417114925496,0.17949640939704586,1.0929963503015396,0.6969375
SA0007879162,0.18828287075324374,0.23128800482804493,-0.14455579246254413,0.1665918722068955,0.5950907162427497,0.805625
BRFLRYACNOR5,0.15617711354261793,0.20027574033613352,-0.13983327645455143,0.13918179920409166,0.5064303600379177,0.792875
BRASAIACNOR0,0.4276238076043986,0.2408419876880776,0.06979778415264903,0.4064971733675441,0.8500205424814693,0.9775
OM0000009072,0.1548202724898257,0.321435116972107,-0.28227430114488195,0.1140851395765534,0.7418175325476017,0.66825
OM0000009908,0.12906029806847305,0.3483027008839561,-0.32635717662760155,0.07686544938526822,0.7530165558778323,0.6113125
EGS37091C013,0.48954451887666156,0.5369031968629839,-0.20627187895735782,0.4058799456736282,1.4709155754397685,0.851125
SA562GSHUOH7,0.25005609055855654,0.3806656109178034,-0.25472490518220026,0.19337443776338092,0.9473062947844136,0.7525625
BRAZULACNOR7,0.23904848491986777,0.5729588096841607,-0.4274418397164618,0.1343406812103495,1.2416051825861059,0.627875
TRETAVH00018,0.5416745722024133,0.2914017180221985,0.12612418865679667,0.514663572415038,1.0424215621121924,0.9853125
MX01LA050010,0.3904062817953065,0.3161578201116186,-0.052565534057034305,0.35755512521125005,0.9466525955609247,0.9215
BRALUPCDAM15,0.35096136892605256,0.24806097369596442,-0.005373911197240727,0.3269170856047007,0.7902289509556988,0.9470625
MXP001391012,0.41342408864869784,0.23807209233821702,0.05894774531209185,0.3946383375641297,0.8269450882309478,0.9734375
BRCYREACNOR7,0.565002483760946,0.28232202010571555,0.14612735213050312,0.5420957445241626,1.0608042778413957,0.989125
EGS38191C010,0.28756427145972646,0.4959396699229901,-0.32802887826699123,0.20273535500654918,1.2061820371603704,0.7045
COG31PA00044,0.25923085261444667,0.4532235491101329,-0.32641334587315907,0.18981670896093555,1.082985787289417,0.7059375
SA14L09I31H9,0.290838915216945,0.45876236307262386,-0.2882675035307363,0.21571396644623886,1.1171842500038378,0.735625
AED000701014,0.26940872502029733,0.33659643853843896,-0.20419885553913344,0.23159324028545425,0.8692375229051645,0.8018125
SA000A0LE310,0.3619488626805984,0.28948361857743815,-0.059155290996074146,0.3358654762952312,0.8798878783083443,0.9164375
ZAE000227831,0.32497442753868633,0.3062780643554482,-0.10819048735429582,0.29552985188453995,0.8638565251250464,0.883375
SA154HG210H6,0.2175507024230151,0.25886963084662323,-0.15508069099687444,0.19100588298898358,0.669281176960789,0.8145625
BRCBAVACNOR5,0.2714561850525868,0.3589637028575962,-0.22303063894831235,0.22580123373963135,0.9171228466430827,0.785875
ZAE000320321,0.18272431800246217,0.4244186619041888,-0.35506171535478576,0.1143709690710962,0.9485175550275223,0.6338125
SA1661VHUP11,0.3454905896521912,0.5282739306197959,-0.2974488622633085,0.2551583784539778,1.2826791842499705,0.74825
BRBRAVACNOR3,0.414835881854441,0.2630778715613049,0.03378532007088803,0.3932349693550957,0.8726993821610143,0.9626875
TRAYAZIC91Q6,0.45503821343645157,0.36617281515697603,-0.04977788895985238,0.41019200105458065,1.1134165498186768,0.92825
AEE01377S248,0.5627441218470755,0.4321592116791703,-0.015636072241433468,0.5057149158277399,1.3183671686044764,0.9435
BRGGPSACNOR9,0.6215632235802714,0.3537680631218712,0.11380104445703798,0.58783834697825,1.2448064514370865,0.979
ZAE000044897,0.1606263675375537,0.3018382505801093,-0.2499427167448354,0.12433330838881154,0.7044668712157637,0.6896875
NGNESTLE0006,0.15851751501547437,0.4698446717420669,-0.3703049184759012,0.08896121062700811,0.8787068995719977,0.6090625
TREMLPC00021,0.4896889365174443,0.4080679592817384,-0.035928122194373024,0.44225971631514654,1.1541797327773282,0.93675
AEE01356D236,0.3853675976974864,0.28915174936842336,-0.01618614867384622,0.3559030873510622,0.8842041480611214,0.94125
SA139051UIH0,1.087192312523468,59.35739209725942,-0.002481403903425855,0.36841857234022585,0.9006242785915589,0.9488125
SA13R051UVH9,0.593820791925004,0.6424395141065161,-0.20262968723550218,0.4770923937317647,1.7766458986943197,0.86075
BRGMATACNOR7,0.571892413086399,0.4309298339457933,-0.009006574637914976,0.5190002313862702,1.3214086885884733,0.9469375
ZAE000049433,0.41712206893955817,0.4037107050535061,-0.1329010145159642,0.361078174904949,1.1500271798136754,0.8809375
AEE01119B224,0.4461631177113801,0.47165264470372525,-0.17422392711427462,0.37681891729074574,1.312146121279016,0.8580625
SA000A0EAXM3,0.41966529232837363,0.3845837141490806,-0.10474929689500022,0.3697745162470897,1.1023075372875393,0.8955625
TREPEGS00016,0.679562200829401,0.4284745304425937,0.17452883948907327,0.6401989928508841,1.2940794109003408,0.9891875
NGNB00000005,0.17530115724473846,0.32896887173911304,-0.26905989788357043,0.13151454428351345,0.7657337523561707,0.6946875
MX01AL0C0004,0.2544458591453457,0.23052868574483162,-0.08001097770271663,0.23369318060505503,0.6555993856305973,0.887
SA1330R2TQ16,0.44065981346514344,0.4280564069859538,-0.12491858399151928,0.37635146013560805,1.2102744800552747,0.8815
MXP4987V1378,0.7758489120665948,1.201131303228754,-0.4237815424355466,0.4922067098802391,2.8867179850365936,0.7721875
SA132GSGS910,0.22420676198548467,0.3437635864589172,-0.24284639921910292,0.18109770705100897,0.8406851323437519,0.7448125
ZAE000011953,0.10290789063444399,0.2965671707169948,-0.3087185350059482,0.06517578343960764,0.6321809097215021,0.6033125
TRETABG00020,0.5105960122061407,0.8171019745002304,-0.0267207166748212,0.4556638252119487,1.1958736857334291,0.9383125
SA12U0RHUHH8,0.5602894339803729,0.3579009660209189,0.05455032437596551,0.520024117023162,1.1876908689423615,0.9680625
BRORVRACNOR0,0.30893328477825094,0.2588674892776947,-0.06738268517653152,0.2851346625412411,0.7616955614646747,0.9075
SA14K0Q0SJ16,0.4182648252312835,0.3473118936459729,-0.06284791177064554,0.38136464556205263,1.0319405650722335,0.9175
SA13J051UJH4,0.49328440167014126,0.41736169421367253,-0.07733502625324845,0.43905575193682345,1.2397380799757072,0.9183125
ZAE000148466,0.5423653032190998,0.35080277687964817,0.04972834780114916,0.5031731199183027,1.1748732581982404,0.9680625
SA0007879568,0.4826736625069323,0.5510056126488726,-0.1904947058215645,0.3915199220767632,1.4610714565839458,0.8495625
TRAARCLK91H5,0.5607788808090004,0.33442609815579954,0.08636158495845625,0.5260012674993546,1.1400010932211602,0.977
BRSLCEACNOR2,0.2713707563859801,0.25270749599819414,-0.09051140317476576,0.2477162475333746,0.7104827340560126,0.882875
SA0007879493,0.1715722627242421,0.39071432391442246,-0.33763948861022963,0.11235999168430477,0.8792167206581902,0.64025
KW0EQ0602452,0.11108521497103141,0.42388642328466136,-0.40047060844205945,0.04473812647535029,0.8409166135664585,0.5544375
CLP371151059,0.016652973756901873,0.3111957646274203,-0.39178379852621825,-0.029148206129948957,0.5808998926555552,0.4554375
BRDIRRACNOR0,0.5894659400311496,0.29050936167155245,0.1766948733677769,0.5588261160337927,1.0995499711849415,0.9914375
TRAAYGAZ91E0,0.2324316465253168,0.33964852349001534,-0.2276855423741966,0.18643697894256572,0.8390316970060905,0.7555625
BRMDIAACNOR7,0.264975718905646,0.2499927781377433,-0.0948374644220625,0.2413567678108879,0.69824348585544,0.8783125
BRTTENACNOR0,0.6746152349582303,0.3352118207671731,0.19179555804134965,0.6400270457562287,1.2663251700597655,0.992375
TRADOHOL91Q8,0.4842537921016567,0.5065223135357174,-0.1726405055017287,0.40634004430385084,1.4047817992930334,0.8659375
ZAE000332789,0.577698460479864,0.5490907394756105,-0.08673734004886895,0.50639441116844,1.454145275972833,0.9168125
ZAE000261913,0.45088902221833405,0.41727094342970333,-0.10498676011324148,0.39777905280926135,1.1917418385005356,0.8948125
TREKOZA00014,0.35063922950219123,0.7367624915397433,-0.45190344199521687,0.20226922225505944,1.596857120102468,0.66425
SA15D1I1VJH7,0.4158140088964767,0.5198282602313447,-0.24893599328908356,0.3316004989436952,1.3598778510275955,0.8095625
SA1230K1UGH7,0.3075898857241393,0.26522556524118157,-0.07633139091709432,0.2817070202079928,0.7706582902616725,0.9025
SA0007879451,0.5560929937438539,0.5106160837948324,-0.10995722421533953,0.47837545204296195,1.4741379988320356,0.9019375
TRAKRDMR91G7,0.2886703022632464,0.2975706695901272,-0.1340293865283207,0.25616001652613707,0.8099190919540773,0.856875
BRCSNAACNOR6,0.5048398850158867,0.35187031486203907,0.010852513924380507,0.46360672017929105,1.1423009411591818,0.9543125
ZAE000028296,0.24687981211323862,0.2771547527804541,-0.1382343253432159,0.21570786955866827,0.711408993419973,0.8415
SA0007879469,0.3827778467112812,0.3694680950199915,-0.1304144285054877,0.33653546177679705,1.0386988270119355,0.877
BRHAPVACNOR4,0.5720146671961114,0.28596900893850585,0.1526227865607971,0.5471128294543084,1.0837312347094947,0.9905
BRFRASACNOR0,0.3984536835619313,0.29856900204502385,-0.027415878032146564,0.3681357248392372,0.917316085307603,0.936625
ARTRAN010011,0.3201318323753594,0.48568650836334853,-0.2927270446043462,0.24057064179883808,1.2044707542676283,0.7480625
BRVIVAACNOR0,0.46463398046166005,0.2431371264761981,0.10418074576919659,0.44676276040738344,0.8880639511947229,0.9840625
CL0000001256,0.1999899032703717,0.3327211343418463,-0.25166246882586524,0.15789122813792034,0.8005730421897046,0.7175625
SA562G3GSL11,0.3690412762789206,0.5535762742120072,-0.25784178487871295,0.28589935245936204,1.252636583309088,0.787
TRAPETKM91E0,0.05894423846144987,0.2336435427848676,-0.2729697881386777,0.03482241292287108,0.46435823159508194,0.5678125
TRAALARK91Q0,0.5195120490356142,0.4932360842940968,-0.12616431238922518,0.4509636765237841,1.3750257828573325,0.897875
TRACIMSA91F9,0.5422101507972819,0.3914115891317295,-0.004509543477605216,0.4983372268369807,1.233874888135797,0.9483125
BRHBSAACNOR0,0.3785171996013767,0.39194455927062527,-0.15248342008917243,0.32653354131291223,1.0783135934430699,0.8595625
ZAE000005443,0.22743419263917264,0.3189858949199536,-0.21909329293576563,0.18751226807508425,0.8106176024900216,0.7711875
SA141H01UKH9,0.539441413541138,0.8682254215755654,-0.30342814284712405,0.4037783906544499,1.8049175114420393,0.8040625
KW0EQ0601694,0.590629087952781,0.4771091077692527,-0.06201100442440262,0.5301250765112915,1.4432901696065563,0.9271875
TRAAKSAW91E1,0.4513769916638266,0.5627289830279956,-0.25730735630858953,0.36617185260218854,1.4622169859693561,0.8123125
SA0007879188,0.12254733071702302,0.37799009271754286,-0.3689007785551389,0.06692661362087232,0.8055821484743627,0.5884375
ZAE000145892,0.23073422823992273,0.3189150040466067,-0.2164669811747576,0.19372230190112547,0.8036595792247928,0.7723125
TRAAKCNS91F3,0.20927340100607852,0.29983072656899107,-0.20196719027235913,0.17484670794733076,0.7464090112414816,0.76175
CLP256251073,0.18330698905466636,0.45104944287990756,-0.3756827943176974,0.10765004575172607,0.9882592598909236,0.6209375
MX01VO000009,0.32064087592827045,0.36802044271319806,-0.16342767150506582,0.26903382647999263,0.9631931629601775,0.836125
BRCOGNACNOR2,0.5290545591729372,0.31449395024370114,0.0776815326561773,0.5003796043937602,1.0830937533922285,0.9758125
AEE01136T220,0.6849702334327262,0.613735543825397,-0.09432295186794341,0.5874652016456565,1.7461997291202478,0.91725
SA1610O13M15,0.5345686302382483,0.47312555458153693,-0.08917668631424214,0.46937474945476376,1.3549325514069068,0.909625
TREDOTO00013,0.34528696010281557,0.3182640558218414,-0.10872632772590565,0.30953674195636527,0.9116410400534697,0.8835
MX01LA010006,0.6222455317936892,0.4909595985254719,-0.03383445794065818,0.5545678613718915,1.5134146508089785,0.937375
BRRIAAACNOR2,0.5094033702421116,0.30093438924162713,0.08387407096953554,0.4800531086665216,1.024490217137014,0.97725
AEE000601014,0.38573294439930644,0.4882295821523848,-0.23433493796696558,0.31058358413040693,1.239184707052763,0.8086875
BRECORACNOR8,0.5554439581398163,0.3204259144978075,0.0969985139994861,0.521742662287537,1.1259437132811196,0.9789375
BRINTBACNOR9,0.3528420033235823,0.2626528138092142,-0.02427268099410378,0.3295794804509498,0.8110719829642132,0.937125
SA15H14I11H6,0.42182568996511577,0.3551365417850263,-0.0634269089384366,0.3770042241504908,1.0522463486430298,0.919
BRDXCOACNOR8,0.549758327532446,0.3196544111142664,0.08832049823050363,0.5173557517987356,1.1161496993917068,0.978
BRSMTOACNOR3,0.37310679935441304,0.2941117377089209,-0.046945224230131186,0.3442806234283429,0.891411086896262,0.9269375
BRVULCACNOR2,0.6003760126454353,0.4141154841527367,0.03289581339054445,0.5511506588210889,1.3312279226723585,0.960625
BRLEVEACNOR2,0.167513545553827,0.37925002304193695,-0.32920307445537433,0.11151173512598349,0.8423171498949079,0.64825
TRETTRK00010,0.3431994649124583,0.41214141670774873,-0.08769567063368412,0.309475428856818,0.8668025215875749,0.899
SA14QH2GSJH8,0.28860778956070354,0.39012933236902375,-0.2247028953363485,0.2378304570363569,0.9644462338152079,0.7854375
BRAUAUACNOR1,0.17189787874507648,0.26380613279205056,-0.201409389291632,0.1414313586443287,0.6447673741830618,0.747625
CL0002132620,0.3509229854083459,0.4055832947462202,-0.1977237971628621,0.29501674165572533,1.0780356805750129,0.828875
SA0007879501,0.2518507836561833,0.394160880895443,-0.26663021192357256,0.19615433905219326,0.9470461708675866,0.7379375
SA12B050KK11,0.31856186370628997,0.5162994636563663,-0.3275133011745879,0.2346158681286989,1.2724043033127075,0.732625
TREMAVI00037,0.6583840143600399,0.369213005776586,0.13582655672252053,0.6174807228835955,1.315606468987452,0.982625
BRSIMHACNOR0,0.6495257400821997,0.5088079022535159,-0.03136568560785968,0.5781639007469642,1.5664729619379927,0.9381875
NGGUINNESS07,-0.054986553191030865,0.39416249623224703,-0.5383197291370023,-0.12377247692608812,0.6656350858036598,0.3575625
CL0000001173,0.32442391653114544,0.3509769672121871,-0.1568371933713156,0.28273873196782684,0.9344622544704233,0.8465
BRMGLUACNOR2,0.441827332639094,0.32095969461698654,-0.024925422808204218,0.41061554661018496,1.0199261995845659,0.9388125
BRMILSACNOR2,0.25332289002624053,0.3421261147316609,-0.20497372530426014,0.20679415152468644,0.8570861105380196,0.785375
EGS30901C010,0.3023158057631125,0.35265336672652525,-0.18691312979601463,0.26116770500726566,0.9287334472239931,0.82175
AEA002301017,0.4616774784494688,0.6612568149098834,-0.3107472860597239,0.33926418789144613,1.6160580199509778,0.7830625
TREULKR00015,0.641472705942705,0.4125870687338083,0.06309953066421385,0.5954900727329747,1.3830627754006575,0.9671875
CLP9796J1008,0.39268490129282485,0.4764215871872588,-0.2283204242317762,0.3205717226688475,1.2718913205966675,0.814875
BRDASAACNOR1,0.20450696459828183,0.27185538024141254,-0.18143892144249973,0.17283823375172858,0.6936337688402895,0.7820625
BRAZZAACNOR9,0.6934385560808254,0.385630117550735,0.15070682586767237,0.6543754764513957,1.3676677115394247,0.9835
SA0007879519,0.24398852640926855,0.4349768125273879,-0.31161513271784386,0.17342863797314334,1.0380301885885515,0.698625
TRESOKM00022,0.4686671602656078,0.3302677509838399,0.0013437500083405033,0.43112559117874005,1.0554595057122924,0.9506875
SA0007879915,0.14742583065678092,0.3445488650586383,-0.30668260813876086,0.09944247337644355,0.7490169954927124,0.6440625
BRCEABACNOR1,0.7411422563547457,0.3330444641358746,0.25588763488008864,0.7106463810488558,1.32701558321618,0.9956875
BRMRVEACNOR2,0.5395844018751593,0.36102834411726065,0.022865450067828717,0.49894032994060056,1.1847184598534157,0.959
ZAE000006284,0.49597067488591273,0.5799587201170116,-0.18713245174514048,0.41156244072991177,1.451006043681702,0.8570625
BROPCTACNOR0,0.2759897227884456,0.3854845773371716,-0.2320638124734949,0.22194013267752202,0.953388573835899,0.7740625
BRBEEFACNOR6,0.43997680906726855,0.3169522476928099,-0.020336800485831384,0.41034382327074226,1.0014922543252482,0.9414375
BRVAMOACNOR7,0.6202807953418985,0.31723104382533174,0.16063015806994638,0.59080963126575,1.1877585326742472,0.988625
EGS673T1C012,0.32405867033464425,0.44344810586178535,-0.2633610682087965,0.2595237583422132,1.1366003835736913,0.773125
AER000301013,0.3385918571280798,0.3731040812589197,-0.17015134274738142,0.29038347467679626,0.9924084473630009,0.8421875
BREZTCACNOR0,0.2765636382806773,0.2648728727980781,-0.1085105469897714,0.25013520455990096,0.7397142515775968,0.8716875
BRRECVACNOR3,0.3276197748424073,0.2393581838792148,-0.027750216486301417,0.3073337910034144,0.7524340356675568,0.9339375
SA0007879527,0.5628788200138197,0.5565762595353929,-0.16067043641705928,0.4749982331793464,1.557561890148732,0.8838125
SA11RGEI3218,0.48535553134034903,0.46942591486803786,-0.13273326385209983,0.4180961842526696,1.32128983002515,0.8836875
EGS729J1C018,0.1202983588543778,0.4207203645197867,-0.4026294741011889,0.057633378973799165,0.8401669568337314,0.570125
TRABRISA91E3,0.49549685780551034,0.5245277989709779,-0.17343147583582197,0.41690250954468966,1.4318543176410754,0.86325
MX01NE000001,0.7075276137180428,0.6213586273574311,-0.07778781450593747,0.6071474199323155,1.8276759788785006,0.9268125
BRYDUQACNOR3,0.7392181759209309,0.4095209874529627,0.15998421836846027,0.6968467861953508,1.451831999226864,0.9861875
EGS3C0O1C016,0.25216721874016645,0.5752089622811132,-0.35473708579307334,0.1662276324305414,1.1076205202531955,0.6805625
QA000A0KD6H9,0.4916806206815853,0.7083079773265488,-0.308522434402515,0.3614620137095296,1.6924875935220762,0.782
SA15QH00SKH0,0.4283087956100269,0.40548841803116753,-0.12390683204493932,0.37844999822135794,1.1493141110220566,0.887125
MX01VI050002,0.5309494469045153,3.915888397922259,-0.07244122190068017,0.43161733102834265,1.221877299352748,0.914875
OM0000003968,0.2559322358652554,0.5853529469717584,-0.38078486660185207,0.16160546469755044,1.1903965878505158,0.6625625
ZAE000058517,0.5213725171936295,0.4326062546349202,-0.07094159432436277,0.4653267094263503,1.3026599285715066,0.9193125
BRMOVIACNOR0,0.4522073490736737,0.2757412433216421,0.049787101661604556,0.4260854057897303,0.9382062982229423,0.96825
BRPGMNACNOR8,0.525272180663055,0.40590263974896323,-0.03629987290075322,0.48059849035600266,1.2418864815369575,0.9359375
BRDESKACNOR2,0.1776119607312823,0.3356581794662877,-0.27350256805408657,0.13307200982342451,0.7752908587083697,0.6891875
BRFIQEACNOR5,0.2854214980626334,0.37793338853561725,-0.2237859059633855,0.22933193106353372,0.9703418387253673,0.7889375
BRSBFGACNOR1,0.5636182671495542,0.3690035874078167,0.07404016977480019,0.5281423991011142,1.1529280329968188,0.9731875
BRTUPYACNOR1,0.2954985307361203,0.32882495710946846,-0.16774662747236388,0.25785851863535025,0.8771878420683565,0.8354375
BRBLAUACNOR8,0.41424705175489795,0.2705751020961736,0.016773146237502753,0.3928958928804256,0.889502649829941,0.9574375
ZAE000161832,0.3404661436180752,0.47324874055749416,-0.2672012845589813,0.2609685803705236,1.1997777555918272,0.7716875
MX01TR0H0006,0.71082943741654,0.5570796828095038,-0.007797113875774764,0.6303086566246804,1.6881186439576612,0.948
BRCAMLACNOR3,0.5437916141465688,0.4294890541924185,-0.04250252489603113,0.4913858712150776,1.3056475879759177,0.933
SA15SH122J13,0.5413162823569572,0.4257777015211145,-0.030704294503781884,0.48638123751358264,1.2920829281083785,0.9369375
TREGWIN00014,0.670704032382942,0.5932505395445902,-0.0757077732048062,0.5751628726336465,1.741982467510733,0.9234375
BRLWSAACNOR8,0.5737193967036847,0.3077201092745226,0.12993954525231646,0.542900322877128,1.1173037909092438,0.984625
SA159GK22IH4,0.5342562853399028,0.4688230911025388,-0.096003594043467,0.4682215986754842,1.4012590991857383,0.908625
BRBMOBACNOR7,0.3275032143224444,0.4371914350685355,-0.23893037456159266,0.2635453519977807,1.1088349635414598,0.7839375
MX01AG050009,2.183367366970219,133.26894200062233,-0.3172897930466308,0.6294220424305123,2.86416283400325,0.834625
SA134G51ETH6,0.5132252161355357,0.5806812581687949,-0.21758707804132774,0.4171417755766274,1.5785986117173374,0.844375
EGS380S1C017,0.10896898844871432,0.3272229976248668,-0.33452678901541716,0.06572863159807407,0.694438606077543,0.591875
MXP001161019,0.5386757854600444,0.8028273724302231,-0.3318828122411521,0.39019520464600627,1.8767998490545492,0.7805
BRMATDACNOR4,0.42619880710799213,0.288817076381929,0.011234903740980667,0.3964009278382893,0.9303133117817183,0.9544375
BRJSLGACNOR2,0.7421024885879988,0.6072934724367486,-0.01737934579427388,0.6490177785814406,1.8041002240465418,0.9435625
BRSEERACNOR5,0.37026455194354163,0.3517932093775077,-0.1137657129759369,0.3295986770232492,0.9825845458612904,0.8840625
SA15BH1H3KH5,0.4357505571143307,0.5308902456608977,-0.21704450766141903,0.35243767896213374,1.3568281652396557,0.8285625
EGS381B1C015,0.22451792143974064,0.3356587862984709,-0.2318941386530568,0.18238145599974465,0.8259358494679736,0.7516875
BRARMLACNOR1,0.6218976210002987,0.4295483424718848,0.03465911193701793,0.5704965448897539,1.3818200149391595,0.9606875
BRRANIACNOR5,0.4138033615585286,0.4549060066162757,-0.17152818350450047,0.34872110051809563,1.224552771372187,0.8511875
BRAGROACNOR7,0.38483574635737405,0.4722624078029199,-0.2259519447326804,0.3109339402407353,1.2476263290389527,0.811875
BRPNVLACNOR9,0.3308885747858641,0.34092515194765766,-0.15112683807861713,0.29112793186485075,0.9361297744300198,0.859375
BRVTRUACNOR3,0.37880785353972235,0.31590192878334733,-0.061263104449343374,0.3428907247205333,0.9225482634972109,0.91825
BRCSEDACNOR9,0.37707819619999844,0.42182013167654536,-0.18700828535756392,0.317289082044088,1.1498548860988873,0.8346875
EGS33041C012,0.42269537738528007,0.5572431125552055,-0.268826392598354,0.32584570154097897,1.4381578761290914,0.7936875
EGS512O1C012,0.4187359986834382,0.4924153823414826,-0.20627019177186384,0.3448899505310614,1.2824429587502277,0.833125
TRALOGOW91U2,0.6968551542516327,0.5129038523753574,0.008431690205844992,0.6251524008823682,1.621267231933152,0.953
SA12GGPITP13,0.12310788759809849,0.4547264425561782,-0.43255464962930873,0.043152857682305645,0.9315680576554007,0.5490625
SA15JHPITV18,0.7204537138292593,0.7310452857808682,-0.17197842357866078,0.5896897824973821,2.0406173079388865,0.886625
TREKLKM00025,0.6612370231325333,0.5687713213365717,-0.05341280770443674,0.5734260550280391,1.6481526922101017,0.9295625
TREHTTB00036,0.7280117597009801,0.7091405377626345,-0.14341578258479512,0.601776907873807,2.005776886608499,0.8979375
MX01HO090008,0.29810227540514433,0.4655286892899466,-0.30166005571961074,0.22875893242301498,1.1457696315136157,0.7415
BRJALLACNOR0,0.8207907819359591,0.6087703671014434,0.02724367365553429,0.730955754000804,1.9249164966806225,0.9570625
EGS540S1C014,0.39476312250841983,0.5157344385882717,-0.25031877706196215,0.31368342168051666,1.3136570522149407,0.79525
BRMYPKACNOR7,0.48833686637589074,0.33085857698973503,0.054742359567433126,0.4547964816187351,1.0118854065838816,0.9715625
BRPLPLACNOR5,0.9278298343449785,0.5805285030746304,0.1654109543527698,0.8498812752526883,1.9545936288917247,0.9820625
TRAKORDS91B2,0.3850189703279572,0.4882515702394441,-0.23567652788125676,0.3074788677234196,1.279013228663774,0.808
ZAE000315768,0.28621984930242517,0.4422545509648689,-0.29812460381144157,0.221286461593906,1.0799560332242522,0.7401875
BRPCARACNOR3,0.13492053738023072,0.3228036498572291,-0.2980457776455102,0.09601987248742727,0.6917692220140821,0.6453125
BRBRSTACNOR9,0.3658817563118814,0.34987050644203455,-0.1260316420458743,0.32638254061545785,0.9873859036034941,0.8794375
SA12I0OGIV12,0.4664686410598983,0.5762455177360987,-0.257467176928132,0.37108479618058143,1.4994177803270174,0.817375
BRTRISACNOR4,0.39978206369592456,0.4999053394316736,-0.23465251824394823,0.32110353872861386,1.3072492543460628,0.8074375
EGS30AL1C012,0.24673614110766767,0.3794754068312282,-0.2601115136572763,0.19315109739568642,0.9424986569329609,0.7475625
BRSOJAACNOR9,0.5942931060642381,0.4570476711351455,-0.013169858625977176,0.5368579946212515,1.4075881228393616,0.94525
BRONCOACNOR6,1.143059469868611,4.3719807753149045,-0.47365221140387787,0.6361285699670379,4.020032129139929,0.7728125
BRBHIAACNOR1,1.2697970387388842,2.57196990852823,-0.5905592435511856,0.5850282831231857,5.174962445653396,0.72225
BRQUALACNOR6,0.41234484657922665,0.375514104900373,-0.10493341688927292,0.36781410712305884,1.077937011284517,0.8966875
OM0000002168,0.5270779823961111,0.7213075135595542,-0.32741099178468075,0.3855109746978217,1.8439181694526317,0.789625
BRVVEOACNOR0,0.5178559497484004,0.6392115771045183,-0.26976640485503106,0.40416910697921227,1.6971302098445638,0.8190625
BRPRNRACNOR4,0.39256717639151223,0.5825516177935844,-0.23886655983972008,0.3176832598335976,1.2511169071729238,0.8075625
BREVENACNOR8,0.37794280525132345,0.36092180293705595,-0.11384321111836261,0.33569279371929084,1.0178734854859866,0.8790625
BRANIMACNOR6,0.5291337442338929,0.45587448444965,-0.08377696615746272,0.46341323749215424,1.343232683289843,0.9153125
BRCVCBACNOR1,0.4931879465777779,0.5862085639791573,-0.24186848347483056,0.40250177073473953,1.5340565147212186,0.833
MX01HC000001,0.3059117909713835,0.6408383550976832,-0.40971994791436595,0.18483514402871698,1.413102891727072,0.6665
BRCASHACNOR8,0.652823850802583,0.6025060028875172,-0.11124096520775904,0.5646086844961962,1.713334116804227,0.906875
BRAMOBACNOR9,0.6643845044857118,0.6080900903770599,-0.11117546512367181,0.5721663581718677,1.7494509673380698,0.9090625
BRPOSIACNOR9,0.8753777702906943,0.6847252982069494,-0.0024345617431227947,0.764358071262569,2.0897611303777035,0.9494375
BRLJQQACNOR5,1.0597561899986399,1.0078646192029839,-0.10451124584776104,0.8637887539320361,2.840285828833294,0.9236875
TRAYATAS91B4,0.6070000720825699,0.6718847419508162,-0.21246642187480777,0.4850071079592294,1.8255442934470718,0.8605
